[job] sys=trig3d benchmark=fn_d_all_t seed=4 host=cn2107 gpu=0 start=2026-06-21T22:26:14-05:00
MainProcess| 2026-06-21 22:26:31,294,294 multiprocessing INFO STARTING NEW RUN ==========
MainProcess| 2026-06-21 22:26:31,294,294 multiprocessing INFO SEE LOG AT : ./logs/all_Lyapunov_test_dso-fn_d_all_t_01_log.txt
MainProcess| 2026-06-21 22:26:31,294,294 multiprocessing INFO See log at : ./logs/all_Lyapunov_test_dso-fn_d_all_t_01_log.txt
MainProcess| 2026-06-21 22:26:31,300,300 multiprocessing INFO               variables expression                                                                               train_spec test_spec function_set
name                                                                                                                                              
fn_d_all_t_5          3  0*x1+0*x2  {"x1":{"U":[-1.5,1.5,15000]}, "x2":{"U":[-1.5,1.5,15000]}, "x3":{"U":[-1.5,1.5,15000]}}      None         Koza
              variables expression                                                                               train_spec test_spec function_set
name                                                                                                                                              
fn_d_all_t_5          3  0*x1+0*x2  {"x1":{"U":[-1.5,1.5,15000]}, "x2":{"U":[-1.5,1.5,15000]}, "x3":{"U":[-1.5,1.5,15000]}}      None         Koza

-- BUILDING DATASET START -----------
Benchmark path                 : /users/9/chen8596/LyaDis/repro/runs/trig3d/libs/sd3/dso/dso/task/regression/benchmarks_bkup_1.csv
Generated data for benchmark   : fn_d_all_t_5
-- BUILDING DATASET END -------------

Function set                   : Koza --> ['add', 'sub', 'mul', 'sin', 'cos', 'n2']

MainProcess| 2026-06-21 22:26:31,376,376 multiprocessing INFO [BASELINE_TESTING NOW] dataset=fn_d_all_t_5 	| baseline=transformer 	| seed=4 	| data_samples=15000 	| noise=0.0
MainProcess| 2026-06-21 22:26:31,392,392 multiprocessing INFO [RUN SETTINGS]: test_dataset=fn_d_all_t_5  batch_outer_datasets=24 pre_train=False load_pre_trained_path= priority_queue_training=True gp_meld=True model=TransformerTreeEncoderController train_path= risk_seeking_pg_train=True
[RUN SETTINGS]: test_dataset=fn_d_all_t_5  batch_outer_datasets=24 pre_train=False load_pre_trained_path= priority_queue_training=True gp_meld=True model=TransformerTreeEncoderController train_path= risk_seeking_pg_train=True
MainProcess| 2026-06-21 22:26:31,444,444 multiprocessing INFO Running model : TransformerTreeEncoderController
Running model : TransformerTreeEncoderController

-- BUILDING DATASET START -----------
Benchmark path                 : /users/9/chen8596/LyaDis/repro/runs/trig3d/libs/sd3/dso/dso/task/regression/benchmarks_bkup_1.csv
Generated data for benchmark   : fn_d_all_t_5
-- BUILDING DATASET END -------------

Function set                   : Koza --> ['add', 'sub', 'mul', 'sin', 'cos', 'n2']

MainProcess| 2026-06-21 22:26:31,452,452 multiprocessing INFO Function set: ['x1', 'x2', 'x3', 'add', 'sub', 'mul', 'sin', 'cos', 'n2']

-- BUILDING DATASET START -----------
Benchmark path                 : /users/9/chen8596/LyaDis/repro/runs/trig3d/libs/sd3/dso/dso/task/regression/benchmarks_bkup_1.csv
Generated data for benchmark   : fn_d_all_t_5
-- BUILDING DATASET END -------------

Function set                   : Koza --> ['add', 'sub', 'mul', 'sin', 'cos', 'n2']

-- BUILDING PRIOR START -------------
WARNING: Skipping invalid 'RelationalConstraint' with arguments {'targets': [], 'effectors': [], 'relationship': None}. Reason: Prior disabled.
WARNING: Skipping invalid 'RepeatConstraint' with arguments {'tokens': 'const', 'min_': None, 'max_': 5}. Reason: Uses Tokens not in the Library.
WARNING: Skipping invalid 'InverseUnaryConstraint' with arguments {}. Reason: There are no inverse unary Token pairs in the Library.
WARNING: Skipping invalid 'ConstConstraint' with arguments {}. Reason: Prior disabled.
WARNING: Skipping invalid 'NoInputsConstraint' with arguments {}. Reason: All terminal tokens are input variables, so allsequences will have an input variable.
WARNING: Skipping invalid 'UniformArityPrior' with arguments {}. Reason: Prior disabled.
LengthConstraint: Sequences have minimum length 4.
                  Sequences have maximum length 12.
TrigConstraint: [sin, cos] cannot be a descendant of [sin, cos].
SoftLengthPrior: No description available.
-- BUILDING PRIOR END ---------------

MainProcess| 2026-06-21 22:26:31,849,849 multiprocessing INFO Transformer overwriting hidden size to input_dim 128
Transformer overwriting hidden size to input_dim 128
MainProcess| 2026-06-21 22:26:32,118,118 multiprocessing INFO Encoder params: {'sinuisodal_embeddings': False, 'dec_pf_dim': 32, 'dec_layers': 1, 'dim_hidden': 128, 'lr': 0.0001, 'dropout': 0, 'num_features': 1, 'ln': True, 'N_p': 0, 'num_inds': 64, 'activation': 'relu', 'bit16': False, 'norm': True, 'linear': True, 'input_normalization': False, 'src_pad_idx': 0, 'trg_pad_idx': 0, 'length_eq': 20, 'n_l_enc': 3, 'mean': 0.5, 'std': 0.5, 'dim_input': 64, 'num_heads': 2, 'output_dim': 10}
Encoder params: {'sinuisodal_embeddings': False, 'dec_pf_dim': 32, 'dec_layers': 1, 'dim_hidden': 128, 'lr': 0.0001, 'dropout': 0, 'num_features': 1, 'ln': True, 'N_p': 0, 'num_inds': 64, 'activation': 'relu', 'bit16': False, 'norm': True, 'linear': True, 'input_normalization': False, 'src_pad_idx': 0, 'trg_pad_idx': 0, 'length_eq': 20, 'n_l_enc': 3, 'mean': 0.5, 'std': 0.5, 'dim_input': 64, 'num_heads': 2, 'output_dim': 10}
MainProcess| 2026-06-21 22:26:32,133,133 multiprocessing INFO TransformerTreeEncoderController parameters: 4034323 	 | trainable : 4034323
TransformerTreeEncoderController parameters: 4034323 	 | trainable : 4034323
MainProcess| 2026-06-21 22:26:32,205,205 multiprocessing INFO GP CONFIG : {'verbose': False, 'generations': 35, 'p_crossover': 0.5, 'p_mutate': 0.5, 'tournament_size': 7, 'train_n': 50, 'mutate_tree_max': 3}
GP CONFIG : {'verbose': False, 'generations': 35, 'p_crossover': 0.5, 'p_mutate': 0.5, 'tournament_size': 7, 'train_n': 50, 'mutate_tree_max': 3}
MainProcess| 2026-06-21 22:26:32,407,407 multiprocessing INFO config: {'experiment': {'logdir': './log', 'seed': 13, 'timestamp': '2026-06-21-222631', 'task_name': 'fn_d_all_t_5', 'save_path': './log/fn_d_all_t_5_2026-06-21-222631_4'}, 'task': {'task_type': 'regression', 'dataset': 'fn_d_all_t_5', 'function_set': ['add', 'sub', 'mul', 'sin', 'cos', 'n2'], 'metric': 'lyapunov_risk', 'metric_params': [1.0], 'extra_metric_test': None, 'extra_metric_test_params': [], 'threshold': 1e-12, 'protected': False, 'reward_noise': 0.0, 'reward_noise_type': 'r', 'normalize_variance': False, 'decision_tree_threshold_set': []}, 'training': {'n_epochs': None, 'n_samples': 2000000, 'batch_size': 500, 'epsilon': 0.1, 'baseline': 'R_e', 'alpha': 0.5, 'b_jumpstart': False, 'n_cores_batch': 1, 'complexity': 'token', 'const_optimizer': 'scipy', 'const_params': {'method': 'L-BFGS-B', 'options': {'gtol': 0.001}}, 'verbose': True, 'debug': 0, 'early_stopping': True, 'hof': 100, 'use_memory': False, 'memory_capacity': 1000.0, 'warm_start': None, 'memory_threshold': None, 'save_all_epoch': False, 'save_summary': False, 'save_positional_entropy': False, 'save_pareto_front': True, 'save_cache': False, 'save_cache_r_min': 0.9, 'save_freq': 1, 'save_token_count': False}, 'state_manager': {'observe_action': False, 'observe_parent': True, 'observe_sibling': True, 'observe_dangling': False, 'embedding': True, 'embedding_size': 64}, 'controller': {'max_length': 64, 'cell': 'lstm', 'num_layers': 1, 'num_units': 64, 'initializer': 'zeros', 'learning_rate': 0.0003, 'optimizer': 'adam', 'entropy_weight': 0.005, 'entropy_gamma': 0.8, 'pqt': True, 'pqt_k': 10, 'pqt_batch_size': 1, 'pqt_weight': 200.0, 'pqt_use_pg': False, 'summary': False, 'rl_weight': 1.0}, 'gp_meld': {'generations': 35, 'p_crossover': 0.5, 'p_mutate': 0.5, 'tournament_size': 7, 'train_n': 50, 'mutate_tree_max': 3}, 'prior': {'relational': {'targets': [], 'effectors': [], 'relationship': None}, 'length': {'min_': 4, 'max_': 12}, 'repeat': {'tokens': 'const', 'min_': None, 'max_': 5}, 'inverse': {}, 'trig': {}, 'const': {}, 'no_inputs': {}, 'uniform_arity': {}, 'soft_length': {'loc': 10, 'scale': 5}}, 'postprocess': {'show_count': 5, 'save_plots': True}, 'model': 'TransformerTreeEncoderController', 'function_names_str': 'x1,x2,x3,add,sub,mul,sin,cos,n2', 'nesymres_train_config': {'architecture': {'sinuisodal_embeddings': False, 'dec_pf_dim': 32, 'dec_layers': 1, 'dim_hidden': 128, 'lr': 0.0001, 'dropout': 0, 'num_features': 1, 'ln': True, 'N_p': 0, 'num_inds': 64, 'activation': 'relu', 'bit16': False, 'norm': True, 'linear': True, 'input_normalization': False, 'src_pad_idx': 0, 'trg_pad_idx': 0, 'length_eq': 20, 'n_l_enc': 3, 'mean': 0.5, 'std': 0.5, 'dim_input': 64, 'num_heads': 2, 'output_dim': 10}}}

-- BUILDING DATASET START -----------
Benchmark path                 : /users/9/chen8596/LyaDis/repro/runs/trig3d/libs/sd3/dso/dso/task/regression/benchmarks_bkup_1.csv
Generated data for benchmark   : fn_d_all_t_5
-- BUILDING DATASET END -------------

Function set                   : Koza --> ['add', 'sub', 'mul', 'sin', 'cos', 'n2']

-- RUNNING EPOCHS START -------------
torch.Size([500, 32])
/users/9/chen8596/miniconda3/envs/alfd/lib/python3.9/site-packages/torch/nn/functional.py:4999: UserWarning: Support for mismatched key_padding_mask and attn_mask is deprecated. Use same type for both instead.
  warnings.warn(
/users/9/chen8596/miniconda3/envs/alfd/lib/python3.9/site-packages/torch/nn/functional.py:4999: UserWarning: Support for mismatched key_padding_mask and attn_mask is deprecated. Use same type for both instead.
  warnings.warn(
/users/9/chen8596/miniconda3/envs/alfd/lib/python3.9/site-packages/torch/nn/functional.py:4999: UserWarning: Support for mismatched key_padding_mask and attn_mask is deprecated. Use same type for both instead.
  warnings.warn(
MainProcess| 2026-06-21 22:26:57,394,394 multiprocessing INFO Genetic Porgramming Runtime 20.807447682134807
Genetic Porgramming Runtime 20.807447682134807

=========================PGD Collection Starts=========================

MainProcess| 2026-06-21 22:26:58,113,113 multiprocessing INFO created temp directory /tmp/pymp-vwvxb4z8
SpawnPoolWorker-7| 2026-06-21 22:27:02,257,257 multiprocessing INFO STARTING NEW RUN ==========
SpawnPoolWorker-7| 2026-06-21 22:27:02,257,257 multiprocessing INFO SEE LOG AT : ./logs/all_Lyapunov_test_dso-fn_d_all_t_01_log.txt
SpawnPoolWorker-7| 2026-06-21 22:27:02,257,257 multiprocessing INFO See log at : ./logs/all_Lyapunov_test_dso-fn_d_all_t_01_log.txt
SpawnPoolWorker-7| 2026-06-21 22:27:02,258,258 multiprocessing INFO child process calling self.run()
SpawnPoolWorker-2| 2026-06-21 22:27:02,258,258 multiprocessing INFO STARTING NEW RUN ==========
SpawnPoolWorker-6| 2026-06-21 22:27:02,258,258 multiprocessing INFO STARTING NEW RUN ==========
SpawnPoolWorker-2| 2026-06-21 22:27:02,259,259 multiprocessing INFO SEE LOG AT : ./logs/all_Lyapunov_test_dso-fn_d_all_t_01_log.txt
SpawnPoolWorker-6| 2026-06-21 22:27:02,259,259 multiprocessing INFO SEE LOG AT : ./logs/all_Lyapunov_test_dso-fn_d_all_t_01_log.txt
SpawnPoolWorker-2| 2026-06-21 22:27:02,259,259 multiprocessing INFO See log at : ./logs/all_Lyapunov_test_dso-fn_d_all_t_01_log.txt
SpawnPoolWorker-6| 2026-06-21 22:27:02,259,259 multiprocessing INFO See log at : ./logs/all_Lyapunov_test_dso-fn_d_all_t_01_log.txt
SpawnPoolWorker-2| 2026-06-21 22:27:02,260,260 multiprocessing INFO child process calling self.run()
SpawnPoolWorker-3| 2026-06-21 22:27:02,261,261 multiprocessing INFO STARTING NEW RUN ==========
SpawnPoolWorker-3| 2026-06-21 22:27:02,261,261 multiprocessing INFO SEE LOG AT : ./logs/all_Lyapunov_test_dso-fn_d_all_t_01_log.txt
SpawnPoolWorker-3| 2026-06-21 22:27:02,261,261 multiprocessing INFO See log at : ./logs/all_Lyapunov_test_dso-fn_d_all_t_01_log.txt
SpawnPoolWorker-6| 2026-06-21 22:27:02,261,261 multiprocessing INFO child process calling self.run()
SpawnPoolWorker-3| 2026-06-21 22:27:02,262,262 multiprocessing INFO child process calling self.run()
SpawnPoolWorker-1| 2026-06-21 22:27:02,276,276 multiprocessing INFO STARTING NEW RUN ==========
SpawnPoolWorker-1| 2026-06-21 22:27:02,276,276 multiprocessing INFO SEE LOG AT : ./logs/all_Lyapunov_test_dso-fn_d_all_t_01_log.txt
SpawnPoolWorker-1| 2026-06-21 22:27:02,276,276 multiprocessing INFO See log at : ./logs/all_Lyapunov_test_dso-fn_d_all_t_01_log.txt
SpawnPoolWorker-1| 2026-06-21 22:27:02,278,278 multiprocessing INFO child process calling self.run()
SpawnPoolWorker-4| 2026-06-21 22:27:02,281,281 multiprocessing INFO STARTING NEW RUN ==========
SpawnPoolWorker-4| 2026-06-21 22:27:02,281,281 multiprocessing INFO SEE LOG AT : ./logs/all_Lyapunov_test_dso-fn_d_all_t_01_log.txt
SpawnPoolWorker-4| 2026-06-21 22:27:02,281,281 multiprocessing INFO See log at : ./logs/all_Lyapunov_test_dso-fn_d_all_t_01_log.txt
SpawnPoolWorker-4| 2026-06-21 22:27:02,284,284 multiprocessing INFO child process calling self.run()
SpawnPoolWorker-5| 2026-06-21 22:27:02,317,317 multiprocessing INFO STARTING NEW RUN ==========
SpawnPoolWorker-5| 2026-06-21 22:27:02,317,317 multiprocessing INFO SEE LOG AT : ./logs/all_Lyapunov_test_dso-fn_d_all_t_01_log.txt
SpawnPoolWorker-5| 2026-06-21 22:27:02,317,317 multiprocessing INFO See log at : ./logs/all_Lyapunov_test_dso-fn_d_all_t_01_log.txt
SpawnPoolWorker-5| 2026-06-21 22:27:02,320,320 multiprocessing INFO child process calling self.run()
SpawnPoolWorker-10| 2026-06-21 22:27:02,468,468 multiprocessing INFO STARTING NEW RUN ==========
SpawnPoolWorker-10| 2026-06-21 22:27:02,468,468 multiprocessing INFO SEE LOG AT : ./logs/all_Lyapunov_test_dso-fn_d_all_t_01_log.txt
SpawnPoolWorker-10| 2026-06-21 22:27:02,468,468 multiprocessing INFO See log at : ./logs/all_Lyapunov_test_dso-fn_d_all_t_01_log.txt
SpawnPoolWorker-10| 2026-06-21 22:27:02,470,470 multiprocessing INFO child process calling self.run()
SpawnPoolWorker-8| 2026-06-21 22:27:02,537,537 multiprocessing INFO STARTING NEW RUN ==========
SpawnPoolWorker-8| 2026-06-21 22:27:02,537,537 multiprocessing INFO SEE LOG AT : ./logs/all_Lyapunov_test_dso-fn_d_all_t_01_log.txt
SpawnPoolWorker-8| 2026-06-21 22:27:02,537,537 multiprocessing INFO See log at : ./logs/all_Lyapunov_test_dso-fn_d_all_t_01_log.txt
SpawnPoolWorker-8| 2026-06-21 22:27:02,539,539 multiprocessing INFO child process calling self.run()
SpawnPoolWorker-9| 2026-06-21 22:27:02,564,564 multiprocessing INFO STARTING NEW RUN ==========
SpawnPoolWorker-9| 2026-06-21 22:27:02,564,564 multiprocessing INFO SEE LOG AT : ./logs/all_Lyapunov_test_dso-fn_d_all_t_01_log.txt
SpawnPoolWorker-9| 2026-06-21 22:27:02,564,564 multiprocessing INFO See log at : ./logs/all_Lyapunov_test_dso-fn_d_all_t_01_log.txt
SpawnPoolWorker-9| 2026-06-21 22:27:02,566,566 multiprocessing INFO child process calling self.run()
SpawnPoolWorker-2| 2026-06-21 22:27:36,619,619 multiprocessing INFO process shutting down
SpawnPoolWorker-7| 2026-06-21 22:27:36,619,619 multiprocessing INFO process shutting down
SpawnPoolWorker-9| 2026-06-21 22:27:36,619,619 multiprocessing INFO process shutting down
SpawnPoolWorker-8| 2026-06-21 22:27:36,619,619 multiprocessing INFO process shutting down
SpawnPoolWorker-6| 2026-06-21 22:27:36,619,619 multiprocessing INFO process shutting down
SpawnPoolWorker-5| 2026-06-21 22:27:36,619,619 multiprocessing INFO process shutting down
(3000,)

===================Collect 3000 Examples===================

Epsilon 0.1
500
(550,)
(550,)
(55,)
Number of Programs for Minimization: 29
SpawnPoolWorker-12| 2026-06-21 22:27:48,602,602 multiprocessing INFO STARTING NEW RUN ==========
SpawnPoolWorker-12| 2026-06-21 22:27:48,602,602 multiprocessing INFO SEE LOG AT : ./logs/all_Lyapunov_test_dso-fn_d_all_t_01_log.txt
SpawnPoolWorker-12| 2026-06-21 22:27:48,602,602 multiprocessing INFO See log at : ./logs/all_Lyapunov_test_dso-fn_d_all_t_01_log.txt
SpawnPoolWorker-12| 2026-06-21 22:27:48,604,604 multiprocessing INFO child process calling self.run()
SpawnPoolWorker-11| 2026-06-21 22:27:48,742,742 multiprocessing INFO STARTING NEW RUN ==========
SpawnPoolWorker-11| 2026-06-21 22:27:48,742,742 multiprocessing INFO SEE LOG AT : ./logs/all_Lyapunov_test_dso-fn_d_all_t_01_log.txt
SpawnPoolWorker-11| 2026-06-21 22:27:48,742,742 multiprocessing INFO See log at : ./logs/all_Lyapunov_test_dso-fn_d_all_t_01_log.txt
SpawnPoolWorker-11| 2026-06-21 22:27:48,744,744 multiprocessing INFO child process calling self.run()
SpawnPoolWorker-24| 2026-06-21 22:27:48,999,999 multiprocessing INFO STARTING NEW RUN ==========
SpawnPoolWorker-24| 2026-06-21 22:27:48,999,999 multiprocessing INFO SEE LOG AT : ./logs/all_Lyapunov_test_dso-fn_d_all_t_01_log.txt
SpawnPoolWorker-24| 2026-06-21 22:27:48,999,999 multiprocessing INFO See log at : ./logs/all_Lyapunov_test_dso-fn_d_all_t_01_log.txt
SpawnPoolWorker-24| 2026-06-21 22:27:49,002,2 multiprocessing INFO child process calling self.run()
SpawnPoolWorker-21| 2026-06-21 22:27:49,215,215 multiprocessing INFO STARTING NEW RUN ==========
SpawnPoolWorker-21| 2026-06-21 22:27:49,215,215 multiprocessing INFO SEE LOG AT : ./logs/all_Lyapunov_test_dso-fn_d_all_t_01_log.txt
SpawnPoolWorker-21| 2026-06-21 22:27:49,215,215 multiprocessing INFO See log at : ./logs/all_Lyapunov_test_dso-fn_d_all_t_01_log.txt
SpawnPoolWorker-21| 2026-06-21 22:27:49,218,218 multiprocessing INFO child process calling self.run()
SpawnPoolWorker-16| 2026-06-21 22:27:49,236,236 multiprocessing INFO STARTING NEW RUN ==========
SpawnPoolWorker-16| 2026-06-21 22:27:49,236,236 multiprocessing INFO SEE LOG AT : ./logs/all_Lyapunov_test_dso-fn_d_all_t_01_log.txt
SpawnPoolWorker-16| 2026-06-21 22:27:49,237,237 multiprocessing INFO See log at : ./logs/all_Lyapunov_test_dso-fn_d_all_t_01_log.txt
SpawnPoolWorker-16| 2026-06-21 22:27:49,239,239 multiprocessing INFO child process calling self.run()
SpawnPoolWorker-13| 2026-06-21 22:27:49,252,252 multiprocessing INFO STARTING NEW RUN ==========
SpawnPoolWorker-13| 2026-06-21 22:27:49,253,253 multiprocessing INFO SEE LOG AT : ./logs/all_Lyapunov_test_dso-fn_d_all_t_01_log.txt
SpawnPoolWorker-13| 2026-06-21 22:27:49,253,253 multiprocessing INFO See log at : ./logs/all_Lyapunov_test_dso-fn_d_all_t_01_log.txt
SpawnPoolWorker-13| 2026-06-21 22:27:49,259,259 multiprocessing INFO child process calling self.run()
SpawnPoolWorker-20| 2026-06-21 22:27:49,271,271 multiprocessing INFO STARTING NEW RUN ==========
SpawnPoolWorker-20| 2026-06-21 22:27:49,271,271 multiprocessing INFO SEE LOG AT : ./logs/all_Lyapunov_test_dso-fn_d_all_t_01_log.txt
SpawnPoolWorker-20| 2026-06-21 22:27:49,271,271 multiprocessing INFO See log at : ./logs/all_Lyapunov_test_dso-fn_d_all_t_01_log.txt
SpawnPoolWorker-20| 2026-06-21 22:27:49,273,273 multiprocessing INFO child process calling self.run()
SpawnPoolWorker-19| 2026-06-21 22:27:49,412,412 multiprocessing INFO STARTING NEW RUN ==========
SpawnPoolWorker-19| 2026-06-21 22:27:49,412,412 multiprocessing INFO SEE LOG AT : ./logs/all_Lyapunov_test_dso-fn_d_all_t_01_log.txt
SpawnPoolWorker-19| 2026-06-21 22:27:49,412,412 multiprocessing INFO See log at : ./logs/all_Lyapunov_test_dso-fn_d_all_t_01_log.txt
SpawnPoolWorker-19| 2026-06-21 22:27:49,415,415 multiprocessing INFO child process calling self.run()
SpawnPoolWorker-27| 2026-06-21 22:27:49,421,421 multiprocessing INFO STARTING NEW RUN ==========
SpawnPoolWorker-27| 2026-06-21 22:27:49,421,421 multiprocessing INFO SEE LOG AT : ./logs/all_Lyapunov_test_dso-fn_d_all_t_01_log.txt
SpawnPoolWorker-27| 2026-06-21 22:27:49,421,421 multiprocessing INFO See log at : ./logs/all_Lyapunov_test_dso-fn_d_all_t_01_log.txt
SpawnPoolWorker-27| 2026-06-21 22:27:49,423,423 multiprocessing INFO child process calling self.run()
SpawnPoolWorker-32| 2026-06-21 22:27:49,425,425 multiprocessing INFO STARTING NEW RUN ==========
SpawnPoolWorker-32| 2026-06-21 22:27:49,425,425 multiprocessing INFO SEE LOG AT : ./logs/all_Lyapunov_test_dso-fn_d_all_t_01_log.txt
SpawnPoolWorker-32| 2026-06-21 22:27:49,425,425 multiprocessing INFO See log at : ./logs/all_Lyapunov_test_dso-fn_d_all_t_01_log.txt
SpawnPoolWorker-18| 2026-06-21 22:27:49,426,426 multiprocessing INFO STARTING NEW RUN ==========
SpawnPoolWorker-18| 2026-06-21 22:27:49,426,426 multiprocessing INFO SEE LOG AT : ./logs/all_Lyapunov_test_dso-fn_d_all_t_01_log.txt
SpawnPoolWorker-18| 2026-06-21 22:27:49,426,426 multiprocessing INFO See log at : ./logs/all_Lyapunov_test_dso-fn_d_all_t_01_log.txt
SpawnPoolWorker-32| 2026-06-21 22:27:49,427,427 multiprocessing INFO child process calling self.run()
SpawnPoolWorker-18| 2026-06-21 22:27:49,429,429 multiprocessing INFO child process calling self.run()
SpawnPoolWorker-17| 2026-06-21 22:27:49,488,488 multiprocessing INFO STARTING NEW RUN ==========
SpawnPoolWorker-17| 2026-06-21 22:27:49,488,488 multiprocessing INFO SEE LOG AT : ./logs/all_Lyapunov_test_dso-fn_d_all_t_01_log.txt
SpawnPoolWorker-17| 2026-06-21 22:27:49,488,488 multiprocessing INFO See log at : ./logs/all_Lyapunov_test_dso-fn_d_all_t_01_log.txt
SpawnPoolWorker-17| 2026-06-21 22:27:49,490,490 multiprocessing INFO child process calling self.run()
SpawnPoolWorker-14| 2026-06-21 22:27:49,570,570 multiprocessing INFO STARTING NEW RUN ==========
SpawnPoolWorker-14| 2026-06-21 22:27:49,571,571 multiprocessing INFO SEE LOG AT : ./logs/all_Lyapunov_test_dso-fn_d_all_t_01_log.txt
SpawnPoolWorker-14| 2026-06-21 22:27:49,571,571 multiprocessing INFO See log at : ./logs/all_Lyapunov_test_dso-fn_d_all_t_01_log.txt
SpawnPoolWorker-14| 2026-06-21 22:27:49,578,578 multiprocessing INFO child process calling self.run()
SpawnPoolWorker-34| 2026-06-21 22:27:49,613,613 multiprocessing INFO STARTING NEW RUN ==========
SpawnPoolWorker-34| 2026-06-21 22:27:49,613,613 multiprocessing INFO SEE LOG AT : ./logs/all_Lyapunov_test_dso-fn_d_all_t_01_log.txt
SpawnPoolWorker-34| 2026-06-21 22:27:49,613,613 multiprocessing INFO See log at : ./logs/all_Lyapunov_test_dso-fn_d_all_t_01_log.txt
SpawnPoolWorker-34| 2026-06-21 22:27:49,615,615 multiprocessing INFO child process calling self.run()
SpawnPoolWorker-25| 2026-06-21 22:27:49,663,663 multiprocessing INFO STARTING NEW RUN ==========
SpawnPoolWorker-25| 2026-06-21 22:27:49,663,663 multiprocessing INFO SEE LOG AT : ./logs/all_Lyapunov_test_dso-fn_d_all_t_01_log.txt
SpawnPoolWorker-25| 2026-06-21 22:27:49,663,663 multiprocessing INFO See log at : ./logs/all_Lyapunov_test_dso-fn_d_all_t_01_log.txt
SpawnPoolWorker-23| 2026-06-21 22:27:49,664,664 multiprocessing INFO STARTING NEW RUN ==========
SpawnPoolWorker-23| 2026-06-21 22:27:49,664,664 multiprocessing INFO SEE LOG AT : ./logs/all_Lyapunov_test_dso-fn_d_all_t_01_log.txt
SpawnPoolWorker-23| 2026-06-21 22:27:49,664,664 multiprocessing INFO See log at : ./logs/all_Lyapunov_test_dso-fn_d_all_t_01_log.txt
SpawnPoolWorker-25| 2026-06-21 22:27:49,665,665 multiprocessing INFO child process calling self.run()
SpawnPoolWorker-23| 2026-06-21 22:27:49,666,666 multiprocessing INFO child process calling self.run()
SpawnPoolWorker-22| 2026-06-21 22:27:49,776,776 multiprocessing INFO STARTING NEW RUN ==========
SpawnPoolWorker-22| 2026-06-21 22:27:49,776,776 multiprocessing INFO SEE LOG AT : ./logs/all_Lyapunov_test_dso-fn_d_all_t_01_log.txt
SpawnPoolWorker-22| 2026-06-21 22:27:49,776,776 multiprocessing INFO See log at : ./logs/all_Lyapunov_test_dso-fn_d_all_t_01_log.txt
SpawnPoolWorker-22| 2026-06-21 22:27:49,779,779 multiprocessing INFO child process calling self.run()
SpawnPoolWorker-31| 2026-06-21 22:27:49,866,866 multiprocessing INFO STARTING NEW RUN ==========
SpawnPoolWorker-31| 2026-06-21 22:27:49,866,866 multiprocessing INFO SEE LOG AT : ./logs/all_Lyapunov_test_dso-fn_d_all_t_01_log.txt
SpawnPoolWorker-31| 2026-06-21 22:27:49,866,866 multiprocessing INFO See log at : ./logs/all_Lyapunov_test_dso-fn_d_all_t_01_log.txt
SpawnPoolWorker-31| 2026-06-21 22:27:49,867,867 multiprocessing INFO child process calling self.run()
SpawnPoolWorker-15| 2026-06-21 22:27:49,868,868 multiprocessing INFO STARTING NEW RUN ==========
SpawnPoolWorker-15| 2026-06-21 22:27:49,868,868 multiprocessing INFO SEE LOG AT : ./logs/all_Lyapunov_test_dso-fn_d_all_t_01_log.txt
SpawnPoolWorker-15| 2026-06-21 22:27:49,868,868 multiprocessing INFO See log at : ./logs/all_Lyapunov_test_dso-fn_d_all_t_01_log.txt
SpawnPoolWorker-15| 2026-06-21 22:27:49,870,870 multiprocessing INFO child process calling self.run()
SpawnPoolWorker-33| 2026-06-21 22:27:49,958,958 multiprocessing INFO STARTING NEW RUN ==========
SpawnPoolWorker-33| 2026-06-21 22:27:49,958,958 multiprocessing INFO SEE LOG AT : ./logs/all_Lyapunov_test_dso-fn_d_all_t_01_log.txt
SpawnPoolWorker-33| 2026-06-21 22:27:49,958,958 multiprocessing INFO See log at : ./logs/all_Lyapunov_test_dso-fn_d_all_t_01_log.txt
SpawnPoolWorker-33| 2026-06-21 22:27:49,960,960 multiprocessing INFO child process calling self.run()
SpawnPoolWorker-26| 2026-06-21 22:27:50,088,88 multiprocessing INFO STARTING NEW RUN ==========
SpawnPoolWorker-26| 2026-06-21 22:27:50,088,88 multiprocessing INFO SEE LOG AT : ./logs/all_Lyapunov_test_dso-fn_d_all_t_01_log.txt
SpawnPoolWorker-26| 2026-06-21 22:27:50,088,88 multiprocessing INFO See log at : ./logs/all_Lyapunov_test_dso-fn_d_all_t_01_log.txt
SpawnPoolWorker-26| 2026-06-21 22:27:50,089,89 multiprocessing INFO child process calling self.run()
SpawnPoolWorker-30| 2026-06-21 22:27:50,112,112 multiprocessing INFO STARTING NEW RUN ==========
SpawnPoolWorker-30| 2026-06-21 22:27:50,112,112 multiprocessing INFO SEE LOG AT : ./logs/all_Lyapunov_test_dso-fn_d_all_t_01_log.txt
SpawnPoolWorker-30| 2026-06-21 22:27:50,112,112 multiprocessing INFO See log at : ./logs/all_Lyapunov_test_dso-fn_d_all_t_01_log.txt
SpawnPoolWorker-30| 2026-06-21 22:27:50,113,113 multiprocessing INFO child process calling self.run()
SpawnPoolWorker-29| 2026-06-21 22:27:50,150,150 multiprocessing INFO STARTING NEW RUN ==========
SpawnPoolWorker-29| 2026-06-21 22:27:50,150,150 multiprocessing INFO SEE LOG AT : ./logs/all_Lyapunov_test_dso-fn_d_all_t_01_log.txt
SpawnPoolWorker-29| 2026-06-21 22:27:50,150,150 multiprocessing INFO See log at : ./logs/all_Lyapunov_test_dso-fn_d_all_t_01_log.txt
SpawnPoolWorker-29| 2026-06-21 22:27:50,152,152 multiprocessing INFO child process calling self.run()
SpawnPoolWorker-16| 2026-06-21 22:27:50,183,183 multiprocessing INFO process shutting down
SpawnPoolWorker-20| 2026-06-21 22:27:50,183,183 multiprocessing INFO process shutting down
SpawnPoolWorker-16| 2026-06-21 22:27:50,184,184 multiprocessing INFO process exiting with exitcode 0
SpawnPoolWorker-20| 2026-06-21 22:27:50,184,184 multiprocessing INFO process exiting with exitcode 0
SpawnPoolWorker-17| 2026-06-21 22:27:50,184,184 multiprocessing INFO process shutting down
SpawnPoolWorker-33| 2026-06-21 22:27:50,184,184 multiprocessing INFO process shutting down
SpawnPoolWorker-27| 2026-06-21 22:27:50,184,184 multiprocessing INFO process shutting down
SpawnPoolWorker-24| 2026-06-21 22:27:50,184,184 multiprocessing INFO process shutting down
SpawnPoolWorker-32| 2026-06-21 22:27:50,184,184 multiprocessing INFO process shutting down
SpawnPoolWorker-22| 2026-06-21 22:27:50,184,184 multiprocessing INFO process shutting down
SpawnPoolWorker-11| 2026-06-21 22:27:50,184,184 multiprocessing INFO process shutting down
SpawnPoolWorker-18| 2026-06-21 22:27:50,184,184 multiprocessing INFO process shutting down
SpawnPoolWorker-19| 2026-06-21 22:27:50,184,184 multiprocessing INFO process shutting down
SpawnPoolWorker-26| 2026-06-21 22:27:50,184,184 multiprocessing INFO process shutting down
SpawnPoolWorker-21| 2026-06-21 22:27:50,184,184 multiprocessing INFO process shutting down
SpawnPoolWorker-30| 2026-06-21 22:27:50,184,184 multiprocessing INFO process shutting down
SpawnPoolWorker-13| 2026-06-21 22:27:50,184,184 multiprocessing INFO process shutting down
SpawnPoolWorker-14| 2026-06-21 22:27:50,184,184 multiprocessing INFO process shutting down
SpawnPoolWorker-12| 2026-06-21 22:27:50,184,184 multiprocessing INFO process shutting down
SpawnPoolWorker-25| 2026-06-21 22:27:50,184,184 multiprocessing INFO process shutting down
SpawnPoolWorker-34| 2026-06-21 22:27:50,184,184 multiprocessing INFO process shutting down
SpawnPoolWorker-29| 2026-06-21 22:27:50,184,184 multiprocessing INFO process shutting down
SpawnPoolWorker-23| 2026-06-21 22:27:50,184,184 multiprocessing INFO process shutting down
SpawnPoolWorker-31| 2026-06-21 22:27:50,184,184 multiprocessing INFO process shutting down
SpawnPoolWorker-15| 2026-06-21 22:27:50,184,184 multiprocessing INFO process shutting down
29
(30000, 3)
(30000,)
(30000, 3)
(30000,)

=======================Successfully Added (15000, 3) Counter Examples=======================


============None of the candidates fulfill the conditions. Training CONTINUES!=================

MainProcess| 2026-06-21 22:27:50,800,800 multiprocessing INFO 
============None of the candidates fulfill the conditions. Training CONTINUES!=================


============None of the candidates fulfill the conditions. Training CONTINUES!=================

(55, 32)
/users/9/chen8596/miniconda3/envs/alfd/lib/python3.9/site-packages/torch/nn/functional.py:4999: UserWarning: Support for mismatched key_padding_mask and attn_mask is deprecated. Use same type for both instead.
  warnings.warn(

==============Start Supervised Learning==============

MainProcess| 2026-06-21 22:27:52,323,323 multiprocessing INFO GP output mean: 0.9661843015371883
GP output mean: 0.9661843015371883
MainProcess| 2026-06-21 22:27:52,454,454 multiprocessing INFO GP output success rate: 0.0
GP output success rate: 0.0

==============End Supervised Learning==============

/users/9/chen8596/LyaDis/repro/runs/trig3d/utils/train.py:971: RuntimeWarning: divide by zero encountered in divide
  error = np.abs(((y_hat - y) / y))
/users/9/chen8596/.local/lib/python3.9/site-packages/scipy/stats/_stats_py.py:4424: ConstantInputWarning: An input array is constant; the correlation coefficient is not defined.
  warnings.warn(stats.ConstantInputWarning(msg))
MainProcess| 2026-06-21 22:27:53,348,348 multiprocessing INFO [Test epoch=0001]  nevals=13736 	| train_loss=4623.56396 	| eqs_invalid %=0.00 	| r_best=0.95671 	| quantile=0.79443 	| r_quantile_mean=0.91125 	| r_raw_sum=119.40258 	|  r_raw_mean=0.43578 	| r2=nan 	| acc_iid=0.00000 	| acc_ood=0.00000 	| nmse_test=0.03247243749073555 	| true_equation_set_count=0 	| s/it=80.88259
[Test epoch=0001]  nevals=13736 	| train_loss=4623.56396 	| eqs_invalid %=0.00 	| r_best=0.95671 	| quantile=0.79443 	| r_quantile_mean=0.91125 	| r_raw_sum=119.40258 	|  r_raw_mean=0.43578 	| r2=nan 	| acc_iid=0.00000 	| acc_ood=0.00000 	| nmse_test=0.03247243749073555 	| true_equation_set_count=0 	| s/it=80.88259
MainProcess| 2026-06-21 22:27:53,348,348 multiprocessing INFO [00:00:01:20.93] Training epoch 1/4000, current best R: 0.9567
[00:00:01:20.93] Training epoch 1/4000, current best R: 0.9567
MainProcess| 2026-06-21 22:27:53,348,348 multiprocessing INFO 
	** New best

	** New best
MainProcess| 2026-06-21 22:27:53,348,348 multiprocessing INFO 	Reward: 0.9567122376942085
	Reward: 0.9567122376942085
MainProcess| 2026-06-21 22:27:53,348,348 multiprocessing INFO 	Count Off-policy: 0
	Count Off-policy: 0
MainProcess| 2026-06-21 22:27:53,348,348 multiprocessing INFO 	Count On-policy: 1
	Count On-policy: 1
MainProcess| 2026-06-21 22:27:53,348,348 multiprocessing INFO 	Originally on Policy: True
	Originally on Policy: True
MainProcess| 2026-06-21 22:27:53,348,348 multiprocessing INFO 	Invalid: False
	Invalid: False
MainProcess| 2026-06-21 22:27:53,348,348 multiprocessing INFO 	Traversal: add,sub,add,n2,x3,mul,x2,sin,x2,cos,x1,x3
	Traversal: add,sub,add,n2,x3,mul,x2,sin,x2,cos,x1,x3
MainProcess| 2026-06-21 22:27:53,348,348 multiprocessing INFO 	Expression:
	Expression:
MainProcess| 2026-06-21 22:27:53,524,524 multiprocessing INFO 
	                 2               
	  x₂⋅sin(x₂) + x₃  + x₃ - cos(x₁)


	                 2               
	  x₂⋅sin(x₂) + x₃  + x₃ - cos(x₁)

MainProcess| 2026-06-21 22:28:19,313,313 multiprocessing INFO Genetic Porgramming Runtime 25.561378957005218
Genetic Porgramming Runtime 25.561378957005218

=========================PGD Collection Starts=========================

SpawnPoolWorker-41| 2026-06-21 22:28:25,010,10 multiprocessing INFO STARTING NEW RUN ==========
SpawnPoolWorker-41| 2026-06-21 22:28:25,010,10 multiprocessing INFO SEE LOG AT : ./logs/all_Lyapunov_test_dso-fn_d_all_t_01_log.txt
SpawnPoolWorker-41| 2026-06-21 22:28:25,010,10 multiprocessing INFO See log at : ./logs/all_Lyapunov_test_dso-fn_d_all_t_01_log.txt
SpawnPoolWorker-44| 2026-06-21 22:28:25,012,12 multiprocessing INFO STARTING NEW RUN ==========
SpawnPoolWorker-42| 2026-06-21 22:28:25,012,12 multiprocessing INFO STARTING NEW RUN ==========
SpawnPoolWorker-36| 2026-06-21 22:28:25,012,12 multiprocessing INFO STARTING NEW RUN ==========
SpawnPoolWorker-35| 2026-06-21 22:28:25,012,12 multiprocessing INFO STARTING NEW RUN ==========
SpawnPoolWorker-40| 2026-06-21 22:28:25,012,12 multiprocessing INFO STARTING NEW RUN ==========
SpawnPoolWorker-44| 2026-06-21 22:28:25,012,12 multiprocessing INFO SEE LOG AT : ./logs/all_Lyapunov_test_dso-fn_d_all_t_01_log.txt
SpawnPoolWorker-42| 2026-06-21 22:28:25,012,12 multiprocessing INFO SEE LOG AT : ./logs/all_Lyapunov_test_dso-fn_d_all_t_01_log.txt
SpawnPoolWorker-36| 2026-06-21 22:28:25,012,12 multiprocessing INFO SEE LOG AT : ./logs/all_Lyapunov_test_dso-fn_d_all_t_01_log.txt
SpawnPoolWorker-35| 2026-06-21 22:28:25,012,12 multiprocessing INFO SEE LOG AT : ./logs/all_Lyapunov_test_dso-fn_d_all_t_01_log.txt
SpawnPoolWorker-44| 2026-06-21 22:28:25,012,12 multiprocessing INFO See log at : ./logs/all_Lyapunov_test_dso-fn_d_all_t_01_log.txt
SpawnPoolWorker-40| 2026-06-21 22:28:25,012,12 multiprocessing INFO SEE LOG AT : ./logs/all_Lyapunov_test_dso-fn_d_all_t_01_log.txt
SpawnPoolWorker-42| 2026-06-21 22:28:25,012,12 multiprocessing INFO See log at : ./logs/all_Lyapunov_test_dso-fn_d_all_t_01_log.txt
SpawnPoolWorker-36| 2026-06-21 22:28:25,013,13 multiprocessing INFO See log at : ./logs/all_Lyapunov_test_dso-fn_d_all_t_01_log.txt
SpawnPoolWorker-35| 2026-06-21 22:28:25,013,13 multiprocessing INFO See log at : ./logs/all_Lyapunov_test_dso-fn_d_all_t_01_log.txt
SpawnPoolWorker-40| 2026-06-21 22:28:25,013,13 multiprocessing INFO See log at : ./logs/all_Lyapunov_test_dso-fn_d_all_t_01_log.txt
SpawnPoolWorker-41| 2026-06-21 22:28:25,013,13 multiprocessing INFO child process calling self.run()
SpawnPoolWorker-40| 2026-06-21 22:28:25,014,14 multiprocessing INFO child process calling self.run()
SpawnPoolWorker-42| 2026-06-21 22:28:25,014,14 multiprocessing INFO child process calling self.run()
SpawnPoolWorker-36| 2026-06-21 22:28:25,014,14 multiprocessing INFO child process calling self.run()
SpawnPoolWorker-44| 2026-06-21 22:28:25,014,14 multiprocessing INFO child process calling self.run()
SpawnPoolWorker-35| 2026-06-21 22:28:25,015,15 multiprocessing INFO child process calling self.run()
SpawnPoolWorker-38| 2026-06-21 22:28:25,015,15 multiprocessing INFO STARTING NEW RUN ==========
SpawnPoolWorker-39| 2026-06-21 22:28:25,015,15 multiprocessing INFO STARTING NEW RUN ==========
SpawnPoolWorker-38| 2026-06-21 22:28:25,015,15 multiprocessing INFO SEE LOG AT : ./logs/all_Lyapunov_test_dso-fn_d_all_t_01_log.txt
SpawnPoolWorker-39| 2026-06-21 22:28:25,015,15 multiprocessing INFO SEE LOG AT : ./logs/all_Lyapunov_test_dso-fn_d_all_t_01_log.txt
SpawnPoolWorker-38| 2026-06-21 22:28:25,015,15 multiprocessing INFO See log at : ./logs/all_Lyapunov_test_dso-fn_d_all_t_01_log.txt
SpawnPoolWorker-39| 2026-06-21 22:28:25,015,15 multiprocessing INFO See log at : ./logs/all_Lyapunov_test_dso-fn_d_all_t_01_log.txt
SpawnPoolWorker-38| 2026-06-21 22:28:25,017,17 multiprocessing INFO child process calling self.run()
SpawnPoolWorker-39| 2026-06-21 22:28:25,017,17 multiprocessing INFO child process calling self.run()
SpawnPoolWorker-43| 2026-06-21 22:28:25,018,18 multiprocessing INFO STARTING NEW RUN ==========
SpawnPoolWorker-43| 2026-06-21 22:28:25,018,18 multiprocessing INFO SEE LOG AT : ./logs/all_Lyapunov_test_dso-fn_d_all_t_01_log.txt
SpawnPoolWorker-43| 2026-06-21 22:28:25,018,18 multiprocessing INFO See log at : ./logs/all_Lyapunov_test_dso-fn_d_all_t_01_log.txt
SpawnPoolWorker-43| 2026-06-21 22:28:25,020,20 multiprocessing INFO child process calling self.run()
SpawnPoolWorker-37| 2026-06-21 22:28:25,020,20 multiprocessing INFO STARTING NEW RUN ==========
SpawnPoolWorker-37| 2026-06-21 22:28:25,020,20 multiprocessing INFO SEE LOG AT : ./logs/all_Lyapunov_test_dso-fn_d_all_t_01_log.txt
SpawnPoolWorker-37| 2026-06-21 22:28:25,020,20 multiprocessing INFO See log at : ./logs/all_Lyapunov_test_dso-fn_d_all_t_01_log.txt
SpawnPoolWorker-37| 2026-06-21 22:28:25,021,21 multiprocessing INFO child process calling self.run()
SpawnPoolWorker-44| 2026-06-21 22:29:03,299,299 multiprocessing INFO process shutting down
SpawnPoolWorker-43| 2026-06-21 22:29:03,300,300 multiprocessing INFO process shutting down
SpawnPoolWorker-42| 2026-06-21 22:29:03,300,300 multiprocessing INFO process shutting down
SpawnPoolWorker-43| 2026-06-21 22:29:03,301,301 multiprocessing INFO process exiting with exitcode 0
(6000,)

===================Collect 6000 Examples===================

Epsilon 0.1
500
(550,)
(550,)
(55,)
Number of Programs for Minimization: 28
SpawnPoolWorker-45| 2026-06-21 22:29:16,250,250 multiprocessing INFO STARTING NEW RUN ==========
SpawnPoolWorker-45| 2026-06-21 22:29:16,250,250 multiprocessing INFO SEE LOG AT : ./logs/all_Lyapunov_test_dso-fn_d_all_t_01_log.txt
SpawnPoolWorker-45| 2026-06-21 22:29:16,250,250 multiprocessing INFO See log at : ./logs/all_Lyapunov_test_dso-fn_d_all_t_01_log.txt
SpawnPoolWorker-45| 2026-06-21 22:29:16,260,260 multiprocessing INFO child process calling self.run()
SpawnPoolWorker-56| 2026-06-21 22:29:16,314,314 multiprocessing INFO STARTING NEW RUN ==========
SpawnPoolWorker-50| 2026-06-21 22:29:16,314,314 multiprocessing INFO STARTING NEW RUN ==========
SpawnPoolWorker-56| 2026-06-21 22:29:16,314,314 multiprocessing INFO SEE LOG AT : ./logs/all_Lyapunov_test_dso-fn_d_all_t_01_log.txt
SpawnPoolWorker-50| 2026-06-21 22:29:16,314,314 multiprocessing INFO SEE LOG AT : ./logs/all_Lyapunov_test_dso-fn_d_all_t_01_log.txt
SpawnPoolWorker-56| 2026-06-21 22:29:16,314,314 multiprocessing INFO See log at : ./logs/all_Lyapunov_test_dso-fn_d_all_t_01_log.txt
SpawnPoolWorker-50| 2026-06-21 22:29:16,314,314 multiprocessing INFO See log at : ./logs/all_Lyapunov_test_dso-fn_d_all_t_01_log.txt
SpawnPoolWorker-50| 2026-06-21 22:29:16,316,316 multiprocessing INFO child process calling self.run()
SpawnPoolWorker-56| 2026-06-21 22:29:16,320,320 multiprocessing INFO child process calling self.run()
SpawnPoolWorker-68| 2026-06-21 22:29:16,354,354 multiprocessing INFO STARTING NEW RUN ==========
SpawnPoolWorker-68| 2026-06-21 22:29:16,354,354 multiprocessing INFO SEE LOG AT : ./logs/all_Lyapunov_test_dso-fn_d_all_t_01_log.txt
SpawnPoolWorker-68| 2026-06-21 22:29:16,354,354 multiprocessing INFO See log at : ./logs/all_Lyapunov_test_dso-fn_d_all_t_01_log.txt
SpawnPoolWorker-68| 2026-06-21 22:29:16,356,356 multiprocessing INFO child process calling self.run()
SpawnPoolWorker-46| 2026-06-21 22:29:16,437,437 multiprocessing INFO STARTING NEW RUN ==========
SpawnPoolWorker-46| 2026-06-21 22:29:16,437,437 multiprocessing INFO SEE LOG AT : ./logs/all_Lyapunov_test_dso-fn_d_all_t_01_log.txt
SpawnPoolWorker-46| 2026-06-21 22:29:16,437,437 multiprocessing INFO See log at : ./logs/all_Lyapunov_test_dso-fn_d_all_t_01_log.txt
SpawnPoolWorker-46| 2026-06-21 22:29:16,439,439 multiprocessing INFO child process calling self.run()
SpawnPoolWorker-51| 2026-06-21 22:29:16,502,502 multiprocessing INFO STARTING NEW RUN ==========
SpawnPoolWorker-51| 2026-06-21 22:29:16,502,502 multiprocessing INFO SEE LOG AT : ./logs/all_Lyapunov_test_dso-fn_d_all_t_01_log.txt
SpawnPoolWorker-51| 2026-06-21 22:29:16,502,502 multiprocessing INFO See log at : ./logs/all_Lyapunov_test_dso-fn_d_all_t_01_log.txt
SpawnPoolWorker-51| 2026-06-21 22:29:16,505,505 multiprocessing INFO child process calling self.run()
SpawnPoolWorker-49| 2026-06-21 22:29:16,649,649 multiprocessing INFO STARTING NEW RUN ==========
SpawnPoolWorker-49| 2026-06-21 22:29:16,649,649 multiprocessing INFO SEE LOG AT : ./logs/all_Lyapunov_test_dso-fn_d_all_t_01_log.txt
SpawnPoolWorker-49| 2026-06-21 22:29:16,649,649 multiprocessing INFO See log at : ./logs/all_Lyapunov_test_dso-fn_d_all_t_01_log.txt
SpawnPoolWorker-49| 2026-06-21 22:29:16,657,657 multiprocessing INFO child process calling self.run()
SpawnPoolWorker-48| 2026-06-21 22:29:16,746,746 multiprocessing INFO STARTING NEW RUN ==========
SpawnPoolWorker-48| 2026-06-21 22:29:16,747,747 multiprocessing INFO SEE LOG AT : ./logs/all_Lyapunov_test_dso-fn_d_all_t_01_log.txt
SpawnPoolWorker-48| 2026-06-21 22:29:16,747,747 multiprocessing INFO See log at : ./logs/all_Lyapunov_test_dso-fn_d_all_t_01_log.txt
SpawnPoolWorker-48| 2026-06-21 22:29:16,748,748 multiprocessing INFO child process calling self.run()
SpawnPoolWorker-64| 2026-06-21 22:29:16,851,851 multiprocessing INFO STARTING NEW RUN ==========
SpawnPoolWorker-64| 2026-06-21 22:29:16,851,851 multiprocessing INFO SEE LOG AT : ./logs/all_Lyapunov_test_dso-fn_d_all_t_01_log.txt
SpawnPoolWorker-64| 2026-06-21 22:29:16,851,851 multiprocessing INFO See log at : ./logs/all_Lyapunov_test_dso-fn_d_all_t_01_log.txt
SpawnPoolWorker-64| 2026-06-21 22:29:16,853,853 multiprocessing INFO child process calling self.run()
SpawnPoolWorker-60| 2026-06-21 22:29:16,906,906 multiprocessing INFO STARTING NEW RUN ==========
SpawnPoolWorker-60| 2026-06-21 22:29:16,906,906 multiprocessing INFO SEE LOG AT : ./logs/all_Lyapunov_test_dso-fn_d_all_t_01_log.txt
SpawnPoolWorker-60| 2026-06-21 22:29:16,906,906 multiprocessing INFO See log at : ./logs/all_Lyapunov_test_dso-fn_d_all_t_01_log.txt
SpawnPoolWorker-60| 2026-06-21 22:29:16,908,908 multiprocessing INFO child process calling self.run()
SpawnPoolWorker-63| 2026-06-21 22:29:16,969,969 multiprocessing INFO STARTING NEW RUN ==========
SpawnPoolWorker-63| 2026-06-21 22:29:16,969,969 multiprocessing INFO SEE LOG AT : ./logs/all_Lyapunov_test_dso-fn_d_all_t_01_log.txt
SpawnPoolWorker-63| 2026-06-21 22:29:16,970,970 multiprocessing INFO See log at : ./logs/all_Lyapunov_test_dso-fn_d_all_t_01_log.txt
SpawnPoolWorker-63| 2026-06-21 22:29:16,980,980 multiprocessing INFO child process calling self.run()
SpawnPoolWorker-57| 2026-06-21 22:29:17,008,8 multiprocessing INFO STARTING NEW RUN ==========
SpawnPoolWorker-57| 2026-06-21 22:29:17,008,8 multiprocessing INFO SEE LOG AT : ./logs/all_Lyapunov_test_dso-fn_d_all_t_01_log.txt
SpawnPoolWorker-57| 2026-06-21 22:29:17,008,8 multiprocessing INFO See log at : ./logs/all_Lyapunov_test_dso-fn_d_all_t_01_log.txt
SpawnPoolWorker-57| 2026-06-21 22:29:17,009,9 multiprocessing INFO child process calling self.run()
SpawnPoolWorker-52| 2026-06-21 22:29:17,033,33 multiprocessing INFO STARTING NEW RUN ==========
SpawnPoolWorker-52| 2026-06-21 22:29:17,034,34 multiprocessing INFO SEE LOG AT : ./logs/all_Lyapunov_test_dso-fn_d_all_t_01_log.txt
SpawnPoolWorker-52| 2026-06-21 22:29:17,034,34 multiprocessing INFO See log at : ./logs/all_Lyapunov_test_dso-fn_d_all_t_01_log.txt
SpawnPoolWorker-52| 2026-06-21 22:29:17,036,36 multiprocessing INFO child process calling self.run()
SpawnPoolWorker-59| 2026-06-21 22:29:17,113,113 multiprocessing INFO STARTING NEW RUN ==========
SpawnPoolWorker-59| 2026-06-21 22:29:17,113,113 multiprocessing INFO SEE LOG AT : ./logs/all_Lyapunov_test_dso-fn_d_all_t_01_log.txt
SpawnPoolWorker-59| 2026-06-21 22:29:17,113,113 multiprocessing INFO See log at : ./logs/all_Lyapunov_test_dso-fn_d_all_t_01_log.txt
SpawnPoolWorker-59| 2026-06-21 22:29:17,115,115 multiprocessing INFO child process calling self.run()
SpawnPoolWorker-53| 2026-06-21 22:29:17,142,142 multiprocessing INFO STARTING NEW RUN ==========
SpawnPoolWorker-53| 2026-06-21 22:29:17,142,142 multiprocessing INFO SEE LOG AT : ./logs/all_Lyapunov_test_dso-fn_d_all_t_01_log.txt
SpawnPoolWorker-53| 2026-06-21 22:29:17,142,142 multiprocessing INFO See log at : ./logs/all_Lyapunov_test_dso-fn_d_all_t_01_log.txt
SpawnPoolWorker-53| 2026-06-21 22:29:17,146,146 multiprocessing INFO child process calling self.run()
SpawnPoolWorker-66| 2026-06-21 22:29:17,178,178 multiprocessing INFO STARTING NEW RUN ==========
SpawnPoolWorker-66| 2026-06-21 22:29:17,178,178 multiprocessing INFO SEE LOG AT : ./logs/all_Lyapunov_test_dso-fn_d_all_t_01_log.txt
SpawnPoolWorker-66| 2026-06-21 22:29:17,178,178 multiprocessing INFO See log at : ./logs/all_Lyapunov_test_dso-fn_d_all_t_01_log.txt
SpawnPoolWorker-66| 2026-06-21 22:29:17,179,179 multiprocessing INFO child process calling self.run()
SpawnPoolWorker-55| 2026-06-21 22:29:17,229,229 multiprocessing INFO STARTING NEW RUN ==========
SpawnPoolWorker-55| 2026-06-21 22:29:17,229,229 multiprocessing INFO SEE LOG AT : ./logs/all_Lyapunov_test_dso-fn_d_all_t_01_log.txt
SpawnPoolWorker-55| 2026-06-21 22:29:17,229,229 multiprocessing INFO See log at : ./logs/all_Lyapunov_test_dso-fn_d_all_t_01_log.txt
SpawnPoolWorker-55| 2026-06-21 22:29:17,232,232 multiprocessing INFO child process calling self.run()
SpawnPoolWorker-61| 2026-06-21 22:29:17,342,342 multiprocessing INFO STARTING NEW RUN ==========
SpawnPoolWorker-61| 2026-06-21 22:29:17,342,342 multiprocessing INFO SEE LOG AT : ./logs/all_Lyapunov_test_dso-fn_d_all_t_01_log.txt
SpawnPoolWorker-61| 2026-06-21 22:29:17,342,342 multiprocessing INFO See log at : ./logs/all_Lyapunov_test_dso-fn_d_all_t_01_log.txt
SpawnPoolWorker-61| 2026-06-21 22:29:17,344,344 multiprocessing INFO child process calling self.run()
SpawnPoolWorker-54| 2026-06-21 22:29:17,388,388 multiprocessing INFO STARTING NEW RUN ==========
SpawnPoolWorker-54| 2026-06-21 22:29:17,388,388 multiprocessing INFO SEE LOG AT : ./logs/all_Lyapunov_test_dso-fn_d_all_t_01_log.txt
SpawnPoolWorker-54| 2026-06-21 22:29:17,388,388 multiprocessing INFO See log at : ./logs/all_Lyapunov_test_dso-fn_d_all_t_01_log.txt
SpawnPoolWorker-62| 2026-06-21 22:29:17,388,388 multiprocessing INFO STARTING NEW RUN ==========
SpawnPoolWorker-62| 2026-06-21 22:29:17,388,388 multiprocessing INFO SEE LOG AT : ./logs/all_Lyapunov_test_dso-fn_d_all_t_01_log.txt
SpawnPoolWorker-62| 2026-06-21 22:29:17,388,388 multiprocessing INFO See log at : ./logs/all_Lyapunov_test_dso-fn_d_all_t_01_log.txt
SpawnPoolWorker-54| 2026-06-21 22:29:17,389,389 multiprocessing INFO child process calling self.run()
SpawnPoolWorker-62| 2026-06-21 22:29:17,389,389 multiprocessing INFO child process calling self.run()
SpawnPoolWorker-47| 2026-06-21 22:29:17,391,391 multiprocessing INFO STARTING NEW RUN ==========
SpawnPoolWorker-47| 2026-06-21 22:29:17,391,391 multiprocessing INFO SEE LOG AT : ./logs/all_Lyapunov_test_dso-fn_d_all_t_01_log.txt
SpawnPoolWorker-47| 2026-06-21 22:29:17,391,391 multiprocessing INFO See log at : ./logs/all_Lyapunov_test_dso-fn_d_all_t_01_log.txt
SpawnPoolWorker-47| 2026-06-21 22:29:17,393,393 multiprocessing INFO child process calling self.run()
SpawnPoolWorker-67| 2026-06-21 22:29:17,399,399 multiprocessing INFO STARTING NEW RUN ==========
SpawnPoolWorker-67| 2026-06-21 22:29:17,399,399 multiprocessing INFO SEE LOG AT : ./logs/all_Lyapunov_test_dso-fn_d_all_t_01_log.txt
SpawnPoolWorker-67| 2026-06-21 22:29:17,399,399 multiprocessing INFO See log at : ./logs/all_Lyapunov_test_dso-fn_d_all_t_01_log.txt
SpawnPoolWorker-67| 2026-06-21 22:29:17,400,400 multiprocessing INFO child process calling self.run()
SpawnPoolWorker-58| 2026-06-21 22:29:17,422,422 multiprocessing INFO STARTING NEW RUN ==========
SpawnPoolWorker-58| 2026-06-21 22:29:17,422,422 multiprocessing INFO SEE LOG AT : ./logs/all_Lyapunov_test_dso-fn_d_all_t_01_log.txt
SpawnPoolWorker-58| 2026-06-21 22:29:17,422,422 multiprocessing INFO See log at : ./logs/all_Lyapunov_test_dso-fn_d_all_t_01_log.txt
SpawnPoolWorker-58| 2026-06-21 22:29:17,424,424 multiprocessing INFO child process calling self.run()
SpawnPoolWorker-65| 2026-06-21 22:29:17,425,425 multiprocessing INFO STARTING NEW RUN ==========
SpawnPoolWorker-65| 2026-06-21 22:29:17,425,425 multiprocessing INFO SEE LOG AT : ./logs/all_Lyapunov_test_dso-fn_d_all_t_01_log.txt
SpawnPoolWorker-65| 2026-06-21 22:29:17,425,425 multiprocessing INFO See log at : ./logs/all_Lyapunov_test_dso-fn_d_all_t_01_log.txt
SpawnPoolWorker-65| 2026-06-21 22:29:17,427,427 multiprocessing INFO child process calling self.run()
SpawnPoolWorker-48| 2026-06-21 22:29:17,452,452 multiprocessing INFO process shutting down
SpawnPoolWorker-64| 2026-06-21 22:29:17,452,452 multiprocessing INFO process shutting down
SpawnPoolWorker-48| 2026-06-21 22:29:17,452,452 multiprocessing INFO process exiting with exitcode 0
SpawnPoolWorker-55| 2026-06-21 22:29:17,453,453 multiprocessing INFO process shutting down
SpawnPoolWorker-64| 2026-06-21 22:29:17,453,453 multiprocessing INFO process exiting with exitcode 0
SpawnPoolWorker-68| 2026-06-21 22:29:17,452,452 multiprocessing INFO process shutting down
SpawnPoolWorker-60| 2026-06-21 22:29:17,453,453 multiprocessing INFO process shutting down
SpawnPoolWorker-55| 2026-06-21 22:29:17,453,453 multiprocessing INFO process exiting with exitcode 0
SpawnPoolWorker-57| 2026-06-21 22:29:17,453,453 multiprocessing INFO process shutting down
SpawnPoolWorker-52| 2026-06-21 22:29:17,453,453 multiprocessing INFO process shutting down
SpawnPoolWorker-56| 2026-06-21 22:29:17,453,453 multiprocessing INFO process shutting down
SpawnPoolWorker-50| 2026-06-21 22:29:17,453,453 multiprocessing INFO process shutting down
SpawnPoolWorker-61| 2026-06-21 22:29:17,453,453 multiprocessing INFO process shutting down
SpawnPoolWorker-49| 2026-06-21 22:29:17,453,453 multiprocessing INFO process shutting down
SpawnPoolWorker-45| 2026-06-21 22:29:17,453,453 multiprocessing INFO process shutting down
SpawnPoolWorker-54| 2026-06-21 22:29:17,453,453 multiprocessing INFO process shutting down
SpawnPoolWorker-62| 2026-06-21 22:29:17,453,453 multiprocessing INFO process shutting down
SpawnPoolWorker-46| 2026-06-21 22:29:17,453,453 multiprocessing INFO process shutting down
SpawnPoolWorker-47| 2026-06-21 22:29:17,453,453 multiprocessing INFO process shutting down
SpawnPoolWorker-67| 2026-06-21 22:29:17,453,453 multiprocessing INFO process shutting down
SpawnPoolWorker-51| 2026-06-21 22:29:17,453,453 multiprocessing INFO process shutting down
SpawnPoolWorker-63| 2026-06-21 22:29:17,453,453 multiprocessing INFO process shutting down
SpawnPoolWorker-58| 2026-06-21 22:29:17,453,453 multiprocessing INFO process shutting down
SpawnPoolWorker-53| 2026-06-21 22:29:17,453,453 multiprocessing INFO process shutting down
SpawnPoolWorker-65| 2026-06-21 22:29:17,453,453 multiprocessing INFO process shutting down
SpawnPoolWorker-59| 2026-06-21 22:29:17,453,453 multiprocessing INFO process shutting down
SpawnPoolWorker-66| 2026-06-21 22:29:17,454,454 multiprocessing INFO process shutting down
28
(30000, 3)
(30000,)
(30000, 3)
(30000,)

=======================Successfully Added (15000, 3) Counter Examples=======================


============None of the candidates fulfill the conditions. Training CONTINUES!=================

MainProcess| 2026-06-21 22:29:17,996,996 multiprocessing INFO 
============None of the candidates fulfill the conditions. Training CONTINUES!=================


============None of the candidates fulfill the conditions. Training CONTINUES!=================

(55, 32)
/users/9/chen8596/miniconda3/envs/alfd/lib/python3.9/site-packages/torch/nn/functional.py:4999: UserWarning: Support for mismatched key_padding_mask and attn_mask is deprecated. Use same type for both instead.
  warnings.warn(

==============Start Supervised Learning==============

MainProcess| 2026-06-21 22:29:18,959,959 multiprocessing INFO GP output mean: 0.9991110617734056
GP output mean: 0.9991110617734056
MainProcess| 2026-06-21 22:29:19,062,62 multiprocessing INFO GP output success rate: 0.0
GP output success rate: 0.0

==============End Supervised Learning==============

/users/9/chen8596/LyaDis/repro/runs/trig3d/utils/train.py:971: RuntimeWarning: divide by zero encountered in divide
  error = np.abs(((y_hat - y) / y))
/users/9/chen8596/.local/lib/python3.9/site-packages/scipy/stats/_stats_py.py:4424: ConstantInputWarning: An input array is constant; the correlation coefficient is not defined.
  warnings.warn(stats.ConstantInputWarning(msg))
MainProcess| 2026-06-21 22:29:19,970,970 multiprocessing INFO [Test epoch=0002]  nevals=27492 	| train_loss=4234.98779 	| eqs_invalid %=0.00 	| r_best=0.98999 	| quantile=0.71742 	| r_quantile_mean=0.96326 	| r_raw_sum=130.63138 	|  r_raw_mean=0.40443 	| r2=nan 	| acc_iid=0.00000 	| acc_ood=0.00000 	| nmse_test=0.0005949766534314771 	| true_equation_set_count=0 	| s/it=86.44598
[Test epoch=0002]  nevals=27492 	| train_loss=4234.98779 	| eqs_invalid %=0.00 	| r_best=0.98999 	| quantile=0.71742 	| r_quantile_mean=0.96326 	| r_raw_sum=130.63138 	|  r_raw_mean=0.40443 	| r2=nan 	| acc_iid=0.00000 	| acc_ood=0.00000 	| nmse_test=0.0005949766534314771 	| true_equation_set_count=0 	| s/it=86.44598
MainProcess| 2026-06-21 22:29:19,971,971 multiprocessing INFO [00:00:02:47.55] Training epoch 2/4000, current best R: 0.9900
[00:00:02:47.55] Training epoch 2/4000, current best R: 0.9900
MainProcess| 2026-06-21 22:29:19,971,971 multiprocessing INFO 
	** New best

	** New best
MainProcess| 2026-06-21 22:29:19,971,971 multiprocessing INFO 	Reward: 0.9899894791411473
	Reward: 0.9899894791411473
MainProcess| 2026-06-21 22:29:19,971,971 multiprocessing INFO 	Count Off-policy: 1
	Count Off-policy: 1
MainProcess| 2026-06-21 22:29:19,971,971 multiprocessing INFO 	Count On-policy: 0
	Count On-policy: 0
MainProcess| 2026-06-21 22:29:19,971,971 multiprocessing INFO 	Originally on Policy: False
	Originally on Policy: False
MainProcess| 2026-06-21 22:29:19,971,971 multiprocessing INFO 	Invalid: False
	Invalid: False
MainProcess| 2026-06-21 22:29:19,971,971 multiprocessing INFO 	Traversal: add,n2,x2,n2,sub,mul,x1,n2,sin,x2,x3
	Traversal: add,n2,x2,n2,sub,mul,x1,n2,sin,x2,x3
MainProcess| 2026-06-21 22:29:19,971,971 multiprocessing INFO 	Expression:
	Expression:
MainProcess| 2026-06-21 22:29:19,972,972 multiprocessing INFO 
	                          2
	    2   ⎛      2         ⎞ 
	  x₂  + ⎝x₁⋅sin (x₂) - x₃⎠ 


	                          2
	    2   ⎛      2         ⎞ 
	  x₂  + ⎝x₁⋅sin (x₂) - x₃⎠ 

MainProcess| 2026-06-21 22:29:45,050,50 multiprocessing INFO Genetic Porgramming Runtime 24.822331653907895
Genetic Porgramming Runtime 24.822331653907895

=========================PGD Collection Starts=========================

SpawnPoolWorker-75| 2026-06-21 22:29:49,640,640 multiprocessing INFO STARTING NEW RUN ==========
SpawnPoolWorker-75| 2026-06-21 22:29:49,640,640 multiprocessing INFO SEE LOG AT : ./logs/all_Lyapunov_test_dso-fn_d_all_t_01_log.txt
SpawnPoolWorker-75| 2026-06-21 22:29:49,640,640 multiprocessing INFO See log at : ./logs/all_Lyapunov_test_dso-fn_d_all_t_01_log.txt
SpawnPoolWorker-75| 2026-06-21 22:29:49,642,642 multiprocessing INFO child process calling self.run()
SpawnPoolWorker-72| 2026-06-21 22:29:49,643,643 multiprocessing INFO STARTING NEW RUN ==========
SpawnPoolWorker-69| 2026-06-21 22:29:49,643,643 multiprocessing INFO STARTING NEW RUN ==========
SpawnPoolWorker-69| 2026-06-21 22:29:49,643,643 multiprocessing INFO SEE LOG AT : ./logs/all_Lyapunov_test_dso-fn_d_all_t_01_log.txt
SpawnPoolWorker-69| 2026-06-21 22:29:49,643,643 multiprocessing INFO See log at : ./logs/all_Lyapunov_test_dso-fn_d_all_t_01_log.txt
SpawnPoolWorker-72| 2026-06-21 22:29:49,643,643 multiprocessing INFO SEE LOG AT : ./logs/all_Lyapunov_test_dso-fn_d_all_t_01_log.txt
SpawnPoolWorker-72| 2026-06-21 22:29:49,643,643 multiprocessing INFO See log at : ./logs/all_Lyapunov_test_dso-fn_d_all_t_01_log.txt
SpawnPoolWorker-69| 2026-06-21 22:29:49,645,645 multiprocessing INFO child process calling self.run()
SpawnPoolWorker-72| 2026-06-21 22:29:49,646,646 multiprocessing INFO child process calling self.run()
SpawnPoolWorker-71| 2026-06-21 22:29:49,653,653 multiprocessing INFO STARTING NEW RUN ==========
SpawnPoolWorker-73| 2026-06-21 22:29:49,653,653 multiprocessing INFO STARTING NEW RUN ==========
SpawnPoolWorker-71| 2026-06-21 22:29:49,653,653 multiprocessing INFO SEE LOG AT : ./logs/all_Lyapunov_test_dso-fn_d_all_t_01_log.txt
SpawnPoolWorker-73| 2026-06-21 22:29:49,653,653 multiprocessing INFO SEE LOG AT : ./logs/all_Lyapunov_test_dso-fn_d_all_t_01_log.txt
SpawnPoolWorker-71| 2026-06-21 22:29:49,653,653 multiprocessing INFO See log at : ./logs/all_Lyapunov_test_dso-fn_d_all_t_01_log.txt
SpawnPoolWorker-73| 2026-06-21 22:29:49,653,653 multiprocessing INFO See log at : ./logs/all_Lyapunov_test_dso-fn_d_all_t_01_log.txt
SpawnPoolWorker-73| 2026-06-21 22:29:49,655,655 multiprocessing INFO child process calling self.run()
SpawnPoolWorker-71| 2026-06-21 22:29:49,655,655 multiprocessing INFO child process calling self.run()
SpawnPoolWorker-70| 2026-06-21 22:29:49,711,711 multiprocessing INFO STARTING NEW RUN ==========
SpawnPoolWorker-70| 2026-06-21 22:29:49,711,711 multiprocessing INFO SEE LOG AT : ./logs/all_Lyapunov_test_dso-fn_d_all_t_01_log.txt
SpawnPoolWorker-70| 2026-06-21 22:29:49,711,711 multiprocessing INFO See log at : ./logs/all_Lyapunov_test_dso-fn_d_all_t_01_log.txt
SpawnPoolWorker-70| 2026-06-21 22:29:49,714,714 multiprocessing INFO child process calling self.run()
SpawnPoolWorker-74| 2026-06-21 22:29:49,799,799 multiprocessing INFO STARTING NEW RUN ==========
SpawnPoolWorker-74| 2026-06-21 22:29:49,799,799 multiprocessing INFO SEE LOG AT : ./logs/all_Lyapunov_test_dso-fn_d_all_t_01_log.txt
SpawnPoolWorker-74| 2026-06-21 22:29:49,799,799 multiprocessing INFO See log at : ./logs/all_Lyapunov_test_dso-fn_d_all_t_01_log.txt
SpawnPoolWorker-74| 2026-06-21 22:29:49,801,801 multiprocessing INFO child process calling self.run()
SpawnPoolWorker-76| 2026-06-21 22:29:49,818,818 multiprocessing INFO STARTING NEW RUN ==========
SpawnPoolWorker-76| 2026-06-21 22:29:49,819,819 multiprocessing INFO SEE LOG AT : ./logs/all_Lyapunov_test_dso-fn_d_all_t_01_log.txt
SpawnPoolWorker-76| 2026-06-21 22:29:49,819,819 multiprocessing INFO See log at : ./logs/all_Lyapunov_test_dso-fn_d_all_t_01_log.txt
SpawnPoolWorker-76| 2026-06-21 22:29:49,821,821 multiprocessing INFO child process calling self.run()
SpawnPoolWorker-78| 2026-06-21 22:29:49,896,896 multiprocessing INFO STARTING NEW RUN ==========
SpawnPoolWorker-78| 2026-06-21 22:29:49,896,896 multiprocessing INFO SEE LOG AT : ./logs/all_Lyapunov_test_dso-fn_d_all_t_01_log.txt
SpawnPoolWorker-78| 2026-06-21 22:29:49,896,896 multiprocessing INFO See log at : ./logs/all_Lyapunov_test_dso-fn_d_all_t_01_log.txt
SpawnPoolWorker-78| 2026-06-21 22:29:49,899,899 multiprocessing INFO child process calling self.run()
SpawnPoolWorker-77| 2026-06-21 22:29:49,919,919 multiprocessing INFO STARTING NEW RUN ==========
SpawnPoolWorker-77| 2026-06-21 22:29:49,919,919 multiprocessing INFO SEE LOG AT : ./logs/all_Lyapunov_test_dso-fn_d_all_t_01_log.txt
SpawnPoolWorker-77| 2026-06-21 22:29:49,919,919 multiprocessing INFO See log at : ./logs/all_Lyapunov_test_dso-fn_d_all_t_01_log.txt
SpawnPoolWorker-77| 2026-06-21 22:29:49,921,921 multiprocessing INFO child process calling self.run()
SpawnPoolWorker-69| 2026-06-21 22:30:28,906,906 multiprocessing INFO process shutting down
SpawnPoolWorker-76| 2026-06-21 22:30:28,906,906 multiprocessing INFO process shutting down
SpawnPoolWorker-69| 2026-06-21 22:30:28,907,907 multiprocessing INFO process exiting with exitcode 0
SpawnPoolWorker-72| 2026-06-21 22:30:28,907,907 multiprocessing INFO process shutting down
SpawnPoolWorker-75| 2026-06-21 22:30:28,907,907 multiprocessing INFO process shutting down
SpawnPoolWorker-76| 2026-06-21 22:30:28,907,907 multiprocessing INFO process exiting with exitcode 0
SpawnPoolWorker-74| 2026-06-21 22:30:28,907,907 multiprocessing INFO process shutting down
SpawnPoolWorker-70| 2026-06-21 22:30:28,907,907 multiprocessing INFO process shutting down
SpawnPoolWorker-72| 2026-06-21 22:30:28,907,907 multiprocessing INFO process exiting with exitcode 0
SpawnPoolWorker-75| 2026-06-21 22:30:28,907,907 multiprocessing INFO process exiting with exitcode 0
SpawnPoolWorker-71| 2026-06-21 22:30:28,907,907 multiprocessing INFO process shutting down
SpawnPoolWorker-74| 2026-06-21 22:30:28,907,907 multiprocessing INFO process exiting with exitcode 0
SpawnPoolWorker-77| 2026-06-21 22:30:28,907,907 multiprocessing INFO process shutting down
SpawnPoolWorker-70| 2026-06-21 22:30:28,907,907 multiprocessing INFO process exiting with exitcode 0
SpawnPoolWorker-71| 2026-06-21 22:30:28,907,907 multiprocessing INFO process exiting with exitcode 0
(6000,)

===================Collect 6000 Examples===================

Epsilon 0.1
500
(550,)
(550,)
(55,)
Number of Programs for Minimization: 30
SpawnPoolWorker-79| 2026-06-21 22:30:42,324,324 multiprocessing INFO STARTING NEW RUN ==========
SpawnPoolWorker-79| 2026-06-21 22:30:42,324,324 multiprocessing INFO SEE LOG AT : ./logs/all_Lyapunov_test_dso-fn_d_all_t_01_log.txt
SpawnPoolWorker-79| 2026-06-21 22:30:42,324,324 multiprocessing INFO See log at : ./logs/all_Lyapunov_test_dso-fn_d_all_t_01_log.txt
SpawnPoolWorker-79| 2026-06-21 22:30:42,326,326 multiprocessing INFO child process calling self.run()
SpawnPoolWorker-83| 2026-06-21 22:30:42,328,328 multiprocessing INFO STARTING NEW RUN ==========
SpawnPoolWorker-83| 2026-06-21 22:30:42,329,329 multiprocessing INFO SEE LOG AT : ./logs/all_Lyapunov_test_dso-fn_d_all_t_01_log.txt
SpawnPoolWorker-83| 2026-06-21 22:30:42,329,329 multiprocessing INFO See log at : ./logs/all_Lyapunov_test_dso-fn_d_all_t_01_log.txt
SpawnPoolWorker-83| 2026-06-21 22:30:42,331,331 multiprocessing INFO child process calling self.run()
SpawnPoolWorker-82| 2026-06-21 22:30:42,372,372 multiprocessing INFO STARTING NEW RUN ==========
SpawnPoolWorker-82| 2026-06-21 22:30:42,372,372 multiprocessing INFO SEE LOG AT : ./logs/all_Lyapunov_test_dso-fn_d_all_t_01_log.txt
SpawnPoolWorker-82| 2026-06-21 22:30:42,372,372 multiprocessing INFO See log at : ./logs/all_Lyapunov_test_dso-fn_d_all_t_01_log.txt
SpawnPoolWorker-82| 2026-06-21 22:30:42,375,375 multiprocessing INFO child process calling self.run()
SpawnPoolWorker-87| 2026-06-21 22:30:42,424,424 multiprocessing INFO STARTING NEW RUN ==========
SpawnPoolWorker-87| 2026-06-21 22:30:42,424,424 multiprocessing INFO SEE LOG AT : ./logs/all_Lyapunov_test_dso-fn_d_all_t_01_log.txt
SpawnPoolWorker-87| 2026-06-21 22:30:42,424,424 multiprocessing INFO See log at : ./logs/all_Lyapunov_test_dso-fn_d_all_t_01_log.txt
SpawnPoolWorker-87| 2026-06-21 22:30:42,427,427 multiprocessing INFO child process calling self.run()
SpawnPoolWorker-93| 2026-06-21 22:30:42,436,436 multiprocessing INFO STARTING NEW RUN ==========
SpawnPoolWorker-93| 2026-06-21 22:30:42,436,436 multiprocessing INFO SEE LOG AT : ./logs/all_Lyapunov_test_dso-fn_d_all_t_01_log.txt
SpawnPoolWorker-93| 2026-06-21 22:30:42,436,436 multiprocessing INFO See log at : ./logs/all_Lyapunov_test_dso-fn_d_all_t_01_log.txt
SpawnPoolWorker-93| 2026-06-21 22:30:42,448,448 multiprocessing INFO child process calling self.run()
SpawnPoolWorker-80| 2026-06-21 22:30:42,573,573 multiprocessing INFO STARTING NEW RUN ==========
SpawnPoolWorker-80| 2026-06-21 22:30:42,573,573 multiprocessing INFO SEE LOG AT : ./logs/all_Lyapunov_test_dso-fn_d_all_t_01_log.txt
SpawnPoolWorker-80| 2026-06-21 22:30:42,573,573 multiprocessing INFO See log at : ./logs/all_Lyapunov_test_dso-fn_d_all_t_01_log.txt
SpawnPoolWorker-80| 2026-06-21 22:30:42,575,575 multiprocessing INFO child process calling self.run()
SpawnPoolWorker-91| 2026-06-21 22:30:42,582,582 multiprocessing INFO STARTING NEW RUN ==========
SpawnPoolWorker-91| 2026-06-21 22:30:42,582,582 multiprocessing INFO SEE LOG AT : ./logs/all_Lyapunov_test_dso-fn_d_all_t_01_log.txt
SpawnPoolWorker-91| 2026-06-21 22:30:42,582,582 multiprocessing INFO See log at : ./logs/all_Lyapunov_test_dso-fn_d_all_t_01_log.txt
SpawnPoolWorker-91| 2026-06-21 22:30:42,585,585 multiprocessing INFO child process calling self.run()
SpawnPoolWorker-86| 2026-06-21 22:30:42,654,654 multiprocessing INFO STARTING NEW RUN ==========
SpawnPoolWorker-86| 2026-06-21 22:30:42,654,654 multiprocessing INFO SEE LOG AT : ./logs/all_Lyapunov_test_dso-fn_d_all_t_01_log.txt
SpawnPoolWorker-86| 2026-06-21 22:30:42,654,654 multiprocessing INFO See log at : ./logs/all_Lyapunov_test_dso-fn_d_all_t_01_log.txt
SpawnPoolWorker-86| 2026-06-21 22:30:42,664,664 multiprocessing INFO child process calling self.run()
SpawnPoolWorker-89| 2026-06-21 22:30:42,784,784 multiprocessing INFO STARTING NEW RUN ==========
SpawnPoolWorker-89| 2026-06-21 22:30:42,784,784 multiprocessing INFO SEE LOG AT : ./logs/all_Lyapunov_test_dso-fn_d_all_t_01_log.txt
SpawnPoolWorker-81| 2026-06-21 22:30:42,784,784 multiprocessing INFO STARTING NEW RUN ==========
SpawnPoolWorker-89| 2026-06-21 22:30:42,784,784 multiprocessing INFO See log at : ./logs/all_Lyapunov_test_dso-fn_d_all_t_01_log.txt
SpawnPoolWorker-81| 2026-06-21 22:30:42,784,784 multiprocessing INFO SEE LOG AT : ./logs/all_Lyapunov_test_dso-fn_d_all_t_01_log.txt
SpawnPoolWorker-81| 2026-06-21 22:30:42,784,784 multiprocessing INFO See log at : ./logs/all_Lyapunov_test_dso-fn_d_all_t_01_log.txt
SpawnPoolWorker-89| 2026-06-21 22:30:42,786,786 multiprocessing INFO child process calling self.run()
SpawnPoolWorker-81| 2026-06-21 22:30:42,795,795 multiprocessing INFO child process calling self.run()
SpawnPoolWorker-102| 2026-06-21 22:30:42,827,827 multiprocessing INFO STARTING NEW RUN ==========
SpawnPoolWorker-102| 2026-06-21 22:30:42,827,827 multiprocessing INFO SEE LOG AT : ./logs/all_Lyapunov_test_dso-fn_d_all_t_01_log.txt
SpawnPoolWorker-102| 2026-06-21 22:30:42,827,827 multiprocessing INFO See log at : ./logs/all_Lyapunov_test_dso-fn_d_all_t_01_log.txt
SpawnPoolWorker-102| 2026-06-21 22:30:42,829,829 multiprocessing INFO child process calling self.run()
SpawnPoolWorker-97| 2026-06-21 22:30:42,960,960 multiprocessing INFO STARTING NEW RUN ==========
SpawnPoolWorker-97| 2026-06-21 22:30:42,960,960 multiprocessing INFO SEE LOG AT : ./logs/all_Lyapunov_test_dso-fn_d_all_t_01_log.txt
SpawnPoolWorker-97| 2026-06-21 22:30:42,960,960 multiprocessing INFO See log at : ./logs/all_Lyapunov_test_dso-fn_d_all_t_01_log.txt
SpawnPoolWorker-97| 2026-06-21 22:30:42,963,963 multiprocessing INFO child process calling self.run()
SpawnPoolWorker-84| 2026-06-21 22:30:43,007,7 multiprocessing INFO STARTING NEW RUN ==========
SpawnPoolWorker-84| 2026-06-21 22:30:43,007,7 multiprocessing INFO SEE LOG AT : ./logs/all_Lyapunov_test_dso-fn_d_all_t_01_log.txt
SpawnPoolWorker-84| 2026-06-21 22:30:43,007,7 multiprocessing INFO See log at : ./logs/all_Lyapunov_test_dso-fn_d_all_t_01_log.txt
SpawnPoolWorker-84| 2026-06-21 22:30:43,012,12 multiprocessing INFO child process calling self.run()
SpawnPoolWorker-100| 2026-06-21 22:30:43,023,23 multiprocessing INFO STARTING NEW RUN ==========
SpawnPoolWorker-100| 2026-06-21 22:30:43,023,23 multiprocessing INFO SEE LOG AT : ./logs/all_Lyapunov_test_dso-fn_d_all_t_01_log.txt
SpawnPoolWorker-100| 2026-06-21 22:30:43,023,23 multiprocessing INFO See log at : ./logs/all_Lyapunov_test_dso-fn_d_all_t_01_log.txt
SpawnPoolWorker-100| 2026-06-21 22:30:43,025,25 multiprocessing INFO child process calling self.run()
SpawnPoolWorker-98| 2026-06-21 22:30:43,049,49 multiprocessing INFO STARTING NEW RUN ==========
SpawnPoolWorker-98| 2026-06-21 22:30:43,049,49 multiprocessing INFO SEE LOG AT : ./logs/all_Lyapunov_test_dso-fn_d_all_t_01_log.txt
SpawnPoolWorker-98| 2026-06-21 22:30:43,049,49 multiprocessing INFO See log at : ./logs/all_Lyapunov_test_dso-fn_d_all_t_01_log.txt
SpawnPoolWorker-98| 2026-06-21 22:30:43,051,51 multiprocessing INFO child process calling self.run()
SpawnPoolWorker-101| 2026-06-21 22:30:43,098,98 multiprocessing INFO STARTING NEW RUN ==========
SpawnPoolWorker-101| 2026-06-21 22:30:43,098,98 multiprocessing INFO SEE LOG AT : ./logs/all_Lyapunov_test_dso-fn_d_all_t_01_log.txt
SpawnPoolWorker-101| 2026-06-21 22:30:43,098,98 multiprocessing INFO See log at : ./logs/all_Lyapunov_test_dso-fn_d_all_t_01_log.txt
SpawnPoolWorker-101| 2026-06-21 22:30:43,100,100 multiprocessing INFO child process calling self.run()
SpawnPoolWorker-85| 2026-06-21 22:30:43,171,171 multiprocessing INFO STARTING NEW RUN ==========
SpawnPoolWorker-85| 2026-06-21 22:30:43,171,171 multiprocessing INFO SEE LOG AT : ./logs/all_Lyapunov_test_dso-fn_d_all_t_01_log.txt
SpawnPoolWorker-85| 2026-06-21 22:30:43,171,171 multiprocessing INFO See log at : ./logs/all_Lyapunov_test_dso-fn_d_all_t_01_log.txt
SpawnPoolWorker-85| 2026-06-21 22:30:43,172,172 multiprocessing INFO child process calling self.run()
SpawnPoolWorker-90| 2026-06-21 22:30:43,197,197 multiprocessing INFO STARTING NEW RUN ==========
SpawnPoolWorker-90| 2026-06-21 22:30:43,197,197 multiprocessing INFO SEE LOG AT : ./logs/all_Lyapunov_test_dso-fn_d_all_t_01_log.txt
SpawnPoolWorker-90| 2026-06-21 22:30:43,197,197 multiprocessing INFO See log at : ./logs/all_Lyapunov_test_dso-fn_d_all_t_01_log.txt
SpawnPoolWorker-90| 2026-06-21 22:30:43,199,199 multiprocessing INFO child process calling self.run()
SpawnPoolWorker-92| 2026-06-21 22:30:43,208,208 multiprocessing INFO STARTING NEW RUN ==========
SpawnPoolWorker-92| 2026-06-21 22:30:43,208,208 multiprocessing INFO SEE LOG AT : ./logs/all_Lyapunov_test_dso-fn_d_all_t_01_log.txt
SpawnPoolWorker-92| 2026-06-21 22:30:43,208,208 multiprocessing INFO See log at : ./logs/all_Lyapunov_test_dso-fn_d_all_t_01_log.txt
SpawnPoolWorker-92| 2026-06-21 22:30:43,219,219 multiprocessing INFO child process calling self.run()
SpawnPoolWorker-95| 2026-06-21 22:30:43,253,253 multiprocessing INFO STARTING NEW RUN ==========
SpawnPoolWorker-95| 2026-06-21 22:30:43,253,253 multiprocessing INFO SEE LOG AT : ./logs/all_Lyapunov_test_dso-fn_d_all_t_01_log.txt
SpawnPoolWorker-95| 2026-06-21 22:30:43,253,253 multiprocessing INFO See log at : ./logs/all_Lyapunov_test_dso-fn_d_all_t_01_log.txt
SpawnPoolWorker-95| 2026-06-21 22:30:43,256,256 multiprocessing INFO child process calling self.run()
SpawnPoolWorker-94| 2026-06-21 22:30:43,287,287 multiprocessing INFO STARTING NEW RUN ==========
SpawnPoolWorker-94| 2026-06-21 22:30:43,287,287 multiprocessing INFO SEE LOG AT : ./logs/all_Lyapunov_test_dso-fn_d_all_t_01_log.txt
SpawnPoolWorker-94| 2026-06-21 22:30:43,287,287 multiprocessing INFO See log at : ./logs/all_Lyapunov_test_dso-fn_d_all_t_01_log.txt
SpawnPoolWorker-94| 2026-06-21 22:30:43,289,289 multiprocessing INFO child process calling self.run()
SpawnPoolWorker-88| 2026-06-21 22:30:43,327,327 multiprocessing INFO STARTING NEW RUN ==========
SpawnPoolWorker-88| 2026-06-21 22:30:43,327,327 multiprocessing INFO SEE LOG AT : ./logs/all_Lyapunov_test_dso-fn_d_all_t_01_log.txt
SpawnPoolWorker-88| 2026-06-21 22:30:43,327,327 multiprocessing INFO See log at : ./logs/all_Lyapunov_test_dso-fn_d_all_t_01_log.txt
SpawnPoolWorker-88| 2026-06-21 22:30:43,328,328 multiprocessing INFO child process calling self.run()
SpawnPoolWorker-96| 2026-06-21 22:30:43,427,427 multiprocessing INFO STARTING NEW RUN ==========
SpawnPoolWorker-96| 2026-06-21 22:30:43,427,427 multiprocessing INFO SEE LOG AT : ./logs/all_Lyapunov_test_dso-fn_d_all_t_01_log.txt
SpawnPoolWorker-96| 2026-06-21 22:30:43,427,427 multiprocessing INFO See log at : ./logs/all_Lyapunov_test_dso-fn_d_all_t_01_log.txt
SpawnPoolWorker-96| 2026-06-21 22:30:43,429,429 multiprocessing INFO child process calling self.run()
SpawnPoolWorker-99| 2026-06-21 22:30:43,444,444 multiprocessing INFO STARTING NEW RUN ==========
SpawnPoolWorker-99| 2026-06-21 22:30:43,444,444 multiprocessing INFO SEE LOG AT : ./logs/all_Lyapunov_test_dso-fn_d_all_t_01_log.txt
SpawnPoolWorker-99| 2026-06-21 22:30:43,444,444 multiprocessing INFO See log at : ./logs/all_Lyapunov_test_dso-fn_d_all_t_01_log.txt
SpawnPoolWorker-99| 2026-06-21 22:30:43,446,446 multiprocessing INFO child process calling self.run()
SpawnPoolWorker-92| 2026-06-21 22:30:43,465,465 multiprocessing INFO process shutting down
SpawnPoolWorker-82| 2026-06-21 22:30:43,465,465 multiprocessing INFO process shutting down
SpawnPoolWorker-91| 2026-06-21 22:30:43,465,465 multiprocessing INFO process shutting down
SpawnPoolWorker-95| 2026-06-21 22:30:43,465,465 multiprocessing INFO process shutting down
SpawnPoolWorker-92| 2026-06-21 22:30:43,465,465 multiprocessing INFO process exiting with exitcode 0
SpawnPoolWorker-91| 2026-06-21 22:30:43,465,465 multiprocessing INFO process exiting with exitcode 0
SpawnPoolWorker-94| 2026-06-21 22:30:43,465,465 multiprocessing INFO process shutting down
SpawnPoolWorker-82| 2026-06-21 22:30:43,465,465 multiprocessing INFO process exiting with exitcode 0
SpawnPoolWorker-95| 2026-06-21 22:30:43,465,465 multiprocessing INFO process exiting with exitcode 0
SpawnPoolWorker-102| 2026-06-21 22:30:43,465,465 multiprocessing INFO process shutting down
SpawnPoolWorker-79| 2026-06-21 22:30:43,465,465 multiprocessing INFO process shutting down
SpawnPoolWorker-94| 2026-06-21 22:30:43,465,465 multiprocessing INFO process exiting with exitcode 0
SpawnPoolWorker-86| 2026-06-21 22:30:43,465,465 multiprocessing INFO process shutting down
SpawnPoolWorker-83| 2026-06-21 22:30:43,465,465 multiprocessing INFO process shutting down
SpawnPoolWorker-88| 2026-06-21 22:30:43,466,466 multiprocessing INFO process shutting down
SpawnPoolWorker-101| 2026-06-21 22:30:43,466,466 multiprocessing INFO process shutting down
SpawnPoolWorker-81| 2026-06-21 22:30:43,466,466 multiprocessing INFO process shutting down
SpawnPoolWorker-87| 2026-06-21 22:30:43,466,466 multiprocessing INFO process shutting down
SpawnPoolWorker-93| 2026-06-21 22:30:43,466,466 multiprocessing INFO process shutting down
SpawnPoolWorker-80| 2026-06-21 22:30:43,466,466 multiprocessing INFO process shutting down
SpawnPoolWorker-97| 2026-06-21 22:30:43,466,466 multiprocessing INFO process shutting down
SpawnPoolWorker-89| 2026-06-21 22:30:43,466,466 multiprocessing INFO process shutting down
SpawnPoolWorker-100| 2026-06-21 22:30:43,466,466 multiprocessing INFO process shutting down
SpawnPoolWorker-96| 2026-06-21 22:30:43,466,466 multiprocessing INFO process shutting down
SpawnPoolWorker-98| 2026-06-21 22:30:43,466,466 multiprocessing INFO process shutting down
SpawnPoolWorker-85| 2026-06-21 22:30:43,466,466 multiprocessing INFO process shutting down
SpawnPoolWorker-99| 2026-06-21 22:30:43,466,466 multiprocessing INFO process shutting down
SpawnPoolWorker-84| 2026-06-21 22:30:43,466,466 multiprocessing INFO process shutting down
SpawnPoolWorker-90| 2026-06-21 22:30:43,466,466 multiprocessing INFO process shutting down
30
(30000, 3)
(30000,)
(30000, 3)
(30000,)

=======================Successfully Added (15000, 3) Counter Examples=======================


============None of the candidates fulfill the conditions. Training CONTINUES!=================

MainProcess| 2026-06-21 22:30:44,133,133 multiprocessing INFO 
============None of the candidates fulfill the conditions. Training CONTINUES!=================


============None of the candidates fulfill the conditions. Training CONTINUES!=================

(55, 32)
/users/9/chen8596/miniconda3/envs/alfd/lib/python3.9/site-packages/torch/nn/functional.py:4999: UserWarning: Support for mismatched key_padding_mask and attn_mask is deprecated. Use same type for both instead.
  warnings.warn(

==============Start Supervised Learning==============

MainProcess| 2026-06-21 22:30:45,331,331 multiprocessing INFO GP output mean: 0.997098794811809
GP output mean: 0.997098794811809
MainProcess| 2026-06-21 22:30:45,498,498 multiprocessing INFO GP output success rate: 0.0
GP output success rate: 0.0

==============End Supervised Learning==============

MainProcess| 2026-06-21 22:30:46,341,341 multiprocessing INFO [Test epoch=0003]  nevals=41185 	| train_loss=4202.74512 	| eqs_invalid %=0.00 	| r_best=0.98999 	| quantile=0.82315 	| r_quantile_mean=0.92401 	| r_raw_sum=134.52885 	|  r_raw_mean=0.44399 	| r2=nan 	| acc_iid=0.00000 	| acc_ood=0.00000 	| nmse_test=0.0005949766534314771 	| true_equation_set_count=0 	| s/it=86.36834
[Test epoch=0003]  nevals=41185 	| train_loss=4202.74512 	| eqs_invalid %=0.00 	| r_best=0.98999 	| quantile=0.82315 	| r_quantile_mean=0.92401 	| r_raw_sum=134.52885 	|  r_raw_mean=0.44399 	| r2=nan 	| acc_iid=0.00000 	| acc_ood=0.00000 	| nmse_test=0.0005949766534314771 	| true_equation_set_count=0 	| s/it=86.36834
MainProcess| 2026-06-21 22:31:10,132,132 multiprocessing INFO Genetic Porgramming Runtime 23.537031220970675
Genetic Porgramming Runtime 23.537031220970675

=========================PGD Collection Starts=========================

SpawnPoolWorker-108| 2026-06-21 22:31:14,943,943 multiprocessing INFO STARTING NEW RUN ==========
SpawnPoolWorker-108| 2026-06-21 22:31:14,943,943 multiprocessing INFO SEE LOG AT : ./logs/all_Lyapunov_test_dso-fn_d_all_t_01_log.txt
SpawnPoolWorker-108| 2026-06-21 22:31:14,948,948 multiprocessing INFO See log at : ./logs/all_Lyapunov_test_dso-fn_d_all_t_01_log.txt
SpawnPoolWorker-105| 2026-06-21 22:31:14,948,948 multiprocessing INFO STARTING NEW RUN ==========
SpawnPoolWorker-110| 2026-06-21 22:31:14,948,948 multiprocessing INFO STARTING NEW RUN ==========
SpawnPoolWorker-105| 2026-06-21 22:31:14,949,949 multiprocessing INFO SEE LOG AT : ./logs/all_Lyapunov_test_dso-fn_d_all_t_01_log.txt
SpawnPoolWorker-105| 2026-06-21 22:31:14,949,949 multiprocessing INFO See log at : ./logs/all_Lyapunov_test_dso-fn_d_all_t_01_log.txt
SpawnPoolWorker-110| 2026-06-21 22:31:14,949,949 multiprocessing INFO SEE LOG AT : ./logs/all_Lyapunov_test_dso-fn_d_all_t_01_log.txt
SpawnPoolWorker-103| 2026-06-21 22:31:14,949,949 multiprocessing INFO STARTING NEW RUN ==========
SpawnPoolWorker-110| 2026-06-21 22:31:14,949,949 multiprocessing INFO See log at : ./logs/all_Lyapunov_test_dso-fn_d_all_t_01_log.txt
SpawnPoolWorker-103| 2026-06-21 22:31:14,949,949 multiprocessing INFO SEE LOG AT : ./logs/all_Lyapunov_test_dso-fn_d_all_t_01_log.txt
SpawnPoolWorker-103| 2026-06-21 22:31:14,949,949 multiprocessing INFO See log at : ./logs/all_Lyapunov_test_dso-fn_d_all_t_01_log.txt
SpawnPoolWorker-108| 2026-06-21 22:31:14,950,950 multiprocessing INFO child process calling self.run()
SpawnPoolWorker-105| 2026-06-21 22:31:14,950,950 multiprocessing INFO child process calling self.run()
SpawnPoolWorker-110| 2026-06-21 22:31:14,950,950 multiprocessing INFO child process calling self.run()
SpawnPoolWorker-103| 2026-06-21 22:31:14,950,950 multiprocessing INFO child process calling self.run()
SpawnPoolWorker-104| 2026-06-21 22:31:14,972,972 multiprocessing INFO STARTING NEW RUN ==========
SpawnPoolWorker-107| 2026-06-21 22:31:14,972,972 multiprocessing INFO STARTING NEW RUN ==========
SpawnPoolWorker-106| 2026-06-21 22:31:14,972,972 multiprocessing INFO STARTING NEW RUN ==========
SpawnPoolWorker-104| 2026-06-21 22:31:14,972,972 multiprocessing INFO SEE LOG AT : ./logs/all_Lyapunov_test_dso-fn_d_all_t_01_log.txt
SpawnPoolWorker-106| 2026-06-21 22:31:14,972,972 multiprocessing INFO SEE LOG AT : ./logs/all_Lyapunov_test_dso-fn_d_all_t_01_log.txt
SpawnPoolWorker-107| 2026-06-21 22:31:14,972,972 multiprocessing INFO SEE LOG AT : ./logs/all_Lyapunov_test_dso-fn_d_all_t_01_log.txt
SpawnPoolWorker-104| 2026-06-21 22:31:14,972,972 multiprocessing INFO See log at : ./logs/all_Lyapunov_test_dso-fn_d_all_t_01_log.txt
SpawnPoolWorker-106| 2026-06-21 22:31:14,972,972 multiprocessing INFO See log at : ./logs/all_Lyapunov_test_dso-fn_d_all_t_01_log.txt
SpawnPoolWorker-107| 2026-06-21 22:31:14,972,972 multiprocessing INFO See log at : ./logs/all_Lyapunov_test_dso-fn_d_all_t_01_log.txt
SpawnPoolWorker-104| 2026-06-21 22:31:14,973,973 multiprocessing INFO child process calling self.run()
SpawnPoolWorker-107| 2026-06-21 22:31:14,973,973 multiprocessing INFO child process calling self.run()
SpawnPoolWorker-106| 2026-06-21 22:31:14,973,973 multiprocessing INFO child process calling self.run()
SpawnPoolWorker-109| 2026-06-21 22:31:15,045,45 multiprocessing INFO STARTING NEW RUN ==========
SpawnPoolWorker-109| 2026-06-21 22:31:15,045,45 multiprocessing INFO SEE LOG AT : ./logs/all_Lyapunov_test_dso-fn_d_all_t_01_log.txt
SpawnPoolWorker-109| 2026-06-21 22:31:15,045,45 multiprocessing INFO See log at : ./logs/all_Lyapunov_test_dso-fn_d_all_t_01_log.txt
SpawnPoolWorker-109| 2026-06-21 22:31:15,047,47 multiprocessing INFO child process calling self.run()
SpawnPoolWorker-111| 2026-06-21 22:31:15,073,73 multiprocessing INFO STARTING NEW RUN ==========
SpawnPoolWorker-111| 2026-06-21 22:31:15,073,73 multiprocessing INFO SEE LOG AT : ./logs/all_Lyapunov_test_dso-fn_d_all_t_01_log.txt
SpawnPoolWorker-111| 2026-06-21 22:31:15,073,73 multiprocessing INFO See log at : ./logs/all_Lyapunov_test_dso-fn_d_all_t_01_log.txt
SpawnPoolWorker-111| 2026-06-21 22:31:15,075,75 multiprocessing INFO child process calling self.run()
SpawnPoolWorker-112| 2026-06-21 22:31:15,149,149 multiprocessing INFO STARTING NEW RUN ==========
SpawnPoolWorker-112| 2026-06-21 22:31:15,149,149 multiprocessing INFO SEE LOG AT : ./logs/all_Lyapunov_test_dso-fn_d_all_t_01_log.txt
SpawnPoolWorker-112| 2026-06-21 22:31:15,149,149 multiprocessing INFO See log at : ./logs/all_Lyapunov_test_dso-fn_d_all_t_01_log.txt
SpawnPoolWorker-112| 2026-06-21 22:31:15,150,150 multiprocessing INFO child process calling self.run()
SpawnPoolWorker-111| 2026-06-21 22:31:42,388,388 multiprocessing INFO process shutting down
SpawnPoolWorker-110| 2026-06-21 22:31:42,388,388 multiprocessing INFO process shutting down
SpawnPoolWorker-111| 2026-06-21 22:31:42,388,388 multiprocessing INFO process exiting with exitcode 0
SpawnPoolWorker-110| 2026-06-21 22:31:42,388,388 multiprocessing INFO process exiting with exitcode 0
SpawnPoolWorker-109| 2026-06-21 22:31:42,388,388 multiprocessing INFO process shutting down
SpawnPoolWorker-104| 2026-06-21 22:31:42,388,388 multiprocessing INFO process shutting down
SpawnPoolWorker-106| 2026-06-21 22:31:42,388,388 multiprocessing INFO process shutting down
SpawnPoolWorker-107| 2026-06-21 22:31:42,388,388 multiprocessing INFO process shutting down
SpawnPoolWorker-105| 2026-06-21 22:31:42,388,388 multiprocessing INFO process shutting down
(6000,)

===================Collect 6000 Examples===================

Epsilon 0.1
500
(550,)
(550,)
(55,)
Number of Programs for Minimization: 28
SpawnPoolWorker-121| 2026-06-21 22:31:55,093,93 multiprocessing INFO STARTING NEW RUN ==========
SpawnPoolWorker-121| 2026-06-21 22:31:55,093,93 multiprocessing INFO SEE LOG AT : ./logs/all_Lyapunov_test_dso-fn_d_all_t_01_log.txt
SpawnPoolWorker-121| 2026-06-21 22:31:55,093,93 multiprocessing INFO See log at : ./logs/all_Lyapunov_test_dso-fn_d_all_t_01_log.txt
SpawnPoolWorker-122| 2026-06-21 22:31:55,095,95 multiprocessing INFO STARTING NEW RUN ==========
SpawnPoolWorker-122| 2026-06-21 22:31:55,098,98 multiprocessing INFO SEE LOG AT : ./logs/all_Lyapunov_test_dso-fn_d_all_t_01_log.txt
SpawnPoolWorker-122| 2026-06-21 22:31:55,098,98 multiprocessing INFO See log at : ./logs/all_Lyapunov_test_dso-fn_d_all_t_01_log.txt
SpawnPoolWorker-122| 2026-06-21 22:31:55,100,100 multiprocessing INFO child process calling self.run()
SpawnPoolWorker-121| 2026-06-21 22:31:55,101,101 multiprocessing INFO child process calling self.run()
SpawnPoolWorker-114| 2026-06-21 22:31:55,144,144 multiprocessing INFO STARTING NEW RUN ==========
SpawnPoolWorker-114| 2026-06-21 22:31:55,144,144 multiprocessing INFO SEE LOG AT : ./logs/all_Lyapunov_test_dso-fn_d_all_t_01_log.txt
SpawnPoolWorker-114| 2026-06-21 22:31:55,144,144 multiprocessing INFO See log at : ./logs/all_Lyapunov_test_dso-fn_d_all_t_01_log.txt
SpawnPoolWorker-114| 2026-06-21 22:31:55,153,153 multiprocessing INFO child process calling self.run()
SpawnPoolWorker-134| 2026-06-21 22:31:55,356,356 multiprocessing INFO STARTING NEW RUN ==========
SpawnPoolWorker-134| 2026-06-21 22:31:55,356,356 multiprocessing INFO SEE LOG AT : ./logs/all_Lyapunov_test_dso-fn_d_all_t_01_log.txt
SpawnPoolWorker-134| 2026-06-21 22:31:55,356,356 multiprocessing INFO See log at : ./logs/all_Lyapunov_test_dso-fn_d_all_t_01_log.txt
SpawnPoolWorker-134| 2026-06-21 22:31:55,358,358 multiprocessing INFO child process calling self.run()
SpawnPoolWorker-123| 2026-06-21 22:31:55,370,370 multiprocessing INFO STARTING NEW RUN ==========
SpawnPoolWorker-123| 2026-06-21 22:31:55,370,370 multiprocessing INFO SEE LOG AT : ./logs/all_Lyapunov_test_dso-fn_d_all_t_01_log.txt
SpawnPoolWorker-123| 2026-06-21 22:31:55,370,370 multiprocessing INFO See log at : ./logs/all_Lyapunov_test_dso-fn_d_all_t_01_log.txt
SpawnPoolWorker-123| 2026-06-21 22:31:55,372,372 multiprocessing INFO child process calling self.run()
SpawnPoolWorker-116| 2026-06-21 22:31:55,422,422 multiprocessing INFO STARTING NEW RUN ==========
SpawnPoolWorker-116| 2026-06-21 22:31:55,422,422 multiprocessing INFO SEE LOG AT : ./logs/all_Lyapunov_test_dso-fn_d_all_t_01_log.txt
SpawnPoolWorker-116| 2026-06-21 22:31:55,422,422 multiprocessing INFO See log at : ./logs/all_Lyapunov_test_dso-fn_d_all_t_01_log.txt
SpawnPoolWorker-116| 2026-06-21 22:31:55,424,424 multiprocessing INFO child process calling self.run()
SpawnPoolWorker-125| 2026-06-21 22:31:55,427,427 multiprocessing INFO STARTING NEW RUN ==========
SpawnPoolWorker-125| 2026-06-21 22:31:55,427,427 multiprocessing INFO SEE LOG AT : ./logs/all_Lyapunov_test_dso-fn_d_all_t_01_log.txt
SpawnPoolWorker-125| 2026-06-21 22:31:55,427,427 multiprocessing INFO See log at : ./logs/all_Lyapunov_test_dso-fn_d_all_t_01_log.txt
SpawnPoolWorker-120| 2026-06-21 22:31:55,431,431 multiprocessing INFO STARTING NEW RUN ==========
SpawnPoolWorker-120| 2026-06-21 22:31:55,431,431 multiprocessing INFO SEE LOG AT : ./logs/all_Lyapunov_test_dso-fn_d_all_t_01_log.txt
SpawnPoolWorker-120| 2026-06-21 22:31:55,431,431 multiprocessing INFO See log at : ./logs/all_Lyapunov_test_dso-fn_d_all_t_01_log.txt
SpawnPoolWorker-125| 2026-06-21 22:31:55,433,433 multiprocessing INFO child process calling self.run()
SpawnPoolWorker-120| 2026-06-21 22:31:55,437,437 multiprocessing INFO child process calling self.run()
SpawnPoolWorker-115| 2026-06-21 22:31:55,520,520 multiprocessing INFO STARTING NEW RUN ==========
SpawnPoolWorker-115| 2026-06-21 22:31:55,520,520 multiprocessing INFO SEE LOG AT : ./logs/all_Lyapunov_test_dso-fn_d_all_t_01_log.txt
SpawnPoolWorker-115| 2026-06-21 22:31:55,520,520 multiprocessing INFO See log at : ./logs/all_Lyapunov_test_dso-fn_d_all_t_01_log.txt
SpawnPoolWorker-115| 2026-06-21 22:31:55,527,527 multiprocessing INFO child process calling self.run()
SpawnPoolWorker-113| 2026-06-21 22:31:55,559,559 multiprocessing INFO STARTING NEW RUN ==========
SpawnPoolWorker-113| 2026-06-21 22:31:55,559,559 multiprocessing INFO SEE LOG AT : ./logs/all_Lyapunov_test_dso-fn_d_all_t_01_log.txt
SpawnPoolWorker-113| 2026-06-21 22:31:55,559,559 multiprocessing INFO See log at : ./logs/all_Lyapunov_test_dso-fn_d_all_t_01_log.txt
SpawnPoolWorker-113| 2026-06-21 22:31:55,560,560 multiprocessing INFO child process calling self.run()
SpawnPoolWorker-119| 2026-06-21 22:31:55,595,595 multiprocessing INFO STARTING NEW RUN ==========
SpawnPoolWorker-119| 2026-06-21 22:31:55,595,595 multiprocessing INFO SEE LOG AT : ./logs/all_Lyapunov_test_dso-fn_d_all_t_01_log.txt
SpawnPoolWorker-119| 2026-06-21 22:31:55,595,595 multiprocessing INFO See log at : ./logs/all_Lyapunov_test_dso-fn_d_all_t_01_log.txt
SpawnPoolWorker-119| 2026-06-21 22:31:55,601,601 multiprocessing INFO child process calling self.run()
SpawnPoolWorker-128| 2026-06-21 22:31:55,639,639 multiprocessing INFO STARTING NEW RUN ==========
SpawnPoolWorker-128| 2026-06-21 22:31:55,639,639 multiprocessing INFO SEE LOG AT : ./logs/all_Lyapunov_test_dso-fn_d_all_t_01_log.txt
SpawnPoolWorker-128| 2026-06-21 22:31:55,639,639 multiprocessing INFO See log at : ./logs/all_Lyapunov_test_dso-fn_d_all_t_01_log.txt
SpawnPoolWorker-128| 2026-06-21 22:31:55,642,642 multiprocessing INFO child process calling self.run()
SpawnPoolWorker-132| 2026-06-21 22:31:55,645,645 multiprocessing INFO STARTING NEW RUN ==========
SpawnPoolWorker-132| 2026-06-21 22:31:55,645,645 multiprocessing INFO SEE LOG AT : ./logs/all_Lyapunov_test_dso-fn_d_all_t_01_log.txt
SpawnPoolWorker-132| 2026-06-21 22:31:55,645,645 multiprocessing INFO See log at : ./logs/all_Lyapunov_test_dso-fn_d_all_t_01_log.txt
SpawnPoolWorker-132| 2026-06-21 22:31:55,650,650 multiprocessing INFO child process calling self.run()
SpawnPoolWorker-126| 2026-06-21 22:31:55,652,652 multiprocessing INFO STARTING NEW RUN ==========
SpawnPoolWorker-126| 2026-06-21 22:31:55,652,652 multiprocessing INFO SEE LOG AT : ./logs/all_Lyapunov_test_dso-fn_d_all_t_01_log.txt
SpawnPoolWorker-126| 2026-06-21 22:31:55,652,652 multiprocessing INFO See log at : ./logs/all_Lyapunov_test_dso-fn_d_all_t_01_log.txt
SpawnPoolWorker-126| 2026-06-21 22:31:55,656,656 multiprocessing INFO child process calling self.run()
SpawnPoolWorker-131| 2026-06-21 22:31:55,756,756 multiprocessing INFO STARTING NEW RUN ==========
SpawnPoolWorker-131| 2026-06-21 22:31:55,756,756 multiprocessing INFO SEE LOG AT : ./logs/all_Lyapunov_test_dso-fn_d_all_t_01_log.txt
SpawnPoolWorker-131| 2026-06-21 22:31:55,756,756 multiprocessing INFO See log at : ./logs/all_Lyapunov_test_dso-fn_d_all_t_01_log.txt
SpawnPoolWorker-131| 2026-06-21 22:31:55,758,758 multiprocessing INFO child process calling self.run()
SpawnPoolWorker-124| 2026-06-21 22:31:55,789,789 multiprocessing INFO STARTING NEW RUN ==========
SpawnPoolWorker-124| 2026-06-21 22:31:55,790,790 multiprocessing INFO SEE LOG AT : ./logs/all_Lyapunov_test_dso-fn_d_all_t_01_log.txt
SpawnPoolWorker-124| 2026-06-21 22:31:55,790,790 multiprocessing INFO See log at : ./logs/all_Lyapunov_test_dso-fn_d_all_t_01_log.txt
SpawnPoolWorker-118| 2026-06-21 22:31:55,792,792 multiprocessing INFO STARTING NEW RUN ==========
SpawnPoolWorker-118| 2026-06-21 22:31:55,792,792 multiprocessing INFO SEE LOG AT : ./logs/all_Lyapunov_test_dso-fn_d_all_t_01_log.txt
SpawnPoolWorker-118| 2026-06-21 22:31:55,792,792 multiprocessing INFO See log at : ./logs/all_Lyapunov_test_dso-fn_d_all_t_01_log.txt
SpawnPoolWorker-117| 2026-06-21 22:31:55,793,793 multiprocessing INFO STARTING NEW RUN ==========
SpawnPoolWorker-117| 2026-06-21 22:31:55,793,793 multiprocessing INFO SEE LOG AT : ./logs/all_Lyapunov_test_dso-fn_d_all_t_01_log.txt
SpawnPoolWorker-117| 2026-06-21 22:31:55,793,793 multiprocessing INFO See log at : ./logs/all_Lyapunov_test_dso-fn_d_all_t_01_log.txt
SpawnPoolWorker-118| 2026-06-21 22:31:55,794,794 multiprocessing INFO child process calling self.run()
SpawnPoolWorker-117| 2026-06-21 22:31:55,795,795 multiprocessing INFO child process calling self.run()
SpawnPoolWorker-130| 2026-06-21 22:31:55,795,795 multiprocessing INFO STARTING NEW RUN ==========
SpawnPoolWorker-130| 2026-06-21 22:31:55,795,795 multiprocessing INFO SEE LOG AT : ./logs/all_Lyapunov_test_dso-fn_d_all_t_01_log.txt
SpawnPoolWorker-130| 2026-06-21 22:31:55,796,796 multiprocessing INFO See log at : ./logs/all_Lyapunov_test_dso-fn_d_all_t_01_log.txt
SpawnPoolWorker-130| 2026-06-21 22:31:55,799,799 multiprocessing INFO child process calling self.run()
SpawnPoolWorker-124| 2026-06-21 22:31:55,802,802 multiprocessing INFO child process calling self.run()
SpawnPoolWorker-127| 2026-06-21 22:31:55,890,890 multiprocessing INFO STARTING NEW RUN ==========
SpawnPoolWorker-127| 2026-06-21 22:31:55,890,890 multiprocessing INFO SEE LOG AT : ./logs/all_Lyapunov_test_dso-fn_d_all_t_01_log.txt
SpawnPoolWorker-127| 2026-06-21 22:31:55,890,890 multiprocessing INFO See log at : ./logs/all_Lyapunov_test_dso-fn_d_all_t_01_log.txt
SpawnPoolWorker-127| 2026-06-21 22:31:55,891,891 multiprocessing INFO child process calling self.run()
SpawnPoolWorker-129| 2026-06-21 22:31:56,009,9 multiprocessing INFO STARTING NEW RUN ==========
SpawnPoolWorker-129| 2026-06-21 22:31:56,009,9 multiprocessing INFO SEE LOG AT : ./logs/all_Lyapunov_test_dso-fn_d_all_t_01_log.txt
SpawnPoolWorker-129| 2026-06-21 22:31:56,009,9 multiprocessing INFO See log at : ./logs/all_Lyapunov_test_dso-fn_d_all_t_01_log.txt
SpawnPoolWorker-129| 2026-06-21 22:31:56,011,11 multiprocessing INFO child process calling self.run()
SpawnPoolWorker-136| 2026-06-21 22:31:56,022,22 multiprocessing INFO STARTING NEW RUN ==========
SpawnPoolWorker-136| 2026-06-21 22:31:56,023,23 multiprocessing INFO SEE LOG AT : ./logs/all_Lyapunov_test_dso-fn_d_all_t_01_log.txt
SpawnPoolWorker-136| 2026-06-21 22:31:56,023,23 multiprocessing INFO See log at : ./logs/all_Lyapunov_test_dso-fn_d_all_t_01_log.txt
SpawnPoolWorker-136| 2026-06-21 22:31:56,027,27 multiprocessing INFO child process calling self.run()
SpawnPoolWorker-133| 2026-06-21 22:31:56,038,38 multiprocessing INFO STARTING NEW RUN ==========
SpawnPoolWorker-133| 2026-06-21 22:31:56,038,38 multiprocessing INFO SEE LOG AT : ./logs/all_Lyapunov_test_dso-fn_d_all_t_01_log.txt
SpawnPoolWorker-133| 2026-06-21 22:31:56,038,38 multiprocessing INFO See log at : ./logs/all_Lyapunov_test_dso-fn_d_all_t_01_log.txt
SpawnPoolWorker-133| 2026-06-21 22:31:56,040,40 multiprocessing INFO child process calling self.run()
SpawnPoolWorker-135| 2026-06-21 22:31:56,057,57 multiprocessing INFO STARTING NEW RUN ==========
SpawnPoolWorker-135| 2026-06-21 22:31:56,057,57 multiprocessing INFO SEE LOG AT : ./logs/all_Lyapunov_test_dso-fn_d_all_t_01_log.txt
SpawnPoolWorker-135| 2026-06-21 22:31:56,057,57 multiprocessing INFO See log at : ./logs/all_Lyapunov_test_dso-fn_d_all_t_01_log.txt
SpawnPoolWorker-135| 2026-06-21 22:31:56,059,59 multiprocessing INFO child process calling self.run()
SpawnPoolWorker-125| 2026-06-21 22:31:56,123,123 multiprocessing INFO process shutting down
SpawnPoolWorker-123| 2026-06-21 22:31:56,123,123 multiprocessing INFO process shutting down
SpawnPoolWorker-125| 2026-06-21 22:31:56,123,123 multiprocessing INFO process exiting with exitcode 0
SpawnPoolWorker-127| 2026-06-21 22:31:56,123,123 multiprocessing INFO process shutting down
SpawnPoolWorker-123| 2026-06-21 22:31:56,123,123 multiprocessing INFO process exiting with exitcode 0
SpawnPoolWorker-134| 2026-06-21 22:31:56,123,123 multiprocessing INFO process shutting down
SpawnPoolWorker-127| 2026-06-21 22:31:56,123,123 multiprocessing INFO process exiting with exitcode 0
SpawnPoolWorker-113| 2026-06-21 22:31:56,123,123 multiprocessing INFO process shutting down
SpawnPoolWorker-120| 2026-06-21 22:31:56,123,123 multiprocessing INFO process shutting down
SpawnPoolWorker-122| 2026-06-21 22:31:56,123,123 multiprocessing INFO process shutting down
SpawnPoolWorker-119| 2026-06-21 22:31:56,123,123 multiprocessing INFO process shutting down
SpawnPoolWorker-129| 2026-06-21 22:31:56,123,123 multiprocessing INFO process shutting down
SpawnPoolWorker-121| 2026-06-21 22:31:56,123,123 multiprocessing INFO process shutting down
SpawnPoolWorker-116| 2026-06-21 22:31:56,124,124 multiprocessing INFO process shutting down
SpawnPoolWorker-136| 2026-06-21 22:31:56,124,124 multiprocessing INFO process shutting down
SpawnPoolWorker-114| 2026-06-21 22:31:56,123,123 multiprocessing INFO process shutting down
SpawnPoolWorker-128| 2026-06-21 22:31:56,124,124 multiprocessing INFO process shutting down
SpawnPoolWorker-133| 2026-06-21 22:31:56,124,124 multiprocessing INFO process shutting down
SpawnPoolWorker-124| 2026-06-21 22:31:56,124,124 multiprocessing INFO process shutting down
SpawnPoolWorker-118| 2026-06-21 22:31:56,124,124 multiprocessing INFO process shutting down
SpawnPoolWorker-115| 2026-06-21 22:31:56,124,124 multiprocessing INFO process shutting down
SpawnPoolWorker-135| 2026-06-21 22:31:56,124,124 multiprocessing INFO process shutting down
SpawnPoolWorker-132| 2026-06-21 22:31:56,124,124 multiprocessing INFO process shutting down
SpawnPoolWorker-126| 2026-06-21 22:31:56,124,124 multiprocessing INFO process shutting down
SpawnPoolWorker-131| 2026-06-21 22:31:56,124,124 multiprocessing INFO process shutting down
SpawnPoolWorker-117| 2026-06-21 22:31:56,124,124 multiprocessing INFO process shutting down
SpawnPoolWorker-130| 2026-06-21 22:31:56,124,124 multiprocessing INFO process shutting down
28
(30000, 3)
(30000,)
(30000, 3)
(30000,)

=======================Successfully Added (1056, 3) Counter Examples=======================

Number of valid equations: 4. Program should stopped
x2**2 + 2*x3**2 - cos(x1)**2
[x2**2 + 2*x3**2 - cos(x1)**2, x2**2 + 2*x3**2 - cos(x1)**2, x2**2 + x3**2 - cos(x1)**2, x2**2 + x3**2 - cos(x1)**2]
MainProcess| 2026-06-21 22:42:14,723,723 multiprocessing INFO Number of valid equations: 4. Program should stopped
Number of valid equations: 4. Program should stopped
MainProcess| 2026-06-21 22:42:14,724,724 multiprocessing INFO x2**2 + 2*x3**2 - cos(x1)**2
x2**2 + 2*x3**2 - cos(x1)**2
MainProcess| 2026-06-21 22:42:14,726,726 multiprocessing INFO [x2**2 + 2*x3**2 - cos(x1)**2, x2**2 + 2*x3**2 - cos(x1)**2, x2**2 + x3**2 - cos(x1)**2, x2**2 + x3**2 - cos(x1)**2]
[x2**2 + 2*x3**2 - cos(x1)**2, x2**2 + 2*x3**2 - cos(x1)**2, x2**2 + x3**2 - cos(x1)**2, x2**2 + x3**2 - cos(x1)**2]
(55, 32)
/users/9/chen8596/miniconda3/envs/alfd/lib/python3.9/site-packages/torch/nn/functional.py:4999: UserWarning: Support for mismatched key_padding_mask and attn_mask is deprecated. Use same type for both instead.
  warnings.warn(
/users/9/chen8596/LyaDis/repro/runs/trig3d/utils/train.py:971: RuntimeWarning: divide by zero encountered in divide
  error = np.abs(((y_hat - y) / y))
/users/9/chen8596/.local/lib/python3.9/site-packages/scipy/stats/_stats_py.py:4424: ConstantInputWarning: An input array is constant; the correlation coefficient is not defined.
  warnings.warn(stats.ConstantInputWarning(msg))
MainProcess| 2026-06-21 22:42:15,054,54 multiprocessing INFO [Test epoch=0004]  nevals=54921 	| train_loss=3559.21362 	| eqs_invalid %=0.91 	| r_best=0.99579 	| quantile=0.85898 	| r_quantile_mean=0.97918 	| r_raw_sum=110.57924 	|  r_raw_mean=0.52657 	| r2=nan 	| acc_iid=0.00000 	| acc_ood=0.00000 	| nmse_test=6.704429268620381e-05 	| true_equation_set_count=0 	| s/it=688.71316
[Test epoch=0004]  nevals=54921 	| train_loss=3559.21362 	| eqs_invalid %=0.91 	| r_best=0.99579 	| quantile=0.85898 	| r_quantile_mean=0.97918 	| r_raw_sum=110.57924 	|  r_raw_mean=0.52657 	| r2=nan 	| acc_iid=0.00000 	| acc_ood=0.00000 	| nmse_test=6.704429268620381e-05 	| true_equation_set_count=0 	| s/it=688.71316
MainProcess| 2026-06-21 22:42:15,054,54 multiprocessing INFO [00:00:15:42.64] Training epoch 4/4000, current best R: 0.9958
[00:00:15:42.64] Training epoch 4/4000, current best R: 0.9958
MainProcess| 2026-06-21 22:42:15,054,54 multiprocessing INFO 
	** New best

	** New best
MainProcess| 2026-06-21 22:42:15,054,54 multiprocessing INFO 	Reward: 0.9957924414704492
	Reward: 0.9957924414704492
MainProcess| 2026-06-21 22:42:15,055,55 multiprocessing INFO 	Count Off-policy: 1
	Count Off-policy: 1
MainProcess| 2026-06-21 22:42:15,055,55 multiprocessing INFO 	Count On-policy: 0
	Count On-policy: 0
MainProcess| 2026-06-21 22:42:15,055,55 multiprocessing INFO 	Originally on Policy: False
	Originally on Policy: False
MainProcess| 2026-06-21 22:42:15,055,55 multiprocessing INFO 	Invalid: False
	Invalid: False
MainProcess| 2026-06-21 22:42:15,055,55 multiprocessing INFO 	Traversal: add,n2,x3,add,n2,add,x1,x2,n2,x2
	Traversal: add,n2,x3,add,n2,add,x1,x2,n2,x2
MainProcess| 2026-06-21 22:42:15,055,55 multiprocessing INFO 	Expression:
	Expression:
MainProcess| 2026-06-21 22:42:15,056,56 multiprocessing INFO 
	    2     2            2
	  x₂  + x₃  + (x₁ + x₂) 


	    2     2            2
	  x₂  + x₃  + (x₁ + x₂) 

MainProcess| 2026-06-21 22:42:15,056,56 multiprocessing INFO [00:00:15:42.64] Early stopping criteria met; breaking early.
[00:00:15:42.64] Early stopping criteria met; breaking early.
MainProcess| 2026-06-21 22:42:15,056,56 multiprocessing INFO -- RUNNING EPOCHS END ---------------

-- RUNNING EPOCHS END ---------------

MainProcess| 2026-06-21 22:42:15,056,56 multiprocessing INFO -- EVALUATION START ----------------
-- EVALUATION START ----------------
Saving Hall of Fame to ./log/fn_d_all_t_5_2026-06-21-222631_4/dso_fn_d_all_t_5_13_hof.csv
Saving Pareto Front to ./log/fn_d_all_t_5_2026-06-21-222631_4/dso_fn_d_all_t_5_13_pf.csv
Invalid expressions: 9 of 54921 (0.0%).
Error type counts:
  square: 9 (100.0%)
Error node counts:
  underflow: 9 (100.0%)
MainProcess| 2026-06-21 22:42:15,816,816 multiprocessing INFO 
Priority queue entry 0:

Priority queue entry 0:
MainProcess| 2026-06-21 22:42:15,817,817 multiprocessing INFO 	Reward: 0.9957924414704492
	Reward: 0.9957924414704492
MainProcess| 2026-06-21 22:42:15,817,817 multiprocessing INFO 	Count Off-policy: 1
	Count Off-policy: 1
MainProcess| 2026-06-21 22:42:15,817,817 multiprocessing INFO 	Count On-policy: 0
	Count On-policy: 0
MainProcess| 2026-06-21 22:42:15,817,817 multiprocessing INFO 	Originally on Policy: False
	Originally on Policy: False
MainProcess| 2026-06-21 22:42:15,817,817 multiprocessing INFO 	Invalid: False
	Invalid: False
MainProcess| 2026-06-21 22:42:15,817,817 multiprocessing INFO 	Traversal: add,n2,x3,add,n2,add,x1,x2,n2,x2
	Traversal: add,n2,x3,add,n2,add,x1,x2,n2,x2
MainProcess| 2026-06-21 22:42:15,817,817 multiprocessing INFO 	Expression:
	Expression:
MainProcess| 2026-06-21 22:42:15,818,818 multiprocessing INFO 
	    2     2            2
	  x₂  + x₃  + (x₁ + x₂) 


	    2     2            2
	  x₂  + x₃  + (x₁ + x₂) 

MainProcess| 2026-06-21 22:42:15,818,818 multiprocessing INFO 
Priority queue entry 1:

Priority queue entry 1:
MainProcess| 2026-06-21 22:42:15,818,818 multiprocessing INFO 	Reward: 0.9899894791411473
	Reward: 0.9899894791411473
MainProcess| 2026-06-21 22:42:15,818,818 multiprocessing INFO 	Count Off-policy: 1
	Count Off-policy: 1
MainProcess| 2026-06-21 22:42:15,818,818 multiprocessing INFO 	Count On-policy: 0
	Count On-policy: 0
MainProcess| 2026-06-21 22:42:15,818,818 multiprocessing INFO 	Originally on Policy: False
	Originally on Policy: False
MainProcess| 2026-06-21 22:42:15,818,818 multiprocessing INFO 	Invalid: False
	Invalid: False
MainProcess| 2026-06-21 22:42:15,818,818 multiprocessing INFO 	Traversal: add,n2,x2,n2,sub,mul,x1,n2,sin,x2,x3
	Traversal: add,n2,x2,n2,sub,mul,x1,n2,sin,x2,x3
MainProcess| 2026-06-21 22:42:15,818,818 multiprocessing INFO 	Expression:
	Expression:
MainProcess| 2026-06-21 22:42:15,819,819 multiprocessing INFO 
	                          2
	    2   ⎛      2         ⎞ 
	  x₂  + ⎝x₁⋅sin (x₂) - x₃⎠ 


	                          2
	    2   ⎛      2         ⎞ 
	  x₂  + ⎝x₁⋅sin (x₂) - x₃⎠ 

MainProcess| 2026-06-21 22:42:15,819,819 multiprocessing INFO 
Priority queue entry 2:

Priority queue entry 2:
MainProcess| 2026-06-21 22:42:15,819,819 multiprocessing INFO 	Reward: 0.9571048307312491
	Reward: 0.9571048307312491
MainProcess| 2026-06-21 22:42:15,819,819 multiprocessing INFO 	Count Off-policy: 1
	Count Off-policy: 1
MainProcess| 2026-06-21 22:42:15,819,819 multiprocessing INFO 	Count On-policy: 0
	Count On-policy: 0
MainProcess| 2026-06-21 22:42:15,819,819 multiprocessing INFO 	Originally on Policy: False
	Originally on Policy: False
MainProcess| 2026-06-21 22:42:15,819,819 multiprocessing INFO 	Invalid: False
	Invalid: False
MainProcess| 2026-06-21 22:42:15,819,819 multiprocessing INFO 	Traversal: n2,mul,add,mul,sin,x3,x3,n2,add,x2,x1,x2
	Traversal: n2,mul,add,mul,sin,x3,x3,n2,add,x2,x1,x2
MainProcess| 2026-06-21 22:42:15,819,819 multiprocessing INFO 	Expression:
	Expression:
MainProcess| 2026-06-21 22:42:15,820,820 multiprocessing INFO 
	                               2
	    2 ⎛                      2⎞ 
	  x₂ ⋅⎝x₃⋅sin(x₃) + (x₁ + x₂) ⎠ 


	                               2
	    2 ⎛                      2⎞ 
	  x₂ ⋅⎝x₃⋅sin(x₃) + (x₁ + x₂) ⎠ 

MainProcess| 2026-06-21 22:42:15,820,820 multiprocessing INFO 
Priority queue entry 3:

Priority queue entry 3:
MainProcess| 2026-06-21 22:42:15,820,820 multiprocessing INFO 	Reward: 0.9567122376942085
	Reward: 0.9567122376942085
MainProcess| 2026-06-21 22:42:15,820,820 multiprocessing INFO 	Count Off-policy: 0
	Count Off-policy: 0
MainProcess| 2026-06-21 22:42:15,820,820 multiprocessing INFO 	Count On-policy: 1
	Count On-policy: 1
MainProcess| 2026-06-21 22:42:15,820,820 multiprocessing INFO 	Originally on Policy: True
	Originally on Policy: True
MainProcess| 2026-06-21 22:42:15,820,820 multiprocessing INFO 	Invalid: False
	Invalid: False
MainProcess| 2026-06-21 22:42:15,820,820 multiprocessing INFO 	Traversal: add,sub,add,n2,x3,mul,x2,sin,x2,cos,x1,x3
	Traversal: add,sub,add,n2,x3,mul,x2,sin,x2,cos,x1,x3
MainProcess| 2026-06-21 22:42:15,820,820 multiprocessing INFO 	Expression:
	Expression:
MainProcess| 2026-06-21 22:42:15,821,821 multiprocessing INFO 
	                 2               
	  x₂⋅sin(x₂) + x₃  + x₃ - cos(x₁)


	                 2               
	  x₂⋅sin(x₂) + x₃  + x₃ - cos(x₁)

MainProcess| 2026-06-21 22:42:15,822,822 multiprocessing INFO -- EVALUATION END ------------------
-- EVALUATION END ------------------
MainProcess| 2026-06-21 22:42:15,836,836 multiprocessing INFO == TRAINING SEED 13 END ==============
== TRAINING SEED 13 END ==============
MainProcess| 2026-06-21 22:42:15,836,836 multiprocessing INFO 
== POST-PROCESS START =================

== POST-PROCESS START =================
MainProcess| 2026-06-21 22:42:15,837,837 multiprocessing INFO -- LOADING LOGS START ----------------
-- LOADING LOGS START ----------------
MainProcess| 2026-06-21 22:42:15,895,895 multiprocessing INFO Successfully loaded Hall of Fame data
Successfully loaded Hall of Fame data
MainProcess| 2026-06-21 22:42:18,153,153 multiprocessing INFO Successfully loaded Pareto Front data
Successfully loaded Pareto Front data
MainProcess| 2026-06-21 22:42:18,153,153 multiprocessing INFO *** WARNING:
*** WARNING:
MainProcess| 2026-06-21 22:42:18,153,153 multiprocessing INFO     --> Can't load summary: [Errno 2] No such file or directory: './log/fn_d_all_t_5_2026-06-21-222631_4/summary.csv'
    --> Can't load summary: [Errno 2] No such file or directory: './log/fn_d_all_t_5_2026-06-21-222631_4/summary.csv'
MainProcess| 2026-06-21 22:42:18,153,153 multiprocessing INFO -- LOADING LOGS END ------------------
-- LOADING LOGS END ------------------
MainProcess| 2026-06-21 22:42:18,153,153 multiprocessing INFO 
-- ANALYZING LOG START --------------

-- ANALYZING LOG START --------------
MainProcess| 2026-06-21 22:42:18,153,153 multiprocessing INFO Task_____________regression
Task_____________regression
MainProcess| 2026-06-21 22:42:18,153,153 multiprocessing INFO Source path______./log/fn_d_all_t_5_2026-06-21-222631_4
Source path______./log/fn_d_all_t_5_2026-06-21-222631_4
MainProcess| 2026-06-21 22:42:18,153,153 multiprocessing INFO Runs_____________N/A
Runs_____________N/A
MainProcess| 2026-06-21 22:42:18,153,153 multiprocessing INFO Max Samples/run__2000000
Max Samples/run__2000000
MainProcess| 2026-06-21 22:42:18,153,153 multiprocessing INFO Found issues:
Found issues:
MainProcess| 2026-06-21 22:42:18,153,153 multiprocessing INFO   0
  0
MainProcess| 2026-06-21 22:42:18,153,153 multiprocessing INFO Hall of Fame (Top 5 of 100)____
Hall of Fame (Top 5 of 100)____
MainProcess| 2026-06-21 22:42:18,153,153 multiprocessing INFO     0: S=013 R=0.995871 <-- [x2**2 + x3**2 + (x1 + x2)**2]
    0: S=013 R=0.995871 <-- [x2**2 + x3**2 + (x1 + x2)**2]
MainProcess| 2026-06-21 22:42:18,154,154 multiprocessing INFO     1: S=013 R=0.995792 <-- [x2**2 + x3**2 + (x1 + x2)**2]
    1: S=013 R=0.995792 <-- [x2**2 + x3**2 + (x1 + x2)**2]
MainProcess| 2026-06-21 22:42:18,154,154 multiprocessing INFO     2: S=013 R=0.995781 <-- [x2**2 + 2*x3**2 - cos(x1)**2]
    2: S=013 R=0.995781 <-- [x2**2 + 2*x3**2 - cos(x1)**2]
MainProcess| 2026-06-21 22:42:18,154,154 multiprocessing INFO     3: S=013 R=0.995781 <-- [x2**2 + 2*x3**2 - cos(x1)**2]
    3: S=013 R=0.995781 <-- [x2**2 + 2*x3**2 - cos(x1)**2]
MainProcess| 2026-06-21 22:42:18,154,154 multiprocessing INFO     4: S=013 R=0.995556 <-- [x2**2 + x3**2 + sin(x3**2) - cos(x1)]
    4: S=013 R=0.995556 <-- [x2**2 + x3**2 + sin(x3**2) - cos(x1)]
MainProcess| 2026-06-21 22:42:18,154,154 multiprocessing INFO Pareto Front (5 of 7)____
Pareto Front (5 of 7)____
MainProcess| 2026-06-21 22:42:18,155,155 multiprocessing INFO     0: S=013 R=0.995871 C=10.00 <-- [x2**2 + x3**2 + (x1 + x2)**2]
    0: S=013 R=0.995871 C=10.00 <-- [x2**2 + x3**2 + (x1 + x2)**2]
MainProcess| 2026-06-21 22:42:18,155,155 multiprocessing INFO     1: S=013 R=0.989063 C=9.00 <-- [x2**2 + x3**2*sin(x1)**2]
    1: S=013 R=0.989063 C=9.00 <-- [x2**2 + x3**2*sin(x1)**2]
MainProcess| 2026-06-21 22:42:18,155,155 multiprocessing INFO     2: S=013 R=0.987135 C=8.00 <-- [x1**2 + x2**2 + x3**2]
    2: S=013 R=0.987135 C=8.00 <-- [x1**2 + x2**2 + x3**2]
MainProcess| 2026-06-21 22:42:18,156,156 multiprocessing INFO     3: S=013 R=0.986141 C=7.00 <-- [x1**2*x3**2 + x2**2]
    3: S=013 R=0.986141 C=7.00 <-- [x1**2*x3**2 + x2**2]
MainProcess| 2026-06-21 22:42:18,156,156 multiprocessing INFO     4: S=013 R=0.915584 C=6.00 <-- [(x1 + x2 - x3)**2]
    4: S=013 R=0.915584 C=6.00 <-- [(x1 + x2 - x3)**2]
MainProcess| 2026-06-21 22:42:18,156,156 multiprocessing INFO -- ANALYZING LOG END ----------------
-- ANALYZING LOG END ----------------
MainProcess| 2026-06-21 22:42:18,156,156 multiprocessing INFO == POST-PROCESS END ===================
== POST-PROCESS END ===================
MainProcess| 2026-06-21 22:42:18,158,158 multiprocessing INFO [TEST RESULT] {'seed': 4, 'r': 0.9926681871196837, 'nmse_test': 0.0, 'nmse_test_noiseless': 0.0, 'success': True, 'expression': '[x2**2 + 2*x3**2 - cos(x1)**2]', 'traversal': 'add,n2,x3,add,sub,n2,x2,n2,cos,x1,n2,x3', 'program': add,n2,x3,add,sub,n2,x2,n2,cos,x1,n2,x3, 'error_square': 9, 'error_node_underflow': 9, 'n_epochs': 4, 'n_samples': 54921, 'n_cached': 12929, 't': 943.4226498603821, 'baseline': 'transformer', 'run_seed': 4, 'dataset': 'fn_d_all_t_5'}
[TEST RESULT] {'seed': 4, 'r': 0.9926681871196837, 'nmse_test': 0.0, 'nmse_test_noiseless': 0.0, 'success': True, 'expression': '[x2**2 + 2*x3**2 - cos(x1)**2]', 'traversal': 'add,n2,x3,add,sub,n2,x2,n2,cos,x1,n2,x3', 'program': add,n2,x3,add,sub,n2,x2,n2,cos,x1,n2,x3, 'error_square': 9, 'error_node_underflow': 9, 'n_epochs': 4, 'n_samples': 54921, 'n_cached': 12929, 't': 943.4226498603821, 'baseline': 'transformer', 'run_seed': 4, 'dataset': 'fn_d_all_t_5'}
MainProcess| 2026-06-21 22:42:18,158,158 multiprocessing INFO INFO: Completed run 1 of 1 in 943 s | LATEST TEST_RESULT {'seed': 4, 'r': 0.9926681871196837, 'nmse_test': 0.0, 'nmse_test_noiseless': 0.0, 'success': True, 'expression': '[x2**2 + 2*x3**2 - cos(x1)**2]', 'traversal': 'add,n2,x3,add,sub,n2,x2,n2,cos,x1,n2,x3', 'program': add,n2,x3,add,sub,n2,x2,n2,cos,x1,n2,x3, 'error_square': 9, 'error_node_underflow': 9, 'n_epochs': 4, 'n_samples': 54921, 'n_cached': 12929, 't': 943.4226498603821, 'baseline': 'transformer', 'run_seed': 4, 'dataset': 'fn_d_all_t_5'}
INFO: Completed run 1 of 1 in 943 s | LATEST TEST_RESULT {'seed': 4, 'r': 0.9926681871196837, 'nmse_test': 0.0, 'nmse_test_noiseless': 0.0, 'success': True, 'expression': '[x2**2 + 2*x3**2 - cos(x1)**2]', 'traversal': 'add,n2,x3,add,sub,n2,x2,n2,cos,x1,n2,x3', 'program': add,n2,x3,add,sub,n2,x2,n2,cos,x1,n2,x3, 'error_square': 9, 'error_node_underflow': 9, 'n_epochs': 4, 'n_samples': 54921, 'n_cached': 12929, 't': 943.4226498603821, 'baseline': 'transformer', 'run_seed': 4, 'dataset': 'fn_d_all_t_5'}
MainProcess| 2026-06-21 22:42:18,158,158 multiprocessing INFO Fin.
MainProcess| 2026-06-21 22:42:18,159,159 multiprocessing INFO process shutting down
[job] done sys=trig3d seed=4 end=2026-06-21T22:42:20-05:00
