[job] sys=poly6d benchmark=fn_d_all_m seed=2 host=cn2104 gpu=0 start=2026-06-22T01:53:53-05:00
MainProcess| 2026-06-22 01:54:00,407,407 multiprocessing INFO STARTING NEW RUN ==========
MainProcess| 2026-06-22 01:54:00,407,407 multiprocessing INFO SEE LOG AT : ./logs/all_Lyapunov_test_dso-fn_d_all_m_01_log.txt
MainProcess| 2026-06-22 01:54:00,407,407 multiprocessing INFO See log at : ./logs/all_Lyapunov_test_dso-fn_d_all_m_01_log.txt
MainProcess| 2026-06-22 01:54:00,410,410 multiprocessing INFO               variables           expression                                                                                                                                                                  train_spec test_spec function_set
name                                                                                                                                                                                                                                           
fn_d_all_m_5          6  0*x1+0*x2+0*x3+0*x4  {"x1":{"U":[-1.0,1.0,50000]}, "x2":{"U":[-1.0,1.0,50000]},"x3":{"U":[-1.0,1.0,50000]},"x4":{"U":[-1.0,1.0,50000]},"x5":{"U":[-1.0,1.0,50000]},"x6":{"U":[-1.0,1.0,50000]}}      None         Koza
              variables           expression                                                                                                                                                                  train_spec test_spec function_set
name                                                                                                                                                                                                                                           
fn_d_all_m_5          6  0*x1+0*x2+0*x3+0*x4  {"x1":{"U":[-1.0,1.0,50000]}, "x2":{"U":[-1.0,1.0,50000]},"x3":{"U":[-1.0,1.0,50000]},"x4":{"U":[-1.0,1.0,50000]},"x5":{"U":[-1.0,1.0,50000]},"x6":{"U":[-1.0,1.0,50000]}}      None         Koza

-- BUILDING DATASET START -----------
Benchmark path                 : /users/9/chen8596/LyaDis/repro/runs/poly6d/libs/sd3/dso/dso/task/regression/benchmarks_bkup_1.csv
Generated data for benchmark   : fn_d_all_m_5
-- BUILDING DATASET END -------------

Function set                   : Koza --> ['add', 'sub', 'mul', 'sin', 'cos', 'n2']

MainProcess| 2026-06-22 01:54:00,510,510 multiprocessing INFO [BASELINE_TESTING NOW] dataset=fn_d_all_m_5 	| baseline=transformer 	| seed=2 	| data_samples=50000 	| noise=0.0
MainProcess| 2026-06-22 01:54:00,519,519 multiprocessing INFO [RUN SETTINGS]: test_dataset=fn_d_all_m_5  batch_outer_datasets=24 pre_train=False load_pre_trained_path= priority_queue_training=True gp_meld=True model=TransformerTreeEncoderController train_path= risk_seeking_pg_train=True
[RUN SETTINGS]: test_dataset=fn_d_all_m_5  batch_outer_datasets=24 pre_train=False load_pre_trained_path= priority_queue_training=True gp_meld=True model=TransformerTreeEncoderController train_path= risk_seeking_pg_train=True
MainProcess| 2026-06-22 01:54:00,573,573 multiprocessing INFO Running model : TransformerTreeEncoderController
Running model : TransformerTreeEncoderController

-- BUILDING DATASET START -----------
Benchmark path                 : /users/9/chen8596/LyaDis/repro/runs/poly6d/libs/sd3/dso/dso/task/regression/benchmarks_bkup_1.csv
Generated data for benchmark   : fn_d_all_m_5
-- BUILDING DATASET END -------------

Function set                   : Koza --> ['add', 'sub', 'mul', 'sin', 'cos', 'n2']

MainProcess| 2026-06-22 01:54:00,595,595 multiprocessing INFO Function set: ['x1', 'x2', 'x3', 'x4', 'x5', 'x6', 'add', 'sub', 'mul', 'sin', 'cos', 'n2']

-- BUILDING DATASET START -----------
Benchmark path                 : /users/9/chen8596/LyaDis/repro/runs/poly6d/libs/sd3/dso/dso/task/regression/benchmarks_bkup_1.csv
Generated data for benchmark   : fn_d_all_m_5
-- BUILDING DATASET END -------------

Function set                   : Koza --> ['add', 'sub', 'mul', 'sin', 'cos', 'n2']

-- BUILDING PRIOR START -------------
WARNING: Skipping invalid 'RelationalConstraint' with arguments {'targets': [], 'effectors': [], 'relationship': None}. Reason: Prior disabled.
WARNING: Skipping invalid 'RepeatConstraint' with arguments {'tokens': 'const', 'min_': None, 'max_': 5}. Reason: Uses Tokens not in the Library.
WARNING: Skipping invalid 'InverseUnaryConstraint' with arguments {}. Reason: There are no inverse unary Token pairs in the Library.
WARNING: Skipping invalid 'ConstConstraint' with arguments {}. Reason: Prior disabled.
WARNING: Skipping invalid 'NoInputsConstraint' with arguments {}. Reason: All terminal tokens are input variables, so allsequences will have an input variable.
WARNING: Skipping invalid 'UniformArityPrior' with arguments {}. Reason: Prior disabled.
LengthConstraint: Sequences have minimum length 12.
                  Sequences have maximum length 19.
TrigConstraint: [sin, cos] cannot be a descendant of [sin, cos].
SoftLengthPrior: No description available.
-- BUILDING PRIOR END ---------------

MainProcess| 2026-06-22 01:54:00,800,800 multiprocessing INFO Transformer overwriting hidden size to input_dim 128
Transformer overwriting hidden size to input_dim 128
MainProcess| 2026-06-22 01:54:00,936,936 multiprocessing INFO Encoder params: {'sinuisodal_embeddings': False, 'dec_pf_dim': 32, 'dec_layers': 1, 'dim_hidden': 128, 'lr': 0.0001, 'dropout': 0, 'num_features': 1, 'ln': True, 'N_p': 0, 'num_inds': 64, 'activation': 'relu', 'bit16': False, 'norm': True, 'linear': True, 'input_normalization': False, 'src_pad_idx': 0, 'trg_pad_idx': 0, 'length_eq': 20, 'n_l_enc': 3, 'mean': 0.5, 'std': 0.5, 'dim_input': 64, 'num_heads': 2, 'output_dim': 10}
Encoder params: {'sinuisodal_embeddings': False, 'dec_pf_dim': 32, 'dec_layers': 1, 'dim_hidden': 128, 'lr': 0.0001, 'dropout': 0, 'num_features': 1, 'ln': True, 'N_p': 0, 'num_inds': 64, 'activation': 'relu', 'bit16': False, 'norm': True, 'linear': True, 'input_normalization': False, 'src_pad_idx': 0, 'trg_pad_idx': 0, 'length_eq': 20, 'n_l_enc': 3, 'mean': 0.5, 'std': 0.5, 'dim_input': 64, 'num_heads': 2, 'output_dim': 10}
MainProcess| 2026-06-22 01:54:00,952,952 multiprocessing INFO TransformerTreeEncoderController parameters: 4036960 	 | trainable : 4036960
TransformerTreeEncoderController parameters: 4036960 	 | trainable : 4036960
MainProcess| 2026-06-22 01:54:01,007,7 multiprocessing INFO GP CONFIG : {'verbose': False, 'generations': 35, 'p_crossover': 0.5, 'p_mutate': 0.5, 'tournament_size': 7, 'train_n': 50, 'mutate_tree_max': 3}
GP CONFIG : {'verbose': False, 'generations': 35, 'p_crossover': 0.5, 'p_mutate': 0.5, 'tournament_size': 7, 'train_n': 50, 'mutate_tree_max': 3}
MainProcess| 2026-06-22 01:54:01,106,106 multiprocessing INFO config: {'experiment': {'logdir': './log', 'seed': 13, 'timestamp': '2026-06-22-015400', 'task_name': 'fn_d_all_m_5', 'save_path': './log/fn_d_all_m_5_2026-06-22-015400_2'}, 'task': {'task_type': 'regression', 'dataset': 'fn_d_all_m_5', 'function_set': ['add', 'sub', 'mul', 'sin', 'cos', 'n2'], 'metric': 'lyapunov_risk', 'metric_params': [1.0], 'extra_metric_test': None, 'extra_metric_test_params': [], 'threshold': 1e-12, 'protected': False, 'reward_noise': 0.0, 'reward_noise_type': 'r', 'normalize_variance': False, 'decision_tree_threshold_set': []}, 'training': {'n_epochs': None, 'n_samples': 2000000, 'batch_size': 500, 'epsilon': 0.1, 'baseline': 'R_e', 'alpha': 0.5, 'b_jumpstart': False, 'n_cores_batch': 1, 'complexity': 'token', 'const_optimizer': 'scipy', 'const_params': {'method': 'L-BFGS-B', 'options': {'gtol': 0.001}}, 'verbose': True, 'debug': 0, 'early_stopping': True, 'hof': 100, 'use_memory': False, 'memory_capacity': 1000.0, 'warm_start': None, 'memory_threshold': None, 'save_all_epoch': False, 'save_summary': False, 'save_positional_entropy': False, 'save_pareto_front': True, 'save_cache': False, 'save_cache_r_min': 0.9, 'save_freq': 1, 'save_token_count': False}, 'state_manager': {'observe_action': False, 'observe_parent': True, 'observe_sibling': True, 'observe_dangling': False, 'embedding': True, 'embedding_size': 64}, 'controller': {'max_length': 64, 'cell': 'lstm', 'num_layers': 1, 'num_units': 64, 'initializer': 'zeros', 'learning_rate': 0.0003, 'optimizer': 'adam', 'entropy_weight': 0.005, 'entropy_gamma': 0.8, 'pqt': True, 'pqt_k': 10, 'pqt_batch_size': 1, 'pqt_weight': 200.0, 'pqt_use_pg': False, 'summary': False, 'rl_weight': 1.0}, 'gp_meld': {'generations': 35, 'p_crossover': 0.5, 'p_mutate': 0.5, 'tournament_size': 7, 'train_n': 50, 'mutate_tree_max': 3}, 'prior': {'relational': {'targets': [], 'effectors': [], 'relationship': None}, 'length': {'min_': 12, 'max_': 19}, 'repeat': {'tokens': 'const', 'min_': None, 'max_': 5}, 'inverse': {}, 'trig': {}, 'const': {}, 'no_inputs': {}, 'uniform_arity': {}, 'soft_length': {'loc': 15, 'scale': 5}}, 'postprocess': {'show_count': 5, 'save_plots': True}, 'model': 'TransformerTreeEncoderController', 'function_names_str': 'x1,x2,x3,x4,x5,x6,add,sub,mul,sin,cos,n2', 'nesymres_train_config': {'architecture': {'sinuisodal_embeddings': False, 'dec_pf_dim': 32, 'dec_layers': 1, 'dim_hidden': 128, 'lr': 0.0001, 'dropout': 0, 'num_features': 1, 'ln': True, 'N_p': 0, 'num_inds': 64, 'activation': 'relu', 'bit16': False, 'norm': True, 'linear': True, 'input_normalization': False, 'src_pad_idx': 0, 'trg_pad_idx': 0, 'length_eq': 20, 'n_l_enc': 3, 'mean': 0.5, 'std': 0.5, 'dim_input': 64, 'num_heads': 2, 'output_dim': 10}}}

-- BUILDING DATASET START -----------
Benchmark path                 : /users/9/chen8596/LyaDis/repro/runs/poly6d/libs/sd3/dso/dso/task/regression/benchmarks_bkup_1.csv
Generated data for benchmark   : fn_d_all_m_5
-- BUILDING DATASET END -------------

Function set                   : Koza --> ['add', 'sub', 'mul', 'sin', 'cos', 'n2']

-- RUNNING EPOCHS START -------------
torch.Size([500, 123])
/users/9/chen8596/miniconda3/envs/alfd/lib/python3.9/site-packages/torch/nn/functional.py:4999: UserWarning: Support for mismatched key_padding_mask and attn_mask is deprecated. Use same type for both instead.
  warnings.warn(
/users/9/chen8596/miniconda3/envs/alfd/lib/python3.9/site-packages/torch/nn/functional.py:4999: UserWarning: Support for mismatched key_padding_mask and attn_mask is deprecated. Use same type for both instead.
  warnings.warn(
/users/9/chen8596/miniconda3/envs/alfd/lib/python3.9/site-packages/torch/nn/functional.py:4999: UserWarning: Support for mismatched key_padding_mask and attn_mask is deprecated. Use same type for both instead.
  warnings.warn(
MainProcess| 2026-06-22 01:54:47,630,630 multiprocessing INFO Genetic Porgramming Runtime 43.27133747283369
Genetic Porgramming Runtime 43.27133747283369

=========================PGD Collection Starts=========================

MainProcess| 2026-06-22 01:54:48,747,747 multiprocessing INFO created temp directory /tmp/pymp-vow6_13w
SpawnPoolWorker-2| 2026-06-22 01:54:52,408,408 multiprocessing INFO STARTING NEW RUN ==========
SpawnPoolWorker-4| 2026-06-22 01:54:52,408,408 multiprocessing INFO STARTING NEW RUN ==========
SpawnPoolWorker-2| 2026-06-22 01:54:52,408,408 multiprocessing INFO SEE LOG AT : ./logs/all_Lyapunov_test_dso-fn_d_all_m_01_log.txt
SpawnPoolWorker-4| 2026-06-22 01:54:52,408,408 multiprocessing INFO SEE LOG AT : ./logs/all_Lyapunov_test_dso-fn_d_all_m_01_log.txt
SpawnPoolWorker-2| 2026-06-22 01:54:52,408,408 multiprocessing INFO See log at : ./logs/all_Lyapunov_test_dso-fn_d_all_m_01_log.txt
SpawnPoolWorker-4| 2026-06-22 01:54:52,408,408 multiprocessing INFO See log at : ./logs/all_Lyapunov_test_dso-fn_d_all_m_01_log.txt
SpawnPoolWorker-2| 2026-06-22 01:54:52,410,410 multiprocessing INFO child process calling self.run()
SpawnPoolWorker-4| 2026-06-22 01:54:52,410,410 multiprocessing INFO child process calling self.run()
SpawnPoolWorker-6| 2026-06-22 01:54:52,413,413 multiprocessing INFO STARTING NEW RUN ==========
SpawnPoolWorker-6| 2026-06-22 01:54:52,413,413 multiprocessing INFO SEE LOG AT : ./logs/all_Lyapunov_test_dso-fn_d_all_m_01_log.txt
SpawnPoolWorker-6| 2026-06-22 01:54:52,413,413 multiprocessing INFO See log at : ./logs/all_Lyapunov_test_dso-fn_d_all_m_01_log.txt
SpawnPoolWorker-6| 2026-06-22 01:54:52,415,415 multiprocessing INFO child process calling self.run()
SpawnPoolWorker-1| 2026-06-22 01:54:52,421,421 multiprocessing INFO STARTING NEW RUN ==========
SpawnPoolWorker-1| 2026-06-22 01:54:52,421,421 multiprocessing INFO SEE LOG AT : ./logs/all_Lyapunov_test_dso-fn_d_all_m_01_log.txt
SpawnPoolWorker-1| 2026-06-22 01:54:52,421,421 multiprocessing INFO See log at : ./logs/all_Lyapunov_test_dso-fn_d_all_m_01_log.txt
SpawnPoolWorker-1| 2026-06-22 01:54:52,423,423 multiprocessing INFO child process calling self.run()
SpawnPoolWorker-3| 2026-06-22 01:54:52,432,432 multiprocessing INFO STARTING NEW RUN ==========
SpawnPoolWorker-3| 2026-06-22 01:54:52,432,432 multiprocessing INFO SEE LOG AT : ./logs/all_Lyapunov_test_dso-fn_d_all_m_01_log.txt
SpawnPoolWorker-3| 2026-06-22 01:54:52,432,432 multiprocessing INFO See log at : ./logs/all_Lyapunov_test_dso-fn_d_all_m_01_log.txt
SpawnPoolWorker-3| 2026-06-22 01:54:52,433,433 multiprocessing INFO child process calling self.run()
SpawnPoolWorker-7| 2026-06-22 01:54:52,543,543 multiprocessing INFO STARTING NEW RUN ==========
SpawnPoolWorker-5| 2026-06-22 01:54:52,543,543 multiprocessing INFO STARTING NEW RUN ==========
SpawnPoolWorker-7| 2026-06-22 01:54:52,543,543 multiprocessing INFO SEE LOG AT : ./logs/all_Lyapunov_test_dso-fn_d_all_m_01_log.txt
SpawnPoolWorker-5| 2026-06-22 01:54:52,543,543 multiprocessing INFO SEE LOG AT : ./logs/all_Lyapunov_test_dso-fn_d_all_m_01_log.txt
SpawnPoolWorker-7| 2026-06-22 01:54:52,543,543 multiprocessing INFO See log at : ./logs/all_Lyapunov_test_dso-fn_d_all_m_01_log.txt
SpawnPoolWorker-5| 2026-06-22 01:54:52,543,543 multiprocessing INFO See log at : ./logs/all_Lyapunov_test_dso-fn_d_all_m_01_log.txt
SpawnPoolWorker-7| 2026-06-22 01:54:52,544,544 multiprocessing INFO child process calling self.run()
SpawnPoolWorker-5| 2026-06-22 01:54:52,544,544 multiprocessing INFO child process calling self.run()
SpawnPoolWorker-8| 2026-06-22 01:54:52,565,565 multiprocessing INFO STARTING NEW RUN ==========
SpawnPoolWorker-8| 2026-06-22 01:54:52,565,565 multiprocessing INFO SEE LOG AT : ./logs/all_Lyapunov_test_dso-fn_d_all_m_01_log.txt
SpawnPoolWorker-8| 2026-06-22 01:54:52,566,566 multiprocessing INFO See log at : ./logs/all_Lyapunov_test_dso-fn_d_all_m_01_log.txt
SpawnPoolWorker-8| 2026-06-22 01:54:52,567,567 multiprocessing INFO child process calling self.run()
SpawnPoolWorker-10| 2026-06-22 01:54:52,644,644 multiprocessing INFO STARTING NEW RUN ==========
SpawnPoolWorker-10| 2026-06-22 01:54:52,645,645 multiprocessing INFO SEE LOG AT : ./logs/all_Lyapunov_test_dso-fn_d_all_m_01_log.txt
SpawnPoolWorker-10| 2026-06-22 01:54:52,645,645 multiprocessing INFO See log at : ./logs/all_Lyapunov_test_dso-fn_d_all_m_01_log.txt
SpawnPoolWorker-10| 2026-06-22 01:54:52,646,646 multiprocessing INFO child process calling self.run()
SpawnPoolWorker-9| 2026-06-22 01:54:52,673,673 multiprocessing INFO STARTING NEW RUN ==========
SpawnPoolWorker-9| 2026-06-22 01:54:52,673,673 multiprocessing INFO SEE LOG AT : ./logs/all_Lyapunov_test_dso-fn_d_all_m_01_log.txt
SpawnPoolWorker-9| 2026-06-22 01:54:52,673,673 multiprocessing INFO See log at : ./logs/all_Lyapunov_test_dso-fn_d_all_m_01_log.txt
SpawnPoolWorker-9| 2026-06-22 01:54:52,674,674 multiprocessing INFO child process calling self.run()
SpawnPoolWorker-3| 2026-06-22 01:55:07,555,555 multiprocessing INFO process shutting down
SpawnPoolWorker-2| 2026-06-22 01:55:07,555,555 multiprocessing INFO process shutting down
SpawnPoolWorker-4| 2026-06-22 01:55:07,555,555 multiprocessing INFO process shutting down
SpawnPoolWorker-5| 2026-06-22 01:55:07,555,555 multiprocessing INFO process shutting down
SpawnPoolWorker-8| 2026-06-22 01:55:07,556,556 multiprocessing INFO process shutting down
SpawnPoolWorker-9| 2026-06-22 01:55:07,556,556 multiprocessing INFO process shutting down
SpawnPoolWorker-10| 2026-06-22 01:55:07,556,556 multiprocessing INFO process shutting down
SpawnPoolWorker-7| 2026-06-22 01:55:07,556,556 multiprocessing INFO process shutting down
SpawnPoolWorker-6| 2026-06-22 01:55:07,556,556 multiprocessing INFO process shutting down
(10000,)

===================Collect 10000 Examples===================

Epsilon 0.1
500
(550,)
(550,)
(55,)
Number of Programs for Minimization: 28
SpawnPoolWorker-13| 2026-06-22 01:55:29,298,298 multiprocessing INFO STARTING NEW RUN ==========
SpawnPoolWorker-13| 2026-06-22 01:55:29,300,300 multiprocessing INFO SEE LOG AT : ./logs/all_Lyapunov_test_dso-fn_d_all_m_01_log.txt
SpawnPoolWorker-13| 2026-06-22 01:55:29,300,300 multiprocessing INFO See log at : ./logs/all_Lyapunov_test_dso-fn_d_all_m_01_log.txt
SpawnPoolWorker-13| 2026-06-22 01:55:29,305,305 multiprocessing INFO child process calling self.run()
SpawnPoolWorker-44| 2026-06-22 01:55:29,307,307 multiprocessing INFO STARTING NEW RUN ==========
SpawnPoolWorker-44| 2026-06-22 01:55:29,311,311 multiprocessing INFO SEE LOG AT : ./logs/all_Lyapunov_test_dso-fn_d_all_m_01_log.txt
SpawnPoolWorker-44| 2026-06-22 01:55:29,311,311 multiprocessing INFO See log at : ./logs/all_Lyapunov_test_dso-fn_d_all_m_01_log.txt
SpawnPoolWorker-44| 2026-06-22 01:55:29,312,312 multiprocessing INFO child process calling self.run()
SpawnPoolWorker-11| 2026-06-22 01:55:29,799,799 multiprocessing INFO STARTING NEW RUN ==========
SpawnPoolWorker-11| 2026-06-22 01:55:29,799,799 multiprocessing INFO SEE LOG AT : ./logs/all_Lyapunov_test_dso-fn_d_all_m_01_log.txt
SpawnPoolWorker-11| 2026-06-22 01:55:29,799,799 multiprocessing INFO See log at : ./logs/all_Lyapunov_test_dso-fn_d_all_m_01_log.txt
SpawnPoolWorker-11| 2026-06-22 01:55:29,802,802 multiprocessing INFO child process calling self.run()
SpawnPoolWorker-20| 2026-06-22 01:55:30,219,219 multiprocessing INFO STARTING NEW RUN ==========
SpawnPoolWorker-20| 2026-06-22 01:55:30,221,221 multiprocessing INFO SEE LOG AT : ./logs/all_Lyapunov_test_dso-fn_d_all_m_01_log.txt
SpawnPoolWorker-20| 2026-06-22 01:55:30,223,223 multiprocessing INFO See log at : ./logs/all_Lyapunov_test_dso-fn_d_all_m_01_log.txt
SpawnPoolWorker-20| 2026-06-22 01:55:30,232,232 multiprocessing INFO child process calling self.run()
SpawnPoolWorker-17| 2026-06-22 01:55:30,264,264 multiprocessing INFO STARTING NEW RUN ==========
SpawnPoolWorker-17| 2026-06-22 01:55:30,264,264 multiprocessing INFO SEE LOG AT : ./logs/all_Lyapunov_test_dso-fn_d_all_m_01_log.txt
SpawnPoolWorker-17| 2026-06-22 01:55:30,264,264 multiprocessing INFO See log at : ./logs/all_Lyapunov_test_dso-fn_d_all_m_01_log.txt
SpawnPoolWorker-17| 2026-06-22 01:55:30,268,268 multiprocessing INFO child process calling self.run()
SpawnPoolWorker-26| 2026-06-22 01:55:30,298,298 multiprocessing INFO STARTING NEW RUN ==========
SpawnPoolWorker-26| 2026-06-22 01:55:30,298,298 multiprocessing INFO SEE LOG AT : ./logs/all_Lyapunov_test_dso-fn_d_all_m_01_log.txt
SpawnPoolWorker-26| 2026-06-22 01:55:30,298,298 multiprocessing INFO See log at : ./logs/all_Lyapunov_test_dso-fn_d_all_m_01_log.txt
SpawnPoolWorker-26| 2026-06-22 01:55:30,301,301 multiprocessing INFO child process calling self.run()
SpawnPoolWorker-28| 2026-06-22 01:55:30,384,384 multiprocessing INFO STARTING NEW RUN ==========
SpawnPoolWorker-28| 2026-06-22 01:55:30,384,384 multiprocessing INFO SEE LOG AT : ./logs/all_Lyapunov_test_dso-fn_d_all_m_01_log.txt
SpawnPoolWorker-28| 2026-06-22 01:55:30,384,384 multiprocessing INFO See log at : ./logs/all_Lyapunov_test_dso-fn_d_all_m_01_log.txt
SpawnPoolWorker-25| 2026-06-22 01:55:30,386,386 multiprocessing INFO STARTING NEW RUN ==========
SpawnPoolWorker-25| 2026-06-22 01:55:30,386,386 multiprocessing INFO SEE LOG AT : ./logs/all_Lyapunov_test_dso-fn_d_all_m_01_log.txt
SpawnPoolWorker-25| 2026-06-22 01:55:30,386,386 multiprocessing INFO See log at : ./logs/all_Lyapunov_test_dso-fn_d_all_m_01_log.txt
SpawnPoolWorker-28| 2026-06-22 01:55:30,388,388 multiprocessing INFO child process calling self.run()
SpawnPoolWorker-25| 2026-06-22 01:55:30,392,392 multiprocessing INFO child process calling self.run()
SpawnPoolWorker-16| 2026-06-22 01:55:30,514,514 multiprocessing INFO STARTING NEW RUN ==========
SpawnPoolWorker-16| 2026-06-22 01:55:30,515,515 multiprocessing INFO SEE LOG AT : ./logs/all_Lyapunov_test_dso-fn_d_all_m_01_log.txt
SpawnPoolWorker-16| 2026-06-22 01:55:30,515,515 multiprocessing INFO See log at : ./logs/all_Lyapunov_test_dso-fn_d_all_m_01_log.txt
SpawnPoolWorker-16| 2026-06-22 01:55:30,516,516 multiprocessing INFO child process calling self.run()
SpawnPoolWorker-40| 2026-06-22 01:55:30,594,594 multiprocessing INFO STARTING NEW RUN ==========
SpawnPoolWorker-40| 2026-06-22 01:55:30,594,594 multiprocessing INFO SEE LOG AT : ./logs/all_Lyapunov_test_dso-fn_d_all_m_01_log.txt
SpawnPoolWorker-40| 2026-06-22 01:55:30,594,594 multiprocessing INFO See log at : ./logs/all_Lyapunov_test_dso-fn_d_all_m_01_log.txt
SpawnPoolWorker-40| 2026-06-22 01:55:30,599,599 multiprocessing INFO child process calling self.run()
SpawnPoolWorker-15| 2026-06-22 01:55:30,794,794 multiprocessing INFO STARTING NEW RUN ==========
SpawnPoolWorker-15| 2026-06-22 01:55:30,794,794 multiprocessing INFO SEE LOG AT : ./logs/all_Lyapunov_test_dso-fn_d_all_m_01_log.txt
SpawnPoolWorker-15| 2026-06-22 01:55:30,794,794 multiprocessing INFO See log at : ./logs/all_Lyapunov_test_dso-fn_d_all_m_01_log.txt
SpawnPoolWorker-15| 2026-06-22 01:55:30,797,797 multiprocessing INFO child process calling self.run()
SpawnPoolWorker-12| 2026-06-22 01:55:30,827,827 multiprocessing INFO STARTING NEW RUN ==========
SpawnPoolWorker-12| 2026-06-22 01:55:30,827,827 multiprocessing INFO SEE LOG AT : ./logs/all_Lyapunov_test_dso-fn_d_all_m_01_log.txt
SpawnPoolWorker-12| 2026-06-22 01:55:30,827,827 multiprocessing INFO See log at : ./logs/all_Lyapunov_test_dso-fn_d_all_m_01_log.txt
SpawnPoolWorker-12| 2026-06-22 01:55:30,841,841 multiprocessing INFO child process calling self.run()
SpawnPoolWorker-27| 2026-06-22 01:55:30,871,871 multiprocessing INFO STARTING NEW RUN ==========
SpawnPoolWorker-27| 2026-06-22 01:55:30,871,871 multiprocessing INFO SEE LOG AT : ./logs/all_Lyapunov_test_dso-fn_d_all_m_01_log.txt
SpawnPoolWorker-27| 2026-06-22 01:55:30,871,871 multiprocessing INFO See log at : ./logs/all_Lyapunov_test_dso-fn_d_all_m_01_log.txt
SpawnPoolWorker-27| 2026-06-22 01:55:30,873,873 multiprocessing INFO child process calling self.run()
SpawnPoolWorker-19| 2026-06-22 01:55:30,888,888 multiprocessing INFO STARTING NEW RUN ==========
SpawnPoolWorker-19| 2026-06-22 01:55:30,888,888 multiprocessing INFO SEE LOG AT : ./logs/all_Lyapunov_test_dso-fn_d_all_m_01_log.txt
SpawnPoolWorker-19| 2026-06-22 01:55:30,888,888 multiprocessing INFO See log at : ./logs/all_Lyapunov_test_dso-fn_d_all_m_01_log.txt
SpawnPoolWorker-19| 2026-06-22 01:55:30,890,890 multiprocessing INFO child process calling self.run()
SpawnPoolWorker-24| 2026-06-22 01:55:30,906,906 multiprocessing INFO STARTING NEW RUN ==========
SpawnPoolWorker-24| 2026-06-22 01:55:30,906,906 multiprocessing INFO SEE LOG AT : ./logs/all_Lyapunov_test_dso-fn_d_all_m_01_log.txt
SpawnPoolWorker-24| 2026-06-22 01:55:30,906,906 multiprocessing INFO See log at : ./logs/all_Lyapunov_test_dso-fn_d_all_m_01_log.txt
SpawnPoolWorker-24| 2026-06-22 01:55:30,909,909 multiprocessing INFO child process calling self.run()
SpawnPoolWorker-18| 2026-06-22 01:55:31,086,86 multiprocessing INFO STARTING NEW RUN ==========
SpawnPoolWorker-18| 2026-06-22 01:55:31,086,86 multiprocessing INFO SEE LOG AT : ./logs/all_Lyapunov_test_dso-fn_d_all_m_01_log.txt
SpawnPoolWorker-18| 2026-06-22 01:55:31,086,86 multiprocessing INFO See log at : ./logs/all_Lyapunov_test_dso-fn_d_all_m_01_log.txt
SpawnPoolWorker-18| 2026-06-22 01:55:31,099,99 multiprocessing INFO child process calling self.run()
SpawnPoolWorker-42| 2026-06-22 01:55:31,267,267 multiprocessing INFO STARTING NEW RUN ==========
SpawnPoolWorker-42| 2026-06-22 01:55:31,267,267 multiprocessing INFO SEE LOG AT : ./logs/all_Lyapunov_test_dso-fn_d_all_m_01_log.txt
SpawnPoolWorker-42| 2026-06-22 01:55:31,267,267 multiprocessing INFO See log at : ./logs/all_Lyapunov_test_dso-fn_d_all_m_01_log.txt
SpawnPoolWorker-42| 2026-06-22 01:55:31,271,271 multiprocessing INFO child process calling self.run()
SpawnPoolWorker-30| 2026-06-22 01:55:31,289,289 multiprocessing INFO STARTING NEW RUN ==========
SpawnPoolWorker-30| 2026-06-22 01:55:31,289,289 multiprocessing INFO SEE LOG AT : ./logs/all_Lyapunov_test_dso-fn_d_all_m_01_log.txt
SpawnPoolWorker-30| 2026-06-22 01:55:31,289,289 multiprocessing INFO See log at : ./logs/all_Lyapunov_test_dso-fn_d_all_m_01_log.txt
SpawnPoolWorker-30| 2026-06-22 01:55:31,291,291 multiprocessing INFO child process calling self.run()
SpawnPoolWorker-34| 2026-06-22 01:55:31,363,363 multiprocessing INFO STARTING NEW RUN ==========
SpawnPoolWorker-34| 2026-06-22 01:55:31,363,363 multiprocessing INFO SEE LOG AT : ./logs/all_Lyapunov_test_dso-fn_d_all_m_01_log.txt
SpawnPoolWorker-34| 2026-06-22 01:55:31,363,363 multiprocessing INFO See log at : ./logs/all_Lyapunov_test_dso-fn_d_all_m_01_log.txt
SpawnPoolWorker-34| 2026-06-22 01:55:31,364,364 multiprocessing INFO child process calling self.run()
SpawnPoolWorker-22| 2026-06-22 01:55:31,365,365 multiprocessing INFO STARTING NEW RUN ==========
SpawnPoolWorker-22| 2026-06-22 01:55:31,365,365 multiprocessing INFO SEE LOG AT : ./logs/all_Lyapunov_test_dso-fn_d_all_m_01_log.txt
SpawnPoolWorker-22| 2026-06-22 01:55:31,365,365 multiprocessing INFO See log at : ./logs/all_Lyapunov_test_dso-fn_d_all_m_01_log.txt
SpawnPoolWorker-22| 2026-06-22 01:55:31,370,370 multiprocessing INFO child process calling self.run()
SpawnPoolWorker-48| 2026-06-22 01:55:31,387,387 multiprocessing INFO STARTING NEW RUN ==========
SpawnPoolWorker-35| 2026-06-22 01:55:31,387,387 multiprocessing INFO STARTING NEW RUN ==========
SpawnPoolWorker-48| 2026-06-22 01:55:31,387,387 multiprocessing INFO SEE LOG AT : ./logs/all_Lyapunov_test_dso-fn_d_all_m_01_log.txt
SpawnPoolWorker-35| 2026-06-22 01:55:31,387,387 multiprocessing INFO SEE LOG AT : ./logs/all_Lyapunov_test_dso-fn_d_all_m_01_log.txt
SpawnPoolWorker-48| 2026-06-22 01:55:31,387,387 multiprocessing INFO See log at : ./logs/all_Lyapunov_test_dso-fn_d_all_m_01_log.txt
SpawnPoolWorker-35| 2026-06-22 01:55:31,387,387 multiprocessing INFO See log at : ./logs/all_Lyapunov_test_dso-fn_d_all_m_01_log.txt
SpawnPoolWorker-48| 2026-06-22 01:55:31,389,389 multiprocessing INFO child process calling self.run()
SpawnPoolWorker-29| 2026-06-22 01:55:31,391,391 multiprocessing INFO STARTING NEW RUN ==========
SpawnPoolWorker-29| 2026-06-22 01:55:31,392,392 multiprocessing INFO SEE LOG AT : ./logs/all_Lyapunov_test_dso-fn_d_all_m_01_log.txt
SpawnPoolWorker-29| 2026-06-22 01:55:31,392,392 multiprocessing INFO See log at : ./logs/all_Lyapunov_test_dso-fn_d_all_m_01_log.txt
SpawnPoolWorker-35| 2026-06-22 01:55:31,393,393 multiprocessing INFO child process calling self.run()
SpawnPoolWorker-29| 2026-06-22 01:55:31,395,395 multiprocessing INFO child process calling self.run()
SpawnPoolWorker-31| 2026-06-22 01:55:31,569,569 multiprocessing INFO STARTING NEW RUN ==========
SpawnPoolWorker-31| 2026-06-22 01:55:31,569,569 multiprocessing INFO SEE LOG AT : ./logs/all_Lyapunov_test_dso-fn_d_all_m_01_log.txt
SpawnPoolWorker-31| 2026-06-22 01:55:31,569,569 multiprocessing INFO See log at : ./logs/all_Lyapunov_test_dso-fn_d_all_m_01_log.txt
SpawnPoolWorker-31| 2026-06-22 01:55:31,572,572 multiprocessing INFO child process calling self.run()
SpawnPoolWorker-21| 2026-06-22 01:55:31,816,816 multiprocessing INFO STARTING NEW RUN ==========
SpawnPoolWorker-21| 2026-06-22 01:55:31,816,816 multiprocessing INFO SEE LOG AT : ./logs/all_Lyapunov_test_dso-fn_d_all_m_01_log.txt
SpawnPoolWorker-21| 2026-06-22 01:55:31,816,816 multiprocessing INFO See log at : ./logs/all_Lyapunov_test_dso-fn_d_all_m_01_log.txt
SpawnPoolWorker-21| 2026-06-22 01:55:31,830,830 multiprocessing INFO child process calling self.run()
SpawnPoolWorker-37| 2026-06-22 01:55:31,850,850 multiprocessing INFO STARTING NEW RUN ==========
SpawnPoolWorker-37| 2026-06-22 01:55:31,851,851 multiprocessing INFO SEE LOG AT : ./logs/all_Lyapunov_test_dso-fn_d_all_m_01_log.txt
SpawnPoolWorker-37| 2026-06-22 01:55:31,851,851 multiprocessing INFO See log at : ./logs/all_Lyapunov_test_dso-fn_d_all_m_01_log.txt
SpawnPoolWorker-37| 2026-06-22 01:55:31,857,857 multiprocessing INFO child process calling self.run()
SpawnPoolWorker-53| 2026-06-22 01:55:31,892,892 multiprocessing INFO STARTING NEW RUN ==========
SpawnPoolWorker-53| 2026-06-22 01:55:31,892,892 multiprocessing INFO SEE LOG AT : ./logs/all_Lyapunov_test_dso-fn_d_all_m_01_log.txt
SpawnPoolWorker-53| 2026-06-22 01:55:31,893,893 multiprocessing INFO See log at : ./logs/all_Lyapunov_test_dso-fn_d_all_m_01_log.txt
SpawnPoolWorker-36| 2026-06-22 01:55:31,893,893 multiprocessing INFO STARTING NEW RUN ==========
SpawnPoolWorker-36| 2026-06-22 01:55:31,893,893 multiprocessing INFO SEE LOG AT : ./logs/all_Lyapunov_test_dso-fn_d_all_m_01_log.txt
SpawnPoolWorker-36| 2026-06-22 01:55:31,893,893 multiprocessing INFO See log at : ./logs/all_Lyapunov_test_dso-fn_d_all_m_01_log.txt
SpawnPoolWorker-36| 2026-06-22 01:55:31,898,898 multiprocessing INFO child process calling self.run()
SpawnPoolWorker-53| 2026-06-22 01:55:31,898,898 multiprocessing INFO child process calling self.run()
SpawnPoolWorker-41| 2026-06-22 01:55:32,140,140 multiprocessing INFO STARTING NEW RUN ==========
SpawnPoolWorker-41| 2026-06-22 01:55:32,140,140 multiprocessing INFO SEE LOG AT : ./logs/all_Lyapunov_test_dso-fn_d_all_m_01_log.txt
SpawnPoolWorker-41| 2026-06-22 01:55:32,140,140 multiprocessing INFO See log at : ./logs/all_Lyapunov_test_dso-fn_d_all_m_01_log.txt
SpawnPoolWorker-41| 2026-06-22 01:55:32,146,146 multiprocessing INFO child process calling self.run()
SpawnPoolWorker-56| 2026-06-22 01:55:32,174,174 multiprocessing INFO STARTING NEW RUN ==========
SpawnPoolWorker-56| 2026-06-22 01:55:32,174,174 multiprocessing INFO SEE LOG AT : ./logs/all_Lyapunov_test_dso-fn_d_all_m_01_log.txt
SpawnPoolWorker-56| 2026-06-22 01:55:32,174,174 multiprocessing INFO See log at : ./logs/all_Lyapunov_test_dso-fn_d_all_m_01_log.txt
SpawnPoolWorker-56| 2026-06-22 01:55:32,176,176 multiprocessing INFO child process calling self.run()
SpawnPoolWorker-43| 2026-06-22 01:55:32,220,220 multiprocessing INFO STARTING NEW RUN ==========
SpawnPoolWorker-43| 2026-06-22 01:55:32,221,221 multiprocessing INFO SEE LOG AT : ./logs/all_Lyapunov_test_dso-fn_d_all_m_01_log.txt
SpawnPoolWorker-43| 2026-06-22 01:55:32,221,221 multiprocessing INFO See log at : ./logs/all_Lyapunov_test_dso-fn_d_all_m_01_log.txt
SpawnPoolWorker-43| 2026-06-22 01:55:32,222,222 multiprocessing INFO child process calling self.run()
SpawnPoolWorker-47| 2026-06-22 01:55:32,422,422 multiprocessing INFO STARTING NEW RUN ==========
SpawnPoolWorker-47| 2026-06-22 01:55:32,422,422 multiprocessing INFO SEE LOG AT : ./logs/all_Lyapunov_test_dso-fn_d_all_m_01_log.txt
SpawnPoolWorker-47| 2026-06-22 01:55:32,422,422 multiprocessing INFO See log at : ./logs/all_Lyapunov_test_dso-fn_d_all_m_01_log.txt
SpawnPoolWorker-47| 2026-06-22 01:55:32,432,432 multiprocessing INFO child process calling self.run()
SpawnPoolWorker-55| 2026-06-22 01:55:32,482,482 multiprocessing INFO STARTING NEW RUN ==========
SpawnPoolWorker-55| 2026-06-22 01:55:32,482,482 multiprocessing INFO SEE LOG AT : ./logs/all_Lyapunov_test_dso-fn_d_all_m_01_log.txt
SpawnPoolWorker-55| 2026-06-22 01:55:32,482,482 multiprocessing INFO See log at : ./logs/all_Lyapunov_test_dso-fn_d_all_m_01_log.txt
SpawnPoolWorker-55| 2026-06-22 01:55:32,488,488 multiprocessing INFO child process calling self.run()
SpawnPoolWorker-57| 2026-06-22 01:55:32,537,537 multiprocessing INFO STARTING NEW RUN ==========
SpawnPoolWorker-57| 2026-06-22 01:55:32,537,537 multiprocessing INFO SEE LOG AT : ./logs/all_Lyapunov_test_dso-fn_d_all_m_01_log.txt
SpawnPoolWorker-57| 2026-06-22 01:55:32,537,537 multiprocessing INFO See log at : ./logs/all_Lyapunov_test_dso-fn_d_all_m_01_log.txt
SpawnPoolWorker-57| 2026-06-22 01:55:32,539,539 multiprocessing INFO child process calling self.run()
SpawnPoolWorker-33| 2026-06-22 01:55:32,558,558 multiprocessing INFO STARTING NEW RUN ==========
SpawnPoolWorker-33| 2026-06-22 01:55:32,558,558 multiprocessing INFO SEE LOG AT : ./logs/all_Lyapunov_test_dso-fn_d_all_m_01_log.txt
SpawnPoolWorker-33| 2026-06-22 01:55:32,558,558 multiprocessing INFO See log at : ./logs/all_Lyapunov_test_dso-fn_d_all_m_01_log.txt
SpawnPoolWorker-33| 2026-06-22 01:55:32,567,567 multiprocessing INFO child process calling self.run()
SpawnPoolWorker-51| 2026-06-22 01:55:32,618,618 multiprocessing INFO STARTING NEW RUN ==========
SpawnPoolWorker-51| 2026-06-22 01:55:32,618,618 multiprocessing INFO SEE LOG AT : ./logs/all_Lyapunov_test_dso-fn_d_all_m_01_log.txt
SpawnPoolWorker-51| 2026-06-22 01:55:32,618,618 multiprocessing INFO See log at : ./logs/all_Lyapunov_test_dso-fn_d_all_m_01_log.txt
SpawnPoolWorker-51| 2026-06-22 01:55:32,626,626 multiprocessing INFO child process calling self.run()
SpawnPoolWorker-39| 2026-06-22 01:55:32,675,675 multiprocessing INFO STARTING NEW RUN ==========
SpawnPoolWorker-39| 2026-06-22 01:55:32,675,675 multiprocessing INFO SEE LOG AT : ./logs/all_Lyapunov_test_dso-fn_d_all_m_01_log.txt
SpawnPoolWorker-39| 2026-06-22 01:55:32,675,675 multiprocessing INFO See log at : ./logs/all_Lyapunov_test_dso-fn_d_all_m_01_log.txt
SpawnPoolWorker-39| 2026-06-22 01:55:32,678,678 multiprocessing INFO child process calling self.run()
SpawnPoolWorker-14| 2026-06-22 01:55:32,683,683 multiprocessing INFO STARTING NEW RUN ==========
SpawnPoolWorker-14| 2026-06-22 01:55:32,683,683 multiprocessing INFO SEE LOG AT : ./logs/all_Lyapunov_test_dso-fn_d_all_m_01_log.txt
SpawnPoolWorker-14| 2026-06-22 01:55:32,683,683 multiprocessing INFO See log at : ./logs/all_Lyapunov_test_dso-fn_d_all_m_01_log.txt
SpawnPoolWorker-14| 2026-06-22 01:55:32,686,686 multiprocessing INFO child process calling self.run()
SpawnPoolWorker-45| 2026-06-22 01:55:32,871,871 multiprocessing INFO STARTING NEW RUN ==========
SpawnPoolWorker-45| 2026-06-22 01:55:32,871,871 multiprocessing INFO SEE LOG AT : ./logs/all_Lyapunov_test_dso-fn_d_all_m_01_log.txt
SpawnPoolWorker-45| 2026-06-22 01:55:32,871,871 multiprocessing INFO See log at : ./logs/all_Lyapunov_test_dso-fn_d_all_m_01_log.txt
SpawnPoolWorker-38| 2026-06-22 01:55:32,877,877 multiprocessing INFO STARTING NEW RUN ==========
SpawnPoolWorker-38| 2026-06-22 01:55:32,877,877 multiprocessing INFO SEE LOG AT : ./logs/all_Lyapunov_test_dso-fn_d_all_m_01_log.txt
SpawnPoolWorker-38| 2026-06-22 01:55:32,877,877 multiprocessing INFO See log at : ./logs/all_Lyapunov_test_dso-fn_d_all_m_01_log.txt
SpawnPoolWorker-45| 2026-06-22 01:55:32,878,878 multiprocessing INFO child process calling self.run()
SpawnPoolWorker-38| 2026-06-22 01:55:32,886,886 multiprocessing INFO child process calling self.run()
SpawnPoolWorker-50| 2026-06-22 01:55:32,931,931 multiprocessing INFO STARTING NEW RUN ==========
SpawnPoolWorker-50| 2026-06-22 01:55:32,931,931 multiprocessing INFO SEE LOG AT : ./logs/all_Lyapunov_test_dso-fn_d_all_m_01_log.txt
SpawnPoolWorker-50| 2026-06-22 01:55:32,931,931 multiprocessing INFO See log at : ./logs/all_Lyapunov_test_dso-fn_d_all_m_01_log.txt
SpawnPoolWorker-32| 2026-06-22 01:55:32,933,933 multiprocessing INFO STARTING NEW RUN ==========
SpawnPoolWorker-32| 2026-06-22 01:55:32,934,934 multiprocessing INFO SEE LOG AT : ./logs/all_Lyapunov_test_dso-fn_d_all_m_01_log.txt
SpawnPoolWorker-32| 2026-06-22 01:55:32,934,934 multiprocessing INFO See log at : ./logs/all_Lyapunov_test_dso-fn_d_all_m_01_log.txt
SpawnPoolWorker-50| 2026-06-22 01:55:32,934,934 multiprocessing INFO child process calling self.run()
SpawnPoolWorker-32| 2026-06-22 01:55:32,936,936 multiprocessing INFO child process calling self.run()
SpawnPoolWorker-52| 2026-06-22 01:55:33,293,293 multiprocessing INFO STARTING NEW RUN ==========
SpawnPoolWorker-52| 2026-06-22 01:55:33,293,293 multiprocessing INFO SEE LOG AT : ./logs/all_Lyapunov_test_dso-fn_d_all_m_01_log.txt
SpawnPoolWorker-52| 2026-06-22 01:55:33,293,293 multiprocessing INFO See log at : ./logs/all_Lyapunov_test_dso-fn_d_all_m_01_log.txt
SpawnPoolWorker-52| 2026-06-22 01:55:33,295,295 multiprocessing INFO child process calling self.run()
SpawnPoolWorker-54| 2026-06-22 01:55:33,505,505 multiprocessing INFO STARTING NEW RUN ==========
SpawnPoolWorker-54| 2026-06-22 01:55:33,506,506 multiprocessing INFO SEE LOG AT : ./logs/all_Lyapunov_test_dso-fn_d_all_m_01_log.txt
SpawnPoolWorker-54| 2026-06-22 01:55:33,506,506 multiprocessing INFO See log at : ./logs/all_Lyapunov_test_dso-fn_d_all_m_01_log.txt
SpawnPoolWorker-54| 2026-06-22 01:55:33,507,507 multiprocessing INFO child process calling self.run()
SpawnPoolWorker-23| 2026-06-22 01:55:33,553,553 multiprocessing INFO STARTING NEW RUN ==========
SpawnPoolWorker-23| 2026-06-22 01:55:33,553,553 multiprocessing INFO SEE LOG AT : ./logs/all_Lyapunov_test_dso-fn_d_all_m_01_log.txt
SpawnPoolWorker-23| 2026-06-22 01:55:33,553,553 multiprocessing INFO See log at : ./logs/all_Lyapunov_test_dso-fn_d_all_m_01_log.txt
SpawnPoolWorker-23| 2026-06-22 01:55:33,558,558 multiprocessing INFO child process calling self.run()
SpawnPoolWorker-49| 2026-06-22 01:55:33,645,645 multiprocessing INFO STARTING NEW RUN ==========
SpawnPoolWorker-49| 2026-06-22 01:55:33,645,645 multiprocessing INFO SEE LOG AT : ./logs/all_Lyapunov_test_dso-fn_d_all_m_01_log.txt
SpawnPoolWorker-49| 2026-06-22 01:55:33,646,646 multiprocessing INFO See log at : ./logs/all_Lyapunov_test_dso-fn_d_all_m_01_log.txt
SpawnPoolWorker-49| 2026-06-22 01:55:33,651,651 multiprocessing INFO child process calling self.run()
SpawnPoolWorker-58| 2026-06-22 01:55:33,831,831 multiprocessing INFO STARTING NEW RUN ==========
SpawnPoolWorker-58| 2026-06-22 01:55:33,831,831 multiprocessing INFO SEE LOG AT : ./logs/all_Lyapunov_test_dso-fn_d_all_m_01_log.txt
SpawnPoolWorker-58| 2026-06-22 01:55:33,831,831 multiprocessing INFO See log at : ./logs/all_Lyapunov_test_dso-fn_d_all_m_01_log.txt
SpawnPoolWorker-58| 2026-06-22 01:55:33,834,834 multiprocessing INFO child process calling self.run()
SpawnPoolWorker-46| 2026-06-22 01:55:33,911,911 multiprocessing INFO STARTING NEW RUN ==========
SpawnPoolWorker-46| 2026-06-22 01:55:33,911,911 multiprocessing INFO SEE LOG AT : ./logs/all_Lyapunov_test_dso-fn_d_all_m_01_log.txt
SpawnPoolWorker-46| 2026-06-22 01:55:33,911,911 multiprocessing INFO See log at : ./logs/all_Lyapunov_test_dso-fn_d_all_m_01_log.txt
SpawnPoolWorker-46| 2026-06-22 01:55:33,913,913 multiprocessing INFO child process calling self.run()
SpawnPoolWorker-41| 2026-06-22 01:55:34,451,451 multiprocessing INFO process shutting down
SpawnPoolWorker-17| 2026-06-22 01:55:34,453,453 multiprocessing INFO process shutting down
SpawnPoolWorker-16| 2026-06-22 01:55:34,453,453 multiprocessing INFO process shutting down
SpawnPoolWorker-24| 2026-06-22 01:55:34,453,453 multiprocessing INFO process shutting down
SpawnPoolWorker-29| 2026-06-22 01:55:34,453,453 multiprocessing INFO process shutting down
SpawnPoolWorker-17| 2026-06-22 01:55:34,453,453 multiprocessing INFO process exiting with exitcode 0
SpawnPoolWorker-41| 2026-06-22 01:55:34,453,453 multiprocessing INFO process exiting with exitcode 0
SpawnPoolWorker-31| 2026-06-22 01:55:34,453,453 multiprocessing INFO process shutting down
SpawnPoolWorker-16| 2026-06-22 01:55:34,453,453 multiprocessing INFO process exiting with exitcode 0
SpawnPoolWorker-37| 2026-06-22 01:55:34,453,453 multiprocessing INFO process shutting down
SpawnPoolWorker-24| 2026-06-22 01:55:34,453,453 multiprocessing INFO process exiting with exitcode 0
SpawnPoolWorker-53| 2026-06-22 01:55:34,453,453 multiprocessing INFO process shutting down
SpawnPoolWorker-29| 2026-06-22 01:55:34,453,453 multiprocessing INFO process exiting with exitcode 0
SpawnPoolWorker-56| 2026-06-22 01:55:34,451,451 multiprocessing INFO process shutting down
SpawnPoolWorker-43| 2026-06-22 01:55:34,451,451 multiprocessing INFO process shutting down
SpawnPoolWorker-47| 2026-06-22 01:55:34,451,451 multiprocessing INFO process shutting down
SpawnPoolWorker-31| 2026-06-22 01:55:34,453,453 multiprocessing INFO process exiting with exitcode 0
SpawnPoolWorker-55| 2026-06-22 01:55:34,451,451 multiprocessing INFO process shutting down
SpawnPoolWorker-37| 2026-06-22 01:55:34,453,453 multiprocessing INFO process exiting with exitcode 0
SpawnPoolWorker-57| 2026-06-22 01:55:34,451,451 multiprocessing INFO process shutting down
SpawnPoolWorker-33| 2026-06-22 01:55:34,451,451 multiprocessing INFO process shutting down
SpawnPoolWorker-51| 2026-06-22 01:55:34,451,451 multiprocessing INFO process shutting down
SpawnPoolWorker-39| 2026-06-22 01:55:34,451,451 multiprocessing INFO process shutting down
SpawnPoolWorker-14| 2026-06-22 01:55:34,451,451 multiprocessing INFO process shutting down
SpawnPoolWorker-45| 2026-06-22 01:55:34,451,451 multiprocessing INFO process shutting down
SpawnPoolWorker-38| 2026-06-22 01:55:34,451,451 multiprocessing INFO process shutting down
SpawnPoolWorker-50| 2026-06-22 01:55:34,451,451 multiprocessing INFO process shutting down
SpawnPoolWorker-32| 2026-06-22 01:55:34,451,451 multiprocessing INFO process shutting down
SpawnPoolWorker-44| 2026-06-22 01:55:34,451,451 multiprocessing INFO process shutting down
SpawnPoolWorker-19| 2026-06-22 01:55:34,453,453 multiprocessing INFO process shutting down
SpawnPoolWorker-35| 2026-06-22 01:55:34,453,453 multiprocessing INFO process shutting down
SpawnPoolWorker-52| 2026-06-22 01:55:34,452,452 multiprocessing INFO process shutting down
SpawnPoolWorker-40| 2026-06-22 01:55:34,452,452 multiprocessing INFO process shutting down
SpawnPoolWorker-54| 2026-06-22 01:55:34,452,452 multiprocessing INFO process shutting down
SpawnPoolWorker-21| 2026-06-22 01:55:34,453,453 multiprocessing INFO process shutting down
SpawnPoolWorker-36| 2026-06-22 01:55:34,454,454 multiprocessing INFO process shutting down
SpawnPoolWorker-23| 2026-06-22 01:55:34,452,452 multiprocessing INFO process shutting down
SpawnPoolWorker-18| 2026-06-22 01:55:34,454,454 multiprocessing INFO process shutting down
SpawnPoolWorker-15| 2026-06-22 01:55:34,452,452 multiprocessing INFO process shutting down
SpawnPoolWorker-49| 2026-06-22 01:55:34,452,452 multiprocessing INFO process shutting down
SpawnPoolWorker-58| 2026-06-22 01:55:34,452,452 multiprocessing INFO process shutting down
SpawnPoolWorker-46| 2026-06-22 01:55:34,452,452 multiprocessing INFO process shutting down
SpawnPoolWorker-53| 2026-06-22 01:55:34,456,456 multiprocessing INFO process exiting with exitcode 0
28
(100000, 6)
(100000,)
(100000, 6)
(100000,)

=======================Successfully Added (50000, 6) Counter Examples=======================


============None of the candidates fulfill the conditions. Training CONTINUES!=================

MainProcess| 2026-06-22 01:55:36,407,407 multiprocessing INFO 
============None of the candidates fulfill the conditions. Training CONTINUES!=================


============None of the candidates fulfill the conditions. Training CONTINUES!=================

(55, 123)
/users/9/chen8596/miniconda3/envs/alfd/lib/python3.9/site-packages/torch/nn/functional.py:4999: UserWarning: Support for mismatched key_padding_mask and attn_mask is deprecated. Use same type for both instead.
  warnings.warn(

==============Start Supervised Learning==============

MainProcess| 2026-06-22 01:55:39,969,969 multiprocessing INFO GP output mean: 0.8659567350149053
GP output mean: 0.8659567350149053
MainProcess| 2026-06-22 01:55:40,415,415 multiprocessing INFO GP output success rate: 0.0
GP output success rate: 0.0

==============End Supervised Learning==============

/users/9/chen8596/LyaDis/repro/runs/poly6d/utils/train.py:971: RuntimeWarning: divide by zero encountered in divide
  error = np.abs(((y_hat - y) / y))
/users/9/chen8596/.local/lib/python3.9/site-packages/scipy/stats/_stats_py.py:4424: ConstantInputWarning: An input array is constant; the correlation coefficient is not defined.
  warnings.warn(stats.ConstantInputWarning(msg))
MainProcess| 2026-06-22 01:55:41,928,928 multiprocessing INFO [Test epoch=0001]  nevals=13616 	| train_loss=9453.76270 	| eqs_invalid %=0.00 	| r_best=0.98074 	| quantile=0.41640 	| r_quantile_mean=0.89269 	| r_raw_sum=52.95122 	|  r_raw_mean=0.80229 	| r2=nan 	| acc_iid=0.00000 	| acc_ood=0.00000 	| nmse_test=0.29006867455973795 	| true_equation_set_count=0 	| s/it=100.78413
[Test epoch=0001]  nevals=13616 	| train_loss=9453.76270 	| eqs_invalid %=0.00 	| r_best=0.98074 	| quantile=0.41640 	| r_quantile_mean=0.89269 	| r_raw_sum=52.95122 	|  r_raw_mean=0.80229 	| r2=nan 	| acc_iid=0.00000 	| acc_ood=0.00000 	| nmse_test=0.29006867455973795 	| true_equation_set_count=0 	| s/it=100.78413
MainProcess| 2026-06-22 01:55:41,928,928 multiprocessing INFO [00:00:01:40.80] Training epoch 1/4000, current best R: 0.9807
[00:00:01:40.80] Training epoch 1/4000, current best R: 0.9807
MainProcess| 2026-06-22 01:55:41,928,928 multiprocessing INFO 
	** New best

	** New best
MainProcess| 2026-06-22 01:55:41,928,928 multiprocessing INFO 	Reward: 0.9807402742104614
	Reward: 0.9807402742104614
MainProcess| 2026-06-22 01:55:41,928,928 multiprocessing INFO 	Count Off-policy: 1
	Count Off-policy: 1
MainProcess| 2026-06-22 01:55:41,929,929 multiprocessing INFO 	Count On-policy: 0
	Count On-policy: 0
MainProcess| 2026-06-22 01:55:41,929,929 multiprocessing INFO 	Originally on Policy: False
	Originally on Policy: False
MainProcess| 2026-06-22 01:55:41,929,929 multiprocessing INFO 	Invalid: False
	Invalid: False
MainProcess| 2026-06-22 01:55:41,929,929 multiprocessing INFO 	Traversal: sub,n2,add,x6,x4,cos,add,add,x5,mul,x1,mul,x5,mul,x4,x6,add,x2,x3
	Traversal: sub,n2,add,x6,x4,cos,add,add,x5,mul,x1,mul,x5,mul,x4,x6,add,x2,x3
MainProcess| 2026-06-22 01:55:41,929,929 multiprocessing INFO 	Expression:
	Expression:
MainProcess| 2026-06-22 01:55:42,055,55 multiprocessing INFO 
	           2                                  
	  (x₄ + x₆)  - cos(x₁⋅x₄⋅x₅⋅x₆ + x₂ + x₃ + x₅)


	           2                                  
	  (x₄ + x₆)  - cos(x₁⋅x₄⋅x₅⋅x₆ + x₂ + x₃ + x₅)

MainProcess| 2026-06-22 01:57:03,617,617 multiprocessing INFO Genetic Porgramming Runtime 81.00251449784264
Genetic Porgramming Runtime 81.00251449784264

=========================PGD Collection Starts=========================

SpawnPoolWorker-65| 2026-06-22 01:57:10,142,142 multiprocessing INFO STARTING NEW RUN ==========
SpawnPoolWorker-65| 2026-06-22 01:57:10,143,143 multiprocessing INFO SEE LOG AT : ./logs/all_Lyapunov_test_dso-fn_d_all_m_01_log.txt
SpawnPoolWorker-65| 2026-06-22 01:57:10,144,144 multiprocessing INFO See log at : ./logs/all_Lyapunov_test_dso-fn_d_all_m_01_log.txt
SpawnPoolWorker-67| 2026-06-22 01:57:10,144,144 multiprocessing INFO STARTING NEW RUN ==========
SpawnPoolWorker-59| 2026-06-22 01:57:10,144,144 multiprocessing INFO STARTING NEW RUN ==========
SpawnPoolWorker-63| 2026-06-22 01:57:10,144,144 multiprocessing INFO STARTING NEW RUN ==========
SpawnPoolWorker-64| 2026-06-22 01:57:10,144,144 multiprocessing INFO STARTING NEW RUN ==========
SpawnPoolWorker-67| 2026-06-22 01:57:10,145,145 multiprocessing INFO SEE LOG AT : ./logs/all_Lyapunov_test_dso-fn_d_all_m_01_log.txt
SpawnPoolWorker-59| 2026-06-22 01:57:10,145,145 multiprocessing INFO SEE LOG AT : ./logs/all_Lyapunov_test_dso-fn_d_all_m_01_log.txt
SpawnPoolWorker-63| 2026-06-22 01:57:10,145,145 multiprocessing INFO SEE LOG AT : ./logs/all_Lyapunov_test_dso-fn_d_all_m_01_log.txt
SpawnPoolWorker-67| 2026-06-22 01:57:10,145,145 multiprocessing INFO See log at : ./logs/all_Lyapunov_test_dso-fn_d_all_m_01_log.txt
SpawnPoolWorker-59| 2026-06-22 01:57:10,145,145 multiprocessing INFO See log at : ./logs/all_Lyapunov_test_dso-fn_d_all_m_01_log.txt
SpawnPoolWorker-64| 2026-06-22 01:57:10,145,145 multiprocessing INFO SEE LOG AT : ./logs/all_Lyapunov_test_dso-fn_d_all_m_01_log.txt
SpawnPoolWorker-63| 2026-06-22 01:57:10,145,145 multiprocessing INFO See log at : ./logs/all_Lyapunov_test_dso-fn_d_all_m_01_log.txt
SpawnPoolWorker-64| 2026-06-22 01:57:10,145,145 multiprocessing INFO See log at : ./logs/all_Lyapunov_test_dso-fn_d_all_m_01_log.txt
SpawnPoolWorker-60| 2026-06-22 01:57:10,145,145 multiprocessing INFO STARTING NEW RUN ==========
SpawnPoolWorker-60| 2026-06-22 01:57:10,145,145 multiprocessing INFO SEE LOG AT : ./logs/all_Lyapunov_test_dso-fn_d_all_m_01_log.txt
SpawnPoolWorker-60| 2026-06-22 01:57:10,145,145 multiprocessing INFO See log at : ./logs/all_Lyapunov_test_dso-fn_d_all_m_01_log.txt
SpawnPoolWorker-63| 2026-06-22 01:57:10,146,146 multiprocessing INFO child process calling self.run()
SpawnPoolWorker-59| 2026-06-22 01:57:10,146,146 multiprocessing INFO child process calling self.run()
SpawnPoolWorker-67| 2026-06-22 01:57:10,146,146 multiprocessing INFO child process calling self.run()
SpawnPoolWorker-65| 2026-06-22 01:57:10,147,147 multiprocessing INFO child process calling self.run()
SpawnPoolWorker-64| 2026-06-22 01:57:10,147,147 multiprocessing INFO child process calling self.run()
SpawnPoolWorker-60| 2026-06-22 01:57:10,147,147 multiprocessing INFO child process calling self.run()
SpawnPoolWorker-68| 2026-06-22 01:57:10,148,148 multiprocessing INFO STARTING NEW RUN ==========
SpawnPoolWorker-68| 2026-06-22 01:57:10,148,148 multiprocessing INFO SEE LOG AT : ./logs/all_Lyapunov_test_dso-fn_d_all_m_01_log.txt
SpawnPoolWorker-68| 2026-06-22 01:57:10,148,148 multiprocessing INFO See log at : ./logs/all_Lyapunov_test_dso-fn_d_all_m_01_log.txt
SpawnPoolWorker-68| 2026-06-22 01:57:10,150,150 multiprocessing INFO child process calling self.run()
SpawnPoolWorker-66| 2026-06-22 01:57:10,150,150 multiprocessing INFO STARTING NEW RUN ==========
SpawnPoolWorker-66| 2026-06-22 01:57:10,150,150 multiprocessing INFO SEE LOG AT : ./logs/all_Lyapunov_test_dso-fn_d_all_m_01_log.txt
SpawnPoolWorker-66| 2026-06-22 01:57:10,150,150 multiprocessing INFO See log at : ./logs/all_Lyapunov_test_dso-fn_d_all_m_01_log.txt
SpawnPoolWorker-66| 2026-06-22 01:57:10,153,153 multiprocessing INFO child process calling self.run()
SpawnPoolWorker-61| 2026-06-22 01:57:10,163,163 multiprocessing INFO STARTING NEW RUN ==========
SpawnPoolWorker-61| 2026-06-22 01:57:10,163,163 multiprocessing INFO SEE LOG AT : ./logs/all_Lyapunov_test_dso-fn_d_all_m_01_log.txt
SpawnPoolWorker-61| 2026-06-22 01:57:10,163,163 multiprocessing INFO See log at : ./logs/all_Lyapunov_test_dso-fn_d_all_m_01_log.txt
SpawnPoolWorker-61| 2026-06-22 01:57:10,164,164 multiprocessing INFO child process calling self.run()
SpawnPoolWorker-62| 2026-06-22 01:57:10,170,170 multiprocessing INFO STARTING NEW RUN ==========
SpawnPoolWorker-62| 2026-06-22 01:57:10,170,170 multiprocessing INFO SEE LOG AT : ./logs/all_Lyapunov_test_dso-fn_d_all_m_01_log.txt
SpawnPoolWorker-62| 2026-06-22 01:57:10,170,170 multiprocessing INFO See log at : ./logs/all_Lyapunov_test_dso-fn_d_all_m_01_log.txt
SpawnPoolWorker-62| 2026-06-22 01:57:10,172,172 multiprocessing INFO child process calling self.run()
SpawnPoolWorker-64| 2026-06-22 01:57:32,084,84 multiprocessing INFO process shutting down
SpawnPoolWorker-64| 2026-06-22 01:57:32,084,84 multiprocessing INFO process exiting with exitcode 0
SpawnPoolWorker-59| 2026-06-22 01:57:32,084,84 multiprocessing INFO process shutting down
SpawnPoolWorker-68| 2026-06-22 01:57:32,084,84 multiprocessing INFO process shutting down
SpawnPoolWorker-66| 2026-06-22 01:57:32,084,84 multiprocessing INFO process shutting down
SpawnPoolWorker-61| 2026-06-22 01:57:32,084,84 multiprocessing INFO process shutting down
(20000,)

===================Collect 20000 Examples===================

Epsilon 0.1
500
(550,)
(550,)
(55,)
Number of Programs for Minimization: 28
SpawnPoolWorker-72| 2026-06-22 01:57:55,434,434 multiprocessing INFO STARTING NEW RUN ==========
SpawnPoolWorker-72| 2026-06-22 01:57:55,434,434 multiprocessing INFO SEE LOG AT : ./logs/all_Lyapunov_test_dso-fn_d_all_m_01_log.txt
SpawnPoolWorker-72| 2026-06-22 01:57:55,435,435 multiprocessing INFO See log at : ./logs/all_Lyapunov_test_dso-fn_d_all_m_01_log.txt
SpawnPoolWorker-72| 2026-06-22 01:57:55,437,437 multiprocessing INFO child process calling self.run()
SpawnPoolWorker-73| 2026-06-22 01:57:57,158,158 multiprocessing INFO STARTING NEW RUN ==========
SpawnPoolWorker-73| 2026-06-22 01:57:57,158,158 multiprocessing INFO SEE LOG AT : ./logs/all_Lyapunov_test_dso-fn_d_all_m_01_log.txt
SpawnPoolWorker-73| 2026-06-22 01:57:57,158,158 multiprocessing INFO See log at : ./logs/all_Lyapunov_test_dso-fn_d_all_m_01_log.txt
SpawnPoolWorker-73| 2026-06-22 01:57:57,161,161 multiprocessing INFO child process calling self.run()
SpawnPoolWorker-69| 2026-06-22 01:57:57,606,606 multiprocessing INFO STARTING NEW RUN ==========
SpawnPoolWorker-69| 2026-06-22 01:57:57,606,606 multiprocessing INFO SEE LOG AT : ./logs/all_Lyapunov_test_dso-fn_d_all_m_01_log.txt
SpawnPoolWorker-69| 2026-06-22 01:57:57,606,606 multiprocessing INFO See log at : ./logs/all_Lyapunov_test_dso-fn_d_all_m_01_log.txt
SpawnPoolWorker-69| 2026-06-22 01:57:57,616,616 multiprocessing INFO child process calling self.run()
SpawnPoolWorker-88| 2026-06-22 01:57:57,690,690 multiprocessing INFO STARTING NEW RUN ==========
SpawnPoolWorker-88| 2026-06-22 01:57:57,690,690 multiprocessing INFO SEE LOG AT : ./logs/all_Lyapunov_test_dso-fn_d_all_m_01_log.txt
SpawnPoolWorker-88| 2026-06-22 01:57:57,690,690 multiprocessing INFO See log at : ./logs/all_Lyapunov_test_dso-fn_d_all_m_01_log.txt
SpawnPoolWorker-88| 2026-06-22 01:57:57,703,703 multiprocessing INFO child process calling self.run()
SpawnPoolWorker-76| 2026-06-22 01:57:57,816,816 multiprocessing INFO STARTING NEW RUN ==========
SpawnPoolWorker-76| 2026-06-22 01:57:57,816,816 multiprocessing INFO SEE LOG AT : ./logs/all_Lyapunov_test_dso-fn_d_all_m_01_log.txt
SpawnPoolWorker-76| 2026-06-22 01:57:57,816,816 multiprocessing INFO See log at : ./logs/all_Lyapunov_test_dso-fn_d_all_m_01_log.txt
SpawnPoolWorker-76| 2026-06-22 01:57:57,826,826 multiprocessing INFO child process calling self.run()
SpawnPoolWorker-107| 2026-06-22 01:57:58,275,275 multiprocessing INFO STARTING NEW RUN ==========
SpawnPoolWorker-107| 2026-06-22 01:57:58,275,275 multiprocessing INFO SEE LOG AT : ./logs/all_Lyapunov_test_dso-fn_d_all_m_01_log.txt
SpawnPoolWorker-107| 2026-06-22 01:57:58,276,276 multiprocessing INFO See log at : ./logs/all_Lyapunov_test_dso-fn_d_all_m_01_log.txt
SpawnPoolWorker-107| 2026-06-22 01:57:58,277,277 multiprocessing INFO child process calling self.run()
SpawnPoolWorker-70| 2026-06-22 01:57:58,581,581 multiprocessing INFO STARTING NEW RUN ==========
SpawnPoolWorker-70| 2026-06-22 01:57:58,581,581 multiprocessing INFO SEE LOG AT : ./logs/all_Lyapunov_test_dso-fn_d_all_m_01_log.txt
SpawnPoolWorker-70| 2026-06-22 01:57:58,581,581 multiprocessing INFO See log at : ./logs/all_Lyapunov_test_dso-fn_d_all_m_01_log.txt
SpawnPoolWorker-70| 2026-06-22 01:57:58,586,586 multiprocessing INFO child process calling self.run()
SpawnPoolWorker-93| 2026-06-22 01:57:58,695,695 multiprocessing INFO STARTING NEW RUN ==========
SpawnPoolWorker-93| 2026-06-22 01:57:58,695,695 multiprocessing INFO SEE LOG AT : ./logs/all_Lyapunov_test_dso-fn_d_all_m_01_log.txt
SpawnPoolWorker-93| 2026-06-22 01:57:58,695,695 multiprocessing INFO See log at : ./logs/all_Lyapunov_test_dso-fn_d_all_m_01_log.txt
SpawnPoolWorker-93| 2026-06-22 01:57:58,696,696 multiprocessing INFO child process calling self.run()
SpawnPoolWorker-71| 2026-06-22 01:57:58,823,823 multiprocessing INFO STARTING NEW RUN ==========
SpawnPoolWorker-71| 2026-06-22 01:57:58,823,823 multiprocessing INFO SEE LOG AT : ./logs/all_Lyapunov_test_dso-fn_d_all_m_01_log.txt
SpawnPoolWorker-71| 2026-06-22 01:57:58,823,823 multiprocessing INFO See log at : ./logs/all_Lyapunov_test_dso-fn_d_all_m_01_log.txt
SpawnPoolWorker-71| 2026-06-22 01:57:58,826,826 multiprocessing INFO child process calling self.run()
SpawnPoolWorker-81| 2026-06-22 01:57:58,889,889 multiprocessing INFO STARTING NEW RUN ==========
SpawnPoolWorker-81| 2026-06-22 01:57:58,889,889 multiprocessing INFO SEE LOG AT : ./logs/all_Lyapunov_test_dso-fn_d_all_m_01_log.txt
SpawnPoolWorker-81| 2026-06-22 01:57:58,889,889 multiprocessing INFO See log at : ./logs/all_Lyapunov_test_dso-fn_d_all_m_01_log.txt
SpawnPoolWorker-81| 2026-06-22 01:57:58,890,890 multiprocessing INFO child process calling self.run()
SpawnPoolWorker-82| 2026-06-22 01:57:58,963,963 multiprocessing INFO STARTING NEW RUN ==========
SpawnPoolWorker-82| 2026-06-22 01:57:58,970,970 multiprocessing INFO SEE LOG AT : ./logs/all_Lyapunov_test_dso-fn_d_all_m_01_log.txt
SpawnPoolWorker-82| 2026-06-22 01:57:58,970,970 multiprocessing INFO See log at : ./logs/all_Lyapunov_test_dso-fn_d_all_m_01_log.txt
SpawnPoolWorker-82| 2026-06-22 01:57:58,976,976 multiprocessing INFO child process calling self.run()
SpawnPoolWorker-75| 2026-06-22 01:57:59,093,93 multiprocessing INFO STARTING NEW RUN ==========
SpawnPoolWorker-75| 2026-06-22 01:57:59,093,93 multiprocessing INFO SEE LOG AT : ./logs/all_Lyapunov_test_dso-fn_d_all_m_01_log.txt
SpawnPoolWorker-75| 2026-06-22 01:57:59,093,93 multiprocessing INFO See log at : ./logs/all_Lyapunov_test_dso-fn_d_all_m_01_log.txt
SpawnPoolWorker-75| 2026-06-22 01:57:59,095,95 multiprocessing INFO child process calling self.run()
SpawnPoolWorker-106| 2026-06-22 01:57:59,424,424 multiprocessing INFO STARTING NEW RUN ==========
SpawnPoolWorker-106| 2026-06-22 01:57:59,424,424 multiprocessing INFO SEE LOG AT : ./logs/all_Lyapunov_test_dso-fn_d_all_m_01_log.txt
SpawnPoolWorker-106| 2026-06-22 01:57:59,425,425 multiprocessing INFO See log at : ./logs/all_Lyapunov_test_dso-fn_d_all_m_01_log.txt
SpawnPoolWorker-106| 2026-06-22 01:57:59,427,427 multiprocessing INFO child process calling self.run()
SpawnPoolWorker-74| 2026-06-22 01:57:59,636,636 multiprocessing INFO STARTING NEW RUN ==========
SpawnPoolWorker-74| 2026-06-22 01:57:59,636,636 multiprocessing INFO SEE LOG AT : ./logs/all_Lyapunov_test_dso-fn_d_all_m_01_log.txt
SpawnPoolWorker-74| 2026-06-22 01:57:59,636,636 multiprocessing INFO See log at : ./logs/all_Lyapunov_test_dso-fn_d_all_m_01_log.txt
SpawnPoolWorker-74| 2026-06-22 01:57:59,638,638 multiprocessing INFO child process calling self.run()
SpawnPoolWorker-78| 2026-06-22 01:57:59,658,658 multiprocessing INFO STARTING NEW RUN ==========
SpawnPoolWorker-78| 2026-06-22 01:57:59,658,658 multiprocessing INFO SEE LOG AT : ./logs/all_Lyapunov_test_dso-fn_d_all_m_01_log.txt
SpawnPoolWorker-78| 2026-06-22 01:57:59,658,658 multiprocessing INFO See log at : ./logs/all_Lyapunov_test_dso-fn_d_all_m_01_log.txt
SpawnPoolWorker-78| 2026-06-22 01:57:59,664,664 multiprocessing INFO child process calling self.run()
SpawnPoolWorker-91| 2026-06-22 01:57:59,745,745 multiprocessing INFO STARTING NEW RUN ==========
SpawnPoolWorker-91| 2026-06-22 01:57:59,745,745 multiprocessing INFO SEE LOG AT : ./logs/all_Lyapunov_test_dso-fn_d_all_m_01_log.txt
SpawnPoolWorker-91| 2026-06-22 01:57:59,745,745 multiprocessing INFO See log at : ./logs/all_Lyapunov_test_dso-fn_d_all_m_01_log.txt
SpawnPoolWorker-91| 2026-06-22 01:57:59,757,757 multiprocessing INFO child process calling self.run()
SpawnPoolWorker-99| 2026-06-22 01:57:59,760,760 multiprocessing INFO STARTING NEW RUN ==========
SpawnPoolWorker-99| 2026-06-22 01:57:59,760,760 multiprocessing INFO SEE LOG AT : ./logs/all_Lyapunov_test_dso-fn_d_all_m_01_log.txt
SpawnPoolWorker-99| 2026-06-22 01:57:59,760,760 multiprocessing INFO See log at : ./logs/all_Lyapunov_test_dso-fn_d_all_m_01_log.txt
SpawnPoolWorker-99| 2026-06-22 01:57:59,762,762 multiprocessing INFO child process calling self.run()
SpawnPoolWorker-87| 2026-06-22 01:57:59,786,786 multiprocessing INFO STARTING NEW RUN ==========
SpawnPoolWorker-87| 2026-06-22 01:57:59,786,786 multiprocessing INFO SEE LOG AT : ./logs/all_Lyapunov_test_dso-fn_d_all_m_01_log.txt
SpawnPoolWorker-87| 2026-06-22 01:57:59,786,786 multiprocessing INFO See log at : ./logs/all_Lyapunov_test_dso-fn_d_all_m_01_log.txt
SpawnPoolWorker-87| 2026-06-22 01:57:59,796,796 multiprocessing INFO child process calling self.run()
SpawnPoolWorker-95| 2026-06-22 01:57:59,835,835 multiprocessing INFO STARTING NEW RUN ==========
SpawnPoolWorker-95| 2026-06-22 01:57:59,836,836 multiprocessing INFO SEE LOG AT : ./logs/all_Lyapunov_test_dso-fn_d_all_m_01_log.txt
SpawnPoolWorker-95| 2026-06-22 01:57:59,836,836 multiprocessing INFO See log at : ./logs/all_Lyapunov_test_dso-fn_d_all_m_01_log.txt
SpawnPoolWorker-95| 2026-06-22 01:57:59,837,837 multiprocessing INFO child process calling self.run()
SpawnPoolWorker-85| 2026-06-22 01:57:59,910,910 multiprocessing INFO STARTING NEW RUN ==========
SpawnPoolWorker-85| 2026-06-22 01:57:59,910,910 multiprocessing INFO SEE LOG AT : ./logs/all_Lyapunov_test_dso-fn_d_all_m_01_log.txt
SpawnPoolWorker-85| 2026-06-22 01:57:59,910,910 multiprocessing INFO See log at : ./logs/all_Lyapunov_test_dso-fn_d_all_m_01_log.txt
SpawnPoolWorker-85| 2026-06-22 01:57:59,919,919 multiprocessing INFO child process calling self.run()
SpawnPoolWorker-97| 2026-06-22 01:57:59,980,980 multiprocessing INFO STARTING NEW RUN ==========
SpawnPoolWorker-97| 2026-06-22 01:57:59,980,980 multiprocessing INFO SEE LOG AT : ./logs/all_Lyapunov_test_dso-fn_d_all_m_01_log.txt
SpawnPoolWorker-97| 2026-06-22 01:57:59,980,980 multiprocessing INFO See log at : ./logs/all_Lyapunov_test_dso-fn_d_all_m_01_log.txt
SpawnPoolWorker-97| 2026-06-22 01:57:59,982,982 multiprocessing INFO child process calling self.run()
SpawnPoolWorker-86| 2026-06-22 01:58:00,001,1 multiprocessing INFO STARTING NEW RUN ==========
SpawnPoolWorker-86| 2026-06-22 01:58:00,001,1 multiprocessing INFO SEE LOG AT : ./logs/all_Lyapunov_test_dso-fn_d_all_m_01_log.txt
SpawnPoolWorker-86| 2026-06-22 01:58:00,001,1 multiprocessing INFO See log at : ./logs/all_Lyapunov_test_dso-fn_d_all_m_01_log.txt
SpawnPoolWorker-86| 2026-06-22 01:58:00,015,15 multiprocessing INFO child process calling self.run()
SpawnPoolWorker-90| 2026-06-22 01:58:00,051,51 multiprocessing INFO STARTING NEW RUN ==========
SpawnPoolWorker-90| 2026-06-22 01:58:00,051,51 multiprocessing INFO SEE LOG AT : ./logs/all_Lyapunov_test_dso-fn_d_all_m_01_log.txt
SpawnPoolWorker-90| 2026-06-22 01:58:00,051,51 multiprocessing INFO See log at : ./logs/all_Lyapunov_test_dso-fn_d_all_m_01_log.txt
SpawnPoolWorker-90| 2026-06-22 01:58:00,054,54 multiprocessing INFO child process calling self.run()
SpawnPoolWorker-94| 2026-06-22 01:58:00,109,109 multiprocessing INFO STARTING NEW RUN ==========
SpawnPoolWorker-94| 2026-06-22 01:58:00,109,109 multiprocessing INFO SEE LOG AT : ./logs/all_Lyapunov_test_dso-fn_d_all_m_01_log.txt
SpawnPoolWorker-94| 2026-06-22 01:58:00,109,109 multiprocessing INFO See log at : ./logs/all_Lyapunov_test_dso-fn_d_all_m_01_log.txt
SpawnPoolWorker-100| 2026-06-22 01:58:00,119,119 multiprocessing INFO STARTING NEW RUN ==========
SpawnPoolWorker-100| 2026-06-22 01:58:00,119,119 multiprocessing INFO SEE LOG AT : ./logs/all_Lyapunov_test_dso-fn_d_all_m_01_log.txt
SpawnPoolWorker-100| 2026-06-22 01:58:00,119,119 multiprocessing INFO See log at : ./logs/all_Lyapunov_test_dso-fn_d_all_m_01_log.txt
SpawnPoolWorker-94| 2026-06-22 01:58:00,120,120 multiprocessing INFO child process calling self.run()
SpawnPoolWorker-100| 2026-06-22 01:58:00,120,120 multiprocessing INFO child process calling self.run()
SpawnPoolWorker-108| 2026-06-22 01:58:00,313,313 multiprocessing INFO STARTING NEW RUN ==========
SpawnPoolWorker-108| 2026-06-22 01:58:00,313,313 multiprocessing INFO SEE LOG AT : ./logs/all_Lyapunov_test_dso-fn_d_all_m_01_log.txt
SpawnPoolWorker-108| 2026-06-22 01:58:00,313,313 multiprocessing INFO See log at : ./logs/all_Lyapunov_test_dso-fn_d_all_m_01_log.txt
SpawnPoolWorker-108| 2026-06-22 01:58:00,315,315 multiprocessing INFO child process calling self.run()
SpawnPoolWorker-80| 2026-06-22 01:58:00,315,315 multiprocessing INFO STARTING NEW RUN ==========
SpawnPoolWorker-80| 2026-06-22 01:58:00,316,316 multiprocessing INFO SEE LOG AT : ./logs/all_Lyapunov_test_dso-fn_d_all_m_01_log.txt
SpawnPoolWorker-80| 2026-06-22 01:58:00,316,316 multiprocessing INFO See log at : ./logs/all_Lyapunov_test_dso-fn_d_all_m_01_log.txt
SpawnPoolWorker-80| 2026-06-22 01:58:00,328,328 multiprocessing INFO child process calling self.run()
SpawnPoolWorker-89| 2026-06-22 01:58:00,499,499 multiprocessing INFO STARTING NEW RUN ==========
SpawnPoolWorker-89| 2026-06-22 01:58:00,499,499 multiprocessing INFO SEE LOG AT : ./logs/all_Lyapunov_test_dso-fn_d_all_m_01_log.txt
SpawnPoolWorker-89| 2026-06-22 01:58:00,499,499 multiprocessing INFO See log at : ./logs/all_Lyapunov_test_dso-fn_d_all_m_01_log.txt
SpawnPoolWorker-89| 2026-06-22 01:58:00,508,508 multiprocessing INFO child process calling self.run()
SpawnPoolWorker-84| 2026-06-22 01:58:00,574,574 multiprocessing INFO STARTING NEW RUN ==========
SpawnPoolWorker-84| 2026-06-22 01:58:00,574,574 multiprocessing INFO SEE LOG AT : ./logs/all_Lyapunov_test_dso-fn_d_all_m_01_log.txt
SpawnPoolWorker-84| 2026-06-22 01:58:00,574,574 multiprocessing INFO See log at : ./logs/all_Lyapunov_test_dso-fn_d_all_m_01_log.txt
SpawnPoolWorker-104| 2026-06-22 01:58:00,576,576 multiprocessing INFO STARTING NEW RUN ==========
SpawnPoolWorker-104| 2026-06-22 01:58:00,576,576 multiprocessing INFO SEE LOG AT : ./logs/all_Lyapunov_test_dso-fn_d_all_m_01_log.txt
SpawnPoolWorker-104| 2026-06-22 01:58:00,576,576 multiprocessing INFO See log at : ./logs/all_Lyapunov_test_dso-fn_d_all_m_01_log.txt
SpawnPoolWorker-104| 2026-06-22 01:58:00,579,579 multiprocessing INFO child process calling self.run()
SpawnPoolWorker-84| 2026-06-22 01:58:00,583,583 multiprocessing INFO child process calling self.run()
SpawnPoolWorker-77| 2026-06-22 01:58:00,588,588 multiprocessing INFO STARTING NEW RUN ==========
SpawnPoolWorker-96| 2026-06-22 01:58:00,588,588 multiprocessing INFO STARTING NEW RUN ==========
SpawnPoolWorker-77| 2026-06-22 01:58:00,588,588 multiprocessing INFO SEE LOG AT : ./logs/all_Lyapunov_test_dso-fn_d_all_m_01_log.txt
SpawnPoolWorker-96| 2026-06-22 01:58:00,588,588 multiprocessing INFO SEE LOG AT : ./logs/all_Lyapunov_test_dso-fn_d_all_m_01_log.txt
SpawnPoolWorker-77| 2026-06-22 01:58:00,588,588 multiprocessing INFO See log at : ./logs/all_Lyapunov_test_dso-fn_d_all_m_01_log.txt
SpawnPoolWorker-96| 2026-06-22 01:58:00,588,588 multiprocessing INFO See log at : ./logs/all_Lyapunov_test_dso-fn_d_all_m_01_log.txt
SpawnPoolWorker-77| 2026-06-22 01:58:00,596,596 multiprocessing INFO child process calling self.run()
SpawnPoolWorker-96| 2026-06-22 01:58:00,598,598 multiprocessing INFO child process calling self.run()
SpawnPoolWorker-103| 2026-06-22 01:58:00,704,704 multiprocessing INFO STARTING NEW RUN ==========
SpawnPoolWorker-103| 2026-06-22 01:58:00,704,704 multiprocessing INFO SEE LOG AT : ./logs/all_Lyapunov_test_dso-fn_d_all_m_01_log.txt
SpawnPoolWorker-103| 2026-06-22 01:58:00,704,704 multiprocessing INFO See log at : ./logs/all_Lyapunov_test_dso-fn_d_all_m_01_log.txt
SpawnPoolWorker-103| 2026-06-22 01:58:00,705,705 multiprocessing INFO child process calling self.run()
SpawnPoolWorker-92| 2026-06-22 01:58:01,023,23 multiprocessing INFO STARTING NEW RUN ==========
SpawnPoolWorker-92| 2026-06-22 01:58:01,023,23 multiprocessing INFO SEE LOG AT : ./logs/all_Lyapunov_test_dso-fn_d_all_m_01_log.txt
SpawnPoolWorker-92| 2026-06-22 01:58:01,023,23 multiprocessing INFO See log at : ./logs/all_Lyapunov_test_dso-fn_d_all_m_01_log.txt
SpawnPoolWorker-92| 2026-06-22 01:58:01,026,26 multiprocessing INFO child process calling self.run()
SpawnPoolWorker-79| 2026-06-22 01:58:01,075,75 multiprocessing INFO STARTING NEW RUN ==========
SpawnPoolWorker-79| 2026-06-22 01:58:01,075,75 multiprocessing INFO SEE LOG AT : ./logs/all_Lyapunov_test_dso-fn_d_all_m_01_log.txt
SpawnPoolWorker-79| 2026-06-22 01:58:01,075,75 multiprocessing INFO See log at : ./logs/all_Lyapunov_test_dso-fn_d_all_m_01_log.txt
SpawnPoolWorker-79| 2026-06-22 01:58:01,096,96 multiprocessing INFO child process calling self.run()
SpawnPoolWorker-115| 2026-06-22 01:58:01,121,121 multiprocessing INFO STARTING NEW RUN ==========
SpawnPoolWorker-115| 2026-06-22 01:58:01,121,121 multiprocessing INFO SEE LOG AT : ./logs/all_Lyapunov_test_dso-fn_d_all_m_01_log.txt
SpawnPoolWorker-115| 2026-06-22 01:58:01,121,121 multiprocessing INFO See log at : ./logs/all_Lyapunov_test_dso-fn_d_all_m_01_log.txt
SpawnPoolWorker-115| 2026-06-22 01:58:01,128,128 multiprocessing INFO child process calling self.run()
SpawnPoolWorker-116| 2026-06-22 01:58:01,497,497 multiprocessing INFO STARTING NEW RUN ==========
SpawnPoolWorker-116| 2026-06-22 01:58:01,497,497 multiprocessing INFO SEE LOG AT : ./logs/all_Lyapunov_test_dso-fn_d_all_m_01_log.txt
SpawnPoolWorker-116| 2026-06-22 01:58:01,497,497 multiprocessing INFO See log at : ./logs/all_Lyapunov_test_dso-fn_d_all_m_01_log.txt
SpawnPoolWorker-116| 2026-06-22 01:58:01,510,510 multiprocessing INFO child process calling self.run()
SpawnPoolWorker-110| 2026-06-22 01:58:01,627,627 multiprocessing INFO STARTING NEW RUN ==========
SpawnPoolWorker-110| 2026-06-22 01:58:01,627,627 multiprocessing INFO SEE LOG AT : ./logs/all_Lyapunov_test_dso-fn_d_all_m_01_log.txt
SpawnPoolWorker-110| 2026-06-22 01:58:01,627,627 multiprocessing INFO See log at : ./logs/all_Lyapunov_test_dso-fn_d_all_m_01_log.txt
SpawnPoolWorker-110| 2026-06-22 01:58:01,629,629 multiprocessing INFO child process calling self.run()
SpawnPoolWorker-114| 2026-06-22 01:58:01,675,675 multiprocessing INFO STARTING NEW RUN ==========
SpawnPoolWorker-114| 2026-06-22 01:58:01,675,675 multiprocessing INFO SEE LOG AT : ./logs/all_Lyapunov_test_dso-fn_d_all_m_01_log.txt
SpawnPoolWorker-114| 2026-06-22 01:58:01,675,675 multiprocessing INFO See log at : ./logs/all_Lyapunov_test_dso-fn_d_all_m_01_log.txt
SpawnPoolWorker-114| 2026-06-22 01:58:01,682,682 multiprocessing INFO child process calling self.run()
SpawnPoolWorker-101| 2026-06-22 01:58:01,790,790 multiprocessing INFO STARTING NEW RUN ==========
SpawnPoolWorker-101| 2026-06-22 01:58:01,790,790 multiprocessing INFO SEE LOG AT : ./logs/all_Lyapunov_test_dso-fn_d_all_m_01_log.txt
SpawnPoolWorker-101| 2026-06-22 01:58:01,790,790 multiprocessing INFO See log at : ./logs/all_Lyapunov_test_dso-fn_d_all_m_01_log.txt
SpawnPoolWorker-101| 2026-06-22 01:58:01,796,796 multiprocessing INFO child process calling self.run()
SpawnPoolWorker-105| 2026-06-22 01:58:01,875,875 multiprocessing INFO STARTING NEW RUN ==========
SpawnPoolWorker-105| 2026-06-22 01:58:01,875,875 multiprocessing INFO SEE LOG AT : ./logs/all_Lyapunov_test_dso-fn_d_all_m_01_log.txt
SpawnPoolWorker-105| 2026-06-22 01:58:01,875,875 multiprocessing INFO See log at : ./logs/all_Lyapunov_test_dso-fn_d_all_m_01_log.txt
SpawnPoolWorker-105| 2026-06-22 01:58:01,891,891 multiprocessing INFO child process calling self.run()
SpawnPoolWorker-113| 2026-06-22 01:58:01,907,907 multiprocessing INFO STARTING NEW RUN ==========
SpawnPoolWorker-113| 2026-06-22 01:58:01,907,907 multiprocessing INFO SEE LOG AT : ./logs/all_Lyapunov_test_dso-fn_d_all_m_01_log.txt
SpawnPoolWorker-113| 2026-06-22 01:58:01,907,907 multiprocessing INFO See log at : ./logs/all_Lyapunov_test_dso-fn_d_all_m_01_log.txt
SpawnPoolWorker-113| 2026-06-22 01:58:01,909,909 multiprocessing INFO child process calling self.run()
SpawnPoolWorker-111| 2026-06-22 01:58:01,928,928 multiprocessing INFO STARTING NEW RUN ==========
SpawnPoolWorker-111| 2026-06-22 01:58:01,928,928 multiprocessing INFO SEE LOG AT : ./logs/all_Lyapunov_test_dso-fn_d_all_m_01_log.txt
SpawnPoolWorker-111| 2026-06-22 01:58:01,928,928 multiprocessing INFO See log at : ./logs/all_Lyapunov_test_dso-fn_d_all_m_01_log.txt
SpawnPoolWorker-111| 2026-06-22 01:58:01,931,931 multiprocessing INFO child process calling self.run()
SpawnPoolWorker-98| 2026-06-22 01:58:02,061,61 multiprocessing INFO STARTING NEW RUN ==========
SpawnPoolWorker-98| 2026-06-22 01:58:02,062,62 multiprocessing INFO SEE LOG AT : ./logs/all_Lyapunov_test_dso-fn_d_all_m_01_log.txt
SpawnPoolWorker-98| 2026-06-22 01:58:02,062,62 multiprocessing INFO See log at : ./logs/all_Lyapunov_test_dso-fn_d_all_m_01_log.txt
SpawnPoolWorker-98| 2026-06-22 01:58:02,066,66 multiprocessing INFO child process calling self.run()
SpawnPoolWorker-102| 2026-06-22 01:58:02,326,326 multiprocessing INFO STARTING NEW RUN ==========
SpawnPoolWorker-102| 2026-06-22 01:58:02,327,327 multiprocessing INFO SEE LOG AT : ./logs/all_Lyapunov_test_dso-fn_d_all_m_01_log.txt
SpawnPoolWorker-102| 2026-06-22 01:58:02,327,327 multiprocessing INFO See log at : ./logs/all_Lyapunov_test_dso-fn_d_all_m_01_log.txt
SpawnPoolWorker-102| 2026-06-22 01:58:02,329,329 multiprocessing INFO child process calling self.run()
SpawnPoolWorker-83| 2026-06-22 01:58:02,399,399 multiprocessing INFO STARTING NEW RUN ==========
SpawnPoolWorker-83| 2026-06-22 01:58:02,399,399 multiprocessing INFO SEE LOG AT : ./logs/all_Lyapunov_test_dso-fn_d_all_m_01_log.txt
SpawnPoolWorker-83| 2026-06-22 01:58:02,399,399 multiprocessing INFO See log at : ./logs/all_Lyapunov_test_dso-fn_d_all_m_01_log.txt
SpawnPoolWorker-83| 2026-06-22 01:58:02,410,410 multiprocessing INFO child process calling self.run()
SpawnPoolWorker-112| 2026-06-22 01:58:02,558,558 multiprocessing INFO STARTING NEW RUN ==========
SpawnPoolWorker-112| 2026-06-22 01:58:02,558,558 multiprocessing INFO SEE LOG AT : ./logs/all_Lyapunov_test_dso-fn_d_all_m_01_log.txt
SpawnPoolWorker-112| 2026-06-22 01:58:02,558,558 multiprocessing INFO See log at : ./logs/all_Lyapunov_test_dso-fn_d_all_m_01_log.txt
SpawnPoolWorker-112| 2026-06-22 01:58:02,565,565 multiprocessing INFO child process calling self.run()
SpawnPoolWorker-109| 2026-06-22 01:58:02,628,628 multiprocessing INFO STARTING NEW RUN ==========
SpawnPoolWorker-109| 2026-06-22 01:58:02,628,628 multiprocessing INFO SEE LOG AT : ./logs/all_Lyapunov_test_dso-fn_d_all_m_01_log.txt
SpawnPoolWorker-109| 2026-06-22 01:58:02,628,628 multiprocessing INFO See log at : ./logs/all_Lyapunov_test_dso-fn_d_all_m_01_log.txt
SpawnPoolWorker-109| 2026-06-22 01:58:02,630,630 multiprocessing INFO child process calling self.run()
SpawnPoolWorker-89| 2026-06-22 01:58:02,820,820 multiprocessing INFO process shutting down
SpawnPoolWorker-104| 2026-06-22 01:58:02,820,820 multiprocessing INFO process shutting down
SpawnPoolWorker-89| 2026-06-22 01:58:02,820,820 multiprocessing INFO process exiting with exitcode 0
SpawnPoolWorker-84| 2026-06-22 01:58:02,820,820 multiprocessing INFO process shutting down
SpawnPoolWorker-104| 2026-06-22 01:58:02,820,820 multiprocessing INFO process exiting with exitcode 0
SpawnPoolWorker-77| 2026-06-22 01:58:02,820,820 multiprocessing INFO process shutting down
SpawnPoolWorker-84| 2026-06-22 01:58:02,820,820 multiprocessing INFO process exiting with exitcode 0
SpawnPoolWorker-96| 2026-06-22 01:58:02,820,820 multiprocessing INFO process shutting down
SpawnPoolWorker-103| 2026-06-22 01:58:02,821,821 multiprocessing INFO process shutting down
SpawnPoolWorker-92| 2026-06-22 01:58:02,821,821 multiprocessing INFO process shutting down
SpawnPoolWorker-79| 2026-06-22 01:58:02,821,821 multiprocessing INFO process shutting down
SpawnPoolWorker-115| 2026-06-22 01:58:02,821,821 multiprocessing INFO process shutting down
SpawnPoolWorker-116| 2026-06-22 01:58:02,821,821 multiprocessing INFO process shutting down
SpawnPoolWorker-110| 2026-06-22 01:58:02,821,821 multiprocessing INFO process shutting down
SpawnPoolWorker-76| 2026-06-22 01:58:02,821,821 multiprocessing INFO process shutting down
SpawnPoolWorker-114| 2026-06-22 01:58:02,821,821 multiprocessing INFO process shutting down
SpawnPoolWorker-101| 2026-06-22 01:58:02,821,821 multiprocessing INFO process shutting down
SpawnPoolWorker-73| 2026-06-22 01:58:02,821,821 multiprocessing INFO process shutting down
SpawnPoolWorker-105| 2026-06-22 01:58:02,821,821 multiprocessing INFO process shutting down
SpawnPoolWorker-93| 2026-06-22 01:58:02,821,821 multiprocessing INFO process shutting down
SpawnPoolWorker-113| 2026-06-22 01:58:02,821,821 multiprocessing INFO process shutting down
SpawnPoolWorker-81| 2026-06-22 01:58:02,821,821 multiprocessing INFO process shutting down
SpawnPoolWorker-111| 2026-06-22 01:58:02,821,821 multiprocessing INFO process shutting down
SpawnPoolWorker-98| 2026-06-22 01:58:02,821,821 multiprocessing INFO process shutting down
SpawnPoolWorker-82| 2026-06-22 01:58:02,821,821 multiprocessing INFO process shutting down
SpawnPoolWorker-106| 2026-06-22 01:58:02,822,822 multiprocessing INFO process shutting down
SpawnPoolWorker-75| 2026-06-22 01:58:02,822,822 multiprocessing INFO process shutting down
SpawnPoolWorker-87| 2026-06-22 01:58:02,822,822 multiprocessing INFO process shutting down
SpawnPoolWorker-102| 2026-06-22 01:58:02,822,822 multiprocessing INFO process shutting down
SpawnPoolWorker-71| 2026-06-22 01:58:02,822,822 multiprocessing INFO process shutting down
SpawnPoolWorker-83| 2026-06-22 01:58:02,822,822 multiprocessing INFO process shutting down
SpawnPoolWorker-88| 2026-06-22 01:58:02,822,822 multiprocessing INFO process shutting down
SpawnPoolWorker-72| 2026-06-22 01:58:02,822,822 multiprocessing INFO process shutting down
SpawnPoolWorker-112| 2026-06-22 01:58:02,822,822 multiprocessing INFO process shutting down
SpawnPoolWorker-90| 2026-06-22 01:58:02,822,822 multiprocessing INFO process shutting down
SpawnPoolWorker-109| 2026-06-22 01:58:02,822,822 multiprocessing INFO process shutting down
SpawnPoolWorker-69| 2026-06-22 01:58:02,822,822 multiprocessing INFO process shutting down
SpawnPoolWorker-74| 2026-06-22 01:58:02,822,822 multiprocessing INFO process shutting down
SpawnPoolWorker-107| 2026-06-22 01:58:02,822,822 multiprocessing INFO process shutting down
SpawnPoolWorker-80| 2026-06-22 01:58:02,822,822 multiprocessing INFO process shutting down
SpawnPoolWorker-100| 2026-06-22 01:58:02,822,822 multiprocessing INFO process shutting down
SpawnPoolWorker-108| 2026-06-22 01:58:02,822,822 multiprocessing INFO process shutting down
SpawnPoolWorker-78| 2026-06-22 01:58:02,822,822 multiprocessing INFO process shutting down
SpawnPoolWorker-99| 2026-06-22 01:58:02,822,822 multiprocessing INFO process shutting down
SpawnPoolWorker-86| 2026-06-22 01:58:02,822,822 multiprocessing INFO process shutting down
SpawnPoolWorker-70| 2026-06-22 01:58:02,822,822 multiprocessing INFO process shutting down
SpawnPoolWorker-94| 2026-06-22 01:58:02,823,823 multiprocessing INFO process shutting down
SpawnPoolWorker-85| 2026-06-22 01:58:02,823,823 multiprocessing INFO process shutting down
SpawnPoolWorker-91| 2026-06-22 01:58:02,823,823 multiprocessing INFO process shutting down
SpawnPoolWorker-97| 2026-06-22 01:58:02,823,823 multiprocessing INFO process shutting down
SpawnPoolWorker-115| 2026-06-22 01:58:02,829,829 multiprocessing INFO process exiting with exitcode 0
SpawnPoolWorker-116| 2026-06-22 01:58:02,840,840 multiprocessing INFO process exiting with exitcode 0
28
(100000, 6)
(100000,)
(100000, 6)
(100000,)

=======================Successfully Added (50000, 6) Counter Examples=======================


============None of the candidates fulfill the conditions. Training CONTINUES!=================

MainProcess| 2026-06-22 01:58:05,369,369 multiprocessing INFO 
============None of the candidates fulfill the conditions. Training CONTINUES!=================


============None of the candidates fulfill the conditions. Training CONTINUES!=================

(55, 123)
/users/9/chen8596/miniconda3/envs/alfd/lib/python3.9/site-packages/torch/nn/functional.py:4999: UserWarning: Support for mismatched key_padding_mask and attn_mask is deprecated. Use same type for both instead.
  warnings.warn(

==============Start Supervised Learning==============

MainProcess| 2026-06-22 01:58:10,225,225 multiprocessing INFO GP output mean: 0.9977010241968959
GP output mean: 0.9977010241968959
MainProcess| 2026-06-22 01:58:10,876,876 multiprocessing INFO GP output success rate: 0.0
GP output success rate: 0.0

==============End Supervised Learning==============

/users/9/chen8596/LyaDis/repro/runs/poly6d/utils/train.py:971: RuntimeWarning: divide by zero encountered in divide
  error = np.abs(((y_hat - y) / y))
/users/9/chen8596/.local/lib/python3.9/site-packages/scipy/stats/_stats_py.py:4424: ConstantInputWarning: An input array is constant; the correlation coefficient is not defined.
  warnings.warn(stats.ConstantInputWarning(msg))
MainProcess| 2026-06-22 01:58:12,359,359 multiprocessing INFO [Test epoch=0002]  nevals=27312 	| train_loss=6876.61621 	| eqs_invalid %=0.18 	| r_best=0.99708 	| quantile=0.49364 	| r_quantile_mean=0.95049 	| r_raw_sum=61.42985 	|  r_raw_mean=0.68255 	| r2=nan 	| acc_iid=0.00000 	| acc_ood=0.00000 	| nmse_test=2.930609780258695e-06 	| true_equation_set_count=0 	| s/it=150.30433
[Test epoch=0002]  nevals=27312 	| train_loss=6876.61621 	| eqs_invalid %=0.18 	| r_best=0.99708 	| quantile=0.49364 	| r_quantile_mean=0.95049 	| r_raw_sum=61.42985 	|  r_raw_mean=0.68255 	| r2=nan 	| acc_iid=0.00000 	| acc_ood=0.00000 	| nmse_test=2.930609780258695e-06 	| true_equation_set_count=0 	| s/it=150.30433
MainProcess| 2026-06-22 01:58:12,359,359 multiprocessing INFO [00:00:04:11.23] Training epoch 2/4000, current best R: 0.9971
[00:00:04:11.23] Training epoch 2/4000, current best R: 0.9971
MainProcess| 2026-06-22 01:58:12,360,360 multiprocessing INFO 
	** New best

	** New best
MainProcess| 2026-06-22 01:58:12,360,360 multiprocessing INFO 	Reward: 0.9970751156790759
	Reward: 0.9970751156790759
MainProcess| 2026-06-22 01:58:12,360,360 multiprocessing INFO 	Count Off-policy: 1
	Count Off-policy: 1
MainProcess| 2026-06-22 01:58:12,360,360 multiprocessing INFO 	Count On-policy: 0
	Count On-policy: 0
MainProcess| 2026-06-22 01:58:12,360,360 multiprocessing INFO 	Originally on Policy: False
	Originally on Policy: False
MainProcess| 2026-06-22 01:58:12,360,360 multiprocessing INFO 	Invalid: False
	Invalid: False
MainProcess| 2026-06-22 01:58:12,360,360 multiprocessing INFO 	Traversal: n2,add,add,n2,x6,n2,x4,sub,n2,x5,mul,sub,sub,x1,add,x3,x3,x2,x3
	Traversal: n2,add,add,n2,x6,n2,x4,sub,n2,x5,mul,sub,sub,x1,add,x3,x3,x2,x3
MainProcess| 2026-06-22 01:58:12,360,360 multiprocessing INFO 	Expression:
	Expression:
MainProcess| 2026-06-22 01:58:12,361,361 multiprocessing INFO 
	                                          2
	  ⎛                         2     2     2⎞ 
	  ⎝-x₃⋅(x₁ - x₂ - 2⋅x₃) + x₄  + x₅  + x₆ ⎠ 


	                                          2
	  ⎛                         2     2     2⎞ 
	  ⎝-x₃⋅(x₁ - x₂ - 2⋅x₃) + x₄  + x₅  + x₆ ⎠ 

MainProcess| 2026-06-22 01:59:45,522,522 multiprocessing INFO Genetic Porgramming Runtime 92.59637522511184
Genetic Porgramming Runtime 92.59637522511184

=========================PGD Collection Starts=========================

SpawnPoolWorker-125| 2026-06-22 01:59:51,692,692 multiprocessing INFO STARTING NEW RUN ==========
SpawnPoolWorker-125| 2026-06-22 01:59:51,692,692 multiprocessing INFO SEE LOG AT : ./logs/all_Lyapunov_test_dso-fn_d_all_m_01_log.txt
SpawnPoolWorker-125| 2026-06-22 01:59:51,692,692 multiprocessing INFO See log at : ./logs/all_Lyapunov_test_dso-fn_d_all_m_01_log.txt
SpawnPoolWorker-125| 2026-06-22 01:59:51,695,695 multiprocessing INFO child process calling self.run()
SpawnPoolWorker-126| 2026-06-22 01:59:51,698,698 multiprocessing INFO STARTING NEW RUN ==========
SpawnPoolWorker-123| 2026-06-22 01:59:51,698,698 multiprocessing INFO STARTING NEW RUN ==========
SpawnPoolWorker-119| 2026-06-22 01:59:51,698,698 multiprocessing INFO STARTING NEW RUN ==========
SpawnPoolWorker-122| 2026-06-22 01:59:51,698,698 multiprocessing INFO STARTING NEW RUN ==========
SpawnPoolWorker-121| 2026-06-22 01:59:51,698,698 multiprocessing INFO STARTING NEW RUN ==========
SpawnPoolWorker-126| 2026-06-22 01:59:51,698,698 multiprocessing INFO SEE LOG AT : ./logs/all_Lyapunov_test_dso-fn_d_all_m_01_log.txt
SpawnPoolWorker-123| 2026-06-22 01:59:51,698,698 multiprocessing INFO SEE LOG AT : ./logs/all_Lyapunov_test_dso-fn_d_all_m_01_log.txt
SpawnPoolWorker-119| 2026-06-22 01:59:51,698,698 multiprocessing INFO SEE LOG AT : ./logs/all_Lyapunov_test_dso-fn_d_all_m_01_log.txt
SpawnPoolWorker-122| 2026-06-22 01:59:51,698,698 multiprocessing INFO SEE LOG AT : ./logs/all_Lyapunov_test_dso-fn_d_all_m_01_log.txt
SpawnPoolWorker-126| 2026-06-22 01:59:51,698,698 multiprocessing INFO See log at : ./logs/all_Lyapunov_test_dso-fn_d_all_m_01_log.txt
SpawnPoolWorker-121| 2026-06-22 01:59:51,698,698 multiprocessing INFO SEE LOG AT : ./logs/all_Lyapunov_test_dso-fn_d_all_m_01_log.txt
SpawnPoolWorker-123| 2026-06-22 01:59:51,698,698 multiprocessing INFO See log at : ./logs/all_Lyapunov_test_dso-fn_d_all_m_01_log.txt
SpawnPoolWorker-119| 2026-06-22 01:59:51,698,698 multiprocessing INFO See log at : ./logs/all_Lyapunov_test_dso-fn_d_all_m_01_log.txt
SpawnPoolWorker-122| 2026-06-22 01:59:51,698,698 multiprocessing INFO See log at : ./logs/all_Lyapunov_test_dso-fn_d_all_m_01_log.txt
SpawnPoolWorker-121| 2026-06-22 01:59:51,698,698 multiprocessing INFO See log at : ./logs/all_Lyapunov_test_dso-fn_d_all_m_01_log.txt
SpawnPoolWorker-126| 2026-06-22 01:59:51,700,700 multiprocessing INFO child process calling self.run()
SpawnPoolWorker-123| 2026-06-22 01:59:51,700,700 multiprocessing INFO child process calling self.run()
SpawnPoolWorker-122| 2026-06-22 01:59:51,700,700 multiprocessing INFO child process calling self.run()
SpawnPoolWorker-119| 2026-06-22 01:59:51,700,700 multiprocessing INFO child process calling self.run()
SpawnPoolWorker-121| 2026-06-22 01:59:51,700,700 multiprocessing INFO child process calling self.run()
SpawnPoolWorker-120| 2026-06-22 01:59:51,700,700 multiprocessing INFO STARTING NEW RUN ==========
SpawnPoolWorker-118| 2026-06-22 01:59:51,700,700 multiprocessing INFO STARTING NEW RUN ==========
SpawnPoolWorker-120| 2026-06-22 01:59:51,700,700 multiprocessing INFO SEE LOG AT : ./logs/all_Lyapunov_test_dso-fn_d_all_m_01_log.txt
SpawnPoolWorker-120| 2026-06-22 01:59:51,700,700 multiprocessing INFO See log at : ./logs/all_Lyapunov_test_dso-fn_d_all_m_01_log.txt
SpawnPoolWorker-118| 2026-06-22 01:59:51,700,700 multiprocessing INFO SEE LOG AT : ./logs/all_Lyapunov_test_dso-fn_d_all_m_01_log.txt
SpawnPoolWorker-118| 2026-06-22 01:59:51,700,700 multiprocessing INFO See log at : ./logs/all_Lyapunov_test_dso-fn_d_all_m_01_log.txt
SpawnPoolWorker-117| 2026-06-22 01:59:51,700,700 multiprocessing INFO STARTING NEW RUN ==========
SpawnPoolWorker-117| 2026-06-22 01:59:51,701,701 multiprocessing INFO SEE LOG AT : ./logs/all_Lyapunov_test_dso-fn_d_all_m_01_log.txt
SpawnPoolWorker-117| 2026-06-22 01:59:51,701,701 multiprocessing INFO See log at : ./logs/all_Lyapunov_test_dso-fn_d_all_m_01_log.txt
SpawnPoolWorker-124| 2026-06-22 01:59:51,701,701 multiprocessing INFO STARTING NEW RUN ==========
SpawnPoolWorker-124| 2026-06-22 01:59:51,701,701 multiprocessing INFO SEE LOG AT : ./logs/all_Lyapunov_test_dso-fn_d_all_m_01_log.txt
SpawnPoolWorker-124| 2026-06-22 01:59:51,701,701 multiprocessing INFO See log at : ./logs/all_Lyapunov_test_dso-fn_d_all_m_01_log.txt
SpawnPoolWorker-118| 2026-06-22 01:59:51,702,702 multiprocessing INFO child process calling self.run()
SpawnPoolWorker-120| 2026-06-22 01:59:51,703,703 multiprocessing INFO child process calling self.run()
SpawnPoolWorker-124| 2026-06-22 01:59:51,703,703 multiprocessing INFO child process calling self.run()
SpawnPoolWorker-117| 2026-06-22 01:59:51,703,703 multiprocessing INFO child process calling self.run()
SpawnPoolWorker-125| 2026-06-22 02:00:07,049,49 multiprocessing INFO process shutting down
SpawnPoolWorker-125| 2026-06-22 02:00:07,049,49 multiprocessing INFO process exiting with exitcode 0
SpawnPoolWorker-123| 2026-06-22 02:00:07,049,49 multiprocessing INFO process shutting down
SpawnPoolWorker-118| 2026-06-22 02:00:07,049,49 multiprocessing INFO process shutting down
SpawnPoolWorker-123| 2026-06-22 02:00:07,050,50 multiprocessing INFO process exiting with exitcode 0
SpawnPoolWorker-122| 2026-06-22 02:00:07,050,50 multiprocessing INFO process shutting down
SpawnPoolWorker-120| 2026-06-22 02:00:07,050,50 multiprocessing INFO process shutting down
SpawnPoolWorker-118| 2026-06-22 02:00:07,050,50 multiprocessing INFO process exiting with exitcode 0
SpawnPoolWorker-126| 2026-06-22 02:00:07,050,50 multiprocessing INFO process shutting down
SpawnPoolWorker-124| 2026-06-22 02:00:07,050,50 multiprocessing INFO process shutting down
(20000,)

===================Collect 20000 Examples===================

Epsilon 0.1
500
(550,)
(550,)
(55,)
Number of Programs for Minimization: 28
SpawnPoolWorker-136| 2026-06-22 02:00:30,155,155 multiprocessing INFO STARTING NEW RUN ==========
SpawnPoolWorker-136| 2026-06-22 02:00:30,155,155 multiprocessing INFO SEE LOG AT : ./logs/all_Lyapunov_test_dso-fn_d_all_m_01_log.txt
SpawnPoolWorker-136| 2026-06-22 02:00:30,155,155 multiprocessing INFO See log at : ./logs/all_Lyapunov_test_dso-fn_d_all_m_01_log.txt
SpawnPoolWorker-136| 2026-06-22 02:00:30,158,158 multiprocessing INFO child process calling self.run()
SpawnPoolWorker-135| 2026-06-22 02:00:30,173,173 multiprocessing INFO STARTING NEW RUN ==========
SpawnPoolWorker-135| 2026-06-22 02:00:30,174,174 multiprocessing INFO SEE LOG AT : ./logs/all_Lyapunov_test_dso-fn_d_all_m_01_log.txt
SpawnPoolWorker-135| 2026-06-22 02:00:30,174,174 multiprocessing INFO See log at : ./logs/all_Lyapunov_test_dso-fn_d_all_m_01_log.txt
SpawnPoolWorker-135| 2026-06-22 02:00:30,183,183 multiprocessing INFO child process calling self.run()
SpawnPoolWorker-130| 2026-06-22 02:00:30,564,564 multiprocessing INFO STARTING NEW RUN ==========
SpawnPoolWorker-130| 2026-06-22 02:00:30,564,564 multiprocessing INFO SEE LOG AT : ./logs/all_Lyapunov_test_dso-fn_d_all_m_01_log.txt
SpawnPoolWorker-130| 2026-06-22 02:00:30,564,564 multiprocessing INFO See log at : ./logs/all_Lyapunov_test_dso-fn_d_all_m_01_log.txt
SpawnPoolWorker-130| 2026-06-22 02:00:30,571,571 multiprocessing INFO child process calling self.run()
SpawnPoolWorker-133| 2026-06-22 02:00:30,665,665 multiprocessing INFO STARTING NEW RUN ==========
SpawnPoolWorker-133| 2026-06-22 02:00:30,665,665 multiprocessing INFO SEE LOG AT : ./logs/all_Lyapunov_test_dso-fn_d_all_m_01_log.txt
SpawnPoolWorker-133| 2026-06-22 02:00:30,665,665 multiprocessing INFO See log at : ./logs/all_Lyapunov_test_dso-fn_d_all_m_01_log.txt
SpawnPoolWorker-133| 2026-06-22 02:00:30,673,673 multiprocessing INFO child process calling self.run()
SpawnPoolWorker-132| 2026-06-22 02:00:31,152,152 multiprocessing INFO STARTING NEW RUN ==========
SpawnPoolWorker-132| 2026-06-22 02:00:31,152,152 multiprocessing INFO SEE LOG AT : ./logs/all_Lyapunov_test_dso-fn_d_all_m_01_log.txt
SpawnPoolWorker-132| 2026-06-22 02:00:31,152,152 multiprocessing INFO See log at : ./logs/all_Lyapunov_test_dso-fn_d_all_m_01_log.txt
SpawnPoolWorker-132| 2026-06-22 02:00:31,157,157 multiprocessing INFO child process calling self.run()
SpawnPoolWorker-128| 2026-06-22 02:00:31,162,162 multiprocessing INFO STARTING NEW RUN ==========
SpawnPoolWorker-128| 2026-06-22 02:00:31,162,162 multiprocessing INFO SEE LOG AT : ./logs/all_Lyapunov_test_dso-fn_d_all_m_01_log.txt
SpawnPoolWorker-128| 2026-06-22 02:00:31,162,162 multiprocessing INFO See log at : ./logs/all_Lyapunov_test_dso-fn_d_all_m_01_log.txt
SpawnPoolWorker-128| 2026-06-22 02:00:31,165,165 multiprocessing INFO child process calling self.run()
SpawnPoolWorker-146| 2026-06-22 02:00:31,301,301 multiprocessing INFO STARTING NEW RUN ==========
SpawnPoolWorker-146| 2026-06-22 02:00:31,301,301 multiprocessing INFO SEE LOG AT : ./logs/all_Lyapunov_test_dso-fn_d_all_m_01_log.txt
SpawnPoolWorker-146| 2026-06-22 02:00:31,301,301 multiprocessing INFO See log at : ./logs/all_Lyapunov_test_dso-fn_d_all_m_01_log.txt
SpawnPoolWorker-146| 2026-06-22 02:00:31,307,307 multiprocessing INFO child process calling self.run()
SpawnPoolWorker-137| 2026-06-22 02:00:31,355,355 multiprocessing INFO STARTING NEW RUN ==========
SpawnPoolWorker-137| 2026-06-22 02:00:31,355,355 multiprocessing INFO SEE LOG AT : ./logs/all_Lyapunov_test_dso-fn_d_all_m_01_log.txt
SpawnPoolWorker-137| 2026-06-22 02:00:31,355,355 multiprocessing INFO See log at : ./logs/all_Lyapunov_test_dso-fn_d_all_m_01_log.txt
SpawnPoolWorker-137| 2026-06-22 02:00:31,358,358 multiprocessing INFO child process calling self.run()
SpawnPoolWorker-155| 2026-06-22 02:00:31,483,483 multiprocessing INFO STARTING NEW RUN ==========
SpawnPoolWorker-155| 2026-06-22 02:00:31,483,483 multiprocessing INFO SEE LOG AT : ./logs/all_Lyapunov_test_dso-fn_d_all_m_01_log.txt
SpawnPoolWorker-155| 2026-06-22 02:00:31,483,483 multiprocessing INFO See log at : ./logs/all_Lyapunov_test_dso-fn_d_all_m_01_log.txt
SpawnPoolWorker-155| 2026-06-22 02:00:31,485,485 multiprocessing INFO child process calling self.run()
SpawnPoolWorker-163| 2026-06-22 02:00:31,927,927 multiprocessing INFO STARTING NEW RUN ==========
SpawnPoolWorker-163| 2026-06-22 02:00:31,927,927 multiprocessing INFO SEE LOG AT : ./logs/all_Lyapunov_test_dso-fn_d_all_m_01_log.txt
SpawnPoolWorker-163| 2026-06-22 02:00:31,927,927 multiprocessing INFO See log at : ./logs/all_Lyapunov_test_dso-fn_d_all_m_01_log.txt
SpawnPoolWorker-163| 2026-06-22 02:00:31,932,932 multiprocessing INFO child process calling self.run()
SpawnPoolWorker-154| 2026-06-22 02:00:32,167,167 multiprocessing INFO STARTING NEW RUN ==========
SpawnPoolWorker-154| 2026-06-22 02:00:32,167,167 multiprocessing INFO SEE LOG AT : ./logs/all_Lyapunov_test_dso-fn_d_all_m_01_log.txt
SpawnPoolWorker-154| 2026-06-22 02:00:32,167,167 multiprocessing INFO See log at : ./logs/all_Lyapunov_test_dso-fn_d_all_m_01_log.txt
SpawnPoolWorker-154| 2026-06-22 02:00:32,169,169 multiprocessing INFO child process calling self.run()
SpawnPoolWorker-134| 2026-06-22 02:00:32,232,232 multiprocessing INFO STARTING NEW RUN ==========
SpawnPoolWorker-134| 2026-06-22 02:00:32,232,232 multiprocessing INFO SEE LOG AT : ./logs/all_Lyapunov_test_dso-fn_d_all_m_01_log.txt
SpawnPoolWorker-134| 2026-06-22 02:00:32,232,232 multiprocessing INFO See log at : ./logs/all_Lyapunov_test_dso-fn_d_all_m_01_log.txt
SpawnPoolWorker-134| 2026-06-22 02:00:32,235,235 multiprocessing INFO child process calling self.run()
SpawnPoolWorker-131| 2026-06-22 02:00:32,240,240 multiprocessing INFO STARTING NEW RUN ==========
SpawnPoolWorker-131| 2026-06-22 02:00:32,246,246 multiprocessing INFO SEE LOG AT : ./logs/all_Lyapunov_test_dso-fn_d_all_m_01_log.txt
SpawnPoolWorker-131| 2026-06-22 02:00:32,246,246 multiprocessing INFO See log at : ./logs/all_Lyapunov_test_dso-fn_d_all_m_01_log.txt
SpawnPoolWorker-131| 2026-06-22 02:00:32,253,253 multiprocessing INFO child process calling self.run()
SpawnPoolWorker-149| 2026-06-22 02:00:32,268,268 multiprocessing INFO STARTING NEW RUN ==========
SpawnPoolWorker-149| 2026-06-22 02:00:32,268,268 multiprocessing INFO SEE LOG AT : ./logs/all_Lyapunov_test_dso-fn_d_all_m_01_log.txt
SpawnPoolWorker-149| 2026-06-22 02:00:32,268,268 multiprocessing INFO See log at : ./logs/all_Lyapunov_test_dso-fn_d_all_m_01_log.txt
SpawnPoolWorker-149| 2026-06-22 02:00:32,274,274 multiprocessing INFO child process calling self.run()
SpawnPoolWorker-138| 2026-06-22 02:00:32,282,282 multiprocessing INFO STARTING NEW RUN ==========
SpawnPoolWorker-138| 2026-06-22 02:00:32,282,282 multiprocessing INFO SEE LOG AT : ./logs/all_Lyapunov_test_dso-fn_d_all_m_01_log.txt
SpawnPoolWorker-138| 2026-06-22 02:00:32,282,282 multiprocessing INFO See log at : ./logs/all_Lyapunov_test_dso-fn_d_all_m_01_log.txt
SpawnPoolWorker-138| 2026-06-22 02:00:32,293,293 multiprocessing INFO child process calling self.run()
SpawnPoolWorker-129| 2026-06-22 02:00:32,346,346 multiprocessing INFO STARTING NEW RUN ==========
SpawnPoolWorker-129| 2026-06-22 02:00:32,347,347 multiprocessing INFO SEE LOG AT : ./logs/all_Lyapunov_test_dso-fn_d_all_m_01_log.txt
SpawnPoolWorker-129| 2026-06-22 02:00:32,347,347 multiprocessing INFO See log at : ./logs/all_Lyapunov_test_dso-fn_d_all_m_01_log.txt
SpawnPoolWorker-129| 2026-06-22 02:00:32,354,354 multiprocessing INFO child process calling self.run()
SpawnPoolWorker-143| 2026-06-22 02:00:32,404,404 multiprocessing INFO STARTING NEW RUN ==========
SpawnPoolWorker-143| 2026-06-22 02:00:32,404,404 multiprocessing INFO SEE LOG AT : ./logs/all_Lyapunov_test_dso-fn_d_all_m_01_log.txt
SpawnPoolWorker-143| 2026-06-22 02:00:32,404,404 multiprocessing INFO See log at : ./logs/all_Lyapunov_test_dso-fn_d_all_m_01_log.txt
SpawnPoolWorker-141| 2026-06-22 02:00:32,407,407 multiprocessing INFO STARTING NEW RUN ==========
SpawnPoolWorker-141| 2026-06-22 02:00:32,407,407 multiprocessing INFO SEE LOG AT : ./logs/all_Lyapunov_test_dso-fn_d_all_m_01_log.txt
SpawnPoolWorker-141| 2026-06-22 02:00:32,408,408 multiprocessing INFO See log at : ./logs/all_Lyapunov_test_dso-fn_d_all_m_01_log.txt
SpawnPoolWorker-141| 2026-06-22 02:00:32,409,409 multiprocessing INFO child process calling self.run()
SpawnPoolWorker-139| 2026-06-22 02:00:32,410,410 multiprocessing INFO STARTING NEW RUN ==========
SpawnPoolWorker-139| 2026-06-22 02:00:32,410,410 multiprocessing INFO SEE LOG AT : ./logs/all_Lyapunov_test_dso-fn_d_all_m_01_log.txt
SpawnPoolWorker-139| 2026-06-22 02:00:32,410,410 multiprocessing INFO See log at : ./logs/all_Lyapunov_test_dso-fn_d_all_m_01_log.txt
SpawnPoolWorker-139| 2026-06-22 02:00:32,412,412 multiprocessing INFO child process calling self.run()
SpawnPoolWorker-143| 2026-06-22 02:00:32,415,415 multiprocessing INFO child process calling self.run()
SpawnPoolWorker-148| 2026-06-22 02:00:32,428,428 multiprocessing INFO STARTING NEW RUN ==========
SpawnPoolWorker-148| 2026-06-22 02:00:32,428,428 multiprocessing INFO SEE LOG AT : ./logs/all_Lyapunov_test_dso-fn_d_all_m_01_log.txt
SpawnPoolWorker-148| 2026-06-22 02:00:32,428,428 multiprocessing INFO See log at : ./logs/all_Lyapunov_test_dso-fn_d_all_m_01_log.txt
SpawnPoolWorker-145| 2026-06-22 02:00:32,429,429 multiprocessing INFO STARTING NEW RUN ==========
SpawnPoolWorker-145| 2026-06-22 02:00:32,429,429 multiprocessing INFO SEE LOG AT : ./logs/all_Lyapunov_test_dso-fn_d_all_m_01_log.txt
SpawnPoolWorker-145| 2026-06-22 02:00:32,429,429 multiprocessing INFO See log at : ./logs/all_Lyapunov_test_dso-fn_d_all_m_01_log.txt
SpawnPoolWorker-148| 2026-06-22 02:00:32,430,430 multiprocessing INFO child process calling self.run()
SpawnPoolWorker-145| 2026-06-22 02:00:32,431,431 multiprocessing INFO child process calling self.run()
SpawnPoolWorker-142| 2026-06-22 02:00:32,555,555 multiprocessing INFO STARTING NEW RUN ==========
SpawnPoolWorker-142| 2026-06-22 02:00:32,555,555 multiprocessing INFO SEE LOG AT : ./logs/all_Lyapunov_test_dso-fn_d_all_m_01_log.txt
SpawnPoolWorker-142| 2026-06-22 02:00:32,555,555 multiprocessing INFO See log at : ./logs/all_Lyapunov_test_dso-fn_d_all_m_01_log.txt
SpawnPoolWorker-142| 2026-06-22 02:00:32,561,561 multiprocessing INFO child process calling self.run()
SpawnPoolWorker-152| 2026-06-22 02:00:32,689,689 multiprocessing INFO STARTING NEW RUN ==========
SpawnPoolWorker-152| 2026-06-22 02:00:32,690,690 multiprocessing INFO SEE LOG AT : ./logs/all_Lyapunov_test_dso-fn_d_all_m_01_log.txt
SpawnPoolWorker-152| 2026-06-22 02:00:32,690,690 multiprocessing INFO See log at : ./logs/all_Lyapunov_test_dso-fn_d_all_m_01_log.txt
SpawnPoolWorker-147| 2026-06-22 02:00:32,690,690 multiprocessing INFO STARTING NEW RUN ==========
SpawnPoolWorker-147| 2026-06-22 02:00:32,690,690 multiprocessing INFO SEE LOG AT : ./logs/all_Lyapunov_test_dso-fn_d_all_m_01_log.txt
SpawnPoolWorker-147| 2026-06-22 02:00:32,690,690 multiprocessing INFO See log at : ./logs/all_Lyapunov_test_dso-fn_d_all_m_01_log.txt
SpawnPoolWorker-152| 2026-06-22 02:00:32,691,691 multiprocessing INFO child process calling self.run()
SpawnPoolWorker-147| 2026-06-22 02:00:32,695,695 multiprocessing INFO child process calling self.run()
SpawnPoolWorker-140| 2026-06-22 02:00:32,815,815 multiprocessing INFO STARTING NEW RUN ==========
SpawnPoolWorker-140| 2026-06-22 02:00:32,815,815 multiprocessing INFO SEE LOG AT : ./logs/all_Lyapunov_test_dso-fn_d_all_m_01_log.txt
SpawnPoolWorker-140| 2026-06-22 02:00:32,815,815 multiprocessing INFO See log at : ./logs/all_Lyapunov_test_dso-fn_d_all_m_01_log.txt
SpawnPoolWorker-140| 2026-06-22 02:00:32,818,818 multiprocessing INFO child process calling self.run()
SpawnPoolWorker-144| 2026-06-22 02:00:32,834,834 multiprocessing INFO STARTING NEW RUN ==========
SpawnPoolWorker-144| 2026-06-22 02:00:32,834,834 multiprocessing INFO SEE LOG AT : ./logs/all_Lyapunov_test_dso-fn_d_all_m_01_log.txt
SpawnPoolWorker-144| 2026-06-22 02:00:32,834,834 multiprocessing INFO See log at : ./logs/all_Lyapunov_test_dso-fn_d_all_m_01_log.txt
SpawnPoolWorker-144| 2026-06-22 02:00:32,836,836 multiprocessing INFO child process calling self.run()
SpawnPoolWorker-166| 2026-06-22 02:00:32,944,944 multiprocessing INFO STARTING NEW RUN ==========
SpawnPoolWorker-166| 2026-06-22 02:00:32,944,944 multiprocessing INFO SEE LOG AT : ./logs/all_Lyapunov_test_dso-fn_d_all_m_01_log.txt
SpawnPoolWorker-166| 2026-06-22 02:00:32,944,944 multiprocessing INFO See log at : ./logs/all_Lyapunov_test_dso-fn_d_all_m_01_log.txt
SpawnPoolWorker-166| 2026-06-22 02:00:32,946,946 multiprocessing INFO child process calling self.run()
SpawnPoolWorker-161| 2026-06-22 02:00:33,301,301 multiprocessing INFO STARTING NEW RUN ==========
SpawnPoolWorker-161| 2026-06-22 02:00:33,301,301 multiprocessing INFO SEE LOG AT : ./logs/all_Lyapunov_test_dso-fn_d_all_m_01_log.txt
SpawnPoolWorker-161| 2026-06-22 02:00:33,301,301 multiprocessing INFO See log at : ./logs/all_Lyapunov_test_dso-fn_d_all_m_01_log.txt
SpawnPoolWorker-161| 2026-06-22 02:00:33,303,303 multiprocessing INFO child process calling self.run()
SpawnPoolWorker-160| 2026-06-22 02:00:33,312,312 multiprocessing INFO STARTING NEW RUN ==========
SpawnPoolWorker-160| 2026-06-22 02:00:33,312,312 multiprocessing INFO SEE LOG AT : ./logs/all_Lyapunov_test_dso-fn_d_all_m_01_log.txt
SpawnPoolWorker-160| 2026-06-22 02:00:33,312,312 multiprocessing INFO See log at : ./logs/all_Lyapunov_test_dso-fn_d_all_m_01_log.txt
SpawnPoolWorker-160| 2026-06-22 02:00:33,315,315 multiprocessing INFO child process calling self.run()
SpawnPoolWorker-153| 2026-06-22 02:00:33,332,332 multiprocessing INFO STARTING NEW RUN ==========
SpawnPoolWorker-153| 2026-06-22 02:00:33,332,332 multiprocessing INFO SEE LOG AT : ./logs/all_Lyapunov_test_dso-fn_d_all_m_01_log.txt
SpawnPoolWorker-153| 2026-06-22 02:00:33,332,332 multiprocessing INFO See log at : ./logs/all_Lyapunov_test_dso-fn_d_all_m_01_log.txt
SpawnPoolWorker-153| 2026-06-22 02:00:33,334,334 multiprocessing INFO child process calling self.run()
SpawnPoolWorker-159| 2026-06-22 02:00:33,369,369 multiprocessing INFO STARTING NEW RUN ==========
SpawnPoolWorker-159| 2026-06-22 02:00:33,369,369 multiprocessing INFO SEE LOG AT : ./logs/all_Lyapunov_test_dso-fn_d_all_m_01_log.txt
SpawnPoolWorker-159| 2026-06-22 02:00:33,369,369 multiprocessing INFO See log at : ./logs/all_Lyapunov_test_dso-fn_d_all_m_01_log.txt
SpawnPoolWorker-159| 2026-06-22 02:00:33,381,381 multiprocessing INFO child process calling self.run()
SpawnPoolWorker-172| 2026-06-22 02:00:33,459,459 multiprocessing INFO STARTING NEW RUN ==========
SpawnPoolWorker-172| 2026-06-22 02:00:33,459,459 multiprocessing INFO SEE LOG AT : ./logs/all_Lyapunov_test_dso-fn_d_all_m_01_log.txt
SpawnPoolWorker-172| 2026-06-22 02:00:33,459,459 multiprocessing INFO See log at : ./logs/all_Lyapunov_test_dso-fn_d_all_m_01_log.txt
SpawnPoolWorker-172| 2026-06-22 02:00:33,461,461 multiprocessing INFO child process calling self.run()
SpawnPoolWorker-127| 2026-06-22 02:00:33,518,518 multiprocessing INFO STARTING NEW RUN ==========
SpawnPoolWorker-127| 2026-06-22 02:00:33,518,518 multiprocessing INFO SEE LOG AT : ./logs/all_Lyapunov_test_dso-fn_d_all_m_01_log.txt
SpawnPoolWorker-127| 2026-06-22 02:00:33,518,518 multiprocessing INFO See log at : ./logs/all_Lyapunov_test_dso-fn_d_all_m_01_log.txt
SpawnPoolWorker-127| 2026-06-22 02:00:33,520,520 multiprocessing INFO child process calling self.run()
SpawnPoolWorker-157| 2026-06-22 02:00:33,574,574 multiprocessing INFO STARTING NEW RUN ==========
SpawnPoolWorker-157| 2026-06-22 02:00:33,574,574 multiprocessing INFO SEE LOG AT : ./logs/all_Lyapunov_test_dso-fn_d_all_m_01_log.txt
SpawnPoolWorker-157| 2026-06-22 02:00:33,574,574 multiprocessing INFO See log at : ./logs/all_Lyapunov_test_dso-fn_d_all_m_01_log.txt
SpawnPoolWorker-157| 2026-06-22 02:00:33,577,577 multiprocessing INFO child process calling self.run()
SpawnPoolWorker-164| 2026-06-22 02:00:33,580,580 multiprocessing INFO STARTING NEW RUN ==========
SpawnPoolWorker-164| 2026-06-22 02:00:33,584,584 multiprocessing INFO SEE LOG AT : ./logs/all_Lyapunov_test_dso-fn_d_all_m_01_log.txt
SpawnPoolWorker-164| 2026-06-22 02:00:33,584,584 multiprocessing INFO See log at : ./logs/all_Lyapunov_test_dso-fn_d_all_m_01_log.txt
SpawnPoolWorker-164| 2026-06-22 02:00:33,591,591 multiprocessing INFO child process calling self.run()
SpawnPoolWorker-151| 2026-06-22 02:00:33,633,633 multiprocessing INFO STARTING NEW RUN ==========
SpawnPoolWorker-151| 2026-06-22 02:00:33,633,633 multiprocessing INFO SEE LOG AT : ./logs/all_Lyapunov_test_dso-fn_d_all_m_01_log.txt
SpawnPoolWorker-151| 2026-06-22 02:00:33,634,634 multiprocessing INFO See log at : ./logs/all_Lyapunov_test_dso-fn_d_all_m_01_log.txt
SpawnPoolWorker-151| 2026-06-22 02:00:33,639,639 multiprocessing INFO child process calling self.run()
SpawnPoolWorker-150| 2026-06-22 02:00:33,706,706 multiprocessing INFO STARTING NEW RUN ==========
SpawnPoolWorker-150| 2026-06-22 02:00:33,706,706 multiprocessing INFO SEE LOG AT : ./logs/all_Lyapunov_test_dso-fn_d_all_m_01_log.txt
SpawnPoolWorker-150| 2026-06-22 02:00:33,706,706 multiprocessing INFO See log at : ./logs/all_Lyapunov_test_dso-fn_d_all_m_01_log.txt
SpawnPoolWorker-150| 2026-06-22 02:00:33,708,708 multiprocessing INFO child process calling self.run()
SpawnPoolWorker-171| 2026-06-22 02:00:33,885,885 multiprocessing INFO STARTING NEW RUN ==========
SpawnPoolWorker-171| 2026-06-22 02:00:33,885,885 multiprocessing INFO SEE LOG AT : ./logs/all_Lyapunov_test_dso-fn_d_all_m_01_log.txt
SpawnPoolWorker-171| 2026-06-22 02:00:33,885,885 multiprocessing INFO See log at : ./logs/all_Lyapunov_test_dso-fn_d_all_m_01_log.txt
SpawnPoolWorker-171| 2026-06-22 02:00:33,887,887 multiprocessing INFO child process calling self.run()
SpawnPoolWorker-158| 2026-06-22 02:00:33,887,887 multiprocessing INFO STARTING NEW RUN ==========
SpawnPoolWorker-158| 2026-06-22 02:00:33,887,887 multiprocessing INFO SEE LOG AT : ./logs/all_Lyapunov_test_dso-fn_d_all_m_01_log.txt
SpawnPoolWorker-158| 2026-06-22 02:00:33,887,887 multiprocessing INFO See log at : ./logs/all_Lyapunov_test_dso-fn_d_all_m_01_log.txt
SpawnPoolWorker-158| 2026-06-22 02:00:33,889,889 multiprocessing INFO child process calling self.run()
SpawnPoolWorker-156| 2026-06-22 02:00:34,193,193 multiprocessing INFO STARTING NEW RUN ==========
SpawnPoolWorker-156| 2026-06-22 02:00:34,194,194 multiprocessing INFO SEE LOG AT : ./logs/all_Lyapunov_test_dso-fn_d_all_m_01_log.txt
SpawnPoolWorker-156| 2026-06-22 02:00:34,194,194 multiprocessing INFO See log at : ./logs/all_Lyapunov_test_dso-fn_d_all_m_01_log.txt
SpawnPoolWorker-156| 2026-06-22 02:00:34,210,210 multiprocessing INFO child process calling self.run()
SpawnPoolWorker-162| 2026-06-22 02:00:34,274,274 multiprocessing INFO STARTING NEW RUN ==========
SpawnPoolWorker-162| 2026-06-22 02:00:34,274,274 multiprocessing INFO SEE LOG AT : ./logs/all_Lyapunov_test_dso-fn_d_all_m_01_log.txt
SpawnPoolWorker-162| 2026-06-22 02:00:34,274,274 multiprocessing INFO See log at : ./logs/all_Lyapunov_test_dso-fn_d_all_m_01_log.txt
SpawnPoolWorker-162| 2026-06-22 02:00:34,276,276 multiprocessing INFO child process calling self.run()
SpawnPoolWorker-165| 2026-06-22 02:00:34,293,293 multiprocessing INFO STARTING NEW RUN ==========
SpawnPoolWorker-165| 2026-06-22 02:00:34,293,293 multiprocessing INFO SEE LOG AT : ./logs/all_Lyapunov_test_dso-fn_d_all_m_01_log.txt
SpawnPoolWorker-165| 2026-06-22 02:00:34,293,293 multiprocessing INFO See log at : ./logs/all_Lyapunov_test_dso-fn_d_all_m_01_log.txt
SpawnPoolWorker-165| 2026-06-22 02:00:34,304,304 multiprocessing INFO child process calling self.run()
SpawnPoolWorker-168| 2026-06-22 02:00:34,389,389 multiprocessing INFO STARTING NEW RUN ==========
SpawnPoolWorker-168| 2026-06-22 02:00:34,389,389 multiprocessing INFO SEE LOG AT : ./logs/all_Lyapunov_test_dso-fn_d_all_m_01_log.txt
SpawnPoolWorker-168| 2026-06-22 02:00:34,389,389 multiprocessing INFO See log at : ./logs/all_Lyapunov_test_dso-fn_d_all_m_01_log.txt
SpawnPoolWorker-168| 2026-06-22 02:00:34,391,391 multiprocessing INFO child process calling self.run()
SpawnPoolWorker-173| 2026-06-22 02:00:34,448,448 multiprocessing INFO STARTING NEW RUN ==========
SpawnPoolWorker-173| 2026-06-22 02:00:34,448,448 multiprocessing INFO SEE LOG AT : ./logs/all_Lyapunov_test_dso-fn_d_all_m_01_log.txt
SpawnPoolWorker-173| 2026-06-22 02:00:34,449,449 multiprocessing INFO See log at : ./logs/all_Lyapunov_test_dso-fn_d_all_m_01_log.txt
SpawnPoolWorker-173| 2026-06-22 02:00:34,452,452 multiprocessing INFO child process calling self.run()
SpawnPoolWorker-169| 2026-06-22 02:00:34,535,535 multiprocessing INFO STARTING NEW RUN ==========
SpawnPoolWorker-169| 2026-06-22 02:00:34,535,535 multiprocessing INFO SEE LOG AT : ./logs/all_Lyapunov_test_dso-fn_d_all_m_01_log.txt
SpawnPoolWorker-169| 2026-06-22 02:00:34,535,535 multiprocessing INFO See log at : ./logs/all_Lyapunov_test_dso-fn_d_all_m_01_log.txt
SpawnPoolWorker-169| 2026-06-22 02:00:34,541,541 multiprocessing INFO child process calling self.run()
SpawnPoolWorker-167| 2026-06-22 02:00:34,574,574 multiprocessing INFO STARTING NEW RUN ==========
SpawnPoolWorker-167| 2026-06-22 02:00:34,574,574 multiprocessing INFO SEE LOG AT : ./logs/all_Lyapunov_test_dso-fn_d_all_m_01_log.txt
SpawnPoolWorker-167| 2026-06-22 02:00:34,574,574 multiprocessing INFO See log at : ./logs/all_Lyapunov_test_dso-fn_d_all_m_01_log.txt
SpawnPoolWorker-167| 2026-06-22 02:00:34,579,579 multiprocessing INFO child process calling self.run()
SpawnPoolWorker-174| 2026-06-22 02:00:34,947,947 multiprocessing INFO STARTING NEW RUN ==========
SpawnPoolWorker-174| 2026-06-22 02:00:34,947,947 multiprocessing INFO SEE LOG AT : ./logs/all_Lyapunov_test_dso-fn_d_all_m_01_log.txt
SpawnPoolWorker-174| 2026-06-22 02:00:34,947,947 multiprocessing INFO See log at : ./logs/all_Lyapunov_test_dso-fn_d_all_m_01_log.txt
SpawnPoolWorker-174| 2026-06-22 02:00:34,948,948 multiprocessing INFO child process calling self.run()
SpawnPoolWorker-170| 2026-06-22 02:00:34,966,966 multiprocessing INFO STARTING NEW RUN ==========
SpawnPoolWorker-170| 2026-06-22 02:00:34,966,966 multiprocessing INFO SEE LOG AT : ./logs/all_Lyapunov_test_dso-fn_d_all_m_01_log.txt
SpawnPoolWorker-170| 2026-06-22 02:00:34,966,966 multiprocessing INFO See log at : ./logs/all_Lyapunov_test_dso-fn_d_all_m_01_log.txt
SpawnPoolWorker-170| 2026-06-22 02:00:34,967,967 multiprocessing INFO child process calling self.run()
SpawnPoolWorker-161| 2026-06-22 02:00:35,413,413 multiprocessing INFO process shutting down
SpawnPoolWorker-160| 2026-06-22 02:00:35,413,413 multiprocessing INFO process shutting down
SpawnPoolWorker-161| 2026-06-22 02:00:35,413,413 multiprocessing INFO process exiting with exitcode 0
SpawnPoolWorker-153| 2026-06-22 02:00:35,413,413 multiprocessing INFO process shutting down
SpawnPoolWorker-160| 2026-06-22 02:00:35,413,413 multiprocessing INFO process exiting with exitcode 0
SpawnPoolWorker-159| 2026-06-22 02:00:35,413,413 multiprocessing INFO process shutting down
SpawnPoolWorker-153| 2026-06-22 02:00:35,413,413 multiprocessing INFO process exiting with exitcode 0
SpawnPoolWorker-172| 2026-06-22 02:00:35,413,413 multiprocessing INFO process shutting down
SpawnPoolWorker-127| 2026-06-22 02:00:35,413,413 multiprocessing INFO process shutting down
SpawnPoolWorker-157| 2026-06-22 02:00:35,413,413 multiprocessing INFO process shutting down
SpawnPoolWorker-164| 2026-06-22 02:00:35,413,413 multiprocessing INFO process shutting down
SpawnPoolWorker-151| 2026-06-22 02:00:35,413,413 multiprocessing INFO process shutting down
SpawnPoolWorker-150| 2026-06-22 02:00:35,413,413 multiprocessing INFO process shutting down
SpawnPoolWorker-171| 2026-06-22 02:00:35,413,413 multiprocessing INFO process shutting down
SpawnPoolWorker-158| 2026-06-22 02:00:35,413,413 multiprocessing INFO process shutting down
SpawnPoolWorker-156| 2026-06-22 02:00:35,413,413 multiprocessing INFO process shutting down
SpawnPoolWorker-128| 2026-06-22 02:00:35,413,413 multiprocessing INFO process shutting down
SpawnPoolWorker-162| 2026-06-22 02:00:35,413,413 multiprocessing INFO process shutting down
SpawnPoolWorker-165| 2026-06-22 02:00:35,414,414 multiprocessing INFO process shutting down
SpawnPoolWorker-168| 2026-06-22 02:00:35,414,414 multiprocessing INFO process shutting down
SpawnPoolWorker-173| 2026-06-22 02:00:35,414,414 multiprocessing INFO process shutting down
SpawnPoolWorker-130| 2026-06-22 02:00:35,413,413 multiprocessing INFO process shutting down
SpawnPoolWorker-169| 2026-06-22 02:00:35,414,414 multiprocessing INFO process shutting down
SpawnPoolWorker-135| 2026-06-22 02:00:35,414,414 multiprocessing INFO process shutting down
SpawnPoolWorker-167| 2026-06-22 02:00:35,414,414 multiprocessing INFO process shutting down
SpawnPoolWorker-141| 2026-06-22 02:00:35,414,414 multiprocessing INFO process shutting down
SpawnPoolWorker-136| 2026-06-22 02:00:35,414,414 multiprocessing INFO process shutting down
SpawnPoolWorker-155| 2026-06-22 02:00:35,414,414 multiprocessing INFO process shutting down
SpawnPoolWorker-174| 2026-06-22 02:00:35,414,414 multiprocessing INFO process shutting down
SpawnPoolWorker-133| 2026-06-22 02:00:35,414,414 multiprocessing INFO process shutting down
SpawnPoolWorker-170| 2026-06-22 02:00:35,414,414 multiprocessing INFO process shutting down
SpawnPoolWorker-132| 2026-06-22 02:00:35,414,414 multiprocessing INFO process shutting down
SpawnPoolWorker-163| 2026-06-22 02:00:35,414,414 multiprocessing INFO process shutting down
SpawnPoolWorker-147| 2026-06-22 02:00:35,414,414 multiprocessing INFO process shutting down
SpawnPoolWorker-159| 2026-06-22 02:00:35,414,414 multiprocessing INFO process exiting with exitcode 0
SpawnPoolWorker-146| 2026-06-22 02:00:35,414,414 multiprocessing INFO process shutting down
SpawnPoolWorker-163| 2026-06-22 02:00:35,414,414 multiprocessing INFO process exiting with exitcode 0
SpawnPoolWorker-137| 2026-06-22 02:00:35,414,414 multiprocessing INFO process shutting down
SpawnPoolWorker-139| 2026-06-22 02:00:35,414,414 multiprocessing INFO process shutting down
SpawnPoolWorker-147| 2026-06-22 02:00:35,415,415 multiprocessing INFO process exiting with exitcode 0
SpawnPoolWorker-146| 2026-06-22 02:00:35,415,415 multiprocessing INFO process exiting with exitcode 0
SpawnPoolWorker-149| 2026-06-22 02:00:35,415,415 multiprocessing INFO process shutting down
SpawnPoolWorker-152| 2026-06-22 02:00:35,415,415 multiprocessing INFO process shutting down
SpawnPoolWorker-140| 2026-06-22 02:00:35,415,415 multiprocessing INFO process shutting down
SpawnPoolWorker-138| 2026-06-22 02:00:35,415,415 multiprocessing INFO process shutting down
SpawnPoolWorker-148| 2026-06-22 02:00:35,415,415 multiprocessing INFO process shutting down
SpawnPoolWorker-166| 2026-06-22 02:00:35,415,415 multiprocessing INFO process shutting down
SpawnPoolWorker-143| 2026-06-22 02:00:35,415,415 multiprocessing INFO process shutting down
SpawnPoolWorker-134| 2026-06-22 02:00:35,415,415 multiprocessing INFO process shutting down
SpawnPoolWorker-142| 2026-06-22 02:00:35,415,415 multiprocessing INFO process shutting down
SpawnPoolWorker-131| 2026-06-22 02:00:35,415,415 multiprocessing INFO process shutting down
SpawnPoolWorker-145| 2026-06-22 02:00:35,415,415 multiprocessing INFO process shutting down
SpawnPoolWorker-154| 2026-06-22 02:00:35,415,415 multiprocessing INFO process shutting down
SpawnPoolWorker-129| 2026-06-22 02:00:35,415,415 multiprocessing INFO process shutting down
SpawnPoolWorker-144| 2026-06-22 02:00:35,415,415 multiprocessing INFO process shutting down
28
(100000, 6)
(100000,)
(100000, 6)
(100000,)

=======================Successfully Added (13856, 6) Counter Examples=======================


============None of the candidates fulfill the conditions. Training CONTINUES!=================

MainProcess| 2026-06-22 02:00:37,619,619 multiprocessing INFO 
============None of the candidates fulfill the conditions. Training CONTINUES!=================


============None of the candidates fulfill the conditions. Training CONTINUES!=================

(55, 123)
/users/9/chen8596/miniconda3/envs/alfd/lib/python3.9/site-packages/torch/nn/functional.py:4999: UserWarning: Support for mismatched key_padding_mask and attn_mask is deprecated. Use same type for both instead.
  warnings.warn(

==============Start Supervised Learning==============

MainProcess| 2026-06-22 02:00:41,292,292 multiprocessing INFO GP output mean: 0.9946815325546062
GP output mean: 0.9946815325546062
MainProcess| 2026-06-22 02:00:41,791,791 multiprocessing INFO GP output success rate: 0.0
GP output success rate: 0.0

==============End Supervised Learning==============

MainProcess| 2026-06-22 02:00:43,117,117 multiprocessing INFO [Test epoch=0003]  nevals=40912 	| train_loss=7596.21631 	| eqs_invalid %=1.27 	| r_best=0.99708 	| quantile=0.39402 	| r_quantile_mean=0.92031 	| r_raw_sum=52.03499 	|  r_raw_mean=0.83927 	| r2=nan 	| acc_iid=0.00000 	| acc_ood=0.00000 	| nmse_test=2.930609780258695e-06 	| true_equation_set_count=0 	| s/it=150.75583
[Test epoch=0003]  nevals=40912 	| train_loss=7596.21631 	| eqs_invalid %=1.27 	| r_best=0.99708 	| quantile=0.39402 	| r_quantile_mean=0.92031 	| r_raw_sum=52.03499 	|  r_raw_mean=0.83927 	| r2=nan 	| acc_iid=0.00000 	| acc_ood=0.00000 	| nmse_test=2.930609780258695e-06 	| true_equation_set_count=0 	| s/it=150.75583
MainProcess| 2026-06-22 02:02:20,836,836 multiprocessing INFO Genetic Porgramming Runtime 97.15505588799715
Genetic Porgramming Runtime 97.15505588799715

=========================PGD Collection Starts=========================

SpawnPoolWorker-177| 2026-06-22 02:02:26,730,730 multiprocessing INFO STARTING NEW RUN ==========
SpawnPoolWorker-177| 2026-06-22 02:02:26,730,730 multiprocessing INFO SEE LOG AT : ./logs/all_Lyapunov_test_dso-fn_d_all_m_01_log.txt
SpawnPoolWorker-177| 2026-06-22 02:02:26,730,730 multiprocessing INFO See log at : ./logs/all_Lyapunov_test_dso-fn_d_all_m_01_log.txt
SpawnPoolWorker-177| 2026-06-22 02:02:26,732,732 multiprocessing INFO child process calling self.run()
SpawnPoolWorker-176| 2026-06-22 02:02:26,736,736 multiprocessing INFO STARTING NEW RUN ==========
SpawnPoolWorker-175| 2026-06-22 02:02:26,736,736 multiprocessing INFO STARTING NEW RUN ==========
SpawnPoolWorker-176| 2026-06-22 02:02:26,737,737 multiprocessing INFO SEE LOG AT : ./logs/all_Lyapunov_test_dso-fn_d_all_m_01_log.txt
SpawnPoolWorker-175| 2026-06-22 02:02:26,737,737 multiprocessing INFO SEE LOG AT : ./logs/all_Lyapunov_test_dso-fn_d_all_m_01_log.txt
SpawnPoolWorker-176| 2026-06-22 02:02:26,739,739 multiprocessing INFO See log at : ./logs/all_Lyapunov_test_dso-fn_d_all_m_01_log.txt
SpawnPoolWorker-175| 2026-06-22 02:02:26,739,739 multiprocessing INFO See log at : ./logs/all_Lyapunov_test_dso-fn_d_all_m_01_log.txt
SpawnPoolWorker-183| 2026-06-22 02:02:26,739,739 multiprocessing INFO STARTING NEW RUN ==========
SpawnPoolWorker-182| 2026-06-22 02:02:26,739,739 multiprocessing INFO STARTING NEW RUN ==========
SpawnPoolWorker-181| 2026-06-22 02:02:26,739,739 multiprocessing INFO STARTING NEW RUN ==========
SpawnPoolWorker-180| 2026-06-22 02:02:26,739,739 multiprocessing INFO STARTING NEW RUN ==========
SpawnPoolWorker-179| 2026-06-22 02:02:26,739,739 multiprocessing INFO STARTING NEW RUN ==========
SpawnPoolWorker-183| 2026-06-22 02:02:26,739,739 multiprocessing INFO SEE LOG AT : ./logs/all_Lyapunov_test_dso-fn_d_all_m_01_log.txt
SpawnPoolWorker-182| 2026-06-22 02:02:26,739,739 multiprocessing INFO SEE LOG AT : ./logs/all_Lyapunov_test_dso-fn_d_all_m_01_log.txt
SpawnPoolWorker-181| 2026-06-22 02:02:26,739,739 multiprocessing INFO SEE LOG AT : ./logs/all_Lyapunov_test_dso-fn_d_all_m_01_log.txt
SpawnPoolWorker-180| 2026-06-22 02:02:26,739,739 multiprocessing INFO SEE LOG AT : ./logs/all_Lyapunov_test_dso-fn_d_all_m_01_log.txt
SpawnPoolWorker-179| 2026-06-22 02:02:26,739,739 multiprocessing INFO SEE LOG AT : ./logs/all_Lyapunov_test_dso-fn_d_all_m_01_log.txt
SpawnPoolWorker-183| 2026-06-22 02:02:26,739,739 multiprocessing INFO See log at : ./logs/all_Lyapunov_test_dso-fn_d_all_m_01_log.txt
SpawnPoolWorker-182| 2026-06-22 02:02:26,739,739 multiprocessing INFO See log at : ./logs/all_Lyapunov_test_dso-fn_d_all_m_01_log.txt
SpawnPoolWorker-181| 2026-06-22 02:02:26,739,739 multiprocessing INFO See log at : ./logs/all_Lyapunov_test_dso-fn_d_all_m_01_log.txt
SpawnPoolWorker-180| 2026-06-22 02:02:26,739,739 multiprocessing INFO See log at : ./logs/all_Lyapunov_test_dso-fn_d_all_m_01_log.txt
SpawnPoolWorker-179| 2026-06-22 02:02:26,740,740 multiprocessing INFO See log at : ./logs/all_Lyapunov_test_dso-fn_d_all_m_01_log.txt
SpawnPoolWorker-176| 2026-06-22 02:02:26,741,741 multiprocessing INFO child process calling self.run()
SpawnPoolWorker-183| 2026-06-22 02:02:26,741,741 multiprocessing INFO child process calling self.run()
SpawnPoolWorker-175| 2026-06-22 02:02:26,741,741 multiprocessing INFO child process calling self.run()
SpawnPoolWorker-181| 2026-06-22 02:02:26,741,741 multiprocessing INFO child process calling self.run()
SpawnPoolWorker-182| 2026-06-22 02:02:26,741,741 multiprocessing INFO child process calling self.run()
SpawnPoolWorker-179| 2026-06-22 02:02:26,741,741 multiprocessing INFO child process calling self.run()
SpawnPoolWorker-180| 2026-06-22 02:02:26,741,741 multiprocessing INFO child process calling self.run()
SpawnPoolWorker-178| 2026-06-22 02:02:26,742,742 multiprocessing INFO STARTING NEW RUN ==========
SpawnPoolWorker-178| 2026-06-22 02:02:26,742,742 multiprocessing INFO SEE LOG AT : ./logs/all_Lyapunov_test_dso-fn_d_all_m_01_log.txt
SpawnPoolWorker-178| 2026-06-22 02:02:26,742,742 multiprocessing INFO See log at : ./logs/all_Lyapunov_test_dso-fn_d_all_m_01_log.txt
SpawnPoolWorker-178| 2026-06-22 02:02:26,744,744 multiprocessing INFO child process calling self.run()
SpawnPoolWorker-184| 2026-06-22 02:02:26,752,752 multiprocessing INFO STARTING NEW RUN ==========
SpawnPoolWorker-184| 2026-06-22 02:02:26,753,753 multiprocessing INFO SEE LOG AT : ./logs/all_Lyapunov_test_dso-fn_d_all_m_01_log.txt
SpawnPoolWorker-184| 2026-06-22 02:02:26,753,753 multiprocessing INFO See log at : ./logs/all_Lyapunov_test_dso-fn_d_all_m_01_log.txt
SpawnPoolWorker-184| 2026-06-22 02:02:26,754,754 multiprocessing INFO child process calling self.run()
SpawnPoolWorker-178| 2026-06-22 02:02:44,998,998 multiprocessing INFO process shutting down
SpawnPoolWorker-181| 2026-06-22 02:02:44,999,999 multiprocessing INFO process shutting down
SpawnPoolWorker-183| 2026-06-22 02:02:44,999,999 multiprocessing INFO process shutting down
SpawnPoolWorker-177| 2026-06-22 02:02:44,999,999 multiprocessing INFO process shutting down
SpawnPoolWorker-178| 2026-06-22 02:02:44,999,999 multiprocessing INFO process exiting with exitcode 0
SpawnPoolWorker-181| 2026-06-22 02:02:44,999,999 multiprocessing INFO process exiting with exitcode 0
SpawnPoolWorker-180| 2026-06-22 02:02:44,999,999 multiprocessing INFO process shutting down
SpawnPoolWorker-184| 2026-06-22 02:02:44,999,999 multiprocessing INFO process shutting down
SpawnPoolWorker-183| 2026-06-22 02:02:44,999,999 multiprocessing INFO process exiting with exitcode 0
SpawnPoolWorker-182| 2026-06-22 02:02:44,999,999 multiprocessing INFO process shutting down
SpawnPoolWorker-177| 2026-06-22 02:02:44,999,999 multiprocessing INFO process exiting with exitcode 0
SpawnPoolWorker-180| 2026-06-22 02:02:44,999,999 multiprocessing INFO process exiting with exitcode 0
SpawnPoolWorker-184| 2026-06-22 02:02:44,999,999 multiprocessing INFO process exiting with exitcode 0
SpawnPoolWorker-179| 2026-06-22 02:02:44,999,999 multiprocessing INFO process shutting down
SpawnPoolWorker-182| 2026-06-22 02:02:44,999,999 multiprocessing INFO process exiting with exitcode 0
SpawnPoolWorker-179| 2026-06-22 02:02:45,000,0 multiprocessing INFO process exiting with exitcode 0
(20000,)

===================Collect 20000 Examples===================

Epsilon 0.1
500
(550,)
(550,)
(55,)
Number of Programs for Minimization: 28
SpawnPoolWorker-189| 2026-06-22 02:03:08,419,419 multiprocessing INFO STARTING NEW RUN ==========
SpawnPoolWorker-189| 2026-06-22 02:03:08,419,419 multiprocessing INFO SEE LOG AT : ./logs/all_Lyapunov_test_dso-fn_d_all_m_01_log.txt
SpawnPoolWorker-189| 2026-06-22 02:03:08,419,419 multiprocessing INFO See log at : ./logs/all_Lyapunov_test_dso-fn_d_all_m_01_log.txt
SpawnPoolWorker-189| 2026-06-22 02:03:08,425,425 multiprocessing INFO child process calling self.run()
SpawnPoolWorker-193| 2026-06-22 02:03:08,522,522 multiprocessing INFO STARTING NEW RUN ==========
SpawnPoolWorker-193| 2026-06-22 02:03:08,522,522 multiprocessing INFO SEE LOG AT : ./logs/all_Lyapunov_test_dso-fn_d_all_m_01_log.txt
SpawnPoolWorker-193| 2026-06-22 02:03:08,522,522 multiprocessing INFO See log at : ./logs/all_Lyapunov_test_dso-fn_d_all_m_01_log.txt
SpawnPoolWorker-193| 2026-06-22 02:03:08,526,526 multiprocessing INFO child process calling self.run()
SpawnPoolWorker-185| 2026-06-22 02:03:08,778,778 multiprocessing INFO STARTING NEW RUN ==========
SpawnPoolWorker-185| 2026-06-22 02:03:08,778,778 multiprocessing INFO SEE LOG AT : ./logs/all_Lyapunov_test_dso-fn_d_all_m_01_log.txt
SpawnPoolWorker-185| 2026-06-22 02:03:08,778,778 multiprocessing INFO See log at : ./logs/all_Lyapunov_test_dso-fn_d_all_m_01_log.txt
SpawnPoolWorker-185| 2026-06-22 02:03:08,785,785 multiprocessing INFO child process calling self.run()
SpawnPoolWorker-190| 2026-06-22 02:03:09,022,22 multiprocessing INFO STARTING NEW RUN ==========
SpawnPoolWorker-190| 2026-06-22 02:03:09,022,22 multiprocessing INFO SEE LOG AT : ./logs/all_Lyapunov_test_dso-fn_d_all_m_01_log.txt
SpawnPoolWorker-190| 2026-06-22 02:03:09,022,22 multiprocessing INFO See log at : ./logs/all_Lyapunov_test_dso-fn_d_all_m_01_log.txt
SpawnPoolWorker-190| 2026-06-22 02:03:09,029,29 multiprocessing INFO child process calling self.run()
SpawnPoolWorker-199| 2026-06-22 02:03:09,404,404 multiprocessing INFO STARTING NEW RUN ==========
SpawnPoolWorker-199| 2026-06-22 02:03:09,404,404 multiprocessing INFO SEE LOG AT : ./logs/all_Lyapunov_test_dso-fn_d_all_m_01_log.txt
SpawnPoolWorker-199| 2026-06-22 02:03:09,404,404 multiprocessing INFO See log at : ./logs/all_Lyapunov_test_dso-fn_d_all_m_01_log.txt
SpawnPoolWorker-199| 2026-06-22 02:03:09,406,406 multiprocessing INFO child process calling self.run()
SpawnPoolWorker-202| 2026-06-22 02:03:09,526,526 multiprocessing INFO STARTING NEW RUN ==========
SpawnPoolWorker-202| 2026-06-22 02:03:09,526,526 multiprocessing INFO SEE LOG AT : ./logs/all_Lyapunov_test_dso-fn_d_all_m_01_log.txt
SpawnPoolWorker-202| 2026-06-22 02:03:09,526,526 multiprocessing INFO See log at : ./logs/all_Lyapunov_test_dso-fn_d_all_m_01_log.txt
SpawnPoolWorker-202| 2026-06-22 02:03:09,528,528 multiprocessing INFO child process calling self.run()
SpawnPoolWorker-192| 2026-06-22 02:03:09,563,563 multiprocessing INFO STARTING NEW RUN ==========
SpawnPoolWorker-192| 2026-06-22 02:03:09,563,563 multiprocessing INFO SEE LOG AT : ./logs/all_Lyapunov_test_dso-fn_d_all_m_01_log.txt
SpawnPoolWorker-192| 2026-06-22 02:03:09,563,563 multiprocessing INFO See log at : ./logs/all_Lyapunov_test_dso-fn_d_all_m_01_log.txt
SpawnPoolWorker-192| 2026-06-22 02:03:09,570,570 multiprocessing INFO child process calling self.run()
SpawnPoolWorker-191| 2026-06-22 02:03:09,665,665 multiprocessing INFO STARTING NEW RUN ==========
SpawnPoolWorker-191| 2026-06-22 02:03:09,665,665 multiprocessing INFO SEE LOG AT : ./logs/all_Lyapunov_test_dso-fn_d_all_m_01_log.txt
SpawnPoolWorker-191| 2026-06-22 02:03:09,665,665 multiprocessing INFO See log at : ./logs/all_Lyapunov_test_dso-fn_d_all_m_01_log.txt
SpawnPoolWorker-191| 2026-06-22 02:03:09,679,679 multiprocessing INFO child process calling self.run()
SpawnPoolWorker-201| 2026-06-22 02:03:09,691,691 multiprocessing INFO STARTING NEW RUN ==========
SpawnPoolWorker-201| 2026-06-22 02:03:09,691,691 multiprocessing INFO SEE LOG AT : ./logs/all_Lyapunov_test_dso-fn_d_all_m_01_log.txt
SpawnPoolWorker-201| 2026-06-22 02:03:09,691,691 multiprocessing INFO See log at : ./logs/all_Lyapunov_test_dso-fn_d_all_m_01_log.txt
SpawnPoolWorker-201| 2026-06-22 02:03:09,694,694 multiprocessing INFO child process calling self.run()
SpawnPoolWorker-186| 2026-06-22 02:03:10,041,41 multiprocessing INFO STARTING NEW RUN ==========
SpawnPoolWorker-186| 2026-06-22 02:03:10,042,42 multiprocessing INFO SEE LOG AT : ./logs/all_Lyapunov_test_dso-fn_d_all_m_01_log.txt
SpawnPoolWorker-186| 2026-06-22 02:03:10,042,42 multiprocessing INFO See log at : ./logs/all_Lyapunov_test_dso-fn_d_all_m_01_log.txt
SpawnPoolWorker-214| 2026-06-22 02:03:10,046,46 multiprocessing INFO STARTING NEW RUN ==========
SpawnPoolWorker-214| 2026-06-22 02:03:10,046,46 multiprocessing INFO SEE LOG AT : ./logs/all_Lyapunov_test_dso-fn_d_all_m_01_log.txt
SpawnPoolWorker-214| 2026-06-22 02:03:10,046,46 multiprocessing INFO See log at : ./logs/all_Lyapunov_test_dso-fn_d_all_m_01_log.txt
SpawnPoolWorker-214| 2026-06-22 02:03:10,050,50 multiprocessing INFO child process calling self.run()
SpawnPoolWorker-186| 2026-06-22 02:03:10,052,52 multiprocessing INFO child process calling self.run()
SpawnPoolWorker-205| 2026-06-22 02:03:10,181,181 multiprocessing INFO STARTING NEW RUN ==========
SpawnPoolWorker-205| 2026-06-22 02:03:10,181,181 multiprocessing INFO SEE LOG AT : ./logs/all_Lyapunov_test_dso-fn_d_all_m_01_log.txt
SpawnPoolWorker-205| 2026-06-22 02:03:10,181,181 multiprocessing INFO See log at : ./logs/all_Lyapunov_test_dso-fn_d_all_m_01_log.txt
SpawnPoolWorker-205| 2026-06-22 02:03:10,187,187 multiprocessing INFO child process calling self.run()
SpawnPoolWorker-188| 2026-06-22 02:03:10,194,194 multiprocessing INFO STARTING NEW RUN ==========
SpawnPoolWorker-188| 2026-06-22 02:03:10,194,194 multiprocessing INFO SEE LOG AT : ./logs/all_Lyapunov_test_dso-fn_d_all_m_01_log.txt
SpawnPoolWorker-188| 2026-06-22 02:03:10,194,194 multiprocessing INFO See log at : ./logs/all_Lyapunov_test_dso-fn_d_all_m_01_log.txt
SpawnPoolWorker-188| 2026-06-22 02:03:10,198,198 multiprocessing INFO child process calling self.run()
SpawnPoolWorker-210| 2026-06-22 02:03:10,379,379 multiprocessing INFO STARTING NEW RUN ==========
SpawnPoolWorker-210| 2026-06-22 02:03:10,379,379 multiprocessing INFO SEE LOG AT : ./logs/all_Lyapunov_test_dso-fn_d_all_m_01_log.txt
SpawnPoolWorker-210| 2026-06-22 02:03:10,379,379 multiprocessing INFO See log at : ./logs/all_Lyapunov_test_dso-fn_d_all_m_01_log.txt
SpawnPoolWorker-210| 2026-06-22 02:03:10,382,382 multiprocessing INFO child process calling self.run()
SpawnPoolWorker-194| 2026-06-22 02:03:10,450,450 multiprocessing INFO STARTING NEW RUN ==========
SpawnPoolWorker-194| 2026-06-22 02:03:10,451,451 multiprocessing INFO SEE LOG AT : ./logs/all_Lyapunov_test_dso-fn_d_all_m_01_log.txt
SpawnPoolWorker-194| 2026-06-22 02:03:10,451,451 multiprocessing INFO See log at : ./logs/all_Lyapunov_test_dso-fn_d_all_m_01_log.txt
SpawnPoolWorker-187| 2026-06-22 02:03:10,452,452 multiprocessing INFO STARTING NEW RUN ==========
SpawnPoolWorker-187| 2026-06-22 02:03:10,452,452 multiprocessing INFO SEE LOG AT : ./logs/all_Lyapunov_test_dso-fn_d_all_m_01_log.txt
SpawnPoolWorker-187| 2026-06-22 02:03:10,452,452 multiprocessing INFO See log at : ./logs/all_Lyapunov_test_dso-fn_d_all_m_01_log.txt
SpawnPoolWorker-187| 2026-06-22 02:03:10,454,454 multiprocessing INFO child process calling self.run()
SpawnPoolWorker-194| 2026-06-22 02:03:10,457,457 multiprocessing INFO child process calling self.run()
SpawnPoolWorker-197| 2026-06-22 02:03:10,485,485 multiprocessing INFO STARTING NEW RUN ==========
SpawnPoolWorker-197| 2026-06-22 02:03:10,485,485 multiprocessing INFO SEE LOG AT : ./logs/all_Lyapunov_test_dso-fn_d_all_m_01_log.txt
SpawnPoolWorker-197| 2026-06-22 02:03:10,485,485 multiprocessing INFO See log at : ./logs/all_Lyapunov_test_dso-fn_d_all_m_01_log.txt
SpawnPoolWorker-197| 2026-06-22 02:03:10,489,489 multiprocessing INFO child process calling self.run()
SpawnPoolWorker-200| 2026-06-22 02:03:10,618,618 multiprocessing INFO STARTING NEW RUN ==========
SpawnPoolWorker-200| 2026-06-22 02:03:10,618,618 multiprocessing INFO SEE LOG AT : ./logs/all_Lyapunov_test_dso-fn_d_all_m_01_log.txt
SpawnPoolWorker-200| 2026-06-22 02:03:10,618,618 multiprocessing INFO See log at : ./logs/all_Lyapunov_test_dso-fn_d_all_m_01_log.txt
SpawnPoolWorker-200| 2026-06-22 02:03:10,620,620 multiprocessing INFO child process calling self.run()
SpawnPoolWorker-196| 2026-06-22 02:03:10,683,683 multiprocessing INFO STARTING NEW RUN ==========
SpawnPoolWorker-196| 2026-06-22 02:03:10,683,683 multiprocessing INFO SEE LOG AT : ./logs/all_Lyapunov_test_dso-fn_d_all_m_01_log.txt
SpawnPoolWorker-196| 2026-06-22 02:03:10,683,683 multiprocessing INFO See log at : ./logs/all_Lyapunov_test_dso-fn_d_all_m_01_log.txt
SpawnPoolWorker-196| 2026-06-22 02:03:10,688,688 multiprocessing INFO child process calling self.run()
SpawnPoolWorker-211| 2026-06-22 02:03:10,756,756 multiprocessing INFO STARTING NEW RUN ==========
SpawnPoolWorker-211| 2026-06-22 02:03:10,756,756 multiprocessing INFO SEE LOG AT : ./logs/all_Lyapunov_test_dso-fn_d_all_m_01_log.txt
SpawnPoolWorker-211| 2026-06-22 02:03:10,756,756 multiprocessing INFO See log at : ./logs/all_Lyapunov_test_dso-fn_d_all_m_01_log.txt
SpawnPoolWorker-211| 2026-06-22 02:03:10,766,766 multiprocessing INFO child process calling self.run()
SpawnPoolWorker-203| 2026-06-22 02:03:10,794,794 multiprocessing INFO STARTING NEW RUN ==========
SpawnPoolWorker-203| 2026-06-22 02:03:10,794,794 multiprocessing INFO SEE LOG AT : ./logs/all_Lyapunov_test_dso-fn_d_all_m_01_log.txt
SpawnPoolWorker-203| 2026-06-22 02:03:10,794,794 multiprocessing INFO See log at : ./logs/all_Lyapunov_test_dso-fn_d_all_m_01_log.txt
SpawnPoolWorker-203| 2026-06-22 02:03:10,796,796 multiprocessing INFO child process calling self.run()
SpawnPoolWorker-208| 2026-06-22 02:03:10,975,975 multiprocessing INFO STARTING NEW RUN ==========
SpawnPoolWorker-208| 2026-06-22 02:03:10,975,975 multiprocessing INFO SEE LOG AT : ./logs/all_Lyapunov_test_dso-fn_d_all_m_01_log.txt
SpawnPoolWorker-208| 2026-06-22 02:03:10,975,975 multiprocessing INFO See log at : ./logs/all_Lyapunov_test_dso-fn_d_all_m_01_log.txt
SpawnPoolWorker-208| 2026-06-22 02:03:10,978,978 multiprocessing INFO child process calling self.run()
SpawnPoolWorker-198| 2026-06-22 02:03:10,996,996 multiprocessing INFO STARTING NEW RUN ==========
SpawnPoolWorker-198| 2026-06-22 02:03:10,996,996 multiprocessing INFO SEE LOG AT : ./logs/all_Lyapunov_test_dso-fn_d_all_m_01_log.txt
SpawnPoolWorker-198| 2026-06-22 02:03:10,996,996 multiprocessing INFO See log at : ./logs/all_Lyapunov_test_dso-fn_d_all_m_01_log.txt
SpawnPoolWorker-198| 2026-06-22 02:03:11,001,1 multiprocessing INFO child process calling self.run()
SpawnPoolWorker-206| 2026-06-22 02:03:11,021,21 multiprocessing INFO STARTING NEW RUN ==========
SpawnPoolWorker-206| 2026-06-22 02:03:11,021,21 multiprocessing INFO SEE LOG AT : ./logs/all_Lyapunov_test_dso-fn_d_all_m_01_log.txt
SpawnPoolWorker-206| 2026-06-22 02:03:11,021,21 multiprocessing INFO See log at : ./logs/all_Lyapunov_test_dso-fn_d_all_m_01_log.txt
SpawnPoolWorker-206| 2026-06-22 02:03:11,031,31 multiprocessing INFO child process calling self.run()
SpawnPoolWorker-215| 2026-06-22 02:03:11,607,607 multiprocessing INFO STARTING NEW RUN ==========
SpawnPoolWorker-215| 2026-06-22 02:03:11,607,607 multiprocessing INFO SEE LOG AT : ./logs/all_Lyapunov_test_dso-fn_d_all_m_01_log.txt
SpawnPoolWorker-215| 2026-06-22 02:03:11,607,607 multiprocessing INFO See log at : ./logs/all_Lyapunov_test_dso-fn_d_all_m_01_log.txt
SpawnPoolWorker-215| 2026-06-22 02:03:11,613,613 multiprocessing INFO child process calling self.run()
SpawnPoolWorker-227| 2026-06-22 02:03:11,715,715 multiprocessing INFO STARTING NEW RUN ==========
SpawnPoolWorker-227| 2026-06-22 02:03:11,715,715 multiprocessing INFO SEE LOG AT : ./logs/all_Lyapunov_test_dso-fn_d_all_m_01_log.txt
SpawnPoolWorker-227| 2026-06-22 02:03:11,715,715 multiprocessing INFO See log at : ./logs/all_Lyapunov_test_dso-fn_d_all_m_01_log.txt
SpawnPoolWorker-227| 2026-06-22 02:03:11,716,716 multiprocessing INFO child process calling self.run()
SpawnPoolWorker-219| 2026-06-22 02:03:11,749,749 multiprocessing INFO STARTING NEW RUN ==========
SpawnPoolWorker-219| 2026-06-22 02:03:11,749,749 multiprocessing INFO SEE LOG AT : ./logs/all_Lyapunov_test_dso-fn_d_all_m_01_log.txt
SpawnPoolWorker-219| 2026-06-22 02:03:11,749,749 multiprocessing INFO See log at : ./logs/all_Lyapunov_test_dso-fn_d_all_m_01_log.txt
SpawnPoolWorker-219| 2026-06-22 02:03:11,751,751 multiprocessing INFO child process calling self.run()
SpawnPoolWorker-212| 2026-06-22 02:03:11,782,782 multiprocessing INFO STARTING NEW RUN ==========
SpawnPoolWorker-212| 2026-06-22 02:03:11,782,782 multiprocessing INFO SEE LOG AT : ./logs/all_Lyapunov_test_dso-fn_d_all_m_01_log.txt
SpawnPoolWorker-212| 2026-06-22 02:03:11,782,782 multiprocessing INFO See log at : ./logs/all_Lyapunov_test_dso-fn_d_all_m_01_log.txt
SpawnPoolWorker-212| 2026-06-22 02:03:11,785,785 multiprocessing INFO child process calling self.run()
SpawnPoolWorker-213| 2026-06-22 02:03:11,962,962 multiprocessing INFO STARTING NEW RUN ==========
SpawnPoolWorker-213| 2026-06-22 02:03:11,962,962 multiprocessing INFO SEE LOG AT : ./logs/all_Lyapunov_test_dso-fn_d_all_m_01_log.txt
SpawnPoolWorker-213| 2026-06-22 02:03:11,962,962 multiprocessing INFO See log at : ./logs/all_Lyapunov_test_dso-fn_d_all_m_01_log.txt
SpawnPoolWorker-213| 2026-06-22 02:03:11,966,966 multiprocessing INFO child process calling self.run()
SpawnPoolWorker-207| 2026-06-22 02:03:12,003,3 multiprocessing INFO STARTING NEW RUN ==========
SpawnPoolWorker-207| 2026-06-22 02:03:12,003,3 multiprocessing INFO SEE LOG AT : ./logs/all_Lyapunov_test_dso-fn_d_all_m_01_log.txt
SpawnPoolWorker-207| 2026-06-22 02:03:12,003,3 multiprocessing INFO See log at : ./logs/all_Lyapunov_test_dso-fn_d_all_m_01_log.txt
SpawnPoolWorker-207| 2026-06-22 02:03:12,009,9 multiprocessing INFO child process calling self.run()
SpawnPoolWorker-209| 2026-06-22 02:03:12,181,181 multiprocessing INFO STARTING NEW RUN ==========
SpawnPoolWorker-209| 2026-06-22 02:03:12,181,181 multiprocessing INFO SEE LOG AT : ./logs/all_Lyapunov_test_dso-fn_d_all_m_01_log.txt
SpawnPoolWorker-209| 2026-06-22 02:03:12,181,181 multiprocessing INFO See log at : ./logs/all_Lyapunov_test_dso-fn_d_all_m_01_log.txt
SpawnPoolWorker-209| 2026-06-22 02:03:12,194,194 multiprocessing INFO child process calling self.run()
SpawnPoolWorker-195| 2026-06-22 02:03:12,445,445 multiprocessing INFO STARTING NEW RUN ==========
SpawnPoolWorker-195| 2026-06-22 02:03:12,445,445 multiprocessing INFO SEE LOG AT : ./logs/all_Lyapunov_test_dso-fn_d_all_m_01_log.txt
SpawnPoolWorker-195| 2026-06-22 02:03:12,445,445 multiprocessing INFO See log at : ./logs/all_Lyapunov_test_dso-fn_d_all_m_01_log.txt
SpawnPoolWorker-195| 2026-06-22 02:03:12,451,451 multiprocessing INFO child process calling self.run()
SpawnPoolWorker-204| 2026-06-22 02:03:12,498,498 multiprocessing INFO STARTING NEW RUN ==========
SpawnPoolWorker-204| 2026-06-22 02:03:12,498,498 multiprocessing INFO SEE LOG AT : ./logs/all_Lyapunov_test_dso-fn_d_all_m_01_log.txt
SpawnPoolWorker-204| 2026-06-22 02:03:12,498,498 multiprocessing INFO See log at : ./logs/all_Lyapunov_test_dso-fn_d_all_m_01_log.txt
SpawnPoolWorker-204| 2026-06-22 02:03:12,507,507 multiprocessing INFO child process calling self.run()
SpawnPoolWorker-230| 2026-06-22 02:03:12,628,628 multiprocessing INFO STARTING NEW RUN ==========
SpawnPoolWorker-230| 2026-06-22 02:03:12,628,628 multiprocessing INFO SEE LOG AT : ./logs/all_Lyapunov_test_dso-fn_d_all_m_01_log.txt
SpawnPoolWorker-230| 2026-06-22 02:03:12,628,628 multiprocessing INFO See log at : ./logs/all_Lyapunov_test_dso-fn_d_all_m_01_log.txt
SpawnPoolWorker-230| 2026-06-22 02:03:12,630,630 multiprocessing INFO child process calling self.run()
SpawnPoolWorker-217| 2026-06-22 02:03:12,666,666 multiprocessing INFO STARTING NEW RUN ==========
SpawnPoolWorker-217| 2026-06-22 02:03:12,666,666 multiprocessing INFO SEE LOG AT : ./logs/all_Lyapunov_test_dso-fn_d_all_m_01_log.txt
SpawnPoolWorker-217| 2026-06-22 02:03:12,666,666 multiprocessing INFO See log at : ./logs/all_Lyapunov_test_dso-fn_d_all_m_01_log.txt
SpawnPoolWorker-217| 2026-06-22 02:03:12,668,668 multiprocessing INFO child process calling self.run()
SpawnPoolWorker-218| 2026-06-22 02:03:12,755,755 multiprocessing INFO STARTING NEW RUN ==========
SpawnPoolWorker-218| 2026-06-22 02:03:12,755,755 multiprocessing INFO SEE LOG AT : ./logs/all_Lyapunov_test_dso-fn_d_all_m_01_log.txt
SpawnPoolWorker-218| 2026-06-22 02:03:12,755,755 multiprocessing INFO See log at : ./logs/all_Lyapunov_test_dso-fn_d_all_m_01_log.txt
SpawnPoolWorker-218| 2026-06-22 02:03:12,756,756 multiprocessing INFO child process calling self.run()
SpawnPoolWorker-221| 2026-06-22 02:03:12,948,948 multiprocessing INFO STARTING NEW RUN ==========
SpawnPoolWorker-221| 2026-06-22 02:03:12,948,948 multiprocessing INFO SEE LOG AT : ./logs/all_Lyapunov_test_dso-fn_d_all_m_01_log.txt
SpawnPoolWorker-221| 2026-06-22 02:03:12,948,948 multiprocessing INFO See log at : ./logs/all_Lyapunov_test_dso-fn_d_all_m_01_log.txt
SpawnPoolWorker-221| 2026-06-22 02:03:12,954,954 multiprocessing INFO child process calling self.run()
SpawnPoolWorker-224| 2026-06-22 02:03:13,099,99 multiprocessing INFO STARTING NEW RUN ==========
SpawnPoolWorker-224| 2026-06-22 02:03:13,099,99 multiprocessing INFO SEE LOG AT : ./logs/all_Lyapunov_test_dso-fn_d_all_m_01_log.txt
SpawnPoolWorker-224| 2026-06-22 02:03:13,099,99 multiprocessing INFO See log at : ./logs/all_Lyapunov_test_dso-fn_d_all_m_01_log.txt
SpawnPoolWorker-229| 2026-06-22 02:03:13,103,103 multiprocessing INFO STARTING NEW RUN ==========
SpawnPoolWorker-229| 2026-06-22 02:03:13,103,103 multiprocessing INFO SEE LOG AT : ./logs/all_Lyapunov_test_dso-fn_d_all_m_01_log.txt
SpawnPoolWorker-229| 2026-06-22 02:03:13,103,103 multiprocessing INFO See log at : ./logs/all_Lyapunov_test_dso-fn_d_all_m_01_log.txt
SpawnPoolWorker-224| 2026-06-22 02:03:13,107,107 multiprocessing INFO child process calling self.run()
SpawnPoolWorker-229| 2026-06-22 02:03:13,110,110 multiprocessing INFO child process calling self.run()
SpawnPoolWorker-216| 2026-06-22 02:03:13,279,279 multiprocessing INFO STARTING NEW RUN ==========
SpawnPoolWorker-216| 2026-06-22 02:03:13,279,279 multiprocessing INFO SEE LOG AT : ./logs/all_Lyapunov_test_dso-fn_d_all_m_01_log.txt
SpawnPoolWorker-216| 2026-06-22 02:03:13,279,279 multiprocessing INFO See log at : ./logs/all_Lyapunov_test_dso-fn_d_all_m_01_log.txt
SpawnPoolWorker-216| 2026-06-22 02:03:13,281,281 multiprocessing INFO child process calling self.run()
SpawnPoolWorker-220| 2026-06-22 02:03:13,308,308 multiprocessing INFO STARTING NEW RUN ==========
SpawnPoolWorker-220| 2026-06-22 02:03:13,308,308 multiprocessing INFO SEE LOG AT : ./logs/all_Lyapunov_test_dso-fn_d_all_m_01_log.txt
SpawnPoolWorker-220| 2026-06-22 02:03:13,308,308 multiprocessing INFO See log at : ./logs/all_Lyapunov_test_dso-fn_d_all_m_01_log.txt
SpawnPoolWorker-220| 2026-06-22 02:03:13,314,314 multiprocessing INFO child process calling self.run()
SpawnPoolWorker-222| 2026-06-22 02:03:13,465,465 multiprocessing INFO STARTING NEW RUN ==========
SpawnPoolWorker-222| 2026-06-22 02:03:13,465,465 multiprocessing INFO SEE LOG AT : ./logs/all_Lyapunov_test_dso-fn_d_all_m_01_log.txt
SpawnPoolWorker-222| 2026-06-22 02:03:13,465,465 multiprocessing INFO See log at : ./logs/all_Lyapunov_test_dso-fn_d_all_m_01_log.txt
SpawnPoolWorker-222| 2026-06-22 02:03:13,474,474 multiprocessing INFO child process calling self.run()
SpawnPoolWorker-232| 2026-06-22 02:03:13,534,534 multiprocessing INFO STARTING NEW RUN ==========
SpawnPoolWorker-232| 2026-06-22 02:03:13,534,534 multiprocessing INFO SEE LOG AT : ./logs/all_Lyapunov_test_dso-fn_d_all_m_01_log.txt
SpawnPoolWorker-232| 2026-06-22 02:03:13,534,534 multiprocessing INFO See log at : ./logs/all_Lyapunov_test_dso-fn_d_all_m_01_log.txt
SpawnPoolWorker-232| 2026-06-22 02:03:13,541,541 multiprocessing INFO child process calling self.run()
SpawnPoolWorker-228| 2026-06-22 02:03:13,631,631 multiprocessing INFO STARTING NEW RUN ==========
SpawnPoolWorker-228| 2026-06-22 02:03:13,631,631 multiprocessing INFO SEE LOG AT : ./logs/all_Lyapunov_test_dso-fn_d_all_m_01_log.txt
SpawnPoolWorker-228| 2026-06-22 02:03:13,631,631 multiprocessing INFO See log at : ./logs/all_Lyapunov_test_dso-fn_d_all_m_01_log.txt
SpawnPoolWorker-228| 2026-06-22 02:03:13,633,633 multiprocessing INFO child process calling self.run()
SpawnPoolWorker-226| 2026-06-22 02:03:13,644,644 multiprocessing INFO STARTING NEW RUN ==========
SpawnPoolWorker-226| 2026-06-22 02:03:13,649,649 multiprocessing INFO SEE LOG AT : ./logs/all_Lyapunov_test_dso-fn_d_all_m_01_log.txt
SpawnPoolWorker-226| 2026-06-22 02:03:13,649,649 multiprocessing INFO See log at : ./logs/all_Lyapunov_test_dso-fn_d_all_m_01_log.txt
SpawnPoolWorker-226| 2026-06-22 02:03:13,651,651 multiprocessing INFO child process calling self.run()
SpawnPoolWorker-225| 2026-06-22 02:03:13,828,828 multiprocessing INFO STARTING NEW RUN ==========
SpawnPoolWorker-225| 2026-06-22 02:03:13,828,828 multiprocessing INFO SEE LOG AT : ./logs/all_Lyapunov_test_dso-fn_d_all_m_01_log.txt
SpawnPoolWorker-225| 2026-06-22 02:03:13,828,828 multiprocessing INFO See log at : ./logs/all_Lyapunov_test_dso-fn_d_all_m_01_log.txt
SpawnPoolWorker-225| 2026-06-22 02:03:13,829,829 multiprocessing INFO child process calling self.run()
SpawnPoolWorker-223| 2026-06-22 02:03:13,977,977 multiprocessing INFO STARTING NEW RUN ==========
SpawnPoolWorker-223| 2026-06-22 02:03:13,977,977 multiprocessing INFO SEE LOG AT : ./logs/all_Lyapunov_test_dso-fn_d_all_m_01_log.txt
SpawnPoolWorker-223| 2026-06-22 02:03:13,977,977 multiprocessing INFO See log at : ./logs/all_Lyapunov_test_dso-fn_d_all_m_01_log.txt
SpawnPoolWorker-223| 2026-06-22 02:03:13,978,978 multiprocessing INFO child process calling self.run()
SpawnPoolWorker-213| 2026-06-22 02:03:14,045,45 multiprocessing INFO process shutting down
SpawnPoolWorker-207| 2026-06-22 02:03:14,045,45 multiprocessing INFO process shutting down
SpawnPoolWorker-209| 2026-06-22 02:03:14,045,45 multiprocessing INFO process shutting down
SpawnPoolWorker-213| 2026-06-22 02:03:14,045,45 multiprocessing INFO process exiting with exitcode 0
SpawnPoolWorker-207| 2026-06-22 02:03:14,045,45 multiprocessing INFO process exiting with exitcode 0
SpawnPoolWorker-195| 2026-06-22 02:03:14,045,45 multiprocessing INFO process shutting down
SpawnPoolWorker-209| 2026-06-22 02:03:14,045,45 multiprocessing INFO process exiting with exitcode 0
SpawnPoolWorker-195| 2026-06-22 02:03:14,046,46 multiprocessing INFO process exiting with exitcode 0
SpawnPoolWorker-204| 2026-06-22 02:03:14,046,46 multiprocessing INFO process shutting down
SpawnPoolWorker-230| 2026-06-22 02:03:14,046,46 multiprocessing INFO process shutting down
SpawnPoolWorker-198| 2026-06-22 02:03:14,046,46 multiprocessing INFO process shutting down
SpawnPoolWorker-217| 2026-06-22 02:03:14,046,46 multiprocessing INFO process shutting down
SpawnPoolWorker-218| 2026-06-22 02:03:14,046,46 multiprocessing INFO process shutting down
SpawnPoolWorker-221| 2026-06-22 02:03:14,046,46 multiprocessing INFO process shutting down
SpawnPoolWorker-188| 2026-06-22 02:03:14,046,46 multiprocessing INFO process shutting down
SpawnPoolWorker-224| 2026-06-22 02:03:14,046,46 multiprocessing INFO process shutting down
SpawnPoolWorker-185| 2026-06-22 02:03:14,046,46 multiprocessing INFO process shutting down
SpawnPoolWorker-229| 2026-06-22 02:03:14,046,46 multiprocessing INFO process shutting down
SpawnPoolWorker-189| 2026-06-22 02:03:14,046,46 multiprocessing INFO process shutting down
SpawnPoolWorker-216| 2026-06-22 02:03:14,046,46 multiprocessing INFO process shutting down
SpawnPoolWorker-192| 2026-06-22 02:03:14,046,46 multiprocessing INFO process shutting down
SpawnPoolWorker-220| 2026-06-22 02:03:14,046,46 multiprocessing INFO process shutting down
SpawnPoolWorker-191| 2026-06-22 02:03:14,046,46 multiprocessing INFO process shutting down
SpawnPoolWorker-211| 2026-06-22 02:03:14,046,46 multiprocessing INFO process shutting down
SpawnPoolWorker-222| 2026-06-22 02:03:14,046,46 multiprocessing INFO process shutting down
SpawnPoolWorker-199| 2026-06-22 02:03:14,046,46 multiprocessing INFO process shutting down
SpawnPoolWorker-193| 2026-06-22 02:03:14,046,46 multiprocessing INFO process shutting down
SpawnPoolWorker-232| 2026-06-22 02:03:14,046,46 multiprocessing INFO process shutting down
SpawnPoolWorker-228| 2026-06-22 02:03:14,047,47 multiprocessing INFO process shutting down
SpawnPoolWorker-200| 2026-06-22 02:03:14,046,46 multiprocessing INFO process shutting down
SpawnPoolWorker-226| 2026-06-22 02:03:14,047,47 multiprocessing INFO process shutting down
SpawnPoolWorker-202| 2026-06-22 02:03:14,047,47 multiprocessing INFO process shutting down
SpawnPoolWorker-201| 2026-06-22 02:03:14,047,47 multiprocessing INFO process shutting down
SpawnPoolWorker-225| 2026-06-22 02:03:14,047,47 multiprocessing INFO process shutting down
SpawnPoolWorker-219| 2026-06-22 02:03:14,047,47 multiprocessing INFO process shutting down
SpawnPoolWorker-186| 2026-06-22 02:03:14,047,47 multiprocessing INFO process shutting down
SpawnPoolWorker-212| 2026-06-22 02:03:14,047,47 multiprocessing INFO process shutting down
SpawnPoolWorker-190| 2026-06-22 02:03:14,047,47 multiprocessing INFO process shutting down
SpawnPoolWorker-196| 2026-06-22 02:03:14,047,47 multiprocessing INFO process shutting down
SpawnPoolWorker-205| 2026-06-22 02:03:14,047,47 multiprocessing INFO process shutting down
SpawnPoolWorker-210| 2026-06-22 02:03:14,047,47 multiprocessing INFO process shutting down
SpawnPoolWorker-214| 2026-06-22 02:03:14,047,47 multiprocessing INFO process shutting down
SpawnPoolWorker-197| 2026-06-22 02:03:14,047,47 multiprocessing INFO process shutting down
SpawnPoolWorker-203| 2026-06-22 02:03:14,047,47 multiprocessing INFO process shutting down
SpawnPoolWorker-208| 2026-06-22 02:03:14,047,47 multiprocessing INFO process shutting down
SpawnPoolWorker-197| 2026-06-22 02:03:14,048,48 multiprocessing INFO process exiting with exitcode 0
SpawnPoolWorker-204| 2026-06-22 02:03:14,048,48 multiprocessing INFO process exiting with exitcode 0
SpawnPoolWorker-203| 2026-06-22 02:03:14,048,48 multiprocessing INFO process exiting with exitcode 0
SpawnPoolWorker-208| 2026-06-22 02:03:14,048,48 multiprocessing INFO process exiting with exitcode 0
SpawnPoolWorker-223| 2026-06-22 02:03:14,048,48 multiprocessing INFO process shutting down
SpawnPoolWorker-194| 2026-06-22 02:03:14,048,48 multiprocessing INFO process shutting down
SpawnPoolWorker-187| 2026-06-22 02:03:14,048,48 multiprocessing INFO process shutting down
SpawnPoolWorker-206| 2026-06-22 02:03:14,048,48 multiprocessing INFO process shutting down
SpawnPoolWorker-230| 2026-06-22 02:03:14,049,49 multiprocessing INFO process exiting with exitcode 0
SpawnPoolWorker-217| 2026-06-22 02:03:14,050,50 multiprocessing INFO process exiting with exitcode 0
28
(100000, 6)
(100000,)
(100000, 6)
(100000,)

=======================Successfully Added (18460, 6) Counter Examples=======================


============None of the candidates fulfill the conditions. Training CONTINUES!=================

MainProcess| 2026-06-22 02:03:16,677,677 multiprocessing INFO 
============None of the candidates fulfill the conditions. Training CONTINUES!=================


============None of the candidates fulfill the conditions. Training CONTINUES!=================

(55, 123)
/users/9/chen8596/miniconda3/envs/alfd/lib/python3.9/site-packages/torch/nn/functional.py:4999: UserWarning: Support for mismatched key_padding_mask and attn_mask is deprecated. Use same type for both instead.
  warnings.warn(

==============Start Supervised Learning==============

MainProcess| 2026-06-22 02:03:20,598,598 multiprocessing INFO GP output mean: 0.9999991979419007
GP output mean: 0.9999991979419007
MainProcess| 2026-06-22 02:03:21,099,99 multiprocessing INFO GP output success rate: 0.0
GP output success rate: 0.0

==============End Supervised Learning==============

MainProcess| 2026-06-22 02:03:22,461,461 multiprocessing INFO [Test epoch=0004]  nevals=54648 	| train_loss=7411.89111 	| eqs_invalid %=1.45 	| r_best=0.99708 	| quantile=0.80852 	| r_quantile_mean=0.96188 	| r_raw_sum=60.25567 	|  r_raw_mean=0.78254 	| r2=nan 	| acc_iid=0.00000 	| acc_ood=0.00000 	| nmse_test=2.930609780258695e-06 	| true_equation_set_count=0 	| s/it=159.34375
[Test epoch=0004]  nevals=54648 	| train_loss=7411.89111 	| eqs_invalid %=1.45 	| r_best=0.99708 	| quantile=0.80852 	| r_quantile_mean=0.96188 	| r_raw_sum=60.25567 	|  r_raw_mean=0.78254 	| r2=nan 	| acc_iid=0.00000 	| acc_ood=0.00000 	| nmse_test=2.930609780258695e-06 	| true_equation_set_count=0 	| s/it=159.34375
MainProcess| 2026-06-22 02:04:29,087,87 multiprocessing INFO Genetic Porgramming Runtime 66.05911996494979
Genetic Porgramming Runtime 66.05911996494979

=========================PGD Collection Starts=========================

SpawnPoolWorker-242| 2026-06-22 02:04:35,382,382 multiprocessing INFO STARTING NEW RUN ==========
SpawnPoolWorker-242| 2026-06-22 02:04:35,382,382 multiprocessing INFO SEE LOG AT : ./logs/all_Lyapunov_test_dso-fn_d_all_m_01_log.txt
SpawnPoolWorker-242| 2026-06-22 02:04:35,382,382 multiprocessing INFO See log at : ./logs/all_Lyapunov_test_dso-fn_d_all_m_01_log.txt
SpawnPoolWorker-242| 2026-06-22 02:04:35,385,385 multiprocessing INFO child process calling self.run()
SpawnPoolWorker-238| 2026-06-22 02:04:35,387,387 multiprocessing INFO STARTING NEW RUN ==========
SpawnPoolWorker-233| 2026-06-22 02:04:35,387,387 multiprocessing INFO STARTING NEW RUN ==========
SpawnPoolWorker-241| 2026-06-22 02:04:35,387,387 multiprocessing INFO STARTING NEW RUN ==========
SpawnPoolWorker-234| 2026-06-22 02:04:35,387,387 multiprocessing INFO STARTING NEW RUN ==========
SpawnPoolWorker-238| 2026-06-22 02:04:35,387,387 multiprocessing INFO SEE LOG AT : ./logs/all_Lyapunov_test_dso-fn_d_all_m_01_log.txt
SpawnPoolWorker-233| 2026-06-22 02:04:35,387,387 multiprocessing INFO SEE LOG AT : ./logs/all_Lyapunov_test_dso-fn_d_all_m_01_log.txt
SpawnPoolWorker-241| 2026-06-22 02:04:35,387,387 multiprocessing INFO SEE LOG AT : ./logs/all_Lyapunov_test_dso-fn_d_all_m_01_log.txt
SpawnPoolWorker-234| 2026-06-22 02:04:35,387,387 multiprocessing INFO SEE LOG AT : ./logs/all_Lyapunov_test_dso-fn_d_all_m_01_log.txt
SpawnPoolWorker-238| 2026-06-22 02:04:35,387,387 multiprocessing INFO See log at : ./logs/all_Lyapunov_test_dso-fn_d_all_m_01_log.txt
SpawnPoolWorker-233| 2026-06-22 02:04:35,387,387 multiprocessing INFO See log at : ./logs/all_Lyapunov_test_dso-fn_d_all_m_01_log.txt
SpawnPoolWorker-241| 2026-06-22 02:04:35,387,387 multiprocessing INFO See log at : ./logs/all_Lyapunov_test_dso-fn_d_all_m_01_log.txt
SpawnPoolWorker-234| 2026-06-22 02:04:35,387,387 multiprocessing INFO See log at : ./logs/all_Lyapunov_test_dso-fn_d_all_m_01_log.txt
SpawnPoolWorker-240| 2026-06-22 02:04:35,387,387 multiprocessing INFO STARTING NEW RUN ==========
SpawnPoolWorker-236| 2026-06-22 02:04:35,387,387 multiprocessing INFO STARTING NEW RUN ==========
SpawnPoolWorker-240| 2026-06-22 02:04:35,387,387 multiprocessing INFO SEE LOG AT : ./logs/all_Lyapunov_test_dso-fn_d_all_m_01_log.txt
SpawnPoolWorker-236| 2026-06-22 02:04:35,387,387 multiprocessing INFO SEE LOG AT : ./logs/all_Lyapunov_test_dso-fn_d_all_m_01_log.txt
SpawnPoolWorker-240| 2026-06-22 02:04:35,387,387 multiprocessing INFO See log at : ./logs/all_Lyapunov_test_dso-fn_d_all_m_01_log.txt
SpawnPoolWorker-236| 2026-06-22 02:04:35,387,387 multiprocessing INFO See log at : ./logs/all_Lyapunov_test_dso-fn_d_all_m_01_log.txt
SpawnPoolWorker-238| 2026-06-22 02:04:35,388,388 multiprocessing INFO child process calling self.run()
SpawnPoolWorker-241| 2026-06-22 02:04:35,388,388 multiprocessing INFO child process calling self.run()
SpawnPoolWorker-234| 2026-06-22 02:04:35,388,388 multiprocessing INFO child process calling self.run()
SpawnPoolWorker-240| 2026-06-22 02:04:35,389,389 multiprocessing INFO child process calling self.run()
SpawnPoolWorker-236| 2026-06-22 02:04:35,389,389 multiprocessing INFO child process calling self.run()
SpawnPoolWorker-233| 2026-06-22 02:04:35,389,389 multiprocessing INFO child process calling self.run()
SpawnPoolWorker-237| 2026-06-22 02:04:35,390,390 multiprocessing INFO STARTING NEW RUN ==========
SpawnPoolWorker-239| 2026-06-22 02:04:35,390,390 multiprocessing INFO STARTING NEW RUN ==========
SpawnPoolWorker-237| 2026-06-22 02:04:35,390,390 multiprocessing INFO SEE LOG AT : ./logs/all_Lyapunov_test_dso-fn_d_all_m_01_log.txt
SpawnPoolWorker-239| 2026-06-22 02:04:35,390,390 multiprocessing INFO SEE LOG AT : ./logs/all_Lyapunov_test_dso-fn_d_all_m_01_log.txt
SpawnPoolWorker-237| 2026-06-22 02:04:35,390,390 multiprocessing INFO See log at : ./logs/all_Lyapunov_test_dso-fn_d_all_m_01_log.txt
SpawnPoolWorker-239| 2026-06-22 02:04:35,390,390 multiprocessing INFO See log at : ./logs/all_Lyapunov_test_dso-fn_d_all_m_01_log.txt
SpawnPoolWorker-235| 2026-06-22 02:04:35,391,391 multiprocessing INFO STARTING NEW RUN ==========
SpawnPoolWorker-235| 2026-06-22 02:04:35,391,391 multiprocessing INFO SEE LOG AT : ./logs/all_Lyapunov_test_dso-fn_d_all_m_01_log.txt
SpawnPoolWorker-235| 2026-06-22 02:04:35,391,391 multiprocessing INFO See log at : ./logs/all_Lyapunov_test_dso-fn_d_all_m_01_log.txt
SpawnPoolWorker-239| 2026-06-22 02:04:35,392,392 multiprocessing INFO child process calling self.run()
SpawnPoolWorker-237| 2026-06-22 02:04:35,392,392 multiprocessing INFO child process calling self.run()
SpawnPoolWorker-235| 2026-06-22 02:04:35,393,393 multiprocessing INFO child process calling self.run()
SpawnPoolWorker-237| 2026-06-22 02:04:52,132,132 multiprocessing INFO process shutting down
SpawnPoolWorker-233| 2026-06-22 02:04:52,133,133 multiprocessing INFO process shutting down
SpawnPoolWorker-239| 2026-06-22 02:04:52,133,133 multiprocessing INFO process shutting down
SpawnPoolWorker-241| 2026-06-22 02:04:52,133,133 multiprocessing INFO process shutting down
SpawnPoolWorker-237| 2026-06-22 02:04:52,133,133 multiprocessing INFO process exiting with exitcode 0
SpawnPoolWorker-235| 2026-06-22 02:04:52,133,133 multiprocessing INFO process shutting down
SpawnPoolWorker-233| 2026-06-22 02:04:52,133,133 multiprocessing INFO process exiting with exitcode 0
SpawnPoolWorker-239| 2026-06-22 02:04:52,133,133 multiprocessing INFO process exiting with exitcode 0
SpawnPoolWorker-241| 2026-06-22 02:04:52,133,133 multiprocessing INFO process exiting with exitcode 0
SpawnPoolWorker-236| 2026-06-22 02:04:52,133,133 multiprocessing INFO process shutting down
SpawnPoolWorker-242| 2026-06-22 02:04:52,133,133 multiprocessing INFO process shutting down
SpawnPoolWorker-240| 2026-06-22 02:04:52,133,133 multiprocessing INFO process shutting down
SpawnPoolWorker-235| 2026-06-22 02:04:52,133,133 multiprocessing INFO process exiting with exitcode 0
SpawnPoolWorker-236| 2026-06-22 02:04:52,133,133 multiprocessing INFO process exiting with exitcode 0
SpawnPoolWorker-240| 2026-06-22 02:04:52,133,133 multiprocessing INFO process exiting with exitcode 0
SpawnPoolWorker-242| 2026-06-22 02:04:52,133,133 multiprocessing INFO process exiting with exitcode 0
(20000,)

===================Collect 20000 Examples===================

Epsilon 0.1
500
(550,)
(550,)
(55,)
Number of Programs for Minimization: 29
SpawnPoolWorker-252| 2026-06-22 02:05:16,389,389 multiprocessing INFO STARTING NEW RUN ==========
SpawnPoolWorker-252| 2026-06-22 02:05:16,389,389 multiprocessing INFO SEE LOG AT : ./logs/all_Lyapunov_test_dso-fn_d_all_m_01_log.txt
SpawnPoolWorker-252| 2026-06-22 02:05:16,389,389 multiprocessing INFO See log at : ./logs/all_Lyapunov_test_dso-fn_d_all_m_01_log.txt
SpawnPoolWorker-252| 2026-06-22 02:05:16,391,391 multiprocessing INFO child process calling self.run()
SpawnPoolWorker-248| 2026-06-22 02:05:16,688,688 multiprocessing INFO STARTING NEW RUN ==========
SpawnPoolWorker-248| 2026-06-22 02:05:16,688,688 multiprocessing INFO SEE LOG AT : ./logs/all_Lyapunov_test_dso-fn_d_all_m_01_log.txt
SpawnPoolWorker-248| 2026-06-22 02:05:16,688,688 multiprocessing INFO See log at : ./logs/all_Lyapunov_test_dso-fn_d_all_m_01_log.txt
SpawnPoolWorker-248| 2026-06-22 02:05:16,700,700 multiprocessing INFO child process calling self.run()
SpawnPoolWorker-246| 2026-06-22 02:05:16,714,714 multiprocessing INFO STARTING NEW RUN ==========
SpawnPoolWorker-246| 2026-06-22 02:05:16,714,714 multiprocessing INFO SEE LOG AT : ./logs/all_Lyapunov_test_dso-fn_d_all_m_01_log.txt
SpawnPoolWorker-246| 2026-06-22 02:05:16,714,714 multiprocessing INFO See log at : ./logs/all_Lyapunov_test_dso-fn_d_all_m_01_log.txt
SpawnPoolWorker-246| 2026-06-22 02:05:16,716,716 multiprocessing INFO child process calling self.run()
SpawnPoolWorker-257| 2026-06-22 02:05:17,252,252 multiprocessing INFO STARTING NEW RUN ==========
SpawnPoolWorker-257| 2026-06-22 02:05:17,252,252 multiprocessing INFO SEE LOG AT : ./logs/all_Lyapunov_test_dso-fn_d_all_m_01_log.txt
SpawnPoolWorker-257| 2026-06-22 02:05:17,252,252 multiprocessing INFO See log at : ./logs/all_Lyapunov_test_dso-fn_d_all_m_01_log.txt
SpawnPoolWorker-257| 2026-06-22 02:05:17,254,254 multiprocessing INFO child process calling self.run()
SpawnPoolWorker-245| 2026-06-22 02:05:17,608,608 multiprocessing INFO STARTING NEW RUN ==========
SpawnPoolWorker-245| 2026-06-22 02:05:17,608,608 multiprocessing INFO SEE LOG AT : ./logs/all_Lyapunov_test_dso-fn_d_all_m_01_log.txt
SpawnPoolWorker-245| 2026-06-22 02:05:17,608,608 multiprocessing INFO See log at : ./logs/all_Lyapunov_test_dso-fn_d_all_m_01_log.txt
SpawnPoolWorker-245| 2026-06-22 02:05:17,620,620 multiprocessing INFO child process calling self.run()
SpawnPoolWorker-254| 2026-06-22 02:05:17,904,904 multiprocessing INFO STARTING NEW RUN ==========
SpawnPoolWorker-254| 2026-06-22 02:05:17,904,904 multiprocessing INFO SEE LOG AT : ./logs/all_Lyapunov_test_dso-fn_d_all_m_01_log.txt
SpawnPoolWorker-254| 2026-06-22 02:05:17,904,904 multiprocessing INFO See log at : ./logs/all_Lyapunov_test_dso-fn_d_all_m_01_log.txt
SpawnPoolWorker-254| 2026-06-22 02:05:17,906,906 multiprocessing INFO child process calling self.run()
SpawnPoolWorker-243| 2026-06-22 02:05:17,929,929 multiprocessing INFO STARTING NEW RUN ==========
SpawnPoolWorker-243| 2026-06-22 02:05:17,929,929 multiprocessing INFO SEE LOG AT : ./logs/all_Lyapunov_test_dso-fn_d_all_m_01_log.txt
SpawnPoolWorker-243| 2026-06-22 02:05:17,929,929 multiprocessing INFO See log at : ./logs/all_Lyapunov_test_dso-fn_d_all_m_01_log.txt
SpawnPoolWorker-243| 2026-06-22 02:05:17,931,931 multiprocessing INFO child process calling self.run()
SpawnPoolWorker-250| 2026-06-22 02:05:18,114,114 multiprocessing INFO STARTING NEW RUN ==========
SpawnPoolWorker-250| 2026-06-22 02:05:18,114,114 multiprocessing INFO SEE LOG AT : ./logs/all_Lyapunov_test_dso-fn_d_all_m_01_log.txt
SpawnPoolWorker-250| 2026-06-22 02:05:18,114,114 multiprocessing INFO See log at : ./logs/all_Lyapunov_test_dso-fn_d_all_m_01_log.txt
SpawnPoolWorker-250| 2026-06-22 02:05:18,120,120 multiprocessing INFO child process calling self.run()
SpawnPoolWorker-261| 2026-06-22 02:05:18,146,146 multiprocessing INFO STARTING NEW RUN ==========
SpawnPoolWorker-261| 2026-06-22 02:05:18,146,146 multiprocessing INFO SEE LOG AT : ./logs/all_Lyapunov_test_dso-fn_d_all_m_01_log.txt
SpawnPoolWorker-261| 2026-06-22 02:05:18,146,146 multiprocessing INFO See log at : ./logs/all_Lyapunov_test_dso-fn_d_all_m_01_log.txt
SpawnPoolWorker-261| 2026-06-22 02:05:18,157,157 multiprocessing INFO child process calling self.run()
SpawnPoolWorker-249| 2026-06-22 02:05:18,218,218 multiprocessing INFO STARTING NEW RUN ==========
SpawnPoolWorker-249| 2026-06-22 02:05:18,218,218 multiprocessing INFO SEE LOG AT : ./logs/all_Lyapunov_test_dso-fn_d_all_m_01_log.txt
SpawnPoolWorker-249| 2026-06-22 02:05:18,218,218 multiprocessing INFO See log at : ./logs/all_Lyapunov_test_dso-fn_d_all_m_01_log.txt
SpawnPoolWorker-249| 2026-06-22 02:05:18,223,223 multiprocessing INFO child process calling self.run()
SpawnPoolWorker-255| 2026-06-22 02:05:18,528,528 multiprocessing INFO STARTING NEW RUN ==========
SpawnPoolWorker-255| 2026-06-22 02:05:18,528,528 multiprocessing INFO SEE LOG AT : ./logs/all_Lyapunov_test_dso-fn_d_all_m_01_log.txt
SpawnPoolWorker-255| 2026-06-22 02:05:18,528,528 multiprocessing INFO See log at : ./logs/all_Lyapunov_test_dso-fn_d_all_m_01_log.txt
SpawnPoolWorker-255| 2026-06-22 02:05:18,530,530 multiprocessing INFO child process calling self.run()
SpawnPoolWorker-272| 2026-06-22 02:05:18,732,732 multiprocessing INFO STARTING NEW RUN ==========
SpawnPoolWorker-272| 2026-06-22 02:05:18,732,732 multiprocessing INFO SEE LOG AT : ./logs/all_Lyapunov_test_dso-fn_d_all_m_01_log.txt
SpawnPoolWorker-272| 2026-06-22 02:05:18,732,732 multiprocessing INFO See log at : ./logs/all_Lyapunov_test_dso-fn_d_all_m_01_log.txt
SpawnPoolWorker-272| 2026-06-22 02:05:18,742,742 multiprocessing INFO child process calling self.run()
SpawnPoolWorker-273| 2026-06-22 02:05:18,851,851 multiprocessing INFO STARTING NEW RUN ==========
SpawnPoolWorker-273| 2026-06-22 02:05:18,852,852 multiprocessing INFO SEE LOG AT : ./logs/all_Lyapunov_test_dso-fn_d_all_m_01_log.txt
SpawnPoolWorker-273| 2026-06-22 02:05:18,852,852 multiprocessing INFO See log at : ./logs/all_Lyapunov_test_dso-fn_d_all_m_01_log.txt
SpawnPoolWorker-273| 2026-06-22 02:05:18,864,864 multiprocessing INFO child process calling self.run()
SpawnPoolWorker-258| 2026-06-22 02:05:18,973,973 multiprocessing INFO STARTING NEW RUN ==========
SpawnPoolWorker-258| 2026-06-22 02:05:18,973,973 multiprocessing INFO SEE LOG AT : ./logs/all_Lyapunov_test_dso-fn_d_all_m_01_log.txt
SpawnPoolWorker-258| 2026-06-22 02:05:18,973,973 multiprocessing INFO See log at : ./logs/all_Lyapunov_test_dso-fn_d_all_m_01_log.txt
SpawnPoolWorker-258| 2026-06-22 02:05:18,983,983 multiprocessing INFO child process calling self.run()
SpawnPoolWorker-247| 2026-06-22 02:05:19,078,78 multiprocessing INFO STARTING NEW RUN ==========
SpawnPoolWorker-247| 2026-06-22 02:05:19,078,78 multiprocessing INFO SEE LOG AT : ./logs/all_Lyapunov_test_dso-fn_d_all_m_01_log.txt
SpawnPoolWorker-247| 2026-06-22 02:05:19,078,78 multiprocessing INFO See log at : ./logs/all_Lyapunov_test_dso-fn_d_all_m_01_log.txt
SpawnPoolWorker-247| 2026-06-22 02:05:19,085,85 multiprocessing INFO child process calling self.run()
SpawnPoolWorker-260| 2026-06-22 02:05:19,114,114 multiprocessing INFO STARTING NEW RUN ==========
SpawnPoolWorker-260| 2026-06-22 02:05:19,114,114 multiprocessing INFO SEE LOG AT : ./logs/all_Lyapunov_test_dso-fn_d_all_m_01_log.txt
SpawnPoolWorker-260| 2026-06-22 02:05:19,114,114 multiprocessing INFO See log at : ./logs/all_Lyapunov_test_dso-fn_d_all_m_01_log.txt
SpawnPoolWorker-260| 2026-06-22 02:05:19,122,122 multiprocessing INFO child process calling self.run()
SpawnPoolWorker-277| 2026-06-22 02:05:19,234,234 multiprocessing INFO STARTING NEW RUN ==========
SpawnPoolWorker-277| 2026-06-22 02:05:19,234,234 multiprocessing INFO SEE LOG AT : ./logs/all_Lyapunov_test_dso-fn_d_all_m_01_log.txt
SpawnPoolWorker-277| 2026-06-22 02:05:19,234,234 multiprocessing INFO See log at : ./logs/all_Lyapunov_test_dso-fn_d_all_m_01_log.txt
SpawnPoolWorker-277| 2026-06-22 02:05:19,236,236 multiprocessing INFO child process calling self.run()
SpawnPoolWorker-270| 2026-06-22 02:05:19,466,466 multiprocessing INFO STARTING NEW RUN ==========
SpawnPoolWorker-270| 2026-06-22 02:05:19,466,466 multiprocessing INFO SEE LOG AT : ./logs/all_Lyapunov_test_dso-fn_d_all_m_01_log.txt
SpawnPoolWorker-270| 2026-06-22 02:05:19,466,466 multiprocessing INFO See log at : ./logs/all_Lyapunov_test_dso-fn_d_all_m_01_log.txt
SpawnPoolWorker-270| 2026-06-22 02:05:19,468,468 multiprocessing INFO child process calling self.run()
SpawnPoolWorker-264| 2026-06-22 02:05:19,499,499 multiprocessing INFO STARTING NEW RUN ==========
SpawnPoolWorker-264| 2026-06-22 02:05:19,499,499 multiprocessing INFO SEE LOG AT : ./logs/all_Lyapunov_test_dso-fn_d_all_m_01_log.txt
SpawnPoolWorker-264| 2026-06-22 02:05:19,499,499 multiprocessing INFO See log at : ./logs/all_Lyapunov_test_dso-fn_d_all_m_01_log.txt
SpawnPoolWorker-264| 2026-06-22 02:05:19,514,514 multiprocessing INFO child process calling self.run()
SpawnPoolWorker-287| 2026-06-22 02:05:19,565,565 multiprocessing INFO STARTING NEW RUN ==========
SpawnPoolWorker-287| 2026-06-22 02:05:19,565,565 multiprocessing INFO SEE LOG AT : ./logs/all_Lyapunov_test_dso-fn_d_all_m_01_log.txt
SpawnPoolWorker-287| 2026-06-22 02:05:19,565,565 multiprocessing INFO See log at : ./logs/all_Lyapunov_test_dso-fn_d_all_m_01_log.txt
SpawnPoolWorker-287| 2026-06-22 02:05:19,567,567 multiprocessing INFO child process calling self.run()
SpawnPoolWorker-284| 2026-06-22 02:05:19,630,630 multiprocessing INFO STARTING NEW RUN ==========
SpawnPoolWorker-284| 2026-06-22 02:05:19,630,630 multiprocessing INFO SEE LOG AT : ./logs/all_Lyapunov_test_dso-fn_d_all_m_01_log.txt
SpawnPoolWorker-284| 2026-06-22 02:05:19,630,630 multiprocessing INFO See log at : ./logs/all_Lyapunov_test_dso-fn_d_all_m_01_log.txt
SpawnPoolWorker-284| 2026-06-22 02:05:19,638,638 multiprocessing INFO child process calling self.run()
SpawnPoolWorker-269| 2026-06-22 02:05:19,771,771 multiprocessing INFO STARTING NEW RUN ==========
SpawnPoolWorker-269| 2026-06-22 02:05:19,771,771 multiprocessing INFO SEE LOG AT : ./logs/all_Lyapunov_test_dso-fn_d_all_m_01_log.txt
SpawnPoolWorker-269| 2026-06-22 02:05:19,771,771 multiprocessing INFO See log at : ./logs/all_Lyapunov_test_dso-fn_d_all_m_01_log.txt
SpawnPoolWorker-269| 2026-06-22 02:05:19,774,774 multiprocessing INFO child process calling self.run()
SpawnPoolWorker-280| 2026-06-22 02:05:19,823,823 multiprocessing INFO STARTING NEW RUN ==========
SpawnPoolWorker-280| 2026-06-22 02:05:19,824,824 multiprocessing INFO SEE LOG AT : ./logs/all_Lyapunov_test_dso-fn_d_all_m_01_log.txt
SpawnPoolWorker-280| 2026-06-22 02:05:19,824,824 multiprocessing INFO See log at : ./logs/all_Lyapunov_test_dso-fn_d_all_m_01_log.txt
SpawnPoolWorker-280| 2026-06-22 02:05:19,825,825 multiprocessing INFO child process calling self.run()
SpawnPoolWorker-271| 2026-06-22 02:05:19,826,826 multiprocessing INFO STARTING NEW RUN ==========
SpawnPoolWorker-271| 2026-06-22 02:05:19,826,826 multiprocessing INFO SEE LOG AT : ./logs/all_Lyapunov_test_dso-fn_d_all_m_01_log.txt
SpawnPoolWorker-271| 2026-06-22 02:05:19,826,826 multiprocessing INFO See log at : ./logs/all_Lyapunov_test_dso-fn_d_all_m_01_log.txt
SpawnPoolWorker-271| 2026-06-22 02:05:19,835,835 multiprocessing INFO child process calling self.run()
SpawnPoolWorker-265| 2026-06-22 02:05:19,868,868 multiprocessing INFO STARTING NEW RUN ==========
SpawnPoolWorker-265| 2026-06-22 02:05:19,868,868 multiprocessing INFO SEE LOG AT : ./logs/all_Lyapunov_test_dso-fn_d_all_m_01_log.txt
SpawnPoolWorker-265| 2026-06-22 02:05:19,868,868 multiprocessing INFO See log at : ./logs/all_Lyapunov_test_dso-fn_d_all_m_01_log.txt
SpawnPoolWorker-265| 2026-06-22 02:05:19,874,874 multiprocessing INFO child process calling self.run()
SpawnPoolWorker-278| 2026-06-22 02:05:19,891,891 multiprocessing INFO STARTING NEW RUN ==========
SpawnPoolWorker-278| 2026-06-22 02:05:19,891,891 multiprocessing INFO SEE LOG AT : ./logs/all_Lyapunov_test_dso-fn_d_all_m_01_log.txt
SpawnPoolWorker-278| 2026-06-22 02:05:19,891,891 multiprocessing INFO See log at : ./logs/all_Lyapunov_test_dso-fn_d_all_m_01_log.txt
SpawnPoolWorker-278| 2026-06-22 02:05:19,901,901 multiprocessing INFO child process calling self.run()
SpawnPoolWorker-253| 2026-06-22 02:05:19,913,913 multiprocessing INFO STARTING NEW RUN ==========
SpawnPoolWorker-253| 2026-06-22 02:05:19,913,913 multiprocessing INFO SEE LOG AT : ./logs/all_Lyapunov_test_dso-fn_d_all_m_01_log.txt
SpawnPoolWorker-253| 2026-06-22 02:05:19,913,913 multiprocessing INFO See log at : ./logs/all_Lyapunov_test_dso-fn_d_all_m_01_log.txt
SpawnPoolWorker-253| 2026-06-22 02:05:19,915,915 multiprocessing INFO child process calling self.run()
SpawnPoolWorker-263| 2026-06-22 02:05:19,983,983 multiprocessing INFO STARTING NEW RUN ==========
SpawnPoolWorker-263| 2026-06-22 02:05:19,983,983 multiprocessing INFO SEE LOG AT : ./logs/all_Lyapunov_test_dso-fn_d_all_m_01_log.txt
SpawnPoolWorker-263| 2026-06-22 02:05:19,983,983 multiprocessing INFO See log at : ./logs/all_Lyapunov_test_dso-fn_d_all_m_01_log.txt
SpawnPoolWorker-263| 2026-06-22 02:05:19,985,985 multiprocessing INFO child process calling self.run()
SpawnPoolWorker-268| 2026-06-22 02:05:20,012,12 multiprocessing INFO STARTING NEW RUN ==========
SpawnPoolWorker-268| 2026-06-22 02:05:20,012,12 multiprocessing INFO SEE LOG AT : ./logs/all_Lyapunov_test_dso-fn_d_all_m_01_log.txt
SpawnPoolWorker-268| 2026-06-22 02:05:20,012,12 multiprocessing INFO See log at : ./logs/all_Lyapunov_test_dso-fn_d_all_m_01_log.txt
SpawnPoolWorker-268| 2026-06-22 02:05:20,017,17 multiprocessing INFO child process calling self.run()
SpawnPoolWorker-259| 2026-06-22 02:05:20,101,101 multiprocessing INFO STARTING NEW RUN ==========
SpawnPoolWorker-259| 2026-06-22 02:05:20,101,101 multiprocessing INFO SEE LOG AT : ./logs/all_Lyapunov_test_dso-fn_d_all_m_01_log.txt
SpawnPoolWorker-259| 2026-06-22 02:05:20,101,101 multiprocessing INFO See log at : ./logs/all_Lyapunov_test_dso-fn_d_all_m_01_log.txt
SpawnPoolWorker-259| 2026-06-22 02:05:20,111,111 multiprocessing INFO child process calling self.run()
SpawnPoolWorker-275| 2026-06-22 02:05:20,199,199 multiprocessing INFO STARTING NEW RUN ==========
SpawnPoolWorker-275| 2026-06-22 02:05:20,199,199 multiprocessing INFO SEE LOG AT : ./logs/all_Lyapunov_test_dso-fn_d_all_m_01_log.txt
SpawnPoolWorker-275| 2026-06-22 02:05:20,199,199 multiprocessing INFO See log at : ./logs/all_Lyapunov_test_dso-fn_d_all_m_01_log.txt
SpawnPoolWorker-275| 2026-06-22 02:05:20,214,214 multiprocessing INFO child process calling self.run()
SpawnPoolWorker-274| 2026-06-22 02:05:20,225,225 multiprocessing INFO STARTING NEW RUN ==========
SpawnPoolWorker-274| 2026-06-22 02:05:20,225,225 multiprocessing INFO SEE LOG AT : ./logs/all_Lyapunov_test_dso-fn_d_all_m_01_log.txt
SpawnPoolWorker-274| 2026-06-22 02:05:20,225,225 multiprocessing INFO See log at : ./logs/all_Lyapunov_test_dso-fn_d_all_m_01_log.txt
SpawnPoolWorker-274| 2026-06-22 02:05:20,226,226 multiprocessing INFO child process calling self.run()
SpawnPoolWorker-256| 2026-06-22 02:05:20,251,251 multiprocessing INFO STARTING NEW RUN ==========
SpawnPoolWorker-256| 2026-06-22 02:05:20,251,251 multiprocessing INFO SEE LOG AT : ./logs/all_Lyapunov_test_dso-fn_d_all_m_01_log.txt
SpawnPoolWorker-256| 2026-06-22 02:05:20,251,251 multiprocessing INFO See log at : ./logs/all_Lyapunov_test_dso-fn_d_all_m_01_log.txt
SpawnPoolWorker-256| 2026-06-22 02:05:20,257,257 multiprocessing INFO child process calling self.run()
SpawnPoolWorker-283| 2026-06-22 02:05:20,397,397 multiprocessing INFO STARTING NEW RUN ==========
SpawnPoolWorker-283| 2026-06-22 02:05:20,397,397 multiprocessing INFO SEE LOG AT : ./logs/all_Lyapunov_test_dso-fn_d_all_m_01_log.txt
SpawnPoolWorker-283| 2026-06-22 02:05:20,397,397 multiprocessing INFO See log at : ./logs/all_Lyapunov_test_dso-fn_d_all_m_01_log.txt
SpawnPoolWorker-283| 2026-06-22 02:05:20,407,407 multiprocessing INFO child process calling self.run()
SpawnPoolWorker-288| 2026-06-22 02:05:20,526,526 multiprocessing INFO STARTING NEW RUN ==========
SpawnPoolWorker-288| 2026-06-22 02:05:20,527,527 multiprocessing INFO SEE LOG AT : ./logs/all_Lyapunov_test_dso-fn_d_all_m_01_log.txt
SpawnPoolWorker-288| 2026-06-22 02:05:20,527,527 multiprocessing INFO See log at : ./logs/all_Lyapunov_test_dso-fn_d_all_m_01_log.txt
SpawnPoolWorker-288| 2026-06-22 02:05:20,528,528 multiprocessing INFO child process calling self.run()
SpawnPoolWorker-262| 2026-06-22 02:05:20,585,585 multiprocessing INFO STARTING NEW RUN ==========
SpawnPoolWorker-262| 2026-06-22 02:05:20,585,585 multiprocessing INFO SEE LOG AT : ./logs/all_Lyapunov_test_dso-fn_d_all_m_01_log.txt
SpawnPoolWorker-262| 2026-06-22 02:05:20,585,585 multiprocessing INFO See log at : ./logs/all_Lyapunov_test_dso-fn_d_all_m_01_log.txt
SpawnPoolWorker-262| 2026-06-22 02:05:20,595,595 multiprocessing INFO child process calling self.run()
SpawnPoolWorker-266| 2026-06-22 02:05:20,595,595 multiprocessing INFO STARTING NEW RUN ==========
SpawnPoolWorker-266| 2026-06-22 02:05:20,595,595 multiprocessing INFO SEE LOG AT : ./logs/all_Lyapunov_test_dso-fn_d_all_m_01_log.txt
SpawnPoolWorker-266| 2026-06-22 02:05:20,595,595 multiprocessing INFO See log at : ./logs/all_Lyapunov_test_dso-fn_d_all_m_01_log.txt
SpawnPoolWorker-266| 2026-06-22 02:05:20,597,597 multiprocessing INFO child process calling self.run()
SpawnPoolWorker-282| 2026-06-22 02:05:20,729,729 multiprocessing INFO STARTING NEW RUN ==========
SpawnPoolWorker-282| 2026-06-22 02:05:20,729,729 multiprocessing INFO SEE LOG AT : ./logs/all_Lyapunov_test_dso-fn_d_all_m_01_log.txt
SpawnPoolWorker-282| 2026-06-22 02:05:20,729,729 multiprocessing INFO See log at : ./logs/all_Lyapunov_test_dso-fn_d_all_m_01_log.txt
SpawnPoolWorker-281| 2026-06-22 02:05:20,734,734 multiprocessing INFO STARTING NEW RUN ==========
SpawnPoolWorker-281| 2026-06-22 02:05:20,734,734 multiprocessing INFO SEE LOG AT : ./logs/all_Lyapunov_test_dso-fn_d_all_m_01_log.txt
SpawnPoolWorker-281| 2026-06-22 02:05:20,734,734 multiprocessing INFO See log at : ./logs/all_Lyapunov_test_dso-fn_d_all_m_01_log.txt
SpawnPoolWorker-282| 2026-06-22 02:05:20,735,735 multiprocessing INFO child process calling self.run()
SpawnPoolWorker-281| 2026-06-22 02:05:20,736,736 multiprocessing INFO child process calling self.run()
SpawnPoolWorker-251| 2026-06-22 02:05:20,871,871 multiprocessing INFO STARTING NEW RUN ==========
SpawnPoolWorker-251| 2026-06-22 02:05:20,871,871 multiprocessing INFO SEE LOG AT : ./logs/all_Lyapunov_test_dso-fn_d_all_m_01_log.txt
SpawnPoolWorker-251| 2026-06-22 02:05:20,871,871 multiprocessing INFO See log at : ./logs/all_Lyapunov_test_dso-fn_d_all_m_01_log.txt
SpawnPoolWorker-251| 2026-06-22 02:05:20,880,880 multiprocessing INFO child process calling self.run()
SpawnPoolWorker-290| 2026-06-22 02:05:20,929,929 multiprocessing INFO STARTING NEW RUN ==========
SpawnPoolWorker-290| 2026-06-22 02:05:20,930,930 multiprocessing INFO SEE LOG AT : ./logs/all_Lyapunov_test_dso-fn_d_all_m_01_log.txt
SpawnPoolWorker-290| 2026-06-22 02:05:20,930,930 multiprocessing INFO See log at : ./logs/all_Lyapunov_test_dso-fn_d_all_m_01_log.txt
SpawnPoolWorker-290| 2026-06-22 02:05:20,931,931 multiprocessing INFO child process calling self.run()
SpawnPoolWorker-244| 2026-06-22 02:05:20,971,971 multiprocessing INFO STARTING NEW RUN ==========
SpawnPoolWorker-244| 2026-06-22 02:05:20,971,971 multiprocessing INFO SEE LOG AT : ./logs/all_Lyapunov_test_dso-fn_d_all_m_01_log.txt
SpawnPoolWorker-244| 2026-06-22 02:05:20,971,971 multiprocessing INFO See log at : ./logs/all_Lyapunov_test_dso-fn_d_all_m_01_log.txt
SpawnPoolWorker-244| 2026-06-22 02:05:20,979,979 multiprocessing INFO child process calling self.run()
SpawnPoolWorker-279| 2026-06-22 02:05:21,156,156 multiprocessing INFO STARTING NEW RUN ==========
SpawnPoolWorker-279| 2026-06-22 02:05:21,156,156 multiprocessing INFO SEE LOG AT : ./logs/all_Lyapunov_test_dso-fn_d_all_m_01_log.txt
SpawnPoolWorker-279| 2026-06-22 02:05:21,156,156 multiprocessing INFO See log at : ./logs/all_Lyapunov_test_dso-fn_d_all_m_01_log.txt
SpawnPoolWorker-279| 2026-06-22 02:05:21,163,163 multiprocessing INFO child process calling self.run()
SpawnPoolWorker-286| 2026-06-22 02:05:21,423,423 multiprocessing INFO STARTING NEW RUN ==========
SpawnPoolWorker-286| 2026-06-22 02:05:21,423,423 multiprocessing INFO SEE LOG AT : ./logs/all_Lyapunov_test_dso-fn_d_all_m_01_log.txt
SpawnPoolWorker-286| 2026-06-22 02:05:21,423,423 multiprocessing INFO See log at : ./logs/all_Lyapunov_test_dso-fn_d_all_m_01_log.txt
SpawnPoolWorker-286| 2026-06-22 02:05:21,425,425 multiprocessing INFO child process calling self.run()
SpawnPoolWorker-267| 2026-06-22 02:05:21,541,541 multiprocessing INFO STARTING NEW RUN ==========
SpawnPoolWorker-267| 2026-06-22 02:05:21,541,541 multiprocessing INFO SEE LOG AT : ./logs/all_Lyapunov_test_dso-fn_d_all_m_01_log.txt
SpawnPoolWorker-267| 2026-06-22 02:05:21,541,541 multiprocessing INFO See log at : ./logs/all_Lyapunov_test_dso-fn_d_all_m_01_log.txt
SpawnPoolWorker-267| 2026-06-22 02:05:21,552,552 multiprocessing INFO child process calling self.run()
SpawnPoolWorker-289| 2026-06-22 02:05:21,820,820 multiprocessing INFO STARTING NEW RUN ==========
SpawnPoolWorker-289| 2026-06-22 02:05:21,821,821 multiprocessing INFO SEE LOG AT : ./logs/all_Lyapunov_test_dso-fn_d_all_m_01_log.txt
SpawnPoolWorker-289| 2026-06-22 02:05:21,821,821 multiprocessing INFO See log at : ./logs/all_Lyapunov_test_dso-fn_d_all_m_01_log.txt
SpawnPoolWorker-289| 2026-06-22 02:05:21,822,822 multiprocessing INFO child process calling self.run()
SpawnPoolWorker-276| 2026-06-22 02:05:21,869,869 multiprocessing INFO STARTING NEW RUN ==========
SpawnPoolWorker-276| 2026-06-22 02:05:21,869,869 multiprocessing INFO SEE LOG AT : ./logs/all_Lyapunov_test_dso-fn_d_all_m_01_log.txt
SpawnPoolWorker-276| 2026-06-22 02:05:21,869,869 multiprocessing INFO See log at : ./logs/all_Lyapunov_test_dso-fn_d_all_m_01_log.txt
SpawnPoolWorker-276| 2026-06-22 02:05:21,871,871 multiprocessing INFO child process calling self.run()
SpawnPoolWorker-285| 2026-06-22 02:05:22,025,25 multiprocessing INFO STARTING NEW RUN ==========
SpawnPoolWorker-285| 2026-06-22 02:05:22,026,26 multiprocessing INFO SEE LOG AT : ./logs/all_Lyapunov_test_dso-fn_d_all_m_01_log.txt
SpawnPoolWorker-285| 2026-06-22 02:05:22,026,26 multiprocessing INFO See log at : ./logs/all_Lyapunov_test_dso-fn_d_all_m_01_log.txt
SpawnPoolWorker-285| 2026-06-22 02:05:22,027,27 multiprocessing INFO child process calling self.run()
SpawnPoolWorker-259| 2026-06-22 02:05:22,878,878 multiprocessing INFO process shutting down
SpawnPoolWorker-275| 2026-06-22 02:05:22,878,878 multiprocessing INFO process shutting down
SpawnPoolWorker-259| 2026-06-22 02:05:22,878,878 multiprocessing INFO process exiting with exitcode 0
SpawnPoolWorker-274| 2026-06-22 02:05:22,878,878 multiprocessing INFO process shutting down
SpawnPoolWorker-256| 2026-06-22 02:05:22,878,878 multiprocessing INFO process shutting down
SpawnPoolWorker-275| 2026-06-22 02:05:22,878,878 multiprocessing INFO process exiting with exitcode 0
SpawnPoolWorker-274| 2026-06-22 02:05:22,878,878 multiprocessing INFO process exiting with exitcode 0
SpawnPoolWorker-283| 2026-06-22 02:05:22,878,878 multiprocessing INFO process shutting down
SpawnPoolWorker-256| 2026-06-22 02:05:22,878,878 multiprocessing INFO process exiting with exitcode 0
SpawnPoolWorker-288| 2026-06-22 02:05:22,878,878 multiprocessing INFO process shutting down
SpawnPoolWorker-262| 2026-06-22 02:05:22,878,878 multiprocessing INFO process shutting down
SpawnPoolWorker-266| 2026-06-22 02:05:22,878,878 multiprocessing INFO process shutting down
SpawnPoolWorker-282| 2026-06-22 02:05:22,878,878 multiprocessing INFO process shutting down
SpawnPoolWorker-281| 2026-06-22 02:05:22,878,878 multiprocessing INFO process shutting down
SpawnPoolWorker-251| 2026-06-22 02:05:22,878,878 multiprocessing INFO process shutting down
SpawnPoolWorker-290| 2026-06-22 02:05:22,878,878 multiprocessing INFO process shutting down
SpawnPoolWorker-244| 2026-06-22 02:05:22,878,878 multiprocessing INFO process shutting down
SpawnPoolWorker-279| 2026-06-22 02:05:22,879,879 multiprocessing INFO process shutting down
SpawnPoolWorker-254| 2026-06-22 02:05:22,879,879 multiprocessing INFO process shutting down
SpawnPoolWorker-286| 2026-06-22 02:05:22,879,879 multiprocessing INFO process shutting down
SpawnPoolWorker-246| 2026-06-22 02:05:22,879,879 multiprocessing INFO process shutting down
SpawnPoolWorker-267| 2026-06-22 02:05:22,879,879 multiprocessing INFO process shutting down
SpawnPoolWorker-248| 2026-06-22 02:05:22,879,879 multiprocessing INFO process shutting down
SpawnPoolWorker-289| 2026-06-22 02:05:22,879,879 multiprocessing INFO process shutting down
SpawnPoolWorker-252| 2026-06-22 02:05:22,879,879 multiprocessing INFO process shutting down
SpawnPoolWorker-276| 2026-06-22 02:05:22,879,879 multiprocessing INFO process shutting down
SpawnPoolWorker-285| 2026-06-22 02:05:22,879,879 multiprocessing INFO process shutting down
SpawnPoolWorker-243| 2026-06-22 02:05:22,879,879 multiprocessing INFO process shutting down
SpawnPoolWorker-261| 2026-06-22 02:05:22,879,879 multiprocessing INFO process shutting down
SpawnPoolWorker-264| 2026-06-22 02:05:22,879,879 multiprocessing INFO process shutting down
SpawnPoolWorker-257| 2026-06-22 02:05:22,879,879 multiprocessing INFO process shutting down
SpawnPoolWorker-250| 2026-06-22 02:05:22,879,879 multiprocessing INFO process shutting down
SpawnPoolWorker-245| 2026-06-22 02:05:22,879,879 multiprocessing INFO process shutting down
SpawnPoolWorker-249| 2026-06-22 02:05:22,879,879 multiprocessing INFO process shutting down
SpawnPoolWorker-247| 2026-06-22 02:05:22,879,879 multiprocessing INFO process shutting down
SpawnPoolWorker-258| 2026-06-22 02:05:22,879,879 multiprocessing INFO process shutting down
SpawnPoolWorker-255| 2026-06-22 02:05:22,879,879 multiprocessing INFO process shutting down
SpawnPoolWorker-277| 2026-06-22 02:05:22,880,880 multiprocessing INFO process shutting down
SpawnPoolWorker-278| 2026-06-22 02:05:22,880,880 multiprocessing INFO process shutting down
SpawnPoolWorker-280| 2026-06-22 02:05:22,880,880 multiprocessing INFO process shutting down
SpawnPoolWorker-273| 2026-06-22 02:05:22,880,880 multiprocessing INFO process shutting down
SpawnPoolWorker-270| 2026-06-22 02:05:22,880,880 multiprocessing INFO process shutting down
SpawnPoolWorker-278| 2026-06-22 02:05:22,880,880 multiprocessing INFO process exiting with exitcode 0
SpawnPoolWorker-272| 2026-06-22 02:05:22,880,880 multiprocessing INFO process shutting down
SpawnPoolWorker-280| 2026-06-22 02:05:22,880,880 multiprocessing INFO process exiting with exitcode 0
SpawnPoolWorker-273| 2026-06-22 02:05:22,880,880 multiprocessing INFO process exiting with exitcode 0
SpawnPoolWorker-260| 2026-06-22 02:05:22,880,880 multiprocessing INFO process shutting down
SpawnPoolWorker-268| 2026-06-22 02:05:22,880,880 multiprocessing INFO process shutting down
SpawnPoolWorker-284| 2026-06-22 02:05:22,880,880 multiprocessing INFO process shutting down
SpawnPoolWorker-263| 2026-06-22 02:05:22,880,880 multiprocessing INFO process shutting down
SpawnPoolWorker-269| 2026-06-22 02:05:22,880,880 multiprocessing INFO process shutting down
SpawnPoolWorker-287| 2026-06-22 02:05:22,880,880 multiprocessing INFO process shutting down
SpawnPoolWorker-271| 2026-06-22 02:05:22,880,880 multiprocessing INFO process shutting down
SpawnPoolWorker-265| 2026-06-22 02:05:22,880,880 multiprocessing INFO process shutting down
SpawnPoolWorker-253| 2026-06-22 02:05:22,881,881 multiprocessing INFO process shutting down
SpawnPoolWorker-283| 2026-06-22 02:05:22,883,883 multiprocessing INFO process exiting with exitcode 0
29
(100000, 6)
(100000,)
(100000, 6)
(100000,)

=======================Successfully Added (50000, 6) Counter Examples=======================


============None of the candidates fulfill the conditions. Training CONTINUES!=================

MainProcess| 2026-06-22 02:05:26,304,304 multiprocessing INFO 
============None of the candidates fulfill the conditions. Training CONTINUES!=================


============None of the candidates fulfill the conditions. Training CONTINUES!=================

(55, 123)
/users/9/chen8596/miniconda3/envs/alfd/lib/python3.9/site-packages/torch/nn/functional.py:4999: UserWarning: Support for mismatched key_padding_mask and attn_mask is deprecated. Use same type for both instead.
  warnings.warn(

==============Start Supervised Learning==============

MainProcess| 2026-06-22 02:05:32,554,554 multiprocessing INFO GP output mean: 0.8291994582446397
GP output mean: 0.8291994582446397
MainProcess| 2026-06-22 02:05:33,681,681 multiprocessing INFO GP output success rate: 0.0
GP output success rate: 0.0

==============End Supervised Learning==============

MainProcess| 2026-06-22 02:05:34,995,995 multiprocessing INFO [Test epoch=0005]  nevals=68416 	| train_loss=7569.52100 	| eqs_invalid %=0.00 	| r_best=0.99708 	| quantile=0.32706 	| r_quantile_mean=0.81560 	| r_raw_sum=45.82137 	|  r_raw_mean=0.76369 	| r2=nan 	| acc_iid=0.00000 	| acc_ood=0.00000 	| nmse_test=2.930609780258695e-06 	| true_equation_set_count=0 	| s/it=132.53318
[Test epoch=0005]  nevals=68416 	| train_loss=7569.52100 	| eqs_invalid %=0.00 	| r_best=0.99708 	| quantile=0.32706 	| r_quantile_mean=0.81560 	| r_raw_sum=45.82137 	|  r_raw_mean=0.76369 	| r2=nan 	| acc_iid=0.00000 	| acc_ood=0.00000 	| nmse_test=2.930609780258695e-06 	| true_equation_set_count=0 	| s/it=132.53318
MainProcess| 2026-06-22 02:05:34,995,995 multiprocessing INFO [00:00:11:33.86] Training epoch 5/4000, current best R: 0.9971
[00:00:11:33.86] Training epoch 5/4000, current best R: 0.9971
MainProcess| 2026-06-22 02:06:47,314,314 multiprocessing INFO Genetic Porgramming Runtime 71.75279841711745
Genetic Porgramming Runtime 71.75279841711745

=========================PGD Collection Starts=========================

SpawnPoolWorker-293| 2026-06-22 02:06:52,835,835 multiprocessing INFO STARTING NEW RUN ==========
SpawnPoolWorker-293| 2026-06-22 02:06:52,835,835 multiprocessing INFO SEE LOG AT : ./logs/all_Lyapunov_test_dso-fn_d_all_m_01_log.txt
SpawnPoolWorker-293| 2026-06-22 02:06:52,835,835 multiprocessing INFO See log at : ./logs/all_Lyapunov_test_dso-fn_d_all_m_01_log.txt
SpawnPoolWorker-295| 2026-06-22 02:06:52,837,837 multiprocessing INFO STARTING NEW RUN ==========
SpawnPoolWorker-297| 2026-06-22 02:06:52,837,837 multiprocessing INFO STARTING NEW RUN ==========
SpawnPoolWorker-295| 2026-06-22 02:06:52,837,837 multiprocessing INFO SEE LOG AT : ./logs/all_Lyapunov_test_dso-fn_d_all_m_01_log.txt
SpawnPoolWorker-297| 2026-06-22 02:06:52,837,837 multiprocessing INFO SEE LOG AT : ./logs/all_Lyapunov_test_dso-fn_d_all_m_01_log.txt
SpawnPoolWorker-295| 2026-06-22 02:06:52,837,837 multiprocessing INFO See log at : ./logs/all_Lyapunov_test_dso-fn_d_all_m_01_log.txt
SpawnPoolWorker-297| 2026-06-22 02:06:52,837,837 multiprocessing INFO See log at : ./logs/all_Lyapunov_test_dso-fn_d_all_m_01_log.txt
SpawnPoolWorker-293| 2026-06-22 02:06:52,838,838 multiprocessing INFO child process calling self.run()
SpawnPoolWorker-295| 2026-06-22 02:06:52,839,839 multiprocessing INFO child process calling self.run()
SpawnPoolWorker-292| 2026-06-22 02:06:52,840,840 multiprocessing INFO STARTING NEW RUN ==========
SpawnPoolWorker-298| 2026-06-22 02:06:52,840,840 multiprocessing INFO STARTING NEW RUN ==========
SpawnPoolWorker-292| 2026-06-22 02:06:52,840,840 multiprocessing INFO SEE LOG AT : ./logs/all_Lyapunov_test_dso-fn_d_all_m_01_log.txt
SpawnPoolWorker-298| 2026-06-22 02:06:52,840,840 multiprocessing INFO SEE LOG AT : ./logs/all_Lyapunov_test_dso-fn_d_all_m_01_log.txt
SpawnPoolWorker-292| 2026-06-22 02:06:52,840,840 multiprocessing INFO See log at : ./logs/all_Lyapunov_test_dso-fn_d_all_m_01_log.txt
SpawnPoolWorker-298| 2026-06-22 02:06:52,840,840 multiprocessing INFO See log at : ./logs/all_Lyapunov_test_dso-fn_d_all_m_01_log.txt
SpawnPoolWorker-297| 2026-06-22 02:06:52,841,841 multiprocessing INFO child process calling self.run()
SpawnPoolWorker-292| 2026-06-22 02:06:52,842,842 multiprocessing INFO child process calling self.run()
SpawnPoolWorker-298| 2026-06-22 02:06:52,842,842 multiprocessing INFO child process calling self.run()
SpawnPoolWorker-299| 2026-06-22 02:06:52,850,850 multiprocessing INFO STARTING NEW RUN ==========
SpawnPoolWorker-299| 2026-06-22 02:06:52,850,850 multiprocessing INFO SEE LOG AT : ./logs/all_Lyapunov_test_dso-fn_d_all_m_01_log.txt
SpawnPoolWorker-299| 2026-06-22 02:06:52,850,850 multiprocessing INFO See log at : ./logs/all_Lyapunov_test_dso-fn_d_all_m_01_log.txt
SpawnPoolWorker-299| 2026-06-22 02:06:52,852,852 multiprocessing INFO child process calling self.run()
SpawnPoolWorker-296| 2026-06-22 02:06:52,852,852 multiprocessing INFO STARTING NEW RUN ==========
SpawnPoolWorker-300| 2026-06-22 02:06:52,852,852 multiprocessing INFO STARTING NEW RUN ==========
SpawnPoolWorker-291| 2026-06-22 02:06:52,852,852 multiprocessing INFO STARTING NEW RUN ==========
SpawnPoolWorker-294| 2026-06-22 02:06:52,852,852 multiprocessing INFO STARTING NEW RUN ==========
SpawnPoolWorker-296| 2026-06-22 02:06:52,853,853 multiprocessing INFO SEE LOG AT : ./logs/all_Lyapunov_test_dso-fn_d_all_m_01_log.txt
SpawnPoolWorker-300| 2026-06-22 02:06:52,853,853 multiprocessing INFO SEE LOG AT : ./logs/all_Lyapunov_test_dso-fn_d_all_m_01_log.txt
SpawnPoolWorker-291| 2026-06-22 02:06:52,853,853 multiprocessing INFO SEE LOG AT : ./logs/all_Lyapunov_test_dso-fn_d_all_m_01_log.txt
SpawnPoolWorker-294| 2026-06-22 02:06:52,853,853 multiprocessing INFO SEE LOG AT : ./logs/all_Lyapunov_test_dso-fn_d_all_m_01_log.txt
SpawnPoolWorker-296| 2026-06-22 02:06:52,853,853 multiprocessing INFO See log at : ./logs/all_Lyapunov_test_dso-fn_d_all_m_01_log.txt
SpawnPoolWorker-300| 2026-06-22 02:06:52,853,853 multiprocessing INFO See log at : ./logs/all_Lyapunov_test_dso-fn_d_all_m_01_log.txt
SpawnPoolWorker-291| 2026-06-22 02:06:52,853,853 multiprocessing INFO See log at : ./logs/all_Lyapunov_test_dso-fn_d_all_m_01_log.txt
SpawnPoolWorker-294| 2026-06-22 02:06:52,853,853 multiprocessing INFO See log at : ./logs/all_Lyapunov_test_dso-fn_d_all_m_01_log.txt
SpawnPoolWorker-291| 2026-06-22 02:06:52,854,854 multiprocessing INFO child process calling self.run()
SpawnPoolWorker-300| 2026-06-22 02:06:52,854,854 multiprocessing INFO child process calling self.run()
SpawnPoolWorker-294| 2026-06-22 02:06:52,854,854 multiprocessing INFO child process calling self.run()
SpawnPoolWorker-296| 2026-06-22 02:06:52,854,854 multiprocessing INFO child process calling self.run()
SpawnPoolWorker-299| 2026-06-22 02:07:10,037,37 multiprocessing INFO process shutting down
SpawnPoolWorker-293| 2026-06-22 02:07:10,037,37 multiprocessing INFO process shutting down
SpawnPoolWorker-300| 2026-06-22 02:07:10,038,38 multiprocessing INFO process shutting down
SpawnPoolWorker-293| 2026-06-22 02:07:10,038,38 multiprocessing INFO process exiting with exitcode 0
SpawnPoolWorker-299| 2026-06-22 02:07:10,038,38 multiprocessing INFO process exiting with exitcode 0
SpawnPoolWorker-294| 2026-06-22 02:07:10,038,38 multiprocessing INFO process shutting down
SpawnPoolWorker-295| 2026-06-22 02:07:10,038,38 multiprocessing INFO process shutting down
SpawnPoolWorker-291| 2026-06-22 02:07:10,038,38 multiprocessing INFO process shutting down
SpawnPoolWorker-300| 2026-06-22 02:07:10,038,38 multiprocessing INFO process exiting with exitcode 0
SpawnPoolWorker-292| 2026-06-22 02:07:10,038,38 multiprocessing INFO process shutting down
SpawnPoolWorker-295| 2026-06-22 02:07:10,038,38 multiprocessing INFO process exiting with exitcode 0
SpawnPoolWorker-294| 2026-06-22 02:07:10,038,38 multiprocessing INFO process exiting with exitcode 0
SpawnPoolWorker-298| 2026-06-22 02:07:10,038,38 multiprocessing INFO process shutting down
SpawnPoolWorker-291| 2026-06-22 02:07:10,038,38 multiprocessing INFO process exiting with exitcode 0
SpawnPoolWorker-292| 2026-06-22 02:07:10,038,38 multiprocessing INFO process exiting with exitcode 0
(20000,)

===================Collect 20000 Examples===================

Epsilon 0.1
500
(550,)
(550,)
(55,)
Number of Programs for Minimization: 28
SpawnPoolWorker-306| 2026-06-22 02:07:33,855,855 multiprocessing INFO STARTING NEW RUN ==========
SpawnPoolWorker-306| 2026-06-22 02:07:33,855,855 multiprocessing INFO SEE LOG AT : ./logs/all_Lyapunov_test_dso-fn_d_all_m_01_log.txt
SpawnPoolWorker-306| 2026-06-22 02:07:33,855,855 multiprocessing INFO See log at : ./logs/all_Lyapunov_test_dso-fn_d_all_m_01_log.txt
SpawnPoolWorker-306| 2026-06-22 02:07:33,857,857 multiprocessing INFO child process calling self.run()
SpawnPoolWorker-320| 2026-06-22 02:07:33,960,960 multiprocessing INFO STARTING NEW RUN ==========
SpawnPoolWorker-320| 2026-06-22 02:07:33,960,960 multiprocessing INFO SEE LOG AT : ./logs/all_Lyapunov_test_dso-fn_d_all_m_01_log.txt
SpawnPoolWorker-320| 2026-06-22 02:07:33,960,960 multiprocessing INFO See log at : ./logs/all_Lyapunov_test_dso-fn_d_all_m_01_log.txt
SpawnPoolWorker-320| 2026-06-22 02:07:33,973,973 multiprocessing INFO child process calling self.run()
SpawnPoolWorker-302| 2026-06-22 02:07:34,068,68 multiprocessing INFO STARTING NEW RUN ==========
SpawnPoolWorker-302| 2026-06-22 02:07:34,069,69 multiprocessing INFO SEE LOG AT : ./logs/all_Lyapunov_test_dso-fn_d_all_m_01_log.txt
SpawnPoolWorker-302| 2026-06-22 02:07:34,069,69 multiprocessing INFO See log at : ./logs/all_Lyapunov_test_dso-fn_d_all_m_01_log.txt
SpawnPoolWorker-302| 2026-06-22 02:07:34,072,72 multiprocessing INFO child process calling self.run()
SpawnPoolWorker-311| 2026-06-22 02:07:34,181,181 multiprocessing INFO STARTING NEW RUN ==========
SpawnPoolWorker-311| 2026-06-22 02:07:34,181,181 multiprocessing INFO SEE LOG AT : ./logs/all_Lyapunov_test_dso-fn_d_all_m_01_log.txt
SpawnPoolWorker-311| 2026-06-22 02:07:34,181,181 multiprocessing INFO See log at : ./logs/all_Lyapunov_test_dso-fn_d_all_m_01_log.txt
SpawnPoolWorker-311| 2026-06-22 02:07:34,194,194 multiprocessing INFO child process calling self.run()
SpawnPoolWorker-304| 2026-06-22 02:07:34,427,427 multiprocessing INFO STARTING NEW RUN ==========
SpawnPoolWorker-304| 2026-06-22 02:07:34,427,427 multiprocessing INFO SEE LOG AT : ./logs/all_Lyapunov_test_dso-fn_d_all_m_01_log.txt
SpawnPoolWorker-304| 2026-06-22 02:07:34,427,427 multiprocessing INFO See log at : ./logs/all_Lyapunov_test_dso-fn_d_all_m_01_log.txt
SpawnPoolWorker-313| 2026-06-22 02:07:34,428,428 multiprocessing INFO STARTING NEW RUN ==========
SpawnPoolWorker-313| 2026-06-22 02:07:34,428,428 multiprocessing INFO SEE LOG AT : ./logs/all_Lyapunov_test_dso-fn_d_all_m_01_log.txt
SpawnPoolWorker-313| 2026-06-22 02:07:34,428,428 multiprocessing INFO See log at : ./logs/all_Lyapunov_test_dso-fn_d_all_m_01_log.txt
SpawnPoolWorker-304| 2026-06-22 02:07:34,429,429 multiprocessing INFO child process calling self.run()
SpawnPoolWorker-313| 2026-06-22 02:07:34,430,430 multiprocessing INFO child process calling self.run()
SpawnPoolWorker-301| 2026-06-22 02:07:34,647,647 multiprocessing INFO STARTING NEW RUN ==========
SpawnPoolWorker-301| 2026-06-22 02:07:34,648,648 multiprocessing INFO SEE LOG AT : ./logs/all_Lyapunov_test_dso-fn_d_all_m_01_log.txt
SpawnPoolWorker-301| 2026-06-22 02:07:34,648,648 multiprocessing INFO See log at : ./logs/all_Lyapunov_test_dso-fn_d_all_m_01_log.txt
SpawnPoolWorker-301| 2026-06-22 02:07:34,651,651 multiprocessing INFO child process calling self.run()
SpawnPoolWorker-327| 2026-06-22 02:07:34,741,741 multiprocessing INFO STARTING NEW RUN ==========
SpawnPoolWorker-327| 2026-06-22 02:07:34,741,741 multiprocessing INFO SEE LOG AT : ./logs/all_Lyapunov_test_dso-fn_d_all_m_01_log.txt
SpawnPoolWorker-327| 2026-06-22 02:07:34,741,741 multiprocessing INFO See log at : ./logs/all_Lyapunov_test_dso-fn_d_all_m_01_log.txt
SpawnPoolWorker-327| 2026-06-22 02:07:34,745,745 multiprocessing INFO child process calling self.run()
SpawnPoolWorker-315| 2026-06-22 02:07:34,897,897 multiprocessing INFO STARTING NEW RUN ==========
SpawnPoolWorker-315| 2026-06-22 02:07:34,897,897 multiprocessing INFO SEE LOG AT : ./logs/all_Lyapunov_test_dso-fn_d_all_m_01_log.txt
SpawnPoolWorker-315| 2026-06-22 02:07:34,897,897 multiprocessing INFO See log at : ./logs/all_Lyapunov_test_dso-fn_d_all_m_01_log.txt
SpawnPoolWorker-315| 2026-06-22 02:07:34,905,905 multiprocessing INFO child process calling self.run()
SpawnPoolWorker-316| 2026-06-22 02:07:35,177,177 multiprocessing INFO STARTING NEW RUN ==========
SpawnPoolWorker-316| 2026-06-22 02:07:35,177,177 multiprocessing INFO SEE LOG AT : ./logs/all_Lyapunov_test_dso-fn_d_all_m_01_log.txt
SpawnPoolWorker-316| 2026-06-22 02:07:35,177,177 multiprocessing INFO See log at : ./logs/all_Lyapunov_test_dso-fn_d_all_m_01_log.txt
SpawnPoolWorker-316| 2026-06-22 02:07:35,187,187 multiprocessing INFO child process calling self.run()
SpawnPoolWorker-321| 2026-06-22 02:07:35,238,238 multiprocessing INFO STARTING NEW RUN ==========
SpawnPoolWorker-321| 2026-06-22 02:07:35,239,239 multiprocessing INFO SEE LOG AT : ./logs/all_Lyapunov_test_dso-fn_d_all_m_01_log.txt
SpawnPoolWorker-321| 2026-06-22 02:07:35,239,239 multiprocessing INFO See log at : ./logs/all_Lyapunov_test_dso-fn_d_all_m_01_log.txt
SpawnPoolWorker-321| 2026-06-22 02:07:35,242,242 multiprocessing INFO child process calling self.run()
SpawnPoolWorker-303| 2026-06-22 02:07:35,425,425 multiprocessing INFO STARTING NEW RUN ==========
SpawnPoolWorker-303| 2026-06-22 02:07:35,425,425 multiprocessing INFO SEE LOG AT : ./logs/all_Lyapunov_test_dso-fn_d_all_m_01_log.txt
SpawnPoolWorker-303| 2026-06-22 02:07:35,425,425 multiprocessing INFO See log at : ./logs/all_Lyapunov_test_dso-fn_d_all_m_01_log.txt
SpawnPoolWorker-303| 2026-06-22 02:07:35,427,427 multiprocessing INFO child process calling self.run()
SpawnPoolWorker-307| 2026-06-22 02:07:35,552,552 multiprocessing INFO STARTING NEW RUN ==========
SpawnPoolWorker-307| 2026-06-22 02:07:35,552,552 multiprocessing INFO SEE LOG AT : ./logs/all_Lyapunov_test_dso-fn_d_all_m_01_log.txt
SpawnPoolWorker-307| 2026-06-22 02:07:35,552,552 multiprocessing INFO See log at : ./logs/all_Lyapunov_test_dso-fn_d_all_m_01_log.txt
SpawnPoolWorker-307| 2026-06-22 02:07:35,555,555 multiprocessing INFO child process calling self.run()
SpawnPoolWorker-305| 2026-06-22 02:07:35,594,594 multiprocessing INFO STARTING NEW RUN ==========
SpawnPoolWorker-305| 2026-06-22 02:07:35,594,594 multiprocessing INFO SEE LOG AT : ./logs/all_Lyapunov_test_dso-fn_d_all_m_01_log.txt
SpawnPoolWorker-305| 2026-06-22 02:07:35,594,594 multiprocessing INFO See log at : ./logs/all_Lyapunov_test_dso-fn_d_all_m_01_log.txt
SpawnPoolWorker-305| 2026-06-22 02:07:35,596,596 multiprocessing INFO child process calling self.run()
SpawnPoolWorker-309| 2026-06-22 02:07:35,798,798 multiprocessing INFO STARTING NEW RUN ==========
SpawnPoolWorker-309| 2026-06-22 02:07:35,798,798 multiprocessing INFO SEE LOG AT : ./logs/all_Lyapunov_test_dso-fn_d_all_m_01_log.txt
SpawnPoolWorker-309| 2026-06-22 02:07:35,798,798 multiprocessing INFO See log at : ./logs/all_Lyapunov_test_dso-fn_d_all_m_01_log.txt
SpawnPoolWorker-309| 2026-06-22 02:07:35,807,807 multiprocessing INFO child process calling self.run()
SpawnPoolWorker-318| 2026-06-22 02:07:35,875,875 multiprocessing INFO STARTING NEW RUN ==========
SpawnPoolWorker-318| 2026-06-22 02:07:35,875,875 multiprocessing INFO SEE LOG AT : ./logs/all_Lyapunov_test_dso-fn_d_all_m_01_log.txt
SpawnPoolWorker-318| 2026-06-22 02:07:35,875,875 multiprocessing INFO See log at : ./logs/all_Lyapunov_test_dso-fn_d_all_m_01_log.txt
SpawnPoolWorker-318| 2026-06-22 02:07:35,882,882 multiprocessing INFO child process calling self.run()
SpawnPoolWorker-312| 2026-06-22 02:07:35,966,966 multiprocessing INFO STARTING NEW RUN ==========
SpawnPoolWorker-312| 2026-06-22 02:07:35,966,966 multiprocessing INFO SEE LOG AT : ./logs/all_Lyapunov_test_dso-fn_d_all_m_01_log.txt
SpawnPoolWorker-312| 2026-06-22 02:07:35,966,966 multiprocessing INFO See log at : ./logs/all_Lyapunov_test_dso-fn_d_all_m_01_log.txt
SpawnPoolWorker-312| 2026-06-22 02:07:35,973,973 multiprocessing INFO child process calling self.run()
SpawnPoolWorker-326| 2026-06-22 02:07:36,159,159 multiprocessing INFO STARTING NEW RUN ==========
SpawnPoolWorker-326| 2026-06-22 02:07:36,159,159 multiprocessing INFO SEE LOG AT : ./logs/all_Lyapunov_test_dso-fn_d_all_m_01_log.txt
SpawnPoolWorker-326| 2026-06-22 02:07:36,159,159 multiprocessing INFO See log at : ./logs/all_Lyapunov_test_dso-fn_d_all_m_01_log.txt
SpawnPoolWorker-326| 2026-06-22 02:07:36,161,161 multiprocessing INFO child process calling self.run()
SpawnPoolWorker-324| 2026-06-22 02:07:36,187,187 multiprocessing INFO STARTING NEW RUN ==========
SpawnPoolWorker-324| 2026-06-22 02:07:36,187,187 multiprocessing INFO SEE LOG AT : ./logs/all_Lyapunov_test_dso-fn_d_all_m_01_log.txt
SpawnPoolWorker-324| 2026-06-22 02:07:36,187,187 multiprocessing INFO See log at : ./logs/all_Lyapunov_test_dso-fn_d_all_m_01_log.txt
SpawnPoolWorker-324| 2026-06-22 02:07:36,188,188 multiprocessing INFO child process calling self.run()
SpawnPoolWorker-332| 2026-06-22 02:07:36,258,258 multiprocessing INFO STARTING NEW RUN ==========
SpawnPoolWorker-332| 2026-06-22 02:07:36,258,258 multiprocessing INFO SEE LOG AT : ./logs/all_Lyapunov_test_dso-fn_d_all_m_01_log.txt
SpawnPoolWorker-332| 2026-06-22 02:07:36,258,258 multiprocessing INFO See log at : ./logs/all_Lyapunov_test_dso-fn_d_all_m_01_log.txt
SpawnPoolWorker-332| 2026-06-22 02:07:36,266,266 multiprocessing INFO child process calling self.run()
SpawnPoolWorker-340| 2026-06-22 02:07:36,278,278 multiprocessing INFO STARTING NEW RUN ==========
SpawnPoolWorker-340| 2026-06-22 02:07:36,278,278 multiprocessing INFO SEE LOG AT : ./logs/all_Lyapunov_test_dso-fn_d_all_m_01_log.txt
SpawnPoolWorker-340| 2026-06-22 02:07:36,278,278 multiprocessing INFO See log at : ./logs/all_Lyapunov_test_dso-fn_d_all_m_01_log.txt
SpawnPoolWorker-340| 2026-06-22 02:07:36,281,281 multiprocessing INFO child process calling self.run()
SpawnPoolWorker-322| 2026-06-22 02:07:36,291,291 multiprocessing INFO STARTING NEW RUN ==========
SpawnPoolWorker-322| 2026-06-22 02:07:36,291,291 multiprocessing INFO SEE LOG AT : ./logs/all_Lyapunov_test_dso-fn_d_all_m_01_log.txt
SpawnPoolWorker-322| 2026-06-22 02:07:36,291,291 multiprocessing INFO See log at : ./logs/all_Lyapunov_test_dso-fn_d_all_m_01_log.txt
SpawnPoolWorker-322| 2026-06-22 02:07:36,295,295 multiprocessing INFO child process calling self.run()
SpawnPoolWorker-329| 2026-06-22 02:07:36,456,456 multiprocessing INFO STARTING NEW RUN ==========
SpawnPoolWorker-329| 2026-06-22 02:07:36,456,456 multiprocessing INFO SEE LOG AT : ./logs/all_Lyapunov_test_dso-fn_d_all_m_01_log.txt
SpawnPoolWorker-329| 2026-06-22 02:07:36,456,456 multiprocessing INFO See log at : ./logs/all_Lyapunov_test_dso-fn_d_all_m_01_log.txt
SpawnPoolWorker-329| 2026-06-22 02:07:36,462,462 multiprocessing INFO child process calling self.run()
SpawnPoolWorker-338| 2026-06-22 02:07:36,522,522 multiprocessing INFO STARTING NEW RUN ==========
SpawnPoolWorker-338| 2026-06-22 02:07:36,522,522 multiprocessing INFO SEE LOG AT : ./logs/all_Lyapunov_test_dso-fn_d_all_m_01_log.txt
SpawnPoolWorker-338| 2026-06-22 02:07:36,522,522 multiprocessing INFO See log at : ./logs/all_Lyapunov_test_dso-fn_d_all_m_01_log.txt
SpawnPoolWorker-338| 2026-06-22 02:07:36,525,525 multiprocessing INFO child process calling self.run()
SpawnPoolWorker-347| 2026-06-22 02:07:36,571,571 multiprocessing INFO STARTING NEW RUN ==========
SpawnPoolWorker-347| 2026-06-22 02:07:36,571,571 multiprocessing INFO SEE LOG AT : ./logs/all_Lyapunov_test_dso-fn_d_all_m_01_log.txt
SpawnPoolWorker-347| 2026-06-22 02:07:36,571,571 multiprocessing INFO See log at : ./logs/all_Lyapunov_test_dso-fn_d_all_m_01_log.txt
SpawnPoolWorker-347| 2026-06-22 02:07:36,577,577 multiprocessing INFO child process calling self.run()
SpawnPoolWorker-325| 2026-06-22 02:07:36,621,621 multiprocessing INFO STARTING NEW RUN ==========
SpawnPoolWorker-325| 2026-06-22 02:07:36,621,621 multiprocessing INFO SEE LOG AT : ./logs/all_Lyapunov_test_dso-fn_d_all_m_01_log.txt
SpawnPoolWorker-325| 2026-06-22 02:07:36,621,621 multiprocessing INFO See log at : ./logs/all_Lyapunov_test_dso-fn_d_all_m_01_log.txt
SpawnPoolWorker-325| 2026-06-22 02:07:36,627,627 multiprocessing INFO child process calling self.run()
SpawnPoolWorker-336| 2026-06-22 02:07:36,640,640 multiprocessing INFO STARTING NEW RUN ==========
SpawnPoolWorker-336| 2026-06-22 02:07:36,640,640 multiprocessing INFO SEE LOG AT : ./logs/all_Lyapunov_test_dso-fn_d_all_m_01_log.txt
SpawnPoolWorker-336| 2026-06-22 02:07:36,640,640 multiprocessing INFO See log at : ./logs/all_Lyapunov_test_dso-fn_d_all_m_01_log.txt
SpawnPoolWorker-331| 2026-06-22 02:07:36,640,640 multiprocessing INFO STARTING NEW RUN ==========
SpawnPoolWorker-331| 2026-06-22 02:07:36,640,640 multiprocessing INFO SEE LOG AT : ./logs/all_Lyapunov_test_dso-fn_d_all_m_01_log.txt
SpawnPoolWorker-331| 2026-06-22 02:07:36,640,640 multiprocessing INFO See log at : ./logs/all_Lyapunov_test_dso-fn_d_all_m_01_log.txt
SpawnPoolWorker-331| 2026-06-22 02:07:36,645,645 multiprocessing INFO child process calling self.run()
SpawnPoolWorker-336| 2026-06-22 02:07:36,659,659 multiprocessing INFO child process calling self.run()
SpawnPoolWorker-330| 2026-06-22 02:07:36,679,679 multiprocessing INFO STARTING NEW RUN ==========
SpawnPoolWorker-330| 2026-06-22 02:07:36,679,679 multiprocessing INFO SEE LOG AT : ./logs/all_Lyapunov_test_dso-fn_d_all_m_01_log.txt
SpawnPoolWorker-330| 2026-06-22 02:07:36,679,679 multiprocessing INFO See log at : ./logs/all_Lyapunov_test_dso-fn_d_all_m_01_log.txt
SpawnPoolWorker-330| 2026-06-22 02:07:36,681,681 multiprocessing INFO child process calling self.run()
SpawnPoolWorker-310| 2026-06-22 02:07:36,707,707 multiprocessing INFO STARTING NEW RUN ==========
SpawnPoolWorker-310| 2026-06-22 02:07:36,708,708 multiprocessing INFO SEE LOG AT : ./logs/all_Lyapunov_test_dso-fn_d_all_m_01_log.txt
SpawnPoolWorker-310| 2026-06-22 02:07:36,708,708 multiprocessing INFO See log at : ./logs/all_Lyapunov_test_dso-fn_d_all_m_01_log.txt
SpawnPoolWorker-310| 2026-06-22 02:07:36,709,709 multiprocessing INFO child process calling self.run()
SpawnPoolWorker-337| 2026-06-22 02:07:36,905,905 multiprocessing INFO STARTING NEW RUN ==========
SpawnPoolWorker-337| 2026-06-22 02:07:36,905,905 multiprocessing INFO SEE LOG AT : ./logs/all_Lyapunov_test_dso-fn_d_all_m_01_log.txt
SpawnPoolWorker-337| 2026-06-22 02:07:36,905,905 multiprocessing INFO See log at : ./logs/all_Lyapunov_test_dso-fn_d_all_m_01_log.txt
SpawnPoolWorker-337| 2026-06-22 02:07:36,922,922 multiprocessing INFO child process calling self.run()
SpawnPoolWorker-334| 2026-06-22 02:07:37,001,1 multiprocessing INFO STARTING NEW RUN ==========
SpawnPoolWorker-334| 2026-06-22 02:07:37,001,1 multiprocessing INFO SEE LOG AT : ./logs/all_Lyapunov_test_dso-fn_d_all_m_01_log.txt
SpawnPoolWorker-334| 2026-06-22 02:07:37,001,1 multiprocessing INFO See log at : ./logs/all_Lyapunov_test_dso-fn_d_all_m_01_log.txt
SpawnPoolWorker-334| 2026-06-22 02:07:37,002,2 multiprocessing INFO child process calling self.run()
SpawnPoolWorker-308| 2026-06-22 02:07:37,033,33 multiprocessing INFO STARTING NEW RUN ==========
SpawnPoolWorker-308| 2026-06-22 02:07:37,033,33 multiprocessing INFO SEE LOG AT : ./logs/all_Lyapunov_test_dso-fn_d_all_m_01_log.txt
SpawnPoolWorker-308| 2026-06-22 02:07:37,033,33 multiprocessing INFO See log at : ./logs/all_Lyapunov_test_dso-fn_d_all_m_01_log.txt
SpawnPoolWorker-308| 2026-06-22 02:07:37,040,40 multiprocessing INFO child process calling self.run()
SpawnPoolWorker-339| 2026-06-22 02:07:37,102,102 multiprocessing INFO STARTING NEW RUN ==========
SpawnPoolWorker-339| 2026-06-22 02:07:37,108,108 multiprocessing INFO SEE LOG AT : ./logs/all_Lyapunov_test_dso-fn_d_all_m_01_log.txt
SpawnPoolWorker-339| 2026-06-22 02:07:37,108,108 multiprocessing INFO See log at : ./logs/all_Lyapunov_test_dso-fn_d_all_m_01_log.txt
SpawnPoolWorker-339| 2026-06-22 02:07:37,118,118 multiprocessing INFO child process calling self.run()
SpawnPoolWorker-317| 2026-06-22 02:07:37,126,126 multiprocessing INFO STARTING NEW RUN ==========
SpawnPoolWorker-317| 2026-06-22 02:07:37,129,129 multiprocessing INFO SEE LOG AT : ./logs/all_Lyapunov_test_dso-fn_d_all_m_01_log.txt
SpawnPoolWorker-317| 2026-06-22 02:07:37,129,129 multiprocessing INFO See log at : ./logs/all_Lyapunov_test_dso-fn_d_all_m_01_log.txt
SpawnPoolWorker-317| 2026-06-22 02:07:37,133,133 multiprocessing INFO child process calling self.run()
SpawnPoolWorker-319| 2026-06-22 02:07:37,137,137 multiprocessing INFO STARTING NEW RUN ==========
SpawnPoolWorker-319| 2026-06-22 02:07:37,138,138 multiprocessing INFO SEE LOG AT : ./logs/all_Lyapunov_test_dso-fn_d_all_m_01_log.txt
SpawnPoolWorker-319| 2026-06-22 02:07:37,138,138 multiprocessing INFO See log at : ./logs/all_Lyapunov_test_dso-fn_d_all_m_01_log.txt
SpawnPoolWorker-319| 2026-06-22 02:07:37,142,142 multiprocessing INFO child process calling self.run()
SpawnPoolWorker-328| 2026-06-22 02:07:37,184,184 multiprocessing INFO STARTING NEW RUN ==========
SpawnPoolWorker-328| 2026-06-22 02:07:37,184,184 multiprocessing INFO SEE LOG AT : ./logs/all_Lyapunov_test_dso-fn_d_all_m_01_log.txt
SpawnPoolWorker-328| 2026-06-22 02:07:37,184,184 multiprocessing INFO See log at : ./logs/all_Lyapunov_test_dso-fn_d_all_m_01_log.txt
SpawnPoolWorker-328| 2026-06-22 02:07:37,190,190 multiprocessing INFO child process calling self.run()
SpawnPoolWorker-342| 2026-06-22 02:07:37,257,257 multiprocessing INFO STARTING NEW RUN ==========
SpawnPoolWorker-342| 2026-06-22 02:07:37,257,257 multiprocessing INFO SEE LOG AT : ./logs/all_Lyapunov_test_dso-fn_d_all_m_01_log.txt
SpawnPoolWorker-342| 2026-06-22 02:07:37,257,257 multiprocessing INFO See log at : ./logs/all_Lyapunov_test_dso-fn_d_all_m_01_log.txt
SpawnPoolWorker-342| 2026-06-22 02:07:37,262,262 multiprocessing INFO child process calling self.run()
SpawnPoolWorker-341| 2026-06-22 02:07:37,318,318 multiprocessing INFO STARTING NEW RUN ==========
SpawnPoolWorker-341| 2026-06-22 02:07:37,318,318 multiprocessing INFO SEE LOG AT : ./logs/all_Lyapunov_test_dso-fn_d_all_m_01_log.txt
SpawnPoolWorker-341| 2026-06-22 02:07:37,318,318 multiprocessing INFO See log at : ./logs/all_Lyapunov_test_dso-fn_d_all_m_01_log.txt
SpawnPoolWorker-341| 2026-06-22 02:07:37,325,325 multiprocessing INFO child process calling self.run()
SpawnPoolWorker-314| 2026-06-22 02:07:37,361,361 multiprocessing INFO STARTING NEW RUN ==========
SpawnPoolWorker-314| 2026-06-22 02:07:37,361,361 multiprocessing INFO SEE LOG AT : ./logs/all_Lyapunov_test_dso-fn_d_all_m_01_log.txt
SpawnPoolWorker-314| 2026-06-22 02:07:37,361,361 multiprocessing INFO See log at : ./logs/all_Lyapunov_test_dso-fn_d_all_m_01_log.txt
SpawnPoolWorker-314| 2026-06-22 02:07:37,363,363 multiprocessing INFO child process calling self.run()
SpawnPoolWorker-335| 2026-06-22 02:07:37,471,471 multiprocessing INFO STARTING NEW RUN ==========
SpawnPoolWorker-335| 2026-06-22 02:07:37,471,471 multiprocessing INFO SEE LOG AT : ./logs/all_Lyapunov_test_dso-fn_d_all_m_01_log.txt
SpawnPoolWorker-335| 2026-06-22 02:07:37,471,471 multiprocessing INFO See log at : ./logs/all_Lyapunov_test_dso-fn_d_all_m_01_log.txt
SpawnPoolWorker-335| 2026-06-22 02:07:37,480,480 multiprocessing INFO child process calling self.run()
SpawnPoolWorker-323| 2026-06-22 02:07:37,539,539 multiprocessing INFO STARTING NEW RUN ==========
SpawnPoolWorker-323| 2026-06-22 02:07:37,539,539 multiprocessing INFO SEE LOG AT : ./logs/all_Lyapunov_test_dso-fn_d_all_m_01_log.txt
SpawnPoolWorker-323| 2026-06-22 02:07:37,539,539 multiprocessing INFO See log at : ./logs/all_Lyapunov_test_dso-fn_d_all_m_01_log.txt
SpawnPoolWorker-323| 2026-06-22 02:07:37,547,547 multiprocessing INFO child process calling self.run()
SpawnPoolWorker-333| 2026-06-22 02:07:37,655,655 multiprocessing INFO STARTING NEW RUN ==========
SpawnPoolWorker-333| 2026-06-22 02:07:37,655,655 multiprocessing INFO SEE LOG AT : ./logs/all_Lyapunov_test_dso-fn_d_all_m_01_log.txt
SpawnPoolWorker-333| 2026-06-22 02:07:37,655,655 multiprocessing INFO See log at : ./logs/all_Lyapunov_test_dso-fn_d_all_m_01_log.txt
SpawnPoolWorker-333| 2026-06-22 02:07:37,656,656 multiprocessing INFO child process calling self.run()
SpawnPoolWorker-344| 2026-06-22 02:07:37,765,765 multiprocessing INFO STARTING NEW RUN ==========
SpawnPoolWorker-344| 2026-06-22 02:07:37,765,765 multiprocessing INFO SEE LOG AT : ./logs/all_Lyapunov_test_dso-fn_d_all_m_01_log.txt
SpawnPoolWorker-344| 2026-06-22 02:07:37,765,765 multiprocessing INFO See log at : ./logs/all_Lyapunov_test_dso-fn_d_all_m_01_log.txt
SpawnPoolWorker-344| 2026-06-22 02:07:37,771,771 multiprocessing INFO child process calling self.run()
SpawnPoolWorker-343| 2026-06-22 02:07:37,952,952 multiprocessing INFO STARTING NEW RUN ==========
SpawnPoolWorker-343| 2026-06-22 02:07:37,952,952 multiprocessing INFO SEE LOG AT : ./logs/all_Lyapunov_test_dso-fn_d_all_m_01_log.txt
SpawnPoolWorker-343| 2026-06-22 02:07:37,952,952 multiprocessing INFO See log at : ./logs/all_Lyapunov_test_dso-fn_d_all_m_01_log.txt
SpawnPoolWorker-343| 2026-06-22 02:07:37,953,953 multiprocessing INFO child process calling self.run()
SpawnPoolWorker-345| 2026-06-22 02:07:38,324,324 multiprocessing INFO STARTING NEW RUN ==========
SpawnPoolWorker-345| 2026-06-22 02:07:38,325,325 multiprocessing INFO SEE LOG AT : ./logs/all_Lyapunov_test_dso-fn_d_all_m_01_log.txt
SpawnPoolWorker-345| 2026-06-22 02:07:38,325,325 multiprocessing INFO See log at : ./logs/all_Lyapunov_test_dso-fn_d_all_m_01_log.txt
SpawnPoolWorker-345| 2026-06-22 02:07:38,326,326 multiprocessing INFO child process calling self.run()
SpawnPoolWorker-346| 2026-06-22 02:07:38,693,693 multiprocessing INFO STARTING NEW RUN ==========
SpawnPoolWorker-346| 2026-06-22 02:07:38,693,693 multiprocessing INFO SEE LOG AT : ./logs/all_Lyapunov_test_dso-fn_d_all_m_01_log.txt
SpawnPoolWorker-346| 2026-06-22 02:07:38,693,693 multiprocessing INFO See log at : ./logs/all_Lyapunov_test_dso-fn_d_all_m_01_log.txt
SpawnPoolWorker-346| 2026-06-22 02:07:38,694,694 multiprocessing INFO child process calling self.run()
SpawnPoolWorker-348| 2026-06-22 02:07:38,800,800 multiprocessing INFO STARTING NEW RUN ==========
SpawnPoolWorker-348| 2026-06-22 02:07:38,800,800 multiprocessing INFO SEE LOG AT : ./logs/all_Lyapunov_test_dso-fn_d_all_m_01_log.txt
SpawnPoolWorker-348| 2026-06-22 02:07:38,800,800 multiprocessing INFO See log at : ./logs/all_Lyapunov_test_dso-fn_d_all_m_01_log.txt
SpawnPoolWorker-348| 2026-06-22 02:07:38,802,802 multiprocessing INFO child process calling self.run()
SpawnPoolWorker-330| 2026-06-22 02:07:38,981,981 multiprocessing INFO process shutting down
SpawnPoolWorker-310| 2026-06-22 02:07:38,981,981 multiprocessing INFO process shutting down
SpawnPoolWorker-330| 2026-06-22 02:07:38,981,981 multiprocessing INFO process exiting with exitcode 0
SpawnPoolWorker-337| 2026-06-22 02:07:38,981,981 multiprocessing INFO process shutting down
SpawnPoolWorker-310| 2026-06-22 02:07:38,981,981 multiprocessing INFO process exiting with exitcode 0
SpawnPoolWorker-334| 2026-06-22 02:07:38,981,981 multiprocessing INFO process shutting down
SpawnPoolWorker-337| 2026-06-22 02:07:38,981,981 multiprocessing INFO process exiting with exitcode 0
SpawnPoolWorker-308| 2026-06-22 02:07:38,981,981 multiprocessing INFO process shutting down
SpawnPoolWorker-339| 2026-06-22 02:07:38,981,981 multiprocessing INFO process shutting down
SpawnPoolWorker-317| 2026-06-22 02:07:38,981,981 multiprocessing INFO process shutting down
SpawnPoolWorker-319| 2026-06-22 02:07:38,981,981 multiprocessing INFO process shutting down
SpawnPoolWorker-328| 2026-06-22 02:07:38,981,981 multiprocessing INFO process shutting down
SpawnPoolWorker-342| 2026-06-22 02:07:38,981,981 multiprocessing INFO process shutting down
SpawnPoolWorker-341| 2026-06-22 02:07:38,982,982 multiprocessing INFO process shutting down
SpawnPoolWorker-301| 2026-06-22 02:07:38,981,981 multiprocessing INFO process shutting down
SpawnPoolWorker-314| 2026-06-22 02:07:38,982,982 multiprocessing INFO process shutting down
SpawnPoolWorker-335| 2026-06-22 02:07:38,982,982 multiprocessing INFO process shutting down
SpawnPoolWorker-323| 2026-06-22 02:07:38,982,982 multiprocessing INFO process shutting down
SpawnPoolWorker-333| 2026-06-22 02:07:38,982,982 multiprocessing INFO process shutting down
SpawnPoolWorker-344| 2026-06-22 02:07:38,982,982 multiprocessing INFO process shutting down
SpawnPoolWorker-343| 2026-06-22 02:07:38,982,982 multiprocessing INFO process shutting down
SpawnPoolWorker-320| 2026-06-22 02:07:38,982,982 multiprocessing INFO process shutting down
SpawnPoolWorker-345| 2026-06-22 02:07:38,982,982 multiprocessing INFO process shutting down
SpawnPoolWorker-304| 2026-06-22 02:07:38,982,982 multiprocessing INFO process shutting down
SpawnPoolWorker-306| 2026-06-22 02:07:38,982,982 multiprocessing INFO process shutting down
SpawnPoolWorker-322| 2026-06-22 02:07:38,982,982 multiprocessing INFO process shutting down
SpawnPoolWorker-313| 2026-06-22 02:07:38,982,982 multiprocessing INFO process shutting down
SpawnPoolWorker-332| 2026-06-22 02:07:38,982,982 multiprocessing INFO process shutting down
SpawnPoolWorker-302| 2026-06-22 02:07:38,982,982 multiprocessing INFO process shutting down
SpawnPoolWorker-327| 2026-06-22 02:07:38,982,982 multiprocessing INFO process shutting down
SpawnPoolWorker-311| 2026-06-22 02:07:38,982,982 multiprocessing INFO process shutting down
SpawnPoolWorker-303| 2026-06-22 02:07:38,982,982 multiprocessing INFO process shutting down
SpawnPoolWorker-316| 2026-06-22 02:07:38,983,983 multiprocessing INFO process shutting down
SpawnPoolWorker-312| 2026-06-22 02:07:38,982,982 multiprocessing INFO process shutting down
SpawnPoolWorker-346| 2026-06-22 02:07:38,983,983 multiprocessing INFO process shutting down
SpawnPoolWorker-329| 2026-06-22 02:07:38,983,983 multiprocessing INFO process shutting down
SpawnPoolWorker-315| 2026-06-22 02:07:38,983,983 multiprocessing INFO process shutting down
SpawnPoolWorker-321| 2026-06-22 02:07:38,983,983 multiprocessing INFO process shutting down
SpawnPoolWorker-348| 2026-06-22 02:07:38,983,983 multiprocessing INFO process shutting down
SpawnPoolWorker-309| 2026-06-22 02:07:38,983,983 multiprocessing INFO process shutting down
SpawnPoolWorker-305| 2026-06-22 02:07:38,983,983 multiprocessing INFO process shutting down
SpawnPoolWorker-340| 2026-06-22 02:07:38,983,983 multiprocessing INFO process shutting down
SpawnPoolWorker-326| 2026-06-22 02:07:38,983,983 multiprocessing INFO process shutting down
SpawnPoolWorker-307| 2026-06-22 02:07:38,983,983 multiprocessing INFO process shutting down
SpawnPoolWorker-338| 2026-06-22 02:07:38,983,983 multiprocessing INFO process shutting down
SpawnPoolWorker-325| 2026-06-22 02:07:38,983,983 multiprocessing INFO process shutting down
SpawnPoolWorker-334| 2026-06-22 02:07:38,983,983 multiprocessing INFO process exiting with exitcode 0
SpawnPoolWorker-331| 2026-06-22 02:07:38,983,983 multiprocessing INFO process shutting down
SpawnPoolWorker-338| 2026-06-22 02:07:38,983,983 multiprocessing INFO process exiting with exitcode 0
SpawnPoolWorker-318| 2026-06-22 02:07:38,983,983 multiprocessing INFO process shutting down
28
(100000, 6)
(100000,)
(100000, 6)
(100000,)

=======================Successfully Added (28288, 6) Counter Examples=======================


============None of the candidates fulfill the conditions. Training CONTINUES!=================

MainProcess| 2026-06-22 02:07:41,310,310 multiprocessing INFO 
============None of the candidates fulfill the conditions. Training CONTINUES!=================


============None of the candidates fulfill the conditions. Training CONTINUES!=================

(55, 123)
/users/9/chen8596/miniconda3/envs/alfd/lib/python3.9/site-packages/torch/nn/functional.py:4999: UserWarning: Support for mismatched key_padding_mask and attn_mask is deprecated. Use same type for both instead.
  warnings.warn(

==============Start Supervised Learning==============

MainProcess| 2026-06-22 02:07:45,379,379 multiprocessing INFO GP output mean: 0.9998662673902238
GP output mean: 0.9998662673902238
MainProcess| 2026-06-22 02:07:45,939,939 multiprocessing INFO GP output success rate: 0.0
GP output success rate: 0.0

==============End Supervised Learning==============

MainProcess| 2026-06-22 02:07:47,275,275 multiprocessing INFO [Test epoch=0006]  nevals=82181 	| train_loss=4809.95117 	| eqs_invalid %=0.55 	| r_best=0.99708 	| quantile=0.53259 	| r_quantile_mean=0.96187 	| r_raw_sum=56.60867 	|  r_raw_mean=0.82042 	| r2=nan 	| acc_iid=0.00000 	| acc_ood=0.00000 	| nmse_test=2.930609780258695e-06 	| true_equation_set_count=0 	| s/it=132.27976
[Test epoch=0006]  nevals=82181 	| train_loss=4809.95117 	| eqs_invalid %=0.55 	| r_best=0.99708 	| quantile=0.53259 	| r_quantile_mean=0.96187 	| r_raw_sum=56.60867 	|  r_raw_mean=0.82042 	| r2=nan 	| acc_iid=0.00000 	| acc_ood=0.00000 	| nmse_test=2.930609780258695e-06 	| true_equation_set_count=0 	| s/it=132.27976
MainProcess| 2026-06-22 02:09:25,305,305 multiprocessing INFO Genetic Porgramming Runtime 97.45934442710131
Genetic Porgramming Runtime 97.45934442710131

=========================PGD Collection Starts=========================

SpawnPoolWorker-350| 2026-06-22 02:09:30,917,917 multiprocessing INFO STARTING NEW RUN ==========
SpawnPoolWorker-350| 2026-06-22 02:09:30,917,917 multiprocessing INFO SEE LOG AT : ./logs/all_Lyapunov_test_dso-fn_d_all_m_01_log.txt
SpawnPoolWorker-350| 2026-06-22 02:09:30,917,917 multiprocessing INFO See log at : ./logs/all_Lyapunov_test_dso-fn_d_all_m_01_log.txt
SpawnPoolWorker-354| 2026-06-22 02:09:30,917,917 multiprocessing INFO STARTING NEW RUN ==========
SpawnPoolWorker-354| 2026-06-22 02:09:30,917,917 multiprocessing INFO SEE LOG AT : ./logs/all_Lyapunov_test_dso-fn_d_all_m_01_log.txt
SpawnPoolWorker-354| 2026-06-22 02:09:30,919,919 multiprocessing INFO See log at : ./logs/all_Lyapunov_test_dso-fn_d_all_m_01_log.txt
SpawnPoolWorker-357| 2026-06-22 02:09:30,919,919 multiprocessing INFO STARTING NEW RUN ==========
SpawnPoolWorker-352| 2026-06-22 02:09:30,919,919 multiprocessing INFO STARTING NEW RUN ==========
SpawnPoolWorker-349| 2026-06-22 02:09:30,919,919 multiprocessing INFO STARTING NEW RUN ==========
SpawnPoolWorker-357| 2026-06-22 02:09:30,919,919 multiprocessing INFO SEE LOG AT : ./logs/all_Lyapunov_test_dso-fn_d_all_m_01_log.txt
SpawnPoolWorker-352| 2026-06-22 02:09:30,919,919 multiprocessing INFO SEE LOG AT : ./logs/all_Lyapunov_test_dso-fn_d_all_m_01_log.txt
SpawnPoolWorker-349| 2026-06-22 02:09:30,919,919 multiprocessing INFO SEE LOG AT : ./logs/all_Lyapunov_test_dso-fn_d_all_m_01_log.txt
SpawnPoolWorker-357| 2026-06-22 02:09:30,919,919 multiprocessing INFO See log at : ./logs/all_Lyapunov_test_dso-fn_d_all_m_01_log.txt
SpawnPoolWorker-352| 2026-06-22 02:09:30,919,919 multiprocessing INFO See log at : ./logs/all_Lyapunov_test_dso-fn_d_all_m_01_log.txt
SpawnPoolWorker-350| 2026-06-22 02:09:30,919,919 multiprocessing INFO child process calling self.run()
SpawnPoolWorker-349| 2026-06-22 02:09:30,919,919 multiprocessing INFO See log at : ./logs/all_Lyapunov_test_dso-fn_d_all_m_01_log.txt
SpawnPoolWorker-355| 2026-06-22 02:09:30,920,920 multiprocessing INFO STARTING NEW RUN ==========
SpawnPoolWorker-354| 2026-06-22 02:09:30,920,920 multiprocessing INFO child process calling self.run()
SpawnPoolWorker-357| 2026-06-22 02:09:30,921,921 multiprocessing INFO child process calling self.run()
SpawnPoolWorker-352| 2026-06-22 02:09:30,921,921 multiprocessing INFO child process calling self.run()
SpawnPoolWorker-349| 2026-06-22 02:09:30,921,921 multiprocessing INFO child process calling self.run()
SpawnPoolWorker-355| 2026-06-22 02:09:30,921,921 multiprocessing INFO SEE LOG AT : ./logs/all_Lyapunov_test_dso-fn_d_all_m_01_log.txt
SpawnPoolWorker-355| 2026-06-22 02:09:30,921,921 multiprocessing INFO See log at : ./logs/all_Lyapunov_test_dso-fn_d_all_m_01_log.txt
SpawnPoolWorker-358| 2026-06-22 02:09:30,921,921 multiprocessing INFO STARTING NEW RUN ==========
SpawnPoolWorker-351| 2026-06-22 02:09:30,921,921 multiprocessing INFO STARTING NEW RUN ==========
SpawnPoolWorker-358| 2026-06-22 02:09:30,921,921 multiprocessing INFO SEE LOG AT : ./logs/all_Lyapunov_test_dso-fn_d_all_m_01_log.txt
SpawnPoolWorker-351| 2026-06-22 02:09:30,921,921 multiprocessing INFO SEE LOG AT : ./logs/all_Lyapunov_test_dso-fn_d_all_m_01_log.txt
SpawnPoolWorker-358| 2026-06-22 02:09:30,922,922 multiprocessing INFO See log at : ./logs/all_Lyapunov_test_dso-fn_d_all_m_01_log.txt
SpawnPoolWorker-351| 2026-06-22 02:09:30,922,922 multiprocessing INFO See log at : ./logs/all_Lyapunov_test_dso-fn_d_all_m_01_log.txt
SpawnPoolWorker-358| 2026-06-22 02:09:30,923,923 multiprocessing INFO child process calling self.run()
SpawnPoolWorker-351| 2026-06-22 02:09:30,923,923 multiprocessing INFO child process calling self.run()
SpawnPoolWorker-355| 2026-06-22 02:09:30,923,923 multiprocessing INFO child process calling self.run()
SpawnPoolWorker-356| 2026-06-22 02:09:30,923,923 multiprocessing INFO STARTING NEW RUN ==========
SpawnPoolWorker-356| 2026-06-22 02:09:30,924,924 multiprocessing INFO SEE LOG AT : ./logs/all_Lyapunov_test_dso-fn_d_all_m_01_log.txt
SpawnPoolWorker-356| 2026-06-22 02:09:30,924,924 multiprocessing INFO See log at : ./logs/all_Lyapunov_test_dso-fn_d_all_m_01_log.txt
SpawnPoolWorker-353| 2026-06-22 02:09:30,924,924 multiprocessing INFO STARTING NEW RUN ==========
SpawnPoolWorker-353| 2026-06-22 02:09:30,924,924 multiprocessing INFO SEE LOG AT : ./logs/all_Lyapunov_test_dso-fn_d_all_m_01_log.txt
SpawnPoolWorker-353| 2026-06-22 02:09:30,924,924 multiprocessing INFO See log at : ./logs/all_Lyapunov_test_dso-fn_d_all_m_01_log.txt
SpawnPoolWorker-356| 2026-06-22 02:09:30,926,926 multiprocessing INFO child process calling self.run()
SpawnPoolWorker-353| 2026-06-22 02:09:30,926,926 multiprocessing INFO child process calling self.run()
SpawnPoolWorker-355| 2026-06-22 02:09:44,113,113 multiprocessing INFO process shutting down
SpawnPoolWorker-355| 2026-06-22 02:09:44,113,113 multiprocessing INFO process exiting with exitcode 0
SpawnPoolWorker-349| 2026-06-22 02:09:44,113,113 multiprocessing INFO process shutting down
SpawnPoolWorker-356| 2026-06-22 02:09:44,113,113 multiprocessing INFO process shutting down
SpawnPoolWorker-353| 2026-06-22 02:09:44,113,113 multiprocessing INFO process shutting down
SpawnPoolWorker-358| 2026-06-22 02:09:44,113,113 multiprocessing INFO process shutting down
SpawnPoolWorker-352| 2026-06-22 02:09:44,113,113 multiprocessing INFO process shutting down
(20000,)

===================Collect 20000 Examples===================

Epsilon 0.1
500
(550,)
(550,)
(550,)
Number of Programs for Minimization: 28
SpawnPoolWorker-360| 2026-06-22 02:10:05,597,597 multiprocessing INFO STARTING NEW RUN ==========
SpawnPoolWorker-360| 2026-06-22 02:10:05,597,597 multiprocessing INFO SEE LOG AT : ./logs/all_Lyapunov_test_dso-fn_d_all_m_01_log.txt
SpawnPoolWorker-360| 2026-06-22 02:10:05,597,597 multiprocessing INFO See log at : ./logs/all_Lyapunov_test_dso-fn_d_all_m_01_log.txt
SpawnPoolWorker-360| 2026-06-22 02:10:05,602,602 multiprocessing INFO child process calling self.run()
SpawnPoolWorker-365| 2026-06-22 02:10:06,349,349 multiprocessing INFO STARTING NEW RUN ==========
SpawnPoolWorker-365| 2026-06-22 02:10:06,349,349 multiprocessing INFO SEE LOG AT : ./logs/all_Lyapunov_test_dso-fn_d_all_m_01_log.txt
SpawnPoolWorker-365| 2026-06-22 02:10:06,349,349 multiprocessing INFO See log at : ./logs/all_Lyapunov_test_dso-fn_d_all_m_01_log.txt
SpawnPoolWorker-365| 2026-06-22 02:10:06,355,355 multiprocessing INFO child process calling self.run()
SpawnPoolWorker-363| 2026-06-22 02:10:06,389,389 multiprocessing INFO STARTING NEW RUN ==========
SpawnPoolWorker-363| 2026-06-22 02:10:06,389,389 multiprocessing INFO SEE LOG AT : ./logs/all_Lyapunov_test_dso-fn_d_all_m_01_log.txt
SpawnPoolWorker-363| 2026-06-22 02:10:06,389,389 multiprocessing INFO See log at : ./logs/all_Lyapunov_test_dso-fn_d_all_m_01_log.txt
SpawnPoolWorker-363| 2026-06-22 02:10:06,391,391 multiprocessing INFO child process calling self.run()
SpawnPoolWorker-368| 2026-06-22 02:10:06,653,653 multiprocessing INFO STARTING NEW RUN ==========
SpawnPoolWorker-368| 2026-06-22 02:10:06,653,653 multiprocessing INFO SEE LOG AT : ./logs/all_Lyapunov_test_dso-fn_d_all_m_01_log.txt
SpawnPoolWorker-368| 2026-06-22 02:10:06,653,653 multiprocessing INFO See log at : ./logs/all_Lyapunov_test_dso-fn_d_all_m_01_log.txt
SpawnPoolWorker-368| 2026-06-22 02:10:06,654,654 multiprocessing INFO child process calling self.run()
SpawnPoolWorker-359| 2026-06-22 02:10:06,741,741 multiprocessing INFO STARTING NEW RUN ==========
SpawnPoolWorker-359| 2026-06-22 02:10:06,741,741 multiprocessing INFO SEE LOG AT : ./logs/all_Lyapunov_test_dso-fn_d_all_m_01_log.txt
SpawnPoolWorker-359| 2026-06-22 02:10:06,741,741 multiprocessing INFO See log at : ./logs/all_Lyapunov_test_dso-fn_d_all_m_01_log.txt
SpawnPoolWorker-359| 2026-06-22 02:10:06,742,742 multiprocessing INFO child process calling self.run()
SpawnPoolWorker-362| 2026-06-22 02:10:06,851,851 multiprocessing INFO STARTING NEW RUN ==========
SpawnPoolWorker-362| 2026-06-22 02:10:06,851,851 multiprocessing INFO SEE LOG AT : ./logs/all_Lyapunov_test_dso-fn_d_all_m_01_log.txt
SpawnPoolWorker-362| 2026-06-22 02:10:06,851,851 multiprocessing INFO See log at : ./logs/all_Lyapunov_test_dso-fn_d_all_m_01_log.txt
SpawnPoolWorker-362| 2026-06-22 02:10:06,855,855 multiprocessing INFO child process calling self.run()
SpawnPoolWorker-371| 2026-06-22 02:10:06,904,904 multiprocessing INFO STARTING NEW RUN ==========
SpawnPoolWorker-371| 2026-06-22 02:10:06,904,904 multiprocessing INFO SEE LOG AT : ./logs/all_Lyapunov_test_dso-fn_d_all_m_01_log.txt
SpawnPoolWorker-371| 2026-06-22 02:10:06,904,904 multiprocessing INFO See log at : ./logs/all_Lyapunov_test_dso-fn_d_all_m_01_log.txt
SpawnPoolWorker-371| 2026-06-22 02:10:06,916,916 multiprocessing INFO child process calling self.run()
SpawnPoolWorker-373| 2026-06-22 02:10:07,152,152 multiprocessing INFO STARTING NEW RUN ==========
SpawnPoolWorker-373| 2026-06-22 02:10:07,153,153 multiprocessing INFO SEE LOG AT : ./logs/all_Lyapunov_test_dso-fn_d_all_m_01_log.txt
SpawnPoolWorker-373| 2026-06-22 02:10:07,153,153 multiprocessing INFO See log at : ./logs/all_Lyapunov_test_dso-fn_d_all_m_01_log.txt
SpawnPoolWorker-373| 2026-06-22 02:10:07,155,155 multiprocessing INFO child process calling self.run()
SpawnPoolWorker-364| 2026-06-22 02:10:07,241,241 multiprocessing INFO STARTING NEW RUN ==========
SpawnPoolWorker-364| 2026-06-22 02:10:07,241,241 multiprocessing INFO SEE LOG AT : ./logs/all_Lyapunov_test_dso-fn_d_all_m_01_log.txt
SpawnPoolWorker-364| 2026-06-22 02:10:07,241,241 multiprocessing INFO See log at : ./logs/all_Lyapunov_test_dso-fn_d_all_m_01_log.txt
SpawnPoolWorker-364| 2026-06-22 02:10:07,246,246 multiprocessing INFO child process calling self.run()
SpawnPoolWorker-361| 2026-06-22 02:10:07,350,350 multiprocessing INFO STARTING NEW RUN ==========
SpawnPoolWorker-361| 2026-06-22 02:10:07,350,350 multiprocessing INFO SEE LOG AT : ./logs/all_Lyapunov_test_dso-fn_d_all_m_01_log.txt
SpawnPoolWorker-361| 2026-06-22 02:10:07,350,350 multiprocessing INFO See log at : ./logs/all_Lyapunov_test_dso-fn_d_all_m_01_log.txt
SpawnPoolWorker-361| 2026-06-22 02:10:07,366,366 multiprocessing INFO child process calling self.run()
SpawnPoolWorker-370| 2026-06-22 02:10:07,642,642 multiprocessing INFO STARTING NEW RUN ==========
SpawnPoolWorker-370| 2026-06-22 02:10:07,642,642 multiprocessing INFO SEE LOG AT : ./logs/all_Lyapunov_test_dso-fn_d_all_m_01_log.txt
SpawnPoolWorker-370| 2026-06-22 02:10:07,642,642 multiprocessing INFO See log at : ./logs/all_Lyapunov_test_dso-fn_d_all_m_01_log.txt
SpawnPoolWorker-370| 2026-06-22 02:10:07,648,648 multiprocessing INFO child process calling self.run()
SpawnPoolWorker-369| 2026-06-22 02:10:07,837,837 multiprocessing INFO STARTING NEW RUN ==========
SpawnPoolWorker-369| 2026-06-22 02:10:07,837,837 multiprocessing INFO SEE LOG AT : ./logs/all_Lyapunov_test_dso-fn_d_all_m_01_log.txt
SpawnPoolWorker-369| 2026-06-22 02:10:07,837,837 multiprocessing INFO See log at : ./logs/all_Lyapunov_test_dso-fn_d_all_m_01_log.txt
SpawnPoolWorker-369| 2026-06-22 02:10:07,848,848 multiprocessing INFO child process calling self.run()
SpawnPoolWorker-374| 2026-06-22 02:10:07,929,929 multiprocessing INFO STARTING NEW RUN ==========
SpawnPoolWorker-374| 2026-06-22 02:10:07,929,929 multiprocessing INFO SEE LOG AT : ./logs/all_Lyapunov_test_dso-fn_d_all_m_01_log.txt
SpawnPoolWorker-374| 2026-06-22 02:10:07,929,929 multiprocessing INFO See log at : ./logs/all_Lyapunov_test_dso-fn_d_all_m_01_log.txt
SpawnPoolWorker-374| 2026-06-22 02:10:07,934,934 multiprocessing INFO child process calling self.run()
SpawnPoolWorker-385| 2026-06-22 02:10:07,995,995 multiprocessing INFO STARTING NEW RUN ==========
SpawnPoolWorker-385| 2026-06-22 02:10:07,995,995 multiprocessing INFO SEE LOG AT : ./logs/all_Lyapunov_test_dso-fn_d_all_m_01_log.txt
SpawnPoolWorker-385| 2026-06-22 02:10:07,995,995 multiprocessing INFO See log at : ./logs/all_Lyapunov_test_dso-fn_d_all_m_01_log.txt
SpawnPoolWorker-385| 2026-06-22 02:10:07,997,997 multiprocessing INFO child process calling self.run()
SpawnPoolWorker-381| 2026-06-22 02:10:08,146,146 multiprocessing INFO STARTING NEW RUN ==========
SpawnPoolWorker-381| 2026-06-22 02:10:08,146,146 multiprocessing INFO SEE LOG AT : ./logs/all_Lyapunov_test_dso-fn_d_all_m_01_log.txt
SpawnPoolWorker-381| 2026-06-22 02:10:08,146,146 multiprocessing INFO See log at : ./logs/all_Lyapunov_test_dso-fn_d_all_m_01_log.txt
SpawnPoolWorker-366| 2026-06-22 02:10:08,145,145 multiprocessing INFO STARTING NEW RUN ==========
SpawnPoolWorker-366| 2026-06-22 02:10:08,147,147 multiprocessing INFO SEE LOG AT : ./logs/all_Lyapunov_test_dso-fn_d_all_m_01_log.txt
SpawnPoolWorker-366| 2026-06-22 02:10:08,147,147 multiprocessing INFO See log at : ./logs/all_Lyapunov_test_dso-fn_d_all_m_01_log.txt
SpawnPoolWorker-381| 2026-06-22 02:10:08,153,153 multiprocessing INFO child process calling self.run()
SpawnPoolWorker-366| 2026-06-22 02:10:08,153,153 multiprocessing INFO child process calling self.run()
SpawnPoolWorker-375| 2026-06-22 02:10:08,271,271 multiprocessing INFO STARTING NEW RUN ==========
SpawnPoolWorker-375| 2026-06-22 02:10:08,271,271 multiprocessing INFO SEE LOG AT : ./logs/all_Lyapunov_test_dso-fn_d_all_m_01_log.txt
SpawnPoolWorker-375| 2026-06-22 02:10:08,271,271 multiprocessing INFO See log at : ./logs/all_Lyapunov_test_dso-fn_d_all_m_01_log.txt
SpawnPoolWorker-375| 2026-06-22 02:10:08,281,281 multiprocessing INFO child process calling self.run()
SpawnPoolWorker-382| 2026-06-22 02:10:08,295,295 multiprocessing INFO STARTING NEW RUN ==========
SpawnPoolWorker-382| 2026-06-22 02:10:08,295,295 multiprocessing INFO SEE LOG AT : ./logs/all_Lyapunov_test_dso-fn_d_all_m_01_log.txt
SpawnPoolWorker-382| 2026-06-22 02:10:08,296,296 multiprocessing INFO See log at : ./logs/all_Lyapunov_test_dso-fn_d_all_m_01_log.txt
SpawnPoolWorker-382| 2026-06-22 02:10:08,301,301 multiprocessing INFO child process calling self.run()
SpawnPoolWorker-367| 2026-06-22 02:10:08,303,303 multiprocessing INFO STARTING NEW RUN ==========
SpawnPoolWorker-367| 2026-06-22 02:10:08,304,304 multiprocessing INFO SEE LOG AT : ./logs/all_Lyapunov_test_dso-fn_d_all_m_01_log.txt
SpawnPoolWorker-367| 2026-06-22 02:10:08,304,304 multiprocessing INFO See log at : ./logs/all_Lyapunov_test_dso-fn_d_all_m_01_log.txt
SpawnPoolWorker-367| 2026-06-22 02:10:08,306,306 multiprocessing INFO child process calling self.run()
SpawnPoolWorker-378| 2026-06-22 02:10:08,315,315 multiprocessing INFO STARTING NEW RUN ==========
SpawnPoolWorker-378| 2026-06-22 02:10:08,315,315 multiprocessing INFO SEE LOG AT : ./logs/all_Lyapunov_test_dso-fn_d_all_m_01_log.txt
SpawnPoolWorker-378| 2026-06-22 02:10:08,315,315 multiprocessing INFO See log at : ./logs/all_Lyapunov_test_dso-fn_d_all_m_01_log.txt
SpawnPoolWorker-378| 2026-06-22 02:10:08,318,318 multiprocessing INFO child process calling self.run()
SpawnPoolWorker-377| 2026-06-22 02:10:08,323,323 multiprocessing INFO STARTING NEW RUN ==========
SpawnPoolWorker-377| 2026-06-22 02:10:08,323,323 multiprocessing INFO SEE LOG AT : ./logs/all_Lyapunov_test_dso-fn_d_all_m_01_log.txt
SpawnPoolWorker-377| 2026-06-22 02:10:08,323,323 multiprocessing INFO See log at : ./logs/all_Lyapunov_test_dso-fn_d_all_m_01_log.txt
SpawnPoolWorker-377| 2026-06-22 02:10:08,335,335 multiprocessing INFO child process calling self.run()
SpawnPoolWorker-387| 2026-06-22 02:10:08,381,381 multiprocessing INFO STARTING NEW RUN ==========
SpawnPoolWorker-387| 2026-06-22 02:10:08,382,382 multiprocessing INFO SEE LOG AT : ./logs/all_Lyapunov_test_dso-fn_d_all_m_01_log.txt
SpawnPoolWorker-387| 2026-06-22 02:10:08,382,382 multiprocessing INFO See log at : ./logs/all_Lyapunov_test_dso-fn_d_all_m_01_log.txt
SpawnPoolWorker-387| 2026-06-22 02:10:08,386,386 multiprocessing INFO child process calling self.run()
SpawnPoolWorker-384| 2026-06-22 02:10:08,539,539 multiprocessing INFO STARTING NEW RUN ==========
SpawnPoolWorker-384| 2026-06-22 02:10:08,539,539 multiprocessing INFO SEE LOG AT : ./logs/all_Lyapunov_test_dso-fn_d_all_m_01_log.txt
SpawnPoolWorker-384| 2026-06-22 02:10:08,539,539 multiprocessing INFO See log at : ./logs/all_Lyapunov_test_dso-fn_d_all_m_01_log.txt
SpawnPoolWorker-384| 2026-06-22 02:10:08,545,545 multiprocessing INFO child process calling self.run()
SpawnPoolWorker-380| 2026-06-22 02:10:08,560,560 multiprocessing INFO STARTING NEW RUN ==========
SpawnPoolWorker-380| 2026-06-22 02:10:08,560,560 multiprocessing INFO SEE LOG AT : ./logs/all_Lyapunov_test_dso-fn_d_all_m_01_log.txt
SpawnPoolWorker-380| 2026-06-22 02:10:08,560,560 multiprocessing INFO See log at : ./logs/all_Lyapunov_test_dso-fn_d_all_m_01_log.txt
SpawnPoolWorker-397| 2026-06-22 02:10:08,561,561 multiprocessing INFO STARTING NEW RUN ==========
SpawnPoolWorker-397| 2026-06-22 02:10:08,561,561 multiprocessing INFO SEE LOG AT : ./logs/all_Lyapunov_test_dso-fn_d_all_m_01_log.txt
SpawnPoolWorker-372| 2026-06-22 02:10:08,561,561 multiprocessing INFO STARTING NEW RUN ==========
SpawnPoolWorker-397| 2026-06-22 02:10:08,561,561 multiprocessing INFO See log at : ./logs/all_Lyapunov_test_dso-fn_d_all_m_01_log.txt
SpawnPoolWorker-372| 2026-06-22 02:10:08,561,561 multiprocessing INFO SEE LOG AT : ./logs/all_Lyapunov_test_dso-fn_d_all_m_01_log.txt
SpawnPoolWorker-372| 2026-06-22 02:10:08,561,561 multiprocessing INFO See log at : ./logs/all_Lyapunov_test_dso-fn_d_all_m_01_log.txt
SpawnPoolWorker-380| 2026-06-22 02:10:08,562,562 multiprocessing INFO child process calling self.run()
SpawnPoolWorker-397| 2026-06-22 02:10:08,566,566 multiprocessing INFO child process calling self.run()
SpawnPoolWorker-372| 2026-06-22 02:10:08,567,567 multiprocessing INFO child process calling self.run()
SpawnPoolWorker-398| 2026-06-22 02:10:08,737,737 multiprocessing INFO STARTING NEW RUN ==========
SpawnPoolWorker-398| 2026-06-22 02:10:08,737,737 multiprocessing INFO SEE LOG AT : ./logs/all_Lyapunov_test_dso-fn_d_all_m_01_log.txt
SpawnPoolWorker-398| 2026-06-22 02:10:08,737,737 multiprocessing INFO See log at : ./logs/all_Lyapunov_test_dso-fn_d_all_m_01_log.txt
SpawnPoolWorker-398| 2026-06-22 02:10:08,739,739 multiprocessing INFO child process calling self.run()
SpawnPoolWorker-379| 2026-06-22 02:10:08,775,775 multiprocessing INFO STARTING NEW RUN ==========
SpawnPoolWorker-379| 2026-06-22 02:10:08,776,776 multiprocessing INFO SEE LOG AT : ./logs/all_Lyapunov_test_dso-fn_d_all_m_01_log.txt
SpawnPoolWorker-379| 2026-06-22 02:10:08,776,776 multiprocessing INFO See log at : ./logs/all_Lyapunov_test_dso-fn_d_all_m_01_log.txt
SpawnPoolWorker-379| 2026-06-22 02:10:08,783,783 multiprocessing INFO child process calling self.run()
SpawnPoolWorker-383| 2026-06-22 02:10:09,035,35 multiprocessing INFO STARTING NEW RUN ==========
SpawnPoolWorker-383| 2026-06-22 02:10:09,035,35 multiprocessing INFO SEE LOG AT : ./logs/all_Lyapunov_test_dso-fn_d_all_m_01_log.txt
SpawnPoolWorker-383| 2026-06-22 02:10:09,035,35 multiprocessing INFO See log at : ./logs/all_Lyapunov_test_dso-fn_d_all_m_01_log.txt
SpawnPoolWorker-383| 2026-06-22 02:10:09,041,41 multiprocessing INFO child process calling self.run()
SpawnPoolWorker-388| 2026-06-22 02:10:09,252,252 multiprocessing INFO STARTING NEW RUN ==========
SpawnPoolWorker-388| 2026-06-22 02:10:09,252,252 multiprocessing INFO SEE LOG AT : ./logs/all_Lyapunov_test_dso-fn_d_all_m_01_log.txt
SpawnPoolWorker-388| 2026-06-22 02:10:09,252,252 multiprocessing INFO See log at : ./logs/all_Lyapunov_test_dso-fn_d_all_m_01_log.txt
SpawnPoolWorker-388| 2026-06-22 02:10:09,255,255 multiprocessing INFO child process calling self.run()
SpawnPoolWorker-376| 2026-06-22 02:10:09,267,267 multiprocessing INFO STARTING NEW RUN ==========
SpawnPoolWorker-376| 2026-06-22 02:10:09,267,267 multiprocessing INFO SEE LOG AT : ./logs/all_Lyapunov_test_dso-fn_d_all_m_01_log.txt
SpawnPoolWorker-376| 2026-06-22 02:10:09,267,267 multiprocessing INFO See log at : ./logs/all_Lyapunov_test_dso-fn_d_all_m_01_log.txt
SpawnPoolWorker-376| 2026-06-22 02:10:09,280,280 multiprocessing INFO child process calling self.run()
SpawnPoolWorker-389| 2026-06-22 02:10:09,282,282 multiprocessing INFO STARTING NEW RUN ==========
SpawnPoolWorker-389| 2026-06-22 02:10:09,282,282 multiprocessing INFO SEE LOG AT : ./logs/all_Lyapunov_test_dso-fn_d_all_m_01_log.txt
SpawnPoolWorker-389| 2026-06-22 02:10:09,282,282 multiprocessing INFO See log at : ./logs/all_Lyapunov_test_dso-fn_d_all_m_01_log.txt
SpawnPoolWorker-389| 2026-06-22 02:10:09,286,286 multiprocessing INFO child process calling self.run()
SpawnPoolWorker-392| 2026-06-22 02:10:09,324,324 multiprocessing INFO STARTING NEW RUN ==========
SpawnPoolWorker-392| 2026-06-22 02:10:09,324,324 multiprocessing INFO SEE LOG AT : ./logs/all_Lyapunov_test_dso-fn_d_all_m_01_log.txt
SpawnPoolWorker-392| 2026-06-22 02:10:09,324,324 multiprocessing INFO See log at : ./logs/all_Lyapunov_test_dso-fn_d_all_m_01_log.txt
SpawnPoolWorker-392| 2026-06-22 02:10:09,330,330 multiprocessing INFO child process calling self.run()
SpawnPoolWorker-391| 2026-06-22 02:10:09,834,834 multiprocessing INFO STARTING NEW RUN ==========
SpawnPoolWorker-391| 2026-06-22 02:10:09,834,834 multiprocessing INFO SEE LOG AT : ./logs/all_Lyapunov_test_dso-fn_d_all_m_01_log.txt
SpawnPoolWorker-391| 2026-06-22 02:10:09,834,834 multiprocessing INFO See log at : ./logs/all_Lyapunov_test_dso-fn_d_all_m_01_log.txt
SpawnPoolWorker-391| 2026-06-22 02:10:09,836,836 multiprocessing INFO child process calling self.run()
SpawnPoolWorker-386| 2026-06-22 02:10:09,863,863 multiprocessing INFO STARTING NEW RUN ==========
SpawnPoolWorker-386| 2026-06-22 02:10:09,863,863 multiprocessing INFO SEE LOG AT : ./logs/all_Lyapunov_test_dso-fn_d_all_m_01_log.txt
SpawnPoolWorker-386| 2026-06-22 02:10:09,863,863 multiprocessing INFO See log at : ./logs/all_Lyapunov_test_dso-fn_d_all_m_01_log.txt
SpawnPoolWorker-386| 2026-06-22 02:10:09,864,864 multiprocessing INFO child process calling self.run()
SpawnPoolWorker-401| 2026-06-22 02:10:09,962,962 multiprocessing INFO STARTING NEW RUN ==========
SpawnPoolWorker-401| 2026-06-22 02:10:09,962,962 multiprocessing INFO SEE LOG AT : ./logs/all_Lyapunov_test_dso-fn_d_all_m_01_log.txt
SpawnPoolWorker-401| 2026-06-22 02:10:09,962,962 multiprocessing INFO See log at : ./logs/all_Lyapunov_test_dso-fn_d_all_m_01_log.txt
SpawnPoolWorker-401| 2026-06-22 02:10:09,965,965 multiprocessing INFO child process calling self.run()
SpawnPoolWorker-400| 2026-06-22 02:10:09,994,994 multiprocessing INFO STARTING NEW RUN ==========
SpawnPoolWorker-400| 2026-06-22 02:10:09,994,994 multiprocessing INFO SEE LOG AT : ./logs/all_Lyapunov_test_dso-fn_d_all_m_01_log.txt
SpawnPoolWorker-400| 2026-06-22 02:10:09,994,994 multiprocessing INFO See log at : ./logs/all_Lyapunov_test_dso-fn_d_all_m_01_log.txt
SpawnPoolWorker-400| 2026-06-22 02:10:10,005,5 multiprocessing INFO child process calling self.run()
SpawnPoolWorker-395| 2026-06-22 02:10:10,348,348 multiprocessing INFO STARTING NEW RUN ==========
SpawnPoolWorker-395| 2026-06-22 02:10:10,348,348 multiprocessing INFO SEE LOG AT : ./logs/all_Lyapunov_test_dso-fn_d_all_m_01_log.txt
SpawnPoolWorker-395| 2026-06-22 02:10:10,348,348 multiprocessing INFO See log at : ./logs/all_Lyapunov_test_dso-fn_d_all_m_01_log.txt
SpawnPoolWorker-395| 2026-06-22 02:10:10,354,354 multiprocessing INFO child process calling self.run()
SpawnPoolWorker-394| 2026-06-22 02:10:10,401,401 multiprocessing INFO STARTING NEW RUN ==========
SpawnPoolWorker-394| 2026-06-22 02:10:10,401,401 multiprocessing INFO SEE LOG AT : ./logs/all_Lyapunov_test_dso-fn_d_all_m_01_log.txt
SpawnPoolWorker-394| 2026-06-22 02:10:10,401,401 multiprocessing INFO See log at : ./logs/all_Lyapunov_test_dso-fn_d_all_m_01_log.txt
SpawnPoolWorker-394| 2026-06-22 02:10:10,411,411 multiprocessing INFO child process calling self.run()
SpawnPoolWorker-402| 2026-06-22 02:10:10,442,442 multiprocessing INFO STARTING NEW RUN ==========
SpawnPoolWorker-402| 2026-06-22 02:10:10,442,442 multiprocessing INFO SEE LOG AT : ./logs/all_Lyapunov_test_dso-fn_d_all_m_01_log.txt
SpawnPoolWorker-402| 2026-06-22 02:10:10,442,442 multiprocessing INFO See log at : ./logs/all_Lyapunov_test_dso-fn_d_all_m_01_log.txt
SpawnPoolWorker-402| 2026-06-22 02:10:10,445,445 multiprocessing INFO child process calling self.run()
SpawnPoolWorker-390| 2026-06-22 02:10:10,700,700 multiprocessing INFO STARTING NEW RUN ==========
SpawnPoolWorker-390| 2026-06-22 02:10:10,700,700 multiprocessing INFO SEE LOG AT : ./logs/all_Lyapunov_test_dso-fn_d_all_m_01_log.txt
SpawnPoolWorker-390| 2026-06-22 02:10:10,700,700 multiprocessing INFO See log at : ./logs/all_Lyapunov_test_dso-fn_d_all_m_01_log.txt
SpawnPoolWorker-390| 2026-06-22 02:10:10,709,709 multiprocessing INFO child process calling self.run()
SpawnPoolWorker-399| 2026-06-22 02:10:10,726,726 multiprocessing INFO STARTING NEW RUN ==========
SpawnPoolWorker-399| 2026-06-22 02:10:10,726,726 multiprocessing INFO SEE LOG AT : ./logs/all_Lyapunov_test_dso-fn_d_all_m_01_log.txt
SpawnPoolWorker-399| 2026-06-22 02:10:10,726,726 multiprocessing INFO See log at : ./logs/all_Lyapunov_test_dso-fn_d_all_m_01_log.txt
SpawnPoolWorker-399| 2026-06-22 02:10:10,728,728 multiprocessing INFO child process calling self.run()
SpawnPoolWorker-396| 2026-06-22 02:10:10,798,798 multiprocessing INFO STARTING NEW RUN ==========
SpawnPoolWorker-396| 2026-06-22 02:10:10,798,798 multiprocessing INFO SEE LOG AT : ./logs/all_Lyapunov_test_dso-fn_d_all_m_01_log.txt
SpawnPoolWorker-396| 2026-06-22 02:10:10,798,798 multiprocessing INFO See log at : ./logs/all_Lyapunov_test_dso-fn_d_all_m_01_log.txt
SpawnPoolWorker-406| 2026-06-22 02:10:10,805,805 multiprocessing INFO STARTING NEW RUN ==========
SpawnPoolWorker-406| 2026-06-22 02:10:10,805,805 multiprocessing INFO SEE LOG AT : ./logs/all_Lyapunov_test_dso-fn_d_all_m_01_log.txt
SpawnPoolWorker-406| 2026-06-22 02:10:10,805,805 multiprocessing INFO See log at : ./logs/all_Lyapunov_test_dso-fn_d_all_m_01_log.txt
SpawnPoolWorker-396| 2026-06-22 02:10:10,806,806 multiprocessing INFO child process calling self.run()
SpawnPoolWorker-406| 2026-06-22 02:10:10,817,817 multiprocessing INFO child process calling self.run()
SpawnPoolWorker-393| 2026-06-22 02:10:11,248,248 multiprocessing INFO STARTING NEW RUN ==========
SpawnPoolWorker-393| 2026-06-22 02:10:11,248,248 multiprocessing INFO SEE LOG AT : ./logs/all_Lyapunov_test_dso-fn_d_all_m_01_log.txt
SpawnPoolWorker-393| 2026-06-22 02:10:11,248,248 multiprocessing INFO See log at : ./logs/all_Lyapunov_test_dso-fn_d_all_m_01_log.txt
SpawnPoolWorker-393| 2026-06-22 02:10:11,250,250 multiprocessing INFO child process calling self.run()
SpawnPoolWorker-405| 2026-06-22 02:10:11,275,275 multiprocessing INFO STARTING NEW RUN ==========
SpawnPoolWorker-405| 2026-06-22 02:10:11,275,275 multiprocessing INFO SEE LOG AT : ./logs/all_Lyapunov_test_dso-fn_d_all_m_01_log.txt
SpawnPoolWorker-405| 2026-06-22 02:10:11,275,275 multiprocessing INFO See log at : ./logs/all_Lyapunov_test_dso-fn_d_all_m_01_log.txt
SpawnPoolWorker-405| 2026-06-22 02:10:11,277,277 multiprocessing INFO child process calling self.run()
SpawnPoolWorker-404| 2026-06-22 02:10:11,277,277 multiprocessing INFO STARTING NEW RUN ==========
SpawnPoolWorker-404| 2026-06-22 02:10:11,277,277 multiprocessing INFO SEE LOG AT : ./logs/all_Lyapunov_test_dso-fn_d_all_m_01_log.txt
SpawnPoolWorker-404| 2026-06-22 02:10:11,277,277 multiprocessing INFO See log at : ./logs/all_Lyapunov_test_dso-fn_d_all_m_01_log.txt
SpawnPoolWorker-404| 2026-06-22 02:10:11,289,289 multiprocessing INFO child process calling self.run()
SpawnPoolWorker-403| 2026-06-22 02:10:11,458,458 multiprocessing INFO STARTING NEW RUN ==========
SpawnPoolWorker-403| 2026-06-22 02:10:11,458,458 multiprocessing INFO SEE LOG AT : ./logs/all_Lyapunov_test_dso-fn_d_all_m_01_log.txt
SpawnPoolWorker-403| 2026-06-22 02:10:11,458,458 multiprocessing INFO See log at : ./logs/all_Lyapunov_test_dso-fn_d_all_m_01_log.txt
SpawnPoolWorker-403| 2026-06-22 02:10:11,460,460 multiprocessing INFO child process calling self.run()
SpawnPoolWorker-383| 2026-06-22 02:10:11,470,470 multiprocessing INFO process shutting down
SpawnPoolWorker-363| 2026-06-22 02:10:11,470,470 multiprocessing INFO process shutting down
SpawnPoolWorker-383| 2026-06-22 02:10:11,470,470 multiprocessing INFO process exiting with exitcode 0
SpawnPoolWorker-388| 2026-06-22 02:10:11,470,470 multiprocessing INFO process shutting down
SpawnPoolWorker-376| 2026-06-22 02:10:11,470,470 multiprocessing INFO process shutting down
SpawnPoolWorker-363| 2026-06-22 02:10:11,470,470 multiprocessing INFO process exiting with exitcode 0
SpawnPoolWorker-389| 2026-06-22 02:10:11,470,470 multiprocessing INFO process shutting down
SpawnPoolWorker-388| 2026-06-22 02:10:11,470,470 multiprocessing INFO process exiting with exitcode 0
SpawnPoolWorker-376| 2026-06-22 02:10:11,470,470 multiprocessing INFO process exiting with exitcode 0
SpawnPoolWorker-392| 2026-06-22 02:10:11,470,470 multiprocessing INFO process shutting down
SpawnPoolWorker-389| 2026-06-22 02:10:11,470,470 multiprocessing INFO process exiting with exitcode 0
SpawnPoolWorker-391| 2026-06-22 02:10:11,470,470 multiprocessing INFO process shutting down
SpawnPoolWorker-392| 2026-06-22 02:10:11,470,470 multiprocessing INFO process exiting with exitcode 0
SpawnPoolWorker-386| 2026-06-22 02:10:11,470,470 multiprocessing INFO process shutting down
SpawnPoolWorker-401| 2026-06-22 02:10:11,470,470 multiprocessing INFO process shutting down
SpawnPoolWorker-400| 2026-06-22 02:10:11,470,470 multiprocessing INFO process shutting down
SpawnPoolWorker-381| 2026-06-22 02:10:11,471,471 multiprocessing INFO process shutting down
SpawnPoolWorker-395| 2026-06-22 02:10:11,471,471 multiprocessing INFO process shutting down
SpawnPoolWorker-394| 2026-06-22 02:10:11,471,471 multiprocessing INFO process shutting down
SpawnPoolWorker-362| 2026-06-22 02:10:11,471,471 multiprocessing INFO process shutting down
SpawnPoolWorker-402| 2026-06-22 02:10:11,471,471 multiprocessing INFO process shutting down
SpawnPoolWorker-390| 2026-06-22 02:10:11,471,471 multiprocessing INFO process shutting down
SpawnPoolWorker-360| 2026-06-22 02:10:11,471,471 multiprocessing INFO process shutting down
SpawnPoolWorker-399| 2026-06-22 02:10:11,471,471 multiprocessing INFO process shutting down
SpawnPoolWorker-382| 2026-06-22 02:10:11,471,471 multiprocessing INFO process shutting down
SpawnPoolWorker-369| 2026-06-22 02:10:11,471,471 multiprocessing INFO process shutting down
SpawnPoolWorker-371| 2026-06-22 02:10:11,471,471 multiprocessing INFO process shutting down
SpawnPoolWorker-396| 2026-06-22 02:10:11,471,471 multiprocessing INFO process shutting down
SpawnPoolWorker-406| 2026-06-22 02:10:11,471,471 multiprocessing INFO process shutting down
SpawnPoolWorker-379| 2026-06-22 02:10:11,471,471 multiprocessing INFO process shutting down
SpawnPoolWorker-387| 2026-06-22 02:10:11,471,471 multiprocessing INFO process shutting down
SpawnPoolWorker-365| 2026-06-22 02:10:11,471,471 multiprocessing INFO process shutting down
SpawnPoolWorker-372| 2026-06-22 02:10:11,471,471 multiprocessing INFO process shutting down
SpawnPoolWorker-377| 2026-06-22 02:10:11,471,471 multiprocessing INFO process shutting down
SpawnPoolWorker-364| 2026-06-22 02:10:11,471,471 multiprocessing INFO process shutting down
SpawnPoolWorker-373| 2026-06-22 02:10:11,471,471 multiprocessing INFO process shutting down
SpawnPoolWorker-359| 2026-06-22 02:10:11,471,471 multiprocessing INFO process shutting down
SpawnPoolWorker-393| 2026-06-22 02:10:11,472,472 multiprocessing INFO process shutting down
SpawnPoolWorker-405| 2026-06-22 02:10:11,472,472 multiprocessing INFO process shutting down
SpawnPoolWorker-368| 2026-06-22 02:10:11,472,472 multiprocessing INFO process shutting down
SpawnPoolWorker-366| 2026-06-22 02:10:11,472,472 multiprocessing INFO process shutting down
SpawnPoolWorker-367| 2026-06-22 02:10:11,472,472 multiprocessing INFO process shutting down
SpawnPoolWorker-404| 2026-06-22 02:10:11,472,472 multiprocessing INFO process shutting down
SpawnPoolWorker-361| 2026-06-22 02:10:11,472,472 multiprocessing INFO process shutting down
SpawnPoolWorker-380| 2026-06-22 02:10:11,472,472 multiprocessing INFO process shutting down
SpawnPoolWorker-397| 2026-06-22 02:10:11,472,472 multiprocessing INFO process shutting down
SpawnPoolWorker-385| 2026-06-22 02:10:11,472,472 multiprocessing INFO process shutting down
SpawnPoolWorker-370| 2026-06-22 02:10:11,472,472 multiprocessing INFO process shutting down
SpawnPoolWorker-375| 2026-06-22 02:10:11,472,472 multiprocessing INFO process shutting down
SpawnPoolWorker-398| 2026-06-22 02:10:11,472,472 multiprocessing INFO process shutting down
SpawnPoolWorker-374| 2026-06-22 02:10:11,472,472 multiprocessing INFO process shutting down
SpawnPoolWorker-403| 2026-06-22 02:10:11,472,472 multiprocessing INFO process shutting down
SpawnPoolWorker-378| 2026-06-22 02:10:11,472,472 multiprocessing INFO process shutting down
SpawnPoolWorker-398| 2026-06-22 02:10:11,472,472 multiprocessing INFO process exiting with exitcode 0
SpawnPoolWorker-403| 2026-06-22 02:10:11,472,472 multiprocessing INFO process exiting with exitcode 0
SpawnPoolWorker-391| 2026-06-22 02:10:11,472,472 multiprocessing INFO process exiting with exitcode 0
SpawnPoolWorker-374| 2026-06-22 02:10:11,472,472 multiprocessing INFO process exiting with exitcode 0
SpawnPoolWorker-378| 2026-06-22 02:10:11,472,472 multiprocessing INFO process exiting with exitcode 0
SpawnPoolWorker-384| 2026-06-22 02:10:11,473,473 multiprocessing INFO process shutting down
28
(100000, 6)
(100000,)
(100000, 6)
(100000,)

=======================Successfully Added (8962, 6) Counter Examples=======================

MainProcess| 2026-06-22 02:10:20,124,124 multiprocessing INFO Number of potential valid equations: 0
Number of potential valid equations: 0
(550, 123)
/users/9/chen8596/miniconda3/envs/alfd/lib/python3.9/site-packages/torch/nn/functional.py:4999: UserWarning: Support for mismatched key_padding_mask and attn_mask is deprecated. Use same type for both instead.
  warnings.warn(

==============Start Supervised Learning==============

MainProcess| 2026-06-22 02:10:26,512,512 multiprocessing INFO GP output mean: 0.9999971301893187
GP output mean: 0.9999971301893187
MainProcess| 2026-06-22 02:10:26,971,971 multiprocessing INFO GP output success rate: 0.26666666666666666
GP output success rate: 0.26666666666666666
MainProcess| 2026-06-22 02:10:26,972,972 multiprocessing INFO [x5**2 + (x1**2 + x2**2 - x3*(-x3 + x4))**2 - cos(x6)**2, x5**2 + (x2**4 - x3*(x1 - x3) + x4**2)**2 - cos(x6), x5**2 + (x3**2 + x4**2 - x5**2*(x1 - x2))**2 - cos(x6), x5**2 + (x2**2 - x3*(x1 - x3) + x4**2)**4 - cos(x6)]
[x5**2 + (x1**2 + x2**2 - x3*(-x3 + x4))**2 - cos(x6)**2, x5**2 + (x2**4 - x3*(x1 - x3) + x4**2)**2 - cos(x6), x5**2 + (x3**2 + x4**2 - x5**2*(x1 - x2))**2 - cos(x6), x5**2 + (x2**2 - x3*(x1 - x3) + x4**2)**4 - cos(x6)]

==============End Supervised Learning==============

/users/9/chen8596/LyaDis/repro/runs/poly6d/utils/train.py:971: RuntimeWarning: divide by zero encountered in divide
  error = np.abs(((y_hat - y) / y))
/users/9/chen8596/.local/lib/python3.9/site-packages/scipy/stats/_stats_py.py:4424: ConstantInputWarning: An input array is constant; the correlation coefficient is not defined.
  warnings.warn(stats.ConstantInputWarning(msg))
MainProcess| 2026-06-22 02:10:32,152,152 multiprocessing INFO [Test epoch=0007]  nevals=95889 	| train_loss=3304.71582 	| eqs_invalid %=0.36 	| r_best=0.99794 	| quantile=0.00000 	| r_quantile_mean=0.09349 	| r_raw_sum=51.42100 	|  r_raw_mean=0.95224 	| r2=nan 	| acc_iid=0.00000 	| acc_ood=0.00000 	| nmse_test=0.0 	| true_equation_set_count=0 	| s/it=164.87671
[Test epoch=0007]  nevals=95889 	| train_loss=3304.71582 	| eqs_invalid %=0.36 	| r_best=0.99794 	| quantile=0.00000 	| r_quantile_mean=0.09349 	| r_raw_sum=51.42100 	|  r_raw_mean=0.95224 	| r2=nan 	| acc_iid=0.00000 	| acc_ood=0.00000 	| nmse_test=0.0 	| true_equation_set_count=0 	| s/it=164.87671
MainProcess| 2026-06-22 02:10:32,152,152 multiprocessing INFO [00:00:16:31.02] Training epoch 7/4000, current best R: 0.9979
[00:00:16:31.02] Training epoch 7/4000, current best R: 0.9979
MainProcess| 2026-06-22 02:10:32,152,152 multiprocessing INFO 
	** New best

	** New best
MainProcess| 2026-06-22 02:10:32,152,152 multiprocessing INFO 	Reward: 0.9979444762676052
	Reward: 0.9979444762676052
MainProcess| 2026-06-22 02:10:32,152,152 multiprocessing INFO 	Count Off-policy: 1
	Count Off-policy: 1
MainProcess| 2026-06-22 02:10:32,152,152 multiprocessing INFO 	Count On-policy: 0
	Count On-policy: 0
MainProcess| 2026-06-22 02:10:32,152,152 multiprocessing INFO 	Originally on Policy: False
	Originally on Policy: False
MainProcess| 2026-06-22 02:10:32,152,152 multiprocessing INFO 	Invalid: False
	Invalid: False
MainProcess| 2026-06-22 02:10:32,152,152 multiprocessing INFO 	Traversal: sub,add,n2,x5,n2,add,n2,x2,sub,n2,x1,mul,x3,sub,x4,x3,n2,cos,x6
	Traversal: sub,add,n2,x5,n2,add,n2,x2,sub,n2,x1,mul,x3,sub,x4,x3,n2,cos,x6
MainProcess| 2026-06-22 02:10:32,152,152 multiprocessing INFO 	Expression:
	Expression:
MainProcess| 2026-06-22 02:10:32,154,154 multiprocessing INFO 
	                                   2           
	    2   ⎛  2     2                ⎞       2    
	  x₅  + ⎝x₁  + x₂  - x₃⋅(-x₃ + x₄)⎠  - cos (x₆)


	                                   2           
	    2   ⎛  2     2                ⎞       2    
	  x₅  + ⎝x₁  + x₂  - x₃⋅(-x₃ + x₄)⎠  - cos (x₆)

MainProcess| 2026-06-22 02:12:11,594,594 multiprocessing INFO Genetic Porgramming Runtime 98.86562947905622
Genetic Porgramming Runtime 98.86562947905622

=========================PGD Collection Starts=========================

SpawnPoolWorker-409| 2026-06-22 02:12:17,798,798 multiprocessing INFO STARTING NEW RUN ==========
SpawnPoolWorker-409| 2026-06-22 02:12:17,798,798 multiprocessing INFO SEE LOG AT : ./logs/all_Lyapunov_test_dso-fn_d_all_m_01_log.txt
SpawnPoolWorker-409| 2026-06-22 02:12:17,798,798 multiprocessing INFO See log at : ./logs/all_Lyapunov_test_dso-fn_d_all_m_01_log.txt
SpawnPoolWorker-409| 2026-06-22 02:12:17,801,801 multiprocessing INFO child process calling self.run()
SpawnPoolWorker-414| 2026-06-22 02:12:17,808,808 multiprocessing INFO STARTING NEW RUN ==========
SpawnPoolWorker-414| 2026-06-22 02:12:17,809,809 multiprocessing INFO SEE LOG AT : ./logs/all_Lyapunov_test_dso-fn_d_all_m_01_log.txt
SpawnPoolWorker-414| 2026-06-22 02:12:17,809,809 multiprocessing INFO See log at : ./logs/all_Lyapunov_test_dso-fn_d_all_m_01_log.txt
SpawnPoolWorker-414| 2026-06-22 02:12:17,811,811 multiprocessing INFO child process calling self.run()
SpawnPoolWorker-412| 2026-06-22 02:12:17,817,817 multiprocessing INFO STARTING NEW RUN ==========
SpawnPoolWorker-408| 2026-06-22 02:12:17,817,817 multiprocessing INFO STARTING NEW RUN ==========
SpawnPoolWorker-412| 2026-06-22 02:12:17,817,817 multiprocessing INFO SEE LOG AT : ./logs/all_Lyapunov_test_dso-fn_d_all_m_01_log.txt
SpawnPoolWorker-408| 2026-06-22 02:12:17,817,817 multiprocessing INFO SEE LOG AT : ./logs/all_Lyapunov_test_dso-fn_d_all_m_01_log.txt
SpawnPoolWorker-412| 2026-06-22 02:12:17,819,819 multiprocessing INFO See log at : ./logs/all_Lyapunov_test_dso-fn_d_all_m_01_log.txt
SpawnPoolWorker-408| 2026-06-22 02:12:17,819,819 multiprocessing INFO See log at : ./logs/all_Lyapunov_test_dso-fn_d_all_m_01_log.txt
SpawnPoolWorker-407| 2026-06-22 02:12:17,819,819 multiprocessing INFO STARTING NEW RUN ==========
SpawnPoolWorker-407| 2026-06-22 02:12:17,819,819 multiprocessing INFO SEE LOG AT : ./logs/all_Lyapunov_test_dso-fn_d_all_m_01_log.txt
SpawnPoolWorker-407| 2026-06-22 02:12:17,819,819 multiprocessing INFO See log at : ./logs/all_Lyapunov_test_dso-fn_d_all_m_01_log.txt
SpawnPoolWorker-412| 2026-06-22 02:12:17,820,820 multiprocessing INFO child process calling self.run()
SpawnPoolWorker-408| 2026-06-22 02:12:17,820,820 multiprocessing INFO child process calling self.run()
SpawnPoolWorker-407| 2026-06-22 02:12:17,820,820 multiprocessing INFO child process calling self.run()
SpawnPoolWorker-410| 2026-06-22 02:12:17,822,822 multiprocessing INFO STARTING NEW RUN ==========
SpawnPoolWorker-413| 2026-06-22 02:12:17,822,822 multiprocessing INFO STARTING NEW RUN ==========
SpawnPoolWorker-415| 2026-06-22 02:12:17,822,822 multiprocessing INFO STARTING NEW RUN ==========
SpawnPoolWorker-410| 2026-06-22 02:12:17,822,822 multiprocessing INFO SEE LOG AT : ./logs/all_Lyapunov_test_dso-fn_d_all_m_01_log.txt
SpawnPoolWorker-413| 2026-06-22 02:12:17,822,822 multiprocessing INFO SEE LOG AT : ./logs/all_Lyapunov_test_dso-fn_d_all_m_01_log.txt
SpawnPoolWorker-415| 2026-06-22 02:12:17,822,822 multiprocessing INFO SEE LOG AT : ./logs/all_Lyapunov_test_dso-fn_d_all_m_01_log.txt
SpawnPoolWorker-410| 2026-06-22 02:12:17,822,822 multiprocessing INFO See log at : ./logs/all_Lyapunov_test_dso-fn_d_all_m_01_log.txt
SpawnPoolWorker-413| 2026-06-22 02:12:17,822,822 multiprocessing INFO See log at : ./logs/all_Lyapunov_test_dso-fn_d_all_m_01_log.txt
SpawnPoolWorker-415| 2026-06-22 02:12:17,822,822 multiprocessing INFO See log at : ./logs/all_Lyapunov_test_dso-fn_d_all_m_01_log.txt
SpawnPoolWorker-410| 2026-06-22 02:12:17,823,823 multiprocessing INFO child process calling self.run()
SpawnPoolWorker-413| 2026-06-22 02:12:17,823,823 multiprocessing INFO child process calling self.run()
SpawnPoolWorker-415| 2026-06-22 02:12:17,823,823 multiprocessing INFO child process calling self.run()
SpawnPoolWorker-411| 2026-06-22 02:12:17,825,825 multiprocessing INFO STARTING NEW RUN ==========
SpawnPoolWorker-416| 2026-06-22 02:12:17,825,825 multiprocessing INFO STARTING NEW RUN ==========
SpawnPoolWorker-411| 2026-06-22 02:12:17,825,825 multiprocessing INFO SEE LOG AT : ./logs/all_Lyapunov_test_dso-fn_d_all_m_01_log.txt
SpawnPoolWorker-416| 2026-06-22 02:12:17,825,825 multiprocessing INFO SEE LOG AT : ./logs/all_Lyapunov_test_dso-fn_d_all_m_01_log.txt
SpawnPoolWorker-411| 2026-06-22 02:12:17,825,825 multiprocessing INFO See log at : ./logs/all_Lyapunov_test_dso-fn_d_all_m_01_log.txt
SpawnPoolWorker-416| 2026-06-22 02:12:17,825,825 multiprocessing INFO See log at : ./logs/all_Lyapunov_test_dso-fn_d_all_m_01_log.txt
SpawnPoolWorker-416| 2026-06-22 02:12:17,827,827 multiprocessing INFO child process calling self.run()
SpawnPoolWorker-411| 2026-06-22 02:12:17,828,828 multiprocessing INFO child process calling self.run()
SpawnPoolWorker-412| 2026-06-22 02:12:40,366,366 multiprocessing INFO process shutting down
SpawnPoolWorker-411| 2026-06-22 02:12:40,366,366 multiprocessing INFO process shutting down
SpawnPoolWorker-407| 2026-06-22 02:12:40,366,366 multiprocessing INFO process shutting down
SpawnPoolWorker-412| 2026-06-22 02:12:40,366,366 multiprocessing INFO process exiting with exitcode 0
SpawnPoolWorker-411| 2026-06-22 02:12:40,366,366 multiprocessing INFO process exiting with exitcode 0
SpawnPoolWorker-415| 2026-06-22 02:12:40,366,366 multiprocessing INFO process shutting down
SpawnPoolWorker-414| 2026-06-22 02:12:40,366,366 multiprocessing INFO process shutting down
SpawnPoolWorker-407| 2026-06-22 02:12:40,366,366 multiprocessing INFO process exiting with exitcode 0
SpawnPoolWorker-410| 2026-06-22 02:12:40,366,366 multiprocessing INFO process shutting down
SpawnPoolWorker-414| 2026-06-22 02:12:40,366,366 multiprocessing INFO process exiting with exitcode 0
SpawnPoolWorker-415| 2026-06-22 02:12:40,366,366 multiprocessing INFO process exiting with exitcode 0
SpawnPoolWorker-408| 2026-06-22 02:12:40,366,366 multiprocessing INFO process shutting down
(20000,)

===================Collect 20000 Examples===================

Epsilon 0.1
500
(550,)
(550,)
(55,)
Number of Programs for Minimization: 31
SpawnPoolWorker-417| 2026-06-22 02:13:05,942,942 multiprocessing INFO STARTING NEW RUN ==========
SpawnPoolWorker-417| 2026-06-22 02:13:05,943,943 multiprocessing INFO SEE LOG AT : ./logs/all_Lyapunov_test_dso-fn_d_all_m_01_log.txt
SpawnPoolWorker-417| 2026-06-22 02:13:05,943,943 multiprocessing INFO See log at : ./logs/all_Lyapunov_test_dso-fn_d_all_m_01_log.txt
SpawnPoolWorker-417| 2026-06-22 02:13:05,949,949 multiprocessing INFO child process calling self.run()
SpawnPoolWorker-421| 2026-06-22 02:13:06,273,273 multiprocessing INFO STARTING NEW RUN ==========
SpawnPoolWorker-421| 2026-06-22 02:13:06,273,273 multiprocessing INFO SEE LOG AT : ./logs/all_Lyapunov_test_dso-fn_d_all_m_01_log.txt
SpawnPoolWorker-421| 2026-06-22 02:13:06,273,273 multiprocessing INFO See log at : ./logs/all_Lyapunov_test_dso-fn_d_all_m_01_log.txt
SpawnPoolWorker-421| 2026-06-22 02:13:06,275,275 multiprocessing INFO child process calling self.run()
SpawnPoolWorker-420| 2026-06-22 02:13:06,469,469 multiprocessing INFO STARTING NEW RUN ==========
SpawnPoolWorker-420| 2026-06-22 02:13:06,469,469 multiprocessing INFO SEE LOG AT : ./logs/all_Lyapunov_test_dso-fn_d_all_m_01_log.txt
SpawnPoolWorker-420| 2026-06-22 02:13:06,469,469 multiprocessing INFO See log at : ./logs/all_Lyapunov_test_dso-fn_d_all_m_01_log.txt
SpawnPoolWorker-420| 2026-06-22 02:13:06,475,475 multiprocessing INFO child process calling self.run()
SpawnPoolWorker-433| 2026-06-22 02:13:06,499,499 multiprocessing INFO STARTING NEW RUN ==========
SpawnPoolWorker-433| 2026-06-22 02:13:06,499,499 multiprocessing INFO SEE LOG AT : ./logs/all_Lyapunov_test_dso-fn_d_all_m_01_log.txt
SpawnPoolWorker-433| 2026-06-22 02:13:06,499,499 multiprocessing INFO See log at : ./logs/all_Lyapunov_test_dso-fn_d_all_m_01_log.txt
SpawnPoolWorker-433| 2026-06-22 02:13:06,501,501 multiprocessing INFO child process calling self.run()
SpawnPoolWorker-440| 2026-06-22 02:13:07,108,108 multiprocessing INFO STARTING NEW RUN ==========
SpawnPoolWorker-440| 2026-06-22 02:13:07,108,108 multiprocessing INFO SEE LOG AT : ./logs/all_Lyapunov_test_dso-fn_d_all_m_01_log.txt
SpawnPoolWorker-440| 2026-06-22 02:13:07,108,108 multiprocessing INFO See log at : ./logs/all_Lyapunov_test_dso-fn_d_all_m_01_log.txt
SpawnPoolWorker-440| 2026-06-22 02:13:07,132,132 multiprocessing INFO child process calling self.run()
SpawnPoolWorker-437| 2026-06-22 02:13:07,441,441 multiprocessing INFO STARTING NEW RUN ==========
SpawnPoolWorker-437| 2026-06-22 02:13:07,441,441 multiprocessing INFO SEE LOG AT : ./logs/all_Lyapunov_test_dso-fn_d_all_m_01_log.txt
SpawnPoolWorker-437| 2026-06-22 02:13:07,441,441 multiprocessing INFO See log at : ./logs/all_Lyapunov_test_dso-fn_d_all_m_01_log.txt
SpawnPoolWorker-437| 2026-06-22 02:13:07,444,444 multiprocessing INFO child process calling self.run()
SpawnPoolWorker-429| 2026-06-22 02:13:07,603,603 multiprocessing INFO STARTING NEW RUN ==========
SpawnPoolWorker-429| 2026-06-22 02:13:07,603,603 multiprocessing INFO SEE LOG AT : ./logs/all_Lyapunov_test_dso-fn_d_all_m_01_log.txt
SpawnPoolWorker-429| 2026-06-22 02:13:07,603,603 multiprocessing INFO See log at : ./logs/all_Lyapunov_test_dso-fn_d_all_m_01_log.txt
SpawnPoolWorker-429| 2026-06-22 02:13:07,613,613 multiprocessing INFO child process calling self.run()
SpawnPoolWorker-419| 2026-06-22 02:13:07,629,629 multiprocessing INFO STARTING NEW RUN ==========
SpawnPoolWorker-419| 2026-06-22 02:13:07,629,629 multiprocessing INFO SEE LOG AT : ./logs/all_Lyapunov_test_dso-fn_d_all_m_01_log.txt
SpawnPoolWorker-419| 2026-06-22 02:13:07,629,629 multiprocessing INFO See log at : ./logs/all_Lyapunov_test_dso-fn_d_all_m_01_log.txt
SpawnPoolWorker-419| 2026-06-22 02:13:07,631,631 multiprocessing INFO child process calling self.run()
SpawnPoolWorker-439| 2026-06-22 02:13:07,908,908 multiprocessing INFO STARTING NEW RUN ==========
SpawnPoolWorker-439| 2026-06-22 02:13:07,908,908 multiprocessing INFO SEE LOG AT : ./logs/all_Lyapunov_test_dso-fn_d_all_m_01_log.txt
SpawnPoolWorker-439| 2026-06-22 02:13:07,908,908 multiprocessing INFO See log at : ./logs/all_Lyapunov_test_dso-fn_d_all_m_01_log.txt
SpawnPoolWorker-418| 2026-06-22 02:13:07,909,909 multiprocessing INFO STARTING NEW RUN ==========
SpawnPoolWorker-418| 2026-06-22 02:13:07,909,909 multiprocessing INFO SEE LOG AT : ./logs/all_Lyapunov_test_dso-fn_d_all_m_01_log.txt
SpawnPoolWorker-418| 2026-06-22 02:13:07,909,909 multiprocessing INFO See log at : ./logs/all_Lyapunov_test_dso-fn_d_all_m_01_log.txt
SpawnPoolWorker-439| 2026-06-22 02:13:07,911,911 multiprocessing INFO child process calling self.run()
SpawnPoolWorker-418| 2026-06-22 02:13:07,913,913 multiprocessing INFO child process calling self.run()
SpawnPoolWorker-422| 2026-06-22 02:13:07,942,942 multiprocessing INFO STARTING NEW RUN ==========
SpawnPoolWorker-422| 2026-06-22 02:13:07,943,943 multiprocessing INFO SEE LOG AT : ./logs/all_Lyapunov_test_dso-fn_d_all_m_01_log.txt
SpawnPoolWorker-422| 2026-06-22 02:13:07,943,943 multiprocessing INFO See log at : ./logs/all_Lyapunov_test_dso-fn_d_all_m_01_log.txt
SpawnPoolWorker-422| 2026-06-22 02:13:07,944,944 multiprocessing INFO child process calling self.run()
SpawnPoolWorker-452| 2026-06-22 02:13:08,027,27 multiprocessing INFO STARTING NEW RUN ==========
SpawnPoolWorker-452| 2026-06-22 02:13:08,027,27 multiprocessing INFO SEE LOG AT : ./logs/all_Lyapunov_test_dso-fn_d_all_m_01_log.txt
SpawnPoolWorker-452| 2026-06-22 02:13:08,027,27 multiprocessing INFO See log at : ./logs/all_Lyapunov_test_dso-fn_d_all_m_01_log.txt
SpawnPoolWorker-452| 2026-06-22 02:13:08,033,33 multiprocessing INFO child process calling self.run()
SpawnPoolWorker-424| 2026-06-22 02:13:08,090,90 multiprocessing INFO STARTING NEW RUN ==========
SpawnPoolWorker-424| 2026-06-22 02:13:08,092,92 multiprocessing INFO SEE LOG AT : ./logs/all_Lyapunov_test_dso-fn_d_all_m_01_log.txt
SpawnPoolWorker-424| 2026-06-22 02:13:08,092,92 multiprocessing INFO See log at : ./logs/all_Lyapunov_test_dso-fn_d_all_m_01_log.txt
SpawnPoolWorker-424| 2026-06-22 02:13:08,106,106 multiprocessing INFO child process calling self.run()
SpawnPoolWorker-425| 2026-06-22 02:13:08,120,120 multiprocessing INFO STARTING NEW RUN ==========
SpawnPoolWorker-425| 2026-06-22 02:13:08,120,120 multiprocessing INFO SEE LOG AT : ./logs/all_Lyapunov_test_dso-fn_d_all_m_01_log.txt
SpawnPoolWorker-425| 2026-06-22 02:13:08,120,120 multiprocessing INFO See log at : ./logs/all_Lyapunov_test_dso-fn_d_all_m_01_log.txt
SpawnPoolWorker-425| 2026-06-22 02:13:08,124,124 multiprocessing INFO child process calling self.run()
SpawnPoolWorker-431| 2026-06-22 02:13:08,397,397 multiprocessing INFO STARTING NEW RUN ==========
SpawnPoolWorker-431| 2026-06-22 02:13:08,397,397 multiprocessing INFO SEE LOG AT : ./logs/all_Lyapunov_test_dso-fn_d_all_m_01_log.txt
SpawnPoolWorker-431| 2026-06-22 02:13:08,397,397 multiprocessing INFO See log at : ./logs/all_Lyapunov_test_dso-fn_d_all_m_01_log.txt
SpawnPoolWorker-431| 2026-06-22 02:13:08,407,407 multiprocessing INFO child process calling self.run()
SpawnPoolWorker-441| 2026-06-22 02:13:08,414,414 multiprocessing INFO STARTING NEW RUN ==========
SpawnPoolWorker-441| 2026-06-22 02:13:08,414,414 multiprocessing INFO SEE LOG AT : ./logs/all_Lyapunov_test_dso-fn_d_all_m_01_log.txt
SpawnPoolWorker-441| 2026-06-22 02:13:08,414,414 multiprocessing INFO See log at : ./logs/all_Lyapunov_test_dso-fn_d_all_m_01_log.txt
SpawnPoolWorker-441| 2026-06-22 02:13:08,434,434 multiprocessing INFO child process calling self.run()
SpawnPoolWorker-443| 2026-06-22 02:13:08,437,437 multiprocessing INFO STARTING NEW RUN ==========
SpawnPoolWorker-443| 2026-06-22 02:13:08,437,437 multiprocessing INFO SEE LOG AT : ./logs/all_Lyapunov_test_dso-fn_d_all_m_01_log.txt
SpawnPoolWorker-443| 2026-06-22 02:13:08,437,437 multiprocessing INFO See log at : ./logs/all_Lyapunov_test_dso-fn_d_all_m_01_log.txt
SpawnPoolWorker-443| 2026-06-22 02:13:08,442,442 multiprocessing INFO child process calling self.run()
SpawnPoolWorker-438| 2026-06-22 02:13:08,542,542 multiprocessing INFO STARTING NEW RUN ==========
SpawnPoolWorker-438| 2026-06-22 02:13:08,542,542 multiprocessing INFO SEE LOG AT : ./logs/all_Lyapunov_test_dso-fn_d_all_m_01_log.txt
SpawnPoolWorker-438| 2026-06-22 02:13:08,542,542 multiprocessing INFO See log at : ./logs/all_Lyapunov_test_dso-fn_d_all_m_01_log.txt
SpawnPoolWorker-438| 2026-06-22 02:13:08,551,551 multiprocessing INFO child process calling self.run()
SpawnPoolWorker-434| 2026-06-22 02:13:08,733,733 multiprocessing INFO STARTING NEW RUN ==========
SpawnPoolWorker-434| 2026-06-22 02:13:08,733,733 multiprocessing INFO SEE LOG AT : ./logs/all_Lyapunov_test_dso-fn_d_all_m_01_log.txt
SpawnPoolWorker-434| 2026-06-22 02:13:08,733,733 multiprocessing INFO See log at : ./logs/all_Lyapunov_test_dso-fn_d_all_m_01_log.txt
SpawnPoolWorker-434| 2026-06-22 02:13:08,746,746 multiprocessing INFO child process calling self.run()
SpawnPoolWorker-435| 2026-06-22 02:13:08,784,784 multiprocessing INFO STARTING NEW RUN ==========
SpawnPoolWorker-435| 2026-06-22 02:13:08,784,784 multiprocessing INFO SEE LOG AT : ./logs/all_Lyapunov_test_dso-fn_d_all_m_01_log.txt
SpawnPoolWorker-435| 2026-06-22 02:13:08,784,784 multiprocessing INFO See log at : ./logs/all_Lyapunov_test_dso-fn_d_all_m_01_log.txt
SpawnPoolWorker-435| 2026-06-22 02:13:08,786,786 multiprocessing INFO child process calling self.run()
SpawnPoolWorker-423| 2026-06-22 02:13:08,802,802 multiprocessing INFO STARTING NEW RUN ==========
SpawnPoolWorker-423| 2026-06-22 02:13:08,802,802 multiprocessing INFO SEE LOG AT : ./logs/all_Lyapunov_test_dso-fn_d_all_m_01_log.txt
SpawnPoolWorker-423| 2026-06-22 02:13:08,802,802 multiprocessing INFO See log at : ./logs/all_Lyapunov_test_dso-fn_d_all_m_01_log.txt
SpawnPoolWorker-423| 2026-06-22 02:13:08,804,804 multiprocessing INFO child process calling self.run()
SpawnPoolWorker-427| 2026-06-22 02:13:08,974,974 multiprocessing INFO STARTING NEW RUN ==========
SpawnPoolWorker-427| 2026-06-22 02:13:08,974,974 multiprocessing INFO SEE LOG AT : ./logs/all_Lyapunov_test_dso-fn_d_all_m_01_log.txt
SpawnPoolWorker-427| 2026-06-22 02:13:08,974,974 multiprocessing INFO See log at : ./logs/all_Lyapunov_test_dso-fn_d_all_m_01_log.txt
SpawnPoolWorker-427| 2026-06-22 02:13:08,976,976 multiprocessing INFO child process calling self.run()
SpawnPoolWorker-436| 2026-06-22 02:13:08,988,988 multiprocessing INFO STARTING NEW RUN ==========
SpawnPoolWorker-436| 2026-06-22 02:13:08,988,988 multiprocessing INFO SEE LOG AT : ./logs/all_Lyapunov_test_dso-fn_d_all_m_01_log.txt
SpawnPoolWorker-436| 2026-06-22 02:13:08,989,989 multiprocessing INFO See log at : ./logs/all_Lyapunov_test_dso-fn_d_all_m_01_log.txt
SpawnPoolWorker-436| 2026-06-22 02:13:09,008,8 multiprocessing INFO child process calling self.run()
SpawnPoolWorker-450| 2026-06-22 02:13:09,012,12 multiprocessing INFO STARTING NEW RUN ==========
SpawnPoolWorker-450| 2026-06-22 02:13:09,018,18 multiprocessing INFO SEE LOG AT : ./logs/all_Lyapunov_test_dso-fn_d_all_m_01_log.txt
SpawnPoolWorker-450| 2026-06-22 02:13:09,018,18 multiprocessing INFO See log at : ./logs/all_Lyapunov_test_dso-fn_d_all_m_01_log.txt
SpawnPoolWorker-450| 2026-06-22 02:13:09,031,31 multiprocessing INFO child process calling self.run()
SpawnPoolWorker-444| 2026-06-22 02:13:09,211,211 multiprocessing INFO STARTING NEW RUN ==========
SpawnPoolWorker-444| 2026-06-22 02:13:09,211,211 multiprocessing INFO SEE LOG AT : ./logs/all_Lyapunov_test_dso-fn_d_all_m_01_log.txt
SpawnPoolWorker-444| 2026-06-22 02:13:09,211,211 multiprocessing INFO See log at : ./logs/all_Lyapunov_test_dso-fn_d_all_m_01_log.txt
SpawnPoolWorker-444| 2026-06-22 02:13:09,213,213 multiprocessing INFO child process calling self.run()
SpawnPoolWorker-428| 2026-06-22 02:13:09,231,231 multiprocessing INFO STARTING NEW RUN ==========
SpawnPoolWorker-428| 2026-06-22 02:13:09,231,231 multiprocessing INFO SEE LOG AT : ./logs/all_Lyapunov_test_dso-fn_d_all_m_01_log.txt
SpawnPoolWorker-428| 2026-06-22 02:13:09,231,231 multiprocessing INFO See log at : ./logs/all_Lyapunov_test_dso-fn_d_all_m_01_log.txt
SpawnPoolWorker-428| 2026-06-22 02:13:09,233,233 multiprocessing INFO child process calling self.run()
SpawnPoolWorker-455| 2026-06-22 02:13:09,334,334 multiprocessing INFO STARTING NEW RUN ==========
SpawnPoolWorker-455| 2026-06-22 02:13:09,334,334 multiprocessing INFO SEE LOG AT : ./logs/all_Lyapunov_test_dso-fn_d_all_m_01_log.txt
SpawnPoolWorker-455| 2026-06-22 02:13:09,334,334 multiprocessing INFO See log at : ./logs/all_Lyapunov_test_dso-fn_d_all_m_01_log.txt
SpawnPoolWorker-455| 2026-06-22 02:13:09,347,347 multiprocessing INFO child process calling self.run()
SpawnPoolWorker-426| 2026-06-22 02:13:09,501,501 multiprocessing INFO STARTING NEW RUN ==========
SpawnPoolWorker-426| 2026-06-22 02:13:09,501,501 multiprocessing INFO SEE LOG AT : ./logs/all_Lyapunov_test_dso-fn_d_all_m_01_log.txt
SpawnPoolWorker-426| 2026-06-22 02:13:09,501,501 multiprocessing INFO See log at : ./logs/all_Lyapunov_test_dso-fn_d_all_m_01_log.txt
SpawnPoolWorker-426| 2026-06-22 02:13:09,503,503 multiprocessing INFO child process calling self.run()
SpawnPoolWorker-445| 2026-06-22 02:13:09,627,627 multiprocessing INFO STARTING NEW RUN ==========
SpawnPoolWorker-445| 2026-06-22 02:13:09,628,628 multiprocessing INFO SEE LOG AT : ./logs/all_Lyapunov_test_dso-fn_d_all_m_01_log.txt
SpawnPoolWorker-445| 2026-06-22 02:13:09,628,628 multiprocessing INFO See log at : ./logs/all_Lyapunov_test_dso-fn_d_all_m_01_log.txt
SpawnPoolWorker-445| 2026-06-22 02:13:09,629,629 multiprocessing INFO child process calling self.run()
SpawnPoolWorker-442| 2026-06-22 02:13:09,890,890 multiprocessing INFO STARTING NEW RUN ==========
SpawnPoolWorker-442| 2026-06-22 02:13:09,890,890 multiprocessing INFO SEE LOG AT : ./logs/all_Lyapunov_test_dso-fn_d_all_m_01_log.txt
SpawnPoolWorker-442| 2026-06-22 02:13:09,890,890 multiprocessing INFO See log at : ./logs/all_Lyapunov_test_dso-fn_d_all_m_01_log.txt
SpawnPoolWorker-447| 2026-06-22 02:13:09,891,891 multiprocessing INFO STARTING NEW RUN ==========
SpawnPoolWorker-447| 2026-06-22 02:13:09,891,891 multiprocessing INFO SEE LOG AT : ./logs/all_Lyapunov_test_dso-fn_d_all_m_01_log.txt
SpawnPoolWorker-447| 2026-06-22 02:13:09,891,891 multiprocessing INFO See log at : ./logs/all_Lyapunov_test_dso-fn_d_all_m_01_log.txt
SpawnPoolWorker-442| 2026-06-22 02:13:09,893,893 multiprocessing INFO child process calling self.run()
SpawnPoolWorker-447| 2026-06-22 02:13:09,895,895 multiprocessing INFO child process calling self.run()
SpawnPoolWorker-456| 2026-06-22 02:13:09,997,997 multiprocessing INFO STARTING NEW RUN ==========
SpawnPoolWorker-456| 2026-06-22 02:13:09,997,997 multiprocessing INFO SEE LOG AT : ./logs/all_Lyapunov_test_dso-fn_d_all_m_01_log.txt
SpawnPoolWorker-456| 2026-06-22 02:13:09,997,997 multiprocessing INFO See log at : ./logs/all_Lyapunov_test_dso-fn_d_all_m_01_log.txt
SpawnPoolWorker-456| 2026-06-22 02:13:10,010,10 multiprocessing INFO child process calling self.run()
SpawnPoolWorker-451| 2026-06-22 02:13:10,180,180 multiprocessing INFO STARTING NEW RUN ==========
SpawnPoolWorker-451| 2026-06-22 02:13:10,180,180 multiprocessing INFO SEE LOG AT : ./logs/all_Lyapunov_test_dso-fn_d_all_m_01_log.txt
SpawnPoolWorker-451| 2026-06-22 02:13:10,180,180 multiprocessing INFO See log at : ./logs/all_Lyapunov_test_dso-fn_d_all_m_01_log.txt
SpawnPoolWorker-451| 2026-06-22 02:13:10,189,189 multiprocessing INFO child process calling self.run()
SpawnPoolWorker-446| 2026-06-22 02:13:10,223,223 multiprocessing INFO STARTING NEW RUN ==========
SpawnPoolWorker-446| 2026-06-22 02:13:10,224,224 multiprocessing INFO SEE LOG AT : ./logs/all_Lyapunov_test_dso-fn_d_all_m_01_log.txt
SpawnPoolWorker-446| 2026-06-22 02:13:10,224,224 multiprocessing INFO See log at : ./logs/all_Lyapunov_test_dso-fn_d_all_m_01_log.txt
SpawnPoolWorker-446| 2026-06-22 02:13:10,226,226 multiprocessing INFO child process calling self.run()
SpawnPoolWorker-453| 2026-06-22 02:13:10,268,268 multiprocessing INFO STARTING NEW RUN ==========
SpawnPoolWorker-453| 2026-06-22 02:13:10,268,268 multiprocessing INFO SEE LOG AT : ./logs/all_Lyapunov_test_dso-fn_d_all_m_01_log.txt
SpawnPoolWorker-453| 2026-06-22 02:13:10,268,268 multiprocessing INFO See log at : ./logs/all_Lyapunov_test_dso-fn_d_all_m_01_log.txt
SpawnPoolWorker-453| 2026-06-22 02:13:10,285,285 multiprocessing INFO child process calling self.run()
SpawnPoolWorker-430| 2026-06-22 02:13:10,298,298 multiprocessing INFO STARTING NEW RUN ==========
SpawnPoolWorker-430| 2026-06-22 02:13:10,298,298 multiprocessing INFO SEE LOG AT : ./logs/all_Lyapunov_test_dso-fn_d_all_m_01_log.txt
SpawnPoolWorker-430| 2026-06-22 02:13:10,298,298 multiprocessing INFO See log at : ./logs/all_Lyapunov_test_dso-fn_d_all_m_01_log.txt
SpawnPoolWorker-430| 2026-06-22 02:13:10,303,303 multiprocessing INFO child process calling self.run()
SpawnPoolWorker-432| 2026-06-22 02:13:10,355,355 multiprocessing INFO STARTING NEW RUN ==========
SpawnPoolWorker-432| 2026-06-22 02:13:10,355,355 multiprocessing INFO SEE LOG AT : ./logs/all_Lyapunov_test_dso-fn_d_all_m_01_log.txt
SpawnPoolWorker-432| 2026-06-22 02:13:10,355,355 multiprocessing INFO See log at : ./logs/all_Lyapunov_test_dso-fn_d_all_m_01_log.txt
SpawnPoolWorker-432| 2026-06-22 02:13:10,363,363 multiprocessing INFO child process calling self.run()
SpawnPoolWorker-448| 2026-06-22 02:13:10,802,802 multiprocessing INFO STARTING NEW RUN ==========
SpawnPoolWorker-448| 2026-06-22 02:13:10,802,802 multiprocessing INFO SEE LOG AT : ./logs/all_Lyapunov_test_dso-fn_d_all_m_01_log.txt
SpawnPoolWorker-448| 2026-06-22 02:13:10,802,802 multiprocessing INFO See log at : ./logs/all_Lyapunov_test_dso-fn_d_all_m_01_log.txt
SpawnPoolWorker-448| 2026-06-22 02:13:10,811,811 multiprocessing INFO child process calling self.run()
SpawnPoolWorker-461| 2026-06-22 02:13:10,819,819 multiprocessing INFO STARTING NEW RUN ==========
SpawnPoolWorker-461| 2026-06-22 02:13:10,819,819 multiprocessing INFO SEE LOG AT : ./logs/all_Lyapunov_test_dso-fn_d_all_m_01_log.txt
SpawnPoolWorker-461| 2026-06-22 02:13:10,820,820 multiprocessing INFO See log at : ./logs/all_Lyapunov_test_dso-fn_d_all_m_01_log.txt
SpawnPoolWorker-461| 2026-06-22 02:13:10,827,827 multiprocessing INFO child process calling self.run()
SpawnPoolWorker-463| 2026-06-22 02:13:10,913,913 multiprocessing INFO STARTING NEW RUN ==========
SpawnPoolWorker-463| 2026-06-22 02:13:10,913,913 multiprocessing INFO SEE LOG AT : ./logs/all_Lyapunov_test_dso-fn_d_all_m_01_log.txt
SpawnPoolWorker-463| 2026-06-22 02:13:10,913,913 multiprocessing INFO See log at : ./logs/all_Lyapunov_test_dso-fn_d_all_m_01_log.txt
SpawnPoolWorker-463| 2026-06-22 02:13:10,915,915 multiprocessing INFO child process calling self.run()
SpawnPoolWorker-460| 2026-06-22 02:13:10,990,990 multiprocessing INFO STARTING NEW RUN ==========
SpawnPoolWorker-460| 2026-06-22 02:13:10,991,991 multiprocessing INFO SEE LOG AT : ./logs/all_Lyapunov_test_dso-fn_d_all_m_01_log.txt
SpawnPoolWorker-460| 2026-06-22 02:13:10,991,991 multiprocessing INFO See log at : ./logs/all_Lyapunov_test_dso-fn_d_all_m_01_log.txt
SpawnPoolWorker-460| 2026-06-22 02:13:10,992,992 multiprocessing INFO child process calling self.run()
SpawnPoolWorker-454| 2026-06-22 02:13:11,018,18 multiprocessing INFO STARTING NEW RUN ==========
SpawnPoolWorker-454| 2026-06-22 02:13:11,018,18 multiprocessing INFO SEE LOG AT : ./logs/all_Lyapunov_test_dso-fn_d_all_m_01_log.txt
SpawnPoolWorker-454| 2026-06-22 02:13:11,018,18 multiprocessing INFO See log at : ./logs/all_Lyapunov_test_dso-fn_d_all_m_01_log.txt
SpawnPoolWorker-454| 2026-06-22 02:13:11,027,27 multiprocessing INFO child process calling self.run()
SpawnPoolWorker-464| 2026-06-22 02:13:11,043,43 multiprocessing INFO STARTING NEW RUN ==========
SpawnPoolWorker-464| 2026-06-22 02:13:11,043,43 multiprocessing INFO SEE LOG AT : ./logs/all_Lyapunov_test_dso-fn_d_all_m_01_log.txt
SpawnPoolWorker-464| 2026-06-22 02:13:11,043,43 multiprocessing INFO See log at : ./logs/all_Lyapunov_test_dso-fn_d_all_m_01_log.txt
SpawnPoolWorker-464| 2026-06-22 02:13:11,045,45 multiprocessing INFO child process calling self.run()
SpawnPoolWorker-462| 2026-06-22 02:13:11,046,46 multiprocessing INFO STARTING NEW RUN ==========
SpawnPoolWorker-462| 2026-06-22 02:13:11,046,46 multiprocessing INFO SEE LOG AT : ./logs/all_Lyapunov_test_dso-fn_d_all_m_01_log.txt
SpawnPoolWorker-462| 2026-06-22 02:13:11,046,46 multiprocessing INFO See log at : ./logs/all_Lyapunov_test_dso-fn_d_all_m_01_log.txt
SpawnPoolWorker-462| 2026-06-22 02:13:11,056,56 multiprocessing INFO child process calling self.run()
SpawnPoolWorker-449| 2026-06-22 02:13:11,105,105 multiprocessing INFO STARTING NEW RUN ==========
SpawnPoolWorker-449| 2026-06-22 02:13:11,105,105 multiprocessing INFO SEE LOG AT : ./logs/all_Lyapunov_test_dso-fn_d_all_m_01_log.txt
SpawnPoolWorker-449| 2026-06-22 02:13:11,105,105 multiprocessing INFO See log at : ./logs/all_Lyapunov_test_dso-fn_d_all_m_01_log.txt
SpawnPoolWorker-449| 2026-06-22 02:13:11,114,114 multiprocessing INFO child process calling self.run()
SpawnPoolWorker-457| 2026-06-22 02:13:11,202,202 multiprocessing INFO STARTING NEW RUN ==========
SpawnPoolWorker-457| 2026-06-22 02:13:11,202,202 multiprocessing INFO SEE LOG AT : ./logs/all_Lyapunov_test_dso-fn_d_all_m_01_log.txt
SpawnPoolWorker-457| 2026-06-22 02:13:11,202,202 multiprocessing INFO See log at : ./logs/all_Lyapunov_test_dso-fn_d_all_m_01_log.txt
SpawnPoolWorker-457| 2026-06-22 02:13:11,203,203 multiprocessing INFO child process calling self.run()
SpawnPoolWorker-459| 2026-06-22 02:13:11,455,455 multiprocessing INFO STARTING NEW RUN ==========
SpawnPoolWorker-459| 2026-06-22 02:13:11,455,455 multiprocessing INFO SEE LOG AT : ./logs/all_Lyapunov_test_dso-fn_d_all_m_01_log.txt
SpawnPoolWorker-459| 2026-06-22 02:13:11,455,455 multiprocessing INFO See log at : ./logs/all_Lyapunov_test_dso-fn_d_all_m_01_log.txt
SpawnPoolWorker-459| 2026-06-22 02:13:11,456,456 multiprocessing INFO child process calling self.run()
SpawnPoolWorker-458| 2026-06-22 02:13:11,869,869 multiprocessing INFO STARTING NEW RUN ==========
SpawnPoolWorker-458| 2026-06-22 02:13:11,869,869 multiprocessing INFO SEE LOG AT : ./logs/all_Lyapunov_test_dso-fn_d_all_m_01_log.txt
SpawnPoolWorker-458| 2026-06-22 02:13:11,869,869 multiprocessing INFO See log at : ./logs/all_Lyapunov_test_dso-fn_d_all_m_01_log.txt
SpawnPoolWorker-458| 2026-06-22 02:13:11,871,871 multiprocessing INFO child process calling self.run()
SpawnPoolWorker-447| 2026-06-22 02:13:12,069,69 multiprocessing INFO process shutting down
SpawnPoolWorker-456| 2026-06-22 02:13:12,069,69 multiprocessing INFO process shutting down
SpawnPoolWorker-447| 2026-06-22 02:13:12,069,69 multiprocessing INFO process exiting with exitcode 0
SpawnPoolWorker-451| 2026-06-22 02:13:12,069,69 multiprocessing INFO process shutting down
SpawnPoolWorker-456| 2026-06-22 02:13:12,069,69 multiprocessing INFO process exiting with exitcode 0
SpawnPoolWorker-446| 2026-06-22 02:13:12,069,69 multiprocessing INFO process shutting down
SpawnPoolWorker-451| 2026-06-22 02:13:12,069,69 multiprocessing INFO process exiting with exitcode 0
SpawnPoolWorker-453| 2026-06-22 02:13:12,069,69 multiprocessing INFO process shutting down
SpawnPoolWorker-446| 2026-06-22 02:13:12,070,70 multiprocessing INFO process exiting with exitcode 0
SpawnPoolWorker-430| 2026-06-22 02:13:12,070,70 multiprocessing INFO process shutting down
SpawnPoolWorker-432| 2026-06-22 02:13:12,070,70 multiprocessing INFO process shutting down
SpawnPoolWorker-448| 2026-06-22 02:13:12,070,70 multiprocessing INFO process shutting down
SpawnPoolWorker-461| 2026-06-22 02:13:12,070,70 multiprocessing INFO process shutting down
SpawnPoolWorker-417| 2026-06-22 02:13:12,070,70 multiprocessing INFO process shutting down
SpawnPoolWorker-463| 2026-06-22 02:13:12,070,70 multiprocessing INFO process shutting down
SpawnPoolWorker-433| 2026-06-22 02:13:12,070,70 multiprocessing INFO process shutting down
SpawnPoolWorker-460| 2026-06-22 02:13:12,070,70 multiprocessing INFO process shutting down
SpawnPoolWorker-454| 2026-06-22 02:13:12,070,70 multiprocessing INFO process shutting down
SpawnPoolWorker-464| 2026-06-22 02:13:12,070,70 multiprocessing INFO process shutting down
SpawnPoolWorker-421| 2026-06-22 02:13:12,070,70 multiprocessing INFO process shutting down
SpawnPoolWorker-462| 2026-06-22 02:13:12,070,70 multiprocessing INFO process shutting down
SpawnPoolWorker-449| 2026-06-22 02:13:12,070,70 multiprocessing INFO process shutting down
SpawnPoolWorker-457| 2026-06-22 02:13:12,070,70 multiprocessing INFO process shutting down
SpawnPoolWorker-437| 2026-06-22 02:13:12,070,70 multiprocessing INFO process shutting down
SpawnPoolWorker-459| 2026-06-22 02:13:12,070,70 multiprocessing INFO process shutting down
SpawnPoolWorker-440| 2026-06-22 02:13:12,070,70 multiprocessing INFO process shutting down
SpawnPoolWorker-438| 2026-06-22 02:13:12,071,71 multiprocessing INFO process shutting down
SpawnPoolWorker-418| 2026-06-22 02:13:12,070,70 multiprocessing INFO process shutting down
SpawnPoolWorker-434| 2026-06-22 02:13:12,071,71 multiprocessing INFO process shutting down
SpawnPoolWorker-419| 2026-06-22 02:13:12,071,71 multiprocessing INFO process shutting down
SpawnPoolWorker-443| 2026-06-22 02:13:12,071,71 multiprocessing INFO process shutting down
SpawnPoolWorker-429| 2026-06-22 02:13:12,071,71 multiprocessing INFO process shutting down
SpawnPoolWorker-444| 2026-06-22 02:13:12,071,71 multiprocessing INFO process shutting down
SpawnPoolWorker-455| 2026-06-22 02:13:12,071,71 multiprocessing INFO process shutting down
SpawnPoolWorker-423| 2026-06-22 02:13:12,071,71 multiprocessing INFO process shutting down
SpawnPoolWorker-450| 2026-06-22 02:13:12,071,71 multiprocessing INFO process shutting down
SpawnPoolWorker-424| 2026-06-22 02:13:12,071,71 multiprocessing INFO process shutting down
SpawnPoolWorker-425| 2026-06-22 02:13:12,071,71 multiprocessing INFO process shutting down
SpawnPoolWorker-452| 2026-06-22 02:13:12,071,71 multiprocessing INFO process shutting down
SpawnPoolWorker-422| 2026-06-22 02:13:12,071,71 multiprocessing INFO process shutting down
SpawnPoolWorker-458| 2026-06-22 02:13:12,071,71 multiprocessing INFO process shutting down
SpawnPoolWorker-439| 2026-06-22 02:13:12,071,71 multiprocessing INFO process shutting down
SpawnPoolWorker-420| 2026-06-22 02:13:12,071,71 multiprocessing INFO process shutting down
SpawnPoolWorker-435| 2026-06-22 02:13:12,071,71 multiprocessing INFO process shutting down
SpawnPoolWorker-428| 2026-06-22 02:13:12,071,71 multiprocessing INFO process shutting down
SpawnPoolWorker-427| 2026-06-22 02:13:12,071,71 multiprocessing INFO process shutting down
SpawnPoolWorker-441| 2026-06-22 02:13:12,071,71 multiprocessing INFO process shutting down
SpawnPoolWorker-445| 2026-06-22 02:13:12,071,71 multiprocessing INFO process shutting down
SpawnPoolWorker-431| 2026-06-22 02:13:12,071,71 multiprocessing INFO process shutting down
SpawnPoolWorker-436| 2026-06-22 02:13:12,071,71 multiprocessing INFO process shutting down
SpawnPoolWorker-426| 2026-06-22 02:13:12,071,71 multiprocessing INFO process shutting down
SpawnPoolWorker-442| 2026-06-22 02:13:12,071,71 multiprocessing INFO process shutting down
31
(100000, 6)
(100000,)
(100000, 6)
(100000,)

=======================Successfully Added (3203, 6) Counter Examples=======================


============None of the candidates fulfill the conditions. Training CONTINUES!=================

MainProcess| 2026-06-22 02:13:15,485,485 multiprocessing INFO 
============None of the candidates fulfill the conditions. Training CONTINUES!=================


============None of the candidates fulfill the conditions. Training CONTINUES!=================

(55, 123)
/users/9/chen8596/miniconda3/envs/alfd/lib/python3.9/site-packages/torch/nn/functional.py:4999: UserWarning: Support for mismatched key_padding_mask and attn_mask is deprecated. Use same type for both instead.
  warnings.warn(

==============Start Supervised Learning==============

MainProcess| 2026-06-22 02:13:21,239,239 multiprocessing INFO GP output mean: 0.9999997710898441
GP output mean: 0.9999997710898441
MainProcess| 2026-06-22 02:13:22,157,157 multiprocessing INFO GP output success rate: 0.0
GP output success rate: 0.0

==============End Supervised Learning==============

MainProcess| 2026-06-22 02:13:23,528,528 multiprocessing INFO [Test epoch=0008]  nevals=109618 	| train_loss=2272.33228 	| eqs_invalid %=0.00 	| r_best=0.99794 	| quantile=0.92248 	| r_quantile_mean=0.98007 	| r_raw_sum=75.97291 	|  r_raw_mean=0.81691 	| r2=nan 	| acc_iid=0.00000 	| acc_ood=0.00000 	| nmse_test=0.0 	| true_equation_set_count=0 	| s/it=171.37413
[Test epoch=0008]  nevals=109618 	| train_loss=2272.33228 	| eqs_invalid %=0.00 	| r_best=0.99794 	| quantile=0.92248 	| r_quantile_mean=0.98007 	| r_raw_sum=75.97291 	|  r_raw_mean=0.81691 	| r2=nan 	| acc_iid=0.00000 	| acc_ood=0.00000 	| nmse_test=0.0 	| true_equation_set_count=0 	| s/it=171.37413
MainProcess| 2026-06-22 02:14:13,367,367 multiprocessing INFO Genetic Porgramming Runtime 49.25989177194424
Genetic Porgramming Runtime 49.25989177194424

=========================PGD Collection Starts=========================

SpawnPoolWorker-470| 2026-06-22 02:14:18,913,913 multiprocessing INFO STARTING NEW RUN ==========
SpawnPoolWorker-470| 2026-06-22 02:14:18,913,913 multiprocessing INFO SEE LOG AT : ./logs/all_Lyapunov_test_dso-fn_d_all_m_01_log.txt
SpawnPoolWorker-470| 2026-06-22 02:14:18,915,915 multiprocessing INFO See log at : ./logs/all_Lyapunov_test_dso-fn_d_all_m_01_log.txt
SpawnPoolWorker-468| 2026-06-22 02:14:18,915,915 multiprocessing INFO STARTING NEW RUN ==========
SpawnPoolWorker-472| 2026-06-22 02:14:18,915,915 multiprocessing INFO STARTING NEW RUN ==========
SpawnPoolWorker-473| 2026-06-22 02:14:18,915,915 multiprocessing INFO STARTING NEW RUN ==========
SpawnPoolWorker-474| 2026-06-22 02:14:18,915,915 multiprocessing INFO STARTING NEW RUN ==========
SpawnPoolWorker-469| 2026-06-22 02:14:18,915,915 multiprocessing INFO STARTING NEW RUN ==========
SpawnPoolWorker-468| 2026-06-22 02:14:18,915,915 multiprocessing INFO SEE LOG AT : ./logs/all_Lyapunov_test_dso-fn_d_all_m_01_log.txt
SpawnPoolWorker-472| 2026-06-22 02:14:18,915,915 multiprocessing INFO SEE LOG AT : ./logs/all_Lyapunov_test_dso-fn_d_all_m_01_log.txt
SpawnPoolWorker-473| 2026-06-22 02:14:18,915,915 multiprocessing INFO SEE LOG AT : ./logs/all_Lyapunov_test_dso-fn_d_all_m_01_log.txt
SpawnPoolWorker-469| 2026-06-22 02:14:18,915,915 multiprocessing INFO SEE LOG AT : ./logs/all_Lyapunov_test_dso-fn_d_all_m_01_log.txt
SpawnPoolWorker-474| 2026-06-22 02:14:18,915,915 multiprocessing INFO SEE LOG AT : ./logs/all_Lyapunov_test_dso-fn_d_all_m_01_log.txt
SpawnPoolWorker-468| 2026-06-22 02:14:18,915,915 multiprocessing INFO See log at : ./logs/all_Lyapunov_test_dso-fn_d_all_m_01_log.txt
SpawnPoolWorker-472| 2026-06-22 02:14:18,915,915 multiprocessing INFO See log at : ./logs/all_Lyapunov_test_dso-fn_d_all_m_01_log.txt
SpawnPoolWorker-473| 2026-06-22 02:14:18,915,915 multiprocessing INFO See log at : ./logs/all_Lyapunov_test_dso-fn_d_all_m_01_log.txt
SpawnPoolWorker-469| 2026-06-22 02:14:18,915,915 multiprocessing INFO See log at : ./logs/all_Lyapunov_test_dso-fn_d_all_m_01_log.txt
SpawnPoolWorker-474| 2026-06-22 02:14:18,915,915 multiprocessing INFO See log at : ./logs/all_Lyapunov_test_dso-fn_d_all_m_01_log.txt
SpawnPoolWorker-467| 2026-06-22 02:14:18,917,917 multiprocessing INFO STARTING NEW RUN ==========
SpawnPoolWorker-466| 2026-06-22 02:14:18,917,917 multiprocessing INFO STARTING NEW RUN ==========
SpawnPoolWorker-465| 2026-06-22 02:14:18,917,917 multiprocessing INFO STARTING NEW RUN ==========
SpawnPoolWorker-467| 2026-06-22 02:14:18,917,917 multiprocessing INFO SEE LOG AT : ./logs/all_Lyapunov_test_dso-fn_d_all_m_01_log.txt
SpawnPoolWorker-466| 2026-06-22 02:14:18,917,917 multiprocessing INFO SEE LOG AT : ./logs/all_Lyapunov_test_dso-fn_d_all_m_01_log.txt
SpawnPoolWorker-467| 2026-06-22 02:14:18,917,917 multiprocessing INFO See log at : ./logs/all_Lyapunov_test_dso-fn_d_all_m_01_log.txt
SpawnPoolWorker-465| 2026-06-22 02:14:18,917,917 multiprocessing INFO SEE LOG AT : ./logs/all_Lyapunov_test_dso-fn_d_all_m_01_log.txt
SpawnPoolWorker-466| 2026-06-22 02:14:18,917,917 multiprocessing INFO See log at : ./logs/all_Lyapunov_test_dso-fn_d_all_m_01_log.txt
SpawnPoolWorker-465| 2026-06-22 02:14:18,917,917 multiprocessing INFO See log at : ./logs/all_Lyapunov_test_dso-fn_d_all_m_01_log.txt
SpawnPoolWorker-472| 2026-06-22 02:14:18,917,917 multiprocessing INFO child process calling self.run()
SpawnPoolWorker-468| 2026-06-22 02:14:18,917,917 multiprocessing INFO child process calling self.run()
SpawnPoolWorker-474| 2026-06-22 02:14:18,917,917 multiprocessing INFO child process calling self.run()
SpawnPoolWorker-469| 2026-06-22 02:14:18,917,917 multiprocessing INFO child process calling self.run()
SpawnPoolWorker-473| 2026-06-22 02:14:18,918,918 multiprocessing INFO child process calling self.run()
SpawnPoolWorker-470| 2026-06-22 02:14:18,918,918 multiprocessing INFO child process calling self.run()
SpawnPoolWorker-466| 2026-06-22 02:14:18,918,918 multiprocessing INFO child process calling self.run()
SpawnPoolWorker-465| 2026-06-22 02:14:18,918,918 multiprocessing INFO child process calling self.run()
SpawnPoolWorker-467| 2026-06-22 02:14:18,919,919 multiprocessing INFO child process calling self.run()
SpawnPoolWorker-471| 2026-06-22 02:14:18,924,924 multiprocessing INFO STARTING NEW RUN ==========
SpawnPoolWorker-471| 2026-06-22 02:14:18,924,924 multiprocessing INFO SEE LOG AT : ./logs/all_Lyapunov_test_dso-fn_d_all_m_01_log.txt
SpawnPoolWorker-471| 2026-06-22 02:14:18,924,924 multiprocessing INFO See log at : ./logs/all_Lyapunov_test_dso-fn_d_all_m_01_log.txt
SpawnPoolWorker-471| 2026-06-22 02:14:18,925,925 multiprocessing INFO child process calling self.run()
SpawnPoolWorker-469| 2026-06-22 02:14:39,100,100 multiprocessing INFO process shutting down
SpawnPoolWorker-468| 2026-06-22 02:14:39,100,100 multiprocessing INFO process shutting down
SpawnPoolWorker-465| 2026-06-22 02:14:39,100,100 multiprocessing INFO process shutting down
SpawnPoolWorker-471| 2026-06-22 02:14:39,101,101 multiprocessing INFO process shutting down
SpawnPoolWorker-466| 2026-06-22 02:14:39,100,100 multiprocessing INFO process shutting down
SpawnPoolWorker-469| 2026-06-22 02:14:39,101,101 multiprocessing INFO process exiting with exitcode 0
SpawnPoolWorker-468| 2026-06-22 02:14:39,101,101 multiprocessing INFO process exiting with exitcode 0
SpawnPoolWorker-474| 2026-06-22 02:14:39,101,101 multiprocessing INFO process shutting down
SpawnPoolWorker-471| 2026-06-22 02:14:39,101,101 multiprocessing INFO process exiting with exitcode 0
SpawnPoolWorker-465| 2026-06-22 02:14:39,101,101 multiprocessing INFO process exiting with exitcode 0
SpawnPoolWorker-466| 2026-06-22 02:14:39,101,101 multiprocessing INFO process exiting with exitcode 0
SpawnPoolWorker-474| 2026-06-22 02:14:39,101,101 multiprocessing INFO process exiting with exitcode 0
SpawnPoolWorker-470| 2026-06-22 02:14:39,101,101 multiprocessing INFO process shutting down
SpawnPoolWorker-467| 2026-06-22 02:14:39,101,101 multiprocessing INFO process shutting down
(20000,)

===================Collect 20000 Examples===================

Epsilon 0.1
500
(550,)
(550,)
(55,)
Number of Programs for Minimization: 29
SpawnPoolWorker-477| 2026-06-22 02:15:03,562,562 multiprocessing INFO STARTING NEW RUN ==========
SpawnPoolWorker-477| 2026-06-22 02:15:03,562,562 multiprocessing INFO SEE LOG AT : ./logs/all_Lyapunov_test_dso-fn_d_all_m_01_log.txt
SpawnPoolWorker-477| 2026-06-22 02:15:03,562,562 multiprocessing INFO See log at : ./logs/all_Lyapunov_test_dso-fn_d_all_m_01_log.txt
SpawnPoolWorker-477| 2026-06-22 02:15:03,572,572 multiprocessing INFO child process calling self.run()
SpawnPoolWorker-498| 2026-06-22 02:15:03,913,913 multiprocessing INFO STARTING NEW RUN ==========
SpawnPoolWorker-498| 2026-06-22 02:15:03,913,913 multiprocessing INFO SEE LOG AT : ./logs/all_Lyapunov_test_dso-fn_d_all_m_01_log.txt
SpawnPoolWorker-498| 2026-06-22 02:15:03,913,913 multiprocessing INFO See log at : ./logs/all_Lyapunov_test_dso-fn_d_all_m_01_log.txt
SpawnPoolWorker-498| 2026-06-22 02:15:03,916,916 multiprocessing INFO child process calling self.run()
SpawnPoolWorker-476| 2026-06-22 02:15:04,151,151 multiprocessing INFO STARTING NEW RUN ==========
SpawnPoolWorker-476| 2026-06-22 02:15:04,151,151 multiprocessing INFO SEE LOG AT : ./logs/all_Lyapunov_test_dso-fn_d_all_m_01_log.txt
SpawnPoolWorker-476| 2026-06-22 02:15:04,151,151 multiprocessing INFO See log at : ./logs/all_Lyapunov_test_dso-fn_d_all_m_01_log.txt
SpawnPoolWorker-476| 2026-06-22 02:15:04,153,153 multiprocessing INFO child process calling self.run()
SpawnPoolWorker-489| 2026-06-22 02:15:04,430,430 multiprocessing INFO STARTING NEW RUN ==========
SpawnPoolWorker-489| 2026-06-22 02:15:04,430,430 multiprocessing INFO SEE LOG AT : ./logs/all_Lyapunov_test_dso-fn_d_all_m_01_log.txt
SpawnPoolWorker-489| 2026-06-22 02:15:04,430,430 multiprocessing INFO See log at : ./logs/all_Lyapunov_test_dso-fn_d_all_m_01_log.txt
SpawnPoolWorker-489| 2026-06-22 02:15:04,432,432 multiprocessing INFO child process calling self.run()
SpawnPoolWorker-495| 2026-06-22 02:15:04,503,503 multiprocessing INFO STARTING NEW RUN ==========
SpawnPoolWorker-495| 2026-06-22 02:15:04,503,503 multiprocessing INFO SEE LOG AT : ./logs/all_Lyapunov_test_dso-fn_d_all_m_01_log.txt
SpawnPoolWorker-495| 2026-06-22 02:15:04,503,503 multiprocessing INFO See log at : ./logs/all_Lyapunov_test_dso-fn_d_all_m_01_log.txt
SpawnPoolWorker-495| 2026-06-22 02:15:04,505,505 multiprocessing INFO child process calling self.run()
SpawnPoolWorker-483| 2026-06-22 02:15:04,902,902 multiprocessing INFO STARTING NEW RUN ==========
SpawnPoolWorker-483| 2026-06-22 02:15:04,902,902 multiprocessing INFO SEE LOG AT : ./logs/all_Lyapunov_test_dso-fn_d_all_m_01_log.txt
SpawnPoolWorker-483| 2026-06-22 02:15:04,902,902 multiprocessing INFO See log at : ./logs/all_Lyapunov_test_dso-fn_d_all_m_01_log.txt
SpawnPoolWorker-483| 2026-06-22 02:15:04,905,905 multiprocessing INFO child process calling self.run()
SpawnPoolWorker-492| 2026-06-22 02:15:04,907,907 multiprocessing INFO STARTING NEW RUN ==========
SpawnPoolWorker-492| 2026-06-22 02:15:04,907,907 multiprocessing INFO SEE LOG AT : ./logs/all_Lyapunov_test_dso-fn_d_all_m_01_log.txt
SpawnPoolWorker-492| 2026-06-22 02:15:04,907,907 multiprocessing INFO See log at : ./logs/all_Lyapunov_test_dso-fn_d_all_m_01_log.txt
SpawnPoolWorker-492| 2026-06-22 02:15:04,909,909 multiprocessing INFO child process calling self.run()
SpawnPoolWorker-480| 2026-06-22 02:15:05,028,28 multiprocessing INFO STARTING NEW RUN ==========
SpawnPoolWorker-480| 2026-06-22 02:15:05,029,29 multiprocessing INFO SEE LOG AT : ./logs/all_Lyapunov_test_dso-fn_d_all_m_01_log.txt
SpawnPoolWorker-480| 2026-06-22 02:15:05,029,29 multiprocessing INFO See log at : ./logs/all_Lyapunov_test_dso-fn_d_all_m_01_log.txt
SpawnPoolWorker-480| 2026-06-22 02:15:05,031,31 multiprocessing INFO child process calling self.run()
SpawnPoolWorker-478| 2026-06-22 02:15:05,063,63 multiprocessing INFO STARTING NEW RUN ==========
SpawnPoolWorker-478| 2026-06-22 02:15:05,063,63 multiprocessing INFO SEE LOG AT : ./logs/all_Lyapunov_test_dso-fn_d_all_m_01_log.txt
SpawnPoolWorker-478| 2026-06-22 02:15:05,063,63 multiprocessing INFO See log at : ./logs/all_Lyapunov_test_dso-fn_d_all_m_01_log.txt
SpawnPoolWorker-478| 2026-06-22 02:15:05,064,64 multiprocessing INFO child process calling self.run()
SpawnPoolWorker-493| 2026-06-22 02:15:05,068,68 multiprocessing INFO STARTING NEW RUN ==========
SpawnPoolWorker-493| 2026-06-22 02:15:05,068,68 multiprocessing INFO SEE LOG AT : ./logs/all_Lyapunov_test_dso-fn_d_all_m_01_log.txt
SpawnPoolWorker-493| 2026-06-22 02:15:05,068,68 multiprocessing INFO See log at : ./logs/all_Lyapunov_test_dso-fn_d_all_m_01_log.txt
SpawnPoolWorker-499| 2026-06-22 02:15:05,068,68 multiprocessing INFO STARTING NEW RUN ==========
SpawnPoolWorker-499| 2026-06-22 02:15:05,069,69 multiprocessing INFO SEE LOG AT : ./logs/all_Lyapunov_test_dso-fn_d_all_m_01_log.txt
SpawnPoolWorker-499| 2026-06-22 02:15:05,069,69 multiprocessing INFO See log at : ./logs/all_Lyapunov_test_dso-fn_d_all_m_01_log.txt
SpawnPoolWorker-490| 2026-06-22 02:15:05,070,70 multiprocessing INFO STARTING NEW RUN ==========
SpawnPoolWorker-490| 2026-06-22 02:15:05,070,70 multiprocessing INFO SEE LOG AT : ./logs/all_Lyapunov_test_dso-fn_d_all_m_01_log.txt
SpawnPoolWorker-490| 2026-06-22 02:15:05,070,70 multiprocessing INFO See log at : ./logs/all_Lyapunov_test_dso-fn_d_all_m_01_log.txt
SpawnPoolWorker-493| 2026-06-22 02:15:05,074,74 multiprocessing INFO child process calling self.run()
SpawnPoolWorker-499| 2026-06-22 02:15:05,076,76 multiprocessing INFO child process calling self.run()
SpawnPoolWorker-490| 2026-06-22 02:15:05,091,91 multiprocessing INFO child process calling self.run()
SpawnPoolWorker-485| 2026-06-22 02:15:05,179,179 multiprocessing INFO STARTING NEW RUN ==========
SpawnPoolWorker-485| 2026-06-22 02:15:05,179,179 multiprocessing INFO SEE LOG AT : ./logs/all_Lyapunov_test_dso-fn_d_all_m_01_log.txt
SpawnPoolWorker-485| 2026-06-22 02:15:05,179,179 multiprocessing INFO See log at : ./logs/all_Lyapunov_test_dso-fn_d_all_m_01_log.txt
SpawnPoolWorker-485| 2026-06-22 02:15:05,183,183 multiprocessing INFO child process calling self.run()
SpawnPoolWorker-487| 2026-06-22 02:15:05,218,218 multiprocessing INFO STARTING NEW RUN ==========
SpawnPoolWorker-487| 2026-06-22 02:15:05,219,219 multiprocessing INFO SEE LOG AT : ./logs/all_Lyapunov_test_dso-fn_d_all_m_01_log.txt
SpawnPoolWorker-487| 2026-06-22 02:15:05,219,219 multiprocessing INFO See log at : ./logs/all_Lyapunov_test_dso-fn_d_all_m_01_log.txt
SpawnPoolWorker-487| 2026-06-22 02:15:05,234,234 multiprocessing INFO child process calling self.run()
SpawnPoolWorker-475| 2026-06-22 02:15:05,285,285 multiprocessing INFO STARTING NEW RUN ==========
SpawnPoolWorker-475| 2026-06-22 02:15:05,285,285 multiprocessing INFO SEE LOG AT : ./logs/all_Lyapunov_test_dso-fn_d_all_m_01_log.txt
SpawnPoolWorker-475| 2026-06-22 02:15:05,285,285 multiprocessing INFO See log at : ./logs/all_Lyapunov_test_dso-fn_d_all_m_01_log.txt
SpawnPoolWorker-475| 2026-06-22 02:15:05,288,288 multiprocessing INFO child process calling self.run()
SpawnPoolWorker-482| 2026-06-22 02:15:05,362,362 multiprocessing INFO STARTING NEW RUN ==========
SpawnPoolWorker-482| 2026-06-22 02:15:05,362,362 multiprocessing INFO SEE LOG AT : ./logs/all_Lyapunov_test_dso-fn_d_all_m_01_log.txt
SpawnPoolWorker-482| 2026-06-22 02:15:05,362,362 multiprocessing INFO See log at : ./logs/all_Lyapunov_test_dso-fn_d_all_m_01_log.txt
SpawnPoolWorker-482| 2026-06-22 02:15:05,364,364 multiprocessing INFO child process calling self.run()
SpawnPoolWorker-486| 2026-06-22 02:15:05,454,454 multiprocessing INFO STARTING NEW RUN ==========
SpawnPoolWorker-486| 2026-06-22 02:15:05,455,455 multiprocessing INFO SEE LOG AT : ./logs/all_Lyapunov_test_dso-fn_d_all_m_01_log.txt
SpawnPoolWorker-486| 2026-06-22 02:15:05,455,455 multiprocessing INFO See log at : ./logs/all_Lyapunov_test_dso-fn_d_all_m_01_log.txt
SpawnPoolWorker-486| 2026-06-22 02:15:05,460,460 multiprocessing INFO child process calling self.run()
SpawnPoolWorker-505| 2026-06-22 02:15:05,462,462 multiprocessing INFO STARTING NEW RUN ==========
SpawnPoolWorker-505| 2026-06-22 02:15:05,462,462 multiprocessing INFO SEE LOG AT : ./logs/all_Lyapunov_test_dso-fn_d_all_m_01_log.txt
SpawnPoolWorker-505| 2026-06-22 02:15:05,462,462 multiprocessing INFO See log at : ./logs/all_Lyapunov_test_dso-fn_d_all_m_01_log.txt
SpawnPoolWorker-505| 2026-06-22 02:15:05,466,466 multiprocessing INFO child process calling self.run()
SpawnPoolWorker-491| 2026-06-22 02:15:05,499,499 multiprocessing INFO STARTING NEW RUN ==========
SpawnPoolWorker-491| 2026-06-22 02:15:05,499,499 multiprocessing INFO SEE LOG AT : ./logs/all_Lyapunov_test_dso-fn_d_all_m_01_log.txt
SpawnPoolWorker-491| 2026-06-22 02:15:05,499,499 multiprocessing INFO See log at : ./logs/all_Lyapunov_test_dso-fn_d_all_m_01_log.txt
SpawnPoolWorker-491| 2026-06-22 02:15:05,503,503 multiprocessing INFO child process calling self.run()
SpawnPoolWorker-503| 2026-06-22 02:15:05,596,596 multiprocessing INFO STARTING NEW RUN ==========
SpawnPoolWorker-503| 2026-06-22 02:15:05,597,597 multiprocessing INFO SEE LOG AT : ./logs/all_Lyapunov_test_dso-fn_d_all_m_01_log.txt
SpawnPoolWorker-503| 2026-06-22 02:15:05,597,597 multiprocessing INFO See log at : ./logs/all_Lyapunov_test_dso-fn_d_all_m_01_log.txt
SpawnPoolWorker-503| 2026-06-22 02:15:05,600,600 multiprocessing INFO child process calling self.run()
SpawnPoolWorker-479| 2026-06-22 02:15:05,819,819 multiprocessing INFO STARTING NEW RUN ==========
SpawnPoolWorker-479| 2026-06-22 02:15:05,819,819 multiprocessing INFO SEE LOG AT : ./logs/all_Lyapunov_test_dso-fn_d_all_m_01_log.txt
SpawnPoolWorker-479| 2026-06-22 02:15:05,819,819 multiprocessing INFO See log at : ./logs/all_Lyapunov_test_dso-fn_d_all_m_01_log.txt
SpawnPoolWorker-479| 2026-06-22 02:15:05,837,837 multiprocessing INFO child process calling self.run()
SpawnPoolWorker-481| 2026-06-22 02:15:05,841,841 multiprocessing INFO STARTING NEW RUN ==========
SpawnPoolWorker-481| 2026-06-22 02:15:05,850,850 multiprocessing INFO SEE LOG AT : ./logs/all_Lyapunov_test_dso-fn_d_all_m_01_log.txt
SpawnPoolWorker-481| 2026-06-22 02:15:05,850,850 multiprocessing INFO See log at : ./logs/all_Lyapunov_test_dso-fn_d_all_m_01_log.txt
SpawnPoolWorker-481| 2026-06-22 02:15:05,852,852 multiprocessing INFO child process calling self.run()
SpawnPoolWorker-484| 2026-06-22 02:15:05,858,858 multiprocessing INFO STARTING NEW RUN ==========
SpawnPoolWorker-484| 2026-06-22 02:15:05,858,858 multiprocessing INFO SEE LOG AT : ./logs/all_Lyapunov_test_dso-fn_d_all_m_01_log.txt
SpawnPoolWorker-484| 2026-06-22 02:15:05,858,858 multiprocessing INFO See log at : ./logs/all_Lyapunov_test_dso-fn_d_all_m_01_log.txt
SpawnPoolWorker-484| 2026-06-22 02:15:05,860,860 multiprocessing INFO child process calling self.run()
SpawnPoolWorker-496| 2026-06-22 02:15:05,974,974 multiprocessing INFO STARTING NEW RUN ==========
SpawnPoolWorker-496| 2026-06-22 02:15:05,974,974 multiprocessing INFO SEE LOG AT : ./logs/all_Lyapunov_test_dso-fn_d_all_m_01_log.txt
SpawnPoolWorker-496| 2026-06-22 02:15:05,974,974 multiprocessing INFO See log at : ./logs/all_Lyapunov_test_dso-fn_d_all_m_01_log.txt
SpawnPoolWorker-496| 2026-06-22 02:15:05,989,989 multiprocessing INFO child process calling self.run()
SpawnPoolWorker-501| 2026-06-22 02:15:06,252,252 multiprocessing INFO STARTING NEW RUN ==========
SpawnPoolWorker-501| 2026-06-22 02:15:06,252,252 multiprocessing INFO SEE LOG AT : ./logs/all_Lyapunov_test_dso-fn_d_all_m_01_log.txt
SpawnPoolWorker-501| 2026-06-22 02:15:06,252,252 multiprocessing INFO See log at : ./logs/all_Lyapunov_test_dso-fn_d_all_m_01_log.txt
SpawnPoolWorker-501| 2026-06-22 02:15:06,254,254 multiprocessing INFO child process calling self.run()
SpawnPoolWorker-488| 2026-06-22 02:15:06,410,410 multiprocessing INFO STARTING NEW RUN ==========
SpawnPoolWorker-488| 2026-06-22 02:15:06,410,410 multiprocessing INFO SEE LOG AT : ./logs/all_Lyapunov_test_dso-fn_d_all_m_01_log.txt
SpawnPoolWorker-488| 2026-06-22 02:15:06,410,410 multiprocessing INFO See log at : ./logs/all_Lyapunov_test_dso-fn_d_all_m_01_log.txt
SpawnPoolWorker-488| 2026-06-22 02:15:06,423,423 multiprocessing INFO child process calling self.run()
SpawnPoolWorker-507| 2026-06-22 02:15:06,427,427 multiprocessing INFO STARTING NEW RUN ==========
SpawnPoolWorker-507| 2026-06-22 02:15:06,427,427 multiprocessing INFO SEE LOG AT : ./logs/all_Lyapunov_test_dso-fn_d_all_m_01_log.txt
SpawnPoolWorker-507| 2026-06-22 02:15:06,427,427 multiprocessing INFO See log at : ./logs/all_Lyapunov_test_dso-fn_d_all_m_01_log.txt
SpawnPoolWorker-507| 2026-06-22 02:15:06,449,449 multiprocessing INFO child process calling self.run()
SpawnPoolWorker-497| 2026-06-22 02:15:06,681,681 multiprocessing INFO STARTING NEW RUN ==========
SpawnPoolWorker-497| 2026-06-22 02:15:06,681,681 multiprocessing INFO SEE LOG AT : ./logs/all_Lyapunov_test_dso-fn_d_all_m_01_log.txt
SpawnPoolWorker-497| 2026-06-22 02:15:06,681,681 multiprocessing INFO See log at : ./logs/all_Lyapunov_test_dso-fn_d_all_m_01_log.txt
SpawnPoolWorker-519| 2026-06-22 02:15:06,687,687 multiprocessing INFO STARTING NEW RUN ==========
SpawnPoolWorker-519| 2026-06-22 02:15:06,687,687 multiprocessing INFO SEE LOG AT : ./logs/all_Lyapunov_test_dso-fn_d_all_m_01_log.txt
SpawnPoolWorker-519| 2026-06-22 02:15:06,687,687 multiprocessing INFO See log at : ./logs/all_Lyapunov_test_dso-fn_d_all_m_01_log.txt
SpawnPoolWorker-497| 2026-06-22 02:15:06,688,688 multiprocessing INFO child process calling self.run()
SpawnPoolWorker-519| 2026-06-22 02:15:06,691,691 multiprocessing INFO child process calling self.run()
SpawnPoolWorker-494| 2026-06-22 02:15:06,874,874 multiprocessing INFO STARTING NEW RUN ==========
SpawnPoolWorker-494| 2026-06-22 02:15:06,874,874 multiprocessing INFO SEE LOG AT : ./logs/all_Lyapunov_test_dso-fn_d_all_m_01_log.txt
SpawnPoolWorker-494| 2026-06-22 02:15:06,874,874 multiprocessing INFO See log at : ./logs/all_Lyapunov_test_dso-fn_d_all_m_01_log.txt
SpawnPoolWorker-494| 2026-06-22 02:15:06,904,904 multiprocessing INFO child process calling self.run()
SpawnPoolWorker-502| 2026-06-22 02:15:06,919,919 multiprocessing INFO STARTING NEW RUN ==========
SpawnPoolWorker-502| 2026-06-22 02:15:06,919,919 multiprocessing INFO SEE LOG AT : ./logs/all_Lyapunov_test_dso-fn_d_all_m_01_log.txt
SpawnPoolWorker-502| 2026-06-22 02:15:06,919,919 multiprocessing INFO See log at : ./logs/all_Lyapunov_test_dso-fn_d_all_m_01_log.txt
SpawnPoolWorker-510| 2026-06-22 02:15:06,932,932 multiprocessing INFO STARTING NEW RUN ==========
SpawnPoolWorker-510| 2026-06-22 02:15:06,932,932 multiprocessing INFO SEE LOG AT : ./logs/all_Lyapunov_test_dso-fn_d_all_m_01_log.txt
SpawnPoolWorker-510| 2026-06-22 02:15:06,932,932 multiprocessing INFO See log at : ./logs/all_Lyapunov_test_dso-fn_d_all_m_01_log.txt
SpawnPoolWorker-502| 2026-06-22 02:15:06,936,936 multiprocessing INFO child process calling self.run()
SpawnPoolWorker-510| 2026-06-22 02:15:06,940,940 multiprocessing INFO child process calling self.run()
SpawnPoolWorker-521| 2026-06-22 02:15:07,149,149 multiprocessing INFO STARTING NEW RUN ==========
SpawnPoolWorker-521| 2026-06-22 02:15:07,149,149 multiprocessing INFO SEE LOG AT : ./logs/all_Lyapunov_test_dso-fn_d_all_m_01_log.txt
SpawnPoolWorker-521| 2026-06-22 02:15:07,149,149 multiprocessing INFO See log at : ./logs/all_Lyapunov_test_dso-fn_d_all_m_01_log.txt
SpawnPoolWorker-521| 2026-06-22 02:15:07,150,150 multiprocessing INFO child process calling self.run()
SpawnPoolWorker-511| 2026-06-22 02:15:07,238,238 multiprocessing INFO STARTING NEW RUN ==========
SpawnPoolWorker-511| 2026-06-22 02:15:07,238,238 multiprocessing INFO SEE LOG AT : ./logs/all_Lyapunov_test_dso-fn_d_all_m_01_log.txt
SpawnPoolWorker-511| 2026-06-22 02:15:07,238,238 multiprocessing INFO See log at : ./logs/all_Lyapunov_test_dso-fn_d_all_m_01_log.txt
SpawnPoolWorker-511| 2026-06-22 02:15:07,247,247 multiprocessing INFO child process calling self.run()
SpawnPoolWorker-512| 2026-06-22 02:15:07,819,819 multiprocessing INFO STARTING NEW RUN ==========
SpawnPoolWorker-512| 2026-06-22 02:15:07,820,820 multiprocessing INFO SEE LOG AT : ./logs/all_Lyapunov_test_dso-fn_d_all_m_01_log.txt
SpawnPoolWorker-512| 2026-06-22 02:15:07,820,820 multiprocessing INFO See log at : ./logs/all_Lyapunov_test_dso-fn_d_all_m_01_log.txt
SpawnPoolWorker-512| 2026-06-22 02:15:07,828,828 multiprocessing INFO child process calling self.run()
SpawnPoolWorker-514| 2026-06-22 02:15:07,883,883 multiprocessing INFO STARTING NEW RUN ==========
SpawnPoolWorker-514| 2026-06-22 02:15:07,883,883 multiprocessing INFO SEE LOG AT : ./logs/all_Lyapunov_test_dso-fn_d_all_m_01_log.txt
SpawnPoolWorker-514| 2026-06-22 02:15:07,883,883 multiprocessing INFO See log at : ./logs/all_Lyapunov_test_dso-fn_d_all_m_01_log.txt
SpawnPoolWorker-514| 2026-06-22 02:15:07,886,886 multiprocessing INFO child process calling self.run()
SpawnPoolWorker-506| 2026-06-22 02:15:08,166,166 multiprocessing INFO STARTING NEW RUN ==========
SpawnPoolWorker-506| 2026-06-22 02:15:08,167,167 multiprocessing INFO SEE LOG AT : ./logs/all_Lyapunov_test_dso-fn_d_all_m_01_log.txt
SpawnPoolWorker-506| 2026-06-22 02:15:08,167,167 multiprocessing INFO See log at : ./logs/all_Lyapunov_test_dso-fn_d_all_m_01_log.txt
SpawnPoolWorker-506| 2026-06-22 02:15:08,175,175 multiprocessing INFO child process calling self.run()
SpawnPoolWorker-517| 2026-06-22 02:15:08,190,190 multiprocessing INFO STARTING NEW RUN ==========
SpawnPoolWorker-517| 2026-06-22 02:15:08,190,190 multiprocessing INFO SEE LOG AT : ./logs/all_Lyapunov_test_dso-fn_d_all_m_01_log.txt
SpawnPoolWorker-517| 2026-06-22 02:15:08,190,190 multiprocessing INFO See log at : ./logs/all_Lyapunov_test_dso-fn_d_all_m_01_log.txt
SpawnPoolWorker-517| 2026-06-22 02:15:08,202,202 multiprocessing INFO child process calling self.run()
SpawnPoolWorker-509| 2026-06-22 02:15:08,366,366 multiprocessing INFO STARTING NEW RUN ==========
SpawnPoolWorker-509| 2026-06-22 02:15:08,366,366 multiprocessing INFO SEE LOG AT : ./logs/all_Lyapunov_test_dso-fn_d_all_m_01_log.txt
SpawnPoolWorker-509| 2026-06-22 02:15:08,366,366 multiprocessing INFO See log at : ./logs/all_Lyapunov_test_dso-fn_d_all_m_01_log.txt
SpawnPoolWorker-509| 2026-06-22 02:15:08,368,368 multiprocessing INFO child process calling self.run()
SpawnPoolWorker-500| 2026-06-22 02:15:08,433,433 multiprocessing INFO STARTING NEW RUN ==========
SpawnPoolWorker-500| 2026-06-22 02:15:08,433,433 multiprocessing INFO SEE LOG AT : ./logs/all_Lyapunov_test_dso-fn_d_all_m_01_log.txt
SpawnPoolWorker-500| 2026-06-22 02:15:08,433,433 multiprocessing INFO See log at : ./logs/all_Lyapunov_test_dso-fn_d_all_m_01_log.txt
SpawnPoolWorker-500| 2026-06-22 02:15:08,443,443 multiprocessing INFO child process calling self.run()
SpawnPoolWorker-518| 2026-06-22 02:15:08,520,520 multiprocessing INFO STARTING NEW RUN ==========
SpawnPoolWorker-518| 2026-06-22 02:15:08,520,520 multiprocessing INFO SEE LOG AT : ./logs/all_Lyapunov_test_dso-fn_d_all_m_01_log.txt
SpawnPoolWorker-518| 2026-06-22 02:15:08,520,520 multiprocessing INFO See log at : ./logs/all_Lyapunov_test_dso-fn_d_all_m_01_log.txt
SpawnPoolWorker-518| 2026-06-22 02:15:08,521,521 multiprocessing INFO child process calling self.run()
SpawnPoolWorker-522| 2026-06-22 02:15:08,671,671 multiprocessing INFO STARTING NEW RUN ==========
SpawnPoolWorker-522| 2026-06-22 02:15:08,671,671 multiprocessing INFO SEE LOG AT : ./logs/all_Lyapunov_test_dso-fn_d_all_m_01_log.txt
SpawnPoolWorker-522| 2026-06-22 02:15:08,671,671 multiprocessing INFO See log at : ./logs/all_Lyapunov_test_dso-fn_d_all_m_01_log.txt
SpawnPoolWorker-522| 2026-06-22 02:15:08,678,678 multiprocessing INFO child process calling self.run()
SpawnPoolWorker-508| 2026-06-22 02:15:08,854,854 multiprocessing INFO STARTING NEW RUN ==========
SpawnPoolWorker-508| 2026-06-22 02:15:08,855,855 multiprocessing INFO SEE LOG AT : ./logs/all_Lyapunov_test_dso-fn_d_all_m_01_log.txt
SpawnPoolWorker-508| 2026-06-22 02:15:08,855,855 multiprocessing INFO See log at : ./logs/all_Lyapunov_test_dso-fn_d_all_m_01_log.txt
SpawnPoolWorker-508| 2026-06-22 02:15:08,865,865 multiprocessing INFO child process calling self.run()
SpawnPoolWorker-504| 2026-06-22 02:15:08,936,936 multiprocessing INFO STARTING NEW RUN ==========
SpawnPoolWorker-504| 2026-06-22 02:15:08,936,936 multiprocessing INFO SEE LOG AT : ./logs/all_Lyapunov_test_dso-fn_d_all_m_01_log.txt
SpawnPoolWorker-504| 2026-06-22 02:15:08,936,936 multiprocessing INFO See log at : ./logs/all_Lyapunov_test_dso-fn_d_all_m_01_log.txt
SpawnPoolWorker-504| 2026-06-22 02:15:08,938,938 multiprocessing INFO child process calling self.run()
SpawnPoolWorker-513| 2026-06-22 02:15:09,139,139 multiprocessing INFO STARTING NEW RUN ==========
SpawnPoolWorker-513| 2026-06-22 02:15:09,140,140 multiprocessing INFO SEE LOG AT : ./logs/all_Lyapunov_test_dso-fn_d_all_m_01_log.txt
SpawnPoolWorker-513| 2026-06-22 02:15:09,140,140 multiprocessing INFO See log at : ./logs/all_Lyapunov_test_dso-fn_d_all_m_01_log.txt
SpawnPoolWorker-513| 2026-06-22 02:15:09,142,142 multiprocessing INFO child process calling self.run()
SpawnPoolWorker-516| 2026-06-22 02:15:09,148,148 multiprocessing INFO STARTING NEW RUN ==========
SpawnPoolWorker-516| 2026-06-22 02:15:09,149,149 multiprocessing INFO SEE LOG AT : ./logs/all_Lyapunov_test_dso-fn_d_all_m_01_log.txt
SpawnPoolWorker-516| 2026-06-22 02:15:09,149,149 multiprocessing INFO See log at : ./logs/all_Lyapunov_test_dso-fn_d_all_m_01_log.txt
SpawnPoolWorker-516| 2026-06-22 02:15:09,150,150 multiprocessing INFO child process calling self.run()
SpawnPoolWorker-520| 2026-06-22 02:15:09,212,212 multiprocessing INFO STARTING NEW RUN ==========
SpawnPoolWorker-520| 2026-06-22 02:15:09,212,212 multiprocessing INFO SEE LOG AT : ./logs/all_Lyapunov_test_dso-fn_d_all_m_01_log.txt
SpawnPoolWorker-520| 2026-06-22 02:15:09,212,212 multiprocessing INFO See log at : ./logs/all_Lyapunov_test_dso-fn_d_all_m_01_log.txt
SpawnPoolWorker-520| 2026-06-22 02:15:09,214,214 multiprocessing INFO child process calling self.run()
SpawnPoolWorker-515| 2026-06-22 02:15:09,217,217 multiprocessing INFO STARTING NEW RUN ==========
SpawnPoolWorker-515| 2026-06-22 02:15:09,217,217 multiprocessing INFO SEE LOG AT : ./logs/all_Lyapunov_test_dso-fn_d_all_m_01_log.txt
SpawnPoolWorker-515| 2026-06-22 02:15:09,217,217 multiprocessing INFO See log at : ./logs/all_Lyapunov_test_dso-fn_d_all_m_01_log.txt
SpawnPoolWorker-515| 2026-06-22 02:15:09,218,218 multiprocessing INFO child process calling self.run()
SpawnPoolWorker-494| 2026-06-22 02:15:09,246,246 multiprocessing INFO process shutting down
SpawnPoolWorker-502| 2026-06-22 02:15:09,246,246 multiprocessing INFO process shutting down
SpawnPoolWorker-494| 2026-06-22 02:15:09,246,246 multiprocessing INFO process exiting with exitcode 0
SpawnPoolWorker-510| 2026-06-22 02:15:09,246,246 multiprocessing INFO process shutting down
SpawnPoolWorker-502| 2026-06-22 02:15:09,246,246 multiprocessing INFO process exiting with exitcode 0
SpawnPoolWorker-521| 2026-06-22 02:15:09,246,246 multiprocessing INFO process shutting down
SpawnPoolWorker-510| 2026-06-22 02:15:09,246,246 multiprocessing INFO process exiting with exitcode 0
SpawnPoolWorker-511| 2026-06-22 02:15:09,246,246 multiprocessing INFO process shutting down
SpawnPoolWorker-521| 2026-06-22 02:15:09,246,246 multiprocessing INFO process exiting with exitcode 0
SpawnPoolWorker-483| 2026-06-22 02:15:09,246,246 multiprocessing INFO process shutting down
SpawnPoolWorker-511| 2026-06-22 02:15:09,247,247 multiprocessing INFO process exiting with exitcode 0
SpawnPoolWorker-512| 2026-06-22 02:15:09,246,246 multiprocessing INFO process shutting down
SpawnPoolWorker-514| 2026-06-22 02:15:09,247,247 multiprocessing INFO process shutting down
SpawnPoolWorker-495| 2026-06-22 02:15:09,247,247 multiprocessing INFO process shutting down
SpawnPoolWorker-506| 2026-06-22 02:15:09,247,247 multiprocessing INFO process shutting down
SpawnPoolWorker-517| 2026-06-22 02:15:09,247,247 multiprocessing INFO process shutting down
SpawnPoolWorker-476| 2026-06-22 02:15:09,247,247 multiprocessing INFO process shutting down
SpawnPoolWorker-477| 2026-06-22 02:15:09,247,247 multiprocessing INFO process shutting down
SpawnPoolWorker-509| 2026-06-22 02:15:09,247,247 multiprocessing INFO process shutting down
SpawnPoolWorker-493| 2026-06-22 02:15:09,247,247 multiprocessing INFO process shutting down
SpawnPoolWorker-499| 2026-06-22 02:15:09,247,247 multiprocessing INFO process shutting down
SpawnPoolWorker-500| 2026-06-22 02:15:09,247,247 multiprocessing INFO process shutting down
SpawnPoolWorker-488| 2026-06-22 02:15:09,247,247 multiprocessing INFO process shutting down
SpawnPoolWorker-498| 2026-06-22 02:15:09,247,247 multiprocessing INFO process shutting down
SpawnPoolWorker-518| 2026-06-22 02:15:09,247,247 multiprocessing INFO process shutting down
SpawnPoolWorker-489| 2026-06-22 02:15:09,247,247 multiprocessing INFO process shutting down
SpawnPoolWorker-522| 2026-06-22 02:15:09,247,247 multiprocessing INFO process shutting down
SpawnPoolWorker-484| 2026-06-22 02:15:09,247,247 multiprocessing INFO process shutting down
SpawnPoolWorker-487| 2026-06-22 02:15:09,247,247 multiprocessing INFO process shutting down
SpawnPoolWorker-505| 2026-06-22 02:15:09,247,247 multiprocessing INFO process shutting down
SpawnPoolWorker-503| 2026-06-22 02:15:09,247,247 multiprocessing INFO process shutting down
SpawnPoolWorker-508| 2026-06-22 02:15:09,248,248 multiprocessing INFO process shutting down
SpawnPoolWorker-504| 2026-06-22 02:15:09,248,248 multiprocessing INFO process shutting down
SpawnPoolWorker-486| 2026-06-22 02:15:09,248,248 multiprocessing INFO process shutting down
SpawnPoolWorker-479| 2026-06-22 02:15:09,248,248 multiprocessing INFO process shutting down
SpawnPoolWorker-496| 2026-06-22 02:15:09,248,248 multiprocessing INFO process shutting down
SpawnPoolWorker-501| 2026-06-22 02:15:09,248,248 multiprocessing INFO process shutting down
SpawnPoolWorker-492| 2026-06-22 02:15:09,248,248 multiprocessing INFO process shutting down
SpawnPoolWorker-478| 2026-06-22 02:15:09,248,248 multiprocessing INFO process shutting down
SpawnPoolWorker-482| 2026-06-22 02:15:09,248,248 multiprocessing INFO process shutting down
SpawnPoolWorker-485| 2026-06-22 02:15:09,248,248 multiprocessing INFO process shutting down
SpawnPoolWorker-480| 2026-06-22 02:15:09,248,248 multiprocessing INFO process shutting down
SpawnPoolWorker-513| 2026-06-22 02:15:09,248,248 multiprocessing INFO process shutting down
SpawnPoolWorker-475| 2026-06-22 02:15:09,248,248 multiprocessing INFO process shutting down
SpawnPoolWorker-516| 2026-06-22 02:15:09,248,248 multiprocessing INFO process shutting down
SpawnPoolWorker-481| 2026-06-22 02:15:09,248,248 multiprocessing INFO process shutting down
SpawnPoolWorker-516| 2026-06-22 02:15:09,248,248 multiprocessing INFO process exiting with exitcode 0
SpawnPoolWorker-490| 2026-06-22 02:15:09,248,248 multiprocessing INFO process shutting down
SpawnPoolWorker-491| 2026-06-22 02:15:09,248,248 multiprocessing INFO process shutting down
SpawnPoolWorker-481| 2026-06-22 02:15:09,248,248 multiprocessing INFO process exiting with exitcode 0
SpawnPoolWorker-490| 2026-06-22 02:15:09,248,248 multiprocessing INFO process exiting with exitcode 0
SpawnPoolWorker-491| 2026-06-22 02:15:09,249,249 multiprocessing INFO process exiting with exitcode 0
SpawnPoolWorker-497| 2026-06-22 02:15:09,249,249 multiprocessing INFO process shutting down
SpawnPoolWorker-520| 2026-06-22 02:15:09,249,249 multiprocessing INFO process shutting down
SpawnPoolWorker-507| 2026-06-22 02:15:09,249,249 multiprocessing INFO process shutting down
SpawnPoolWorker-515| 2026-06-22 02:15:09,249,249 multiprocessing INFO process shutting down
29
(100000, 6)
(100000,)
(100000, 6)
(100000,)

=======================Successfully Added (49683, 6) Counter Examples=======================


============None of the candidates fulfill the conditions. Training CONTINUES!=================

MainProcess| 2026-06-22 02:15:11,844,844 multiprocessing INFO 
============None of the candidates fulfill the conditions. Training CONTINUES!=================


============None of the candidates fulfill the conditions. Training CONTINUES!=================

(55, 123)
/users/9/chen8596/miniconda3/envs/alfd/lib/python3.9/site-packages/torch/nn/functional.py:4999: UserWarning: Support for mismatched key_padding_mask and attn_mask is deprecated. Use same type for both instead.
  warnings.warn(

==============Start Supervised Learning==============

MainProcess| 2026-06-22 02:15:16,381,381 multiprocessing INFO GP output mean: 0.9999521341128977
GP output mean: 0.9999521341128977
MainProcess| 2026-06-22 02:15:17,027,27 multiprocessing INFO GP output success rate: 0.0
GP output success rate: 0.0

==============End Supervised Learning==============

MainProcess| 2026-06-22 02:15:18,433,433 multiprocessing INFO [Test epoch=0009]  nevals=123318 	| train_loss=3432.29053 	| eqs_invalid %=0.18 	| r_best=0.99794 	| quantile=0.94236 	| r_quantile_mean=0.97965 	| r_raw_sum=69.65919 	|  r_raw_mean=0.85999 	| r2=nan 	| acc_iid=0.00000 	| acc_ood=0.00000 	| nmse_test=0.0 	| true_equation_set_count=0 	| s/it=114.90405
[Test epoch=0009]  nevals=123318 	| train_loss=3432.29053 	| eqs_invalid %=0.18 	| r_best=0.99794 	| quantile=0.94236 	| r_quantile_mean=0.97965 	| r_raw_sum=69.65919 	|  r_raw_mean=0.85999 	| r2=nan 	| acc_iid=0.00000 	| acc_ood=0.00000 	| nmse_test=0.0 	| true_equation_set_count=0 	| s/it=114.90405
MainProcess| 2026-06-22 02:15:59,249,249 multiprocessing INFO Genetic Porgramming Runtime 40.24005614290945
Genetic Porgramming Runtime 40.24005614290945

=========================PGD Collection Starts=========================

SpawnPoolWorker-524| 2026-06-22 02:16:04,705,705 multiprocessing INFO STARTING NEW RUN ==========
SpawnPoolWorker-524| 2026-06-22 02:16:04,705,705 multiprocessing INFO SEE LOG AT : ./logs/all_Lyapunov_test_dso-fn_d_all_m_01_log.txt
SpawnPoolWorker-524| 2026-06-22 02:16:04,705,705 multiprocessing INFO See log at : ./logs/all_Lyapunov_test_dso-fn_d_all_m_01_log.txt
SpawnPoolWorker-526| 2026-06-22 02:16:04,707,707 multiprocessing INFO STARTING NEW RUN ==========
SpawnPoolWorker-530| 2026-06-22 02:16:04,707,707 multiprocessing INFO STARTING NEW RUN ==========
SpawnPoolWorker-532| 2026-06-22 02:16:04,707,707 multiprocessing INFO STARTING NEW RUN ==========
SpawnPoolWorker-527| 2026-06-22 02:16:04,707,707 multiprocessing INFO STARTING NEW RUN ==========
SpawnPoolWorker-526| 2026-06-22 02:16:04,707,707 multiprocessing INFO SEE LOG AT : ./logs/all_Lyapunov_test_dso-fn_d_all_m_01_log.txt
SpawnPoolWorker-530| 2026-06-22 02:16:04,707,707 multiprocessing INFO SEE LOG AT : ./logs/all_Lyapunov_test_dso-fn_d_all_m_01_log.txt
SpawnPoolWorker-532| 2026-06-22 02:16:04,707,707 multiprocessing INFO SEE LOG AT : ./logs/all_Lyapunov_test_dso-fn_d_all_m_01_log.txt
SpawnPoolWorker-527| 2026-06-22 02:16:04,707,707 multiprocessing INFO SEE LOG AT : ./logs/all_Lyapunov_test_dso-fn_d_all_m_01_log.txt
SpawnPoolWorker-526| 2026-06-22 02:16:04,708,708 multiprocessing INFO See log at : ./logs/all_Lyapunov_test_dso-fn_d_all_m_01_log.txt
SpawnPoolWorker-532| 2026-06-22 02:16:04,708,708 multiprocessing INFO See log at : ./logs/all_Lyapunov_test_dso-fn_d_all_m_01_log.txt
SpawnPoolWorker-530| 2026-06-22 02:16:04,708,708 multiprocessing INFO See log at : ./logs/all_Lyapunov_test_dso-fn_d_all_m_01_log.txt
SpawnPoolWorker-529| 2026-06-22 02:16:04,709,709 multiprocessing INFO STARTING NEW RUN ==========
SpawnPoolWorker-523| 2026-06-22 02:16:04,709,709 multiprocessing INFO STARTING NEW RUN ==========
SpawnPoolWorker-529| 2026-06-22 02:16:04,709,709 multiprocessing INFO SEE LOG AT : ./logs/all_Lyapunov_test_dso-fn_d_all_m_01_log.txt
SpawnPoolWorker-523| 2026-06-22 02:16:04,709,709 multiprocessing INFO SEE LOG AT : ./logs/all_Lyapunov_test_dso-fn_d_all_m_01_log.txt
SpawnPoolWorker-529| 2026-06-22 02:16:04,709,709 multiprocessing INFO See log at : ./logs/all_Lyapunov_test_dso-fn_d_all_m_01_log.txt
SpawnPoolWorker-523| 2026-06-22 02:16:04,709,709 multiprocessing INFO See log at : ./logs/all_Lyapunov_test_dso-fn_d_all_m_01_log.txt
SpawnPoolWorker-524| 2026-06-22 02:16:04,709,709 multiprocessing INFO child process calling self.run()
SpawnPoolWorker-527| 2026-06-22 02:16:04,709,709 multiprocessing INFO See log at : ./logs/all_Lyapunov_test_dso-fn_d_all_m_01_log.txt
SpawnPoolWorker-526| 2026-06-22 02:16:04,710,710 multiprocessing INFO child process calling self.run()
SpawnPoolWorker-532| 2026-06-22 02:16:04,710,710 multiprocessing INFO child process calling self.run()
SpawnPoolWorker-530| 2026-06-22 02:16:04,710,710 multiprocessing INFO child process calling self.run()
SpawnPoolWorker-529| 2026-06-22 02:16:04,710,710 multiprocessing INFO child process calling self.run()
SpawnPoolWorker-523| 2026-06-22 02:16:04,710,710 multiprocessing INFO child process calling self.run()
SpawnPoolWorker-527| 2026-06-22 02:16:04,710,710 multiprocessing INFO child process calling self.run()
SpawnPoolWorker-531| 2026-06-22 02:16:04,713,713 multiprocessing INFO STARTING NEW RUN ==========
SpawnPoolWorker-531| 2026-06-22 02:16:04,713,713 multiprocessing INFO SEE LOG AT : ./logs/all_Lyapunov_test_dso-fn_d_all_m_01_log.txt
SpawnPoolWorker-531| 2026-06-22 02:16:04,713,713 multiprocessing INFO See log at : ./logs/all_Lyapunov_test_dso-fn_d_all_m_01_log.txt
SpawnPoolWorker-531| 2026-06-22 02:16:04,716,716 multiprocessing INFO child process calling self.run()
SpawnPoolWorker-528| 2026-06-22 02:16:04,731,731 multiprocessing INFO STARTING NEW RUN ==========
SpawnPoolWorker-528| 2026-06-22 02:16:04,731,731 multiprocessing INFO SEE LOG AT : ./logs/all_Lyapunov_test_dso-fn_d_all_m_01_log.txt
SpawnPoolWorker-528| 2026-06-22 02:16:04,731,731 multiprocessing INFO See log at : ./logs/all_Lyapunov_test_dso-fn_d_all_m_01_log.txt
SpawnPoolWorker-528| 2026-06-22 02:16:04,732,732 multiprocessing INFO child process calling self.run()
SpawnPoolWorker-525| 2026-06-22 02:16:04,739,739 multiprocessing INFO STARTING NEW RUN ==========
SpawnPoolWorker-525| 2026-06-22 02:16:04,739,739 multiprocessing INFO SEE LOG AT : ./logs/all_Lyapunov_test_dso-fn_d_all_m_01_log.txt
SpawnPoolWorker-525| 2026-06-22 02:16:04,739,739 multiprocessing INFO See log at : ./logs/all_Lyapunov_test_dso-fn_d_all_m_01_log.txt
SpawnPoolWorker-525| 2026-06-22 02:16:04,741,741 multiprocessing INFO child process calling self.run()
SpawnPoolWorker-523| 2026-06-22 02:16:32,340,340 multiprocessing INFO process shutting down
SpawnPoolWorker-526| 2026-06-22 02:16:32,341,341 multiprocessing INFO process shutting down
SpawnPoolWorker-524| 2026-06-22 02:16:32,341,341 multiprocessing INFO process shutting down
SpawnPoolWorker-523| 2026-06-22 02:16:32,341,341 multiprocessing INFO process exiting with exitcode 0
SpawnPoolWorker-525| 2026-06-22 02:16:32,341,341 multiprocessing INFO process shutting down
SpawnPoolWorker-526| 2026-06-22 02:16:32,341,341 multiprocessing INFO process exiting with exitcode 0
SpawnPoolWorker-524| 2026-06-22 02:16:32,341,341 multiprocessing INFO process exiting with exitcode 0
SpawnPoolWorker-528| 2026-06-22 02:16:32,341,341 multiprocessing INFO process shutting down
SpawnPoolWorker-532| 2026-06-22 02:16:32,341,341 multiprocessing INFO process shutting down
SpawnPoolWorker-525| 2026-06-22 02:16:32,341,341 multiprocessing INFO process exiting with exitcode 0
SpawnPoolWorker-531| 2026-06-22 02:16:32,341,341 multiprocessing INFO process shutting down
SpawnPoolWorker-530| 2026-06-22 02:16:32,341,341 multiprocessing INFO process shutting down
SpawnPoolWorker-528| 2026-06-22 02:16:32,341,341 multiprocessing INFO process exiting with exitcode 0
SpawnPoolWorker-532| 2026-06-22 02:16:32,341,341 multiprocessing INFO process exiting with exitcode 0
SpawnPoolWorker-531| 2026-06-22 02:16:32,341,341 multiprocessing INFO process exiting with exitcode 0
(20000,)

===================Collect 20000 Examples===================

Epsilon 0.1
500
(550,)
(550,)
(55,)
Number of Programs for Minimization: 28
SpawnPoolWorker-534| 2026-06-22 02:16:57,695,695 multiprocessing INFO STARTING NEW RUN ==========
SpawnPoolWorker-534| 2026-06-22 02:16:57,695,695 multiprocessing INFO SEE LOG AT : ./logs/all_Lyapunov_test_dso-fn_d_all_m_01_log.txt
SpawnPoolWorker-534| 2026-06-22 02:16:57,695,695 multiprocessing INFO See log at : ./logs/all_Lyapunov_test_dso-fn_d_all_m_01_log.txt
SpawnPoolWorker-534| 2026-06-22 02:16:57,702,702 multiprocessing INFO child process calling self.run()
SpawnPoolWorker-541| 2026-06-22 02:16:58,527,527 multiprocessing INFO STARTING NEW RUN ==========
SpawnPoolWorker-541| 2026-06-22 02:16:58,527,527 multiprocessing INFO SEE LOG AT : ./logs/all_Lyapunov_test_dso-fn_d_all_m_01_log.txt
SpawnPoolWorker-541| 2026-06-22 02:16:58,527,527 multiprocessing INFO See log at : ./logs/all_Lyapunov_test_dso-fn_d_all_m_01_log.txt
SpawnPoolWorker-538| 2026-06-22 02:16:58,530,530 multiprocessing INFO STARTING NEW RUN ==========
SpawnPoolWorker-538| 2026-06-22 02:16:58,530,530 multiprocessing INFO SEE LOG AT : ./logs/all_Lyapunov_test_dso-fn_d_all_m_01_log.txt
SpawnPoolWorker-538| 2026-06-22 02:16:58,530,530 multiprocessing INFO See log at : ./logs/all_Lyapunov_test_dso-fn_d_all_m_01_log.txt
SpawnPoolWorker-541| 2026-06-22 02:16:58,530,530 multiprocessing INFO child process calling self.run()
SpawnPoolWorker-538| 2026-06-22 02:16:58,533,533 multiprocessing INFO child process calling self.run()
SpawnPoolWorker-533| 2026-06-22 02:16:58,890,890 multiprocessing INFO STARTING NEW RUN ==========
SpawnPoolWorker-533| 2026-06-22 02:16:58,891,891 multiprocessing INFO SEE LOG AT : ./logs/all_Lyapunov_test_dso-fn_d_all_m_01_log.txt
SpawnPoolWorker-533| 2026-06-22 02:16:58,891,891 multiprocessing INFO See log at : ./logs/all_Lyapunov_test_dso-fn_d_all_m_01_log.txt
SpawnPoolWorker-533| 2026-06-22 02:16:58,905,905 multiprocessing INFO child process calling self.run()
SpawnPoolWorker-536| 2026-06-22 02:16:59,217,217 multiprocessing INFO STARTING NEW RUN ==========
SpawnPoolWorker-536| 2026-06-22 02:16:59,218,218 multiprocessing INFO SEE LOG AT : ./logs/all_Lyapunov_test_dso-fn_d_all_m_01_log.txt
SpawnPoolWorker-536| 2026-06-22 02:16:59,218,218 multiprocessing INFO See log at : ./logs/all_Lyapunov_test_dso-fn_d_all_m_01_log.txt
SpawnPoolWorker-540| 2026-06-22 02:16:59,231,231 multiprocessing INFO STARTING NEW RUN ==========
SpawnPoolWorker-540| 2026-06-22 02:16:59,231,231 multiprocessing INFO SEE LOG AT : ./logs/all_Lyapunov_test_dso-fn_d_all_m_01_log.txt
SpawnPoolWorker-540| 2026-06-22 02:16:59,231,231 multiprocessing INFO See log at : ./logs/all_Lyapunov_test_dso-fn_d_all_m_01_log.txt
SpawnPoolWorker-536| 2026-06-22 02:16:59,235,235 multiprocessing INFO child process calling self.run()
SpawnPoolWorker-540| 2026-06-22 02:16:59,244,244 multiprocessing INFO child process calling self.run()
SpawnPoolWorker-548| 2026-06-22 02:16:59,391,391 multiprocessing INFO STARTING NEW RUN ==========
SpawnPoolWorker-548| 2026-06-22 02:16:59,391,391 multiprocessing INFO SEE LOG AT : ./logs/all_Lyapunov_test_dso-fn_d_all_m_01_log.txt
SpawnPoolWorker-548| 2026-06-22 02:16:59,391,391 multiprocessing INFO See log at : ./logs/all_Lyapunov_test_dso-fn_d_all_m_01_log.txt
SpawnPoolWorker-548| 2026-06-22 02:16:59,397,397 multiprocessing INFO child process calling self.run()
SpawnPoolWorker-537| 2026-06-22 02:16:59,521,521 multiprocessing INFO STARTING NEW RUN ==========
SpawnPoolWorker-537| 2026-06-22 02:16:59,521,521 multiprocessing INFO SEE LOG AT : ./logs/all_Lyapunov_test_dso-fn_d_all_m_01_log.txt
SpawnPoolWorker-537| 2026-06-22 02:16:59,521,521 multiprocessing INFO See log at : ./logs/all_Lyapunov_test_dso-fn_d_all_m_01_log.txt
SpawnPoolWorker-537| 2026-06-22 02:16:59,527,527 multiprocessing INFO child process calling self.run()
SpawnPoolWorker-535| 2026-06-22 02:16:59,687,687 multiprocessing INFO STARTING NEW RUN ==========
SpawnPoolWorker-535| 2026-06-22 02:16:59,687,687 multiprocessing INFO SEE LOG AT : ./logs/all_Lyapunov_test_dso-fn_d_all_m_01_log.txt
SpawnPoolWorker-535| 2026-06-22 02:16:59,687,687 multiprocessing INFO See log at : ./logs/all_Lyapunov_test_dso-fn_d_all_m_01_log.txt
SpawnPoolWorker-535| 2026-06-22 02:16:59,693,693 multiprocessing INFO child process calling self.run()
SpawnPoolWorker-552| 2026-06-22 02:17:00,427,427 multiprocessing INFO STARTING NEW RUN ==========
SpawnPoolWorker-552| 2026-06-22 02:17:00,427,427 multiprocessing INFO SEE LOG AT : ./logs/all_Lyapunov_test_dso-fn_d_all_m_01_log.txt
SpawnPoolWorker-552| 2026-06-22 02:17:00,427,427 multiprocessing INFO See log at : ./logs/all_Lyapunov_test_dso-fn_d_all_m_01_log.txt
SpawnPoolWorker-543| 2026-06-22 02:17:00,428,428 multiprocessing INFO STARTING NEW RUN ==========
SpawnPoolWorker-543| 2026-06-22 02:17:00,428,428 multiprocessing INFO SEE LOG AT : ./logs/all_Lyapunov_test_dso-fn_d_all_m_01_log.txt
SpawnPoolWorker-543| 2026-06-22 02:17:00,428,428 multiprocessing INFO See log at : ./logs/all_Lyapunov_test_dso-fn_d_all_m_01_log.txt
SpawnPoolWorker-552| 2026-06-22 02:17:00,429,429 multiprocessing INFO child process calling self.run()
SpawnPoolWorker-543| 2026-06-22 02:17:00,445,445 multiprocessing INFO child process calling self.run()
SpawnPoolWorker-550| 2026-06-22 02:17:01,104,104 multiprocessing INFO STARTING NEW RUN ==========
SpawnPoolWorker-550| 2026-06-22 02:17:01,104,104 multiprocessing INFO SEE LOG AT : ./logs/all_Lyapunov_test_dso-fn_d_all_m_01_log.txt
SpawnPoolWorker-550| 2026-06-22 02:17:01,104,104 multiprocessing INFO See log at : ./logs/all_Lyapunov_test_dso-fn_d_all_m_01_log.txt
SpawnPoolWorker-550| 2026-06-22 02:17:01,110,110 multiprocessing INFO child process calling self.run()
SpawnPoolWorker-555| 2026-06-22 02:17:01,212,212 multiprocessing INFO STARTING NEW RUN ==========
SpawnPoolWorker-555| 2026-06-22 02:17:01,212,212 multiprocessing INFO SEE LOG AT : ./logs/all_Lyapunov_test_dso-fn_d_all_m_01_log.txt
SpawnPoolWorker-555| 2026-06-22 02:17:01,212,212 multiprocessing INFO See log at : ./logs/all_Lyapunov_test_dso-fn_d_all_m_01_log.txt
SpawnPoolWorker-555| 2026-06-22 02:17:01,221,221 multiprocessing INFO child process calling self.run()
SpawnPoolWorker-549| 2026-06-22 02:17:01,248,248 multiprocessing INFO STARTING NEW RUN ==========
SpawnPoolWorker-549| 2026-06-22 02:17:01,248,248 multiprocessing INFO SEE LOG AT : ./logs/all_Lyapunov_test_dso-fn_d_all_m_01_log.txt
SpawnPoolWorker-549| 2026-06-22 02:17:01,248,248 multiprocessing INFO See log at : ./logs/all_Lyapunov_test_dso-fn_d_all_m_01_log.txt
SpawnPoolWorker-549| 2026-06-22 02:17:01,250,250 multiprocessing INFO child process calling self.run()
SpawnPoolWorker-545| 2026-06-22 02:17:01,280,280 multiprocessing INFO STARTING NEW RUN ==========
SpawnPoolWorker-545| 2026-06-22 02:17:01,280,280 multiprocessing INFO SEE LOG AT : ./logs/all_Lyapunov_test_dso-fn_d_all_m_01_log.txt
SpawnPoolWorker-545| 2026-06-22 02:17:01,280,280 multiprocessing INFO See log at : ./logs/all_Lyapunov_test_dso-fn_d_all_m_01_log.txt
SpawnPoolWorker-545| 2026-06-22 02:17:01,297,297 multiprocessing INFO child process calling self.run()
SpawnPoolWorker-553| 2026-06-22 02:17:01,437,437 multiprocessing INFO STARTING NEW RUN ==========
SpawnPoolWorker-553| 2026-06-22 02:17:01,437,437 multiprocessing INFO SEE LOG AT : ./logs/all_Lyapunov_test_dso-fn_d_all_m_01_log.txt
SpawnPoolWorker-553| 2026-06-22 02:17:01,437,437 multiprocessing INFO See log at : ./logs/all_Lyapunov_test_dso-fn_d_all_m_01_log.txt
SpawnPoolWorker-553| 2026-06-22 02:17:01,446,446 multiprocessing INFO child process calling self.run()
SpawnPoolWorker-542| 2026-06-22 02:17:01,665,665 multiprocessing INFO STARTING NEW RUN ==========
SpawnPoolWorker-542| 2026-06-22 02:17:01,665,665 multiprocessing INFO SEE LOG AT : ./logs/all_Lyapunov_test_dso-fn_d_all_m_01_log.txt
SpawnPoolWorker-542| 2026-06-22 02:17:01,665,665 multiprocessing INFO See log at : ./logs/all_Lyapunov_test_dso-fn_d_all_m_01_log.txt
SpawnPoolWorker-542| 2026-06-22 02:17:01,680,680 multiprocessing INFO child process calling self.run()
SpawnPoolWorker-539| 2026-06-22 02:17:01,712,712 multiprocessing INFO STARTING NEW RUN ==========
SpawnPoolWorker-539| 2026-06-22 02:17:01,712,712 multiprocessing INFO SEE LOG AT : ./logs/all_Lyapunov_test_dso-fn_d_all_m_01_log.txt
SpawnPoolWorker-539| 2026-06-22 02:17:01,712,712 multiprocessing INFO See log at : ./logs/all_Lyapunov_test_dso-fn_d_all_m_01_log.txt
SpawnPoolWorker-561| 2026-06-22 02:17:01,716,716 multiprocessing INFO STARTING NEW RUN ==========
SpawnPoolWorker-561| 2026-06-22 02:17:01,716,716 multiprocessing INFO SEE LOG AT : ./logs/all_Lyapunov_test_dso-fn_d_all_m_01_log.txt
SpawnPoolWorker-561| 2026-06-22 02:17:01,716,716 multiprocessing INFO See log at : ./logs/all_Lyapunov_test_dso-fn_d_all_m_01_log.txt
SpawnPoolWorker-539| 2026-06-22 02:17:01,718,718 multiprocessing INFO child process calling self.run()
SpawnPoolWorker-561| 2026-06-22 02:17:01,719,719 multiprocessing INFO child process calling self.run()
SpawnPoolWorker-569| 2026-06-22 02:17:02,030,30 multiprocessing INFO STARTING NEW RUN ==========
SpawnPoolWorker-569| 2026-06-22 02:17:02,030,30 multiprocessing INFO SEE LOG AT : ./logs/all_Lyapunov_test_dso-fn_d_all_m_01_log.txt
SpawnPoolWorker-569| 2026-06-22 02:17:02,030,30 multiprocessing INFO See log at : ./logs/all_Lyapunov_test_dso-fn_d_all_m_01_log.txt
SpawnPoolWorker-569| 2026-06-22 02:17:02,040,40 multiprocessing INFO child process calling self.run()
SpawnPoolWorker-544| 2026-06-22 02:17:02,057,57 multiprocessing INFO STARTING NEW RUN ==========
SpawnPoolWorker-544| 2026-06-22 02:17:02,058,58 multiprocessing INFO SEE LOG AT : ./logs/all_Lyapunov_test_dso-fn_d_all_m_01_log.txt
SpawnPoolWorker-544| 2026-06-22 02:17:02,058,58 multiprocessing INFO See log at : ./logs/all_Lyapunov_test_dso-fn_d_all_m_01_log.txt
SpawnPoolWorker-556| 2026-06-22 02:17:02,058,58 multiprocessing INFO STARTING NEW RUN ==========
SpawnPoolWorker-556| 2026-06-22 02:17:02,058,58 multiprocessing INFO SEE LOG AT : ./logs/all_Lyapunov_test_dso-fn_d_all_m_01_log.txt
SpawnPoolWorker-556| 2026-06-22 02:17:02,058,58 multiprocessing INFO See log at : ./logs/all_Lyapunov_test_dso-fn_d_all_m_01_log.txt
SpawnPoolWorker-544| 2026-06-22 02:17:02,060,60 multiprocessing INFO child process calling self.run()
SpawnPoolWorker-556| 2026-06-22 02:17:02,063,63 multiprocessing INFO child process calling self.run()
SpawnPoolWorker-547| 2026-06-22 02:17:02,163,163 multiprocessing INFO STARTING NEW RUN ==========
SpawnPoolWorker-547| 2026-06-22 02:17:02,163,163 multiprocessing INFO SEE LOG AT : ./logs/all_Lyapunov_test_dso-fn_d_all_m_01_log.txt
SpawnPoolWorker-547| 2026-06-22 02:17:02,163,163 multiprocessing INFO See log at : ./logs/all_Lyapunov_test_dso-fn_d_all_m_01_log.txt
SpawnPoolWorker-547| 2026-06-22 02:17:02,172,172 multiprocessing INFO child process calling self.run()
SpawnPoolWorker-546| 2026-06-22 02:17:02,305,305 multiprocessing INFO STARTING NEW RUN ==========
SpawnPoolWorker-546| 2026-06-22 02:17:02,305,305 multiprocessing INFO SEE LOG AT : ./logs/all_Lyapunov_test_dso-fn_d_all_m_01_log.txt
SpawnPoolWorker-546| 2026-06-22 02:17:02,305,305 multiprocessing INFO See log at : ./logs/all_Lyapunov_test_dso-fn_d_all_m_01_log.txt
SpawnPoolWorker-546| 2026-06-22 02:17:02,312,312 multiprocessing INFO child process calling self.run()
SpawnPoolWorker-575| 2026-06-22 02:17:02,329,329 multiprocessing INFO STARTING NEW RUN ==========
SpawnPoolWorker-575| 2026-06-22 02:17:02,329,329 multiprocessing INFO SEE LOG AT : ./logs/all_Lyapunov_test_dso-fn_d_all_m_01_log.txt
SpawnPoolWorker-575| 2026-06-22 02:17:02,329,329 multiprocessing INFO See log at : ./logs/all_Lyapunov_test_dso-fn_d_all_m_01_log.txt
SpawnPoolWorker-575| 2026-06-22 02:17:02,331,331 multiprocessing INFO child process calling self.run()
SpawnPoolWorker-558| 2026-06-22 02:17:02,589,589 multiprocessing INFO STARTING NEW RUN ==========
SpawnPoolWorker-558| 2026-06-22 02:17:02,589,589 multiprocessing INFO SEE LOG AT : ./logs/all_Lyapunov_test_dso-fn_d_all_m_01_log.txt
SpawnPoolWorker-558| 2026-06-22 02:17:02,589,589 multiprocessing INFO See log at : ./logs/all_Lyapunov_test_dso-fn_d_all_m_01_log.txt
SpawnPoolWorker-558| 2026-06-22 02:17:02,609,609 multiprocessing INFO child process calling self.run()
SpawnPoolWorker-554| 2026-06-22 02:17:02,806,806 multiprocessing INFO STARTING NEW RUN ==========
SpawnPoolWorker-554| 2026-06-22 02:17:02,806,806 multiprocessing INFO SEE LOG AT : ./logs/all_Lyapunov_test_dso-fn_d_all_m_01_log.txt
SpawnPoolWorker-554| 2026-06-22 02:17:02,806,806 multiprocessing INFO See log at : ./logs/all_Lyapunov_test_dso-fn_d_all_m_01_log.txt
SpawnPoolWorker-559| 2026-06-22 02:17:02,818,818 multiprocessing INFO STARTING NEW RUN ==========
SpawnPoolWorker-559| 2026-06-22 02:17:02,818,818 multiprocessing INFO SEE LOG AT : ./logs/all_Lyapunov_test_dso-fn_d_all_m_01_log.txt
SpawnPoolWorker-559| 2026-06-22 02:17:02,818,818 multiprocessing INFO See log at : ./logs/all_Lyapunov_test_dso-fn_d_all_m_01_log.txt
SpawnPoolWorker-554| 2026-06-22 02:17:02,831,831 multiprocessing INFO child process calling self.run()
SpawnPoolWorker-559| 2026-06-22 02:17:02,839,839 multiprocessing INFO child process calling self.run()
SpawnPoolWorker-565| 2026-06-22 02:17:02,924,924 multiprocessing INFO STARTING NEW RUN ==========
SpawnPoolWorker-565| 2026-06-22 02:17:02,924,924 multiprocessing INFO SEE LOG AT : ./logs/all_Lyapunov_test_dso-fn_d_all_m_01_log.txt
SpawnPoolWorker-565| 2026-06-22 02:17:02,924,924 multiprocessing INFO See log at : ./logs/all_Lyapunov_test_dso-fn_d_all_m_01_log.txt
SpawnPoolWorker-565| 2026-06-22 02:17:02,932,932 multiprocessing INFO child process calling self.run()
SpawnPoolWorker-551| 2026-06-22 02:17:02,950,950 multiprocessing INFO STARTING NEW RUN ==========
SpawnPoolWorker-551| 2026-06-22 02:17:02,950,950 multiprocessing INFO SEE LOG AT : ./logs/all_Lyapunov_test_dso-fn_d_all_m_01_log.txt
SpawnPoolWorker-551| 2026-06-22 02:17:02,950,950 multiprocessing INFO See log at : ./logs/all_Lyapunov_test_dso-fn_d_all_m_01_log.txt
SpawnPoolWorker-551| 2026-06-22 02:17:02,952,952 multiprocessing INFO child process calling self.run()
SpawnPoolWorker-562| 2026-06-22 02:17:02,975,975 multiprocessing INFO STARTING NEW RUN ==========
SpawnPoolWorker-562| 2026-06-22 02:17:02,975,975 multiprocessing INFO SEE LOG AT : ./logs/all_Lyapunov_test_dso-fn_d_all_m_01_log.txt
SpawnPoolWorker-562| 2026-06-22 02:17:02,975,975 multiprocessing INFO See log at : ./logs/all_Lyapunov_test_dso-fn_d_all_m_01_log.txt
SpawnPoolWorker-562| 2026-06-22 02:17:02,977,977 multiprocessing INFO child process calling self.run()
SpawnPoolWorker-564| 2026-06-22 02:17:03,110,110 multiprocessing INFO STARTING NEW RUN ==========
SpawnPoolWorker-564| 2026-06-22 02:17:03,110,110 multiprocessing INFO SEE LOG AT : ./logs/all_Lyapunov_test_dso-fn_d_all_m_01_log.txt
SpawnPoolWorker-564| 2026-06-22 02:17:03,110,110 multiprocessing INFO See log at : ./logs/all_Lyapunov_test_dso-fn_d_all_m_01_log.txt
SpawnPoolWorker-564| 2026-06-22 02:17:03,120,120 multiprocessing INFO child process calling self.run()
SpawnPoolWorker-571| 2026-06-22 02:17:03,122,122 multiprocessing INFO STARTING NEW RUN ==========
SpawnPoolWorker-571| 2026-06-22 02:17:03,126,126 multiprocessing INFO SEE LOG AT : ./logs/all_Lyapunov_test_dso-fn_d_all_m_01_log.txt
SpawnPoolWorker-571| 2026-06-22 02:17:03,126,126 multiprocessing INFO See log at : ./logs/all_Lyapunov_test_dso-fn_d_all_m_01_log.txt
SpawnPoolWorker-571| 2026-06-22 02:17:03,128,128 multiprocessing INFO child process calling self.run()
SpawnPoolWorker-557| 2026-06-22 02:17:03,221,221 multiprocessing INFO STARTING NEW RUN ==========
SpawnPoolWorker-557| 2026-06-22 02:17:03,221,221 multiprocessing INFO SEE LOG AT : ./logs/all_Lyapunov_test_dso-fn_d_all_m_01_log.txt
SpawnPoolWorker-557| 2026-06-22 02:17:03,221,221 multiprocessing INFO See log at : ./logs/all_Lyapunov_test_dso-fn_d_all_m_01_log.txt
SpawnPoolWorker-557| 2026-06-22 02:17:03,223,223 multiprocessing INFO child process calling self.run()
SpawnPoolWorker-563| 2026-06-22 02:17:03,286,286 multiprocessing INFO STARTING NEW RUN ==========
SpawnPoolWorker-563| 2026-06-22 02:17:03,286,286 multiprocessing INFO SEE LOG AT : ./logs/all_Lyapunov_test_dso-fn_d_all_m_01_log.txt
SpawnPoolWorker-563| 2026-06-22 02:17:03,286,286 multiprocessing INFO See log at : ./logs/all_Lyapunov_test_dso-fn_d_all_m_01_log.txt
SpawnPoolWorker-563| 2026-06-22 02:17:03,297,297 multiprocessing INFO child process calling self.run()
SpawnPoolWorker-573| 2026-06-22 02:17:03,310,310 multiprocessing INFO STARTING NEW RUN ==========
SpawnPoolWorker-573| 2026-06-22 02:17:03,310,310 multiprocessing INFO SEE LOG AT : ./logs/all_Lyapunov_test_dso-fn_d_all_m_01_log.txt
SpawnPoolWorker-573| 2026-06-22 02:17:03,310,310 multiprocessing INFO See log at : ./logs/all_Lyapunov_test_dso-fn_d_all_m_01_log.txt
SpawnPoolWorker-573| 2026-06-22 02:17:03,312,312 multiprocessing INFO child process calling self.run()
SpawnPoolWorker-568| 2026-06-22 02:17:03,480,480 multiprocessing INFO STARTING NEW RUN ==========
SpawnPoolWorker-568| 2026-06-22 02:17:03,480,480 multiprocessing INFO SEE LOG AT : ./logs/all_Lyapunov_test_dso-fn_d_all_m_01_log.txt
SpawnPoolWorker-568| 2026-06-22 02:17:03,480,480 multiprocessing INFO See log at : ./logs/all_Lyapunov_test_dso-fn_d_all_m_01_log.txt
SpawnPoolWorker-568| 2026-06-22 02:17:03,486,486 multiprocessing INFO child process calling self.run()
SpawnPoolWorker-560| 2026-06-22 02:17:03,714,714 multiprocessing INFO STARTING NEW RUN ==========
SpawnPoolWorker-560| 2026-06-22 02:17:03,714,714 multiprocessing INFO SEE LOG AT : ./logs/all_Lyapunov_test_dso-fn_d_all_m_01_log.txt
SpawnPoolWorker-560| 2026-06-22 02:17:03,714,714 multiprocessing INFO See log at : ./logs/all_Lyapunov_test_dso-fn_d_all_m_01_log.txt
SpawnPoolWorker-560| 2026-06-22 02:17:03,716,716 multiprocessing INFO child process calling self.run()
SpawnPoolWorker-566| 2026-06-22 02:17:03,781,781 multiprocessing INFO STARTING NEW RUN ==========
SpawnPoolWorker-566| 2026-06-22 02:17:03,781,781 multiprocessing INFO SEE LOG AT : ./logs/all_Lyapunov_test_dso-fn_d_all_m_01_log.txt
SpawnPoolWorker-566| 2026-06-22 02:17:03,781,781 multiprocessing INFO See log at : ./logs/all_Lyapunov_test_dso-fn_d_all_m_01_log.txt
SpawnPoolWorker-566| 2026-06-22 02:17:03,787,787 multiprocessing INFO child process calling self.run()
SpawnPoolWorker-577| 2026-06-22 02:17:04,071,71 multiprocessing INFO STARTING NEW RUN ==========
SpawnPoolWorker-577| 2026-06-22 02:17:04,071,71 multiprocessing INFO SEE LOG AT : ./logs/all_Lyapunov_test_dso-fn_d_all_m_01_log.txt
SpawnPoolWorker-577| 2026-06-22 02:17:04,071,71 multiprocessing INFO See log at : ./logs/all_Lyapunov_test_dso-fn_d_all_m_01_log.txt
SpawnPoolWorker-577| 2026-06-22 02:17:04,074,74 multiprocessing INFO child process calling self.run()
SpawnPoolWorker-567| 2026-06-22 02:17:04,112,112 multiprocessing INFO STARTING NEW RUN ==========
SpawnPoolWorker-567| 2026-06-22 02:17:04,112,112 multiprocessing INFO SEE LOG AT : ./logs/all_Lyapunov_test_dso-fn_d_all_m_01_log.txt
SpawnPoolWorker-567| 2026-06-22 02:17:04,112,112 multiprocessing INFO See log at : ./logs/all_Lyapunov_test_dso-fn_d_all_m_01_log.txt
SpawnPoolWorker-567| 2026-06-22 02:17:04,118,118 multiprocessing INFO child process calling self.run()
SpawnPoolWorker-570| 2026-06-22 02:17:04,170,170 multiprocessing INFO STARTING NEW RUN ==========
SpawnPoolWorker-570| 2026-06-22 02:17:04,170,170 multiprocessing INFO SEE LOG AT : ./logs/all_Lyapunov_test_dso-fn_d_all_m_01_log.txt
SpawnPoolWorker-570| 2026-06-22 02:17:04,170,170 multiprocessing INFO See log at : ./logs/all_Lyapunov_test_dso-fn_d_all_m_01_log.txt
SpawnPoolWorker-570| 2026-06-22 02:17:04,178,178 multiprocessing INFO child process calling self.run()
SpawnPoolWorker-572| 2026-06-22 02:17:04,352,352 multiprocessing INFO STARTING NEW RUN ==========
SpawnPoolWorker-572| 2026-06-22 02:17:04,352,352 multiprocessing INFO SEE LOG AT : ./logs/all_Lyapunov_test_dso-fn_d_all_m_01_log.txt
SpawnPoolWorker-572| 2026-06-22 02:17:04,352,352 multiprocessing INFO See log at : ./logs/all_Lyapunov_test_dso-fn_d_all_m_01_log.txt
SpawnPoolWorker-572| 2026-06-22 02:17:04,354,354 multiprocessing INFO child process calling self.run()
SpawnPoolWorker-574| 2026-06-22 02:17:04,697,697 multiprocessing INFO STARTING NEW RUN ==========
SpawnPoolWorker-574| 2026-06-22 02:17:04,697,697 multiprocessing INFO SEE LOG AT : ./logs/all_Lyapunov_test_dso-fn_d_all_m_01_log.txt
SpawnPoolWorker-574| 2026-06-22 02:17:04,697,697 multiprocessing INFO See log at : ./logs/all_Lyapunov_test_dso-fn_d_all_m_01_log.txt
SpawnPoolWorker-574| 2026-06-22 02:17:04,698,698 multiprocessing INFO child process calling self.run()
SpawnPoolWorker-576| 2026-06-22 02:17:04,803,803 multiprocessing INFO STARTING NEW RUN ==========
SpawnPoolWorker-576| 2026-06-22 02:17:04,804,804 multiprocessing INFO SEE LOG AT : ./logs/all_Lyapunov_test_dso-fn_d_all_m_01_log.txt
SpawnPoolWorker-576| 2026-06-22 02:17:04,804,804 multiprocessing INFO See log at : ./logs/all_Lyapunov_test_dso-fn_d_all_m_01_log.txt
SpawnPoolWorker-576| 2026-06-22 02:17:04,806,806 multiprocessing INFO child process calling self.run()
SpawnPoolWorker-558| 2026-06-22 02:17:04,829,829 multiprocessing INFO process shutting down
SpawnPoolWorker-554| 2026-06-22 02:17:04,829,829 multiprocessing INFO process shutting down
SpawnPoolWorker-558| 2026-06-22 02:17:04,829,829 multiprocessing INFO process exiting with exitcode 0
SpawnPoolWorker-559| 2026-06-22 02:17:04,829,829 multiprocessing INFO process shutting down
SpawnPoolWorker-554| 2026-06-22 02:17:04,829,829 multiprocessing INFO process exiting with exitcode 0
SpawnPoolWorker-565| 2026-06-22 02:17:04,829,829 multiprocessing INFO process shutting down
SpawnPoolWorker-559| 2026-06-22 02:17:04,829,829 multiprocessing INFO process exiting with exitcode 0
SpawnPoolWorker-565| 2026-06-22 02:17:04,829,829 multiprocessing INFO process exiting with exitcode 0
SpawnPoolWorker-551| 2026-06-22 02:17:04,829,829 multiprocessing INFO process shutting down
SpawnPoolWorker-562| 2026-06-22 02:17:04,829,829 multiprocessing INFO process shutting down
SpawnPoolWorker-564| 2026-06-22 02:17:04,829,829 multiprocessing INFO process shutting down
SpawnPoolWorker-537| 2026-06-22 02:17:04,829,829 multiprocessing INFO process shutting down
SpawnPoolWorker-571| 2026-06-22 02:17:04,829,829 multiprocessing INFO process shutting down
SpawnPoolWorker-557| 2026-06-22 02:17:04,829,829 multiprocessing INFO process shutting down
SpawnPoolWorker-548| 2026-06-22 02:17:04,829,829 multiprocessing INFO process shutting down
SpawnPoolWorker-563| 2026-06-22 02:17:04,830,830 multiprocessing INFO process shutting down
SpawnPoolWorker-536| 2026-06-22 02:17:04,830,830 multiprocessing INFO process shutting down
SpawnPoolWorker-573| 2026-06-22 02:17:04,830,830 multiprocessing INFO process shutting down
SpawnPoolWorker-568| 2026-06-22 02:17:04,830,830 multiprocessing INFO process shutting down
SpawnPoolWorker-538| 2026-06-22 02:17:04,830,830 multiprocessing INFO process shutting down
SpawnPoolWorker-552| 2026-06-22 02:17:04,830,830 multiprocessing INFO process shutting down
SpawnPoolWorker-533| 2026-06-22 02:17:04,830,830 multiprocessing INFO process shutting down
SpawnPoolWorker-560| 2026-06-22 02:17:04,830,830 multiprocessing INFO process shutting down
SpawnPoolWorker-566| 2026-06-22 02:17:04,830,830 multiprocessing INFO process shutting down
SpawnPoolWorker-543| 2026-06-22 02:17:04,830,830 multiprocessing INFO process shutting down
SpawnPoolWorker-540| 2026-06-22 02:17:04,830,830 multiprocessing INFO process shutting down
SpawnPoolWorker-577| 2026-06-22 02:17:04,830,830 multiprocessing INFO process shutting down
SpawnPoolWorker-567| 2026-06-22 02:17:04,830,830 multiprocessing INFO process shutting down
SpawnPoolWorker-570| 2026-06-22 02:17:04,830,830 multiprocessing INFO process shutting down
SpawnPoolWorker-545| 2026-06-22 02:17:04,830,830 multiprocessing INFO process shutting down
SpawnPoolWorker-561| 2026-06-22 02:17:04,830,830 multiprocessing INFO process shutting down
SpawnPoolWorker-555| 2026-06-22 02:17:04,830,830 multiprocessing INFO process shutting down
SpawnPoolWorker-544| 2026-06-22 02:17:04,830,830 multiprocessing INFO process shutting down
SpawnPoolWorker-572| 2026-06-22 02:17:04,830,830 multiprocessing INFO process shutting down
SpawnPoolWorker-549| 2026-06-22 02:17:04,831,831 multiprocessing INFO process shutting down
SpawnPoolWorker-556| 2026-06-22 02:17:04,831,831 multiprocessing INFO process shutting down
SpawnPoolWorker-542| 2026-06-22 02:17:04,831,831 multiprocessing INFO process shutting down
SpawnPoolWorker-550| 2026-06-22 02:17:04,831,831 multiprocessing INFO process shutting down
SpawnPoolWorker-547| 2026-06-22 02:17:04,831,831 multiprocessing INFO process shutting down
SpawnPoolWorker-574| 2026-06-22 02:17:04,831,831 multiprocessing INFO process shutting down
SpawnPoolWorker-553| 2026-06-22 02:17:04,831,831 multiprocessing INFO process shutting down
SpawnPoolWorker-546| 2026-06-22 02:17:04,831,831 multiprocessing INFO process shutting down
SpawnPoolWorker-534| 2026-06-22 02:17:04,831,831 multiprocessing INFO process shutting down
SpawnPoolWorker-539| 2026-06-22 02:17:04,831,831 multiprocessing INFO process shutting down
SpawnPoolWorker-535| 2026-06-22 02:17:04,831,831 multiprocessing INFO process shutting down
SpawnPoolWorker-569| 2026-06-22 02:17:04,831,831 multiprocessing INFO process shutting down
SpawnPoolWorker-569| 2026-06-22 02:17:04,831,831 multiprocessing INFO process exiting with exitcode 0
SpawnPoolWorker-551| 2026-06-22 02:17:04,831,831 multiprocessing INFO process exiting with exitcode 0
SpawnPoolWorker-562| 2026-06-22 02:17:04,831,831 multiprocessing INFO process exiting with exitcode 0
SpawnPoolWorker-576| 2026-06-22 02:17:04,831,831 multiprocessing INFO process shutting down
28
(100000, 6)
(100000,)
(100000, 6)
(100000,)

=======================Successfully Added (25805, 6) Counter Examples=======================


============None of the candidates fulfill the conditions. Training CONTINUES!=================

MainProcess| 2026-06-22 02:17:07,361,361 multiprocessing INFO 
============None of the candidates fulfill the conditions. Training CONTINUES!=================


============None of the candidates fulfill the conditions. Training CONTINUES!=================

(55, 123)
/users/9/chen8596/miniconda3/envs/alfd/lib/python3.9/site-packages/torch/nn/functional.py:4999: UserWarning: Support for mismatched key_padding_mask and attn_mask is deprecated. Use same type for both instead.
  warnings.warn(

==============Start Supervised Learning==============

MainProcess| 2026-06-22 02:17:11,735,735 multiprocessing INFO GP output mean: 0.9999010741161751
GP output mean: 0.9999010741161751
MainProcess| 2026-06-22 02:17:12,335,335 multiprocessing INFO GP output success rate: 0.0
GP output success rate: 0.0

==============End Supervised Learning==============

MainProcess| 2026-06-22 02:17:13,681,681 multiprocessing INFO [Test epoch=0010]  nevals=136981 	| train_loss=7919.57568 	| eqs_invalid %=0.00 	| r_best=0.99794 	| quantile=0.97423 	| r_quantile_mean=0.98265 	| r_raw_sum=94.74119 	|  r_raw_mean=0.83842 	| r2=nan 	| acc_iid=0.00000 	| acc_ood=0.00000 	| nmse_test=0.0 	| true_equation_set_count=0 	| s/it=115.24801
[Test epoch=0010]  nevals=136981 	| train_loss=7919.57568 	| eqs_invalid %=0.00 	| r_best=0.99794 	| quantile=0.97423 	| r_quantile_mean=0.98265 	| r_raw_sum=94.74119 	|  r_raw_mean=0.83842 	| r2=nan 	| acc_iid=0.00000 	| acc_ood=0.00000 	| nmse_test=0.0 	| true_equation_set_count=0 	| s/it=115.24801
MainProcess| 2026-06-22 02:17:13,681,681 multiprocessing INFO [00:00:23:12.55] Training epoch 10/4000, current best R: 0.9979
[00:00:23:12.55] Training epoch 10/4000, current best R: 0.9979
MainProcess| 2026-06-22 02:18:49,403,403 multiprocessing INFO Genetic Porgramming Runtime 95.14696131297387
Genetic Porgramming Runtime 95.14696131297387

=========================PGD Collection Starts=========================

SpawnPoolWorker-585| 2026-06-22 02:18:55,321,321 multiprocessing INFO STARTING NEW RUN ==========
SpawnPoolWorker-585| 2026-06-22 02:18:55,321,321 multiprocessing INFO SEE LOG AT : ./logs/all_Lyapunov_test_dso-fn_d_all_m_01_log.txt
SpawnPoolWorker-585| 2026-06-22 02:18:55,321,321 multiprocessing INFO See log at : ./logs/all_Lyapunov_test_dso-fn_d_all_m_01_log.txt
SpawnPoolWorker-589| 2026-06-22 02:18:55,321,321 multiprocessing INFO STARTING NEW RUN ==========
SpawnPoolWorker-589| 2026-06-22 02:18:55,321,321 multiprocessing INFO SEE LOG AT : ./logs/all_Lyapunov_test_dso-fn_d_all_m_01_log.txt
SpawnPoolWorker-589| 2026-06-22 02:18:55,321,321 multiprocessing INFO See log at : ./logs/all_Lyapunov_test_dso-fn_d_all_m_01_log.txt
SpawnPoolWorker-582| 2026-06-22 02:18:55,323,323 multiprocessing INFO STARTING NEW RUN ==========
SpawnPoolWorker-588| 2026-06-22 02:18:55,323,323 multiprocessing INFO STARTING NEW RUN ==========
SpawnPoolWorker-584| 2026-06-22 02:18:55,323,323 multiprocessing INFO STARTING NEW RUN ==========
SpawnPoolWorker-583| 2026-06-22 02:18:55,323,323 multiprocessing INFO STARTING NEW RUN ==========
SpawnPoolWorker-582| 2026-06-22 02:18:55,323,323 multiprocessing INFO SEE LOG AT : ./logs/all_Lyapunov_test_dso-fn_d_all_m_01_log.txt
SpawnPoolWorker-582| 2026-06-22 02:18:55,323,323 multiprocessing INFO See log at : ./logs/all_Lyapunov_test_dso-fn_d_all_m_01_log.txt
SpawnPoolWorker-588| 2026-06-22 02:18:55,323,323 multiprocessing INFO SEE LOG AT : ./logs/all_Lyapunov_test_dso-fn_d_all_m_01_log.txt
SpawnPoolWorker-584| 2026-06-22 02:18:55,323,323 multiprocessing INFO SEE LOG AT : ./logs/all_Lyapunov_test_dso-fn_d_all_m_01_log.txt
SpawnPoolWorker-583| 2026-06-22 02:18:55,323,323 multiprocessing INFO SEE LOG AT : ./logs/all_Lyapunov_test_dso-fn_d_all_m_01_log.txt
SpawnPoolWorker-588| 2026-06-22 02:18:55,323,323 multiprocessing INFO See log at : ./logs/all_Lyapunov_test_dso-fn_d_all_m_01_log.txt
SpawnPoolWorker-584| 2026-06-22 02:18:55,323,323 multiprocessing INFO See log at : ./logs/all_Lyapunov_test_dso-fn_d_all_m_01_log.txt
SpawnPoolWorker-583| 2026-06-22 02:18:55,323,323 multiprocessing INFO See log at : ./logs/all_Lyapunov_test_dso-fn_d_all_m_01_log.txt
SpawnPoolWorker-585| 2026-06-22 02:18:55,324,324 multiprocessing INFO child process calling self.run()
SpawnPoolWorker-589| 2026-06-22 02:18:55,324,324 multiprocessing INFO child process calling self.run()
SpawnPoolWorker-582| 2026-06-22 02:18:55,325,325 multiprocessing INFO child process calling self.run()
SpawnPoolWorker-588| 2026-06-22 02:18:55,325,325 multiprocessing INFO child process calling self.run()
SpawnPoolWorker-584| 2026-06-22 02:18:55,325,325 multiprocessing INFO child process calling self.run()
SpawnPoolWorker-583| 2026-06-22 02:18:55,325,325 multiprocessing INFO child process calling self.run()
SpawnPoolWorker-581| 2026-06-22 02:18:55,326,326 multiprocessing INFO STARTING NEW RUN ==========
SpawnPoolWorker-586| 2026-06-22 02:18:55,326,326 multiprocessing INFO STARTING NEW RUN ==========
SpawnPoolWorker-590| 2026-06-22 02:18:55,326,326 multiprocessing INFO STARTING NEW RUN ==========
SpawnPoolWorker-581| 2026-06-22 02:18:55,326,326 multiprocessing INFO SEE LOG AT : ./logs/all_Lyapunov_test_dso-fn_d_all_m_01_log.txt
SpawnPoolWorker-586| 2026-06-22 02:18:55,326,326 multiprocessing INFO SEE LOG AT : ./logs/all_Lyapunov_test_dso-fn_d_all_m_01_log.txt
SpawnPoolWorker-590| 2026-06-22 02:18:55,326,326 multiprocessing INFO SEE LOG AT : ./logs/all_Lyapunov_test_dso-fn_d_all_m_01_log.txt
SpawnPoolWorker-581| 2026-06-22 02:18:55,326,326 multiprocessing INFO See log at : ./logs/all_Lyapunov_test_dso-fn_d_all_m_01_log.txt
SpawnPoolWorker-586| 2026-06-22 02:18:55,326,326 multiprocessing INFO See log at : ./logs/all_Lyapunov_test_dso-fn_d_all_m_01_log.txt
SpawnPoolWorker-590| 2026-06-22 02:18:55,326,326 multiprocessing INFO See log at : ./logs/all_Lyapunov_test_dso-fn_d_all_m_01_log.txt
SpawnPoolWorker-581| 2026-06-22 02:18:55,328,328 multiprocessing INFO child process calling self.run()
SpawnPoolWorker-590| 2026-06-22 02:18:55,328,328 multiprocessing INFO child process calling self.run()
SpawnPoolWorker-586| 2026-06-22 02:18:55,328,328 multiprocessing INFO child process calling self.run()
SpawnPoolWorker-587| 2026-06-22 02:18:55,331,331 multiprocessing INFO STARTING NEW RUN ==========
SpawnPoolWorker-587| 2026-06-22 02:18:55,331,331 multiprocessing INFO SEE LOG AT : ./logs/all_Lyapunov_test_dso-fn_d_all_m_01_log.txt
SpawnPoolWorker-587| 2026-06-22 02:18:55,331,331 multiprocessing INFO See log at : ./logs/all_Lyapunov_test_dso-fn_d_all_m_01_log.txt
SpawnPoolWorker-587| 2026-06-22 02:18:55,332,332 multiprocessing INFO child process calling self.run()
SpawnPoolWorker-589| 2026-06-22 02:19:11,418,418 multiprocessing INFO process shutting down
SpawnPoolWorker-581| 2026-06-22 02:19:11,418,418 multiprocessing INFO process shutting down
SpawnPoolWorker-582| 2026-06-22 02:19:11,418,418 multiprocessing INFO process shutting down
SpawnPoolWorker-583| 2026-06-22 02:19:11,418,418 multiprocessing INFO process shutting down
SpawnPoolWorker-590| 2026-06-22 02:19:11,418,418 multiprocessing INFO process shutting down
SpawnPoolWorker-589| 2026-06-22 02:19:11,418,418 multiprocessing INFO process exiting with exitcode 0
SpawnPoolWorker-581| 2026-06-22 02:19:11,418,418 multiprocessing INFO process exiting with exitcode 0
SpawnPoolWorker-582| 2026-06-22 02:19:11,418,418 multiprocessing INFO process exiting with exitcode 0
SpawnPoolWorker-583| 2026-06-22 02:19:11,418,418 multiprocessing INFO process exiting with exitcode 0
SpawnPoolWorker-586| 2026-06-22 02:19:11,418,418 multiprocessing INFO process shutting down
SpawnPoolWorker-590| 2026-06-22 02:19:11,418,418 multiprocessing INFO process exiting with exitcode 0
SpawnPoolWorker-588| 2026-06-22 02:19:11,418,418 multiprocessing INFO process shutting down
SpawnPoolWorker-585| 2026-06-22 02:19:11,418,418 multiprocessing INFO process shutting down
SpawnPoolWorker-584| 2026-06-22 02:19:11,418,418 multiprocessing INFO process shutting down
(20000,)

===================Collect 20000 Examples===================

Epsilon 0.1
500
(550,)
(550,)
(55,)
Number of Programs for Minimization: 28
SpawnPoolWorker-595| 2026-06-22 02:19:33,350,350 multiprocessing INFO STARTING NEW RUN ==========
SpawnPoolWorker-595| 2026-06-22 02:19:33,350,350 multiprocessing INFO SEE LOG AT : ./logs/all_Lyapunov_test_dso-fn_d_all_m_01_log.txt
SpawnPoolWorker-595| 2026-06-22 02:19:33,350,350 multiprocessing INFO See log at : ./logs/all_Lyapunov_test_dso-fn_d_all_m_01_log.txt
SpawnPoolWorker-595| 2026-06-22 02:19:33,373,373 multiprocessing INFO child process calling self.run()
SpawnPoolWorker-597| 2026-06-22 02:19:33,853,853 multiprocessing INFO STARTING NEW RUN ==========
SpawnPoolWorker-597| 2026-06-22 02:19:33,853,853 multiprocessing INFO SEE LOG AT : ./logs/all_Lyapunov_test_dso-fn_d_all_m_01_log.txt
SpawnPoolWorker-597| 2026-06-22 02:19:33,853,853 multiprocessing INFO See log at : ./logs/all_Lyapunov_test_dso-fn_d_all_m_01_log.txt
SpawnPoolWorker-597| 2026-06-22 02:19:33,863,863 multiprocessing INFO child process calling self.run()
SpawnPoolWorker-601| 2026-06-22 02:19:34,179,179 multiprocessing INFO STARTING NEW RUN ==========
SpawnPoolWorker-601| 2026-06-22 02:19:34,179,179 multiprocessing INFO SEE LOG AT : ./logs/all_Lyapunov_test_dso-fn_d_all_m_01_log.txt
SpawnPoolWorker-601| 2026-06-22 02:19:34,179,179 multiprocessing INFO See log at : ./logs/all_Lyapunov_test_dso-fn_d_all_m_01_log.txt
SpawnPoolWorker-601| 2026-06-22 02:19:34,181,181 multiprocessing INFO child process calling self.run()
SpawnPoolWorker-600| 2026-06-22 02:19:34,572,572 multiprocessing INFO STARTING NEW RUN ==========
SpawnPoolWorker-600| 2026-06-22 02:19:34,572,572 multiprocessing INFO SEE LOG AT : ./logs/all_Lyapunov_test_dso-fn_d_all_m_01_log.txt
SpawnPoolWorker-600| 2026-06-22 02:19:34,572,572 multiprocessing INFO See log at : ./logs/all_Lyapunov_test_dso-fn_d_all_m_01_log.txt
SpawnPoolWorker-600| 2026-06-22 02:19:34,576,576 multiprocessing INFO child process calling self.run()
SpawnPoolWorker-614| 2026-06-22 02:19:34,966,966 multiprocessing INFO STARTING NEW RUN ==========
SpawnPoolWorker-614| 2026-06-22 02:19:34,967,967 multiprocessing INFO SEE LOG AT : ./logs/all_Lyapunov_test_dso-fn_d_all_m_01_log.txt
SpawnPoolWorker-614| 2026-06-22 02:19:34,967,967 multiprocessing INFO See log at : ./logs/all_Lyapunov_test_dso-fn_d_all_m_01_log.txt
SpawnPoolWorker-614| 2026-06-22 02:19:34,969,969 multiprocessing INFO child process calling self.run()
SpawnPoolWorker-608| 2026-06-22 02:19:35,098,98 multiprocessing INFO STARTING NEW RUN ==========
SpawnPoolWorker-608| 2026-06-22 02:19:35,098,98 multiprocessing INFO SEE LOG AT : ./logs/all_Lyapunov_test_dso-fn_d_all_m_01_log.txt
SpawnPoolWorker-608| 2026-06-22 02:19:35,098,98 multiprocessing INFO See log at : ./logs/all_Lyapunov_test_dso-fn_d_all_m_01_log.txt
SpawnPoolWorker-608| 2026-06-22 02:19:35,101,101 multiprocessing INFO child process calling self.run()
SpawnPoolWorker-631| 2026-06-22 02:19:35,361,361 multiprocessing INFO STARTING NEW RUN ==========
SpawnPoolWorker-631| 2026-06-22 02:19:35,361,361 multiprocessing INFO SEE LOG AT : ./logs/all_Lyapunov_test_dso-fn_d_all_m_01_log.txt
SpawnPoolWorker-631| 2026-06-22 02:19:35,361,361 multiprocessing INFO See log at : ./logs/all_Lyapunov_test_dso-fn_d_all_m_01_log.txt
SpawnPoolWorker-631| 2026-06-22 02:19:35,363,363 multiprocessing INFO child process calling self.run()
SpawnPoolWorker-607| 2026-06-22 02:19:35,417,417 multiprocessing INFO STARTING NEW RUN ==========
SpawnPoolWorker-607| 2026-06-22 02:19:35,417,417 multiprocessing INFO SEE LOG AT : ./logs/all_Lyapunov_test_dso-fn_d_all_m_01_log.txt
SpawnPoolWorker-607| 2026-06-22 02:19:35,417,417 multiprocessing INFO See log at : ./logs/all_Lyapunov_test_dso-fn_d_all_m_01_log.txt
SpawnPoolWorker-607| 2026-06-22 02:19:35,423,423 multiprocessing INFO child process calling self.run()
SpawnPoolWorker-621| 2026-06-22 02:19:35,560,560 multiprocessing INFO STARTING NEW RUN ==========
SpawnPoolWorker-621| 2026-06-22 02:19:35,561,561 multiprocessing INFO SEE LOG AT : ./logs/all_Lyapunov_test_dso-fn_d_all_m_01_log.txt
SpawnPoolWorker-621| 2026-06-22 02:19:35,561,561 multiprocessing INFO See log at : ./logs/all_Lyapunov_test_dso-fn_d_all_m_01_log.txt
SpawnPoolWorker-621| 2026-06-22 02:19:35,570,570 multiprocessing INFO child process calling self.run()
SpawnPoolWorker-599| 2026-06-22 02:19:35,638,638 multiprocessing INFO STARTING NEW RUN ==========
SpawnPoolWorker-599| 2026-06-22 02:19:35,638,638 multiprocessing INFO SEE LOG AT : ./logs/all_Lyapunov_test_dso-fn_d_all_m_01_log.txt
SpawnPoolWorker-599| 2026-06-22 02:19:35,638,638 multiprocessing INFO See log at : ./logs/all_Lyapunov_test_dso-fn_d_all_m_01_log.txt
SpawnPoolWorker-599| 2026-06-22 02:19:35,643,643 multiprocessing INFO child process calling self.run()
SpawnPoolWorker-625| 2026-06-22 02:19:35,799,799 multiprocessing INFO STARTING NEW RUN ==========
SpawnPoolWorker-625| 2026-06-22 02:19:35,799,799 multiprocessing INFO SEE LOG AT : ./logs/all_Lyapunov_test_dso-fn_d_all_m_01_log.txt
SpawnPoolWorker-625| 2026-06-22 02:19:35,799,799 multiprocessing INFO See log at : ./logs/all_Lyapunov_test_dso-fn_d_all_m_01_log.txt
SpawnPoolWorker-625| 2026-06-22 02:19:35,806,806 multiprocessing INFO child process calling self.run()
SpawnPoolWorker-606| 2026-06-22 02:19:35,835,835 multiprocessing INFO STARTING NEW RUN ==========
SpawnPoolWorker-606| 2026-06-22 02:19:35,835,835 multiprocessing INFO SEE LOG AT : ./logs/all_Lyapunov_test_dso-fn_d_all_m_01_log.txt
SpawnPoolWorker-606| 2026-06-22 02:19:35,835,835 multiprocessing INFO See log at : ./logs/all_Lyapunov_test_dso-fn_d_all_m_01_log.txt
SpawnPoolWorker-606| 2026-06-22 02:19:35,840,840 multiprocessing INFO child process calling self.run()
SpawnPoolWorker-598| 2026-06-22 02:19:35,963,963 multiprocessing INFO STARTING NEW RUN ==========
SpawnPoolWorker-598| 2026-06-22 02:19:35,963,963 multiprocessing INFO SEE LOG AT : ./logs/all_Lyapunov_test_dso-fn_d_all_m_01_log.txt
SpawnPoolWorker-598| 2026-06-22 02:19:35,963,963 multiprocessing INFO See log at : ./logs/all_Lyapunov_test_dso-fn_d_all_m_01_log.txt
SpawnPoolWorker-598| 2026-06-22 02:19:35,965,965 multiprocessing INFO child process calling self.run()
SpawnPoolWorker-592| 2026-06-22 02:19:36,117,117 multiprocessing INFO STARTING NEW RUN ==========
SpawnPoolWorker-592| 2026-06-22 02:19:36,117,117 multiprocessing INFO SEE LOG AT : ./logs/all_Lyapunov_test_dso-fn_d_all_m_01_log.txt
SpawnPoolWorker-592| 2026-06-22 02:19:36,117,117 multiprocessing INFO See log at : ./logs/all_Lyapunov_test_dso-fn_d_all_m_01_log.txt
SpawnPoolWorker-592| 2026-06-22 02:19:36,120,120 multiprocessing INFO child process calling self.run()
SpawnPoolWorker-591| 2026-06-22 02:19:36,207,207 multiprocessing INFO STARTING NEW RUN ==========
SpawnPoolWorker-591| 2026-06-22 02:19:36,207,207 multiprocessing INFO SEE LOG AT : ./logs/all_Lyapunov_test_dso-fn_d_all_m_01_log.txt
SpawnPoolWorker-591| 2026-06-22 02:19:36,207,207 multiprocessing INFO See log at : ./logs/all_Lyapunov_test_dso-fn_d_all_m_01_log.txt
SpawnPoolWorker-591| 2026-06-22 02:19:36,210,210 multiprocessing INFO child process calling self.run()
SpawnPoolWorker-622| 2026-06-22 02:19:36,283,283 multiprocessing INFO STARTING NEW RUN ==========
SpawnPoolWorker-622| 2026-06-22 02:19:36,283,283 multiprocessing INFO SEE LOG AT : ./logs/all_Lyapunov_test_dso-fn_d_all_m_01_log.txt
SpawnPoolWorker-622| 2026-06-22 02:19:36,284,284 multiprocessing INFO See log at : ./logs/all_Lyapunov_test_dso-fn_d_all_m_01_log.txt
SpawnPoolWorker-622| 2026-06-22 02:19:36,287,287 multiprocessing INFO child process calling self.run()
SpawnPoolWorker-605| 2026-06-22 02:19:36,387,387 multiprocessing INFO STARTING NEW RUN ==========
SpawnPoolWorker-605| 2026-06-22 02:19:36,387,387 multiprocessing INFO SEE LOG AT : ./logs/all_Lyapunov_test_dso-fn_d_all_m_01_log.txt
SpawnPoolWorker-605| 2026-06-22 02:19:36,387,387 multiprocessing INFO See log at : ./logs/all_Lyapunov_test_dso-fn_d_all_m_01_log.txt
SpawnPoolWorker-605| 2026-06-22 02:19:36,397,397 multiprocessing INFO child process calling self.run()
SpawnPoolWorker-593| 2026-06-22 02:19:36,642,642 multiprocessing INFO STARTING NEW RUN ==========
SpawnPoolWorker-593| 2026-06-22 02:19:36,642,642 multiprocessing INFO SEE LOG AT : ./logs/all_Lyapunov_test_dso-fn_d_all_m_01_log.txt
SpawnPoolWorker-593| 2026-06-22 02:19:36,642,642 multiprocessing INFO See log at : ./logs/all_Lyapunov_test_dso-fn_d_all_m_01_log.txt
SpawnPoolWorker-593| 2026-06-22 02:19:36,657,657 multiprocessing INFO child process calling self.run()
SpawnPoolWorker-602| 2026-06-22 02:19:36,796,796 multiprocessing INFO STARTING NEW RUN ==========
SpawnPoolWorker-602| 2026-06-22 02:19:36,796,796 multiprocessing INFO SEE LOG AT : ./logs/all_Lyapunov_test_dso-fn_d_all_m_01_log.txt
SpawnPoolWorker-602| 2026-06-22 02:19:36,797,797 multiprocessing INFO See log at : ./logs/all_Lyapunov_test_dso-fn_d_all_m_01_log.txt
SpawnPoolWorker-602| 2026-06-22 02:19:36,800,800 multiprocessing INFO child process calling self.run()
SpawnPoolWorker-594| 2026-06-22 02:19:36,887,887 multiprocessing INFO STARTING NEW RUN ==========
SpawnPoolWorker-594| 2026-06-22 02:19:36,888,888 multiprocessing INFO SEE LOG AT : ./logs/all_Lyapunov_test_dso-fn_d_all_m_01_log.txt
SpawnPoolWorker-594| 2026-06-22 02:19:36,888,888 multiprocessing INFO See log at : ./logs/all_Lyapunov_test_dso-fn_d_all_m_01_log.txt
SpawnPoolWorker-594| 2026-06-22 02:19:36,890,890 multiprocessing INFO child process calling self.run()
SpawnPoolWorker-615| 2026-06-22 02:19:36,902,902 multiprocessing INFO STARTING NEW RUN ==========
SpawnPoolWorker-615| 2026-06-22 02:19:36,902,902 multiprocessing INFO SEE LOG AT : ./logs/all_Lyapunov_test_dso-fn_d_all_m_01_log.txt
SpawnPoolWorker-615| 2026-06-22 02:19:36,902,902 multiprocessing INFO See log at : ./logs/all_Lyapunov_test_dso-fn_d_all_m_01_log.txt
SpawnPoolWorker-615| 2026-06-22 02:19:36,906,906 multiprocessing INFO child process calling self.run()
SpawnPoolWorker-613| 2026-06-22 02:19:36,944,944 multiprocessing INFO STARTING NEW RUN ==========
SpawnPoolWorker-613| 2026-06-22 02:19:36,944,944 multiprocessing INFO SEE LOG AT : ./logs/all_Lyapunov_test_dso-fn_d_all_m_01_log.txt
SpawnPoolWorker-613| 2026-06-22 02:19:36,944,944 multiprocessing INFO See log at : ./logs/all_Lyapunov_test_dso-fn_d_all_m_01_log.txt
SpawnPoolWorker-632| 2026-06-22 02:19:36,946,946 multiprocessing INFO STARTING NEW RUN ==========
SpawnPoolWorker-632| 2026-06-22 02:19:36,946,946 multiprocessing INFO SEE LOG AT : ./logs/all_Lyapunov_test_dso-fn_d_all_m_01_log.txt
SpawnPoolWorker-632| 2026-06-22 02:19:36,946,946 multiprocessing INFO See log at : ./logs/all_Lyapunov_test_dso-fn_d_all_m_01_log.txt
SpawnPoolWorker-613| 2026-06-22 02:19:36,947,947 multiprocessing INFO child process calling self.run()
SpawnPoolWorker-632| 2026-06-22 02:19:36,949,949 multiprocessing INFO child process calling self.run()
SpawnPoolWorker-596| 2026-06-22 02:19:36,970,970 multiprocessing INFO STARTING NEW RUN ==========
SpawnPoolWorker-596| 2026-06-22 02:19:36,970,970 multiprocessing INFO SEE LOG AT : ./logs/all_Lyapunov_test_dso-fn_d_all_m_01_log.txt
SpawnPoolWorker-596| 2026-06-22 02:19:36,970,970 multiprocessing INFO See log at : ./logs/all_Lyapunov_test_dso-fn_d_all_m_01_log.txt
SpawnPoolWorker-596| 2026-06-22 02:19:36,972,972 multiprocessing INFO child process calling self.run()
SpawnPoolWorker-612| 2026-06-22 02:19:36,987,987 multiprocessing INFO STARTING NEW RUN ==========
SpawnPoolWorker-612| 2026-06-22 02:19:36,987,987 multiprocessing INFO SEE LOG AT : ./logs/all_Lyapunov_test_dso-fn_d_all_m_01_log.txt
SpawnPoolWorker-612| 2026-06-22 02:19:36,987,987 multiprocessing INFO See log at : ./logs/all_Lyapunov_test_dso-fn_d_all_m_01_log.txt
SpawnPoolWorker-612| 2026-06-22 02:19:36,993,993 multiprocessing INFO child process calling self.run()
SpawnPoolWorker-609| 2026-06-22 02:19:37,003,3 multiprocessing INFO STARTING NEW RUN ==========
SpawnPoolWorker-609| 2026-06-22 02:19:37,003,3 multiprocessing INFO SEE LOG AT : ./logs/all_Lyapunov_test_dso-fn_d_all_m_01_log.txt
SpawnPoolWorker-609| 2026-06-22 02:19:37,003,3 multiprocessing INFO See log at : ./logs/all_Lyapunov_test_dso-fn_d_all_m_01_log.txt
SpawnPoolWorker-609| 2026-06-22 02:19:37,009,9 multiprocessing INFO child process calling self.run()
SpawnPoolWorker-637| 2026-06-22 02:19:37,018,18 multiprocessing INFO STARTING NEW RUN ==========
SpawnPoolWorker-637| 2026-06-22 02:19:37,019,19 multiprocessing INFO SEE LOG AT : ./logs/all_Lyapunov_test_dso-fn_d_all_m_01_log.txt
SpawnPoolWorker-637| 2026-06-22 02:19:37,019,19 multiprocessing INFO See log at : ./logs/all_Lyapunov_test_dso-fn_d_all_m_01_log.txt
SpawnPoolWorker-637| 2026-06-22 02:19:37,020,20 multiprocessing INFO child process calling self.run()
SpawnPoolWorker-604| 2026-06-22 02:19:37,021,21 multiprocessing INFO STARTING NEW RUN ==========
SpawnPoolWorker-604| 2026-06-22 02:19:37,021,21 multiprocessing INFO SEE LOG AT : ./logs/all_Lyapunov_test_dso-fn_d_all_m_01_log.txt
SpawnPoolWorker-604| 2026-06-22 02:19:37,021,21 multiprocessing INFO See log at : ./logs/all_Lyapunov_test_dso-fn_d_all_m_01_log.txt
SpawnPoolWorker-604| 2026-06-22 02:19:37,031,31 multiprocessing INFO child process calling self.run()
SpawnPoolWorker-610| 2026-06-22 02:19:37,097,97 multiprocessing INFO STARTING NEW RUN ==========
SpawnPoolWorker-610| 2026-06-22 02:19:37,097,97 multiprocessing INFO SEE LOG AT : ./logs/all_Lyapunov_test_dso-fn_d_all_m_01_log.txt
SpawnPoolWorker-610| 2026-06-22 02:19:37,097,97 multiprocessing INFO See log at : ./logs/all_Lyapunov_test_dso-fn_d_all_m_01_log.txt
SpawnPoolWorker-610| 2026-06-22 02:19:37,116,116 multiprocessing INFO child process calling self.run()
SpawnPoolWorker-634| 2026-06-22 02:19:37,207,207 multiprocessing INFO STARTING NEW RUN ==========
SpawnPoolWorker-634| 2026-06-22 02:19:37,207,207 multiprocessing INFO SEE LOG AT : ./logs/all_Lyapunov_test_dso-fn_d_all_m_01_log.txt
SpawnPoolWorker-634| 2026-06-22 02:19:37,207,207 multiprocessing INFO See log at : ./logs/all_Lyapunov_test_dso-fn_d_all_m_01_log.txt
SpawnPoolWorker-634| 2026-06-22 02:19:37,209,209 multiprocessing INFO child process calling self.run()
SpawnPoolWorker-619| 2026-06-22 02:19:37,346,346 multiprocessing INFO STARTING NEW RUN ==========
SpawnPoolWorker-619| 2026-06-22 02:19:37,346,346 multiprocessing INFO SEE LOG AT : ./logs/all_Lyapunov_test_dso-fn_d_all_m_01_log.txt
SpawnPoolWorker-619| 2026-06-22 02:19:37,346,346 multiprocessing INFO See log at : ./logs/all_Lyapunov_test_dso-fn_d_all_m_01_log.txt
SpawnPoolWorker-619| 2026-06-22 02:19:37,356,356 multiprocessing INFO child process calling self.run()
SpawnPoolWorker-603| 2026-06-22 02:19:37,528,528 multiprocessing INFO STARTING NEW RUN ==========
SpawnPoolWorker-603| 2026-06-22 02:19:37,528,528 multiprocessing INFO SEE LOG AT : ./logs/all_Lyapunov_test_dso-fn_d_all_m_01_log.txt
SpawnPoolWorker-603| 2026-06-22 02:19:37,528,528 multiprocessing INFO See log at : ./logs/all_Lyapunov_test_dso-fn_d_all_m_01_log.txt
SpawnPoolWorker-603| 2026-06-22 02:19:37,543,543 multiprocessing INFO child process calling self.run()
SpawnPoolWorker-620| 2026-06-22 02:19:37,595,595 multiprocessing INFO STARTING NEW RUN ==========
SpawnPoolWorker-620| 2026-06-22 02:19:37,596,596 multiprocessing INFO SEE LOG AT : ./logs/all_Lyapunov_test_dso-fn_d_all_m_01_log.txt
SpawnPoolWorker-620| 2026-06-22 02:19:37,596,596 multiprocessing INFO See log at : ./logs/all_Lyapunov_test_dso-fn_d_all_m_01_log.txt
SpawnPoolWorker-620| 2026-06-22 02:19:37,598,598 multiprocessing INFO child process calling self.run()
SpawnPoolWorker-627| 2026-06-22 02:19:37,663,663 multiprocessing INFO STARTING NEW RUN ==========
SpawnPoolWorker-627| 2026-06-22 02:19:37,663,663 multiprocessing INFO SEE LOG AT : ./logs/all_Lyapunov_test_dso-fn_d_all_m_01_log.txt
SpawnPoolWorker-627| 2026-06-22 02:19:37,663,663 multiprocessing INFO See log at : ./logs/all_Lyapunov_test_dso-fn_d_all_m_01_log.txt
SpawnPoolWorker-627| 2026-06-22 02:19:37,666,666 multiprocessing INFO child process calling self.run()
SpawnPoolWorker-616| 2026-06-22 02:19:37,902,902 multiprocessing INFO STARTING NEW RUN ==========
SpawnPoolWorker-616| 2026-06-22 02:19:37,902,902 multiprocessing INFO SEE LOG AT : ./logs/all_Lyapunov_test_dso-fn_d_all_m_01_log.txt
SpawnPoolWorker-616| 2026-06-22 02:19:37,902,902 multiprocessing INFO See log at : ./logs/all_Lyapunov_test_dso-fn_d_all_m_01_log.txt
SpawnPoolWorker-616| 2026-06-22 02:19:37,905,905 multiprocessing INFO child process calling self.run()
SpawnPoolWorker-623| 2026-06-22 02:19:37,953,953 multiprocessing INFO STARTING NEW RUN ==========
SpawnPoolWorker-623| 2026-06-22 02:19:37,953,953 multiprocessing INFO SEE LOG AT : ./logs/all_Lyapunov_test_dso-fn_d_all_m_01_log.txt
SpawnPoolWorker-623| 2026-06-22 02:19:37,953,953 multiprocessing INFO See log at : ./logs/all_Lyapunov_test_dso-fn_d_all_m_01_log.txt
SpawnPoolWorker-623| 2026-06-22 02:19:37,955,955 multiprocessing INFO child process calling self.run()
SpawnPoolWorker-618| 2026-06-22 02:19:38,116,116 multiprocessing INFO STARTING NEW RUN ==========
SpawnPoolWorker-618| 2026-06-22 02:19:38,116,116 multiprocessing INFO SEE LOG AT : ./logs/all_Lyapunov_test_dso-fn_d_all_m_01_log.txt
SpawnPoolWorker-618| 2026-06-22 02:19:38,116,116 multiprocessing INFO See log at : ./logs/all_Lyapunov_test_dso-fn_d_all_m_01_log.txt
SpawnPoolWorker-618| 2026-06-22 02:19:38,118,118 multiprocessing INFO child process calling self.run()
SpawnPoolWorker-611| 2026-06-22 02:19:38,305,305 multiprocessing INFO STARTING NEW RUN ==========
SpawnPoolWorker-611| 2026-06-22 02:19:38,305,305 multiprocessing INFO SEE LOG AT : ./logs/all_Lyapunov_test_dso-fn_d_all_m_01_log.txt
SpawnPoolWorker-611| 2026-06-22 02:19:38,305,305 multiprocessing INFO See log at : ./logs/all_Lyapunov_test_dso-fn_d_all_m_01_log.txt
SpawnPoolWorker-611| 2026-06-22 02:19:38,307,307 multiprocessing INFO child process calling self.run()
SpawnPoolWorker-633| 2026-06-22 02:19:38,517,517 multiprocessing INFO STARTING NEW RUN ==========
SpawnPoolWorker-633| 2026-06-22 02:19:38,517,517 multiprocessing INFO SEE LOG AT : ./logs/all_Lyapunov_test_dso-fn_d_all_m_01_log.txt
SpawnPoolWorker-633| 2026-06-22 02:19:38,517,517 multiprocessing INFO See log at : ./logs/all_Lyapunov_test_dso-fn_d_all_m_01_log.txt
SpawnPoolWorker-633| 2026-06-22 02:19:38,525,525 multiprocessing INFO child process calling self.run()
SpawnPoolWorker-626| 2026-06-22 02:19:38,540,540 multiprocessing INFO STARTING NEW RUN ==========
SpawnPoolWorker-626| 2026-06-22 02:19:38,540,540 multiprocessing INFO SEE LOG AT : ./logs/all_Lyapunov_test_dso-fn_d_all_m_01_log.txt
SpawnPoolWorker-626| 2026-06-22 02:19:38,540,540 multiprocessing INFO See log at : ./logs/all_Lyapunov_test_dso-fn_d_all_m_01_log.txt
SpawnPoolWorker-626| 2026-06-22 02:19:38,553,553 multiprocessing INFO child process calling self.run()
SpawnPoolWorker-630| 2026-06-22 02:19:38,565,565 multiprocessing INFO STARTING NEW RUN ==========
SpawnPoolWorker-630| 2026-06-22 02:19:38,565,565 multiprocessing INFO SEE LOG AT : ./logs/all_Lyapunov_test_dso-fn_d_all_m_01_log.txt
SpawnPoolWorker-630| 2026-06-22 02:19:38,565,565 multiprocessing INFO See log at : ./logs/all_Lyapunov_test_dso-fn_d_all_m_01_log.txt
SpawnPoolWorker-630| 2026-06-22 02:19:38,567,567 multiprocessing INFO child process calling self.run()
SpawnPoolWorker-638| 2026-06-22 02:19:38,567,567 multiprocessing INFO STARTING NEW RUN ==========
SpawnPoolWorker-638| 2026-06-22 02:19:38,567,567 multiprocessing INFO SEE LOG AT : ./logs/all_Lyapunov_test_dso-fn_d_all_m_01_log.txt
SpawnPoolWorker-638| 2026-06-22 02:19:38,567,567 multiprocessing INFO See log at : ./logs/all_Lyapunov_test_dso-fn_d_all_m_01_log.txt
SpawnPoolWorker-638| 2026-06-22 02:19:38,577,577 multiprocessing INFO child process calling self.run()
SpawnPoolWorker-617| 2026-06-22 02:19:38,756,756 multiprocessing INFO STARTING NEW RUN ==========
SpawnPoolWorker-617| 2026-06-22 02:19:38,756,756 multiprocessing INFO SEE LOG AT : ./logs/all_Lyapunov_test_dso-fn_d_all_m_01_log.txt
SpawnPoolWorker-617| 2026-06-22 02:19:38,756,756 multiprocessing INFO See log at : ./logs/all_Lyapunov_test_dso-fn_d_all_m_01_log.txt
SpawnPoolWorker-617| 2026-06-22 02:19:38,765,765 multiprocessing INFO child process calling self.run()
SpawnPoolWorker-636| 2026-06-22 02:19:38,864,864 multiprocessing INFO STARTING NEW RUN ==========
SpawnPoolWorker-636| 2026-06-22 02:19:38,864,864 multiprocessing INFO SEE LOG AT : ./logs/all_Lyapunov_test_dso-fn_d_all_m_01_log.txt
SpawnPoolWorker-636| 2026-06-22 02:19:38,864,864 multiprocessing INFO See log at : ./logs/all_Lyapunov_test_dso-fn_d_all_m_01_log.txt
SpawnPoolWorker-636| 2026-06-22 02:19:38,877,877 multiprocessing INFO child process calling self.run()
SpawnPoolWorker-628| 2026-06-22 02:19:38,926,926 multiprocessing INFO STARTING NEW RUN ==========
SpawnPoolWorker-628| 2026-06-22 02:19:38,926,926 multiprocessing INFO SEE LOG AT : ./logs/all_Lyapunov_test_dso-fn_d_all_m_01_log.txt
SpawnPoolWorker-628| 2026-06-22 02:19:38,926,926 multiprocessing INFO See log at : ./logs/all_Lyapunov_test_dso-fn_d_all_m_01_log.txt
SpawnPoolWorker-628| 2026-06-22 02:19:38,934,934 multiprocessing INFO child process calling self.run()
SpawnPoolWorker-635| 2026-06-22 02:19:39,035,35 multiprocessing INFO STARTING NEW RUN ==========
SpawnPoolWorker-635| 2026-06-22 02:19:39,035,35 multiprocessing INFO SEE LOG AT : ./logs/all_Lyapunov_test_dso-fn_d_all_m_01_log.txt
SpawnPoolWorker-635| 2026-06-22 02:19:39,036,36 multiprocessing INFO See log at : ./logs/all_Lyapunov_test_dso-fn_d_all_m_01_log.txt
SpawnPoolWorker-635| 2026-06-22 02:19:39,040,40 multiprocessing INFO child process calling self.run()
SpawnPoolWorker-629| 2026-06-22 02:19:39,047,47 multiprocessing INFO STARTING NEW RUN ==========
SpawnPoolWorker-629| 2026-06-22 02:19:39,047,47 multiprocessing INFO SEE LOG AT : ./logs/all_Lyapunov_test_dso-fn_d_all_m_01_log.txt
SpawnPoolWorker-629| 2026-06-22 02:19:39,047,47 multiprocessing INFO See log at : ./logs/all_Lyapunov_test_dso-fn_d_all_m_01_log.txt
SpawnPoolWorker-629| 2026-06-22 02:19:39,050,50 multiprocessing INFO child process calling self.run()
SpawnPoolWorker-624| 2026-06-22 02:19:39,146,146 multiprocessing INFO STARTING NEW RUN ==========
SpawnPoolWorker-624| 2026-06-22 02:19:39,147,147 multiprocessing INFO SEE LOG AT : ./logs/all_Lyapunov_test_dso-fn_d_all_m_01_log.txt
SpawnPoolWorker-624| 2026-06-22 02:19:39,147,147 multiprocessing INFO See log at : ./logs/all_Lyapunov_test_dso-fn_d_all_m_01_log.txt
SpawnPoolWorker-624| 2026-06-22 02:19:39,160,160 multiprocessing INFO child process calling self.run()
SpawnPoolWorker-610| 2026-06-22 02:19:39,550,550 multiprocessing INFO process shutting down
SpawnPoolWorker-634| 2026-06-22 02:19:39,550,550 multiprocessing INFO process shutting down
SpawnPoolWorker-610| 2026-06-22 02:19:39,551,551 multiprocessing INFO process exiting with exitcode 0
SpawnPoolWorker-619| 2026-06-22 02:19:39,551,551 multiprocessing INFO process shutting down
SpawnPoolWorker-634| 2026-06-22 02:19:39,551,551 multiprocessing INFO process exiting with exitcode 0
SpawnPoolWorker-603| 2026-06-22 02:19:39,551,551 multiprocessing INFO process shutting down
SpawnPoolWorker-619| 2026-06-22 02:19:39,551,551 multiprocessing INFO process exiting with exitcode 0
SpawnPoolWorker-620| 2026-06-22 02:19:39,551,551 multiprocessing INFO process shutting down
SpawnPoolWorker-603| 2026-06-22 02:19:39,551,551 multiprocessing INFO process exiting with exitcode 0
SpawnPoolWorker-627| 2026-06-22 02:19:39,551,551 multiprocessing INFO process shutting down
SpawnPoolWorker-616| 2026-06-22 02:19:39,551,551 multiprocessing INFO process shutting down
SpawnPoolWorker-623| 2026-06-22 02:19:39,551,551 multiprocessing INFO process shutting down
SpawnPoolWorker-618| 2026-06-22 02:19:39,551,551 multiprocessing INFO process shutting down
SpawnPoolWorker-611| 2026-06-22 02:19:39,551,551 multiprocessing INFO process shutting down
SpawnPoolWorker-601| 2026-06-22 02:19:39,551,551 multiprocessing INFO process shutting down
SpawnPoolWorker-614| 2026-06-22 02:19:39,551,551 multiprocessing INFO process shutting down
SpawnPoolWorker-633| 2026-06-22 02:19:39,551,551 multiprocessing INFO process shutting down
SpawnPoolWorker-626| 2026-06-22 02:19:39,551,551 multiprocessing INFO process shutting down
SpawnPoolWorker-625| 2026-06-22 02:19:39,551,551 multiprocessing INFO process shutting down
SpawnPoolWorker-630| 2026-06-22 02:19:39,551,551 multiprocessing INFO process shutting down
SpawnPoolWorker-595| 2026-06-22 02:19:39,551,551 multiprocessing INFO process shutting down
SpawnPoolWorker-638| 2026-06-22 02:19:39,551,551 multiprocessing INFO process shutting down
SpawnPoolWorker-606| 2026-06-22 02:19:39,552,552 multiprocessing INFO process shutting down
SpawnPoolWorker-597| 2026-06-22 02:19:39,552,552 multiprocessing INFO process shutting down
SpawnPoolWorker-617| 2026-06-22 02:19:39,552,552 multiprocessing INFO process shutting down
SpawnPoolWorker-636| 2026-06-22 02:19:39,552,552 multiprocessing INFO process shutting down
SpawnPoolWorker-628| 2026-06-22 02:19:39,552,552 multiprocessing INFO process shutting down
SpawnPoolWorker-607| 2026-06-22 02:19:39,552,552 multiprocessing INFO process shutting down
SpawnPoolWorker-593| 2026-06-22 02:19:39,552,552 multiprocessing INFO process shutting down
SpawnPoolWorker-635| 2026-06-22 02:19:39,552,552 multiprocessing INFO process shutting down
SpawnPoolWorker-621| 2026-06-22 02:19:39,552,552 multiprocessing INFO process shutting down
SpawnPoolWorker-629| 2026-06-22 02:19:39,552,552 multiprocessing INFO process shutting down
SpawnPoolWorker-622| 2026-06-22 02:19:39,552,552 multiprocessing INFO process shutting down
SpawnPoolWorker-624| 2026-06-22 02:19:39,552,552 multiprocessing INFO process shutting down
SpawnPoolWorker-608| 2026-06-22 02:19:39,552,552 multiprocessing INFO process shutting down
SpawnPoolWorker-600| 2026-06-22 02:19:39,552,552 multiprocessing INFO process shutting down
SpawnPoolWorker-591| 2026-06-22 02:19:39,552,552 multiprocessing INFO process shutting down
SpawnPoolWorker-592| 2026-06-22 02:19:39,552,552 multiprocessing INFO process shutting down
SpawnPoolWorker-599| 2026-06-22 02:19:39,552,552 multiprocessing INFO process shutting down
SpawnPoolWorker-605| 2026-06-22 02:19:39,552,552 multiprocessing INFO process shutting down
SpawnPoolWorker-613| 2026-06-22 02:19:39,552,552 multiprocessing INFO process shutting down
SpawnPoolWorker-632| 2026-06-22 02:19:39,552,552 multiprocessing INFO process shutting down
SpawnPoolWorker-594| 2026-06-22 02:19:39,552,552 multiprocessing INFO process shutting down
SpawnPoolWorker-598| 2026-06-22 02:19:39,553,553 multiprocessing INFO process shutting down
SpawnPoolWorker-612| 2026-06-22 02:19:39,553,553 multiprocessing INFO process shutting down
SpawnPoolWorker-609| 2026-06-22 02:19:39,553,553 multiprocessing INFO process shutting down
SpawnPoolWorker-602| 2026-06-22 02:19:39,553,553 multiprocessing INFO process shutting down
SpawnPoolWorker-631| 2026-06-22 02:19:39,553,553 multiprocessing INFO process shutting down
SpawnPoolWorker-637| 2026-06-22 02:19:39,553,553 multiprocessing INFO process shutting down
SpawnPoolWorker-604| 2026-06-22 02:19:39,553,553 multiprocessing INFO process shutting down
SpawnPoolWorker-615| 2026-06-22 02:19:39,553,553 multiprocessing INFO process shutting down
SpawnPoolWorker-596| 2026-06-22 02:19:39,553,553 multiprocessing INFO process shutting down
28
(100000, 6)
(100000,)
(100000, 6)
(100000,)

=======================Successfully Added (50000, 6) Counter Examples=======================


============None of the candidates fulfill the conditions. Training CONTINUES!=================

MainProcess| 2026-06-22 02:19:41,548,548 multiprocessing INFO 
============None of the candidates fulfill the conditions. Training CONTINUES!=================


============None of the candidates fulfill the conditions. Training CONTINUES!=================

(55, 123)
/users/9/chen8596/miniconda3/envs/alfd/lib/python3.9/site-packages/torch/nn/functional.py:4999: UserWarning: Support for mismatched key_padding_mask and attn_mask is deprecated. Use same type for both instead.
  warnings.warn(

==============Start Supervised Learning==============

MainProcess| 2026-06-22 02:19:44,815,815 multiprocessing INFO GP output mean: 0.9966389522563723
GP output mean: 0.9966389522563723
MainProcess| 2026-06-22 02:19:45,244,244 multiprocessing INFO GP output success rate: 0.0
GP output success rate: 0.0

==============End Supervised Learning==============

MainProcess| 2026-06-22 02:19:46,603,603 multiprocessing INFO [Test epoch=0011]  nevals=150779 	| train_loss=7128.47021 	| eqs_invalid %=0.00 	| r_best=0.99794 	| quantile=0.90059 	| r_quantile_mean=0.94148 	| r_raw_sum=58.62412 	|  r_raw_mean=0.84962 	| r2=nan 	| acc_iid=0.00000 	| acc_ood=0.00000 	| nmse_test=0.0 	| true_equation_set_count=0 	| s/it=152.92093
[Test epoch=0011]  nevals=150779 	| train_loss=7128.47021 	| eqs_invalid %=0.00 	| r_best=0.99794 	| quantile=0.90059 	| r_quantile_mean=0.94148 	| r_raw_sum=58.62412 	|  r_raw_mean=0.84962 	| r2=nan 	| acc_iid=0.00000 	| acc_ood=0.00000 	| nmse_test=0.0 	| true_equation_set_count=0 	| s/it=152.92093
MainProcess| 2026-06-22 02:21:30,767,767 multiprocessing INFO Genetic Porgramming Runtime 103.58132664998993
Genetic Porgramming Runtime 103.58132664998993

=========================PGD Collection Starts=========================

SpawnPoolWorker-639| 2026-06-22 02:21:36,984,984 multiprocessing INFO STARTING NEW RUN ==========
SpawnPoolWorker-639| 2026-06-22 02:21:36,984,984 multiprocessing INFO SEE LOG AT : ./logs/all_Lyapunov_test_dso-fn_d_all_m_01_log.txt
SpawnPoolWorker-639| 2026-06-22 02:21:36,984,984 multiprocessing INFO See log at : ./logs/all_Lyapunov_test_dso-fn_d_all_m_01_log.txt
SpawnPoolWorker-648| 2026-06-22 02:21:36,986,986 multiprocessing INFO STARTING NEW RUN ==========
SpawnPoolWorker-647| 2026-06-22 02:21:36,986,986 multiprocessing INFO STARTING NEW RUN ==========
SpawnPoolWorker-645| 2026-06-22 02:21:36,986,986 multiprocessing INFO STARTING NEW RUN ==========
SpawnPoolWorker-648| 2026-06-22 02:21:36,986,986 multiprocessing INFO SEE LOG AT : ./logs/all_Lyapunov_test_dso-fn_d_all_m_01_log.txt
SpawnPoolWorker-647| 2026-06-22 02:21:36,986,986 multiprocessing INFO SEE LOG AT : ./logs/all_Lyapunov_test_dso-fn_d_all_m_01_log.txt
SpawnPoolWorker-645| 2026-06-22 02:21:36,986,986 multiprocessing INFO SEE LOG AT : ./logs/all_Lyapunov_test_dso-fn_d_all_m_01_log.txt
SpawnPoolWorker-648| 2026-06-22 02:21:36,986,986 multiprocessing INFO See log at : ./logs/all_Lyapunov_test_dso-fn_d_all_m_01_log.txt
SpawnPoolWorker-647| 2026-06-22 02:21:36,986,986 multiprocessing INFO See log at : ./logs/all_Lyapunov_test_dso-fn_d_all_m_01_log.txt
SpawnPoolWorker-645| 2026-06-22 02:21:36,986,986 multiprocessing INFO See log at : ./logs/all_Lyapunov_test_dso-fn_d_all_m_01_log.txt
SpawnPoolWorker-639| 2026-06-22 02:21:36,986,986 multiprocessing INFO child process calling self.run()
SpawnPoolWorker-644| 2026-06-22 02:21:36,987,987 multiprocessing INFO STARTING NEW RUN ==========
SpawnPoolWorker-641| 2026-06-22 02:21:36,987,987 multiprocessing INFO STARTING NEW RUN ==========
SpawnPoolWorker-645| 2026-06-22 02:21:36,987,987 multiprocessing INFO child process calling self.run()
SpawnPoolWorker-644| 2026-06-22 02:21:36,987,987 multiprocessing INFO SEE LOG AT : ./logs/all_Lyapunov_test_dso-fn_d_all_m_01_log.txt
SpawnPoolWorker-648| 2026-06-22 02:21:36,987,987 multiprocessing INFO child process calling self.run()
SpawnPoolWorker-644| 2026-06-22 02:21:36,987,987 multiprocessing INFO See log at : ./logs/all_Lyapunov_test_dso-fn_d_all_m_01_log.txt
SpawnPoolWorker-647| 2026-06-22 02:21:36,987,987 multiprocessing INFO child process calling self.run()
SpawnPoolWorker-642| 2026-06-22 02:21:36,987,987 multiprocessing INFO STARTING NEW RUN ==========
SpawnPoolWorker-642| 2026-06-22 02:21:36,987,987 multiprocessing INFO SEE LOG AT : ./logs/all_Lyapunov_test_dso-fn_d_all_m_01_log.txt
SpawnPoolWorker-642| 2026-06-22 02:21:36,987,987 multiprocessing INFO See log at : ./logs/all_Lyapunov_test_dso-fn_d_all_m_01_log.txt
SpawnPoolWorker-641| 2026-06-22 02:21:36,988,988 multiprocessing INFO SEE LOG AT : ./logs/all_Lyapunov_test_dso-fn_d_all_m_01_log.txt
SpawnPoolWorker-641| 2026-06-22 02:21:36,988,988 multiprocessing INFO See log at : ./logs/all_Lyapunov_test_dso-fn_d_all_m_01_log.txt
SpawnPoolWorker-644| 2026-06-22 02:21:36,989,989 multiprocessing INFO child process calling self.run()
SpawnPoolWorker-642| 2026-06-22 02:21:36,989,989 multiprocessing INFO child process calling self.run()
SpawnPoolWorker-641| 2026-06-22 02:21:36,989,989 multiprocessing INFO child process calling self.run()
SpawnPoolWorker-640| 2026-06-22 02:21:36,989,989 multiprocessing INFO STARTING NEW RUN ==========
SpawnPoolWorker-643| 2026-06-22 02:21:36,989,989 multiprocessing INFO STARTING NEW RUN ==========
SpawnPoolWorker-640| 2026-06-22 02:21:36,989,989 multiprocessing INFO SEE LOG AT : ./logs/all_Lyapunov_test_dso-fn_d_all_m_01_log.txt
SpawnPoolWorker-643| 2026-06-22 02:21:36,989,989 multiprocessing INFO SEE LOG AT : ./logs/all_Lyapunov_test_dso-fn_d_all_m_01_log.txt
SpawnPoolWorker-640| 2026-06-22 02:21:36,989,989 multiprocessing INFO See log at : ./logs/all_Lyapunov_test_dso-fn_d_all_m_01_log.txt
SpawnPoolWorker-643| 2026-06-22 02:21:36,989,989 multiprocessing INFO See log at : ./logs/all_Lyapunov_test_dso-fn_d_all_m_01_log.txt
SpawnPoolWorker-640| 2026-06-22 02:21:36,992,992 multiprocessing INFO child process calling self.run()
SpawnPoolWorker-643| 2026-06-22 02:21:36,992,992 multiprocessing INFO child process calling self.run()
SpawnPoolWorker-646| 2026-06-22 02:21:36,992,992 multiprocessing INFO STARTING NEW RUN ==========
SpawnPoolWorker-646| 2026-06-22 02:21:36,992,992 multiprocessing INFO SEE LOG AT : ./logs/all_Lyapunov_test_dso-fn_d_all_m_01_log.txt
SpawnPoolWorker-646| 2026-06-22 02:21:36,992,992 multiprocessing INFO See log at : ./logs/all_Lyapunov_test_dso-fn_d_all_m_01_log.txt
SpawnPoolWorker-646| 2026-06-22 02:21:36,994,994 multiprocessing INFO child process calling self.run()
SpawnPoolWorker-643| 2026-06-22 02:21:54,584,584 multiprocessing INFO process shutting down
SpawnPoolWorker-648| 2026-06-22 02:21:54,584,584 multiprocessing INFO process shutting down
SpawnPoolWorker-645| 2026-06-22 02:21:54,584,584 multiprocessing INFO process shutting down
SpawnPoolWorker-643| 2026-06-22 02:21:54,584,584 multiprocessing INFO process exiting with exitcode 0
SpawnPoolWorker-639| 2026-06-22 02:21:54,584,584 multiprocessing INFO process shutting down
SpawnPoolWorker-648| 2026-06-22 02:21:54,584,584 multiprocessing INFO process exiting with exitcode 0
SpawnPoolWorker-647| 2026-06-22 02:21:54,584,584 multiprocessing INFO process shutting down
SpawnPoolWorker-645| 2026-06-22 02:21:54,584,584 multiprocessing INFO process exiting with exitcode 0
SpawnPoolWorker-641| 2026-06-22 02:21:54,584,584 multiprocessing INFO process shutting down
SpawnPoolWorker-646| 2026-06-22 02:21:54,584,584 multiprocessing INFO process shutting down
SpawnPoolWorker-647| 2026-06-22 02:21:54,584,584 multiprocessing INFO process exiting with exitcode 0
SpawnPoolWorker-639| 2026-06-22 02:21:54,584,584 multiprocessing INFO process exiting with exitcode 0
SpawnPoolWorker-640| 2026-06-22 02:21:54,584,584 multiprocessing INFO process shutting down
SpawnPoolWorker-641| 2026-06-22 02:21:54,585,585 multiprocessing INFO process exiting with exitcode 0
SpawnPoolWorker-646| 2026-06-22 02:21:54,585,585 multiprocessing INFO process exiting with exitcode 0
SpawnPoolWorker-640| 2026-06-22 02:21:54,585,585 multiprocessing INFO process exiting with exitcode 0
(20000,)

===================Collect 20000 Examples===================

Epsilon 0.1
500
(550,)
(550,)
(55,)
Number of Programs for Minimization: 28
SpawnPoolWorker-649| 2026-06-22 02:22:15,620,620 multiprocessing INFO STARTING NEW RUN ==========
SpawnPoolWorker-649| 2026-06-22 02:22:15,620,620 multiprocessing INFO SEE LOG AT : ./logs/all_Lyapunov_test_dso-fn_d_all_m_01_log.txt
SpawnPoolWorker-649| 2026-06-22 02:22:15,620,620 multiprocessing INFO See log at : ./logs/all_Lyapunov_test_dso-fn_d_all_m_01_log.txt
SpawnPoolWorker-649| 2026-06-22 02:22:15,633,633 multiprocessing INFO child process calling self.run()
SpawnPoolWorker-658| 2026-06-22 02:22:16,424,424 multiprocessing INFO STARTING NEW RUN ==========
SpawnPoolWorker-658| 2026-06-22 02:22:16,425,425 multiprocessing INFO SEE LOG AT : ./logs/all_Lyapunov_test_dso-fn_d_all_m_01_log.txt
SpawnPoolWorker-658| 2026-06-22 02:22:16,425,425 multiprocessing INFO See log at : ./logs/all_Lyapunov_test_dso-fn_d_all_m_01_log.txt
SpawnPoolWorker-658| 2026-06-22 02:22:16,427,427 multiprocessing INFO child process calling self.run()
SpawnPoolWorker-650| 2026-06-22 02:22:17,399,399 multiprocessing INFO STARTING NEW RUN ==========
SpawnPoolWorker-650| 2026-06-22 02:22:17,399,399 multiprocessing INFO SEE LOG AT : ./logs/all_Lyapunov_test_dso-fn_d_all_m_01_log.txt
SpawnPoolWorker-650| 2026-06-22 02:22:17,399,399 multiprocessing INFO See log at : ./logs/all_Lyapunov_test_dso-fn_d_all_m_01_log.txt
SpawnPoolWorker-650| 2026-06-22 02:22:17,422,422 multiprocessing INFO child process calling self.run()
SpawnPoolWorker-665| 2026-06-22 02:22:18,161,161 multiprocessing INFO STARTING NEW RUN ==========
SpawnPoolWorker-665| 2026-06-22 02:22:18,161,161 multiprocessing INFO SEE LOG AT : ./logs/all_Lyapunov_test_dso-fn_d_all_m_01_log.txt
SpawnPoolWorker-665| 2026-06-22 02:22:18,161,161 multiprocessing INFO See log at : ./logs/all_Lyapunov_test_dso-fn_d_all_m_01_log.txt
SpawnPoolWorker-665| 2026-06-22 02:22:18,170,170 multiprocessing INFO child process calling self.run()
SpawnPoolWorker-661| 2026-06-22 02:22:18,173,173 multiprocessing INFO STARTING NEW RUN ==========
SpawnPoolWorker-661| 2026-06-22 02:22:18,173,173 multiprocessing INFO SEE LOG AT : ./logs/all_Lyapunov_test_dso-fn_d_all_m_01_log.txt
SpawnPoolWorker-661| 2026-06-22 02:22:18,173,173 multiprocessing INFO See log at : ./logs/all_Lyapunov_test_dso-fn_d_all_m_01_log.txt
SpawnPoolWorker-661| 2026-06-22 02:22:18,175,175 multiprocessing INFO child process calling self.run()
SpawnPoolWorker-664| 2026-06-22 02:22:18,334,334 multiprocessing INFO STARTING NEW RUN ==========
SpawnPoolWorker-664| 2026-06-22 02:22:18,334,334 multiprocessing INFO SEE LOG AT : ./logs/all_Lyapunov_test_dso-fn_d_all_m_01_log.txt
SpawnPoolWorker-664| 2026-06-22 02:22:18,334,334 multiprocessing INFO See log at : ./logs/all_Lyapunov_test_dso-fn_d_all_m_01_log.txt
SpawnPoolWorker-664| 2026-06-22 02:22:18,336,336 multiprocessing INFO child process calling self.run()
SpawnPoolWorker-662| 2026-06-22 02:22:18,660,660 multiprocessing INFO STARTING NEW RUN ==========
SpawnPoolWorker-662| 2026-06-22 02:22:18,660,660 multiprocessing INFO SEE LOG AT : ./logs/all_Lyapunov_test_dso-fn_d_all_m_01_log.txt
SpawnPoolWorker-662| 2026-06-22 02:22:18,660,660 multiprocessing INFO See log at : ./logs/all_Lyapunov_test_dso-fn_d_all_m_01_log.txt
SpawnPoolWorker-662| 2026-06-22 02:22:18,663,663 multiprocessing INFO child process calling self.run()
SpawnPoolWorker-668| 2026-06-22 02:22:18,897,897 multiprocessing INFO STARTING NEW RUN ==========
SpawnPoolWorker-668| 2026-06-22 02:22:18,898,898 multiprocessing INFO SEE LOG AT : ./logs/all_Lyapunov_test_dso-fn_d_all_m_01_log.txt
SpawnPoolWorker-668| 2026-06-22 02:22:18,898,898 multiprocessing INFO See log at : ./logs/all_Lyapunov_test_dso-fn_d_all_m_01_log.txt
SpawnPoolWorker-668| 2026-06-22 02:22:18,900,900 multiprocessing INFO child process calling self.run()
SpawnPoolWorker-656| 2026-06-22 02:22:19,099,99 multiprocessing INFO STARTING NEW RUN ==========
SpawnPoolWorker-656| 2026-06-22 02:22:19,099,99 multiprocessing INFO SEE LOG AT : ./logs/all_Lyapunov_test_dso-fn_d_all_m_01_log.txt
SpawnPoolWorker-656| 2026-06-22 02:22:19,099,99 multiprocessing INFO See log at : ./logs/all_Lyapunov_test_dso-fn_d_all_m_01_log.txt
SpawnPoolWorker-656| 2026-06-22 02:22:19,102,102 multiprocessing INFO child process calling self.run()
SpawnPoolWorker-653| 2026-06-22 02:22:19,190,190 multiprocessing INFO STARTING NEW RUN ==========
SpawnPoolWorker-653| 2026-06-22 02:22:19,190,190 multiprocessing INFO SEE LOG AT : ./logs/all_Lyapunov_test_dso-fn_d_all_m_01_log.txt
SpawnPoolWorker-653| 2026-06-22 02:22:19,190,190 multiprocessing INFO See log at : ./logs/all_Lyapunov_test_dso-fn_d_all_m_01_log.txt
SpawnPoolWorker-653| 2026-06-22 02:22:19,200,200 multiprocessing INFO child process calling self.run()
SpawnPoolWorker-654| 2026-06-22 02:22:19,227,227 multiprocessing INFO STARTING NEW RUN ==========
SpawnPoolWorker-654| 2026-06-22 02:22:19,227,227 multiprocessing INFO SEE LOG AT : ./logs/all_Lyapunov_test_dso-fn_d_all_m_01_log.txt
SpawnPoolWorker-654| 2026-06-22 02:22:19,227,227 multiprocessing INFO See log at : ./logs/all_Lyapunov_test_dso-fn_d_all_m_01_log.txt
SpawnPoolWorker-654| 2026-06-22 02:22:19,237,237 multiprocessing INFO child process calling self.run()
SpawnPoolWorker-667| 2026-06-22 02:22:19,335,335 multiprocessing INFO STARTING NEW RUN ==========
SpawnPoolWorker-667| 2026-06-22 02:22:19,335,335 multiprocessing INFO SEE LOG AT : ./logs/all_Lyapunov_test_dso-fn_d_all_m_01_log.txt
SpawnPoolWorker-667| 2026-06-22 02:22:19,335,335 multiprocessing INFO See log at : ./logs/all_Lyapunov_test_dso-fn_d_all_m_01_log.txt
SpawnPoolWorker-667| 2026-06-22 02:22:19,339,339 multiprocessing INFO child process calling self.run()
SpawnPoolWorker-666| 2026-06-22 02:22:19,386,386 multiprocessing INFO STARTING NEW RUN ==========
SpawnPoolWorker-666| 2026-06-22 02:22:19,386,386 multiprocessing INFO SEE LOG AT : ./logs/all_Lyapunov_test_dso-fn_d_all_m_01_log.txt
SpawnPoolWorker-666| 2026-06-22 02:22:19,386,386 multiprocessing INFO See log at : ./logs/all_Lyapunov_test_dso-fn_d_all_m_01_log.txt
SpawnPoolWorker-666| 2026-06-22 02:22:19,392,392 multiprocessing INFO child process calling self.run()
SpawnPoolWorker-686| 2026-06-22 02:22:19,528,528 multiprocessing INFO STARTING NEW RUN ==========
SpawnPoolWorker-686| 2026-06-22 02:22:19,528,528 multiprocessing INFO SEE LOG AT : ./logs/all_Lyapunov_test_dso-fn_d_all_m_01_log.txt
SpawnPoolWorker-686| 2026-06-22 02:22:19,528,528 multiprocessing INFO See log at : ./logs/all_Lyapunov_test_dso-fn_d_all_m_01_log.txt
SpawnPoolWorker-686| 2026-06-22 02:22:19,532,532 multiprocessing INFO child process calling self.run()
SpawnPoolWorker-659| 2026-06-22 02:22:19,564,564 multiprocessing INFO STARTING NEW RUN ==========
SpawnPoolWorker-659| 2026-06-22 02:22:19,564,564 multiprocessing INFO SEE LOG AT : ./logs/all_Lyapunov_test_dso-fn_d_all_m_01_log.txt
SpawnPoolWorker-659| 2026-06-22 02:22:19,565,565 multiprocessing INFO See log at : ./logs/all_Lyapunov_test_dso-fn_d_all_m_01_log.txt
SpawnPoolWorker-659| 2026-06-22 02:22:19,567,567 multiprocessing INFO child process calling self.run()
SpawnPoolWorker-660| 2026-06-22 02:22:19,770,770 multiprocessing INFO STARTING NEW RUN ==========
SpawnPoolWorker-660| 2026-06-22 02:22:19,770,770 multiprocessing INFO SEE LOG AT : ./logs/all_Lyapunov_test_dso-fn_d_all_m_01_log.txt
SpawnPoolWorker-660| 2026-06-22 02:22:19,770,770 multiprocessing INFO See log at : ./logs/all_Lyapunov_test_dso-fn_d_all_m_01_log.txt
SpawnPoolWorker-660| 2026-06-22 02:22:19,778,778 multiprocessing INFO child process calling self.run()
SpawnPoolWorker-651| 2026-06-22 02:22:19,885,885 multiprocessing INFO STARTING NEW RUN ==========
SpawnPoolWorker-651| 2026-06-22 02:22:19,885,885 multiprocessing INFO SEE LOG AT : ./logs/all_Lyapunov_test_dso-fn_d_all_m_01_log.txt
SpawnPoolWorker-651| 2026-06-22 02:22:19,885,885 multiprocessing INFO See log at : ./logs/all_Lyapunov_test_dso-fn_d_all_m_01_log.txt
SpawnPoolWorker-651| 2026-06-22 02:22:19,887,887 multiprocessing INFO child process calling self.run()
SpawnPoolWorker-677| 2026-06-22 02:22:20,089,89 multiprocessing INFO STARTING NEW RUN ==========
SpawnPoolWorker-677| 2026-06-22 02:22:20,089,89 multiprocessing INFO SEE LOG AT : ./logs/all_Lyapunov_test_dso-fn_d_all_m_01_log.txt
SpawnPoolWorker-677| 2026-06-22 02:22:20,089,89 multiprocessing INFO See log at : ./logs/all_Lyapunov_test_dso-fn_d_all_m_01_log.txt
SpawnPoolWorker-677| 2026-06-22 02:22:20,091,91 multiprocessing INFO child process calling self.run()
SpawnPoolWorker-670| 2026-06-22 02:22:20,093,93 multiprocessing INFO STARTING NEW RUN ==========
SpawnPoolWorker-670| 2026-06-22 02:22:20,093,93 multiprocessing INFO SEE LOG AT : ./logs/all_Lyapunov_test_dso-fn_d_all_m_01_log.txt
SpawnPoolWorker-670| 2026-06-22 02:22:20,093,93 multiprocessing INFO See log at : ./logs/all_Lyapunov_test_dso-fn_d_all_m_01_log.txt
SpawnPoolWorker-670| 2026-06-22 02:22:20,095,95 multiprocessing INFO child process calling self.run()
SpawnPoolWorker-672| 2026-06-22 02:22:20,203,203 multiprocessing INFO STARTING NEW RUN ==========
SpawnPoolWorker-672| 2026-06-22 02:22:20,203,203 multiprocessing INFO SEE LOG AT : ./logs/all_Lyapunov_test_dso-fn_d_all_m_01_log.txt
SpawnPoolWorker-672| 2026-06-22 02:22:20,203,203 multiprocessing INFO See log at : ./logs/all_Lyapunov_test_dso-fn_d_all_m_01_log.txt
SpawnPoolWorker-672| 2026-06-22 02:22:20,209,209 multiprocessing INFO child process calling self.run()
SpawnPoolWorker-663| 2026-06-22 02:22:20,245,245 multiprocessing INFO STARTING NEW RUN ==========
SpawnPoolWorker-663| 2026-06-22 02:22:20,246,246 multiprocessing INFO SEE LOG AT : ./logs/all_Lyapunov_test_dso-fn_d_all_m_01_log.txt
SpawnPoolWorker-663| 2026-06-22 02:22:20,246,246 multiprocessing INFO See log at : ./logs/all_Lyapunov_test_dso-fn_d_all_m_01_log.txt
SpawnPoolWorker-663| 2026-06-22 02:22:20,248,248 multiprocessing INFO child process calling self.run()
SpawnPoolWorker-671| 2026-06-22 02:22:20,361,361 multiprocessing INFO STARTING NEW RUN ==========
SpawnPoolWorker-671| 2026-06-22 02:22:20,361,361 multiprocessing INFO SEE LOG AT : ./logs/all_Lyapunov_test_dso-fn_d_all_m_01_log.txt
SpawnPoolWorker-671| 2026-06-22 02:22:20,361,361 multiprocessing INFO See log at : ./logs/all_Lyapunov_test_dso-fn_d_all_m_01_log.txt
SpawnPoolWorker-680| 2026-06-22 02:22:20,372,372 multiprocessing INFO STARTING NEW RUN ==========
SpawnPoolWorker-680| 2026-06-22 02:22:20,372,372 multiprocessing INFO SEE LOG AT : ./logs/all_Lyapunov_test_dso-fn_d_all_m_01_log.txt
SpawnPoolWorker-680| 2026-06-22 02:22:20,372,372 multiprocessing INFO See log at : ./logs/all_Lyapunov_test_dso-fn_d_all_m_01_log.txt
SpawnPoolWorker-671| 2026-06-22 02:22:20,372,372 multiprocessing INFO child process calling self.run()
SpawnPoolWorker-680| 2026-06-22 02:22:20,387,387 multiprocessing INFO child process calling self.run()
SpawnPoolWorker-655| 2026-06-22 02:22:20,399,399 multiprocessing INFO STARTING NEW RUN ==========
SpawnPoolWorker-655| 2026-06-22 02:22:20,400,400 multiprocessing INFO SEE LOG AT : ./logs/all_Lyapunov_test_dso-fn_d_all_m_01_log.txt
SpawnPoolWorker-655| 2026-06-22 02:22:20,400,400 multiprocessing INFO See log at : ./logs/all_Lyapunov_test_dso-fn_d_all_m_01_log.txt
SpawnPoolWorker-655| 2026-06-22 02:22:20,404,404 multiprocessing INFO child process calling self.run()
SpawnPoolWorker-652| 2026-06-22 02:22:20,843,843 multiprocessing INFO STARTING NEW RUN ==========
SpawnPoolWorker-652| 2026-06-22 02:22:20,843,843 multiprocessing INFO SEE LOG AT : ./logs/all_Lyapunov_test_dso-fn_d_all_m_01_log.txt
SpawnPoolWorker-652| 2026-06-22 02:22:20,843,843 multiprocessing INFO See log at : ./logs/all_Lyapunov_test_dso-fn_d_all_m_01_log.txt
SpawnPoolWorker-652| 2026-06-22 02:22:20,845,845 multiprocessing INFO child process calling self.run()
SpawnPoolWorker-681| 2026-06-22 02:22:20,916,916 multiprocessing INFO STARTING NEW RUN ==========
SpawnPoolWorker-681| 2026-06-22 02:22:20,916,916 multiprocessing INFO SEE LOG AT : ./logs/all_Lyapunov_test_dso-fn_d_all_m_01_log.txt
SpawnPoolWorker-681| 2026-06-22 02:22:20,916,916 multiprocessing INFO See log at : ./logs/all_Lyapunov_test_dso-fn_d_all_m_01_log.txt
SpawnPoolWorker-681| 2026-06-22 02:22:20,937,937 multiprocessing INFO child process calling self.run()
SpawnPoolWorker-669| 2026-06-22 02:22:21,098,98 multiprocessing INFO STARTING NEW RUN ==========
SpawnPoolWorker-669| 2026-06-22 02:22:21,099,99 multiprocessing INFO SEE LOG AT : ./logs/all_Lyapunov_test_dso-fn_d_all_m_01_log.txt
SpawnPoolWorker-669| 2026-06-22 02:22:21,099,99 multiprocessing INFO See log at : ./logs/all_Lyapunov_test_dso-fn_d_all_m_01_log.txt
SpawnPoolWorker-669| 2026-06-22 02:22:21,106,106 multiprocessing INFO child process calling self.run()
SpawnPoolWorker-678| 2026-06-22 02:22:21,158,158 multiprocessing INFO STARTING NEW RUN ==========
SpawnPoolWorker-678| 2026-06-22 02:22:21,158,158 multiprocessing INFO SEE LOG AT : ./logs/all_Lyapunov_test_dso-fn_d_all_m_01_log.txt
SpawnPoolWorker-678| 2026-06-22 02:22:21,158,158 multiprocessing INFO See log at : ./logs/all_Lyapunov_test_dso-fn_d_all_m_01_log.txt
SpawnPoolWorker-678| 2026-06-22 02:22:21,160,160 multiprocessing INFO child process calling self.run()
SpawnPoolWorker-692| 2026-06-22 02:22:21,509,509 multiprocessing INFO STARTING NEW RUN ==========
SpawnPoolWorker-692| 2026-06-22 02:22:21,509,509 multiprocessing INFO SEE LOG AT : ./logs/all_Lyapunov_test_dso-fn_d_all_m_01_log.txt
SpawnPoolWorker-692| 2026-06-22 02:22:21,509,509 multiprocessing INFO See log at : ./logs/all_Lyapunov_test_dso-fn_d_all_m_01_log.txt
SpawnPoolWorker-692| 2026-06-22 02:22:21,511,511 multiprocessing INFO child process calling self.run()
SpawnPoolWorker-657| 2026-06-22 02:22:21,512,512 multiprocessing INFO STARTING NEW RUN ==========
SpawnPoolWorker-657| 2026-06-22 02:22:21,512,512 multiprocessing INFO SEE LOG AT : ./logs/all_Lyapunov_test_dso-fn_d_all_m_01_log.txt
SpawnPoolWorker-657| 2026-06-22 02:22:21,512,512 multiprocessing INFO See log at : ./logs/all_Lyapunov_test_dso-fn_d_all_m_01_log.txt
SpawnPoolWorker-657| 2026-06-22 02:22:21,521,521 multiprocessing INFO child process calling self.run()
SpawnPoolWorker-674| 2026-06-22 02:22:21,554,554 multiprocessing INFO STARTING NEW RUN ==========
SpawnPoolWorker-674| 2026-06-22 02:22:21,554,554 multiprocessing INFO SEE LOG AT : ./logs/all_Lyapunov_test_dso-fn_d_all_m_01_log.txt
SpawnPoolWorker-674| 2026-06-22 02:22:21,554,554 multiprocessing INFO See log at : ./logs/all_Lyapunov_test_dso-fn_d_all_m_01_log.txt
SpawnPoolWorker-674| 2026-06-22 02:22:21,562,562 multiprocessing INFO child process calling self.run()
SpawnPoolWorker-679| 2026-06-22 02:22:21,709,709 multiprocessing INFO STARTING NEW RUN ==========
SpawnPoolWorker-679| 2026-06-22 02:22:21,709,709 multiprocessing INFO SEE LOG AT : ./logs/all_Lyapunov_test_dso-fn_d_all_m_01_log.txt
SpawnPoolWorker-679| 2026-06-22 02:22:21,709,709 multiprocessing INFO See log at : ./logs/all_Lyapunov_test_dso-fn_d_all_m_01_log.txt
SpawnPoolWorker-679| 2026-06-22 02:22:21,715,715 multiprocessing INFO child process calling self.run()
SpawnPoolWorker-685| 2026-06-22 02:22:21,780,780 multiprocessing INFO STARTING NEW RUN ==========
SpawnPoolWorker-685| 2026-06-22 02:22:21,780,780 multiprocessing INFO SEE LOG AT : ./logs/all_Lyapunov_test_dso-fn_d_all_m_01_log.txt
SpawnPoolWorker-685| 2026-06-22 02:22:21,780,780 multiprocessing INFO See log at : ./logs/all_Lyapunov_test_dso-fn_d_all_m_01_log.txt
SpawnPoolWorker-685| 2026-06-22 02:22:21,789,789 multiprocessing INFO child process calling self.run()
SpawnPoolWorker-676| 2026-06-22 02:22:21,959,959 multiprocessing INFO STARTING NEW RUN ==========
SpawnPoolWorker-676| 2026-06-22 02:22:21,959,959 multiprocessing INFO SEE LOG AT : ./logs/all_Lyapunov_test_dso-fn_d_all_m_01_log.txt
SpawnPoolWorker-676| 2026-06-22 02:22:21,959,959 multiprocessing INFO See log at : ./logs/all_Lyapunov_test_dso-fn_d_all_m_01_log.txt
SpawnPoolWorker-676| 2026-06-22 02:22:21,964,964 multiprocessing INFO child process calling self.run()
SpawnPoolWorker-675| 2026-06-22 02:22:22,113,113 multiprocessing INFO STARTING NEW RUN ==========
SpawnPoolWorker-675| 2026-06-22 02:22:22,114,114 multiprocessing INFO SEE LOG AT : ./logs/all_Lyapunov_test_dso-fn_d_all_m_01_log.txt
SpawnPoolWorker-675| 2026-06-22 02:22:22,114,114 multiprocessing INFO See log at : ./logs/all_Lyapunov_test_dso-fn_d_all_m_01_log.txt
SpawnPoolWorker-675| 2026-06-22 02:22:22,115,115 multiprocessing INFO child process calling self.run()
SpawnPoolWorker-683| 2026-06-22 02:22:22,151,151 multiprocessing INFO STARTING NEW RUN ==========
SpawnPoolWorker-683| 2026-06-22 02:22:22,151,151 multiprocessing INFO SEE LOG AT : ./logs/all_Lyapunov_test_dso-fn_d_all_m_01_log.txt
SpawnPoolWorker-683| 2026-06-22 02:22:22,151,151 multiprocessing INFO See log at : ./logs/all_Lyapunov_test_dso-fn_d_all_m_01_log.txt
SpawnPoolWorker-683| 2026-06-22 02:22:22,154,154 multiprocessing INFO child process calling self.run()
SpawnPoolWorker-684| 2026-06-22 02:22:22,188,188 multiprocessing INFO STARTING NEW RUN ==========
SpawnPoolWorker-684| 2026-06-22 02:22:22,188,188 multiprocessing INFO SEE LOG AT : ./logs/all_Lyapunov_test_dso-fn_d_all_m_01_log.txt
SpawnPoolWorker-684| 2026-06-22 02:22:22,188,188 multiprocessing INFO See log at : ./logs/all_Lyapunov_test_dso-fn_d_all_m_01_log.txt
SpawnPoolWorker-684| 2026-06-22 02:22:22,190,190 multiprocessing INFO child process calling self.run()
SpawnPoolWorker-682| 2026-06-22 02:22:22,225,225 multiprocessing INFO STARTING NEW RUN ==========
SpawnPoolWorker-682| 2026-06-22 02:22:22,225,225 multiprocessing INFO SEE LOG AT : ./logs/all_Lyapunov_test_dso-fn_d_all_m_01_log.txt
SpawnPoolWorker-682| 2026-06-22 02:22:22,225,225 multiprocessing INFO See log at : ./logs/all_Lyapunov_test_dso-fn_d_all_m_01_log.txt
SpawnPoolWorker-682| 2026-06-22 02:22:22,226,226 multiprocessing INFO child process calling self.run()
SpawnPoolWorker-687| 2026-06-22 02:22:22,341,341 multiprocessing INFO STARTING NEW RUN ==========
SpawnPoolWorker-687| 2026-06-22 02:22:22,341,341 multiprocessing INFO SEE LOG AT : ./logs/all_Lyapunov_test_dso-fn_d_all_m_01_log.txt
SpawnPoolWorker-687| 2026-06-22 02:22:22,341,341 multiprocessing INFO See log at : ./logs/all_Lyapunov_test_dso-fn_d_all_m_01_log.txt
SpawnPoolWorker-687| 2026-06-22 02:22:22,347,347 multiprocessing INFO child process calling self.run()
SpawnPoolWorker-673| 2026-06-22 02:22:22,461,461 multiprocessing INFO STARTING NEW RUN ==========
SpawnPoolWorker-673| 2026-06-22 02:22:22,461,461 multiprocessing INFO SEE LOG AT : ./logs/all_Lyapunov_test_dso-fn_d_all_m_01_log.txt
SpawnPoolWorker-673| 2026-06-22 02:22:22,461,461 multiprocessing INFO See log at : ./logs/all_Lyapunov_test_dso-fn_d_all_m_01_log.txt
SpawnPoolWorker-673| 2026-06-22 02:22:22,463,463 multiprocessing INFO child process calling self.run()
SpawnPoolWorker-691| 2026-06-22 02:22:22,643,643 multiprocessing INFO STARTING NEW RUN ==========
SpawnPoolWorker-691| 2026-06-22 02:22:22,643,643 multiprocessing INFO SEE LOG AT : ./logs/all_Lyapunov_test_dso-fn_d_all_m_01_log.txt
SpawnPoolWorker-691| 2026-06-22 02:22:22,643,643 multiprocessing INFO See log at : ./logs/all_Lyapunov_test_dso-fn_d_all_m_01_log.txt
SpawnPoolWorker-691| 2026-06-22 02:22:22,645,645 multiprocessing INFO child process calling self.run()
SpawnPoolWorker-695| 2026-06-22 02:22:22,784,784 multiprocessing INFO STARTING NEW RUN ==========
SpawnPoolWorker-695| 2026-06-22 02:22:22,784,784 multiprocessing INFO SEE LOG AT : ./logs/all_Lyapunov_test_dso-fn_d_all_m_01_log.txt
SpawnPoolWorker-695| 2026-06-22 02:22:22,784,784 multiprocessing INFO See log at : ./logs/all_Lyapunov_test_dso-fn_d_all_m_01_log.txt
SpawnPoolWorker-695| 2026-06-22 02:22:22,786,786 multiprocessing INFO child process calling self.run()
SpawnPoolWorker-693| 2026-06-22 02:22:22,911,911 multiprocessing INFO STARTING NEW RUN ==========
SpawnPoolWorker-693| 2026-06-22 02:22:22,911,911 multiprocessing INFO SEE LOG AT : ./logs/all_Lyapunov_test_dso-fn_d_all_m_01_log.txt
SpawnPoolWorker-693| 2026-06-22 02:22:22,911,911 multiprocessing INFO See log at : ./logs/all_Lyapunov_test_dso-fn_d_all_m_01_log.txt
SpawnPoolWorker-693| 2026-06-22 02:22:22,920,920 multiprocessing INFO child process calling self.run()
SpawnPoolWorker-688| 2026-06-22 02:22:22,999,999 multiprocessing INFO STARTING NEW RUN ==========
SpawnPoolWorker-688| 2026-06-22 02:22:22,999,999 multiprocessing INFO SEE LOG AT : ./logs/all_Lyapunov_test_dso-fn_d_all_m_01_log.txt
SpawnPoolWorker-688| 2026-06-22 02:22:22,999,999 multiprocessing INFO See log at : ./logs/all_Lyapunov_test_dso-fn_d_all_m_01_log.txt
SpawnPoolWorker-688| 2026-06-22 02:22:23,000,0 multiprocessing INFO child process calling self.run()
SpawnPoolWorker-696| 2026-06-22 02:22:23,022,22 multiprocessing INFO STARTING NEW RUN ==========
SpawnPoolWorker-696| 2026-06-22 02:22:23,022,22 multiprocessing INFO SEE LOG AT : ./logs/all_Lyapunov_test_dso-fn_d_all_m_01_log.txt
SpawnPoolWorker-696| 2026-06-22 02:22:23,022,22 multiprocessing INFO See log at : ./logs/all_Lyapunov_test_dso-fn_d_all_m_01_log.txt
SpawnPoolWorker-696| 2026-06-22 02:22:23,025,25 multiprocessing INFO child process calling self.run()
SpawnPoolWorker-689| 2026-06-22 02:22:23,079,79 multiprocessing INFO STARTING NEW RUN ==========
SpawnPoolWorker-689| 2026-06-22 02:22:23,079,79 multiprocessing INFO SEE LOG AT : ./logs/all_Lyapunov_test_dso-fn_d_all_m_01_log.txt
SpawnPoolWorker-689| 2026-06-22 02:22:23,079,79 multiprocessing INFO See log at : ./logs/all_Lyapunov_test_dso-fn_d_all_m_01_log.txt
SpawnPoolWorker-689| 2026-06-22 02:22:23,081,81 multiprocessing INFO child process calling self.run()
SpawnPoolWorker-694| 2026-06-22 02:22:23,194,194 multiprocessing INFO STARTING NEW RUN ==========
SpawnPoolWorker-694| 2026-06-22 02:22:23,194,194 multiprocessing INFO SEE LOG AT : ./logs/all_Lyapunov_test_dso-fn_d_all_m_01_log.txt
SpawnPoolWorker-694| 2026-06-22 02:22:23,194,194 multiprocessing INFO See log at : ./logs/all_Lyapunov_test_dso-fn_d_all_m_01_log.txt
SpawnPoolWorker-694| 2026-06-22 02:22:23,195,195 multiprocessing INFO child process calling self.run()
SpawnPoolWorker-690| 2026-06-22 02:22:23,290,290 multiprocessing INFO STARTING NEW RUN ==========
SpawnPoolWorker-690| 2026-06-22 02:22:23,290,290 multiprocessing INFO SEE LOG AT : ./logs/all_Lyapunov_test_dso-fn_d_all_m_01_log.txt
SpawnPoolWorker-690| 2026-06-22 02:22:23,290,290 multiprocessing INFO See log at : ./logs/all_Lyapunov_test_dso-fn_d_all_m_01_log.txt
SpawnPoolWorker-690| 2026-06-22 02:22:23,291,291 multiprocessing INFO child process calling self.run()
SpawnPoolWorker-669| 2026-06-22 02:22:23,307,307 multiprocessing INFO process shutting down
SpawnPoolWorker-678| 2026-06-22 02:22:23,307,307 multiprocessing INFO process shutting down
SpawnPoolWorker-692| 2026-06-22 02:22:23,307,307 multiprocessing INFO process shutting down
SpawnPoolWorker-669| 2026-06-22 02:22:23,307,307 multiprocessing INFO process exiting with exitcode 0
SpawnPoolWorker-678| 2026-06-22 02:22:23,307,307 multiprocessing INFO process exiting with exitcode 0
SpawnPoolWorker-657| 2026-06-22 02:22:23,307,307 multiprocessing INFO process shutting down
SpawnPoolWorker-692| 2026-06-22 02:22:23,307,307 multiprocessing INFO process exiting with exitcode 0
SpawnPoolWorker-657| 2026-06-22 02:22:23,308,308 multiprocessing INFO process exiting with exitcode 0
SpawnPoolWorker-674| 2026-06-22 02:22:23,307,307 multiprocessing INFO process shutting down
SpawnPoolWorker-656| 2026-06-22 02:22:23,307,307 multiprocessing INFO process shutting down
SpawnPoolWorker-650| 2026-06-22 02:22:23,308,308 multiprocessing INFO process shutting down
SpawnPoolWorker-679| 2026-06-22 02:22:23,308,308 multiprocessing INFO process shutting down
SpawnPoolWorker-685| 2026-06-22 02:22:23,308,308 multiprocessing INFO process shutting down
SpawnPoolWorker-676| 2026-06-22 02:22:23,308,308 multiprocessing INFO process shutting down
SpawnPoolWorker-664| 2026-06-22 02:22:23,308,308 multiprocessing INFO process shutting down
SpawnPoolWorker-667| 2026-06-22 02:22:23,308,308 multiprocessing INFO process shutting down
SpawnPoolWorker-675| 2026-06-22 02:22:23,308,308 multiprocessing INFO process shutting down
SpawnPoolWorker-683| 2026-06-22 02:22:23,308,308 multiprocessing INFO process shutting down
SpawnPoolWorker-684| 2026-06-22 02:22:23,308,308 multiprocessing INFO process shutting down
SpawnPoolWorker-682| 2026-06-22 02:22:23,308,308 multiprocessing INFO process shutting down
SpawnPoolWorker-687| 2026-06-22 02:22:23,308,308 multiprocessing INFO process shutting down
SpawnPoolWorker-673| 2026-06-22 02:22:23,308,308 multiprocessing INFO process shutting down
SpawnPoolWorker-661| 2026-06-22 02:22:23,308,308 multiprocessing INFO process shutting down
SpawnPoolWorker-665| 2026-06-22 02:22:23,308,308 multiprocessing INFO process shutting down
SpawnPoolWorker-668| 2026-06-22 02:22:23,308,308 multiprocessing INFO process shutting down
SpawnPoolWorker-691| 2026-06-22 02:22:23,308,308 multiprocessing INFO process shutting down
SpawnPoolWorker-653| 2026-06-22 02:22:23,308,308 multiprocessing INFO process shutting down
SpawnPoolWorker-659| 2026-06-22 02:22:23,308,308 multiprocessing INFO process shutting down
SpawnPoolWorker-695| 2026-06-22 02:22:23,309,309 multiprocessing INFO process shutting down
SpawnPoolWorker-677| 2026-06-22 02:22:23,309,309 multiprocessing INFO process shutting down
SpawnPoolWorker-662| 2026-06-22 02:22:23,309,309 multiprocessing INFO process shutting down
SpawnPoolWorker-693| 2026-06-22 02:22:23,309,309 multiprocessing INFO process shutting down
SpawnPoolWorker-651| 2026-06-22 02:22:23,309,309 multiprocessing INFO process shutting down
SpawnPoolWorker-688| 2026-06-22 02:22:23,309,309 multiprocessing INFO process shutting down
SpawnPoolWorker-696| 2026-06-22 02:22:23,309,309 multiprocessing INFO process shutting down
SpawnPoolWorker-660| 2026-06-22 02:22:23,309,309 multiprocessing INFO process shutting down
SpawnPoolWorker-666| 2026-06-22 02:22:23,309,309 multiprocessing INFO process shutting down
SpawnPoolWorker-689| 2026-06-22 02:22:23,309,309 multiprocessing INFO process shutting down
SpawnPoolWorker-686| 2026-06-22 02:22:23,309,309 multiprocessing INFO process shutting down
SpawnPoolWorker-663| 2026-06-22 02:22:23,309,309 multiprocessing INFO process shutting down
SpawnPoolWorker-671| 2026-06-22 02:22:23,309,309 multiprocessing INFO process shutting down
SpawnPoolWorker-680| 2026-06-22 02:22:23,309,309 multiprocessing INFO process shutting down
SpawnPoolWorker-694| 2026-06-22 02:22:23,309,309 multiprocessing INFO process shutting down
SpawnPoolWorker-658| 2026-06-22 02:22:23,309,309 multiprocessing INFO process shutting down
SpawnPoolWorker-649| 2026-06-22 02:22:23,309,309 multiprocessing INFO process shutting down
SpawnPoolWorker-654| 2026-06-22 02:22:23,309,309 multiprocessing INFO process shutting down
SpawnPoolWorker-655| 2026-06-22 02:22:23,309,309 multiprocessing INFO process shutting down
SpawnPoolWorker-670| 2026-06-22 02:22:23,309,309 multiprocessing INFO process shutting down
SpawnPoolWorker-690| 2026-06-22 02:22:23,309,309 multiprocessing INFO process shutting down
SpawnPoolWorker-672| 2026-06-22 02:22:23,309,309 multiprocessing INFO process shutting down
SpawnPoolWorker-652| 2026-06-22 02:22:23,309,309 multiprocessing INFO process shutting down
SpawnPoolWorker-681| 2026-06-22 02:22:23,310,310 multiprocessing INFO process shutting down
SpawnPoolWorker-674| 2026-06-22 02:22:23,310,310 multiprocessing INFO process exiting with exitcode 0
28
(100000, 6)
(100000,)
(100000, 6)
(100000,)

=======================Successfully Added (214, 6) Counter Examples=======================


============None of the candidates fulfill the conditions. Training CONTINUES!=================

MainProcess| 2026-06-22 02:22:25,506,506 multiprocessing INFO 
============None of the candidates fulfill the conditions. Training CONTINUES!=================


============None of the candidates fulfill the conditions. Training CONTINUES!=================

(55, 123)
/users/9/chen8596/miniconda3/envs/alfd/lib/python3.9/site-packages/torch/nn/functional.py:4999: UserWarning: Support for mismatched key_padding_mask and attn_mask is deprecated. Use same type for both instead.
  warnings.warn(

==============Start Supervised Learning==============

MainProcess| 2026-06-22 02:22:30,285,285 multiprocessing INFO GP output mean: 0.9999997898671278
GP output mean: 0.9999997898671278
MainProcess| 2026-06-22 02:22:30,722,722 multiprocessing INFO GP output success rate: 0.0
GP output success rate: 0.0

==============End Supervised Learning==============

MainProcess| 2026-06-22 02:22:32,087,87 multiprocessing INFO [Test epoch=0012]  nevals=164488 	| train_loss=6630.14941 	| eqs_invalid %=0.00 	| r_best=0.99794 	| quantile=0.80075 	| r_quantile_mean=0.96340 	| r_raw_sum=60.65186 	|  r_raw_mean=0.83085 	| r2=nan 	| acc_iid=0.00000 	| acc_ood=0.00000 	| nmse_test=0.0 	| true_equation_set_count=0 	| s/it=165.48424
[Test epoch=0012]  nevals=164488 	| train_loss=6630.14941 	| eqs_invalid %=0.00 	| r_best=0.99794 	| quantile=0.80075 	| r_quantile_mean=0.96340 	| r_raw_sum=60.65186 	|  r_raw_mean=0.83085 	| r2=nan 	| acc_iid=0.00000 	| acc_ood=0.00000 	| nmse_test=0.0 	| true_equation_set_count=0 	| s/it=165.48424
MainProcess| 2026-06-22 02:23:55,220,220 multiprocessing INFO Genetic Porgramming Runtime 82.55185987311415
Genetic Porgramming Runtime 82.55185987311415

=========================PGD Collection Starts=========================

SpawnPoolWorker-699| 2026-06-22 02:24:01,569,569 multiprocessing INFO STARTING NEW RUN ==========
SpawnPoolWorker-699| 2026-06-22 02:24:01,569,569 multiprocessing INFO SEE LOG AT : ./logs/all_Lyapunov_test_dso-fn_d_all_m_01_log.txt
SpawnPoolWorker-699| 2026-06-22 02:24:01,569,569 multiprocessing INFO See log at : ./logs/all_Lyapunov_test_dso-fn_d_all_m_01_log.txt
SpawnPoolWorker-699| 2026-06-22 02:24:01,572,572 multiprocessing INFO child process calling self.run()
SpawnPoolWorker-698| 2026-06-22 02:24:01,576,576 multiprocessing INFO STARTING NEW RUN ==========
SpawnPoolWorker-703| 2026-06-22 02:24:01,577,577 multiprocessing INFO STARTING NEW RUN ==========
SpawnPoolWorker-706| 2026-06-22 02:24:01,577,577 multiprocessing INFO STARTING NEW RUN ==========
SpawnPoolWorker-704| 2026-06-22 02:24:01,577,577 multiprocessing INFO STARTING NEW RUN ==========
SpawnPoolWorker-701| 2026-06-22 02:24:01,577,577 multiprocessing INFO STARTING NEW RUN ==========
SpawnPoolWorker-697| 2026-06-22 02:24:01,577,577 multiprocessing INFO STARTING NEW RUN ==========
SpawnPoolWorker-705| 2026-06-22 02:24:01,577,577 multiprocessing INFO STARTING NEW RUN ==========
SpawnPoolWorker-698| 2026-06-22 02:24:01,577,577 multiprocessing INFO SEE LOG AT : ./logs/all_Lyapunov_test_dso-fn_d_all_m_01_log.txt
SpawnPoolWorker-703| 2026-06-22 02:24:01,577,577 multiprocessing INFO SEE LOG AT : ./logs/all_Lyapunov_test_dso-fn_d_all_m_01_log.txt
SpawnPoolWorker-706| 2026-06-22 02:24:01,577,577 multiprocessing INFO SEE LOG AT : ./logs/all_Lyapunov_test_dso-fn_d_all_m_01_log.txt
SpawnPoolWorker-704| 2026-06-22 02:24:01,577,577 multiprocessing INFO SEE LOG AT : ./logs/all_Lyapunov_test_dso-fn_d_all_m_01_log.txt
SpawnPoolWorker-701| 2026-06-22 02:24:01,577,577 multiprocessing INFO SEE LOG AT : ./logs/all_Lyapunov_test_dso-fn_d_all_m_01_log.txt
SpawnPoolWorker-698| 2026-06-22 02:24:01,577,577 multiprocessing INFO See log at : ./logs/all_Lyapunov_test_dso-fn_d_all_m_01_log.txt
SpawnPoolWorker-697| 2026-06-22 02:24:01,577,577 multiprocessing INFO SEE LOG AT : ./logs/all_Lyapunov_test_dso-fn_d_all_m_01_log.txt
SpawnPoolWorker-705| 2026-06-22 02:24:01,577,577 multiprocessing INFO SEE LOG AT : ./logs/all_Lyapunov_test_dso-fn_d_all_m_01_log.txt
SpawnPoolWorker-703| 2026-06-22 02:24:01,577,577 multiprocessing INFO See log at : ./logs/all_Lyapunov_test_dso-fn_d_all_m_01_log.txt
SpawnPoolWorker-706| 2026-06-22 02:24:01,577,577 multiprocessing INFO See log at : ./logs/all_Lyapunov_test_dso-fn_d_all_m_01_log.txt
SpawnPoolWorker-704| 2026-06-22 02:24:01,577,577 multiprocessing INFO See log at : ./logs/all_Lyapunov_test_dso-fn_d_all_m_01_log.txt
SpawnPoolWorker-701| 2026-06-22 02:24:01,577,577 multiprocessing INFO See log at : ./logs/all_Lyapunov_test_dso-fn_d_all_m_01_log.txt
SpawnPoolWorker-697| 2026-06-22 02:24:01,577,577 multiprocessing INFO See log at : ./logs/all_Lyapunov_test_dso-fn_d_all_m_01_log.txt
SpawnPoolWorker-705| 2026-06-22 02:24:01,577,577 multiprocessing INFO See log at : ./logs/all_Lyapunov_test_dso-fn_d_all_m_01_log.txt
SpawnPoolWorker-700| 2026-06-22 02:24:01,577,577 multiprocessing INFO STARTING NEW RUN ==========
SpawnPoolWorker-702| 2026-06-22 02:24:01,577,577 multiprocessing INFO STARTING NEW RUN ==========
SpawnPoolWorker-700| 2026-06-22 02:24:01,577,577 multiprocessing INFO SEE LOG AT : ./logs/all_Lyapunov_test_dso-fn_d_all_m_01_log.txt
SpawnPoolWorker-702| 2026-06-22 02:24:01,577,577 multiprocessing INFO SEE LOG AT : ./logs/all_Lyapunov_test_dso-fn_d_all_m_01_log.txt
SpawnPoolWorker-700| 2026-06-22 02:24:01,577,577 multiprocessing INFO See log at : ./logs/all_Lyapunov_test_dso-fn_d_all_m_01_log.txt
SpawnPoolWorker-702| 2026-06-22 02:24:01,577,577 multiprocessing INFO See log at : ./logs/all_Lyapunov_test_dso-fn_d_all_m_01_log.txt
SpawnPoolWorker-698| 2026-06-22 02:24:01,578,578 multiprocessing INFO child process calling self.run()
SpawnPoolWorker-701| 2026-06-22 02:24:01,578,578 multiprocessing INFO child process calling self.run()
SpawnPoolWorker-705| 2026-06-22 02:24:01,578,578 multiprocessing INFO child process calling self.run()
SpawnPoolWorker-697| 2026-06-22 02:24:01,578,578 multiprocessing INFO child process calling self.run()
SpawnPoolWorker-706| 2026-06-22 02:24:01,578,578 multiprocessing INFO child process calling self.run()
SpawnPoolWorker-703| 2026-06-22 02:24:01,578,578 multiprocessing INFO child process calling self.run()
SpawnPoolWorker-700| 2026-06-22 02:24:01,579,579 multiprocessing INFO child process calling self.run()
SpawnPoolWorker-704| 2026-06-22 02:24:01,579,579 multiprocessing INFO child process calling self.run()
SpawnPoolWorker-702| 2026-06-22 02:24:01,579,579 multiprocessing INFO child process calling self.run()
SpawnPoolWorker-705| 2026-06-22 02:24:26,534,534 multiprocessing INFO process shutting down
SpawnPoolWorker-704| 2026-06-22 02:24:26,534,534 multiprocessing INFO process shutting down
SpawnPoolWorker-699| 2026-06-22 02:24:26,534,534 multiprocessing INFO process shutting down
SpawnPoolWorker-700| 2026-06-22 02:24:26,535,535 multiprocessing INFO process shutting down
SpawnPoolWorker-697| 2026-06-22 02:24:26,534,534 multiprocessing INFO process shutting down
SpawnPoolWorker-705| 2026-06-22 02:24:26,535,535 multiprocessing INFO process exiting with exitcode 0
SpawnPoolWorker-704| 2026-06-22 02:24:26,535,535 multiprocessing INFO process exiting with exitcode 0
SpawnPoolWorker-698| 2026-06-22 02:24:26,535,535 multiprocessing INFO process shutting down
SpawnPoolWorker-700| 2026-06-22 02:24:26,535,535 multiprocessing INFO process exiting with exitcode 0
SpawnPoolWorker-699| 2026-06-22 02:24:26,535,535 multiprocessing INFO process exiting with exitcode 0
SpawnPoolWorker-697| 2026-06-22 02:24:26,535,535 multiprocessing INFO process exiting with exitcode 0
SpawnPoolWorker-703| 2026-06-22 02:24:26,535,535 multiprocessing INFO process shutting down
SpawnPoolWorker-698| 2026-06-22 02:24:26,535,535 multiprocessing INFO process exiting with exitcode 0
SpawnPoolWorker-706| 2026-06-22 02:24:26,535,535 multiprocessing INFO process shutting down
SpawnPoolWorker-703| 2026-06-22 02:24:26,535,535 multiprocessing INFO process exiting with exitcode 0
(20000,)

===================Collect 20000 Examples===================

Epsilon 0.1
500
(550,)
(550,)
(60,)
Number of Programs for Minimization: 31
SpawnPoolWorker-708| 2026-06-22 02:24:50,412,412 multiprocessing INFO STARTING NEW RUN ==========
SpawnPoolWorker-708| 2026-06-22 02:24:50,412,412 multiprocessing INFO SEE LOG AT : ./logs/all_Lyapunov_test_dso-fn_d_all_m_01_log.txt
SpawnPoolWorker-708| 2026-06-22 02:24:50,412,412 multiprocessing INFO See log at : ./logs/all_Lyapunov_test_dso-fn_d_all_m_01_log.txt
SpawnPoolWorker-708| 2026-06-22 02:24:50,418,418 multiprocessing INFO child process calling self.run()
SpawnPoolWorker-710| 2026-06-22 02:24:51,946,946 multiprocessing INFO STARTING NEW RUN ==========
SpawnPoolWorker-710| 2026-06-22 02:24:51,946,946 multiprocessing INFO SEE LOG AT : ./logs/all_Lyapunov_test_dso-fn_d_all_m_01_log.txt
SpawnPoolWorker-710| 2026-06-22 02:24:51,946,946 multiprocessing INFO See log at : ./logs/all_Lyapunov_test_dso-fn_d_all_m_01_log.txt
SpawnPoolWorker-710| 2026-06-22 02:24:51,948,948 multiprocessing INFO child process calling self.run()
SpawnPoolWorker-717| 2026-06-22 02:24:51,954,954 multiprocessing INFO STARTING NEW RUN ==========
SpawnPoolWorker-717| 2026-06-22 02:24:51,954,954 multiprocessing INFO SEE LOG AT : ./logs/all_Lyapunov_test_dso-fn_d_all_m_01_log.txt
SpawnPoolWorker-717| 2026-06-22 02:24:51,954,954 multiprocessing INFO See log at : ./logs/all_Lyapunov_test_dso-fn_d_all_m_01_log.txt
SpawnPoolWorker-717| 2026-06-22 02:24:51,964,964 multiprocessing INFO child process calling self.run()
SpawnPoolWorker-707| 2026-06-22 02:24:52,206,206 multiprocessing INFO STARTING NEW RUN ==========
SpawnPoolWorker-707| 2026-06-22 02:24:52,206,206 multiprocessing INFO SEE LOG AT : ./logs/all_Lyapunov_test_dso-fn_d_all_m_01_log.txt
SpawnPoolWorker-707| 2026-06-22 02:24:52,206,206 multiprocessing INFO See log at : ./logs/all_Lyapunov_test_dso-fn_d_all_m_01_log.txt
SpawnPoolWorker-707| 2026-06-22 02:24:52,208,208 multiprocessing INFO child process calling self.run()
SpawnPoolWorker-712| 2026-06-22 02:24:52,225,225 multiprocessing INFO STARTING NEW RUN ==========
SpawnPoolWorker-712| 2026-06-22 02:24:52,225,225 multiprocessing INFO SEE LOG AT : ./logs/all_Lyapunov_test_dso-fn_d_all_m_01_log.txt
SpawnPoolWorker-712| 2026-06-22 02:24:52,225,225 multiprocessing INFO See log at : ./logs/all_Lyapunov_test_dso-fn_d_all_m_01_log.txt
SpawnPoolWorker-712| 2026-06-22 02:24:52,228,228 multiprocessing INFO child process calling self.run()
SpawnPoolWorker-727| 2026-06-22 02:24:52,440,440 multiprocessing INFO STARTING NEW RUN ==========
SpawnPoolWorker-727| 2026-06-22 02:24:52,440,440 multiprocessing INFO SEE LOG AT : ./logs/all_Lyapunov_test_dso-fn_d_all_m_01_log.txt
SpawnPoolWorker-727| 2026-06-22 02:24:52,440,440 multiprocessing INFO See log at : ./logs/all_Lyapunov_test_dso-fn_d_all_m_01_log.txt
SpawnPoolWorker-727| 2026-06-22 02:24:52,446,446 multiprocessing INFO child process calling self.run()
SpawnPoolWorker-719| 2026-06-22 02:24:52,565,565 multiprocessing INFO STARTING NEW RUN ==========
SpawnPoolWorker-719| 2026-06-22 02:24:52,565,565 multiprocessing INFO SEE LOG AT : ./logs/all_Lyapunov_test_dso-fn_d_all_m_01_log.txt
SpawnPoolWorker-719| 2026-06-22 02:24:52,565,565 multiprocessing INFO See log at : ./logs/all_Lyapunov_test_dso-fn_d_all_m_01_log.txt
SpawnPoolWorker-719| 2026-06-22 02:24:52,579,579 multiprocessing INFO child process calling self.run()
SpawnPoolWorker-733| 2026-06-22 02:24:52,584,584 multiprocessing INFO STARTING NEW RUN ==========
SpawnPoolWorker-733| 2026-06-22 02:24:52,584,584 multiprocessing INFO SEE LOG AT : ./logs/all_Lyapunov_test_dso-fn_d_all_m_01_log.txt
SpawnPoolWorker-733| 2026-06-22 02:24:52,584,584 multiprocessing INFO See log at : ./logs/all_Lyapunov_test_dso-fn_d_all_m_01_log.txt
SpawnPoolWorker-733| 2026-06-22 02:24:52,589,589 multiprocessing INFO child process calling self.run()
SpawnPoolWorker-709| 2026-06-22 02:24:52,597,597 multiprocessing INFO STARTING NEW RUN ==========
SpawnPoolWorker-709| 2026-06-22 02:24:52,598,598 multiprocessing INFO SEE LOG AT : ./logs/all_Lyapunov_test_dso-fn_d_all_m_01_log.txt
SpawnPoolWorker-709| 2026-06-22 02:24:52,598,598 multiprocessing INFO See log at : ./logs/all_Lyapunov_test_dso-fn_d_all_m_01_log.txt
SpawnPoolWorker-709| 2026-06-22 02:24:52,602,602 multiprocessing INFO child process calling self.run()
SpawnPoolWorker-723| 2026-06-22 02:24:52,835,835 multiprocessing INFO STARTING NEW RUN ==========
SpawnPoolWorker-723| 2026-06-22 02:24:52,835,835 multiprocessing INFO SEE LOG AT : ./logs/all_Lyapunov_test_dso-fn_d_all_m_01_log.txt
SpawnPoolWorker-723| 2026-06-22 02:24:52,836,836 multiprocessing INFO See log at : ./logs/all_Lyapunov_test_dso-fn_d_all_m_01_log.txt
SpawnPoolWorker-742| 2026-06-22 02:24:52,846,846 multiprocessing INFO STARTING NEW RUN ==========
SpawnPoolWorker-742| 2026-06-22 02:24:52,846,846 multiprocessing INFO SEE LOG AT : ./logs/all_Lyapunov_test_dso-fn_d_all_m_01_log.txt
SpawnPoolWorker-742| 2026-06-22 02:24:52,846,846 multiprocessing INFO See log at : ./logs/all_Lyapunov_test_dso-fn_d_all_m_01_log.txt
SpawnPoolWorker-742| 2026-06-22 02:24:52,851,851 multiprocessing INFO child process calling self.run()
SpawnPoolWorker-723| 2026-06-22 02:24:52,857,857 multiprocessing INFO child process calling self.run()
SpawnPoolWorker-728| 2026-06-22 02:24:52,932,932 multiprocessing INFO STARTING NEW RUN ==========
SpawnPoolWorker-728| 2026-06-22 02:24:52,932,932 multiprocessing INFO SEE LOG AT : ./logs/all_Lyapunov_test_dso-fn_d_all_m_01_log.txt
SpawnPoolWorker-728| 2026-06-22 02:24:52,932,932 multiprocessing INFO See log at : ./logs/all_Lyapunov_test_dso-fn_d_all_m_01_log.txt
SpawnPoolWorker-728| 2026-06-22 02:24:52,936,936 multiprocessing INFO child process calling self.run()
SpawnPoolWorker-715| 2026-06-22 02:24:52,939,939 multiprocessing INFO STARTING NEW RUN ==========
SpawnPoolWorker-715| 2026-06-22 02:24:52,939,939 multiprocessing INFO SEE LOG AT : ./logs/all_Lyapunov_test_dso-fn_d_all_m_01_log.txt
SpawnPoolWorker-715| 2026-06-22 02:24:52,939,939 multiprocessing INFO See log at : ./logs/all_Lyapunov_test_dso-fn_d_all_m_01_log.txt
SpawnPoolWorker-715| 2026-06-22 02:24:52,949,949 multiprocessing INFO child process calling self.run()
SpawnPoolWorker-711| 2026-06-22 02:24:52,976,976 multiprocessing INFO STARTING NEW RUN ==========
SpawnPoolWorker-711| 2026-06-22 02:24:52,976,976 multiprocessing INFO SEE LOG AT : ./logs/all_Lyapunov_test_dso-fn_d_all_m_01_log.txt
SpawnPoolWorker-711| 2026-06-22 02:24:52,976,976 multiprocessing INFO See log at : ./logs/all_Lyapunov_test_dso-fn_d_all_m_01_log.txt
SpawnPoolWorker-711| 2026-06-22 02:24:52,982,982 multiprocessing INFO child process calling self.run()
SpawnPoolWorker-725| 2026-06-22 02:24:53,083,83 multiprocessing INFO STARTING NEW RUN ==========
SpawnPoolWorker-725| 2026-06-22 02:24:53,083,83 multiprocessing INFO SEE LOG AT : ./logs/all_Lyapunov_test_dso-fn_d_all_m_01_log.txt
SpawnPoolWorker-725| 2026-06-22 02:24:53,083,83 multiprocessing INFO See log at : ./logs/all_Lyapunov_test_dso-fn_d_all_m_01_log.txt
SpawnPoolWorker-725| 2026-06-22 02:24:53,092,92 multiprocessing INFO child process calling self.run()
SpawnPoolWorker-713| 2026-06-22 02:24:53,128,128 multiprocessing INFO STARTING NEW RUN ==========
SpawnPoolWorker-713| 2026-06-22 02:24:53,128,128 multiprocessing INFO SEE LOG AT : ./logs/all_Lyapunov_test_dso-fn_d_all_m_01_log.txt
SpawnPoolWorker-713| 2026-06-22 02:24:53,128,128 multiprocessing INFO See log at : ./logs/all_Lyapunov_test_dso-fn_d_all_m_01_log.txt
SpawnPoolWorker-713| 2026-06-22 02:24:53,138,138 multiprocessing INFO child process calling self.run()
SpawnPoolWorker-724| 2026-06-22 02:24:53,144,144 multiprocessing INFO STARTING NEW RUN ==========
SpawnPoolWorker-724| 2026-06-22 02:24:53,144,144 multiprocessing INFO SEE LOG AT : ./logs/all_Lyapunov_test_dso-fn_d_all_m_01_log.txt
SpawnPoolWorker-724| 2026-06-22 02:24:53,144,144 multiprocessing INFO See log at : ./logs/all_Lyapunov_test_dso-fn_d_all_m_01_log.txt
SpawnPoolWorker-724| 2026-06-22 02:24:53,157,157 multiprocessing INFO child process calling self.run()
SpawnPoolWorker-716| 2026-06-22 02:24:53,497,497 multiprocessing INFO STARTING NEW RUN ==========
SpawnPoolWorker-716| 2026-06-22 02:24:53,497,497 multiprocessing INFO SEE LOG AT : ./logs/all_Lyapunov_test_dso-fn_d_all_m_01_log.txt
SpawnPoolWorker-716| 2026-06-22 02:24:53,497,497 multiprocessing INFO See log at : ./logs/all_Lyapunov_test_dso-fn_d_all_m_01_log.txt
SpawnPoolWorker-716| 2026-06-22 02:24:53,511,511 multiprocessing INFO child process calling self.run()
SpawnPoolWorker-734| 2026-06-22 02:24:53,708,708 multiprocessing INFO STARTING NEW RUN ==========
SpawnPoolWorker-734| 2026-06-22 02:24:53,708,708 multiprocessing INFO SEE LOG AT : ./logs/all_Lyapunov_test_dso-fn_d_all_m_01_log.txt
SpawnPoolWorker-734| 2026-06-22 02:24:53,708,708 multiprocessing INFO See log at : ./logs/all_Lyapunov_test_dso-fn_d_all_m_01_log.txt
SpawnPoolWorker-734| 2026-06-22 02:24:53,710,710 multiprocessing INFO child process calling self.run()
SpawnPoolWorker-732| 2026-06-22 02:24:53,750,750 multiprocessing INFO STARTING NEW RUN ==========
SpawnPoolWorker-732| 2026-06-22 02:24:53,750,750 multiprocessing INFO SEE LOG AT : ./logs/all_Lyapunov_test_dso-fn_d_all_m_01_log.txt
SpawnPoolWorker-732| 2026-06-22 02:24:53,750,750 multiprocessing INFO See log at : ./logs/all_Lyapunov_test_dso-fn_d_all_m_01_log.txt
SpawnPoolWorker-732| 2026-06-22 02:24:53,759,759 multiprocessing INFO child process calling self.run()
SpawnPoolWorker-729| 2026-06-22 02:24:53,914,914 multiprocessing INFO STARTING NEW RUN ==========
SpawnPoolWorker-729| 2026-06-22 02:24:53,914,914 multiprocessing INFO SEE LOG AT : ./logs/all_Lyapunov_test_dso-fn_d_all_m_01_log.txt
SpawnPoolWorker-729| 2026-06-22 02:24:53,914,914 multiprocessing INFO See log at : ./logs/all_Lyapunov_test_dso-fn_d_all_m_01_log.txt
SpawnPoolWorker-729| 2026-06-22 02:24:53,916,916 multiprocessing INFO child process calling self.run()
SpawnPoolWorker-744| 2026-06-22 02:24:53,923,923 multiprocessing INFO STARTING NEW RUN ==========
SpawnPoolWorker-744| 2026-06-22 02:24:53,923,923 multiprocessing INFO SEE LOG AT : ./logs/all_Lyapunov_test_dso-fn_d_all_m_01_log.txt
SpawnPoolWorker-744| 2026-06-22 02:24:53,923,923 multiprocessing INFO See log at : ./logs/all_Lyapunov_test_dso-fn_d_all_m_01_log.txt
SpawnPoolWorker-744| 2026-06-22 02:24:53,932,932 multiprocessing INFO child process calling self.run()
SpawnPoolWorker-714| 2026-06-22 02:24:53,937,937 multiprocessing INFO STARTING NEW RUN ==========
SpawnPoolWorker-714| 2026-06-22 02:24:53,937,937 multiprocessing INFO SEE LOG AT : ./logs/all_Lyapunov_test_dso-fn_d_all_m_01_log.txt
SpawnPoolWorker-714| 2026-06-22 02:24:53,937,937 multiprocessing INFO See log at : ./logs/all_Lyapunov_test_dso-fn_d_all_m_01_log.txt
SpawnPoolWorker-714| 2026-06-22 02:24:53,950,950 multiprocessing INFO child process calling self.run()
SpawnPoolWorker-731| 2026-06-22 02:24:53,967,967 multiprocessing INFO STARTING NEW RUN ==========
SpawnPoolWorker-731| 2026-06-22 02:24:53,967,967 multiprocessing INFO SEE LOG AT : ./logs/all_Lyapunov_test_dso-fn_d_all_m_01_log.txt
SpawnPoolWorker-731| 2026-06-22 02:24:53,967,967 multiprocessing INFO See log at : ./logs/all_Lyapunov_test_dso-fn_d_all_m_01_log.txt
SpawnPoolWorker-731| 2026-06-22 02:24:53,969,969 multiprocessing INFO child process calling self.run()
SpawnPoolWorker-730| 2026-06-22 02:24:53,982,982 multiprocessing INFO STARTING NEW RUN ==========
SpawnPoolWorker-730| 2026-06-22 02:24:53,982,982 multiprocessing INFO SEE LOG AT : ./logs/all_Lyapunov_test_dso-fn_d_all_m_01_log.txt
SpawnPoolWorker-730| 2026-06-22 02:24:53,982,982 multiprocessing INFO See log at : ./logs/all_Lyapunov_test_dso-fn_d_all_m_01_log.txt
SpawnPoolWorker-722| 2026-06-22 02:24:53,983,983 multiprocessing INFO STARTING NEW RUN ==========
SpawnPoolWorker-722| 2026-06-22 02:24:53,983,983 multiprocessing INFO SEE LOG AT : ./logs/all_Lyapunov_test_dso-fn_d_all_m_01_log.txt
SpawnPoolWorker-722| 2026-06-22 02:24:53,983,983 multiprocessing INFO See log at : ./logs/all_Lyapunov_test_dso-fn_d_all_m_01_log.txt
SpawnPoolWorker-730| 2026-06-22 02:24:53,985,985 multiprocessing INFO child process calling self.run()
SpawnPoolWorker-722| 2026-06-22 02:24:53,987,987 multiprocessing INFO child process calling self.run()
SpawnPoolWorker-739| 2026-06-22 02:24:54,378,378 multiprocessing INFO STARTING NEW RUN ==========
SpawnPoolWorker-739| 2026-06-22 02:24:54,378,378 multiprocessing INFO SEE LOG AT : ./logs/all_Lyapunov_test_dso-fn_d_all_m_01_log.txt
SpawnPoolWorker-739| 2026-06-22 02:24:54,378,378 multiprocessing INFO See log at : ./logs/all_Lyapunov_test_dso-fn_d_all_m_01_log.txt
SpawnPoolWorker-739| 2026-06-22 02:24:54,381,381 multiprocessing INFO child process calling self.run()
SpawnPoolWorker-718| 2026-06-22 02:24:54,434,434 multiprocessing INFO STARTING NEW RUN ==========
SpawnPoolWorker-718| 2026-06-22 02:24:54,435,435 multiprocessing INFO SEE LOG AT : ./logs/all_Lyapunov_test_dso-fn_d_all_m_01_log.txt
SpawnPoolWorker-718| 2026-06-22 02:24:54,435,435 multiprocessing INFO See log at : ./logs/all_Lyapunov_test_dso-fn_d_all_m_01_log.txt
SpawnPoolWorker-718| 2026-06-22 02:24:54,437,437 multiprocessing INFO child process calling self.run()
SpawnPoolWorker-726| 2026-06-22 02:24:54,486,486 multiprocessing INFO STARTING NEW RUN ==========
SpawnPoolWorker-726| 2026-06-22 02:24:54,487,487 multiprocessing INFO SEE LOG AT : ./logs/all_Lyapunov_test_dso-fn_d_all_m_01_log.txt
SpawnPoolWorker-726| 2026-06-22 02:24:54,487,487 multiprocessing INFO See log at : ./logs/all_Lyapunov_test_dso-fn_d_all_m_01_log.txt
SpawnPoolWorker-726| 2026-06-22 02:24:54,496,496 multiprocessing INFO child process calling self.run()
SpawnPoolWorker-735| 2026-06-22 02:24:54,904,904 multiprocessing INFO STARTING NEW RUN ==========
SpawnPoolWorker-735| 2026-06-22 02:24:54,904,904 multiprocessing INFO SEE LOG AT : ./logs/all_Lyapunov_test_dso-fn_d_all_m_01_log.txt
SpawnPoolWorker-735| 2026-06-22 02:24:54,904,904 multiprocessing INFO See log at : ./logs/all_Lyapunov_test_dso-fn_d_all_m_01_log.txt
SpawnPoolWorker-735| 2026-06-22 02:24:54,910,910 multiprocessing INFO child process calling self.run()
SpawnPoolWorker-720| 2026-06-22 02:24:54,917,917 multiprocessing INFO STARTING NEW RUN ==========
SpawnPoolWorker-720| 2026-06-22 02:24:54,917,917 multiprocessing INFO SEE LOG AT : ./logs/all_Lyapunov_test_dso-fn_d_all_m_01_log.txt
SpawnPoolWorker-720| 2026-06-22 02:24:54,917,917 multiprocessing INFO See log at : ./logs/all_Lyapunov_test_dso-fn_d_all_m_01_log.txt
SpawnPoolWorker-720| 2026-06-22 02:24:54,919,919 multiprocessing INFO child process calling self.run()
SpawnPoolWorker-736| 2026-06-22 02:24:55,311,311 multiprocessing INFO STARTING NEW RUN ==========
SpawnPoolWorker-736| 2026-06-22 02:24:55,311,311 multiprocessing INFO SEE LOG AT : ./logs/all_Lyapunov_test_dso-fn_d_all_m_01_log.txt
SpawnPoolWorker-736| 2026-06-22 02:24:55,311,311 multiprocessing INFO See log at : ./logs/all_Lyapunov_test_dso-fn_d_all_m_01_log.txt
SpawnPoolWorker-736| 2026-06-22 02:24:55,313,313 multiprocessing INFO child process calling self.run()
SpawnPoolWorker-741| 2026-06-22 02:24:55,402,402 multiprocessing INFO STARTING NEW RUN ==========
SpawnPoolWorker-741| 2026-06-22 02:24:55,402,402 multiprocessing INFO SEE LOG AT : ./logs/all_Lyapunov_test_dso-fn_d_all_m_01_log.txt
SpawnPoolWorker-741| 2026-06-22 02:24:55,402,402 multiprocessing INFO See log at : ./logs/all_Lyapunov_test_dso-fn_d_all_m_01_log.txt
SpawnPoolWorker-741| 2026-06-22 02:24:55,404,404 multiprocessing INFO child process calling self.run()
SpawnPoolWorker-721| 2026-06-22 02:24:55,467,467 multiprocessing INFO STARTING NEW RUN ==========
SpawnPoolWorker-721| 2026-06-22 02:24:55,467,467 multiprocessing INFO SEE LOG AT : ./logs/all_Lyapunov_test_dso-fn_d_all_m_01_log.txt
SpawnPoolWorker-721| 2026-06-22 02:24:55,467,467 multiprocessing INFO See log at : ./logs/all_Lyapunov_test_dso-fn_d_all_m_01_log.txt
SpawnPoolWorker-721| 2026-06-22 02:24:55,469,469 multiprocessing INFO child process calling self.run()
SpawnPoolWorker-740| 2026-06-22 02:24:55,728,728 multiprocessing INFO STARTING NEW RUN ==========
SpawnPoolWorker-740| 2026-06-22 02:24:55,728,728 multiprocessing INFO SEE LOG AT : ./logs/all_Lyapunov_test_dso-fn_d_all_m_01_log.txt
SpawnPoolWorker-740| 2026-06-22 02:24:55,728,728 multiprocessing INFO See log at : ./logs/all_Lyapunov_test_dso-fn_d_all_m_01_log.txt
SpawnPoolWorker-740| 2026-06-22 02:24:55,730,730 multiprocessing INFO child process calling self.run()
SpawnPoolWorker-746| 2026-06-22 02:24:55,742,742 multiprocessing INFO STARTING NEW RUN ==========
SpawnPoolWorker-746| 2026-06-22 02:24:55,742,742 multiprocessing INFO SEE LOG AT : ./logs/all_Lyapunov_test_dso-fn_d_all_m_01_log.txt
SpawnPoolWorker-746| 2026-06-22 02:24:55,742,742 multiprocessing INFO See log at : ./logs/all_Lyapunov_test_dso-fn_d_all_m_01_log.txt
SpawnPoolWorker-746| 2026-06-22 02:24:55,747,747 multiprocessing INFO child process calling self.run()
SpawnPoolWorker-738| 2026-06-22 02:24:55,787,787 multiprocessing INFO STARTING NEW RUN ==========
SpawnPoolWorker-738| 2026-06-22 02:24:55,787,787 multiprocessing INFO SEE LOG AT : ./logs/all_Lyapunov_test_dso-fn_d_all_m_01_log.txt
SpawnPoolWorker-738| 2026-06-22 02:24:55,788,788 multiprocessing INFO See log at : ./logs/all_Lyapunov_test_dso-fn_d_all_m_01_log.txt
SpawnPoolWorker-738| 2026-06-22 02:24:55,796,796 multiprocessing INFO child process calling self.run()
SpawnPoolWorker-737| 2026-06-22 02:24:56,038,38 multiprocessing INFO STARTING NEW RUN ==========
SpawnPoolWorker-737| 2026-06-22 02:24:56,038,38 multiprocessing INFO SEE LOG AT : ./logs/all_Lyapunov_test_dso-fn_d_all_m_01_log.txt
SpawnPoolWorker-737| 2026-06-22 02:24:56,038,38 multiprocessing INFO See log at : ./logs/all_Lyapunov_test_dso-fn_d_all_m_01_log.txt
SpawnPoolWorker-737| 2026-06-22 02:24:56,048,48 multiprocessing INFO child process calling self.run()
SpawnPoolWorker-745| 2026-06-22 02:24:56,295,295 multiprocessing INFO STARTING NEW RUN ==========
SpawnPoolWorker-745| 2026-06-22 02:24:56,295,295 multiprocessing INFO SEE LOG AT : ./logs/all_Lyapunov_test_dso-fn_d_all_m_01_log.txt
SpawnPoolWorker-745| 2026-06-22 02:24:56,295,295 multiprocessing INFO See log at : ./logs/all_Lyapunov_test_dso-fn_d_all_m_01_log.txt
SpawnPoolWorker-745| 2026-06-22 02:24:56,302,302 multiprocessing INFO child process calling self.run()
SpawnPoolWorker-747| 2026-06-22 02:24:56,317,317 multiprocessing INFO STARTING NEW RUN ==========
SpawnPoolWorker-747| 2026-06-22 02:24:56,317,317 multiprocessing INFO SEE LOG AT : ./logs/all_Lyapunov_test_dso-fn_d_all_m_01_log.txt
SpawnPoolWorker-747| 2026-06-22 02:24:56,317,317 multiprocessing INFO See log at : ./logs/all_Lyapunov_test_dso-fn_d_all_m_01_log.txt
SpawnPoolWorker-747| 2026-06-22 02:24:56,328,328 multiprocessing INFO child process calling self.run()
SpawnPoolWorker-750| 2026-06-22 02:24:56,433,433 multiprocessing INFO STARTING NEW RUN ==========
SpawnPoolWorker-750| 2026-06-22 02:24:56,433,433 multiprocessing INFO SEE LOG AT : ./logs/all_Lyapunov_test_dso-fn_d_all_m_01_log.txt
SpawnPoolWorker-750| 2026-06-22 02:24:56,433,433 multiprocessing INFO See log at : ./logs/all_Lyapunov_test_dso-fn_d_all_m_01_log.txt
SpawnPoolWorker-750| 2026-06-22 02:24:56,446,446 multiprocessing INFO child process calling self.run()
SpawnPoolWorker-752| 2026-06-22 02:24:56,621,621 multiprocessing INFO STARTING NEW RUN ==========
SpawnPoolWorker-749| 2026-06-22 02:24:56,621,621 multiprocessing INFO STARTING NEW RUN ==========
SpawnPoolWorker-752| 2026-06-22 02:24:56,621,621 multiprocessing INFO SEE LOG AT : ./logs/all_Lyapunov_test_dso-fn_d_all_m_01_log.txt
SpawnPoolWorker-749| 2026-06-22 02:24:56,621,621 multiprocessing INFO SEE LOG AT : ./logs/all_Lyapunov_test_dso-fn_d_all_m_01_log.txt
SpawnPoolWorker-752| 2026-06-22 02:24:56,621,621 multiprocessing INFO See log at : ./logs/all_Lyapunov_test_dso-fn_d_all_m_01_log.txt
SpawnPoolWorker-749| 2026-06-22 02:24:56,621,621 multiprocessing INFO See log at : ./logs/all_Lyapunov_test_dso-fn_d_all_m_01_log.txt
SpawnPoolWorker-749| 2026-06-22 02:24:56,623,623 multiprocessing INFO child process calling self.run()
SpawnPoolWorker-752| 2026-06-22 02:24:56,628,628 multiprocessing INFO child process calling self.run()
SpawnPoolWorker-743| 2026-06-22 02:24:56,674,674 multiprocessing INFO STARTING NEW RUN ==========
SpawnPoolWorker-743| 2026-06-22 02:24:56,674,674 multiprocessing INFO SEE LOG AT : ./logs/all_Lyapunov_test_dso-fn_d_all_m_01_log.txt
SpawnPoolWorker-743| 2026-06-22 02:24:56,674,674 multiprocessing INFO See log at : ./logs/all_Lyapunov_test_dso-fn_d_all_m_01_log.txt
SpawnPoolWorker-743| 2026-06-22 02:24:56,679,679 multiprocessing INFO child process calling self.run()
SpawnPoolWorker-754| 2026-06-22 02:24:56,890,890 multiprocessing INFO STARTING NEW RUN ==========
SpawnPoolWorker-754| 2026-06-22 02:24:56,890,890 multiprocessing INFO SEE LOG AT : ./logs/all_Lyapunov_test_dso-fn_d_all_m_01_log.txt
SpawnPoolWorker-754| 2026-06-22 02:24:56,890,890 multiprocessing INFO See log at : ./logs/all_Lyapunov_test_dso-fn_d_all_m_01_log.txt
SpawnPoolWorker-754| 2026-06-22 02:24:56,899,899 multiprocessing INFO child process calling self.run()
SpawnPoolWorker-748| 2026-06-22 02:24:57,301,301 multiprocessing INFO STARTING NEW RUN ==========
SpawnPoolWorker-748| 2026-06-22 02:24:57,301,301 multiprocessing INFO SEE LOG AT : ./logs/all_Lyapunov_test_dso-fn_d_all_m_01_log.txt
SpawnPoolWorker-748| 2026-06-22 02:24:57,301,301 multiprocessing INFO See log at : ./logs/all_Lyapunov_test_dso-fn_d_all_m_01_log.txt
SpawnPoolWorker-748| 2026-06-22 02:24:57,303,303 multiprocessing INFO child process calling self.run()
SpawnPoolWorker-751| 2026-06-22 02:24:57,406,406 multiprocessing INFO STARTING NEW RUN ==========
SpawnPoolWorker-751| 2026-06-22 02:24:57,406,406 multiprocessing INFO SEE LOG AT : ./logs/all_Lyapunov_test_dso-fn_d_all_m_01_log.txt
SpawnPoolWorker-751| 2026-06-22 02:24:57,406,406 multiprocessing INFO See log at : ./logs/all_Lyapunov_test_dso-fn_d_all_m_01_log.txt
SpawnPoolWorker-751| 2026-06-22 02:24:57,408,408 multiprocessing INFO child process calling self.run()
SpawnPoolWorker-753| 2026-06-22 02:24:57,417,417 multiprocessing INFO STARTING NEW RUN ==========
SpawnPoolWorker-753| 2026-06-22 02:24:57,417,417 multiprocessing INFO SEE LOG AT : ./logs/all_Lyapunov_test_dso-fn_d_all_m_01_log.txt
SpawnPoolWorker-753| 2026-06-22 02:24:57,417,417 multiprocessing INFO See log at : ./logs/all_Lyapunov_test_dso-fn_d_all_m_01_log.txt
SpawnPoolWorker-753| 2026-06-22 02:24:57,418,418 multiprocessing INFO child process calling self.run()
SpawnPoolWorker-736| 2026-06-22 02:24:57,431,431 multiprocessing INFO process shutting down
SpawnPoolWorker-741| 2026-06-22 02:24:57,431,431 multiprocessing INFO process shutting down
SpawnPoolWorker-721| 2026-06-22 02:24:57,431,431 multiprocessing INFO process shutting down
SpawnPoolWorker-736| 2026-06-22 02:24:57,431,431 multiprocessing INFO process exiting with exitcode 0
SpawnPoolWorker-741| 2026-06-22 02:24:57,431,431 multiprocessing INFO process exiting with exitcode 0
SpawnPoolWorker-708| 2026-06-22 02:24:57,431,431 multiprocessing INFO process shutting down
SpawnPoolWorker-721| 2026-06-22 02:24:57,431,431 multiprocessing INFO process exiting with exitcode 0
SpawnPoolWorker-740| 2026-06-22 02:24:57,431,431 multiprocessing INFO process shutting down
SpawnPoolWorker-746| 2026-06-22 02:24:57,431,431 multiprocessing INFO process shutting down
SpawnPoolWorker-738| 2026-06-22 02:24:57,431,431 multiprocessing INFO process shutting down
SpawnPoolWorker-708| 2026-06-22 02:24:57,431,431 multiprocessing INFO process exiting with exitcode 0
SpawnPoolWorker-740| 2026-06-22 02:24:57,431,431 multiprocessing INFO process exiting with exitcode 0
SpawnPoolWorker-746| 2026-06-22 02:24:57,431,431 multiprocessing INFO process exiting with exitcode 0
SpawnPoolWorker-719| 2026-06-22 02:24:57,431,431 multiprocessing INFO process shutting down
SpawnPoolWorker-738| 2026-06-22 02:24:57,431,431 multiprocessing INFO process exiting with exitcode 0
SpawnPoolWorker-715| 2026-06-22 02:24:57,431,431 multiprocessing INFO process shutting down
SpawnPoolWorker-737| 2026-06-22 02:24:57,431,431 multiprocessing INFO process shutting down
SpawnPoolWorker-732| 2026-06-22 02:24:57,431,431 multiprocessing INFO process shutting down
SpawnPoolWorker-745| 2026-06-22 02:24:57,431,431 multiprocessing INFO process shutting down
SpawnPoolWorker-747| 2026-06-22 02:24:57,431,431 multiprocessing INFO process shutting down
SpawnPoolWorker-725| 2026-06-22 02:24:57,431,431 multiprocessing INFO process shutting down
SpawnPoolWorker-712| 2026-06-22 02:24:57,432,432 multiprocessing INFO process shutting down
SpawnPoolWorker-717| 2026-06-22 02:24:57,431,431 multiprocessing INFO process shutting down
SpawnPoolWorker-750| 2026-06-22 02:24:57,432,432 multiprocessing INFO process shutting down
SpawnPoolWorker-709| 2026-06-22 02:24:57,432,432 multiprocessing INFO process shutting down
SpawnPoolWorker-749| 2026-06-22 02:24:57,432,432 multiprocessing INFO process shutting down
SpawnPoolWorker-752| 2026-06-22 02:24:57,432,432 multiprocessing INFO process shutting down
SpawnPoolWorker-743| 2026-06-22 02:24:57,432,432 multiprocessing INFO process shutting down
SpawnPoolWorker-729| 2026-06-22 02:24:57,432,432 multiprocessing INFO process shutting down
SpawnPoolWorker-710| 2026-06-22 02:24:57,432,432 multiprocessing INFO process shutting down
SpawnPoolWorker-724| 2026-06-22 02:24:57,432,432 multiprocessing INFO process shutting down
SpawnPoolWorker-733| 2026-06-22 02:24:57,432,432 multiprocessing INFO process shutting down
SpawnPoolWorker-754| 2026-06-22 02:24:57,432,432 multiprocessing INFO process shutting down
SpawnPoolWorker-723| 2026-06-22 02:24:57,432,432 multiprocessing INFO process shutting down
SpawnPoolWorker-713| 2026-06-22 02:24:57,432,432 multiprocessing INFO process shutting down
SpawnPoolWorker-727| 2026-06-22 02:24:57,432,432 multiprocessing INFO process shutting down
SpawnPoolWorker-707| 2026-06-22 02:24:57,432,432 multiprocessing INFO process shutting down
SpawnPoolWorker-734| 2026-06-22 02:24:57,432,432 multiprocessing INFO process shutting down
SpawnPoolWorker-742| 2026-06-22 02:24:57,432,432 multiprocessing INFO process shutting down
SpawnPoolWorker-716| 2026-06-22 02:24:57,432,432 multiprocessing INFO process shutting down
SpawnPoolWorker-744| 2026-06-22 02:24:57,432,432 multiprocessing INFO process shutting down
SpawnPoolWorker-714| 2026-06-22 02:24:57,432,432 multiprocessing INFO process shutting down
SpawnPoolWorker-728| 2026-06-22 02:24:57,432,432 multiprocessing INFO process shutting down
SpawnPoolWorker-711| 2026-06-22 02:24:57,433,433 multiprocessing INFO process shutting down
SpawnPoolWorker-730| 2026-06-22 02:24:57,433,433 multiprocessing INFO process shutting down
SpawnPoolWorker-722| 2026-06-22 02:24:57,433,433 multiprocessing INFO process shutting down
SpawnPoolWorker-731| 2026-06-22 02:24:57,433,433 multiprocessing INFO process shutting down
SpawnPoolWorker-748| 2026-06-22 02:24:57,433,433 multiprocessing INFO process shutting down
SpawnPoolWorker-726| 2026-06-22 02:24:57,433,433 multiprocessing INFO process shutting down
SpawnPoolWorker-739| 2026-06-22 02:24:57,433,433 multiprocessing INFO process shutting down
SpawnPoolWorker-718| 2026-06-22 02:24:57,433,433 multiprocessing INFO process shutting down
SpawnPoolWorker-751| 2026-06-22 02:24:57,433,433 multiprocessing INFO process shutting down
SpawnPoolWorker-720| 2026-06-22 02:24:57,433,433 multiprocessing INFO process shutting down
SpawnPoolWorker-753| 2026-06-22 02:24:57,433,433 multiprocessing INFO process shutting down
SpawnPoolWorker-735| 2026-06-22 02:24:57,433,433 multiprocessing INFO process shutting down
31
(100000, 6)
(100000,)
(100000, 6)
(100000,)

=======================Successfully Added (676, 6) Counter Examples=======================


============None of the candidates fulfill the conditions. Training CONTINUES!=================

MainProcess| 2026-06-22 02:25:00,138,138 multiprocessing INFO 
============None of the candidates fulfill the conditions. Training CONTINUES!=================


============None of the candidates fulfill the conditions. Training CONTINUES!=================

(60, 123)
/users/9/chen8596/miniconda3/envs/alfd/lib/python3.9/site-packages/torch/nn/functional.py:4999: UserWarning: Support for mismatched key_padding_mask and attn_mask is deprecated. Use same type for both instead.
  warnings.warn(

==============Start Supervised Learning==============

MainProcess| 2026-06-22 02:25:04,520,520 multiprocessing INFO GP output mean: 0.9999962977567957
GP output mean: 0.9999962977567957
MainProcess| 2026-06-22 02:25:05,138,138 multiprocessing INFO GP output success rate: 0.0
GP output success rate: 0.0

==============End Supervised Learning==============

MainProcess| 2026-06-22 02:25:06,500,500 multiprocessing INFO [Test epoch=0013]  nevals=178262 	| train_loss=6168.46045 	| eqs_invalid %=0.00 	| r_best=0.99794 	| quantile=0.93932 	| r_quantile_mean=0.96900 	| r_raw_sum=82.32688 	|  r_raw_mean=0.76941 	| r2=nan 	| acc_iid=0.00000 	| acc_ood=0.00000 	| nmse_test=0.0 	| true_equation_set_count=0 	| s/it=154.41223
[Test epoch=0013]  nevals=178262 	| train_loss=6168.46045 	| eqs_invalid %=0.00 	| r_best=0.99794 	| quantile=0.93932 	| r_quantile_mean=0.96900 	| r_raw_sum=82.32688 	|  r_raw_mean=0.76941 	| r2=nan 	| acc_iid=0.00000 	| acc_ood=0.00000 	| nmse_test=0.0 	| true_equation_set_count=0 	| s/it=154.41223
MainProcess| 2026-06-22 02:26:50,283,283 multiprocessing INFO Genetic Porgramming Runtime 103.20464765001088
Genetic Porgramming Runtime 103.20464765001088

=========================PGD Collection Starts=========================

SpawnPoolWorker-764| 2026-06-22 02:26:55,971,971 multiprocessing INFO STARTING NEW RUN ==========
SpawnPoolWorker-764| 2026-06-22 02:26:55,972,972 multiprocessing INFO SEE LOG AT : ./logs/all_Lyapunov_test_dso-fn_d_all_m_01_log.txt
SpawnPoolWorker-764| 2026-06-22 02:26:55,972,972 multiprocessing INFO See log at : ./logs/all_Lyapunov_test_dso-fn_d_all_m_01_log.txt
SpawnPoolWorker-758| 2026-06-22 02:26:55,972,972 multiprocessing INFO STARTING NEW RUN ==========
SpawnPoolWorker-758| 2026-06-22 02:26:55,972,972 multiprocessing INFO SEE LOG AT : ./logs/all_Lyapunov_test_dso-fn_d_all_m_01_log.txt
SpawnPoolWorker-758| 2026-06-22 02:26:55,972,972 multiprocessing INFO See log at : ./logs/all_Lyapunov_test_dso-fn_d_all_m_01_log.txt
SpawnPoolWorker-762| 2026-06-22 02:26:55,973,973 multiprocessing INFO STARTING NEW RUN ==========
SpawnPoolWorker-757| 2026-06-22 02:26:55,973,973 multiprocessing INFO STARTING NEW RUN ==========
SpawnPoolWorker-755| 2026-06-22 02:26:55,973,973 multiprocessing INFO STARTING NEW RUN ==========
SpawnPoolWorker-760| 2026-06-22 02:26:55,973,973 multiprocessing INFO STARTING NEW RUN ==========
SpawnPoolWorker-764| 2026-06-22 02:26:55,974,974 multiprocessing INFO child process calling self.run()
SpawnPoolWorker-758| 2026-06-22 02:26:55,974,974 multiprocessing INFO child process calling self.run()
SpawnPoolWorker-757| 2026-06-22 02:26:55,975,975 multiprocessing INFO SEE LOG AT : ./logs/all_Lyapunov_test_dso-fn_d_all_m_01_log.txt
SpawnPoolWorker-762| 2026-06-22 02:26:55,975,975 multiprocessing INFO SEE LOG AT : ./logs/all_Lyapunov_test_dso-fn_d_all_m_01_log.txt
SpawnPoolWorker-757| 2026-06-22 02:26:55,975,975 multiprocessing INFO See log at : ./logs/all_Lyapunov_test_dso-fn_d_all_m_01_log.txt
SpawnPoolWorker-762| 2026-06-22 02:26:55,975,975 multiprocessing INFO See log at : ./logs/all_Lyapunov_test_dso-fn_d_all_m_01_log.txt
SpawnPoolWorker-755| 2026-06-22 02:26:55,975,975 multiprocessing INFO SEE LOG AT : ./logs/all_Lyapunov_test_dso-fn_d_all_m_01_log.txt
SpawnPoolWorker-760| 2026-06-22 02:26:55,975,975 multiprocessing INFO SEE LOG AT : ./logs/all_Lyapunov_test_dso-fn_d_all_m_01_log.txt
SpawnPoolWorker-755| 2026-06-22 02:26:55,975,975 multiprocessing INFO See log at : ./logs/all_Lyapunov_test_dso-fn_d_all_m_01_log.txt
SpawnPoolWorker-760| 2026-06-22 02:26:55,975,975 multiprocessing INFO See log at : ./logs/all_Lyapunov_test_dso-fn_d_all_m_01_log.txt
SpawnPoolWorker-761| 2026-06-22 02:26:55,975,975 multiprocessing INFO STARTING NEW RUN ==========
SpawnPoolWorker-761| 2026-06-22 02:26:55,975,975 multiprocessing INFO SEE LOG AT : ./logs/all_Lyapunov_test_dso-fn_d_all_m_01_log.txt
SpawnPoolWorker-761| 2026-06-22 02:26:55,975,975 multiprocessing INFO See log at : ./logs/all_Lyapunov_test_dso-fn_d_all_m_01_log.txt
SpawnPoolWorker-760| 2026-06-22 02:26:55,976,976 multiprocessing INFO child process calling self.run()
SpawnPoolWorker-762| 2026-06-22 02:26:55,976,976 multiprocessing INFO child process calling self.run()
SpawnPoolWorker-755| 2026-06-22 02:26:55,976,976 multiprocessing INFO child process calling self.run()
SpawnPoolWorker-761| 2026-06-22 02:26:55,976,976 multiprocessing INFO child process calling self.run()
SpawnPoolWorker-757| 2026-06-22 02:26:55,977,977 multiprocessing INFO child process calling self.run()
SpawnPoolWorker-759| 2026-06-22 02:26:55,977,977 multiprocessing INFO STARTING NEW RUN ==========
SpawnPoolWorker-763| 2026-06-22 02:26:55,977,977 multiprocessing INFO STARTING NEW RUN ==========
SpawnPoolWorker-759| 2026-06-22 02:26:55,977,977 multiprocessing INFO SEE LOG AT : ./logs/all_Lyapunov_test_dso-fn_d_all_m_01_log.txt
SpawnPoolWorker-763| 2026-06-22 02:26:55,977,977 multiprocessing INFO SEE LOG AT : ./logs/all_Lyapunov_test_dso-fn_d_all_m_01_log.txt
SpawnPoolWorker-759| 2026-06-22 02:26:55,977,977 multiprocessing INFO See log at : ./logs/all_Lyapunov_test_dso-fn_d_all_m_01_log.txt
SpawnPoolWorker-763| 2026-06-22 02:26:55,977,977 multiprocessing INFO See log at : ./logs/all_Lyapunov_test_dso-fn_d_all_m_01_log.txt
SpawnPoolWorker-759| 2026-06-22 02:26:55,979,979 multiprocessing INFO child process calling self.run()
SpawnPoolWorker-763| 2026-06-22 02:26:55,979,979 multiprocessing INFO child process calling self.run()
SpawnPoolWorker-756| 2026-06-22 02:26:55,986,986 multiprocessing INFO STARTING NEW RUN ==========
SpawnPoolWorker-756| 2026-06-22 02:26:55,986,986 multiprocessing INFO SEE LOG AT : ./logs/all_Lyapunov_test_dso-fn_d_all_m_01_log.txt
SpawnPoolWorker-756| 2026-06-22 02:26:55,986,986 multiprocessing INFO See log at : ./logs/all_Lyapunov_test_dso-fn_d_all_m_01_log.txt
SpawnPoolWorker-756| 2026-06-22 02:26:55,988,988 multiprocessing INFO child process calling self.run()
SpawnPoolWorker-755| 2026-06-22 02:27:14,518,518 multiprocessing INFO process shutting down
SpawnPoolWorker-758| 2026-06-22 02:27:14,519,519 multiprocessing INFO process shutting down
SpawnPoolWorker-756| 2026-06-22 02:27:14,519,519 multiprocessing INFO process shutting down
SpawnPoolWorker-762| 2026-06-22 02:27:14,519,519 multiprocessing INFO process shutting down
SpawnPoolWorker-755| 2026-06-22 02:27:14,519,519 multiprocessing INFO process exiting with exitcode 0
SpawnPoolWorker-757| 2026-06-22 02:27:14,519,519 multiprocessing INFO process shutting down
SpawnPoolWorker-763| 2026-06-22 02:27:14,519,519 multiprocessing INFO process shutting down
SpawnPoolWorker-756| 2026-06-22 02:27:14,519,519 multiprocessing INFO process exiting with exitcode 0
SpawnPoolWorker-758| 2026-06-22 02:27:14,519,519 multiprocessing INFO process exiting with exitcode 0
SpawnPoolWorker-764| 2026-06-22 02:27:14,519,519 multiprocessing INFO process shutting down
SpawnPoolWorker-762| 2026-06-22 02:27:14,519,519 multiprocessing INFO process exiting with exitcode 0
SpawnPoolWorker-757| 2026-06-22 02:27:14,519,519 multiprocessing INFO process exiting with exitcode 0
SpawnPoolWorker-763| 2026-06-22 02:27:14,519,519 multiprocessing INFO process exiting with exitcode 0
SpawnPoolWorker-759| 2026-06-22 02:27:14,519,519 multiprocessing INFO process shutting down
SpawnPoolWorker-764| 2026-06-22 02:27:14,519,519 multiprocessing INFO process exiting with exitcode 0
SpawnPoolWorker-759| 2026-06-22 02:27:14,519,519 multiprocessing INFO process exiting with exitcode 0
SpawnPoolWorker-761| 2026-06-22 02:27:14,519,519 multiprocessing INFO process shutting down
(20000,)

===================Collect 20000 Examples===================

Epsilon 0.1
500
(550,)
(550,)
(55,)
Number of Programs for Minimization: 29
SpawnPoolWorker-765| 2026-06-22 02:27:38,210,210 multiprocessing INFO STARTING NEW RUN ==========
SpawnPoolWorker-765| 2026-06-22 02:27:38,210,210 multiprocessing INFO SEE LOG AT : ./logs/all_Lyapunov_test_dso-fn_d_all_m_01_log.txt
SpawnPoolWorker-765| 2026-06-22 02:27:38,210,210 multiprocessing INFO See log at : ./logs/all_Lyapunov_test_dso-fn_d_all_m_01_log.txt
SpawnPoolWorker-765| 2026-06-22 02:27:38,212,212 multiprocessing INFO child process calling self.run()
SpawnPoolWorker-775| 2026-06-22 02:27:38,517,517 multiprocessing INFO STARTING NEW RUN ==========
SpawnPoolWorker-775| 2026-06-22 02:27:38,517,517 multiprocessing INFO SEE LOG AT : ./logs/all_Lyapunov_test_dso-fn_d_all_m_01_log.txt
SpawnPoolWorker-775| 2026-06-22 02:27:38,517,517 multiprocessing INFO See log at : ./logs/all_Lyapunov_test_dso-fn_d_all_m_01_log.txt
SpawnPoolWorker-775| 2026-06-22 02:27:38,519,519 multiprocessing INFO child process calling self.run()
SpawnPoolWorker-767| 2026-06-22 02:27:39,316,316 multiprocessing INFO STARTING NEW RUN ==========
SpawnPoolWorker-767| 2026-06-22 02:27:39,316,316 multiprocessing INFO SEE LOG AT : ./logs/all_Lyapunov_test_dso-fn_d_all_m_01_log.txt
SpawnPoolWorker-767| 2026-06-22 02:27:39,316,316 multiprocessing INFO See log at : ./logs/all_Lyapunov_test_dso-fn_d_all_m_01_log.txt
SpawnPoolWorker-767| 2026-06-22 02:27:39,318,318 multiprocessing INFO child process calling self.run()
SpawnPoolWorker-774| 2026-06-22 02:27:39,511,511 multiprocessing INFO STARTING NEW RUN ==========
SpawnPoolWorker-774| 2026-06-22 02:27:39,511,511 multiprocessing INFO SEE LOG AT : ./logs/all_Lyapunov_test_dso-fn_d_all_m_01_log.txt
SpawnPoolWorker-774| 2026-06-22 02:27:39,511,511 multiprocessing INFO See log at : ./logs/all_Lyapunov_test_dso-fn_d_all_m_01_log.txt
SpawnPoolWorker-774| 2026-06-22 02:27:39,526,526 multiprocessing INFO child process calling self.run()
SpawnPoolWorker-768| 2026-06-22 02:27:39,726,726 multiprocessing INFO STARTING NEW RUN ==========
SpawnPoolWorker-768| 2026-06-22 02:27:39,726,726 multiprocessing INFO SEE LOG AT : ./logs/all_Lyapunov_test_dso-fn_d_all_m_01_log.txt
SpawnPoolWorker-768| 2026-06-22 02:27:39,726,726 multiprocessing INFO See log at : ./logs/all_Lyapunov_test_dso-fn_d_all_m_01_log.txt
SpawnPoolWorker-768| 2026-06-22 02:27:39,736,736 multiprocessing INFO child process calling self.run()
SpawnPoolWorker-784| 2026-06-22 02:27:39,746,746 multiprocessing INFO STARTING NEW RUN ==========
SpawnPoolWorker-784| 2026-06-22 02:27:39,746,746 multiprocessing INFO SEE LOG AT : ./logs/all_Lyapunov_test_dso-fn_d_all_m_01_log.txt
SpawnPoolWorker-784| 2026-06-22 02:27:39,746,746 multiprocessing INFO See log at : ./logs/all_Lyapunov_test_dso-fn_d_all_m_01_log.txt
SpawnPoolWorker-784| 2026-06-22 02:27:39,755,755 multiprocessing INFO child process calling self.run()
SpawnPoolWorker-773| 2026-06-22 02:27:40,182,182 multiprocessing INFO STARTING NEW RUN ==========
SpawnPoolWorker-773| 2026-06-22 02:27:40,182,182 multiprocessing INFO SEE LOG AT : ./logs/all_Lyapunov_test_dso-fn_d_all_m_01_log.txt
SpawnPoolWorker-773| 2026-06-22 02:27:40,182,182 multiprocessing INFO See log at : ./logs/all_Lyapunov_test_dso-fn_d_all_m_01_log.txt
SpawnPoolWorker-773| 2026-06-22 02:27:40,183,183 multiprocessing INFO child process calling self.run()
SpawnPoolWorker-776| 2026-06-22 02:27:40,240,240 multiprocessing INFO STARTING NEW RUN ==========
SpawnPoolWorker-776| 2026-06-22 02:27:40,240,240 multiprocessing INFO SEE LOG AT : ./logs/all_Lyapunov_test_dso-fn_d_all_m_01_log.txt
SpawnPoolWorker-776| 2026-06-22 02:27:40,240,240 multiprocessing INFO See log at : ./logs/all_Lyapunov_test_dso-fn_d_all_m_01_log.txt
SpawnPoolWorker-776| 2026-06-22 02:27:40,248,248 multiprocessing INFO child process calling self.run()
SpawnPoolWorker-782| 2026-06-22 02:27:40,366,366 multiprocessing INFO STARTING NEW RUN ==========
SpawnPoolWorker-782| 2026-06-22 02:27:40,366,366 multiprocessing INFO SEE LOG AT : ./logs/all_Lyapunov_test_dso-fn_d_all_m_01_log.txt
SpawnPoolWorker-782| 2026-06-22 02:27:40,366,366 multiprocessing INFO See log at : ./logs/all_Lyapunov_test_dso-fn_d_all_m_01_log.txt
SpawnPoolWorker-782| 2026-06-22 02:27:40,389,389 multiprocessing INFO child process calling self.run()
SpawnPoolWorker-769| 2026-06-22 02:27:40,426,426 multiprocessing INFO STARTING NEW RUN ==========
SpawnPoolWorker-769| 2026-06-22 02:27:40,426,426 multiprocessing INFO SEE LOG AT : ./logs/all_Lyapunov_test_dso-fn_d_all_m_01_log.txt
SpawnPoolWorker-769| 2026-06-22 02:27:40,426,426 multiprocessing INFO See log at : ./logs/all_Lyapunov_test_dso-fn_d_all_m_01_log.txt
SpawnPoolWorker-769| 2026-06-22 02:27:40,428,428 multiprocessing INFO child process calling self.run()
SpawnPoolWorker-771| 2026-06-22 02:27:40,545,545 multiprocessing INFO STARTING NEW RUN ==========
SpawnPoolWorker-771| 2026-06-22 02:27:40,545,545 multiprocessing INFO SEE LOG AT : ./logs/all_Lyapunov_test_dso-fn_d_all_m_01_log.txt
SpawnPoolWorker-771| 2026-06-22 02:27:40,545,545 multiprocessing INFO See log at : ./logs/all_Lyapunov_test_dso-fn_d_all_m_01_log.txt
SpawnPoolWorker-771| 2026-06-22 02:27:40,549,549 multiprocessing INFO child process calling self.run()
SpawnPoolWorker-766| 2026-06-22 02:27:40,574,574 multiprocessing INFO STARTING NEW RUN ==========
SpawnPoolWorker-766| 2026-06-22 02:27:40,574,574 multiprocessing INFO SEE LOG AT : ./logs/all_Lyapunov_test_dso-fn_d_all_m_01_log.txt
SpawnPoolWorker-766| 2026-06-22 02:27:40,574,574 multiprocessing INFO See log at : ./logs/all_Lyapunov_test_dso-fn_d_all_m_01_log.txt
SpawnPoolWorker-766| 2026-06-22 02:27:40,576,576 multiprocessing INFO child process calling self.run()
SpawnPoolWorker-770| 2026-06-22 02:27:40,630,630 multiprocessing INFO STARTING NEW RUN ==========
SpawnPoolWorker-770| 2026-06-22 02:27:40,630,630 multiprocessing INFO SEE LOG AT : ./logs/all_Lyapunov_test_dso-fn_d_all_m_01_log.txt
SpawnPoolWorker-770| 2026-06-22 02:27:40,630,630 multiprocessing INFO See log at : ./logs/all_Lyapunov_test_dso-fn_d_all_m_01_log.txt
SpawnPoolWorker-770| 2026-06-22 02:27:40,639,639 multiprocessing INFO child process calling self.run()
SpawnPoolWorker-777| 2026-06-22 02:27:40,840,840 multiprocessing INFO STARTING NEW RUN ==========
SpawnPoolWorker-777| 2026-06-22 02:27:40,840,840 multiprocessing INFO SEE LOG AT : ./logs/all_Lyapunov_test_dso-fn_d_all_m_01_log.txt
SpawnPoolWorker-777| 2026-06-22 02:27:40,840,840 multiprocessing INFO See log at : ./logs/all_Lyapunov_test_dso-fn_d_all_m_01_log.txt
SpawnPoolWorker-777| 2026-06-22 02:27:40,854,854 multiprocessing INFO child process calling self.run()
SpawnPoolWorker-783| 2026-06-22 02:27:40,928,928 multiprocessing INFO STARTING NEW RUN ==========
SpawnPoolWorker-783| 2026-06-22 02:27:40,928,928 multiprocessing INFO SEE LOG AT : ./logs/all_Lyapunov_test_dso-fn_d_all_m_01_log.txt
SpawnPoolWorker-783| 2026-06-22 02:27:40,928,928 multiprocessing INFO See log at : ./logs/all_Lyapunov_test_dso-fn_d_all_m_01_log.txt
SpawnPoolWorker-783| 2026-06-22 02:27:40,930,930 multiprocessing INFO child process calling self.run()
SpawnPoolWorker-772| 2026-06-22 02:27:41,130,130 multiprocessing INFO STARTING NEW RUN ==========
SpawnPoolWorker-772| 2026-06-22 02:27:41,130,130 multiprocessing INFO SEE LOG AT : ./logs/all_Lyapunov_test_dso-fn_d_all_m_01_log.txt
SpawnPoolWorker-772| 2026-06-22 02:27:41,130,130 multiprocessing INFO See log at : ./logs/all_Lyapunov_test_dso-fn_d_all_m_01_log.txt
SpawnPoolWorker-772| 2026-06-22 02:27:41,134,134 multiprocessing INFO child process calling self.run()
SpawnPoolWorker-796| 2026-06-22 02:27:41,369,369 multiprocessing INFO STARTING NEW RUN ==========
SpawnPoolWorker-796| 2026-06-22 02:27:41,369,369 multiprocessing INFO SEE LOG AT : ./logs/all_Lyapunov_test_dso-fn_d_all_m_01_log.txt
SpawnPoolWorker-796| 2026-06-22 02:27:41,370,370 multiprocessing INFO See log at : ./logs/all_Lyapunov_test_dso-fn_d_all_m_01_log.txt
SpawnPoolWorker-778| 2026-06-22 02:27:41,370,370 multiprocessing INFO STARTING NEW RUN ==========
SpawnPoolWorker-778| 2026-06-22 02:27:41,370,370 multiprocessing INFO SEE LOG AT : ./logs/all_Lyapunov_test_dso-fn_d_all_m_01_log.txt
SpawnPoolWorker-778| 2026-06-22 02:27:41,370,370 multiprocessing INFO See log at : ./logs/all_Lyapunov_test_dso-fn_d_all_m_01_log.txt
SpawnPoolWorker-796| 2026-06-22 02:27:41,371,371 multiprocessing INFO child process calling self.run()
SpawnPoolWorker-778| 2026-06-22 02:27:41,383,383 multiprocessing INFO child process calling self.run()
SpawnPoolWorker-788| 2026-06-22 02:27:41,643,643 multiprocessing INFO STARTING NEW RUN ==========
SpawnPoolWorker-788| 2026-06-22 02:27:41,643,643 multiprocessing INFO SEE LOG AT : ./logs/all_Lyapunov_test_dso-fn_d_all_m_01_log.txt
SpawnPoolWorker-788| 2026-06-22 02:27:41,643,643 multiprocessing INFO See log at : ./logs/all_Lyapunov_test_dso-fn_d_all_m_01_log.txt
SpawnPoolWorker-788| 2026-06-22 02:27:41,648,648 multiprocessing INFO child process calling self.run()
SpawnPoolWorker-791| 2026-06-22 02:27:41,816,816 multiprocessing INFO STARTING NEW RUN ==========
SpawnPoolWorker-791| 2026-06-22 02:27:41,816,816 multiprocessing INFO SEE LOG AT : ./logs/all_Lyapunov_test_dso-fn_d_all_m_01_log.txt
SpawnPoolWorker-791| 2026-06-22 02:27:41,816,816 multiprocessing INFO See log at : ./logs/all_Lyapunov_test_dso-fn_d_all_m_01_log.txt
SpawnPoolWorker-791| 2026-06-22 02:27:41,824,824 multiprocessing INFO child process calling self.run()
SpawnPoolWorker-780| 2026-06-22 02:27:41,949,949 multiprocessing INFO STARTING NEW RUN ==========
SpawnPoolWorker-780| 2026-06-22 02:27:41,949,949 multiprocessing INFO SEE LOG AT : ./logs/all_Lyapunov_test_dso-fn_d_all_m_01_log.txt
SpawnPoolWorker-780| 2026-06-22 02:27:41,949,949 multiprocessing INFO See log at : ./logs/all_Lyapunov_test_dso-fn_d_all_m_01_log.txt
SpawnPoolWorker-780| 2026-06-22 02:27:41,955,955 multiprocessing INFO child process calling self.run()
SpawnPoolWorker-793| 2026-06-22 02:27:42,139,139 multiprocessing INFO STARTING NEW RUN ==========
SpawnPoolWorker-793| 2026-06-22 02:27:42,139,139 multiprocessing INFO SEE LOG AT : ./logs/all_Lyapunov_test_dso-fn_d_all_m_01_log.txt
SpawnPoolWorker-793| 2026-06-22 02:27:42,139,139 multiprocessing INFO See log at : ./logs/all_Lyapunov_test_dso-fn_d_all_m_01_log.txt
SpawnPoolWorker-793| 2026-06-22 02:27:42,160,160 multiprocessing INFO child process calling self.run()
SpawnPoolWorker-781| 2026-06-22 02:27:42,165,165 multiprocessing INFO STARTING NEW RUN ==========
SpawnPoolWorker-781| 2026-06-22 02:27:42,165,165 multiprocessing INFO SEE LOG AT : ./logs/all_Lyapunov_test_dso-fn_d_all_m_01_log.txt
SpawnPoolWorker-781| 2026-06-22 02:27:42,165,165 multiprocessing INFO See log at : ./logs/all_Lyapunov_test_dso-fn_d_all_m_01_log.txt
SpawnPoolWorker-781| 2026-06-22 02:27:42,168,168 multiprocessing INFO child process calling self.run()
SpawnPoolWorker-779| 2026-06-22 02:27:42,223,223 multiprocessing INFO STARTING NEW RUN ==========
SpawnPoolWorker-779| 2026-06-22 02:27:42,223,223 multiprocessing INFO SEE LOG AT : ./logs/all_Lyapunov_test_dso-fn_d_all_m_01_log.txt
SpawnPoolWorker-779| 2026-06-22 02:27:42,223,223 multiprocessing INFO See log at : ./logs/all_Lyapunov_test_dso-fn_d_all_m_01_log.txt
SpawnPoolWorker-792| 2026-06-22 02:27:42,227,227 multiprocessing INFO STARTING NEW RUN ==========
SpawnPoolWorker-792| 2026-06-22 02:27:42,227,227 multiprocessing INFO SEE LOG AT : ./logs/all_Lyapunov_test_dso-fn_d_all_m_01_log.txt
SpawnPoolWorker-792| 2026-06-22 02:27:42,227,227 multiprocessing INFO See log at : ./logs/all_Lyapunov_test_dso-fn_d_all_m_01_log.txt
SpawnPoolWorker-792| 2026-06-22 02:27:42,232,232 multiprocessing INFO child process calling self.run()
SpawnPoolWorker-779| 2026-06-22 02:27:42,232,232 multiprocessing INFO child process calling self.run()
SpawnPoolWorker-794| 2026-06-22 02:27:42,404,404 multiprocessing INFO STARTING NEW RUN ==========
SpawnPoolWorker-794| 2026-06-22 02:27:42,404,404 multiprocessing INFO SEE LOG AT : ./logs/all_Lyapunov_test_dso-fn_d_all_m_01_log.txt
SpawnPoolWorker-794| 2026-06-22 02:27:42,404,404 multiprocessing INFO See log at : ./logs/all_Lyapunov_test_dso-fn_d_all_m_01_log.txt
SpawnPoolWorker-794| 2026-06-22 02:27:42,406,406 multiprocessing INFO child process calling self.run()
SpawnPoolWorker-785| 2026-06-22 02:27:42,599,599 multiprocessing INFO STARTING NEW RUN ==========
SpawnPoolWorker-785| 2026-06-22 02:27:42,600,600 multiprocessing INFO SEE LOG AT : ./logs/all_Lyapunov_test_dso-fn_d_all_m_01_log.txt
SpawnPoolWorker-785| 2026-06-22 02:27:42,600,600 multiprocessing INFO See log at : ./logs/all_Lyapunov_test_dso-fn_d_all_m_01_log.txt
SpawnPoolWorker-785| 2026-06-22 02:27:42,605,605 multiprocessing INFO child process calling self.run()
SpawnPoolWorker-790| 2026-06-22 02:27:42,634,634 multiprocessing INFO STARTING NEW RUN ==========
SpawnPoolWorker-790| 2026-06-22 02:27:42,634,634 multiprocessing INFO SEE LOG AT : ./logs/all_Lyapunov_test_dso-fn_d_all_m_01_log.txt
SpawnPoolWorker-790| 2026-06-22 02:27:42,634,634 multiprocessing INFO See log at : ./logs/all_Lyapunov_test_dso-fn_d_all_m_01_log.txt
SpawnPoolWorker-790| 2026-06-22 02:27:42,636,636 multiprocessing INFO child process calling self.run()
SpawnPoolWorker-795| 2026-06-22 02:27:42,712,712 multiprocessing INFO STARTING NEW RUN ==========
SpawnPoolWorker-795| 2026-06-22 02:27:42,712,712 multiprocessing INFO SEE LOG AT : ./logs/all_Lyapunov_test_dso-fn_d_all_m_01_log.txt
SpawnPoolWorker-795| 2026-06-22 02:27:42,712,712 multiprocessing INFO See log at : ./logs/all_Lyapunov_test_dso-fn_d_all_m_01_log.txt
SpawnPoolWorker-795| 2026-06-22 02:27:42,726,726 multiprocessing INFO child process calling self.run()
SpawnPoolWorker-808| 2026-06-22 02:27:42,744,744 multiprocessing INFO STARTING NEW RUN ==========
SpawnPoolWorker-808| 2026-06-22 02:27:42,744,744 multiprocessing INFO SEE LOG AT : ./logs/all_Lyapunov_test_dso-fn_d_all_m_01_log.txt
SpawnPoolWorker-808| 2026-06-22 02:27:42,744,744 multiprocessing INFO See log at : ./logs/all_Lyapunov_test_dso-fn_d_all_m_01_log.txt
SpawnPoolWorker-808| 2026-06-22 02:27:42,753,753 multiprocessing INFO child process calling self.run()
SpawnPoolWorker-797| 2026-06-22 02:27:42,938,938 multiprocessing INFO STARTING NEW RUN ==========
SpawnPoolWorker-797| 2026-06-22 02:27:42,938,938 multiprocessing INFO SEE LOG AT : ./logs/all_Lyapunov_test_dso-fn_d_all_m_01_log.txt
SpawnPoolWorker-797| 2026-06-22 02:27:42,938,938 multiprocessing INFO See log at : ./logs/all_Lyapunov_test_dso-fn_d_all_m_01_log.txt
SpawnPoolWorker-797| 2026-06-22 02:27:42,945,945 multiprocessing INFO child process calling self.run()
SpawnPoolWorker-787| 2026-06-22 02:27:43,117,117 multiprocessing INFO STARTING NEW RUN ==========
SpawnPoolWorker-787| 2026-06-22 02:27:43,117,117 multiprocessing INFO SEE LOG AT : ./logs/all_Lyapunov_test_dso-fn_d_all_m_01_log.txt
SpawnPoolWorker-787| 2026-06-22 02:27:43,117,117 multiprocessing INFO See log at : ./logs/all_Lyapunov_test_dso-fn_d_all_m_01_log.txt
SpawnPoolWorker-787| 2026-06-22 02:27:43,124,124 multiprocessing INFO child process calling self.run()
SpawnPoolWorker-800| 2026-06-22 02:27:43,147,147 multiprocessing INFO STARTING NEW RUN ==========
SpawnPoolWorker-800| 2026-06-22 02:27:43,147,147 multiprocessing INFO SEE LOG AT : ./logs/all_Lyapunov_test_dso-fn_d_all_m_01_log.txt
SpawnPoolWorker-800| 2026-06-22 02:27:43,147,147 multiprocessing INFO See log at : ./logs/all_Lyapunov_test_dso-fn_d_all_m_01_log.txt
SpawnPoolWorker-800| 2026-06-22 02:27:43,149,149 multiprocessing INFO child process calling self.run()
SpawnPoolWorker-801| 2026-06-22 02:27:43,292,292 multiprocessing INFO STARTING NEW RUN ==========
SpawnPoolWorker-801| 2026-06-22 02:27:43,292,292 multiprocessing INFO SEE LOG AT : ./logs/all_Lyapunov_test_dso-fn_d_all_m_01_log.txt
SpawnPoolWorker-801| 2026-06-22 02:27:43,292,292 multiprocessing INFO See log at : ./logs/all_Lyapunov_test_dso-fn_d_all_m_01_log.txt
SpawnPoolWorker-801| 2026-06-22 02:27:43,301,301 multiprocessing INFO child process calling self.run()
SpawnPoolWorker-786| 2026-06-22 02:27:43,504,504 multiprocessing INFO STARTING NEW RUN ==========
SpawnPoolWorker-786| 2026-06-22 02:27:43,504,504 multiprocessing INFO SEE LOG AT : ./logs/all_Lyapunov_test_dso-fn_d_all_m_01_log.txt
SpawnPoolWorker-786| 2026-06-22 02:27:43,504,504 multiprocessing INFO See log at : ./logs/all_Lyapunov_test_dso-fn_d_all_m_01_log.txt
SpawnPoolWorker-786| 2026-06-22 02:27:43,511,511 multiprocessing INFO child process calling self.run()
SpawnPoolWorker-803| 2026-06-22 02:27:43,660,660 multiprocessing INFO STARTING NEW RUN ==========
SpawnPoolWorker-803| 2026-06-22 02:27:43,660,660 multiprocessing INFO SEE LOG AT : ./logs/all_Lyapunov_test_dso-fn_d_all_m_01_log.txt
SpawnPoolWorker-803| 2026-06-22 02:27:43,661,661 multiprocessing INFO See log at : ./logs/all_Lyapunov_test_dso-fn_d_all_m_01_log.txt
SpawnPoolWorker-803| 2026-06-22 02:27:43,664,664 multiprocessing INFO child process calling self.run()
SpawnPoolWorker-802| 2026-06-22 02:27:43,717,717 multiprocessing INFO STARTING NEW RUN ==========
SpawnPoolWorker-802| 2026-06-22 02:27:43,717,717 multiprocessing INFO SEE LOG AT : ./logs/all_Lyapunov_test_dso-fn_d_all_m_01_log.txt
SpawnPoolWorker-802| 2026-06-22 02:27:43,717,717 multiprocessing INFO See log at : ./logs/all_Lyapunov_test_dso-fn_d_all_m_01_log.txt
SpawnPoolWorker-802| 2026-06-22 02:27:43,720,720 multiprocessing INFO child process calling self.run()
SpawnPoolWorker-789| 2026-06-22 02:27:43,856,856 multiprocessing INFO STARTING NEW RUN ==========
SpawnPoolWorker-789| 2026-06-22 02:27:43,856,856 multiprocessing INFO SEE LOG AT : ./logs/all_Lyapunov_test_dso-fn_d_all_m_01_log.txt
SpawnPoolWorker-789| 2026-06-22 02:27:43,856,856 multiprocessing INFO See log at : ./logs/all_Lyapunov_test_dso-fn_d_all_m_01_log.txt
SpawnPoolWorker-799| 2026-06-22 02:27:43,863,863 multiprocessing INFO STARTING NEW RUN ==========
SpawnPoolWorker-799| 2026-06-22 02:27:43,863,863 multiprocessing INFO SEE LOG AT : ./logs/all_Lyapunov_test_dso-fn_d_all_m_01_log.txt
SpawnPoolWorker-799| 2026-06-22 02:27:43,863,863 multiprocessing INFO See log at : ./logs/all_Lyapunov_test_dso-fn_d_all_m_01_log.txt
SpawnPoolWorker-789| 2026-06-22 02:27:43,866,866 multiprocessing INFO child process calling self.run()
SpawnPoolWorker-799| 2026-06-22 02:27:43,872,872 multiprocessing INFO child process calling self.run()
SpawnPoolWorker-805| 2026-06-22 02:27:44,029,29 multiprocessing INFO STARTING NEW RUN ==========
SpawnPoolWorker-805| 2026-06-22 02:27:44,029,29 multiprocessing INFO SEE LOG AT : ./logs/all_Lyapunov_test_dso-fn_d_all_m_01_log.txt
SpawnPoolWorker-805| 2026-06-22 02:27:44,029,29 multiprocessing INFO See log at : ./logs/all_Lyapunov_test_dso-fn_d_all_m_01_log.txt
SpawnPoolWorker-805| 2026-06-22 02:27:44,031,31 multiprocessing INFO child process calling self.run()
SpawnPoolWorker-804| 2026-06-22 02:27:44,103,103 multiprocessing INFO STARTING NEW RUN ==========
SpawnPoolWorker-804| 2026-06-22 02:27:44,103,103 multiprocessing INFO SEE LOG AT : ./logs/all_Lyapunov_test_dso-fn_d_all_m_01_log.txt
SpawnPoolWorker-804| 2026-06-22 02:27:44,103,103 multiprocessing INFO See log at : ./logs/all_Lyapunov_test_dso-fn_d_all_m_01_log.txt
SpawnPoolWorker-804| 2026-06-22 02:27:44,105,105 multiprocessing INFO child process calling self.run()
SpawnPoolWorker-810| 2026-06-22 02:27:44,240,240 multiprocessing INFO STARTING NEW RUN ==========
SpawnPoolWorker-810| 2026-06-22 02:27:44,240,240 multiprocessing INFO SEE LOG AT : ./logs/all_Lyapunov_test_dso-fn_d_all_m_01_log.txt
SpawnPoolWorker-810| 2026-06-22 02:27:44,240,240 multiprocessing INFO See log at : ./logs/all_Lyapunov_test_dso-fn_d_all_m_01_log.txt
SpawnPoolWorker-810| 2026-06-22 02:27:44,243,243 multiprocessing INFO child process calling self.run()
SpawnPoolWorker-809| 2026-06-22 02:27:44,415,415 multiprocessing INFO STARTING NEW RUN ==========
SpawnPoolWorker-809| 2026-06-22 02:27:44,415,415 multiprocessing INFO SEE LOG AT : ./logs/all_Lyapunov_test_dso-fn_d_all_m_01_log.txt
SpawnPoolWorker-809| 2026-06-22 02:27:44,415,415 multiprocessing INFO See log at : ./logs/all_Lyapunov_test_dso-fn_d_all_m_01_log.txt
SpawnPoolWorker-809| 2026-06-22 02:27:44,417,417 multiprocessing INFO child process calling self.run()
SpawnPoolWorker-798| 2026-06-22 02:27:44,531,531 multiprocessing INFO STARTING NEW RUN ==========
SpawnPoolWorker-798| 2026-06-22 02:27:44,531,531 multiprocessing INFO SEE LOG AT : ./logs/all_Lyapunov_test_dso-fn_d_all_m_01_log.txt
SpawnPoolWorker-798| 2026-06-22 02:27:44,531,531 multiprocessing INFO See log at : ./logs/all_Lyapunov_test_dso-fn_d_all_m_01_log.txt
SpawnPoolWorker-798| 2026-06-22 02:27:44,535,535 multiprocessing INFO child process calling self.run()
SpawnPoolWorker-806| 2026-06-22 02:27:44,650,650 multiprocessing INFO STARTING NEW RUN ==========
SpawnPoolWorker-806| 2026-06-22 02:27:44,650,650 multiprocessing INFO SEE LOG AT : ./logs/all_Lyapunov_test_dso-fn_d_all_m_01_log.txt
SpawnPoolWorker-806| 2026-06-22 02:27:44,650,650 multiprocessing INFO See log at : ./logs/all_Lyapunov_test_dso-fn_d_all_m_01_log.txt
SpawnPoolWorker-806| 2026-06-22 02:27:44,652,652 multiprocessing INFO child process calling self.run()
SpawnPoolWorker-811| 2026-06-22 02:27:44,715,715 multiprocessing INFO STARTING NEW RUN ==========
SpawnPoolWorker-811| 2026-06-22 02:27:44,715,715 multiprocessing INFO SEE LOG AT : ./logs/all_Lyapunov_test_dso-fn_d_all_m_01_log.txt
SpawnPoolWorker-811| 2026-06-22 02:27:44,715,715 multiprocessing INFO See log at : ./logs/all_Lyapunov_test_dso-fn_d_all_m_01_log.txt
SpawnPoolWorker-811| 2026-06-22 02:27:44,717,717 multiprocessing INFO child process calling self.run()
SpawnPoolWorker-812| 2026-06-22 02:27:44,762,762 multiprocessing INFO STARTING NEW RUN ==========
SpawnPoolWorker-807| 2026-06-22 02:27:44,762,762 multiprocessing INFO STARTING NEW RUN ==========
SpawnPoolWorker-812| 2026-06-22 02:27:44,762,762 multiprocessing INFO SEE LOG AT : ./logs/all_Lyapunov_test_dso-fn_d_all_m_01_log.txt
SpawnPoolWorker-807| 2026-06-22 02:27:44,762,762 multiprocessing INFO SEE LOG AT : ./logs/all_Lyapunov_test_dso-fn_d_all_m_01_log.txt
SpawnPoolWorker-812| 2026-06-22 02:27:44,762,762 multiprocessing INFO See log at : ./logs/all_Lyapunov_test_dso-fn_d_all_m_01_log.txt
SpawnPoolWorker-807| 2026-06-22 02:27:44,762,762 multiprocessing INFO See log at : ./logs/all_Lyapunov_test_dso-fn_d_all_m_01_log.txt
SpawnPoolWorker-807| 2026-06-22 02:27:44,763,763 multiprocessing INFO child process calling self.run()
SpawnPoolWorker-812| 2026-06-22 02:27:44,763,763 multiprocessing INFO child process calling self.run()
SpawnPoolWorker-795| 2026-06-22 02:27:44,839,839 multiprocessing INFO process shutting down
SpawnPoolWorker-808| 2026-06-22 02:27:44,839,839 multiprocessing INFO process shutting down
SpawnPoolWorker-765| 2026-06-22 02:27:44,839,839 multiprocessing INFO process shutting down
SpawnPoolWorker-795| 2026-06-22 02:27:44,839,839 multiprocessing INFO process exiting with exitcode 0
SpawnPoolWorker-773| 2026-06-22 02:27:44,839,839 multiprocessing INFO process shutting down
SpawnPoolWorker-808| 2026-06-22 02:27:44,839,839 multiprocessing INFO process exiting with exitcode 0
SpawnPoolWorker-797| 2026-06-22 02:27:44,839,839 multiprocessing INFO process shutting down
SpawnPoolWorker-765| 2026-06-22 02:27:44,839,839 multiprocessing INFO process exiting with exitcode 0
SpawnPoolWorker-773| 2026-06-22 02:27:44,839,839 multiprocessing INFO process exiting with exitcode 0
SpawnPoolWorker-787| 2026-06-22 02:27:44,839,839 multiprocessing INFO process shutting down
SpawnPoolWorker-797| 2026-06-22 02:27:44,839,839 multiprocessing INFO process exiting with exitcode 0
SpawnPoolWorker-775| 2026-06-22 02:27:44,839,839 multiprocessing INFO process shutting down
SpawnPoolWorker-800| 2026-06-22 02:27:44,839,839 multiprocessing INFO process shutting down
SpawnPoolWorker-782| 2026-06-22 02:27:44,839,839 multiprocessing INFO process shutting down
SpawnPoolWorker-768| 2026-06-22 02:27:44,840,840 multiprocessing INFO process shutting down
SpawnPoolWorker-801| 2026-06-22 02:27:44,840,840 multiprocessing INFO process shutting down
SpawnPoolWorker-777| 2026-06-22 02:27:44,840,840 multiprocessing INFO process shutting down
SpawnPoolWorker-767| 2026-06-22 02:27:44,840,840 multiprocessing INFO process shutting down
SpawnPoolWorker-786| 2026-06-22 02:27:44,840,840 multiprocessing INFO process shutting down
SpawnPoolWorker-803| 2026-06-22 02:27:44,840,840 multiprocessing INFO process shutting down
SpawnPoolWorker-802| 2026-06-22 02:27:44,840,840 multiprocessing INFO process shutting down
SpawnPoolWorker-789| 2026-06-22 02:27:44,840,840 multiprocessing INFO process shutting down
SpawnPoolWorker-799| 2026-06-22 02:27:44,840,840 multiprocessing INFO process shutting down
SpawnPoolWorker-794| 2026-06-22 02:27:44,840,840 multiprocessing INFO process shutting down
SpawnPoolWorker-766| 2026-06-22 02:27:44,840,840 multiprocessing INFO process shutting down
SpawnPoolWorker-805| 2026-06-22 02:27:44,840,840 multiprocessing INFO process shutting down
SpawnPoolWorker-771| 2026-06-22 02:27:44,840,840 multiprocessing INFO process shutting down
SpawnPoolWorker-774| 2026-06-22 02:27:44,840,840 multiprocessing INFO process shutting down
SpawnPoolWorker-804| 2026-06-22 02:27:44,840,840 multiprocessing INFO process shutting down
SpawnPoolWorker-776| 2026-06-22 02:27:44,840,840 multiprocessing INFO process shutting down
SpawnPoolWorker-796| 2026-06-22 02:27:44,840,840 multiprocessing INFO process shutting down
SpawnPoolWorker-810| 2026-06-22 02:27:44,840,840 multiprocessing INFO process shutting down
SpawnPoolWorker-784| 2026-06-22 02:27:44,840,840 multiprocessing INFO process shutting down
SpawnPoolWorker-790| 2026-06-22 02:27:44,840,840 multiprocessing INFO process shutting down
SpawnPoolWorker-778| 2026-06-22 02:27:44,841,841 multiprocessing INFO process shutting down
SpawnPoolWorker-809| 2026-06-22 02:27:44,841,841 multiprocessing INFO process shutting down
SpawnPoolWorker-798| 2026-06-22 02:27:44,841,841 multiprocessing INFO process shutting down
SpawnPoolWorker-769| 2026-06-22 02:27:44,841,841 multiprocessing INFO process shutting down
SpawnPoolWorker-783| 2026-06-22 02:27:44,841,841 multiprocessing INFO process shutting down
SpawnPoolWorker-772| 2026-06-22 02:27:44,841,841 multiprocessing INFO process shutting down
SpawnPoolWorker-770| 2026-06-22 02:27:44,841,841 multiprocessing INFO process shutting down
SpawnPoolWorker-806| 2026-06-22 02:27:44,841,841 multiprocessing INFO process shutting down
SpawnPoolWorker-769| 2026-06-22 02:27:44,841,841 multiprocessing INFO process exiting with exitcode 0
SpawnPoolWorker-783| 2026-06-22 02:27:44,841,841 multiprocessing INFO process exiting with exitcode 0
SpawnPoolWorker-772| 2026-06-22 02:27:44,841,841 multiprocessing INFO process exiting with exitcode 0
SpawnPoolWorker-770| 2026-06-22 02:27:44,841,841 multiprocessing INFO process exiting with exitcode 0
SpawnPoolWorker-806| 2026-06-22 02:27:44,841,841 multiprocessing INFO process exiting with exitcode 0
SpawnPoolWorker-792| 2026-06-22 02:27:44,841,841 multiprocessing INFO process shutting down
SpawnPoolWorker-793| 2026-06-22 02:27:44,841,841 multiprocessing INFO process shutting down
SpawnPoolWorker-788| 2026-06-22 02:27:44,841,841 multiprocessing INFO process shutting down
SpawnPoolWorker-811| 2026-06-22 02:27:44,841,841 multiprocessing INFO process shutting down
SpawnPoolWorker-779| 2026-06-22 02:27:44,842,842 multiprocessing INFO process shutting down
SpawnPoolWorker-807| 2026-06-22 02:27:44,842,842 multiprocessing INFO process shutting down
SpawnPoolWorker-781| 2026-06-22 02:27:44,842,842 multiprocessing INFO process shutting down
SpawnPoolWorker-812| 2026-06-22 02:27:44,842,842 multiprocessing INFO process shutting down
SpawnPoolWorker-791| 2026-06-22 02:27:44,842,842 multiprocessing INFO process shutting down
SpawnPoolWorker-780| 2026-06-22 02:27:44,842,842 multiprocessing INFO process shutting down
SpawnPoolWorker-785| 2026-06-22 02:27:44,842,842 multiprocessing INFO process shutting down
29
(100000, 6)
(100000,)
(100000, 6)
(100000,)

=======================Successfully Added (5219, 6) Counter Examples=======================


============None of the candidates fulfill the conditions. Training CONTINUES!=================

MainProcess| 2026-06-22 02:27:47,966,966 multiprocessing INFO 
============None of the candidates fulfill the conditions. Training CONTINUES!=================


============None of the candidates fulfill the conditions. Training CONTINUES!=================

(55, 123)
/users/9/chen8596/miniconda3/envs/alfd/lib/python3.9/site-packages/torch/nn/functional.py:4999: UserWarning: Support for mismatched key_padding_mask and attn_mask is deprecated. Use same type for both instead.
  warnings.warn(

==============Start Supervised Learning==============

MainProcess| 2026-06-22 02:27:53,665,665 multiprocessing INFO GP output mean: 0.9999999999964624
GP output mean: 0.9999999999964624
MainProcess| 2026-06-22 02:27:55,452,452 multiprocessing INFO GP output success rate: 0.0
GP output success rate: 0.0

==============End Supervised Learning==============

MainProcess| 2026-06-22 02:27:57,105,105 multiprocessing INFO [Test epoch=0014]  nevals=192149 	| train_loss=8308.05664 	| eqs_invalid %=0.00 	| r_best=0.99794 	| quantile=0.95467 	| r_quantile_mean=0.97481 	| r_raw_sum=62.83205 	|  r_raw_mean=0.84908 	| r2=nan 	| acc_iid=0.00000 	| acc_ood=0.00000 	| nmse_test=0.0 	| true_equation_set_count=0 	| s/it=170.60492
[Test epoch=0014]  nevals=192149 	| train_loss=8308.05664 	| eqs_invalid %=0.00 	| r_best=0.99794 	| quantile=0.95467 	| r_quantile_mean=0.97481 	| r_raw_sum=62.83205 	|  r_raw_mean=0.84908 	| r2=nan 	| acc_iid=0.00000 	| acc_ood=0.00000 	| nmse_test=0.0 	| true_equation_set_count=0 	| s/it=170.60492
MainProcess| 2026-06-22 02:29:03,320,320 multiprocessing INFO Genetic Porgramming Runtime 65.62619691807777
Genetic Porgramming Runtime 65.62619691807777

=========================PGD Collection Starts=========================

SpawnPoolWorker-819| 2026-06-22 02:29:09,012,12 multiprocessing INFO STARTING NEW RUN ==========
SpawnPoolWorker-819| 2026-06-22 02:29:09,012,12 multiprocessing INFO SEE LOG AT : ./logs/all_Lyapunov_test_dso-fn_d_all_m_01_log.txt
SpawnPoolWorker-819| 2026-06-22 02:29:09,012,12 multiprocessing INFO See log at : ./logs/all_Lyapunov_test_dso-fn_d_all_m_01_log.txt
SpawnPoolWorker-816| 2026-06-22 02:29:09,012,12 multiprocessing INFO STARTING NEW RUN ==========
SpawnPoolWorker-816| 2026-06-22 02:29:09,012,12 multiprocessing INFO SEE LOG AT : ./logs/all_Lyapunov_test_dso-fn_d_all_m_01_log.txt
SpawnPoolWorker-816| 2026-06-22 02:29:09,012,12 multiprocessing INFO See log at : ./logs/all_Lyapunov_test_dso-fn_d_all_m_01_log.txt
SpawnPoolWorker-818| 2026-06-22 02:29:09,014,14 multiprocessing INFO STARTING NEW RUN ==========
SpawnPoolWorker-814| 2026-06-22 02:29:09,014,14 multiprocessing INFO STARTING NEW RUN ==========
SpawnPoolWorker-822| 2026-06-22 02:29:09,014,14 multiprocessing INFO STARTING NEW RUN ==========
SpawnPoolWorker-819| 2026-06-22 02:29:09,014,14 multiprocessing INFO child process calling self.run()
SpawnPoolWorker-814| 2026-06-22 02:29:09,014,14 multiprocessing INFO SEE LOG AT : ./logs/all_Lyapunov_test_dso-fn_d_all_m_01_log.txt
SpawnPoolWorker-818| 2026-06-22 02:29:09,014,14 multiprocessing INFO SEE LOG AT : ./logs/all_Lyapunov_test_dso-fn_d_all_m_01_log.txt
SpawnPoolWorker-822| 2026-06-22 02:29:09,014,14 multiprocessing INFO SEE LOG AT : ./logs/all_Lyapunov_test_dso-fn_d_all_m_01_log.txt
SpawnPoolWorker-814| 2026-06-22 02:29:09,014,14 multiprocessing INFO See log at : ./logs/all_Lyapunov_test_dso-fn_d_all_m_01_log.txt
SpawnPoolWorker-818| 2026-06-22 02:29:09,014,14 multiprocessing INFO See log at : ./logs/all_Lyapunov_test_dso-fn_d_all_m_01_log.txt
SpawnPoolWorker-822| 2026-06-22 02:29:09,014,14 multiprocessing INFO See log at : ./logs/all_Lyapunov_test_dso-fn_d_all_m_01_log.txt
SpawnPoolWorker-816| 2026-06-22 02:29:09,014,14 multiprocessing INFO child process calling self.run()
SpawnPoolWorker-815| 2026-06-22 02:29:09,015,15 multiprocessing INFO STARTING NEW RUN ==========
SpawnPoolWorker-815| 2026-06-22 02:29:09,015,15 multiprocessing INFO SEE LOG AT : ./logs/all_Lyapunov_test_dso-fn_d_all_m_01_log.txt
SpawnPoolWorker-815| 2026-06-22 02:29:09,015,15 multiprocessing INFO See log at : ./logs/all_Lyapunov_test_dso-fn_d_all_m_01_log.txt
SpawnPoolWorker-818| 2026-06-22 02:29:09,015,15 multiprocessing INFO child process calling self.run()
SpawnPoolWorker-814| 2026-06-22 02:29:09,015,15 multiprocessing INFO child process calling self.run()
SpawnPoolWorker-815| 2026-06-22 02:29:09,016,16 multiprocessing INFO child process calling self.run()
SpawnPoolWorker-822| 2026-06-22 02:29:09,016,16 multiprocessing INFO child process calling self.run()
SpawnPoolWorker-820| 2026-06-22 02:29:09,019,19 multiprocessing INFO STARTING NEW RUN ==========
SpawnPoolWorker-817| 2026-06-22 02:29:09,019,19 multiprocessing INFO STARTING NEW RUN ==========
SpawnPoolWorker-813| 2026-06-22 02:29:09,019,19 multiprocessing INFO STARTING NEW RUN ==========
SpawnPoolWorker-821| 2026-06-22 02:29:09,019,19 multiprocessing INFO STARTING NEW RUN ==========
SpawnPoolWorker-820| 2026-06-22 02:29:09,020,20 multiprocessing INFO SEE LOG AT : ./logs/all_Lyapunov_test_dso-fn_d_all_m_01_log.txt
SpawnPoolWorker-817| 2026-06-22 02:29:09,020,20 multiprocessing INFO SEE LOG AT : ./logs/all_Lyapunov_test_dso-fn_d_all_m_01_log.txt
SpawnPoolWorker-813| 2026-06-22 02:29:09,020,20 multiprocessing INFO SEE LOG AT : ./logs/all_Lyapunov_test_dso-fn_d_all_m_01_log.txt
SpawnPoolWorker-821| 2026-06-22 02:29:09,020,20 multiprocessing INFO SEE LOG AT : ./logs/all_Lyapunov_test_dso-fn_d_all_m_01_log.txt
SpawnPoolWorker-820| 2026-06-22 02:29:09,020,20 multiprocessing INFO See log at : ./logs/all_Lyapunov_test_dso-fn_d_all_m_01_log.txt
SpawnPoolWorker-817| 2026-06-22 02:29:09,020,20 multiprocessing INFO See log at : ./logs/all_Lyapunov_test_dso-fn_d_all_m_01_log.txt
SpawnPoolWorker-813| 2026-06-22 02:29:09,020,20 multiprocessing INFO See log at : ./logs/all_Lyapunov_test_dso-fn_d_all_m_01_log.txt
SpawnPoolWorker-821| 2026-06-22 02:29:09,020,20 multiprocessing INFO See log at : ./logs/all_Lyapunov_test_dso-fn_d_all_m_01_log.txt
SpawnPoolWorker-813| 2026-06-22 02:29:09,021,21 multiprocessing INFO child process calling self.run()
SpawnPoolWorker-817| 2026-06-22 02:29:09,021,21 multiprocessing INFO child process calling self.run()
SpawnPoolWorker-820| 2026-06-22 02:29:09,021,21 multiprocessing INFO child process calling self.run()
SpawnPoolWorker-821| 2026-06-22 02:29:09,022,22 multiprocessing INFO child process calling self.run()
SpawnPoolWorker-822| 2026-06-22 02:29:24,685,685 multiprocessing INFO process shutting down
SpawnPoolWorker-816| 2026-06-22 02:29:24,685,685 multiprocessing INFO process shutting down
SpawnPoolWorker-818| 2026-06-22 02:29:24,685,685 multiprocessing INFO process shutting down
SpawnPoolWorker-820| 2026-06-22 02:29:24,685,685 multiprocessing INFO process shutting down
SpawnPoolWorker-822| 2026-06-22 02:29:24,685,685 multiprocessing INFO process exiting with exitcode 0
SpawnPoolWorker-816| 2026-06-22 02:29:24,685,685 multiprocessing INFO process exiting with exitcode 0
SpawnPoolWorker-817| 2026-06-22 02:29:24,685,685 multiprocessing INFO process shutting down
SpawnPoolWorker-818| 2026-06-22 02:29:24,685,685 multiprocessing INFO process exiting with exitcode 0
SpawnPoolWorker-820| 2026-06-22 02:29:24,685,685 multiprocessing INFO process exiting with exitcode 0
SpawnPoolWorker-821| 2026-06-22 02:29:24,685,685 multiprocessing INFO process shutting down
SpawnPoolWorker-819| 2026-06-22 02:29:24,685,685 multiprocessing INFO process shutting down
SpawnPoolWorker-817| 2026-06-22 02:29:24,685,685 multiprocessing INFO process exiting with exitcode 0
SpawnPoolWorker-813| 2026-06-22 02:29:24,685,685 multiprocessing INFO process shutting down
SpawnPoolWorker-821| 2026-06-22 02:29:24,686,686 multiprocessing INFO process exiting with exitcode 0
SpawnPoolWorker-819| 2026-06-22 02:29:24,686,686 multiprocessing INFO process exiting with exitcode 0
(20000,)

===================Collect 20000 Examples===================

Epsilon 0.1
500
(550,)
(550,)
(55,)
Number of Programs for Minimization: 28
SpawnPoolWorker-823| 2026-06-22 02:29:46,056,56 multiprocessing INFO STARTING NEW RUN ==========
SpawnPoolWorker-823| 2026-06-22 02:29:46,056,56 multiprocessing INFO SEE LOG AT : ./logs/all_Lyapunov_test_dso-fn_d_all_m_01_log.txt
SpawnPoolWorker-823| 2026-06-22 02:29:46,056,56 multiprocessing INFO See log at : ./logs/all_Lyapunov_test_dso-fn_d_all_m_01_log.txt
SpawnPoolWorker-823| 2026-06-22 02:29:46,074,74 multiprocessing INFO child process calling self.run()
SpawnPoolWorker-832| 2026-06-22 02:29:46,895,895 multiprocessing INFO STARTING NEW RUN ==========
SpawnPoolWorker-832| 2026-06-22 02:29:46,895,895 multiprocessing INFO SEE LOG AT : ./logs/all_Lyapunov_test_dso-fn_d_all_m_01_log.txt
SpawnPoolWorker-832| 2026-06-22 02:29:46,895,895 multiprocessing INFO See log at : ./logs/all_Lyapunov_test_dso-fn_d_all_m_01_log.txt
SpawnPoolWorker-832| 2026-06-22 02:29:46,897,897 multiprocessing INFO child process calling self.run()
SpawnPoolWorker-829| 2026-06-22 02:29:47,003,3 multiprocessing INFO STARTING NEW RUN ==========
SpawnPoolWorker-829| 2026-06-22 02:29:47,003,3 multiprocessing INFO SEE LOG AT : ./logs/all_Lyapunov_test_dso-fn_d_all_m_01_log.txt
SpawnPoolWorker-829| 2026-06-22 02:29:47,003,3 multiprocessing INFO See log at : ./logs/all_Lyapunov_test_dso-fn_d_all_m_01_log.txt
SpawnPoolWorker-829| 2026-06-22 02:29:47,007,7 multiprocessing INFO child process calling self.run()
SpawnPoolWorker-833| 2026-06-22 02:29:47,116,116 multiprocessing INFO STARTING NEW RUN ==========
SpawnPoolWorker-833| 2026-06-22 02:29:47,116,116 multiprocessing INFO SEE LOG AT : ./logs/all_Lyapunov_test_dso-fn_d_all_m_01_log.txt
SpawnPoolWorker-833| 2026-06-22 02:29:47,116,116 multiprocessing INFO See log at : ./logs/all_Lyapunov_test_dso-fn_d_all_m_01_log.txt
SpawnPoolWorker-833| 2026-06-22 02:29:47,118,118 multiprocessing INFO child process calling self.run()
SpawnPoolWorker-831| 2026-06-22 02:29:47,126,126 multiprocessing INFO STARTING NEW RUN ==========
SpawnPoolWorker-831| 2026-06-22 02:29:47,126,126 multiprocessing INFO SEE LOG AT : ./logs/all_Lyapunov_test_dso-fn_d_all_m_01_log.txt
SpawnPoolWorker-831| 2026-06-22 02:29:47,126,126 multiprocessing INFO See log at : ./logs/all_Lyapunov_test_dso-fn_d_all_m_01_log.txt
SpawnPoolWorker-831| 2026-06-22 02:29:47,132,132 multiprocessing INFO child process calling self.run()
SpawnPoolWorker-835| 2026-06-22 02:29:47,334,334 multiprocessing INFO STARTING NEW RUN ==========
SpawnPoolWorker-835| 2026-06-22 02:29:47,334,334 multiprocessing INFO SEE LOG AT : ./logs/all_Lyapunov_test_dso-fn_d_all_m_01_log.txt
SpawnPoolWorker-835| 2026-06-22 02:29:47,334,334 multiprocessing INFO See log at : ./logs/all_Lyapunov_test_dso-fn_d_all_m_01_log.txt
SpawnPoolWorker-835| 2026-06-22 02:29:47,336,336 multiprocessing INFO child process calling self.run()
SpawnPoolWorker-824| 2026-06-22 02:29:47,431,431 multiprocessing INFO STARTING NEW RUN ==========
SpawnPoolWorker-824| 2026-06-22 02:29:47,431,431 multiprocessing INFO SEE LOG AT : ./logs/all_Lyapunov_test_dso-fn_d_all_m_01_log.txt
SpawnPoolWorker-824| 2026-06-22 02:29:47,431,431 multiprocessing INFO See log at : ./logs/all_Lyapunov_test_dso-fn_d_all_m_01_log.txt
SpawnPoolWorker-824| 2026-06-22 02:29:47,435,435 multiprocessing INFO child process calling self.run()
SpawnPoolWorker-842| 2026-06-22 02:29:47,496,496 multiprocessing INFO STARTING NEW RUN ==========
SpawnPoolWorker-842| 2026-06-22 02:29:47,496,496 multiprocessing INFO SEE LOG AT : ./logs/all_Lyapunov_test_dso-fn_d_all_m_01_log.txt
SpawnPoolWorker-842| 2026-06-22 02:29:47,496,496 multiprocessing INFO See log at : ./logs/all_Lyapunov_test_dso-fn_d_all_m_01_log.txt
SpawnPoolWorker-842| 2026-06-22 02:29:47,501,501 multiprocessing INFO child process calling self.run()
SpawnPoolWorker-825| 2026-06-22 02:29:47,660,660 multiprocessing INFO STARTING NEW RUN ==========
SpawnPoolWorker-825| 2026-06-22 02:29:47,660,660 multiprocessing INFO SEE LOG AT : ./logs/all_Lyapunov_test_dso-fn_d_all_m_01_log.txt
SpawnPoolWorker-825| 2026-06-22 02:29:47,660,660 multiprocessing INFO See log at : ./logs/all_Lyapunov_test_dso-fn_d_all_m_01_log.txt
SpawnPoolWorker-825| 2026-06-22 02:29:47,669,669 multiprocessing INFO child process calling self.run()
SpawnPoolWorker-826| 2026-06-22 02:29:47,977,977 multiprocessing INFO STARTING NEW RUN ==========
SpawnPoolWorker-826| 2026-06-22 02:29:47,977,977 multiprocessing INFO SEE LOG AT : ./logs/all_Lyapunov_test_dso-fn_d_all_m_01_log.txt
SpawnPoolWorker-826| 2026-06-22 02:29:47,977,977 multiprocessing INFO See log at : ./logs/all_Lyapunov_test_dso-fn_d_all_m_01_log.txt
SpawnPoolWorker-826| 2026-06-22 02:29:47,979,979 multiprocessing INFO child process calling self.run()
SpawnPoolWorker-834| 2026-06-22 02:29:48,226,226 multiprocessing INFO STARTING NEW RUN ==========
SpawnPoolWorker-834| 2026-06-22 02:29:48,226,226 multiprocessing INFO SEE LOG AT : ./logs/all_Lyapunov_test_dso-fn_d_all_m_01_log.txt
SpawnPoolWorker-834| 2026-06-22 02:29:48,226,226 multiprocessing INFO See log at : ./logs/all_Lyapunov_test_dso-fn_d_all_m_01_log.txt
SpawnPoolWorker-834| 2026-06-22 02:29:48,244,244 multiprocessing INFO child process calling self.run()
SpawnPoolWorker-841| 2026-06-22 02:29:48,333,333 multiprocessing INFO STARTING NEW RUN ==========
SpawnPoolWorker-841| 2026-06-22 02:29:48,333,333 multiprocessing INFO SEE LOG AT : ./logs/all_Lyapunov_test_dso-fn_d_all_m_01_log.txt
SpawnPoolWorker-841| 2026-06-22 02:29:48,333,333 multiprocessing INFO See log at : ./logs/all_Lyapunov_test_dso-fn_d_all_m_01_log.txt
SpawnPoolWorker-841| 2026-06-22 02:29:48,337,337 multiprocessing INFO child process calling self.run()
SpawnPoolWorker-836| 2026-06-22 02:29:48,394,394 multiprocessing INFO STARTING NEW RUN ==========
SpawnPoolWorker-836| 2026-06-22 02:29:48,394,394 multiprocessing INFO SEE LOG AT : ./logs/all_Lyapunov_test_dso-fn_d_all_m_01_log.txt
SpawnPoolWorker-836| 2026-06-22 02:29:48,394,394 multiprocessing INFO See log at : ./logs/all_Lyapunov_test_dso-fn_d_all_m_01_log.txt
SpawnPoolWorker-836| 2026-06-22 02:29:48,396,396 multiprocessing INFO child process calling self.run()
SpawnPoolWorker-850| 2026-06-22 02:29:48,441,441 multiprocessing INFO STARTING NEW RUN ==========
SpawnPoolWorker-850| 2026-06-22 02:29:48,442,442 multiprocessing INFO SEE LOG AT : ./logs/all_Lyapunov_test_dso-fn_d_all_m_01_log.txt
SpawnPoolWorker-850| 2026-06-22 02:29:48,442,442 multiprocessing INFO See log at : ./logs/all_Lyapunov_test_dso-fn_d_all_m_01_log.txt
SpawnPoolWorker-850| 2026-06-22 02:29:48,445,445 multiprocessing INFO child process calling self.run()
SpawnPoolWorker-848| 2026-06-22 02:29:48,690,690 multiprocessing INFO STARTING NEW RUN ==========
SpawnPoolWorker-848| 2026-06-22 02:29:48,690,690 multiprocessing INFO SEE LOG AT : ./logs/all_Lyapunov_test_dso-fn_d_all_m_01_log.txt
SpawnPoolWorker-848| 2026-06-22 02:29:48,691,691 multiprocessing INFO See log at : ./logs/all_Lyapunov_test_dso-fn_d_all_m_01_log.txt
SpawnPoolWorker-848| 2026-06-22 02:29:48,710,710 multiprocessing INFO child process calling self.run()
SpawnPoolWorker-837| 2026-06-22 02:29:48,769,769 multiprocessing INFO STARTING NEW RUN ==========
SpawnPoolWorker-837| 2026-06-22 02:29:48,769,769 multiprocessing INFO SEE LOG AT : ./logs/all_Lyapunov_test_dso-fn_d_all_m_01_log.txt
SpawnPoolWorker-837| 2026-06-22 02:29:48,769,769 multiprocessing INFO See log at : ./logs/all_Lyapunov_test_dso-fn_d_all_m_01_log.txt
SpawnPoolWorker-837| 2026-06-22 02:29:48,771,771 multiprocessing INFO child process calling self.run()
SpawnPoolWorker-828| 2026-06-22 02:29:48,867,867 multiprocessing INFO STARTING NEW RUN ==========
SpawnPoolWorker-828| 2026-06-22 02:29:48,867,867 multiprocessing INFO SEE LOG AT : ./logs/all_Lyapunov_test_dso-fn_d_all_m_01_log.txt
SpawnPoolWorker-828| 2026-06-22 02:29:48,867,867 multiprocessing INFO See log at : ./logs/all_Lyapunov_test_dso-fn_d_all_m_01_log.txt
SpawnPoolWorker-828| 2026-06-22 02:29:48,881,881 multiprocessing INFO child process calling self.run()
SpawnPoolWorker-827| 2026-06-22 02:29:48,916,916 multiprocessing INFO STARTING NEW RUN ==========
SpawnPoolWorker-827| 2026-06-22 02:29:48,916,916 multiprocessing INFO SEE LOG AT : ./logs/all_Lyapunov_test_dso-fn_d_all_m_01_log.txt
SpawnPoolWorker-827| 2026-06-22 02:29:48,916,916 multiprocessing INFO See log at : ./logs/all_Lyapunov_test_dso-fn_d_all_m_01_log.txt
SpawnPoolWorker-827| 2026-06-22 02:29:48,929,929 multiprocessing INFO child process calling self.run()
SpawnPoolWorker-840| 2026-06-22 02:29:49,203,203 multiprocessing INFO STARTING NEW RUN ==========
SpawnPoolWorker-840| 2026-06-22 02:29:49,203,203 multiprocessing INFO SEE LOG AT : ./logs/all_Lyapunov_test_dso-fn_d_all_m_01_log.txt
SpawnPoolWorker-840| 2026-06-22 02:29:49,203,203 multiprocessing INFO See log at : ./logs/all_Lyapunov_test_dso-fn_d_all_m_01_log.txt
SpawnPoolWorker-840| 2026-06-22 02:29:49,212,212 multiprocessing INFO child process calling self.run()
SpawnPoolWorker-843| 2026-06-22 02:29:49,243,243 multiprocessing INFO STARTING NEW RUN ==========
SpawnPoolWorker-843| 2026-06-22 02:29:49,243,243 multiprocessing INFO SEE LOG AT : ./logs/all_Lyapunov_test_dso-fn_d_all_m_01_log.txt
SpawnPoolWorker-843| 2026-06-22 02:29:49,243,243 multiprocessing INFO See log at : ./logs/all_Lyapunov_test_dso-fn_d_all_m_01_log.txt
SpawnPoolWorker-843| 2026-06-22 02:29:49,259,259 multiprocessing INFO child process calling self.run()
SpawnPoolWorker-859| 2026-06-22 02:29:49,288,288 multiprocessing INFO STARTING NEW RUN ==========
SpawnPoolWorker-859| 2026-06-22 02:29:49,288,288 multiprocessing INFO SEE LOG AT : ./logs/all_Lyapunov_test_dso-fn_d_all_m_01_log.txt
SpawnPoolWorker-859| 2026-06-22 02:29:49,288,288 multiprocessing INFO See log at : ./logs/all_Lyapunov_test_dso-fn_d_all_m_01_log.txt
SpawnPoolWorker-859| 2026-06-22 02:29:49,290,290 multiprocessing INFO child process calling self.run()
SpawnPoolWorker-830| 2026-06-22 02:29:49,410,410 multiprocessing INFO STARTING NEW RUN ==========
SpawnPoolWorker-830| 2026-06-22 02:29:49,410,410 multiprocessing INFO SEE LOG AT : ./logs/all_Lyapunov_test_dso-fn_d_all_m_01_log.txt
SpawnPoolWorker-830| 2026-06-22 02:29:49,410,410 multiprocessing INFO See log at : ./logs/all_Lyapunov_test_dso-fn_d_all_m_01_log.txt
SpawnPoolWorker-830| 2026-06-22 02:29:49,422,422 multiprocessing INFO child process calling self.run()
SpawnPoolWorker-860| 2026-06-22 02:29:49,686,686 multiprocessing INFO STARTING NEW RUN ==========
SpawnPoolWorker-860| 2026-06-22 02:29:49,686,686 multiprocessing INFO SEE LOG AT : ./logs/all_Lyapunov_test_dso-fn_d_all_m_01_log.txt
SpawnPoolWorker-860| 2026-06-22 02:29:49,686,686 multiprocessing INFO See log at : ./logs/all_Lyapunov_test_dso-fn_d_all_m_01_log.txt
SpawnPoolWorker-860| 2026-06-22 02:29:49,689,689 multiprocessing INFO child process calling self.run()
SpawnPoolWorker-846| 2026-06-22 02:29:49,795,795 multiprocessing INFO STARTING NEW RUN ==========
SpawnPoolWorker-846| 2026-06-22 02:29:49,795,795 multiprocessing INFO SEE LOG AT : ./logs/all_Lyapunov_test_dso-fn_d_all_m_01_log.txt
SpawnPoolWorker-846| 2026-06-22 02:29:49,795,795 multiprocessing INFO See log at : ./logs/all_Lyapunov_test_dso-fn_d_all_m_01_log.txt
SpawnPoolWorker-846| 2026-06-22 02:29:49,811,811 multiprocessing INFO child process calling self.run()
SpawnPoolWorker-838| 2026-06-22 02:29:49,833,833 multiprocessing INFO STARTING NEW RUN ==========
SpawnPoolWorker-838| 2026-06-22 02:29:49,833,833 multiprocessing INFO SEE LOG AT : ./logs/all_Lyapunov_test_dso-fn_d_all_m_01_log.txt
SpawnPoolWorker-838| 2026-06-22 02:29:49,833,833 multiprocessing INFO See log at : ./logs/all_Lyapunov_test_dso-fn_d_all_m_01_log.txt
SpawnPoolWorker-838| 2026-06-22 02:29:49,838,838 multiprocessing INFO child process calling self.run()
SpawnPoolWorker-839| 2026-06-22 02:29:49,842,842 multiprocessing INFO STARTING NEW RUN ==========
SpawnPoolWorker-839| 2026-06-22 02:29:49,842,842 multiprocessing INFO SEE LOG AT : ./logs/all_Lyapunov_test_dso-fn_d_all_m_01_log.txt
SpawnPoolWorker-839| 2026-06-22 02:29:49,842,842 multiprocessing INFO See log at : ./logs/all_Lyapunov_test_dso-fn_d_all_m_01_log.txt
SpawnPoolWorker-852| 2026-06-22 02:29:49,850,850 multiprocessing INFO STARTING NEW RUN ==========
SpawnPoolWorker-852| 2026-06-22 02:29:49,850,850 multiprocessing INFO SEE LOG AT : ./logs/all_Lyapunov_test_dso-fn_d_all_m_01_log.txt
SpawnPoolWorker-852| 2026-06-22 02:29:49,850,850 multiprocessing INFO See log at : ./logs/all_Lyapunov_test_dso-fn_d_all_m_01_log.txt
SpawnPoolWorker-852| 2026-06-22 02:29:49,858,858 multiprocessing INFO child process calling self.run()
SpawnPoolWorker-839| 2026-06-22 02:29:49,860,860 multiprocessing INFO child process calling self.run()
SpawnPoolWorker-862| 2026-06-22 02:29:49,876,876 multiprocessing INFO STARTING NEW RUN ==========
SpawnPoolWorker-862| 2026-06-22 02:29:49,876,876 multiprocessing INFO SEE LOG AT : ./logs/all_Lyapunov_test_dso-fn_d_all_m_01_log.txt
SpawnPoolWorker-862| 2026-06-22 02:29:49,876,876 multiprocessing INFO See log at : ./logs/all_Lyapunov_test_dso-fn_d_all_m_01_log.txt
SpawnPoolWorker-862| 2026-06-22 02:29:49,891,891 multiprocessing INFO child process calling self.run()
SpawnPoolWorker-853| 2026-06-22 02:29:50,063,63 multiprocessing INFO STARTING NEW RUN ==========
SpawnPoolWorker-853| 2026-06-22 02:29:50,063,63 multiprocessing INFO SEE LOG AT : ./logs/all_Lyapunov_test_dso-fn_d_all_m_01_log.txt
SpawnPoolWorker-853| 2026-06-22 02:29:50,063,63 multiprocessing INFO See log at : ./logs/all_Lyapunov_test_dso-fn_d_all_m_01_log.txt
SpawnPoolWorker-853| 2026-06-22 02:29:50,075,75 multiprocessing INFO child process calling self.run()
SpawnPoolWorker-844| 2026-06-22 02:29:50,219,219 multiprocessing INFO STARTING NEW RUN ==========
SpawnPoolWorker-844| 2026-06-22 02:29:50,219,219 multiprocessing INFO SEE LOG AT : ./logs/all_Lyapunov_test_dso-fn_d_all_m_01_log.txt
SpawnPoolWorker-844| 2026-06-22 02:29:50,219,219 multiprocessing INFO See log at : ./logs/all_Lyapunov_test_dso-fn_d_all_m_01_log.txt
SpawnPoolWorker-844| 2026-06-22 02:29:50,239,239 multiprocessing INFO child process calling self.run()
SpawnPoolWorker-854| 2026-06-22 02:29:50,305,305 multiprocessing INFO STARTING NEW RUN ==========
SpawnPoolWorker-854| 2026-06-22 02:29:50,305,305 multiprocessing INFO SEE LOG AT : ./logs/all_Lyapunov_test_dso-fn_d_all_m_01_log.txt
SpawnPoolWorker-854| 2026-06-22 02:29:50,305,305 multiprocessing INFO See log at : ./logs/all_Lyapunov_test_dso-fn_d_all_m_01_log.txt
SpawnPoolWorker-854| 2026-06-22 02:29:50,320,320 multiprocessing INFO child process calling self.run()
SpawnPoolWorker-849| 2026-06-22 02:29:50,510,510 multiprocessing INFO STARTING NEW RUN ==========
SpawnPoolWorker-849| 2026-06-22 02:29:50,510,510 multiprocessing INFO SEE LOG AT : ./logs/all_Lyapunov_test_dso-fn_d_all_m_01_log.txt
SpawnPoolWorker-849| 2026-06-22 02:29:50,510,510 multiprocessing INFO See log at : ./logs/all_Lyapunov_test_dso-fn_d_all_m_01_log.txt
SpawnPoolWorker-849| 2026-06-22 02:29:50,512,512 multiprocessing INFO child process calling self.run()
SpawnPoolWorker-847| 2026-06-22 02:29:50,626,626 multiprocessing INFO STARTING NEW RUN ==========
SpawnPoolWorker-847| 2026-06-22 02:29:50,626,626 multiprocessing INFO SEE LOG AT : ./logs/all_Lyapunov_test_dso-fn_d_all_m_01_log.txt
SpawnPoolWorker-847| 2026-06-22 02:29:50,627,627 multiprocessing INFO See log at : ./logs/all_Lyapunov_test_dso-fn_d_all_m_01_log.txt
SpawnPoolWorker-847| 2026-06-22 02:29:50,629,629 multiprocessing INFO child process calling self.run()
SpawnPoolWorker-851| 2026-06-22 02:29:50,675,675 multiprocessing INFO STARTING NEW RUN ==========
SpawnPoolWorker-851| 2026-06-22 02:29:50,675,675 multiprocessing INFO SEE LOG AT : ./logs/all_Lyapunov_test_dso-fn_d_all_m_01_log.txt
SpawnPoolWorker-851| 2026-06-22 02:29:50,675,675 multiprocessing INFO See log at : ./logs/all_Lyapunov_test_dso-fn_d_all_m_01_log.txt
SpawnPoolWorker-857| 2026-06-22 02:29:50,676,676 multiprocessing INFO STARTING NEW RUN ==========
SpawnPoolWorker-857| 2026-06-22 02:29:50,677,677 multiprocessing INFO SEE LOG AT : ./logs/all_Lyapunov_test_dso-fn_d_all_m_01_log.txt
SpawnPoolWorker-857| 2026-06-22 02:29:50,677,677 multiprocessing INFO See log at : ./logs/all_Lyapunov_test_dso-fn_d_all_m_01_log.txt
SpawnPoolWorker-851| 2026-06-22 02:29:50,679,679 multiprocessing INFO child process calling self.run()
SpawnPoolWorker-857| 2026-06-22 02:29:50,703,703 multiprocessing INFO child process calling self.run()
SpawnPoolWorker-845| 2026-06-22 02:29:50,712,712 multiprocessing INFO STARTING NEW RUN ==========
SpawnPoolWorker-845| 2026-06-22 02:29:50,712,712 multiprocessing INFO SEE LOG AT : ./logs/all_Lyapunov_test_dso-fn_d_all_m_01_log.txt
SpawnPoolWorker-845| 2026-06-22 02:29:50,712,712 multiprocessing INFO See log at : ./logs/all_Lyapunov_test_dso-fn_d_all_m_01_log.txt
SpawnPoolWorker-855| 2026-06-22 02:29:50,714,714 multiprocessing INFO STARTING NEW RUN ==========
SpawnPoolWorker-855| 2026-06-22 02:29:50,714,714 multiprocessing INFO SEE LOG AT : ./logs/all_Lyapunov_test_dso-fn_d_all_m_01_log.txt
SpawnPoolWorker-855| 2026-06-22 02:29:50,714,714 multiprocessing INFO See log at : ./logs/all_Lyapunov_test_dso-fn_d_all_m_01_log.txt
SpawnPoolWorker-845| 2026-06-22 02:29:50,716,716 multiprocessing INFO child process calling self.run()
SpawnPoolWorker-855| 2026-06-22 02:29:50,716,716 multiprocessing INFO child process calling self.run()
SpawnPoolWorker-870| 2026-06-22 02:29:50,942,942 multiprocessing INFO STARTING NEW RUN ==========
SpawnPoolWorker-870| 2026-06-22 02:29:50,942,942 multiprocessing INFO SEE LOG AT : ./logs/all_Lyapunov_test_dso-fn_d_all_m_01_log.txt
SpawnPoolWorker-870| 2026-06-22 02:29:50,942,942 multiprocessing INFO See log at : ./logs/all_Lyapunov_test_dso-fn_d_all_m_01_log.txt
SpawnPoolWorker-870| 2026-06-22 02:29:50,949,949 multiprocessing INFO child process calling self.run()
SpawnPoolWorker-863| 2026-06-22 02:29:51,524,524 multiprocessing INFO STARTING NEW RUN ==========
SpawnPoolWorker-863| 2026-06-22 02:29:51,524,524 multiprocessing INFO SEE LOG AT : ./logs/all_Lyapunov_test_dso-fn_d_all_m_01_log.txt
SpawnPoolWorker-863| 2026-06-22 02:29:51,524,524 multiprocessing INFO See log at : ./logs/all_Lyapunov_test_dso-fn_d_all_m_01_log.txt
SpawnPoolWorker-863| 2026-06-22 02:29:51,529,529 multiprocessing INFO child process calling self.run()
SpawnPoolWorker-858| 2026-06-22 02:29:51,778,778 multiprocessing INFO STARTING NEW RUN ==========
SpawnPoolWorker-858| 2026-06-22 02:29:51,778,778 multiprocessing INFO SEE LOG AT : ./logs/all_Lyapunov_test_dso-fn_d_all_m_01_log.txt
SpawnPoolWorker-858| 2026-06-22 02:29:51,778,778 multiprocessing INFO See log at : ./logs/all_Lyapunov_test_dso-fn_d_all_m_01_log.txt
SpawnPoolWorker-858| 2026-06-22 02:29:51,780,780 multiprocessing INFO child process calling self.run()
SpawnPoolWorker-861| 2026-06-22 02:29:51,997,997 multiprocessing INFO STARTING NEW RUN ==========
SpawnPoolWorker-861| 2026-06-22 02:29:51,997,997 multiprocessing INFO SEE LOG AT : ./logs/all_Lyapunov_test_dso-fn_d_all_m_01_log.txt
SpawnPoolWorker-861| 2026-06-22 02:29:51,997,997 multiprocessing INFO See log at : ./logs/all_Lyapunov_test_dso-fn_d_all_m_01_log.txt
SpawnPoolWorker-861| 2026-06-22 02:29:52,007,7 multiprocessing INFO child process calling self.run()
SpawnPoolWorker-856| 2026-06-22 02:29:52,020,20 multiprocessing INFO STARTING NEW RUN ==========
SpawnPoolWorker-856| 2026-06-22 02:29:52,020,20 multiprocessing INFO SEE LOG AT : ./logs/all_Lyapunov_test_dso-fn_d_all_m_01_log.txt
SpawnPoolWorker-856| 2026-06-22 02:29:52,020,20 multiprocessing INFO See log at : ./logs/all_Lyapunov_test_dso-fn_d_all_m_01_log.txt
SpawnPoolWorker-856| 2026-06-22 02:29:52,027,27 multiprocessing INFO child process calling self.run()
SpawnPoolWorker-867| 2026-06-22 02:29:52,075,75 multiprocessing INFO STARTING NEW RUN ==========
SpawnPoolWorker-867| 2026-06-22 02:29:52,076,76 multiprocessing INFO SEE LOG AT : ./logs/all_Lyapunov_test_dso-fn_d_all_m_01_log.txt
SpawnPoolWorker-867| 2026-06-22 02:29:52,076,76 multiprocessing INFO See log at : ./logs/all_Lyapunov_test_dso-fn_d_all_m_01_log.txt
SpawnPoolWorker-867| 2026-06-22 02:29:52,078,78 multiprocessing INFO child process calling self.run()
SpawnPoolWorker-864| 2026-06-22 02:29:52,130,130 multiprocessing INFO STARTING NEW RUN ==========
SpawnPoolWorker-864| 2026-06-22 02:29:52,130,130 multiprocessing INFO SEE LOG AT : ./logs/all_Lyapunov_test_dso-fn_d_all_m_01_log.txt
SpawnPoolWorker-864| 2026-06-22 02:29:52,130,130 multiprocessing INFO See log at : ./logs/all_Lyapunov_test_dso-fn_d_all_m_01_log.txt
SpawnPoolWorker-864| 2026-06-22 02:29:52,132,132 multiprocessing INFO child process calling self.run()
SpawnPoolWorker-866| 2026-06-22 02:29:52,260,260 multiprocessing INFO STARTING NEW RUN ==========
SpawnPoolWorker-866| 2026-06-22 02:29:52,260,260 multiprocessing INFO SEE LOG AT : ./logs/all_Lyapunov_test_dso-fn_d_all_m_01_log.txt
SpawnPoolWorker-866| 2026-06-22 02:29:52,260,260 multiprocessing INFO See log at : ./logs/all_Lyapunov_test_dso-fn_d_all_m_01_log.txt
SpawnPoolWorker-866| 2026-06-22 02:29:52,261,261 multiprocessing INFO child process calling self.run()
SpawnPoolWorker-865| 2026-06-22 02:29:52,280,280 multiprocessing INFO STARTING NEW RUN ==========
SpawnPoolWorker-865| 2026-06-22 02:29:52,280,280 multiprocessing INFO SEE LOG AT : ./logs/all_Lyapunov_test_dso-fn_d_all_m_01_log.txt
SpawnPoolWorker-865| 2026-06-22 02:29:52,280,280 multiprocessing INFO See log at : ./logs/all_Lyapunov_test_dso-fn_d_all_m_01_log.txt
SpawnPoolWorker-865| 2026-06-22 02:29:52,282,282 multiprocessing INFO child process calling self.run()
SpawnPoolWorker-868| 2026-06-22 02:29:52,459,459 multiprocessing INFO STARTING NEW RUN ==========
SpawnPoolWorker-868| 2026-06-22 02:29:52,459,459 multiprocessing INFO SEE LOG AT : ./logs/all_Lyapunov_test_dso-fn_d_all_m_01_log.txt
SpawnPoolWorker-868| 2026-06-22 02:29:52,459,459 multiprocessing INFO See log at : ./logs/all_Lyapunov_test_dso-fn_d_all_m_01_log.txt
SpawnPoolWorker-868| 2026-06-22 02:29:52,460,460 multiprocessing INFO child process calling self.run()
SpawnPoolWorker-853| 2026-06-22 02:29:52,475,475 multiprocessing INFO process shutting down
SpawnPoolWorker-844| 2026-06-22 02:29:52,476,476 multiprocessing INFO process shutting down
SpawnPoolWorker-854| 2026-06-22 02:29:52,476,476 multiprocessing INFO process shutting down
SpawnPoolWorker-853| 2026-06-22 02:29:52,476,476 multiprocessing INFO process exiting with exitcode 0
SpawnPoolWorker-849| 2026-06-22 02:29:52,476,476 multiprocessing INFO process shutting down
SpawnPoolWorker-844| 2026-06-22 02:29:52,476,476 multiprocessing INFO process exiting with exitcode 0
SpawnPoolWorker-847| 2026-06-22 02:29:52,476,476 multiprocessing INFO process shutting down
SpawnPoolWorker-854| 2026-06-22 02:29:52,476,476 multiprocessing INFO process exiting with exitcode 0
SpawnPoolWorker-851| 2026-06-22 02:29:52,476,476 multiprocessing INFO process shutting down
SpawnPoolWorker-849| 2026-06-22 02:29:52,476,476 multiprocessing INFO process exiting with exitcode 0
SpawnPoolWorker-847| 2026-06-22 02:29:52,476,476 multiprocessing INFO process exiting with exitcode 0
SpawnPoolWorker-851| 2026-06-22 02:29:52,476,476 multiprocessing INFO process exiting with exitcode 0
SpawnPoolWorker-857| 2026-06-22 02:29:52,476,476 multiprocessing INFO process shutting down
SpawnPoolWorker-845| 2026-06-22 02:29:52,476,476 multiprocessing INFO process shutting down
SpawnPoolWorker-855| 2026-06-22 02:29:52,476,476 multiprocessing INFO process shutting down
SpawnPoolWorker-850| 2026-06-22 02:29:52,476,476 multiprocessing INFO process shutting down
SpawnPoolWorker-823| 2026-06-22 02:29:52,476,476 multiprocessing INFO process shutting down
SpawnPoolWorker-870| 2026-06-22 02:29:52,476,476 multiprocessing INFO process shutting down
SpawnPoolWorker-832| 2026-06-22 02:29:52,477,477 multiprocessing INFO process shutting down
SpawnPoolWorker-826| 2026-06-22 02:29:52,477,477 multiprocessing INFO process shutting down
SpawnPoolWorker-842| 2026-06-22 02:29:52,477,477 multiprocessing INFO process shutting down
SpawnPoolWorker-863| 2026-06-22 02:29:52,477,477 multiprocessing INFO process shutting down
SpawnPoolWorker-835| 2026-06-22 02:29:52,477,477 multiprocessing INFO process shutting down
SpawnPoolWorker-858| 2026-06-22 02:29:52,477,477 multiprocessing INFO process shutting down
SpawnPoolWorker-859| 2026-06-22 02:29:52,477,477 multiprocessing INFO process shutting down
SpawnPoolWorker-827| 2026-06-22 02:29:52,477,477 multiprocessing INFO process shutting down
SpawnPoolWorker-824| 2026-06-22 02:29:52,477,477 multiprocessing INFO process shutting down
SpawnPoolWorker-861| 2026-06-22 02:29:52,477,477 multiprocessing INFO process shutting down
SpawnPoolWorker-829| 2026-06-22 02:29:52,477,477 multiprocessing INFO process shutting down
SpawnPoolWorker-833| 2026-06-22 02:29:52,477,477 multiprocessing INFO process shutting down
SpawnPoolWorker-860| 2026-06-22 02:29:52,477,477 multiprocessing INFO process shutting down
SpawnPoolWorker-841| 2026-06-22 02:29:52,477,477 multiprocessing INFO process shutting down
SpawnPoolWorker-856| 2026-06-22 02:29:52,477,477 multiprocessing INFO process shutting down
SpawnPoolWorker-867| 2026-06-22 02:29:52,477,477 multiprocessing INFO process shutting down
SpawnPoolWorker-840| 2026-06-22 02:29:52,477,477 multiprocessing INFO process shutting down
SpawnPoolWorker-828| 2026-06-22 02:29:52,477,477 multiprocessing INFO process shutting down
SpawnPoolWorker-834| 2026-06-22 02:29:52,477,477 multiprocessing INFO process shutting down
SpawnPoolWorker-840| 2026-06-22 02:29:52,477,477 multiprocessing INFO process exiting with exitcode 0
SpawnPoolWorker-828| 2026-06-22 02:29:52,478,478 multiprocessing INFO process exiting with exitcode 0
SpawnPoolWorker-834| 2026-06-22 02:29:52,478,478 multiprocessing INFO process exiting with exitcode 0
SpawnPoolWorker-857| 2026-06-22 02:29:52,479,479 multiprocessing INFO process exiting with exitcode 0
SpawnPoolWorker-831| 2026-06-22 02:29:52,490,490 multiprocessing INFO process shutting down
SpawnPoolWorker-831| 2026-06-22 02:29:52,490,490 multiprocessing INFO process exiting with exitcode 0
SpawnPoolWorker-864| 2026-06-22 02:29:52,490,490 multiprocessing INFO process shutting down
SpawnPoolWorker-837| 2026-06-22 02:29:52,491,491 multiprocessing INFO process shutting down
SpawnPoolWorker-836| 2026-06-22 02:29:52,491,491 multiprocessing INFO process shutting down
SpawnPoolWorker-825| 2026-06-22 02:29:52,491,491 multiprocessing INFO process shutting down
SpawnPoolWorker-866| 2026-06-22 02:29:52,491,491 multiprocessing INFO process shutting down
SpawnPoolWorker-865| 2026-06-22 02:29:52,491,491 multiprocessing INFO process shutting down
SpawnPoolWorker-848| 2026-06-22 02:29:52,491,491 multiprocessing INFO process shutting down
SpawnPoolWorker-846| 2026-06-22 02:29:52,491,491 multiprocessing INFO process shutting down
SpawnPoolWorker-843| 2026-06-22 02:29:52,491,491 multiprocessing INFO process shutting down
SpawnPoolWorker-830| 2026-06-22 02:29:52,491,491 multiprocessing INFO process shutting down
SpawnPoolWorker-864| 2026-06-22 02:29:52,493,493 multiprocessing INFO process exiting with exitcode 0
SpawnPoolWorker-845| 2026-06-22 02:29:52,493,493 multiprocessing INFO process exiting with exitcode 0
SpawnPoolWorker-838| 2026-06-22 02:29:52,498,498 multiprocessing INFO process shutting down
SpawnPoolWorker-862| 2026-06-22 02:29:52,498,498 multiprocessing INFO process shutting down
SpawnPoolWorker-838| 2026-06-22 02:29:52,498,498 multiprocessing INFO process exiting with exitcode 0
SpawnPoolWorker-862| 2026-06-22 02:29:52,498,498 multiprocessing INFO process exiting with exitcode 0
SpawnPoolWorker-855| 2026-06-22 02:29:52,500,500 multiprocessing INFO process exiting with exitcode 0
SpawnPoolWorker-850| 2026-06-22 02:29:52,500,500 multiprocessing INFO process exiting with exitcode 0
SpawnPoolWorker-823| 2026-06-22 02:29:52,500,500 multiprocessing INFO process exiting with exitcode 0
SpawnPoolWorker-870| 2026-06-22 02:29:52,506,506 multiprocessing INFO process exiting with exitcode 0
SpawnPoolWorker-832| 2026-06-22 02:29:52,506,506 multiprocessing INFO process exiting with exitcode 0
SpawnPoolWorker-852| 2026-06-22 02:29:52,515,515 multiprocessing INFO process shutting down
SpawnPoolWorker-826| 2026-06-22 02:29:52,521,521 multiprocessing INFO process exiting with exitcode 0
SpawnPoolWorker-842| 2026-06-22 02:29:52,521,521 multiprocessing INFO process exiting with exitcode 0
SpawnPoolWorker-868| 2026-06-22 02:29:52,524,524 multiprocessing INFO process shutting down
SpawnPoolWorker-839| 2026-06-22 02:29:52,529,529 multiprocessing INFO process shutting down
SpawnPoolWorker-863| 2026-06-22 02:29:52,529,529 multiprocessing INFO process exiting with exitcode 0
SpawnPoolWorker-858| 2026-06-22 02:29:52,531,531 multiprocessing INFO process exiting with exitcode 0
28
(100000, 6)
(100000,)
(100000, 6)
(100000,)

=======================Successfully Added (6440, 6) Counter Examples=======================

MainProcess| 2026-06-22 02:29:55,952,952 multiprocessing INFO Number of potential valid equations: 0
Number of potential valid equations: 0
(55, 123)
/users/9/chen8596/miniconda3/envs/alfd/lib/python3.9/site-packages/torch/nn/functional.py:4999: UserWarning: Support for mismatched key_padding_mask and attn_mask is deprecated. Use same type for both instead.
  warnings.warn(

==============Start Supervised Learning==============

MainProcess| 2026-06-22 02:29:58,435,435 multiprocessing INFO GP output mean: 0.9994380332843316
GP output mean: 0.9994380332843316
MainProcess| 2026-06-22 02:29:58,746,746 multiprocessing INFO GP output success rate: 0.13333333333333333
GP output success rate: 0.13333333333333333
MainProcess| 2026-06-22 02:29:58,747,747 multiprocessing INFO [x1**2 + x2**2 + x4**2 + x6**2 + (-2*x3 + x5)**2, x1**2 + x2**2 + x4**2 + x6**2 + (-x3 + x5 - sin(x3))**2]
[x1**2 + x2**2 + x4**2 + x6**2 + (-2*x3 + x5)**2, x1**2 + x2**2 + x4**2 + x6**2 + (-x3 + x5 - sin(x3))**2]

==============End Supervised Learning==============

MainProcess| 2026-06-22 02:30:01,938,938 multiprocessing INFO [Test epoch=0015]  nevals=205802 	| train_loss=5382.46436 	| eqs_invalid %=0.00 	| r_best=0.99794 	| quantile=0.85350 	| r_quantile_mean=0.96855 	| r_raw_sum=59.26058 	|  r_raw_mean=0.88449 	| r2=nan 	| acc_iid=0.00000 	| acc_ood=0.00000 	| nmse_test=0.0 	| true_equation_set_count=0 	| s/it=124.83317
[Test epoch=0015]  nevals=205802 	| train_loss=5382.46436 	| eqs_invalid %=0.00 	| r_best=0.99794 	| quantile=0.85350 	| r_quantile_mean=0.96855 	| r_raw_sum=59.26058 	|  r_raw_mean=0.88449 	| r2=nan 	| acc_iid=0.00000 	| acc_ood=0.00000 	| nmse_test=0.0 	| true_equation_set_count=0 	| s/it=124.83317
MainProcess| 2026-06-22 02:30:01,939,939 multiprocessing INFO [00:00:36:00.81] Training epoch 15/4000, current best R: 0.9979
[00:00:36:00.81] Training epoch 15/4000, current best R: 0.9979
MainProcess| 2026-06-22 02:31:22,200,200 multiprocessing INFO Genetic Porgramming Runtime 79.67015470401384
Genetic Porgramming Runtime 79.67015470401384

=========================PGD Collection Starts=========================

Traceback (most recent call last):
  File "/users/9/chen8596/LyaDis/repro/runs/poly6d/Lyapunov_test_dso.py", line 519, in <module>
    main(dataset)
  File "/users/9/chen8596/LyaDis/repro/runs/poly6d/Lyapunov_test_dso.py", line 162, in main
    result = perform_run(task_input)
  File "/users/9/chen8596/LyaDis/repro/runs/poly6d/Lyapunov_test_dso.py", line 109, in perform_run
    result = top_main(
  File "/users/9/chen8596/LyaDis/repro/runs/poly6d/Lyapunov_test_dso.py", line 347, in top_main
    optomize_at_test(
  File "/users/9/chen8596/LyaDis/repro/runs/poly6d/utils/train.py", line 397, in optomize_at_test
    with mp.Pool(processes= 10, initializer=init_worker) as pool:
  File "/users/9/chen8596/miniconda3/envs/alfd/lib/python3.9/multiprocessing/context.py", line 119, in Pool
    return Pool(processes, initializer, initargs, maxtasksperchild,
  File "/users/9/chen8596/miniconda3/envs/alfd/lib/python3.9/multiprocessing/pool.py", line 212, in __init__
    self._repopulate_pool()
  File "/users/9/chen8596/miniconda3/envs/alfd/lib/python3.9/multiprocessing/pool.py", line 303, in _repopulate_pool
    return self._repopulate_pool_static(self._ctx, self.Process,
  File "/users/9/chen8596/miniconda3/envs/alfd/lib/python3.9/multiprocessing/pool.py", line 326, in _repopulate_pool_static
    w.start()
  File "/users/9/chen8596/miniconda3/envs/alfd/lib/python3.9/multiprocessing/process.py", line 121, in start
    self._popen = self._Popen(self)
  File "/users/9/chen8596/miniconda3/envs/alfd/lib/python3.9/multiprocessing/context.py", line 284, in _Popen
    return Popen(process_obj)
  File "/users/9/chen8596/miniconda3/envs/alfd/lib/python3.9/multiprocessing/popen_spawn_posix.py", line 32, in __init__
    super().__init__(process_obj)
  File "/users/9/chen8596/miniconda3/envs/alfd/lib/python3.9/multiprocessing/popen_fork.py", line 19, in __init__
    self._launch(process_obj)
  File "/users/9/chen8596/miniconda3/envs/alfd/lib/python3.9/multiprocessing/popen_spawn_posix.py", line 42, in _launch
    prep_data = spawn.get_preparation_data(process_obj._name)
  File "/users/9/chen8596/miniconda3/envs/alfd/lib/python3.9/multiprocessing/spawn.py", line 176, in get_preparation_data
    dir=os.getcwd(),
FileNotFoundError: [Errno 2] No such file or directory

During handling of the above exception, another exception occurred:

Traceback (most recent call last):
  File "/users/9/chen8596/LyaDis/repro/runs/poly6d/Lyapunov_test_dso.py", line 527, in <module>
    raise FileNotFoundError(
FileNotFoundError: No pre-trained model of None in folder './models/pre_train/' for covars=6. 
MainProcess| 2026-06-22 02:31:22,227,227 multiprocessing INFO process shutting down
