[job] sys=quad6d benchmark=fn_d_all_z seed=1 host=cn2102 gpu=0 start=2026-06-21T22:52:01-05:00
MainProcess| 2026-06-21 22:52:18,469,469 multiprocessing INFO STARTING NEW RUN ==========
MainProcess| 2026-06-21 22:52:18,470,470 multiprocessing INFO SEE LOG AT : ./logs/all_Lyapunov_test_dso-fn_d_all_z_01_log.txt
MainProcess| 2026-06-21 22:52:18,470,470 multiprocessing INFO See log at : ./logs/all_Lyapunov_test_dso-fn_d_all_z_01_log.txt
MainProcess| 2026-06-21 22:52:18,475,475 multiprocessing INFO               variables           expression                                                                                                                                                                  train_spec test_spec function_set
name                                                                                                                                                                                                                                           
fn_d_all_z_5          6  0*x1+0*x2+0*x3+0*x4  {"x1":{"U":[-3.0,3.0,25000]}, "x2":{"U":[-3.0,3.0,25000]},"x3":{"U":[-3.0,3.0,25000]},"x4":{"U":[-3.0,3.0,25000]},"x5":{"U":[-3.0,3.0,25000]},"x6":{"U":[-3.0,3.0,25000]}}      None         Koza
              variables           expression                                                                                                                                                                  train_spec test_spec function_set
name                                                                                                                                                                                                                                           
fn_d_all_z_5          6  0*x1+0*x2+0*x3+0*x4  {"x1":{"U":[-3.0,3.0,25000]}, "x2":{"U":[-3.0,3.0,25000]},"x3":{"U":[-3.0,3.0,25000]},"x4":{"U":[-3.0,3.0,25000]},"x5":{"U":[-3.0,3.0,25000]},"x6":{"U":[-3.0,3.0,25000]}}      None         Koza

-- BUILDING DATASET START -----------
Benchmark path                 : /users/9/chen8596/LyaDis/repro/runs/quad6d/libs/sd3/dso/dso/task/regression/benchmarks_bkup_1.csv
Generated data for benchmark   : fn_d_all_z_5
-- BUILDING DATASET END -------------

Function set                   : Koza --> ['add', 'sub', 'mul', 'sin', 'cos', 'n2']

MainProcess| 2026-06-21 22:52:18,568,568 multiprocessing INFO [BASELINE_TESTING NOW] dataset=fn_d_all_z_5 	| baseline=transformer 	| seed=1 	| data_samples=25000 	| noise=0.0
MainProcess| 2026-06-21 22:52:18,581,581 multiprocessing INFO [RUN SETTINGS]: test_dataset=fn_d_all_z_5  batch_outer_datasets=24 pre_train=False load_pre_trained_path= priority_queue_training=True gp_meld=True model=TransformerTreeEncoderController train_path= risk_seeking_pg_train=True
[RUN SETTINGS]: test_dataset=fn_d_all_z_5  batch_outer_datasets=24 pre_train=False load_pre_trained_path= priority_queue_training=True gp_meld=True model=TransformerTreeEncoderController train_path= risk_seeking_pg_train=True
MainProcess| 2026-06-21 22:52:18,636,636 multiprocessing INFO Running model : TransformerTreeEncoderController
Running model : TransformerTreeEncoderController

-- BUILDING DATASET START -----------
Benchmark path                 : /users/9/chen8596/LyaDis/repro/runs/quad6d/libs/sd3/dso/dso/task/regression/benchmarks_bkup_1.csv
Generated data for benchmark   : fn_d_all_z_5
-- BUILDING DATASET END -------------

Function set                   : Koza --> ['add', 'sub', 'mul', 'sin', 'cos', 'n2']

MainProcess| 2026-06-21 22:52:18,649,649 multiprocessing INFO Function set: ['x1', 'x2', 'x3', 'x4', 'x5', 'x6', 'add', 'sub', 'mul', 'sin', 'cos', 'n2']

-- BUILDING DATASET START -----------
Benchmark path                 : /users/9/chen8596/LyaDis/repro/runs/quad6d/libs/sd3/dso/dso/task/regression/benchmarks_bkup_1.csv
Generated data for benchmark   : fn_d_all_z_5
-- BUILDING DATASET END -------------

Function set                   : Koza --> ['add', 'sub', 'mul', 'sin', 'cos', 'n2']

-- BUILDING PRIOR START -------------
WARNING: Skipping invalid 'RelationalConstraint' with arguments {'targets': [], 'effectors': [], 'relationship': None}. Reason: Prior disabled.
WARNING: Skipping invalid 'RepeatConstraint' with arguments {'tokens': 'const', 'min_': None, 'max_': 5}. Reason: Uses Tokens not in the Library.
WARNING: Skipping invalid 'InverseUnaryConstraint' with arguments {}. Reason: There are no inverse unary Token pairs in the Library.
WARNING: Skipping invalid 'ConstConstraint' with arguments {}. Reason: Prior disabled.
WARNING: Skipping invalid 'NoInputsConstraint' with arguments {}. Reason: All terminal tokens are input variables, so allsequences will have an input variable.
WARNING: Skipping invalid 'UniformArityPrior' with arguments {}. Reason: Prior disabled.
LengthConstraint: Sequences have minimum length 12.
                  Sequences have maximum length 20.
TrigConstraint: [sin, cos] cannot be a descendant of [sin, cos].
SoftLengthPrior: No description available.
-- BUILDING PRIOR END ---------------

MainProcess| 2026-06-21 22:52:19,070,70 multiprocessing INFO Transformer overwriting hidden size to input_dim 128
Transformer overwriting hidden size to input_dim 128
MainProcess| 2026-06-21 22:52:19,492,492 multiprocessing INFO Encoder params: {'sinuisodal_embeddings': False, 'dec_pf_dim': 32, 'dec_layers': 1, 'dim_hidden': 128, 'lr': 0.0001, 'dropout': 0, 'num_features': 1, 'ln': True, 'N_p': 0, 'num_inds': 64, 'activation': 'relu', 'bit16': False, 'norm': True, 'linear': True, 'input_normalization': False, 'src_pad_idx': 0, 'trg_pad_idx': 0, 'length_eq': 20, 'n_l_enc': 3, 'mean': 0.5, 'std': 0.5, 'dim_input': 64, 'num_heads': 2, 'output_dim': 10}
Encoder params: {'sinuisodal_embeddings': False, 'dec_pf_dim': 32, 'dec_layers': 1, 'dim_hidden': 128, 'lr': 0.0001, 'dropout': 0, 'num_features': 1, 'ln': True, 'N_p': 0, 'num_inds': 64, 'activation': 'relu', 'bit16': False, 'norm': True, 'linear': True, 'input_normalization': False, 'src_pad_idx': 0, 'trg_pad_idx': 0, 'length_eq': 20, 'n_l_enc': 3, 'mean': 0.5, 'std': 0.5, 'dim_input': 64, 'num_heads': 2, 'output_dim': 10}
MainProcess| 2026-06-21 22:52:19,512,512 multiprocessing INFO TransformerTreeEncoderController parameters: 4036780 	 | trainable : 4036780
TransformerTreeEncoderController parameters: 4036780 	 | trainable : 4036780
MainProcess| 2026-06-21 22:52:19,586,586 multiprocessing INFO GP CONFIG : {'verbose': False, 'generations': 35, 'p_crossover': 0.5, 'p_mutate': 0.5, 'tournament_size': 7, 'train_n': 50, 'mutate_tree_max': 3}
GP CONFIG : {'verbose': False, 'generations': 35, 'p_crossover': 0.5, 'p_mutate': 0.5, 'tournament_size': 7, 'train_n': 50, 'mutate_tree_max': 3}
MainProcess| 2026-06-21 22:52:19,897,897 multiprocessing INFO config: {'experiment': {'logdir': './log', 'seed': 13, 'timestamp': '2026-06-21-225218', 'task_name': 'fn_d_all_z_5', 'save_path': './log/fn_d_all_z_5_2026-06-21-225218_1'}, 'task': {'task_type': 'regression', 'dataset': 'fn_d_all_z_5', 'function_set': ['add', 'sub', 'mul', 'sin', 'cos', 'n2'], 'metric': 'lyapunov_risk', 'metric_params': [1.0], 'extra_metric_test': None, 'extra_metric_test_params': [], 'threshold': 1e-12, 'protected': False, 'reward_noise': 0.0, 'reward_noise_type': 'r', 'normalize_variance': False, 'decision_tree_threshold_set': []}, 'training': {'n_epochs': None, 'n_samples': 2000000, 'batch_size': 500, 'epsilon': 0.1, 'baseline': 'R_e', 'alpha': 0.5, 'b_jumpstart': False, 'n_cores_batch': 1, 'complexity': 'token', 'const_optimizer': 'scipy', 'const_params': {'method': 'L-BFGS-B', 'options': {'gtol': 0.001}}, 'verbose': True, 'debug': 0, 'early_stopping': True, 'hof': 100, 'use_memory': False, 'memory_capacity': 1000.0, 'warm_start': None, 'memory_threshold': None, 'save_all_epoch': False, 'save_summary': False, 'save_positional_entropy': False, 'save_pareto_front': True, 'save_cache': False, 'save_cache_r_min': 0.9, 'save_freq': 1, 'save_token_count': False}, 'state_manager': {'observe_action': False, 'observe_parent': True, 'observe_sibling': True, 'observe_dangling': False, 'embedding': True, 'embedding_size': 64}, 'controller': {'max_length': 64, 'cell': 'lstm', 'num_layers': 1, 'num_units': 64, 'initializer': 'zeros', 'learning_rate': 0.0003, 'optimizer': 'adam', 'entropy_weight': 0.005, 'entropy_gamma': 0.8, 'pqt': True, 'pqt_k': 10, 'pqt_batch_size': 1, 'pqt_weight': 200.0, 'pqt_use_pg': False, 'summary': False, 'rl_weight': 1.0}, 'gp_meld': {'generations': 35, 'p_crossover': 0.5, 'p_mutate': 0.5, 'tournament_size': 7, 'train_n': 50, 'mutate_tree_max': 3}, 'prior': {'relational': {'targets': [], 'effectors': [], 'relationship': None}, 'length': {'min_': 12, 'max_': 20}, 'repeat': {'tokens': 'const', 'min_': None, 'max_': 5}, 'inverse': {}, 'trig': {}, 'const': {}, 'no_inputs': {}, 'uniform_arity': {}, 'soft_length': {'loc': 15, 'scale': 5}}, 'postprocess': {'show_count': 5, 'save_plots': True}, 'model': 'TransformerTreeEncoderController', 'function_names_str': 'x1,x2,x3,x4,x5,x6,add,sub,mul,sin,cos,n2', 'nesymres_train_config': {'architecture': {'sinuisodal_embeddings': False, 'dec_pf_dim': 32, 'dec_layers': 1, 'dim_hidden': 128, 'lr': 0.0001, 'dropout': 0, 'num_features': 1, 'ln': True, 'N_p': 0, 'num_inds': 64, 'activation': 'relu', 'bit16': False, 'norm': True, 'linear': True, 'input_normalization': False, 'src_pad_idx': 0, 'trg_pad_idx': 0, 'length_eq': 20, 'n_l_enc': 3, 'mean': 0.5, 'std': 0.5, 'dim_input': 64, 'num_heads': 2, 'output_dim': 10}}}

-- BUILDING DATASET START -----------
Benchmark path                 : /users/9/chen8596/LyaDis/repro/runs/quad6d/libs/sd3/dso/dso/task/regression/benchmarks_bkup_1.csv
Generated data for benchmark   : fn_d_all_z_5
-- BUILDING DATASET END -------------

Function set                   : Koza --> ['add', 'sub', 'mul', 'sin', 'cos', 'n2']

-- RUNNING EPOCHS START -------------
torch.Size([500, 108])
/users/9/chen8596/miniconda3/envs/alfd/lib/python3.9/site-packages/torch/nn/functional.py:4999: UserWarning: Support for mismatched key_padding_mask and attn_mask is deprecated. Use same type for both instead.
  warnings.warn(
/users/9/chen8596/miniconda3/envs/alfd/lib/python3.9/site-packages/torch/nn/functional.py:4999: UserWarning: Support for mismatched key_padding_mask and attn_mask is deprecated. Use same type for both instead.
  warnings.warn(
/users/9/chen8596/miniconda3/envs/alfd/lib/python3.9/site-packages/torch/nn/functional.py:4999: UserWarning: Support for mismatched key_padding_mask and attn_mask is deprecated. Use same type for both instead.
  warnings.warn(
MainProcess| 2026-06-21 22:53:50,776,776 multiprocessing INFO Genetic Porgramming Runtime 85.32933501480147
Genetic Porgramming Runtime 85.32933501480147

=========================PGD Collection Starts=========================

MainProcess| 2026-06-21 22:53:51,833,833 multiprocessing INFO created temp directory /tmp/pymp-trojwm1x
SpawnPoolWorker-3| 2026-06-21 22:53:57,000,0 multiprocessing INFO STARTING NEW RUN ==========
SpawnPoolWorker-1| 2026-06-21 22:53:57,000,0 multiprocessing INFO STARTING NEW RUN ==========
SpawnPoolWorker-3| 2026-06-21 22:53:57,000,0 multiprocessing INFO SEE LOG AT : ./logs/all_Lyapunov_test_dso-fn_d_all_z_01_log.txt
SpawnPoolWorker-1| 2026-06-21 22:53:57,000,0 multiprocessing INFO SEE LOG AT : ./logs/all_Lyapunov_test_dso-fn_d_all_z_01_log.txt
SpawnPoolWorker-3| 2026-06-21 22:53:57,000,0 multiprocessing INFO See log at : ./logs/all_Lyapunov_test_dso-fn_d_all_z_01_log.txt
SpawnPoolWorker-1| 2026-06-21 22:53:57,001,1 multiprocessing INFO See log at : ./logs/all_Lyapunov_test_dso-fn_d_all_z_01_log.txt
SpawnPoolWorker-3| 2026-06-21 22:53:57,003,3 multiprocessing INFO child process calling self.run()
SpawnPoolWorker-1| 2026-06-21 22:53:57,003,3 multiprocessing INFO child process calling self.run()
SpawnPoolWorker-6| 2026-06-21 22:53:57,004,4 multiprocessing INFO STARTING NEW RUN ==========
SpawnPoolWorker-6| 2026-06-21 22:53:57,004,4 multiprocessing INFO SEE LOG AT : ./logs/all_Lyapunov_test_dso-fn_d_all_z_01_log.txt
SpawnPoolWorker-6| 2026-06-21 22:53:57,004,4 multiprocessing INFO See log at : ./logs/all_Lyapunov_test_dso-fn_d_all_z_01_log.txt
SpawnPoolWorker-6| 2026-06-21 22:53:57,005,5 multiprocessing INFO child process calling self.run()
SpawnPoolWorker-4| 2026-06-21 22:53:57,007,7 multiprocessing INFO STARTING NEW RUN ==========
SpawnPoolWorker-4| 2026-06-21 22:53:57,007,7 multiprocessing INFO SEE LOG AT : ./logs/all_Lyapunov_test_dso-fn_d_all_z_01_log.txt
SpawnPoolWorker-4| 2026-06-21 22:53:57,007,7 multiprocessing INFO See log at : ./logs/all_Lyapunov_test_dso-fn_d_all_z_01_log.txt
SpawnPoolWorker-4| 2026-06-21 22:53:57,009,9 multiprocessing INFO child process calling self.run()
SpawnPoolWorker-8| 2026-06-21 22:53:57,019,19 multiprocessing INFO STARTING NEW RUN ==========
SpawnPoolWorker-8| 2026-06-21 22:53:57,020,20 multiprocessing INFO SEE LOG AT : ./logs/all_Lyapunov_test_dso-fn_d_all_z_01_log.txt
SpawnPoolWorker-5| 2026-06-21 22:53:57,019,19 multiprocessing INFO STARTING NEW RUN ==========
SpawnPoolWorker-8| 2026-06-21 22:53:57,020,20 multiprocessing INFO See log at : ./logs/all_Lyapunov_test_dso-fn_d_all_z_01_log.txt
SpawnPoolWorker-5| 2026-06-21 22:53:57,020,20 multiprocessing INFO SEE LOG AT : ./logs/all_Lyapunov_test_dso-fn_d_all_z_01_log.txt
SpawnPoolWorker-5| 2026-06-21 22:53:57,020,20 multiprocessing INFO See log at : ./logs/all_Lyapunov_test_dso-fn_d_all_z_01_log.txt
SpawnPoolWorker-9| 2026-06-21 22:53:57,020,20 multiprocessing INFO STARTING NEW RUN ==========
SpawnPoolWorker-9| 2026-06-21 22:53:57,020,20 multiprocessing INFO SEE LOG AT : ./logs/all_Lyapunov_test_dso-fn_d_all_z_01_log.txt
SpawnPoolWorker-9| 2026-06-21 22:53:57,020,20 multiprocessing INFO See log at : ./logs/all_Lyapunov_test_dso-fn_d_all_z_01_log.txt
SpawnPoolWorker-10| 2026-06-21 22:53:57,020,20 multiprocessing INFO STARTING NEW RUN ==========
SpawnPoolWorker-10| 2026-06-21 22:53:57,020,20 multiprocessing INFO SEE LOG AT : ./logs/all_Lyapunov_test_dso-fn_d_all_z_01_log.txt
SpawnPoolWorker-10| 2026-06-21 22:53:57,020,20 multiprocessing INFO See log at : ./logs/all_Lyapunov_test_dso-fn_d_all_z_01_log.txt
SpawnPoolWorker-2| 2026-06-21 22:53:57,021,21 multiprocessing INFO STARTING NEW RUN ==========
SpawnPoolWorker-2| 2026-06-21 22:53:57,022,22 multiprocessing INFO SEE LOG AT : ./logs/all_Lyapunov_test_dso-fn_d_all_z_01_log.txt
SpawnPoolWorker-2| 2026-06-21 22:53:57,022,22 multiprocessing INFO See log at : ./logs/all_Lyapunov_test_dso-fn_d_all_z_01_log.txt
SpawnPoolWorker-8| 2026-06-21 22:53:57,023,23 multiprocessing INFO child process calling self.run()
SpawnPoolWorker-9| 2026-06-21 22:53:57,023,23 multiprocessing INFO child process calling self.run()
SpawnPoolWorker-10| 2026-06-21 22:53:57,023,23 multiprocessing INFO child process calling self.run()
SpawnPoolWorker-5| 2026-06-21 22:53:57,024,24 multiprocessing INFO child process calling self.run()
SpawnPoolWorker-2| 2026-06-21 22:53:57,028,28 multiprocessing INFO child process calling self.run()
SpawnPoolWorker-7| 2026-06-21 22:53:57,043,43 multiprocessing INFO STARTING NEW RUN ==========
SpawnPoolWorker-7| 2026-06-21 22:53:57,044,44 multiprocessing INFO SEE LOG AT : ./logs/all_Lyapunov_test_dso-fn_d_all_z_01_log.txt
SpawnPoolWorker-7| 2026-06-21 22:53:57,044,44 multiprocessing INFO See log at : ./logs/all_Lyapunov_test_dso-fn_d_all_z_01_log.txt
SpawnPoolWorker-7| 2026-06-21 22:53:57,047,47 multiprocessing INFO child process calling self.run()
SpawnPoolWorker-4| 2026-06-21 22:54:14,235,235 multiprocessing INFO process shutting down
SpawnPoolWorker-8| 2026-06-21 22:54:14,235,235 multiprocessing INFO process shutting down
SpawnPoolWorker-5| 2026-06-21 22:54:14,235,235 multiprocessing INFO process shutting down
SpawnPoolWorker-6| 2026-06-21 22:54:14,235,235 multiprocessing INFO process shutting down
SpawnPoolWorker-7| 2026-06-21 22:54:14,235,235 multiprocessing INFO process shutting down
SpawnPoolWorker-8| 2026-06-21 22:54:14,236,236 multiprocessing INFO process exiting with exitcode 0
SpawnPoolWorker-2| 2026-06-21 22:54:14,236,236 multiprocessing INFO process shutting down
SpawnPoolWorker-5| 2026-06-21 22:54:14,236,236 multiprocessing INFO process exiting with exitcode 0
SpawnPoolWorker-7| 2026-06-21 22:54:14,236,236 multiprocessing INFO process exiting with exitcode 0
SpawnPoolWorker-9| 2026-06-21 22:54:14,235,235 multiprocessing INFO process shutting down
SpawnPoolWorker-6| 2026-06-21 22:54:14,236,236 multiprocessing INFO process exiting with exitcode 0
SpawnPoolWorker-2| 2026-06-21 22:54:14,236,236 multiprocessing INFO process exiting with exitcode 0
SpawnPoolWorker-3| 2026-06-21 22:54:14,236,236 multiprocessing INFO process shutting down
SpawnPoolWorker-3| 2026-06-21 22:54:14,236,236 multiprocessing INFO process exiting with exitcode 0
SpawnPoolWorker-9| 2026-06-21 22:54:14,237,237 multiprocessing INFO process exiting with exitcode 0
(5000,)

===================Collect 5000 Examples===================

Epsilon 0.1
500
(550,)
(550,)
(55,)
Number of Programs for Minimization: 28
SpawnPoolWorker-11| 2026-06-21 22:54:26,374,374 multiprocessing INFO STARTING NEW RUN ==========
SpawnPoolWorker-11| 2026-06-21 22:54:26,374,374 multiprocessing INFO SEE LOG AT : ./logs/all_Lyapunov_test_dso-fn_d_all_z_01_log.txt
SpawnPoolWorker-11| 2026-06-21 22:54:26,374,374 multiprocessing INFO See log at : ./logs/all_Lyapunov_test_dso-fn_d_all_z_01_log.txt
SpawnPoolWorker-11| 2026-06-21 22:54:26,378,378 multiprocessing INFO child process calling self.run()
SpawnPoolWorker-17| 2026-06-21 22:54:26,416,416 multiprocessing INFO STARTING NEW RUN ==========
SpawnPoolWorker-17| 2026-06-21 22:54:26,417,417 multiprocessing INFO SEE LOG AT : ./logs/all_Lyapunov_test_dso-fn_d_all_z_01_log.txt
SpawnPoolWorker-17| 2026-06-21 22:54:26,417,417 multiprocessing INFO See log at : ./logs/all_Lyapunov_test_dso-fn_d_all_z_01_log.txt
SpawnPoolWorker-17| 2026-06-21 22:54:26,420,420 multiprocessing INFO child process calling self.run()
SpawnPoolWorker-19| 2026-06-21 22:54:26,725,725 multiprocessing INFO STARTING NEW RUN ==========
SpawnPoolWorker-19| 2026-06-21 22:54:26,725,725 multiprocessing INFO SEE LOG AT : ./logs/all_Lyapunov_test_dso-fn_d_all_z_01_log.txt
SpawnPoolWorker-19| 2026-06-21 22:54:26,725,725 multiprocessing INFO See log at : ./logs/all_Lyapunov_test_dso-fn_d_all_z_01_log.txt
SpawnPoolWorker-19| 2026-06-21 22:54:26,737,737 multiprocessing INFO child process calling self.run()
SpawnPoolWorker-27| 2026-06-21 22:54:26,760,760 multiprocessing INFO STARTING NEW RUN ==========
SpawnPoolWorker-27| 2026-06-21 22:54:26,760,760 multiprocessing INFO SEE LOG AT : ./logs/all_Lyapunov_test_dso-fn_d_all_z_01_log.txt
SpawnPoolWorker-27| 2026-06-21 22:54:26,760,760 multiprocessing INFO See log at : ./logs/all_Lyapunov_test_dso-fn_d_all_z_01_log.txt
SpawnPoolWorker-27| 2026-06-21 22:54:26,762,762 multiprocessing INFO child process calling self.run()
SpawnPoolWorker-20| 2026-06-21 22:54:27,309,309 multiprocessing INFO STARTING NEW RUN ==========
SpawnPoolWorker-20| 2026-06-21 22:54:27,309,309 multiprocessing INFO SEE LOG AT : ./logs/all_Lyapunov_test_dso-fn_d_all_z_01_log.txt
SpawnPoolWorker-20| 2026-06-21 22:54:27,309,309 multiprocessing INFO See log at : ./logs/all_Lyapunov_test_dso-fn_d_all_z_01_log.txt
SpawnPoolWorker-20| 2026-06-21 22:54:27,312,312 multiprocessing INFO child process calling self.run()
SpawnPoolWorker-22| 2026-06-21 22:54:27,657,657 multiprocessing INFO STARTING NEW RUN ==========
SpawnPoolWorker-22| 2026-06-21 22:54:27,657,657 multiprocessing INFO SEE LOG AT : ./logs/all_Lyapunov_test_dso-fn_d_all_z_01_log.txt
SpawnPoolWorker-22| 2026-06-21 22:54:27,657,657 multiprocessing INFO See log at : ./logs/all_Lyapunov_test_dso-fn_d_all_z_01_log.txt
SpawnPoolWorker-22| 2026-06-21 22:54:27,659,659 multiprocessing INFO child process calling self.run()
SpawnPoolWorker-18| 2026-06-21 22:54:28,062,62 multiprocessing INFO STARTING NEW RUN ==========
SpawnPoolWorker-18| 2026-06-21 22:54:28,063,63 multiprocessing INFO SEE LOG AT : ./logs/all_Lyapunov_test_dso-fn_d_all_z_01_log.txt
SpawnPoolWorker-18| 2026-06-21 22:54:28,063,63 multiprocessing INFO See log at : ./logs/all_Lyapunov_test_dso-fn_d_all_z_01_log.txt
SpawnPoolWorker-18| 2026-06-21 22:54:28,069,69 multiprocessing INFO child process calling self.run()
SpawnPoolWorker-21| 2026-06-21 22:54:28,774,774 multiprocessing INFO STARTING NEW RUN ==========
SpawnPoolWorker-21| 2026-06-21 22:54:28,774,774 multiprocessing INFO SEE LOG AT : ./logs/all_Lyapunov_test_dso-fn_d_all_z_01_log.txt
SpawnPoolWorker-21| 2026-06-21 22:54:28,774,774 multiprocessing INFO See log at : ./logs/all_Lyapunov_test_dso-fn_d_all_z_01_log.txt
SpawnPoolWorker-21| 2026-06-21 22:54:28,777,777 multiprocessing INFO child process calling self.run()
SpawnPoolWorker-29| 2026-06-21 22:54:28,897,897 multiprocessing INFO STARTING NEW RUN ==========
SpawnPoolWorker-29| 2026-06-21 22:54:28,897,897 multiprocessing INFO SEE LOG AT : ./logs/all_Lyapunov_test_dso-fn_d_all_z_01_log.txt
SpawnPoolWorker-29| 2026-06-21 22:54:28,897,897 multiprocessing INFO See log at : ./logs/all_Lyapunov_test_dso-fn_d_all_z_01_log.txt
SpawnPoolWorker-29| 2026-06-21 22:54:28,905,905 multiprocessing INFO child process calling self.run()
SpawnPoolWorker-30| 2026-06-21 22:54:29,155,155 multiprocessing INFO STARTING NEW RUN ==========
SpawnPoolWorker-30| 2026-06-21 22:54:29,155,155 multiprocessing INFO SEE LOG AT : ./logs/all_Lyapunov_test_dso-fn_d_all_z_01_log.txt
SpawnPoolWorker-30| 2026-06-21 22:54:29,155,155 multiprocessing INFO See log at : ./logs/all_Lyapunov_test_dso-fn_d_all_z_01_log.txt
SpawnPoolWorker-30| 2026-06-21 22:54:29,157,157 multiprocessing INFO child process calling self.run()
SpawnPoolWorker-25| 2026-06-21 22:54:29,215,215 multiprocessing INFO STARTING NEW RUN ==========
SpawnPoolWorker-25| 2026-06-21 22:54:29,215,215 multiprocessing INFO SEE LOG AT : ./logs/all_Lyapunov_test_dso-fn_d_all_z_01_log.txt
SpawnPoolWorker-25| 2026-06-21 22:54:29,215,215 multiprocessing INFO See log at : ./logs/all_Lyapunov_test_dso-fn_d_all_z_01_log.txt
SpawnPoolWorker-25| 2026-06-21 22:54:29,219,219 multiprocessing INFO child process calling self.run()
SpawnPoolWorker-28| 2026-06-21 22:54:29,354,354 multiprocessing INFO STARTING NEW RUN ==========
SpawnPoolWorker-28| 2026-06-21 22:54:29,355,355 multiprocessing INFO SEE LOG AT : ./logs/all_Lyapunov_test_dso-fn_d_all_z_01_log.txt
SpawnPoolWorker-28| 2026-06-21 22:54:29,355,355 multiprocessing INFO See log at : ./logs/all_Lyapunov_test_dso-fn_d_all_z_01_log.txt
SpawnPoolWorker-28| 2026-06-21 22:54:29,358,358 multiprocessing INFO child process calling self.run()
SpawnPoolWorker-15| 2026-06-21 22:54:29,444,444 multiprocessing INFO STARTING NEW RUN ==========
SpawnPoolWorker-15| 2026-06-21 22:54:29,444,444 multiprocessing INFO SEE LOG AT : ./logs/all_Lyapunov_test_dso-fn_d_all_z_01_log.txt
SpawnPoolWorker-15| 2026-06-21 22:54:29,444,444 multiprocessing INFO See log at : ./logs/all_Lyapunov_test_dso-fn_d_all_z_01_log.txt
SpawnPoolWorker-15| 2026-06-21 22:54:29,449,449 multiprocessing INFO child process calling self.run()
SpawnPoolWorker-26| 2026-06-21 22:54:29,679,679 multiprocessing INFO STARTING NEW RUN ==========
SpawnPoolWorker-26| 2026-06-21 22:54:29,679,679 multiprocessing INFO SEE LOG AT : ./logs/all_Lyapunov_test_dso-fn_d_all_z_01_log.txt
SpawnPoolWorker-26| 2026-06-21 22:54:29,679,679 multiprocessing INFO See log at : ./logs/all_Lyapunov_test_dso-fn_d_all_z_01_log.txt
SpawnPoolWorker-26| 2026-06-21 22:54:29,681,681 multiprocessing INFO child process calling self.run()
SpawnPoolWorker-31| 2026-06-21 22:54:29,771,771 multiprocessing INFO STARTING NEW RUN ==========
SpawnPoolWorker-31| 2026-06-21 22:54:29,771,771 multiprocessing INFO SEE LOG AT : ./logs/all_Lyapunov_test_dso-fn_d_all_z_01_log.txt
SpawnPoolWorker-31| 2026-06-21 22:54:29,771,771 multiprocessing INFO See log at : ./logs/all_Lyapunov_test_dso-fn_d_all_z_01_log.txt
SpawnPoolWorker-31| 2026-06-21 22:54:29,774,774 multiprocessing INFO child process calling self.run()
SpawnPoolWorker-33| 2026-06-21 22:54:30,136,136 multiprocessing INFO STARTING NEW RUN ==========
SpawnPoolWorker-33| 2026-06-21 22:54:30,136,136 multiprocessing INFO SEE LOG AT : ./logs/all_Lyapunov_test_dso-fn_d_all_z_01_log.txt
SpawnPoolWorker-33| 2026-06-21 22:54:30,136,136 multiprocessing INFO See log at : ./logs/all_Lyapunov_test_dso-fn_d_all_z_01_log.txt
SpawnPoolWorker-33| 2026-06-21 22:54:30,142,142 multiprocessing INFO child process calling self.run()
SpawnPoolWorker-16| 2026-06-21 22:54:30,202,202 multiprocessing INFO STARTING NEW RUN ==========
SpawnPoolWorker-16| 2026-06-21 22:54:30,202,202 multiprocessing INFO SEE LOG AT : ./logs/all_Lyapunov_test_dso-fn_d_all_z_01_log.txt
SpawnPoolWorker-16| 2026-06-21 22:54:30,202,202 multiprocessing INFO See log at : ./logs/all_Lyapunov_test_dso-fn_d_all_z_01_log.txt
SpawnPoolWorker-16| 2026-06-21 22:54:30,209,209 multiprocessing INFO child process calling self.run()
SpawnPoolWorker-23| 2026-06-21 22:54:30,345,345 multiprocessing INFO STARTING NEW RUN ==========
SpawnPoolWorker-23| 2026-06-21 22:54:30,345,345 multiprocessing INFO SEE LOG AT : ./logs/all_Lyapunov_test_dso-fn_d_all_z_01_log.txt
SpawnPoolWorker-23| 2026-06-21 22:54:30,345,345 multiprocessing INFO See log at : ./logs/all_Lyapunov_test_dso-fn_d_all_z_01_log.txt
SpawnPoolWorker-23| 2026-06-21 22:54:30,355,355 multiprocessing INFO child process calling self.run()
SpawnPoolWorker-14| 2026-06-21 22:54:30,383,383 multiprocessing INFO STARTING NEW RUN ==========
SpawnPoolWorker-14| 2026-06-21 22:54:30,383,383 multiprocessing INFO SEE LOG AT : ./logs/all_Lyapunov_test_dso-fn_d_all_z_01_log.txt
SpawnPoolWorker-14| 2026-06-21 22:54:30,383,383 multiprocessing INFO See log at : ./logs/all_Lyapunov_test_dso-fn_d_all_z_01_log.txt
SpawnPoolWorker-14| 2026-06-21 22:54:30,385,385 multiprocessing INFO child process calling self.run()
SpawnPoolWorker-12| 2026-06-21 22:54:30,536,536 multiprocessing INFO STARTING NEW RUN ==========
SpawnPoolWorker-12| 2026-06-21 22:54:30,536,536 multiprocessing INFO SEE LOG AT : ./logs/all_Lyapunov_test_dso-fn_d_all_z_01_log.txt
SpawnPoolWorker-12| 2026-06-21 22:54:30,536,536 multiprocessing INFO See log at : ./logs/all_Lyapunov_test_dso-fn_d_all_z_01_log.txt
SpawnPoolWorker-12| 2026-06-21 22:54:30,541,541 multiprocessing INFO child process calling self.run()
SpawnPoolWorker-32| 2026-06-21 22:54:30,566,566 multiprocessing INFO STARTING NEW RUN ==========
SpawnPoolWorker-32| 2026-06-21 22:54:30,566,566 multiprocessing INFO SEE LOG AT : ./logs/all_Lyapunov_test_dso-fn_d_all_z_01_log.txt
SpawnPoolWorker-32| 2026-06-21 22:54:30,566,566 multiprocessing INFO See log at : ./logs/all_Lyapunov_test_dso-fn_d_all_z_01_log.txt
SpawnPoolWorker-32| 2026-06-21 22:54:30,568,568 multiprocessing INFO child process calling self.run()
SpawnPoolWorker-13| 2026-06-21 22:54:30,689,689 multiprocessing INFO STARTING NEW RUN ==========
SpawnPoolWorker-13| 2026-06-21 22:54:30,689,689 multiprocessing INFO SEE LOG AT : ./logs/all_Lyapunov_test_dso-fn_d_all_z_01_log.txt
SpawnPoolWorker-13| 2026-06-21 22:54:30,689,689 multiprocessing INFO See log at : ./logs/all_Lyapunov_test_dso-fn_d_all_z_01_log.txt
SpawnPoolWorker-13| 2026-06-21 22:54:30,691,691 multiprocessing INFO child process calling self.run()
SpawnPoolWorker-34| 2026-06-21 22:54:30,708,708 multiprocessing INFO STARTING NEW RUN ==========
SpawnPoolWorker-34| 2026-06-21 22:54:30,708,708 multiprocessing INFO SEE LOG AT : ./logs/all_Lyapunov_test_dso-fn_d_all_z_01_log.txt
SpawnPoolWorker-34| 2026-06-21 22:54:30,708,708 multiprocessing INFO See log at : ./logs/all_Lyapunov_test_dso-fn_d_all_z_01_log.txt
SpawnPoolWorker-34| 2026-06-21 22:54:30,710,710 multiprocessing INFO child process calling self.run()
SpawnPoolWorker-24| 2026-06-21 22:54:31,082,82 multiprocessing INFO STARTING NEW RUN ==========
SpawnPoolWorker-24| 2026-06-21 22:54:31,082,82 multiprocessing INFO SEE LOG AT : ./logs/all_Lyapunov_test_dso-fn_d_all_z_01_log.txt
SpawnPoolWorker-24| 2026-06-21 22:54:31,082,82 multiprocessing INFO See log at : ./logs/all_Lyapunov_test_dso-fn_d_all_z_01_log.txt
SpawnPoolWorker-24| 2026-06-21 22:54:31,084,84 multiprocessing INFO child process calling self.run()
SpawnPoolWorker-33| 2026-06-21 22:54:31,519,519 multiprocessing INFO process shutting down
SpawnPoolWorker-16| 2026-06-21 22:54:31,519,519 multiprocessing INFO process shutting down
SpawnPoolWorker-33| 2026-06-21 22:54:31,519,519 multiprocessing INFO process exiting with exitcode 0
SpawnPoolWorker-16| 2026-06-21 22:54:31,519,519 multiprocessing INFO process exiting with exitcode 0
SpawnPoolWorker-23| 2026-06-21 22:54:31,519,519 multiprocessing INFO process shutting down
SpawnPoolWorker-14| 2026-06-21 22:54:31,519,519 multiprocessing INFO process shutting down
SpawnPoolWorker-23| 2026-06-21 22:54:31,519,519 multiprocessing INFO process exiting with exitcode 0
SpawnPoolWorker-14| 2026-06-21 22:54:31,519,519 multiprocessing INFO process exiting with exitcode 0
SpawnPoolWorker-12| 2026-06-21 22:54:31,520,520 multiprocessing INFO process shutting down
SpawnPoolWorker-32| 2026-06-21 22:54:31,520,520 multiprocessing INFO process shutting down
SpawnPoolWorker-13| 2026-06-21 22:54:31,520,520 multiprocessing INFO process shutting down
SpawnPoolWorker-11| 2026-06-21 22:54:31,519,519 multiprocessing INFO process shutting down
SpawnPoolWorker-29| 2026-06-21 22:54:31,520,520 multiprocessing INFO process shutting down
SpawnPoolWorker-22| 2026-06-21 22:54:31,520,520 multiprocessing INFO process shutting down
SpawnPoolWorker-34| 2026-06-21 22:54:31,520,520 multiprocessing INFO process shutting down
SpawnPoolWorker-17| 2026-06-21 22:54:31,520,520 multiprocessing INFO process shutting down
SpawnPoolWorker-21| 2026-06-21 22:54:31,520,520 multiprocessing INFO process shutting down
SpawnPoolWorker-27| 2026-06-21 22:54:31,519,519 multiprocessing INFO process shutting down
SpawnPoolWorker-19| 2026-06-21 22:54:31,520,520 multiprocessing INFO process shutting down
SpawnPoolWorker-24| 2026-06-21 22:54:31,520,520 multiprocessing INFO process shutting down
SpawnPoolWorker-30| 2026-06-21 22:54:31,520,520 multiprocessing INFO process shutting down
SpawnPoolWorker-15| 2026-06-21 22:54:31,521,521 multiprocessing INFO process shutting down
SpawnPoolWorker-20| 2026-06-21 22:54:31,521,521 multiprocessing INFO process shutting down
SpawnPoolWorker-26| 2026-06-21 22:54:31,522,522 multiprocessing INFO process shutting down
SpawnPoolWorker-28| 2026-06-21 22:54:31,521,521 multiprocessing INFO process shutting down
SpawnPoolWorker-32| 2026-06-21 22:54:31,523,523 multiprocessing INFO process exiting with exitcode 0
SpawnPoolWorker-31| 2026-06-21 22:54:31,522,522 multiprocessing INFO process shutting down
28
(50000, 6)
(50000,)
(50000, 6)
(50000,)

=======================Successfully Added (25000, 6) Counter Examples=======================


============None of the candidates fulfill the conditions. Training CONTINUES!=================

MainProcess| 2026-06-21 22:54:33,733,733 multiprocessing INFO 
============None of the candidates fulfill the conditions. Training CONTINUES!=================


============None of the candidates fulfill the conditions. Training CONTINUES!=================

(55, 108)
/users/9/chen8596/miniconda3/envs/alfd/lib/python3.9/site-packages/torch/nn/functional.py:4999: UserWarning: Support for mismatched key_padding_mask and attn_mask is deprecated. Use same type for both instead.
  warnings.warn(

==============Start Supervised Learning==============

MainProcess| 2026-06-21 22:54:37,630,630 multiprocessing INFO GP output mean: 0.5579749474370587
GP output mean: 0.5579749474370587
MainProcess| 2026-06-21 22:54:38,090,90 multiprocessing INFO GP output success rate: 0.0
GP output success rate: 0.0

==============End Supervised Learning==============

/users/9/chen8596/LyaDis/repro/runs/quad6d/utils/train.py:971: RuntimeWarning: divide by zero encountered in divide
  error = np.abs(((y_hat - y) / y))
/users/9/chen8596/.local/lib/python3.9/site-packages/scipy/stats/_stats_py.py:4424: ConstantInputWarning: An input array is constant; the correlation coefficient is not defined.
  warnings.warn(stats.ConstantInputWarning(msg))
MainProcess| 2026-06-21 22:54:39,780,780 multiprocessing INFO [Test epoch=0001]  nevals=13723 	| train_loss=8631.00195 	| eqs_invalid %=0.91 	| r_best=0.73252 	| quantile=0.00001 	| r_quantile_mean=0.38789 	| r_raw_sum=21.33386 	|  r_raw_mean=0.36783 	| r2=nan 	| acc_iid=0.00000 	| acc_ood=0.00000 	| nmse_test=10.935452476406057 	| true_equation_set_count=0 	| s/it=139.76599
[Test epoch=0001]  nevals=13723 	| train_loss=8631.00195 	| eqs_invalid %=0.91 	| r_best=0.73252 	| quantile=0.00001 	| r_quantile_mean=0.38789 	| r_raw_sum=21.33386 	|  r_raw_mean=0.36783 	| r2=nan 	| acc_iid=0.00000 	| acc_ood=0.00000 	| nmse_test=10.935452476406057 	| true_equation_set_count=0 	| s/it=139.76599
MainProcess| 2026-06-21 22:54:39,780,780 multiprocessing INFO [00:00:02:19.86] Training epoch 1/4000, current best R: 0.7325
[00:00:02:19.86] Training epoch 1/4000, current best R: 0.7325
MainProcess| 2026-06-21 22:54:39,780,780 multiprocessing INFO 
	** New best

	** New best
MainProcess| 2026-06-21 22:54:39,780,780 multiprocessing INFO 	Reward: 0.7325244835522142
	Reward: 0.7325244835522142
MainProcess| 2026-06-21 22:54:39,780,780 multiprocessing INFO 	Count Off-policy: 1
	Count Off-policy: 1
MainProcess| 2026-06-21 22:54:39,780,780 multiprocessing INFO 	Count On-policy: 0
	Count On-policy: 0
MainProcess| 2026-06-21 22:54:39,780,780 multiprocessing INFO 	Originally on Policy: False
	Originally on Policy: False
MainProcess| 2026-06-21 22:54:39,780,780 multiprocessing INFO 	Invalid: False
	Invalid: False
MainProcess| 2026-06-21 22:54:39,780,780 multiprocessing INFO 	Traversal: add,n2,mul,mul,sin,x3,sub,x2,sin,x1,cos,x6,n2,mul,x4,mul,x4,x5
	Traversal: add,n2,mul,mul,sin,x3,sub,x2,sin,x1,cos,x6,n2,mul,x4,mul,x4,x5
MainProcess| 2026-06-21 22:54:39,780,780 multiprocessing INFO 	Expression:
	Expression:
MainProcess| 2026-06-21 22:54:39,961,961 multiprocessing INFO 
	    4   2                 2    2        2    
	  x₄ ⋅x₅  + (x₂ - sin(x₁)) ⋅sin (x₃)⋅cos (x₆)


	    4   2                 2    2        2    
	  x₄ ⋅x₅  + (x₂ - sin(x₁)) ⋅sin (x₃)⋅cos (x₆)

MainProcess| 2026-06-21 22:56:51,603,603 multiprocessing INFO Genetic Porgramming Runtime 131.03645237884484
Genetic Porgramming Runtime 131.03645237884484

=========================PGD Collection Starts=========================

SpawnPoolWorker-37| 2026-06-21 22:56:58,644,644 multiprocessing INFO STARTING NEW RUN ==========
SpawnPoolWorker-37| 2026-06-21 22:56:58,644,644 multiprocessing INFO SEE LOG AT : ./logs/all_Lyapunov_test_dso-fn_d_all_z_01_log.txt
SpawnPoolWorker-37| 2026-06-21 22:56:58,644,644 multiprocessing INFO See log at : ./logs/all_Lyapunov_test_dso-fn_d_all_z_01_log.txt
SpawnPoolWorker-37| 2026-06-21 22:56:58,647,647 multiprocessing INFO child process calling self.run()
SpawnPoolWorker-35| 2026-06-21 22:56:58,650,650 multiprocessing INFO STARTING NEW RUN ==========
SpawnPoolWorker-35| 2026-06-21 22:56:58,650,650 multiprocessing INFO SEE LOG AT : ./logs/all_Lyapunov_test_dso-fn_d_all_z_01_log.txt
SpawnPoolWorker-35| 2026-06-21 22:56:58,650,650 multiprocessing INFO See log at : ./logs/all_Lyapunov_test_dso-fn_d_all_z_01_log.txt
SpawnPoolWorker-35| 2026-06-21 22:56:58,651,651 multiprocessing INFO child process calling self.run()
SpawnPoolWorker-41| 2026-06-21 22:56:58,661,661 multiprocessing INFO STARTING NEW RUN ==========
SpawnPoolWorker-42| 2026-06-21 22:56:58,661,661 multiprocessing INFO STARTING NEW RUN ==========
SpawnPoolWorker-44| 2026-06-21 22:56:58,661,661 multiprocessing INFO STARTING NEW RUN ==========
SpawnPoolWorker-41| 2026-06-21 22:56:58,662,662 multiprocessing INFO SEE LOG AT : ./logs/all_Lyapunov_test_dso-fn_d_all_z_01_log.txt
SpawnPoolWorker-42| 2026-06-21 22:56:58,662,662 multiprocessing INFO SEE LOG AT : ./logs/all_Lyapunov_test_dso-fn_d_all_z_01_log.txt
SpawnPoolWorker-41| 2026-06-21 22:56:58,662,662 multiprocessing INFO See log at : ./logs/all_Lyapunov_test_dso-fn_d_all_z_01_log.txt
SpawnPoolWorker-44| 2026-06-21 22:56:58,662,662 multiprocessing INFO SEE LOG AT : ./logs/all_Lyapunov_test_dso-fn_d_all_z_01_log.txt
SpawnPoolWorker-42| 2026-06-21 22:56:58,662,662 multiprocessing INFO See log at : ./logs/all_Lyapunov_test_dso-fn_d_all_z_01_log.txt
SpawnPoolWorker-44| 2026-06-21 22:56:58,662,662 multiprocessing INFO See log at : ./logs/all_Lyapunov_test_dso-fn_d_all_z_01_log.txt
SpawnPoolWorker-41| 2026-06-21 22:56:58,663,663 multiprocessing INFO child process calling self.run()
SpawnPoolWorker-42| 2026-06-21 22:56:58,663,663 multiprocessing INFO child process calling self.run()
SpawnPoolWorker-43| 2026-06-21 22:56:58,663,663 multiprocessing INFO STARTING NEW RUN ==========
SpawnPoolWorker-44| 2026-06-21 22:56:58,663,663 multiprocessing INFO child process calling self.run()
SpawnPoolWorker-43| 2026-06-21 22:56:58,663,663 multiprocessing INFO SEE LOG AT : ./logs/all_Lyapunov_test_dso-fn_d_all_z_01_log.txt
SpawnPoolWorker-43| 2026-06-21 22:56:58,663,663 multiprocessing INFO See log at : ./logs/all_Lyapunov_test_dso-fn_d_all_z_01_log.txt
SpawnPoolWorker-38| 2026-06-21 22:56:58,664,664 multiprocessing INFO STARTING NEW RUN ==========
SpawnPoolWorker-38| 2026-06-21 22:56:58,664,664 multiprocessing INFO SEE LOG AT : ./logs/all_Lyapunov_test_dso-fn_d_all_z_01_log.txt
SpawnPoolWorker-38| 2026-06-21 22:56:58,664,664 multiprocessing INFO See log at : ./logs/all_Lyapunov_test_dso-fn_d_all_z_01_log.txt
SpawnPoolWorker-38| 2026-06-21 22:56:58,666,666 multiprocessing INFO child process calling self.run()
SpawnPoolWorker-43| 2026-06-21 22:56:58,666,666 multiprocessing INFO child process calling self.run()
SpawnPoolWorker-40| 2026-06-21 22:56:58,671,671 multiprocessing INFO STARTING NEW RUN ==========
SpawnPoolWorker-40| 2026-06-21 22:56:58,671,671 multiprocessing INFO SEE LOG AT : ./logs/all_Lyapunov_test_dso-fn_d_all_z_01_log.txt
SpawnPoolWorker-40| 2026-06-21 22:56:58,671,671 multiprocessing INFO See log at : ./logs/all_Lyapunov_test_dso-fn_d_all_z_01_log.txt
SpawnPoolWorker-40| 2026-06-21 22:56:58,673,673 multiprocessing INFO child process calling self.run()
SpawnPoolWorker-36| 2026-06-21 22:56:58,675,675 multiprocessing INFO STARTING NEW RUN ==========
SpawnPoolWorker-36| 2026-06-21 22:56:58,675,675 multiprocessing INFO SEE LOG AT : ./logs/all_Lyapunov_test_dso-fn_d_all_z_01_log.txt
SpawnPoolWorker-36| 2026-06-21 22:56:58,675,675 multiprocessing INFO See log at : ./logs/all_Lyapunov_test_dso-fn_d_all_z_01_log.txt
SpawnPoolWorker-36| 2026-06-21 22:56:58,677,677 multiprocessing INFO child process calling self.run()
SpawnPoolWorker-39| 2026-06-21 22:56:58,692,692 multiprocessing INFO STARTING NEW RUN ==========
SpawnPoolWorker-39| 2026-06-21 22:56:58,692,692 multiprocessing INFO SEE LOG AT : ./logs/all_Lyapunov_test_dso-fn_d_all_z_01_log.txt
SpawnPoolWorker-39| 2026-06-21 22:56:58,692,692 multiprocessing INFO See log at : ./logs/all_Lyapunov_test_dso-fn_d_all_z_01_log.txt
SpawnPoolWorker-39| 2026-06-21 22:56:58,694,694 multiprocessing INFO child process calling self.run()
SpawnPoolWorker-42| 2026-06-21 22:57:14,582,582 multiprocessing INFO process shutting down
SpawnPoolWorker-44| 2026-06-21 22:57:14,582,582 multiprocessing INFO process shutting down
SpawnPoolWorker-36| 2026-06-21 22:57:14,582,582 multiprocessing INFO process shutting down
SpawnPoolWorker-38| 2026-06-21 22:57:14,582,582 multiprocessing INFO process shutting down
SpawnPoolWorker-42| 2026-06-21 22:57:14,583,583 multiprocessing INFO process exiting with exitcode 0
SpawnPoolWorker-44| 2026-06-21 22:57:14,583,583 multiprocessing INFO process exiting with exitcode 0
SpawnPoolWorker-36| 2026-06-21 22:57:14,583,583 multiprocessing INFO process exiting with exitcode 0
SpawnPoolWorker-38| 2026-06-21 22:57:14,583,583 multiprocessing INFO process exiting with exitcode 0
SpawnPoolWorker-35| 2026-06-21 22:57:14,583,583 multiprocessing INFO process shutting down
SpawnPoolWorker-43| 2026-06-21 22:57:14,583,583 multiprocessing INFO process shutting down
SpawnPoolWorker-39| 2026-06-21 22:57:14,582,582 multiprocessing INFO process shutting down
(10000,)

===================Collect 10000 Examples===================

Epsilon 0.1
500
(550,)
(550,)
(55,)
Number of Programs for Minimization: 28
SpawnPoolWorker-51| 2026-06-21 22:57:29,507,507 multiprocessing INFO STARTING NEW RUN ==========
SpawnPoolWorker-51| 2026-06-21 22:57:29,507,507 multiprocessing INFO SEE LOG AT : ./logs/all_Lyapunov_test_dso-fn_d_all_z_01_log.txt
SpawnPoolWorker-51| 2026-06-21 22:57:29,507,507 multiprocessing INFO See log at : ./logs/all_Lyapunov_test_dso-fn_d_all_z_01_log.txt
SpawnPoolWorker-51| 2026-06-21 22:57:29,509,509 multiprocessing INFO child process calling self.run()
SpawnPoolWorker-48| 2026-06-21 22:57:29,669,669 multiprocessing INFO STARTING NEW RUN ==========
SpawnPoolWorker-48| 2026-06-21 22:57:29,670,670 multiprocessing INFO SEE LOG AT : ./logs/all_Lyapunov_test_dso-fn_d_all_z_01_log.txt
SpawnPoolWorker-48| 2026-06-21 22:57:29,670,670 multiprocessing INFO See log at : ./logs/all_Lyapunov_test_dso-fn_d_all_z_01_log.txt
SpawnPoolWorker-48| 2026-06-21 22:57:29,674,674 multiprocessing INFO child process calling self.run()
SpawnPoolWorker-68| 2026-06-21 22:57:30,477,477 multiprocessing INFO STARTING NEW RUN ==========
SpawnPoolWorker-68| 2026-06-21 22:57:30,477,477 multiprocessing INFO SEE LOG AT : ./logs/all_Lyapunov_test_dso-fn_d_all_z_01_log.txt
SpawnPoolWorker-68| 2026-06-21 22:57:30,477,477 multiprocessing INFO See log at : ./logs/all_Lyapunov_test_dso-fn_d_all_z_01_log.txt
SpawnPoolWorker-68| 2026-06-21 22:57:30,482,482 multiprocessing INFO child process calling self.run()
SpawnPoolWorker-46| 2026-06-21 22:57:30,511,511 multiprocessing INFO STARTING NEW RUN ==========
SpawnPoolWorker-46| 2026-06-21 22:57:30,512,512 multiprocessing INFO SEE LOG AT : ./logs/all_Lyapunov_test_dso-fn_d_all_z_01_log.txt
SpawnPoolWorker-46| 2026-06-21 22:57:30,512,512 multiprocessing INFO See log at : ./logs/all_Lyapunov_test_dso-fn_d_all_z_01_log.txt
SpawnPoolWorker-46| 2026-06-21 22:57:30,518,518 multiprocessing INFO child process calling self.run()
SpawnPoolWorker-50| 2026-06-21 22:57:30,634,634 multiprocessing INFO STARTING NEW RUN ==========
SpawnPoolWorker-50| 2026-06-21 22:57:30,634,634 multiprocessing INFO SEE LOG AT : ./logs/all_Lyapunov_test_dso-fn_d_all_z_01_log.txt
SpawnPoolWorker-50| 2026-06-21 22:57:30,634,634 multiprocessing INFO See log at : ./logs/all_Lyapunov_test_dso-fn_d_all_z_01_log.txt
SpawnPoolWorker-50| 2026-06-21 22:57:30,646,646 multiprocessing INFO child process calling self.run()
SpawnPoolWorker-65| 2026-06-21 22:57:30,728,728 multiprocessing INFO STARTING NEW RUN ==========
SpawnPoolWorker-65| 2026-06-21 22:57:30,728,728 multiprocessing INFO SEE LOG AT : ./logs/all_Lyapunov_test_dso-fn_d_all_z_01_log.txt
SpawnPoolWorker-65| 2026-06-21 22:57:30,728,728 multiprocessing INFO See log at : ./logs/all_Lyapunov_test_dso-fn_d_all_z_01_log.txt
SpawnPoolWorker-65| 2026-06-21 22:57:30,731,731 multiprocessing INFO child process calling self.run()
SpawnPoolWorker-47| 2026-06-21 22:57:30,811,811 multiprocessing INFO STARTING NEW RUN ==========
SpawnPoolWorker-47| 2026-06-21 22:57:30,811,811 multiprocessing INFO SEE LOG AT : ./logs/all_Lyapunov_test_dso-fn_d_all_z_01_log.txt
SpawnPoolWorker-47| 2026-06-21 22:57:30,811,811 multiprocessing INFO See log at : ./logs/all_Lyapunov_test_dso-fn_d_all_z_01_log.txt
SpawnPoolWorker-47| 2026-06-21 22:57:30,813,813 multiprocessing INFO child process calling self.run()
SpawnPoolWorker-55| 2026-06-21 22:57:30,834,834 multiprocessing INFO STARTING NEW RUN ==========
SpawnPoolWorker-55| 2026-06-21 22:57:30,834,834 multiprocessing INFO SEE LOG AT : ./logs/all_Lyapunov_test_dso-fn_d_all_z_01_log.txt
SpawnPoolWorker-55| 2026-06-21 22:57:30,834,834 multiprocessing INFO See log at : ./logs/all_Lyapunov_test_dso-fn_d_all_z_01_log.txt
SpawnPoolWorker-55| 2026-06-21 22:57:30,839,839 multiprocessing INFO child process calling self.run()
SpawnPoolWorker-66| 2026-06-21 22:57:30,907,907 multiprocessing INFO STARTING NEW RUN ==========
SpawnPoolWorker-66| 2026-06-21 22:57:30,907,907 multiprocessing INFO SEE LOG AT : ./logs/all_Lyapunov_test_dso-fn_d_all_z_01_log.txt
SpawnPoolWorker-66| 2026-06-21 22:57:30,907,907 multiprocessing INFO See log at : ./logs/all_Lyapunov_test_dso-fn_d_all_z_01_log.txt
SpawnPoolWorker-66| 2026-06-21 22:57:30,910,910 multiprocessing INFO child process calling self.run()
SpawnPoolWorker-57| 2026-06-21 22:57:30,956,956 multiprocessing INFO STARTING NEW RUN ==========
SpawnPoolWorker-57| 2026-06-21 22:57:30,956,956 multiprocessing INFO SEE LOG AT : ./logs/all_Lyapunov_test_dso-fn_d_all_z_01_log.txt
SpawnPoolWorker-57| 2026-06-21 22:57:30,956,956 multiprocessing INFO See log at : ./logs/all_Lyapunov_test_dso-fn_d_all_z_01_log.txt
SpawnPoolWorker-57| 2026-06-21 22:57:30,959,959 multiprocessing INFO child process calling self.run()
SpawnPoolWorker-54| 2026-06-21 22:57:31,043,43 multiprocessing INFO STARTING NEW RUN ==========
SpawnPoolWorker-54| 2026-06-21 22:57:31,043,43 multiprocessing INFO SEE LOG AT : ./logs/all_Lyapunov_test_dso-fn_d_all_z_01_log.txt
SpawnPoolWorker-54| 2026-06-21 22:57:31,043,43 multiprocessing INFO See log at : ./logs/all_Lyapunov_test_dso-fn_d_all_z_01_log.txt
SpawnPoolWorker-54| 2026-06-21 22:57:31,053,53 multiprocessing INFO child process calling self.run()
SpawnPoolWorker-62| 2026-06-21 22:57:31,076,76 multiprocessing INFO STARTING NEW RUN ==========
SpawnPoolWorker-62| 2026-06-21 22:57:31,076,76 multiprocessing INFO SEE LOG AT : ./logs/all_Lyapunov_test_dso-fn_d_all_z_01_log.txt
SpawnPoolWorker-62| 2026-06-21 22:57:31,076,76 multiprocessing INFO See log at : ./logs/all_Lyapunov_test_dso-fn_d_all_z_01_log.txt
SpawnPoolWorker-62| 2026-06-21 22:57:31,078,78 multiprocessing INFO child process calling self.run()
SpawnPoolWorker-59| 2026-06-21 22:57:31,280,280 multiprocessing INFO STARTING NEW RUN ==========
SpawnPoolWorker-59| 2026-06-21 22:57:31,280,280 multiprocessing INFO SEE LOG AT : ./logs/all_Lyapunov_test_dso-fn_d_all_z_01_log.txt
SpawnPoolWorker-59| 2026-06-21 22:57:31,280,280 multiprocessing INFO See log at : ./logs/all_Lyapunov_test_dso-fn_d_all_z_01_log.txt
SpawnPoolWorker-59| 2026-06-21 22:57:31,282,282 multiprocessing INFO child process calling self.run()
SpawnPoolWorker-45| 2026-06-21 22:57:31,326,326 multiprocessing INFO STARTING NEW RUN ==========
SpawnPoolWorker-45| 2026-06-21 22:57:31,326,326 multiprocessing INFO SEE LOG AT : ./logs/all_Lyapunov_test_dso-fn_d_all_z_01_log.txt
SpawnPoolWorker-45| 2026-06-21 22:57:31,326,326 multiprocessing INFO See log at : ./logs/all_Lyapunov_test_dso-fn_d_all_z_01_log.txt
SpawnPoolWorker-45| 2026-06-21 22:57:31,331,331 multiprocessing INFO child process calling self.run()
SpawnPoolWorker-56| 2026-06-21 22:57:31,342,342 multiprocessing INFO STARTING NEW RUN ==========
SpawnPoolWorker-56| 2026-06-21 22:57:31,342,342 multiprocessing INFO SEE LOG AT : ./logs/all_Lyapunov_test_dso-fn_d_all_z_01_log.txt
SpawnPoolWorker-56| 2026-06-21 22:57:31,342,342 multiprocessing INFO See log at : ./logs/all_Lyapunov_test_dso-fn_d_all_z_01_log.txt
SpawnPoolWorker-56| 2026-06-21 22:57:31,345,345 multiprocessing INFO child process calling self.run()
SpawnPoolWorker-63| 2026-06-21 22:57:31,507,507 multiprocessing INFO STARTING NEW RUN ==========
SpawnPoolWorker-63| 2026-06-21 22:57:31,507,507 multiprocessing INFO SEE LOG AT : ./logs/all_Lyapunov_test_dso-fn_d_all_z_01_log.txt
SpawnPoolWorker-63| 2026-06-21 22:57:31,507,507 multiprocessing INFO See log at : ./logs/all_Lyapunov_test_dso-fn_d_all_z_01_log.txt
SpawnPoolWorker-63| 2026-06-21 22:57:31,512,512 multiprocessing INFO child process calling self.run()
SpawnPoolWorker-67| 2026-06-21 22:57:31,826,826 multiprocessing INFO STARTING NEW RUN ==========
SpawnPoolWorker-67| 2026-06-21 22:57:31,826,826 multiprocessing INFO SEE LOG AT : ./logs/all_Lyapunov_test_dso-fn_d_all_z_01_log.txt
SpawnPoolWorker-67| 2026-06-21 22:57:31,826,826 multiprocessing INFO See log at : ./logs/all_Lyapunov_test_dso-fn_d_all_z_01_log.txt
SpawnPoolWorker-67| 2026-06-21 22:57:31,833,833 multiprocessing INFO child process calling self.run()
SpawnPoolWorker-64| 2026-06-21 22:57:31,865,865 multiprocessing INFO STARTING NEW RUN ==========
SpawnPoolWorker-64| 2026-06-21 22:57:31,865,865 multiprocessing INFO SEE LOG AT : ./logs/all_Lyapunov_test_dso-fn_d_all_z_01_log.txt
SpawnPoolWorker-64| 2026-06-21 22:57:31,865,865 multiprocessing INFO See log at : ./logs/all_Lyapunov_test_dso-fn_d_all_z_01_log.txt
SpawnPoolWorker-64| 2026-06-21 22:57:31,873,873 multiprocessing INFO child process calling self.run()
SpawnPoolWorker-49| 2026-06-21 22:57:31,932,932 multiprocessing INFO STARTING NEW RUN ==========
SpawnPoolWorker-49| 2026-06-21 22:57:31,932,932 multiprocessing INFO SEE LOG AT : ./logs/all_Lyapunov_test_dso-fn_d_all_z_01_log.txt
SpawnPoolWorker-49| 2026-06-21 22:57:31,932,932 multiprocessing INFO See log at : ./logs/all_Lyapunov_test_dso-fn_d_all_z_01_log.txt
SpawnPoolWorker-49| 2026-06-21 22:57:31,943,943 multiprocessing INFO child process calling self.run()
SpawnPoolWorker-52| 2026-06-21 22:57:32,113,113 multiprocessing INFO STARTING NEW RUN ==========
SpawnPoolWorker-52| 2026-06-21 22:57:32,114,114 multiprocessing INFO SEE LOG AT : ./logs/all_Lyapunov_test_dso-fn_d_all_z_01_log.txt
SpawnPoolWorker-52| 2026-06-21 22:57:32,114,114 multiprocessing INFO See log at : ./logs/all_Lyapunov_test_dso-fn_d_all_z_01_log.txt
SpawnPoolWorker-52| 2026-06-21 22:57:32,124,124 multiprocessing INFO child process calling self.run()
SpawnPoolWorker-61| 2026-06-21 22:57:32,155,155 multiprocessing INFO STARTING NEW RUN ==========
SpawnPoolWorker-61| 2026-06-21 22:57:32,155,155 multiprocessing INFO SEE LOG AT : ./logs/all_Lyapunov_test_dso-fn_d_all_z_01_log.txt
SpawnPoolWorker-61| 2026-06-21 22:57:32,155,155 multiprocessing INFO See log at : ./logs/all_Lyapunov_test_dso-fn_d_all_z_01_log.txt
SpawnPoolWorker-61| 2026-06-21 22:57:32,164,164 multiprocessing INFO child process calling self.run()
SpawnPoolWorker-60| 2026-06-21 22:57:32,416,416 multiprocessing INFO STARTING NEW RUN ==========
SpawnPoolWorker-60| 2026-06-21 22:57:32,416,416 multiprocessing INFO SEE LOG AT : ./logs/all_Lyapunov_test_dso-fn_d_all_z_01_log.txt
SpawnPoolWorker-60| 2026-06-21 22:57:32,416,416 multiprocessing INFO See log at : ./logs/all_Lyapunov_test_dso-fn_d_all_z_01_log.txt
SpawnPoolWorker-60| 2026-06-21 22:57:32,421,421 multiprocessing INFO child process calling self.run()
SpawnPoolWorker-58| 2026-06-21 22:57:32,516,516 multiprocessing INFO STARTING NEW RUN ==========
SpawnPoolWorker-58| 2026-06-21 22:57:32,516,516 multiprocessing INFO SEE LOG AT : ./logs/all_Lyapunov_test_dso-fn_d_all_z_01_log.txt
SpawnPoolWorker-58| 2026-06-21 22:57:32,516,516 multiprocessing INFO See log at : ./logs/all_Lyapunov_test_dso-fn_d_all_z_01_log.txt
SpawnPoolWorker-58| 2026-06-21 22:57:32,521,521 multiprocessing INFO child process calling self.run()
SpawnPoolWorker-53| 2026-06-21 22:57:32,825,825 multiprocessing INFO STARTING NEW RUN ==========
SpawnPoolWorker-53| 2026-06-21 22:57:32,825,825 multiprocessing INFO SEE LOG AT : ./logs/all_Lyapunov_test_dso-fn_d_all_z_01_log.txt
SpawnPoolWorker-53| 2026-06-21 22:57:32,825,825 multiprocessing INFO See log at : ./logs/all_Lyapunov_test_dso-fn_d_all_z_01_log.txt
SpawnPoolWorker-53| 2026-06-21 22:57:32,827,827 multiprocessing INFO child process calling self.run()
SpawnPoolWorker-58| 2026-06-21 22:57:33,871,871 multiprocessing INFO process shutting down
SpawnPoolWorker-58| 2026-06-21 22:57:33,871,871 multiprocessing INFO process exiting with exitcode 0
SpawnPoolWorker-53| 2026-06-21 22:57:33,871,871 multiprocessing INFO process shutting down
SpawnPoolWorker-57| 2026-06-21 22:57:33,871,871 multiprocessing INFO process shutting down
SpawnPoolWorker-51| 2026-06-21 22:57:33,872,872 multiprocessing INFO process shutting down
SpawnPoolWorker-66| 2026-06-21 22:57:33,872,872 multiprocessing INFO process shutting down
SpawnPoolWorker-62| 2026-06-21 22:57:33,872,872 multiprocessing INFO process shutting down
SpawnPoolWorker-55| 2026-06-21 22:57:33,871,871 multiprocessing INFO process shutting down
SpawnPoolWorker-65| 2026-06-21 22:57:33,873,873 multiprocessing INFO process shutting down
SpawnPoolWorker-64| 2026-06-21 22:57:33,874,874 multiprocessing INFO process shutting down
SpawnPoolWorker-53| 2026-06-21 22:57:33,874,874 multiprocessing INFO process exiting with exitcode 0
SpawnPoolWorker-61| 2026-06-21 22:57:33,874,874 multiprocessing INFO process shutting down
SpawnPoolWorker-50| 2026-06-21 22:57:33,874,874 multiprocessing INFO process shutting down
SpawnPoolWorker-64| 2026-06-21 22:57:33,874,874 multiprocessing INFO process exiting with exitcode 0
SpawnPoolWorker-61| 2026-06-21 22:57:33,874,874 multiprocessing INFO process exiting with exitcode 0
SpawnPoolWorker-54| 2026-06-21 22:57:33,875,875 multiprocessing INFO process shutting down
SpawnPoolWorker-52| 2026-06-21 22:57:33,875,875 multiprocessing INFO process shutting down
SpawnPoolWorker-68| 2026-06-21 22:57:33,875,875 multiprocessing INFO process shutting down
SpawnPoolWorker-46| 2026-06-21 22:57:33,875,875 multiprocessing INFO process shutting down
SpawnPoolWorker-59| 2026-06-21 22:57:33,875,875 multiprocessing INFO process shutting down
SpawnPoolWorker-48| 2026-06-21 22:57:33,875,875 multiprocessing INFO process shutting down
SpawnPoolWorker-56| 2026-06-21 22:57:33,875,875 multiprocessing INFO process shutting down
SpawnPoolWorker-57| 2026-06-21 22:57:33,877,877 multiprocessing INFO process exiting with exitcode 0
SpawnPoolWorker-50| 2026-06-21 22:57:33,877,877 multiprocessing INFO process exiting with exitcode 0
SpawnPoolWorker-51| 2026-06-21 22:57:33,879,879 multiprocessing INFO process exiting with exitcode 0
SpawnPoolWorker-66| 2026-06-21 22:57:33,879,879 multiprocessing INFO process exiting with exitcode 0
SpawnPoolWorker-62| 2026-06-21 22:57:33,881,881 multiprocessing INFO process exiting with exitcode 0
SpawnPoolWorker-45| 2026-06-21 22:57:33,887,887 multiprocessing INFO process shutting down
SpawnPoolWorker-47| 2026-06-21 22:57:33,887,887 multiprocessing INFO process shutting down
SpawnPoolWorker-67| 2026-06-21 22:57:33,887,887 multiprocessing INFO process shutting down
SpawnPoolWorker-63| 2026-06-21 22:57:33,887,887 multiprocessing INFO process shutting down
28
(50000, 6)
(50000,)
(50000, 6)
(50000,)

=======================Successfully Added (25000, 6) Counter Examples=======================


============None of the candidates fulfill the conditions. Training CONTINUES!=================

MainProcess| 2026-06-21 22:57:36,696,696 multiprocessing INFO 
============None of the candidates fulfill the conditions. Training CONTINUES!=================


============None of the candidates fulfill the conditions. Training CONTINUES!=================

(55, 108)
/users/9/chen8596/miniconda3/envs/alfd/lib/python3.9/site-packages/torch/nn/functional.py:4999: UserWarning: Support for mismatched key_padding_mask and attn_mask is deprecated. Use same type for both instead.
  warnings.warn(

==============Start Supervised Learning==============

MainProcess| 2026-06-21 22:57:42,001,1 multiprocessing INFO GP output mean: 0.7833733823784376
GP output mean: 0.7833733823784376
MainProcess| 2026-06-21 22:57:42,623,623 multiprocessing INFO GP output success rate: 0.0
GP output success rate: 0.0

==============End Supervised Learning==============

/users/9/chen8596/LyaDis/repro/runs/quad6d/utils/train.py:971: RuntimeWarning: divide by zero encountered in divide
  error = np.abs(((y_hat - y) / y))
/users/9/chen8596/.local/lib/python3.9/site-packages/scipy/stats/_stats_py.py:4424: ConstantInputWarning: An input array is constant; the correlation coefficient is not defined.
  warnings.warn(stats.ConstantInputWarning(msg))
MainProcess| 2026-06-21 22:57:44,389,389 multiprocessing INFO [Test epoch=0002]  nevals=27504 	| train_loss=6354.48682 	| eqs_invalid %=0.55 	| r_best=0.94192 	| quantile=0.00024 	| r_quantile_mean=0.76323 	| r_raw_sum=41.97803 	|  r_raw_mean=0.69963 	| r2=nan 	| acc_iid=0.00000 	| acc_ood=0.00000 	| nmse_test=0.2912998128239591 	| true_equation_set_count=0 	| s/it=184.42769
[Test epoch=0002]  nevals=27504 	| train_loss=6354.48682 	| eqs_invalid %=0.55 	| r_best=0.94192 	| quantile=0.00024 	| r_quantile_mean=0.76323 	| r_raw_sum=41.97803 	|  r_raw_mean=0.69963 	| r2=nan 	| acc_iid=0.00000 	| acc_ood=0.00000 	| nmse_test=0.2912998128239591 	| true_equation_set_count=0 	| s/it=184.42769
MainProcess| 2026-06-21 22:57:44,389,389 multiprocessing INFO [00:00:05:24.47] Training epoch 2/4000, current best R: 0.9419
[00:00:05:24.47] Training epoch 2/4000, current best R: 0.9419
MainProcess| 2026-06-21 22:57:44,389,389 multiprocessing INFO 
	** New best

	** New best
MainProcess| 2026-06-21 22:57:44,389,389 multiprocessing INFO 	Reward: 0.9419246402463888
	Reward: 0.9419246402463888
MainProcess| 2026-06-21 22:57:44,389,389 multiprocessing INFO 	Count Off-policy: 1
	Count Off-policy: 1
MainProcess| 2026-06-21 22:57:44,390,390 multiprocessing INFO 	Count On-policy: 0
	Count On-policy: 0
MainProcess| 2026-06-21 22:57:44,390,390 multiprocessing INFO 	Originally on Policy: False
	Originally on Policy: False
MainProcess| 2026-06-21 22:57:44,390,390 multiprocessing INFO 	Invalid: False
	Invalid: False
MainProcess| 2026-06-21 22:57:44,390,390 multiprocessing INFO 	Traversal: add,mul,x4,x4,n2,add,x2,n2,mul,cos,x1,sin,sub,x6,sub,x3,x5
	Traversal: add,mul,x4,x4,n2,add,x2,n2,mul,cos,x1,sin,sub,x6,sub,x3,x5
MainProcess| 2026-06-21 22:57:44,390,390 multiprocessing INFO 	Expression:
	Expression:
MainProcess| 2026-06-21 22:57:44,393,393 multiprocessing INFO 
	                                           2
	    2   ⎛        2                   2    ⎞ 
	  x₄  + ⎝x₂ + sin (-x₃ + x₅ + x₆)⋅cos (x₁)⎠ 


	                                           2
	    2   ⎛        2                   2    ⎞ 
	  x₄  + ⎝x₂ + sin (-x₃ + x₅ + x₆)⋅cos (x₁)⎠ 

MainProcess| 2026-06-21 22:58:58,738,738 multiprocessing INFO Genetic Porgramming Runtime 73.74630643287674
Genetic Porgramming Runtime 73.74630643287674

=========================PGD Collection Starts=========================

SpawnPoolWorker-72| 2026-06-21 22:59:03,486,486 multiprocessing INFO STARTING NEW RUN ==========
SpawnPoolWorker-72| 2026-06-21 22:59:03,486,486 multiprocessing INFO SEE LOG AT : ./logs/all_Lyapunov_test_dso-fn_d_all_z_01_log.txt
SpawnPoolWorker-72| 2026-06-21 22:59:03,486,486 multiprocessing INFO See log at : ./logs/all_Lyapunov_test_dso-fn_d_all_z_01_log.txt
SpawnPoolWorker-72| 2026-06-21 22:59:03,488,488 multiprocessing INFO child process calling self.run()
SpawnPoolWorker-74| 2026-06-21 22:59:03,495,495 multiprocessing INFO STARTING NEW RUN ==========
SpawnPoolWorker-74| 2026-06-21 22:59:03,495,495 multiprocessing INFO SEE LOG AT : ./logs/all_Lyapunov_test_dso-fn_d_all_z_01_log.txt
SpawnPoolWorker-74| 2026-06-21 22:59:03,495,495 multiprocessing INFO See log at : ./logs/all_Lyapunov_test_dso-fn_d_all_z_01_log.txt
SpawnPoolWorker-74| 2026-06-21 22:59:03,496,496 multiprocessing INFO child process calling self.run()
SpawnPoolWorker-70| 2026-06-21 22:59:03,497,497 multiprocessing INFO STARTING NEW RUN ==========
SpawnPoolWorker-70| 2026-06-21 22:59:03,497,497 multiprocessing INFO SEE LOG AT : ./logs/all_Lyapunov_test_dso-fn_d_all_z_01_log.txt
SpawnPoolWorker-70| 2026-06-21 22:59:03,497,497 multiprocessing INFO See log at : ./logs/all_Lyapunov_test_dso-fn_d_all_z_01_log.txt
SpawnPoolWorker-70| 2026-06-21 22:59:03,500,500 multiprocessing INFO child process calling self.run()
SpawnPoolWorker-71| 2026-06-21 22:59:03,535,535 multiprocessing INFO STARTING NEW RUN ==========
SpawnPoolWorker-71| 2026-06-21 22:59:03,535,535 multiprocessing INFO SEE LOG AT : ./logs/all_Lyapunov_test_dso-fn_d_all_z_01_log.txt
SpawnPoolWorker-71| 2026-06-21 22:59:03,535,535 multiprocessing INFO See log at : ./logs/all_Lyapunov_test_dso-fn_d_all_z_01_log.txt
SpawnPoolWorker-71| 2026-06-21 22:59:03,537,537 multiprocessing INFO child process calling self.run()
SpawnPoolWorker-73| 2026-06-21 22:59:03,545,545 multiprocessing INFO STARTING NEW RUN ==========
SpawnPoolWorker-73| 2026-06-21 22:59:03,545,545 multiprocessing INFO SEE LOG AT : ./logs/all_Lyapunov_test_dso-fn_d_all_z_01_log.txt
SpawnPoolWorker-73| 2026-06-21 22:59:03,545,545 multiprocessing INFO See log at : ./logs/all_Lyapunov_test_dso-fn_d_all_z_01_log.txt
SpawnPoolWorker-73| 2026-06-21 22:59:03,547,547 multiprocessing INFO child process calling self.run()
SpawnPoolWorker-75| 2026-06-21 22:59:03,634,634 multiprocessing INFO STARTING NEW RUN ==========
SpawnPoolWorker-75| 2026-06-21 22:59:03,634,634 multiprocessing INFO SEE LOG AT : ./logs/all_Lyapunov_test_dso-fn_d_all_z_01_log.txt
SpawnPoolWorker-75| 2026-06-21 22:59:03,634,634 multiprocessing INFO See log at : ./logs/all_Lyapunov_test_dso-fn_d_all_z_01_log.txt
SpawnPoolWorker-75| 2026-06-21 22:59:03,636,636 multiprocessing INFO child process calling self.run()
SpawnPoolWorker-77| 2026-06-21 22:59:03,646,646 multiprocessing INFO STARTING NEW RUN ==========
SpawnPoolWorker-77| 2026-06-21 22:59:03,646,646 multiprocessing INFO SEE LOG AT : ./logs/all_Lyapunov_test_dso-fn_d_all_z_01_log.txt
SpawnPoolWorker-77| 2026-06-21 22:59:03,646,646 multiprocessing INFO See log at : ./logs/all_Lyapunov_test_dso-fn_d_all_z_01_log.txt
SpawnPoolWorker-77| 2026-06-21 22:59:03,648,648 multiprocessing INFO child process calling self.run()
SpawnPoolWorker-76| 2026-06-21 22:59:03,728,728 multiprocessing INFO STARTING NEW RUN ==========
SpawnPoolWorker-76| 2026-06-21 22:59:03,728,728 multiprocessing INFO SEE LOG AT : ./logs/all_Lyapunov_test_dso-fn_d_all_z_01_log.txt
SpawnPoolWorker-76| 2026-06-21 22:59:03,728,728 multiprocessing INFO See log at : ./logs/all_Lyapunov_test_dso-fn_d_all_z_01_log.txt
SpawnPoolWorker-69| 2026-06-21 22:59:03,728,728 multiprocessing INFO STARTING NEW RUN ==========
SpawnPoolWorker-69| 2026-06-21 22:59:03,728,728 multiprocessing INFO SEE LOG AT : ./logs/all_Lyapunov_test_dso-fn_d_all_z_01_log.txt
SpawnPoolWorker-69| 2026-06-21 22:59:03,728,728 multiprocessing INFO See log at : ./logs/all_Lyapunov_test_dso-fn_d_all_z_01_log.txt
SpawnPoolWorker-76| 2026-06-21 22:59:03,730,730 multiprocessing INFO child process calling self.run()
SpawnPoolWorker-69| 2026-06-21 22:59:03,730,730 multiprocessing INFO child process calling self.run()
SpawnPoolWorker-78| 2026-06-21 22:59:03,848,848 multiprocessing INFO STARTING NEW RUN ==========
SpawnPoolWorker-78| 2026-06-21 22:59:03,848,848 multiprocessing INFO SEE LOG AT : ./logs/all_Lyapunov_test_dso-fn_d_all_z_01_log.txt
SpawnPoolWorker-78| 2026-06-21 22:59:03,848,848 multiprocessing INFO See log at : ./logs/all_Lyapunov_test_dso-fn_d_all_z_01_log.txt
SpawnPoolWorker-78| 2026-06-21 22:59:03,849,849 multiprocessing INFO child process calling self.run()
SpawnPoolWorker-73| 2026-06-21 22:59:17,985,985 multiprocessing INFO process shutting down
SpawnPoolWorker-73| 2026-06-21 22:59:17,986,986 multiprocessing INFO process exiting with exitcode 0
SpawnPoolWorker-69| 2026-06-21 22:59:17,986,986 multiprocessing INFO process shutting down
SpawnPoolWorker-70| 2026-06-21 22:59:17,986,986 multiprocessing INFO process shutting down
SpawnPoolWorker-78| 2026-06-21 22:59:17,986,986 multiprocessing INFO process shutting down
SpawnPoolWorker-69| 2026-06-21 22:59:17,986,986 multiprocessing INFO process exiting with exitcode 0
SpawnPoolWorker-70| 2026-06-21 22:59:17,986,986 multiprocessing INFO process exiting with exitcode 0
SpawnPoolWorker-78| 2026-06-21 22:59:17,986,986 multiprocessing INFO process exiting with exitcode 0
SpawnPoolWorker-75| 2026-06-21 22:59:17,986,986 multiprocessing INFO process shutting down
SpawnPoolWorker-77| 2026-06-21 22:59:17,986,986 multiprocessing INFO process shutting down
(10000,)

===================Collect 10000 Examples===================

Epsilon 0.1
500
(550,)
(550,)
(55,)
Number of Programs for Minimization: 28
SpawnPoolWorker-98| 2026-06-21 22:59:31,359,359 multiprocessing INFO STARTING NEW RUN ==========
SpawnPoolWorker-98| 2026-06-21 22:59:31,359,359 multiprocessing INFO SEE LOG AT : ./logs/all_Lyapunov_test_dso-fn_d_all_z_01_log.txt
SpawnPoolWorker-98| 2026-06-21 22:59:31,359,359 multiprocessing INFO See log at : ./logs/all_Lyapunov_test_dso-fn_d_all_z_01_log.txt
SpawnPoolWorker-98| 2026-06-21 22:59:31,363,363 multiprocessing INFO child process calling self.run()
SpawnPoolWorker-93| 2026-06-21 22:59:31,378,378 multiprocessing INFO STARTING NEW RUN ==========
SpawnPoolWorker-93| 2026-06-21 22:59:31,378,378 multiprocessing INFO SEE LOG AT : ./logs/all_Lyapunov_test_dso-fn_d_all_z_01_log.txt
SpawnPoolWorker-93| 2026-06-21 22:59:31,378,378 multiprocessing INFO See log at : ./logs/all_Lyapunov_test_dso-fn_d_all_z_01_log.txt
SpawnPoolWorker-93| 2026-06-21 22:59:31,380,380 multiprocessing INFO child process calling self.run()
SpawnPoolWorker-83| 2026-06-21 22:59:31,392,392 multiprocessing INFO STARTING NEW RUN ==========
SpawnPoolWorker-83| 2026-06-21 22:59:31,393,393 multiprocessing INFO SEE LOG AT : ./logs/all_Lyapunov_test_dso-fn_d_all_z_01_log.txt
SpawnPoolWorker-83| 2026-06-21 22:59:31,393,393 multiprocessing INFO See log at : ./logs/all_Lyapunov_test_dso-fn_d_all_z_01_log.txt
SpawnPoolWorker-83| 2026-06-21 22:59:31,398,398 multiprocessing INFO child process calling self.run()
SpawnPoolWorker-89| 2026-06-21 22:59:31,478,478 multiprocessing INFO STARTING NEW RUN ==========
SpawnPoolWorker-89| 2026-06-21 22:59:31,478,478 multiprocessing INFO SEE LOG AT : ./logs/all_Lyapunov_test_dso-fn_d_all_z_01_log.txt
SpawnPoolWorker-89| 2026-06-21 22:59:31,478,478 multiprocessing INFO See log at : ./logs/all_Lyapunov_test_dso-fn_d_all_z_01_log.txt
SpawnPoolWorker-89| 2026-06-21 22:59:31,484,484 multiprocessing INFO child process calling self.run()
SpawnPoolWorker-99| 2026-06-21 22:59:31,645,645 multiprocessing INFO STARTING NEW RUN ==========
SpawnPoolWorker-99| 2026-06-21 22:59:31,645,645 multiprocessing INFO SEE LOG AT : ./logs/all_Lyapunov_test_dso-fn_d_all_z_01_log.txt
SpawnPoolWorker-99| 2026-06-21 22:59:31,645,645 multiprocessing INFO See log at : ./logs/all_Lyapunov_test_dso-fn_d_all_z_01_log.txt
SpawnPoolWorker-99| 2026-06-21 22:59:31,648,648 multiprocessing INFO child process calling self.run()
SpawnPoolWorker-88| 2026-06-21 22:59:31,991,991 multiprocessing INFO STARTING NEW RUN ==========
SpawnPoolWorker-88| 2026-06-21 22:59:31,991,991 multiprocessing INFO SEE LOG AT : ./logs/all_Lyapunov_test_dso-fn_d_all_z_01_log.txt
SpawnPoolWorker-88| 2026-06-21 22:59:31,991,991 multiprocessing INFO See log at : ./logs/all_Lyapunov_test_dso-fn_d_all_z_01_log.txt
SpawnPoolWorker-88| 2026-06-21 22:59:31,993,993 multiprocessing INFO child process calling self.run()
SpawnPoolWorker-92| 2026-06-21 22:59:32,480,480 multiprocessing INFO STARTING NEW RUN ==========
SpawnPoolWorker-92| 2026-06-21 22:59:32,480,480 multiprocessing INFO SEE LOG AT : ./logs/all_Lyapunov_test_dso-fn_d_all_z_01_log.txt
SpawnPoolWorker-92| 2026-06-21 22:59:32,480,480 multiprocessing INFO See log at : ./logs/all_Lyapunov_test_dso-fn_d_all_z_01_log.txt
SpawnPoolWorker-92| 2026-06-21 22:59:32,483,483 multiprocessing INFO child process calling self.run()
SpawnPoolWorker-84| 2026-06-21 22:59:32,805,805 multiprocessing INFO STARTING NEW RUN ==========
SpawnPoolWorker-84| 2026-06-21 22:59:32,805,805 multiprocessing INFO SEE LOG AT : ./logs/all_Lyapunov_test_dso-fn_d_all_z_01_log.txt
SpawnPoolWorker-84| 2026-06-21 22:59:32,806,806 multiprocessing INFO See log at : ./logs/all_Lyapunov_test_dso-fn_d_all_z_01_log.txt
SpawnPoolWorker-84| 2026-06-21 22:59:32,810,810 multiprocessing INFO child process calling self.run()
SpawnPoolWorker-85| 2026-06-21 22:59:33,534,534 multiprocessing INFO STARTING NEW RUN ==========
SpawnPoolWorker-85| 2026-06-21 22:59:33,534,534 multiprocessing INFO SEE LOG AT : ./logs/all_Lyapunov_test_dso-fn_d_all_z_01_log.txt
SpawnPoolWorker-85| 2026-06-21 22:59:33,534,534 multiprocessing INFO See log at : ./logs/all_Lyapunov_test_dso-fn_d_all_z_01_log.txt
SpawnPoolWorker-85| 2026-06-21 22:59:33,539,539 multiprocessing INFO child process calling self.run()
SpawnPoolWorker-91| 2026-06-21 22:59:33,914,914 multiprocessing INFO STARTING NEW RUN ==========
SpawnPoolWorker-91| 2026-06-21 22:59:33,914,914 multiprocessing INFO SEE LOG AT : ./logs/all_Lyapunov_test_dso-fn_d_all_z_01_log.txt
SpawnPoolWorker-91| 2026-06-21 22:59:33,914,914 multiprocessing INFO See log at : ./logs/all_Lyapunov_test_dso-fn_d_all_z_01_log.txt
SpawnPoolWorker-91| 2026-06-21 22:59:33,922,922 multiprocessing INFO child process calling self.run()
SpawnPoolWorker-96| 2026-06-21 22:59:33,979,979 multiprocessing INFO STARTING NEW RUN ==========
SpawnPoolWorker-96| 2026-06-21 22:59:33,979,979 multiprocessing INFO SEE LOG AT : ./logs/all_Lyapunov_test_dso-fn_d_all_z_01_log.txt
SpawnPoolWorker-96| 2026-06-21 22:59:33,979,979 multiprocessing INFO See log at : ./logs/all_Lyapunov_test_dso-fn_d_all_z_01_log.txt
SpawnPoolWorker-96| 2026-06-21 22:59:33,982,982 multiprocessing INFO child process calling self.run()
SpawnPoolWorker-97| 2026-06-21 22:59:33,996,996 multiprocessing INFO STARTING NEW RUN ==========
SpawnPoolWorker-97| 2026-06-21 22:59:33,997,997 multiprocessing INFO SEE LOG AT : ./logs/all_Lyapunov_test_dso-fn_d_all_z_01_log.txt
SpawnPoolWorker-97| 2026-06-21 22:59:33,997,997 multiprocessing INFO See log at : ./logs/all_Lyapunov_test_dso-fn_d_all_z_01_log.txt
SpawnPoolWorker-97| 2026-06-21 22:59:34,000,0 multiprocessing INFO child process calling self.run()
SpawnPoolWorker-101| 2026-06-21 22:59:34,181,181 multiprocessing INFO STARTING NEW RUN ==========
SpawnPoolWorker-101| 2026-06-21 22:59:34,181,181 multiprocessing INFO SEE LOG AT : ./logs/all_Lyapunov_test_dso-fn_d_all_z_01_log.txt
SpawnPoolWorker-101| 2026-06-21 22:59:34,181,181 multiprocessing INFO See log at : ./logs/all_Lyapunov_test_dso-fn_d_all_z_01_log.txt
SpawnPoolWorker-101| 2026-06-21 22:59:34,186,186 multiprocessing INFO child process calling self.run()
SpawnPoolWorker-87| 2026-06-21 22:59:34,320,320 multiprocessing INFO STARTING NEW RUN ==========
SpawnPoolWorker-87| 2026-06-21 22:59:34,321,321 multiprocessing INFO SEE LOG AT : ./logs/all_Lyapunov_test_dso-fn_d_all_z_01_log.txt
SpawnPoolWorker-87| 2026-06-21 22:59:34,321,321 multiprocessing INFO See log at : ./logs/all_Lyapunov_test_dso-fn_d_all_z_01_log.txt
SpawnPoolWorker-87| 2026-06-21 22:59:34,323,323 multiprocessing INFO child process calling self.run()
SpawnPoolWorker-90| 2026-06-21 22:59:34,397,397 multiprocessing INFO STARTING NEW RUN ==========
SpawnPoolWorker-90| 2026-06-21 22:59:34,397,397 multiprocessing INFO SEE LOG AT : ./logs/all_Lyapunov_test_dso-fn_d_all_z_01_log.txt
SpawnPoolWorker-90| 2026-06-21 22:59:34,397,397 multiprocessing INFO See log at : ./logs/all_Lyapunov_test_dso-fn_d_all_z_01_log.txt
SpawnPoolWorker-90| 2026-06-21 22:59:34,405,405 multiprocessing INFO child process calling self.run()
SpawnPoolWorker-80| 2026-06-21 22:59:34,765,765 multiprocessing INFO STARTING NEW RUN ==========
SpawnPoolWorker-80| 2026-06-21 22:59:34,765,765 multiprocessing INFO SEE LOG AT : ./logs/all_Lyapunov_test_dso-fn_d_all_z_01_log.txt
SpawnPoolWorker-80| 2026-06-21 22:59:34,765,765 multiprocessing INFO See log at : ./logs/all_Lyapunov_test_dso-fn_d_all_z_01_log.txt
SpawnPoolWorker-80| 2026-06-21 22:59:34,771,771 multiprocessing INFO child process calling self.run()
SpawnPoolWorker-86| 2026-06-21 22:59:34,798,798 multiprocessing INFO STARTING NEW RUN ==========
SpawnPoolWorker-86| 2026-06-21 22:59:34,798,798 multiprocessing INFO SEE LOG AT : ./logs/all_Lyapunov_test_dso-fn_d_all_z_01_log.txt
SpawnPoolWorker-86| 2026-06-21 22:59:34,798,798 multiprocessing INFO See log at : ./logs/all_Lyapunov_test_dso-fn_d_all_z_01_log.txt
SpawnPoolWorker-86| 2026-06-21 22:59:34,801,801 multiprocessing INFO child process calling self.run()
SpawnPoolWorker-95| 2026-06-21 22:59:34,812,812 multiprocessing INFO STARTING NEW RUN ==========
SpawnPoolWorker-95| 2026-06-21 22:59:34,812,812 multiprocessing INFO SEE LOG AT : ./logs/all_Lyapunov_test_dso-fn_d_all_z_01_log.txt
SpawnPoolWorker-95| 2026-06-21 22:59:34,812,812 multiprocessing INFO See log at : ./logs/all_Lyapunov_test_dso-fn_d_all_z_01_log.txt
SpawnPoolWorker-95| 2026-06-21 22:59:34,816,816 multiprocessing INFO child process calling self.run()
SpawnPoolWorker-79| 2026-06-21 22:59:34,851,851 multiprocessing INFO STARTING NEW RUN ==========
SpawnPoolWorker-79| 2026-06-21 22:59:34,851,851 multiprocessing INFO SEE LOG AT : ./logs/all_Lyapunov_test_dso-fn_d_all_z_01_log.txt
SpawnPoolWorker-79| 2026-06-21 22:59:34,851,851 multiprocessing INFO See log at : ./logs/all_Lyapunov_test_dso-fn_d_all_z_01_log.txt
SpawnPoolWorker-79| 2026-06-21 22:59:34,853,853 multiprocessing INFO child process calling self.run()
SpawnPoolWorker-100| 2026-06-21 22:59:34,859,859 multiprocessing INFO STARTING NEW RUN ==========
SpawnPoolWorker-100| 2026-06-21 22:59:34,859,859 multiprocessing INFO SEE LOG AT : ./logs/all_Lyapunov_test_dso-fn_d_all_z_01_log.txt
SpawnPoolWorker-100| 2026-06-21 22:59:34,859,859 multiprocessing INFO See log at : ./logs/all_Lyapunov_test_dso-fn_d_all_z_01_log.txt
SpawnPoolWorker-100| 2026-06-21 22:59:34,861,861 multiprocessing INFO child process calling self.run()
SpawnPoolWorker-102| 2026-06-21 22:59:34,925,925 multiprocessing INFO STARTING NEW RUN ==========
SpawnPoolWorker-102| 2026-06-21 22:59:34,925,925 multiprocessing INFO SEE LOG AT : ./logs/all_Lyapunov_test_dso-fn_d_all_z_01_log.txt
SpawnPoolWorker-102| 2026-06-21 22:59:34,925,925 multiprocessing INFO See log at : ./logs/all_Lyapunov_test_dso-fn_d_all_z_01_log.txt
SpawnPoolWorker-102| 2026-06-21 22:59:34,927,927 multiprocessing INFO child process calling self.run()
SpawnPoolWorker-81| 2026-06-21 22:59:34,955,955 multiprocessing INFO STARTING NEW RUN ==========
SpawnPoolWorker-81| 2026-06-21 22:59:34,956,956 multiprocessing INFO SEE LOG AT : ./logs/all_Lyapunov_test_dso-fn_d_all_z_01_log.txt
SpawnPoolWorker-81| 2026-06-21 22:59:34,956,956 multiprocessing INFO See log at : ./logs/all_Lyapunov_test_dso-fn_d_all_z_01_log.txt
SpawnPoolWorker-81| 2026-06-21 22:59:34,960,960 multiprocessing INFO child process calling self.run()
SpawnPoolWorker-94| 2026-06-21 22:59:35,062,62 multiprocessing INFO STARTING NEW RUN ==========
SpawnPoolWorker-94| 2026-06-21 22:59:35,062,62 multiprocessing INFO SEE LOG AT : ./logs/all_Lyapunov_test_dso-fn_d_all_z_01_log.txt
SpawnPoolWorker-94| 2026-06-21 22:59:35,062,62 multiprocessing INFO See log at : ./logs/all_Lyapunov_test_dso-fn_d_all_z_01_log.txt
SpawnPoolWorker-94| 2026-06-21 22:59:35,064,64 multiprocessing INFO child process calling self.run()
SpawnPoolWorker-82| 2026-06-21 22:59:35,168,168 multiprocessing INFO STARTING NEW RUN ==========
SpawnPoolWorker-82| 2026-06-21 22:59:35,168,168 multiprocessing INFO SEE LOG AT : ./logs/all_Lyapunov_test_dso-fn_d_all_z_01_log.txt
SpawnPoolWorker-82| 2026-06-21 22:59:35,168,168 multiprocessing INFO See log at : ./logs/all_Lyapunov_test_dso-fn_d_all_z_01_log.txt
SpawnPoolWorker-82| 2026-06-21 22:59:35,169,169 multiprocessing INFO child process calling self.run()
SpawnPoolWorker-80| 2026-06-21 22:59:35,557,557 multiprocessing INFO process shutting down
SpawnPoolWorker-89| 2026-06-21 22:59:35,557,557 multiprocessing INFO process shutting down
SpawnPoolWorker-80| 2026-06-21 22:59:35,557,557 multiprocessing INFO process exiting with exitcode 0
SpawnPoolWorker-89| 2026-06-21 22:59:35,557,557 multiprocessing INFO process exiting with exitcode 0
SpawnPoolWorker-86| 2026-06-21 22:59:35,558,558 multiprocessing INFO process shutting down
SpawnPoolWorker-95| 2026-06-21 22:59:35,558,558 multiprocessing INFO process shutting down
SpawnPoolWorker-83| 2026-06-21 22:59:35,557,557 multiprocessing INFO process shutting down
SpawnPoolWorker-92| 2026-06-21 22:59:35,558,558 multiprocessing INFO process shutting down
SpawnPoolWorker-79| 2026-06-21 22:59:35,558,558 multiprocessing INFO process shutting down
SpawnPoolWorker-100| 2026-06-21 22:59:35,558,558 multiprocessing INFO process shutting down
SpawnPoolWorker-102| 2026-06-21 22:59:35,558,558 multiprocessing INFO process shutting down
SpawnPoolWorker-81| 2026-06-21 22:59:35,558,558 multiprocessing INFO process shutting down
SpawnPoolWorker-94| 2026-06-21 22:59:35,558,558 multiprocessing INFO process shutting down
SpawnPoolWorker-99| 2026-06-21 22:59:35,558,558 multiprocessing INFO process shutting down
SpawnPoolWorker-82| 2026-06-21 22:59:35,558,558 multiprocessing INFO process shutting down
SpawnPoolWorker-93| 2026-06-21 22:59:35,558,558 multiprocessing INFO process shutting down
SpawnPoolWorker-98| 2026-06-21 22:59:35,558,558 multiprocessing INFO process shutting down
SpawnPoolWorker-88| 2026-06-21 22:59:35,558,558 multiprocessing INFO process shutting down
SpawnPoolWorker-87| 2026-06-21 22:59:35,559,559 multiprocessing INFO process shutting down
SpawnPoolWorker-96| 2026-06-21 22:59:35,559,559 multiprocessing INFO process shutting down
SpawnPoolWorker-95| 2026-06-21 22:59:35,560,560 multiprocessing INFO process exiting with exitcode 0
28
(50000, 6)
(50000,)
(50000, 6)
(50000,)

=======================Successfully Added (25000, 6) Counter Examples=======================


============None of the candidates fulfill the conditions. Training CONTINUES!=================

MainProcess| 2026-06-21 22:59:37,137,137 multiprocessing INFO 
============None of the candidates fulfill the conditions. Training CONTINUES!=================


============None of the candidates fulfill the conditions. Training CONTINUES!=================

(55, 108)
/users/9/chen8596/miniconda3/envs/alfd/lib/python3.9/site-packages/torch/nn/functional.py:4999: UserWarning: Support for mismatched key_padding_mask and attn_mask is deprecated. Use same type for both instead.
  warnings.warn(

==============Start Supervised Learning==============

MainProcess| 2026-06-21 22:59:40,128,128 multiprocessing INFO GP output mean: 0.6759254244744088
GP output mean: 0.6759254244744088
MainProcess| 2026-06-21 22:59:40,465,465 multiprocessing INFO GP output success rate: 0.0
GP output success rate: 0.0

==============End Supervised Learning==============

MainProcess| 2026-06-21 22:59:42,224,224 multiprocessing INFO [Test epoch=0003]  nevals=41253 	| train_loss=7510.05029 	| eqs_invalid %=0.18 	| r_best=0.94192 	| quantile=0.00382 	| r_quantile_mean=0.75558 	| r_raw_sum=41.56118 	|  r_raw_mean=0.68133 	| r2=nan 	| acc_iid=0.00000 	| acc_ood=0.00000 	| nmse_test=0.2912998128239591 	| true_equation_set_count=0 	| s/it=117.83058
[Test epoch=0003]  nevals=41253 	| train_loss=7510.05029 	| eqs_invalid %=0.18 	| r_best=0.94192 	| quantile=0.00382 	| r_quantile_mean=0.75558 	| r_raw_sum=41.56118 	|  r_raw_mean=0.68133 	| r2=nan 	| acc_iid=0.00000 	| acc_ood=0.00000 	| nmse_test=0.2912998128239591 	| true_equation_set_count=0 	| s/it=117.83058
MainProcess| 2026-06-21 23:01:10,184,184 multiprocessing INFO Genetic Porgramming Runtime 87.36680537206121
Genetic Porgramming Runtime 87.36680537206121

=========================PGD Collection Starts=========================

SpawnPoolWorker-112| 2026-06-21 23:01:17,941,941 multiprocessing INFO STARTING NEW RUN ==========
SpawnPoolWorker-112| 2026-06-21 23:01:17,941,941 multiprocessing INFO SEE LOG AT : ./logs/all_Lyapunov_test_dso-fn_d_all_z_01_log.txt
SpawnPoolWorker-112| 2026-06-21 23:01:17,941,941 multiprocessing INFO See log at : ./logs/all_Lyapunov_test_dso-fn_d_all_z_01_log.txt
SpawnPoolWorker-112| 2026-06-21 23:01:17,942,942 multiprocessing INFO child process calling self.run()
SpawnPoolWorker-105| 2026-06-21 23:01:17,963,963 multiprocessing INFO STARTING NEW RUN ==========
SpawnPoolWorker-105| 2026-06-21 23:01:17,963,963 multiprocessing INFO SEE LOG AT : ./logs/all_Lyapunov_test_dso-fn_d_all_z_01_log.txt
SpawnPoolWorker-105| 2026-06-21 23:01:17,963,963 multiprocessing INFO See log at : ./logs/all_Lyapunov_test_dso-fn_d_all_z_01_log.txt
SpawnPoolWorker-105| 2026-06-21 23:01:17,965,965 multiprocessing INFO child process calling self.run()
SpawnPoolWorker-110| 2026-06-21 23:01:17,967,967 multiprocessing INFO STARTING NEW RUN ==========
SpawnPoolWorker-110| 2026-06-21 23:01:17,967,967 multiprocessing INFO SEE LOG AT : ./logs/all_Lyapunov_test_dso-fn_d_all_z_01_log.txt
SpawnPoolWorker-110| 2026-06-21 23:01:17,967,967 multiprocessing INFO See log at : ./logs/all_Lyapunov_test_dso-fn_d_all_z_01_log.txt
SpawnPoolWorker-110| 2026-06-21 23:01:17,972,972 multiprocessing INFO child process calling self.run()
SpawnPoolWorker-111| 2026-06-21 23:01:18,039,39 multiprocessing INFO STARTING NEW RUN ==========
SpawnPoolWorker-111| 2026-06-21 23:01:18,040,40 multiprocessing INFO SEE LOG AT : ./logs/all_Lyapunov_test_dso-fn_d_all_z_01_log.txt
SpawnPoolWorker-111| 2026-06-21 23:01:18,040,40 multiprocessing INFO See log at : ./logs/all_Lyapunov_test_dso-fn_d_all_z_01_log.txt
SpawnPoolWorker-111| 2026-06-21 23:01:18,044,44 multiprocessing INFO child process calling self.run()
SpawnPoolWorker-104| 2026-06-21 23:01:18,088,88 multiprocessing INFO STARTING NEW RUN ==========
SpawnPoolWorker-104| 2026-06-21 23:01:18,088,88 multiprocessing INFO SEE LOG AT : ./logs/all_Lyapunov_test_dso-fn_d_all_z_01_log.txt
SpawnPoolWorker-104| 2026-06-21 23:01:18,088,88 multiprocessing INFO See log at : ./logs/all_Lyapunov_test_dso-fn_d_all_z_01_log.txt
SpawnPoolWorker-104| 2026-06-21 23:01:18,090,90 multiprocessing INFO child process calling self.run()
SpawnPoolWorker-108| 2026-06-21 23:01:18,092,92 multiprocessing INFO STARTING NEW RUN ==========
SpawnPoolWorker-108| 2026-06-21 23:01:18,092,92 multiprocessing INFO SEE LOG AT : ./logs/all_Lyapunov_test_dso-fn_d_all_z_01_log.txt
SpawnPoolWorker-108| 2026-06-21 23:01:18,092,92 multiprocessing INFO See log at : ./logs/all_Lyapunov_test_dso-fn_d_all_z_01_log.txt
SpawnPoolWorker-108| 2026-06-21 23:01:18,093,93 multiprocessing INFO child process calling self.run()
SpawnPoolWorker-103| 2026-06-21 23:01:18,112,112 multiprocessing INFO STARTING NEW RUN ==========
SpawnPoolWorker-103| 2026-06-21 23:01:18,112,112 multiprocessing INFO SEE LOG AT : ./logs/all_Lyapunov_test_dso-fn_d_all_z_01_log.txt
SpawnPoolWorker-103| 2026-06-21 23:01:18,112,112 multiprocessing INFO See log at : ./logs/all_Lyapunov_test_dso-fn_d_all_z_01_log.txt
SpawnPoolWorker-103| 2026-06-21 23:01:18,118,118 multiprocessing INFO child process calling self.run()
SpawnPoolWorker-109| 2026-06-21 23:01:18,119,119 multiprocessing INFO STARTING NEW RUN ==========
SpawnPoolWorker-109| 2026-06-21 23:01:18,120,120 multiprocessing INFO SEE LOG AT : ./logs/all_Lyapunov_test_dso-fn_d_all_z_01_log.txt
SpawnPoolWorker-109| 2026-06-21 23:01:18,120,120 multiprocessing INFO See log at : ./logs/all_Lyapunov_test_dso-fn_d_all_z_01_log.txt
SpawnPoolWorker-109| 2026-06-21 23:01:18,122,122 multiprocessing INFO child process calling self.run()
SpawnPoolWorker-106| 2026-06-21 23:01:18,132,132 multiprocessing INFO STARTING NEW RUN ==========
SpawnPoolWorker-106| 2026-06-21 23:01:18,132,132 multiprocessing INFO SEE LOG AT : ./logs/all_Lyapunov_test_dso-fn_d_all_z_01_log.txt
SpawnPoolWorker-106| 2026-06-21 23:01:18,133,133 multiprocessing INFO See log at : ./logs/all_Lyapunov_test_dso-fn_d_all_z_01_log.txt
SpawnPoolWorker-106| 2026-06-21 23:01:18,142,142 multiprocessing INFO child process calling self.run()
SpawnPoolWorker-107| 2026-06-21 23:01:18,230,230 multiprocessing INFO STARTING NEW RUN ==========
SpawnPoolWorker-107| 2026-06-21 23:01:18,230,230 multiprocessing INFO SEE LOG AT : ./logs/all_Lyapunov_test_dso-fn_d_all_z_01_log.txt
SpawnPoolWorker-107| 2026-06-21 23:01:18,231,231 multiprocessing INFO See log at : ./logs/all_Lyapunov_test_dso-fn_d_all_z_01_log.txt
SpawnPoolWorker-107| 2026-06-21 23:01:18,232,232 multiprocessing INFO child process calling self.run()
SpawnPoolWorker-110| 2026-06-21 23:01:33,379,379 multiprocessing INFO process shutting down
SpawnPoolWorker-103| 2026-06-21 23:01:33,379,379 multiprocessing INFO process shutting down
SpawnPoolWorker-110| 2026-06-21 23:01:33,380,380 multiprocessing INFO process exiting with exitcode 0
SpawnPoolWorker-103| 2026-06-21 23:01:33,380,380 multiprocessing INFO process exiting with exitcode 0
SpawnPoolWorker-106| 2026-06-21 23:01:33,380,380 multiprocessing INFO process shutting down
SpawnPoolWorker-109| 2026-06-21 23:01:33,380,380 multiprocessing INFO process shutting down
SpawnPoolWorker-112| 2026-06-21 23:01:33,379,379 multiprocessing INFO process shutting down
SpawnPoolWorker-106| 2026-06-21 23:01:33,380,380 multiprocessing INFO process exiting with exitcode 0
SpawnPoolWorker-109| 2026-06-21 23:01:33,380,380 multiprocessing INFO process exiting with exitcode 0
SpawnPoolWorker-107| 2026-06-21 23:01:33,380,380 multiprocessing INFO process shutting down
SpawnPoolWorker-104| 2026-06-21 23:01:33,381,381 multiprocessing INFO process shutting down
SpawnPoolWorker-112| 2026-06-21 23:01:33,381,381 multiprocessing INFO process exiting with exitcode 0
SpawnPoolWorker-108| 2026-06-21 23:01:33,381,381 multiprocessing INFO process shutting down
SpawnPoolWorker-111| 2026-06-21 23:01:33,381,381 multiprocessing INFO process shutting down
(10000,)

===================Collect 10000 Examples===================

Epsilon 0.1
500
(550,)
(550,)
(55,)
Number of Programs for Minimization: 28
SpawnPoolWorker-121| 2026-06-21 23:01:46,189,189 multiprocessing INFO STARTING NEW RUN ==========
SpawnPoolWorker-121| 2026-06-21 23:01:46,189,189 multiprocessing INFO SEE LOG AT : ./logs/all_Lyapunov_test_dso-fn_d_all_z_01_log.txt
SpawnPoolWorker-121| 2026-06-21 23:01:46,189,189 multiprocessing INFO See log at : ./logs/all_Lyapunov_test_dso-fn_d_all_z_01_log.txt
SpawnPoolWorker-121| 2026-06-21 23:01:46,192,192 multiprocessing INFO child process calling self.run()
SpawnPoolWorker-130| 2026-06-21 23:01:47,177,177 multiprocessing INFO STARTING NEW RUN ==========
SpawnPoolWorker-130| 2026-06-21 23:01:47,177,177 multiprocessing INFO SEE LOG AT : ./logs/all_Lyapunov_test_dso-fn_d_all_z_01_log.txt
SpawnPoolWorker-130| 2026-06-21 23:01:47,177,177 multiprocessing INFO See log at : ./logs/all_Lyapunov_test_dso-fn_d_all_z_01_log.txt
SpawnPoolWorker-130| 2026-06-21 23:01:47,178,178 multiprocessing INFO child process calling self.run()
SpawnPoolWorker-118| 2026-06-21 23:01:49,985,985 multiprocessing INFO STARTING NEW RUN ==========
SpawnPoolWorker-118| 2026-06-21 23:01:49,985,985 multiprocessing INFO SEE LOG AT : ./logs/all_Lyapunov_test_dso-fn_d_all_z_01_log.txt
SpawnPoolWorker-118| 2026-06-21 23:01:49,985,985 multiprocessing INFO See log at : ./logs/all_Lyapunov_test_dso-fn_d_all_z_01_log.txt
SpawnPoolWorker-118| 2026-06-21 23:01:49,988,988 multiprocessing INFO child process calling self.run()
SpawnPoolWorker-127| 2026-06-21 23:01:50,086,86 multiprocessing INFO STARTING NEW RUN ==========
SpawnPoolWorker-127| 2026-06-21 23:01:50,086,86 multiprocessing INFO SEE LOG AT : ./logs/all_Lyapunov_test_dso-fn_d_all_z_01_log.txt
SpawnPoolWorker-127| 2026-06-21 23:01:50,086,86 multiprocessing INFO See log at : ./logs/all_Lyapunov_test_dso-fn_d_all_z_01_log.txt
SpawnPoolWorker-127| 2026-06-21 23:01:50,095,95 multiprocessing INFO child process calling self.run()
SpawnPoolWorker-125| 2026-06-21 23:01:50,497,497 multiprocessing INFO STARTING NEW RUN ==========
SpawnPoolWorker-125| 2026-06-21 23:01:50,498,498 multiprocessing INFO SEE LOG AT : ./logs/all_Lyapunov_test_dso-fn_d_all_z_01_log.txt
SpawnPoolWorker-125| 2026-06-21 23:01:50,498,498 multiprocessing INFO See log at : ./logs/all_Lyapunov_test_dso-fn_d_all_z_01_log.txt
SpawnPoolWorker-125| 2026-06-21 23:01:50,505,505 multiprocessing INFO child process calling self.run()
SpawnPoolWorker-123| 2026-06-21 23:01:50,542,542 multiprocessing INFO STARTING NEW RUN ==========
SpawnPoolWorker-123| 2026-06-21 23:01:50,543,543 multiprocessing INFO SEE LOG AT : ./logs/all_Lyapunov_test_dso-fn_d_all_z_01_log.txt
SpawnPoolWorker-123| 2026-06-21 23:01:50,543,543 multiprocessing INFO See log at : ./logs/all_Lyapunov_test_dso-fn_d_all_z_01_log.txt
SpawnPoolWorker-123| 2026-06-21 23:01:50,556,556 multiprocessing INFO child process calling self.run()
SpawnPoolWorker-117| 2026-06-21 23:01:50,636,636 multiprocessing INFO STARTING NEW RUN ==========
SpawnPoolWorker-117| 2026-06-21 23:01:50,636,636 multiprocessing INFO SEE LOG AT : ./logs/all_Lyapunov_test_dso-fn_d_all_z_01_log.txt
SpawnPoolWorker-117| 2026-06-21 23:01:50,636,636 multiprocessing INFO See log at : ./logs/all_Lyapunov_test_dso-fn_d_all_z_01_log.txt
SpawnPoolWorker-117| 2026-06-21 23:01:50,640,640 multiprocessing INFO child process calling self.run()
SpawnPoolWorker-134| 2026-06-21 23:01:50,786,786 multiprocessing INFO STARTING NEW RUN ==========
SpawnPoolWorker-134| 2026-06-21 23:01:50,786,786 multiprocessing INFO SEE LOG AT : ./logs/all_Lyapunov_test_dso-fn_d_all_z_01_log.txt
SpawnPoolWorker-134| 2026-06-21 23:01:50,786,786 multiprocessing INFO See log at : ./logs/all_Lyapunov_test_dso-fn_d_all_z_01_log.txt
SpawnPoolWorker-134| 2026-06-21 23:01:50,789,789 multiprocessing INFO child process calling self.run()
SpawnPoolWorker-116| 2026-06-21 23:01:50,794,794 multiprocessing INFO STARTING NEW RUN ==========
SpawnPoolWorker-116| 2026-06-21 23:01:50,794,794 multiprocessing INFO SEE LOG AT : ./logs/all_Lyapunov_test_dso-fn_d_all_z_01_log.txt
SpawnPoolWorker-116| 2026-06-21 23:01:50,795,795 multiprocessing INFO See log at : ./logs/all_Lyapunov_test_dso-fn_d_all_z_01_log.txt
SpawnPoolWorker-116| 2026-06-21 23:01:50,798,798 multiprocessing INFO child process calling self.run()
SpawnPoolWorker-114| 2026-06-21 23:01:50,967,967 multiprocessing INFO STARTING NEW RUN ==========
SpawnPoolWorker-114| 2026-06-21 23:01:50,967,967 multiprocessing INFO SEE LOG AT : ./logs/all_Lyapunov_test_dso-fn_d_all_z_01_log.txt
SpawnPoolWorker-114| 2026-06-21 23:01:50,967,967 multiprocessing INFO See log at : ./logs/all_Lyapunov_test_dso-fn_d_all_z_01_log.txt
SpawnPoolWorker-114| 2026-06-21 23:01:50,983,983 multiprocessing INFO child process calling self.run()
SpawnPoolWorker-129| 2026-06-21 23:01:50,992,992 multiprocessing INFO STARTING NEW RUN ==========
SpawnPoolWorker-129| 2026-06-21 23:01:50,992,992 multiprocessing INFO SEE LOG AT : ./logs/all_Lyapunov_test_dso-fn_d_all_z_01_log.txt
SpawnPoolWorker-129| 2026-06-21 23:01:50,992,992 multiprocessing INFO See log at : ./logs/all_Lyapunov_test_dso-fn_d_all_z_01_log.txt
SpawnPoolWorker-129| 2026-06-21 23:01:50,995,995 multiprocessing INFO child process calling self.run()
SpawnPoolWorker-119| 2026-06-21 23:01:51,024,24 multiprocessing INFO STARTING NEW RUN ==========
SpawnPoolWorker-119| 2026-06-21 23:01:51,024,24 multiprocessing INFO SEE LOG AT : ./logs/all_Lyapunov_test_dso-fn_d_all_z_01_log.txt
SpawnPoolWorker-119| 2026-06-21 23:01:51,024,24 multiprocessing INFO See log at : ./logs/all_Lyapunov_test_dso-fn_d_all_z_01_log.txt
SpawnPoolWorker-119| 2026-06-21 23:01:51,037,37 multiprocessing INFO child process calling self.run()
SpawnPoolWorker-126| 2026-06-21 23:01:51,083,83 multiprocessing INFO STARTING NEW RUN ==========
SpawnPoolWorker-126| 2026-06-21 23:01:51,083,83 multiprocessing INFO SEE LOG AT : ./logs/all_Lyapunov_test_dso-fn_d_all_z_01_log.txt
SpawnPoolWorker-126| 2026-06-21 23:01:51,083,83 multiprocessing INFO See log at : ./logs/all_Lyapunov_test_dso-fn_d_all_z_01_log.txt
SpawnPoolWorker-126| 2026-06-21 23:01:51,087,87 multiprocessing INFO child process calling self.run()
SpawnPoolWorker-120| 2026-06-21 23:01:51,093,93 multiprocessing INFO STARTING NEW RUN ==========
SpawnPoolWorker-120| 2026-06-21 23:01:51,093,93 multiprocessing INFO SEE LOG AT : ./logs/all_Lyapunov_test_dso-fn_d_all_z_01_log.txt
SpawnPoolWorker-120| 2026-06-21 23:01:51,093,93 multiprocessing INFO See log at : ./logs/all_Lyapunov_test_dso-fn_d_all_z_01_log.txt
SpawnPoolWorker-120| 2026-06-21 23:01:51,095,95 multiprocessing INFO child process calling self.run()
SpawnPoolWorker-128| 2026-06-21 23:01:51,439,439 multiprocessing INFO STARTING NEW RUN ==========
SpawnPoolWorker-128| 2026-06-21 23:01:51,440,440 multiprocessing INFO SEE LOG AT : ./logs/all_Lyapunov_test_dso-fn_d_all_z_01_log.txt
SpawnPoolWorker-128| 2026-06-21 23:01:51,440,440 multiprocessing INFO See log at : ./logs/all_Lyapunov_test_dso-fn_d_all_z_01_log.txt
SpawnPoolWorker-128| 2026-06-21 23:01:51,447,447 multiprocessing INFO child process calling self.run()
SpawnPoolWorker-122| 2026-06-21 23:01:51,686,686 multiprocessing INFO STARTING NEW RUN ==========
SpawnPoolWorker-122| 2026-06-21 23:01:51,686,686 multiprocessing INFO SEE LOG AT : ./logs/all_Lyapunov_test_dso-fn_d_all_z_01_log.txt
SpawnPoolWorker-122| 2026-06-21 23:01:51,686,686 multiprocessing INFO See log at : ./logs/all_Lyapunov_test_dso-fn_d_all_z_01_log.txt
SpawnPoolWorker-122| 2026-06-21 23:01:51,692,692 multiprocessing INFO child process calling self.run()
SpawnPoolWorker-124| 2026-06-21 23:01:52,038,38 multiprocessing INFO STARTING NEW RUN ==========
SpawnPoolWorker-124| 2026-06-21 23:01:52,038,38 multiprocessing INFO SEE LOG AT : ./logs/all_Lyapunov_test_dso-fn_d_all_z_01_log.txt
SpawnPoolWorker-124| 2026-06-21 23:01:52,038,38 multiprocessing INFO See log at : ./logs/all_Lyapunov_test_dso-fn_d_all_z_01_log.txt
SpawnPoolWorker-124| 2026-06-21 23:01:52,051,51 multiprocessing INFO child process calling self.run()
SpawnPoolWorker-113| 2026-06-21 23:01:52,088,88 multiprocessing INFO STARTING NEW RUN ==========
SpawnPoolWorker-113| 2026-06-21 23:01:52,089,89 multiprocessing INFO SEE LOG AT : ./logs/all_Lyapunov_test_dso-fn_d_all_z_01_log.txt
SpawnPoolWorker-113| 2026-06-21 23:01:52,089,89 multiprocessing INFO See log at : ./logs/all_Lyapunov_test_dso-fn_d_all_z_01_log.txt
SpawnPoolWorker-113| 2026-06-21 23:01:52,097,97 multiprocessing INFO child process calling self.run()
SpawnPoolWorker-135| 2026-06-21 23:01:52,227,227 multiprocessing INFO STARTING NEW RUN ==========
SpawnPoolWorker-135| 2026-06-21 23:01:52,227,227 multiprocessing INFO SEE LOG AT : ./logs/all_Lyapunov_test_dso-fn_d_all_z_01_log.txt
SpawnPoolWorker-135| 2026-06-21 23:01:52,227,227 multiprocessing INFO See log at : ./logs/all_Lyapunov_test_dso-fn_d_all_z_01_log.txt
SpawnPoolWorker-135| 2026-06-21 23:01:52,239,239 multiprocessing INFO child process calling self.run()
SpawnPoolWorker-132| 2026-06-21 23:01:52,300,300 multiprocessing INFO STARTING NEW RUN ==========
SpawnPoolWorker-132| 2026-06-21 23:01:52,300,300 multiprocessing INFO SEE LOG AT : ./logs/all_Lyapunov_test_dso-fn_d_all_z_01_log.txt
SpawnPoolWorker-132| 2026-06-21 23:01:52,300,300 multiprocessing INFO See log at : ./logs/all_Lyapunov_test_dso-fn_d_all_z_01_log.txt
SpawnPoolWorker-132| 2026-06-21 23:01:52,306,306 multiprocessing INFO child process calling self.run()
SpawnPoolWorker-115| 2026-06-21 23:01:52,384,384 multiprocessing INFO STARTING NEW RUN ==========
SpawnPoolWorker-115| 2026-06-21 23:01:52,384,384 multiprocessing INFO SEE LOG AT : ./logs/all_Lyapunov_test_dso-fn_d_all_z_01_log.txt
SpawnPoolWorker-115| 2026-06-21 23:01:52,384,384 multiprocessing INFO See log at : ./logs/all_Lyapunov_test_dso-fn_d_all_z_01_log.txt
SpawnPoolWorker-115| 2026-06-21 23:01:52,396,396 multiprocessing INFO child process calling self.run()
SpawnPoolWorker-133| 2026-06-21 23:01:52,410,410 multiprocessing INFO STARTING NEW RUN ==========
SpawnPoolWorker-133| 2026-06-21 23:01:52,410,410 multiprocessing INFO SEE LOG AT : ./logs/all_Lyapunov_test_dso-fn_d_all_z_01_log.txt
SpawnPoolWorker-133| 2026-06-21 23:01:52,410,410 multiprocessing INFO See log at : ./logs/all_Lyapunov_test_dso-fn_d_all_z_01_log.txt
SpawnPoolWorker-133| 2026-06-21 23:01:52,412,412 multiprocessing INFO child process calling self.run()
SpawnPoolWorker-131| 2026-06-21 23:01:52,693,693 multiprocessing INFO STARTING NEW RUN ==========
SpawnPoolWorker-131| 2026-06-21 23:01:52,693,693 multiprocessing INFO SEE LOG AT : ./logs/all_Lyapunov_test_dso-fn_d_all_z_01_log.txt
SpawnPoolWorker-131| 2026-06-21 23:01:52,693,693 multiprocessing INFO See log at : ./logs/all_Lyapunov_test_dso-fn_d_all_z_01_log.txt
SpawnPoolWorker-131| 2026-06-21 23:01:52,695,695 multiprocessing INFO child process calling self.run()
SpawnPoolWorker-136| 2026-06-21 23:01:52,829,829 multiprocessing INFO STARTING NEW RUN ==========
SpawnPoolWorker-136| 2026-06-21 23:01:52,829,829 multiprocessing INFO SEE LOG AT : ./logs/all_Lyapunov_test_dso-fn_d_all_z_01_log.txt
SpawnPoolWorker-136| 2026-06-21 23:01:52,829,829 multiprocessing INFO See log at : ./logs/all_Lyapunov_test_dso-fn_d_all_z_01_log.txt
SpawnPoolWorker-136| 2026-06-21 23:01:52,835,835 multiprocessing INFO child process calling self.run()
SpawnPoolWorker-113| 2026-06-21 23:01:53,561,561 multiprocessing INFO process shutting down
SpawnPoolWorker-113| 2026-06-21 23:01:53,561,561 multiprocessing INFO process exiting with exitcode 0
SpawnPoolWorker-135| 2026-06-21 23:01:53,561,561 multiprocessing INFO process shutting down
SpawnPoolWorker-132| 2026-06-21 23:01:53,561,561 multiprocessing INFO process shutting down
SpawnPoolWorker-115| 2026-06-21 23:01:53,562,562 multiprocessing INFO process shutting down
SpawnPoolWorker-133| 2026-06-21 23:01:53,562,562 multiprocessing INFO process shutting down
SpawnPoolWorker-121| 2026-06-21 23:01:53,561,561 multiprocessing INFO process shutting down
SpawnPoolWorker-117| 2026-06-21 23:01:53,562,562 multiprocessing INFO process shutting down
SpawnPoolWorker-120| 2026-06-21 23:01:53,562,562 multiprocessing INFO process shutting down
SpawnPoolWorker-118| 2026-06-21 23:01:53,562,562 multiprocessing INFO process shutting down
SpawnPoolWorker-131| 2026-06-21 23:01:53,563,563 multiprocessing INFO process shutting down
SpawnPoolWorker-136| 2026-06-21 23:01:53,563,563 multiprocessing INFO process shutting down
SpawnPoolWorker-129| 2026-06-21 23:01:53,563,563 multiprocessing INFO process shutting down
SpawnPoolWorker-125| 2026-06-21 23:01:53,563,563 multiprocessing INFO process shutting down
SpawnPoolWorker-114| 2026-06-21 23:01:53,564,564 multiprocessing INFO process shutting down
SpawnPoolWorker-119| 2026-06-21 23:01:53,564,564 multiprocessing INFO process shutting down
SpawnPoolWorker-127| 2026-06-21 23:01:53,564,564 multiprocessing INFO process shutting down
SpawnPoolWorker-130| 2026-06-21 23:01:53,563,563 multiprocessing INFO process shutting down
SpawnPoolWorker-134| 2026-06-21 23:01:53,565,565 multiprocessing INFO process shutting down
SpawnPoolWorker-123| 2026-06-21 23:01:53,565,565 multiprocessing INFO process shutting down
SpawnPoolWorker-126| 2026-06-21 23:01:53,565,565 multiprocessing INFO process shutting down
SpawnPoolWorker-122| 2026-06-21 23:01:53,565,565 multiprocessing INFO process shutting down
28
(50000, 6)
(50000,)
(50000, 6)
(50000,)

=======================Successfully Added (25000, 6) Counter Examples=======================


============None of the candidates fulfill the conditions. Training CONTINUES!=================

MainProcess| 2026-06-21 23:01:55,219,219 multiprocessing INFO 
============None of the candidates fulfill the conditions. Training CONTINUES!=================


============None of the candidates fulfill the conditions. Training CONTINUES!=================

(55, 108)
/users/9/chen8596/miniconda3/envs/alfd/lib/python3.9/site-packages/torch/nn/functional.py:4999: UserWarning: Support for mismatched key_padding_mask and attn_mask is deprecated. Use same type for both instead.
  warnings.warn(

==============Start Supervised Learning==============

MainProcess| 2026-06-21 23:01:58,206,206 multiprocessing INFO GP output mean: 0.16509297814282886
GP output mean: 0.16509297814282886
MainProcess| 2026-06-21 23:01:58,583,583 multiprocessing INFO GP output success rate: 0.0
GP output success rate: 0.0

==============End Supervised Learning==============

MainProcess| 2026-06-21 23:02:00,778,778 multiprocessing INFO [Test epoch=0004]  nevals=55097 	| train_loss=8760.09375 	| eqs_invalid %=0.00 	| r_best=0.94192 	| quantile=0.00637 	| r_quantile_mean=0.37012 	| r_raw_sum=20.36725 	|  r_raw_mean=0.30859 	| r2=nan 	| acc_iid=0.00000 	| acc_ood=0.00000 	| nmse_test=0.2912998128239591 	| true_equation_set_count=0 	| s/it=138.55420
[Test epoch=0004]  nevals=55097 	| train_loss=8760.09375 	| eqs_invalid %=0.00 	| r_best=0.94192 	| quantile=0.00637 	| r_quantile_mean=0.37012 	| r_raw_sum=20.36725 	|  r_raw_mean=0.30859 	| r2=nan 	| acc_iid=0.00000 	| acc_ood=0.00000 	| nmse_test=0.2912998128239591 	| true_equation_set_count=0 	| s/it=138.55420
MainProcess| 2026-06-21 23:03:04,589,589 multiprocessing INFO Genetic Porgramming Runtime 62.88438280019909
Genetic Porgramming Runtime 62.88438280019909

=========================PGD Collection Starts=========================

SpawnPoolWorker-137| 2026-06-21 23:03:10,079,79 multiprocessing INFO STARTING NEW RUN ==========
SpawnPoolWorker-137| 2026-06-21 23:03:10,079,79 multiprocessing INFO SEE LOG AT : ./logs/all_Lyapunov_test_dso-fn_d_all_z_01_log.txt
SpawnPoolWorker-137| 2026-06-21 23:03:10,079,79 multiprocessing INFO See log at : ./logs/all_Lyapunov_test_dso-fn_d_all_z_01_log.txt
SpawnPoolWorker-137| 2026-06-21 23:03:10,081,81 multiprocessing INFO child process calling self.run()
SpawnPoolWorker-138| 2026-06-21 23:03:10,085,85 multiprocessing INFO STARTING NEW RUN ==========
SpawnPoolWorker-138| 2026-06-21 23:03:10,085,85 multiprocessing INFO SEE LOG AT : ./logs/all_Lyapunov_test_dso-fn_d_all_z_01_log.txt
SpawnPoolWorker-138| 2026-06-21 23:03:10,085,85 multiprocessing INFO See log at : ./logs/all_Lyapunov_test_dso-fn_d_all_z_01_log.txt
SpawnPoolWorker-145| 2026-06-21 23:03:10,087,87 multiprocessing INFO STARTING NEW RUN ==========
SpawnPoolWorker-138| 2026-06-21 23:03:10,087,87 multiprocessing INFO child process calling self.run()
SpawnPoolWorker-145| 2026-06-21 23:03:10,087,87 multiprocessing INFO SEE LOG AT : ./logs/all_Lyapunov_test_dso-fn_d_all_z_01_log.txt
SpawnPoolWorker-145| 2026-06-21 23:03:10,087,87 multiprocessing INFO See log at : ./logs/all_Lyapunov_test_dso-fn_d_all_z_01_log.txt
SpawnPoolWorker-142| 2026-06-21 23:03:10,094,94 multiprocessing INFO STARTING NEW RUN ==========
SpawnPoolWorker-142| 2026-06-21 23:03:10,094,94 multiprocessing INFO SEE LOG AT : ./logs/all_Lyapunov_test_dso-fn_d_all_z_01_log.txt
SpawnPoolWorker-142| 2026-06-21 23:03:10,094,94 multiprocessing INFO See log at : ./logs/all_Lyapunov_test_dso-fn_d_all_z_01_log.txt
SpawnPoolWorker-142| 2026-06-21 23:03:10,096,96 multiprocessing INFO child process calling self.run()
SpawnPoolWorker-145| 2026-06-21 23:03:10,096,96 multiprocessing INFO child process calling self.run()
SpawnPoolWorker-140| 2026-06-21 23:03:10,111,111 multiprocessing INFO STARTING NEW RUN ==========
SpawnPoolWorker-140| 2026-06-21 23:03:10,111,111 multiprocessing INFO SEE LOG AT : ./logs/all_Lyapunov_test_dso-fn_d_all_z_01_log.txt
SpawnPoolWorker-140| 2026-06-21 23:03:10,111,111 multiprocessing INFO See log at : ./logs/all_Lyapunov_test_dso-fn_d_all_z_01_log.txt
SpawnPoolWorker-144| 2026-06-21 23:03:10,111,111 multiprocessing INFO STARTING NEW RUN ==========
SpawnPoolWorker-144| 2026-06-21 23:03:10,111,111 multiprocessing INFO SEE LOG AT : ./logs/all_Lyapunov_test_dso-fn_d_all_z_01_log.txt
SpawnPoolWorker-144| 2026-06-21 23:03:10,111,111 multiprocessing INFO See log at : ./logs/all_Lyapunov_test_dso-fn_d_all_z_01_log.txt
SpawnPoolWorker-146| 2026-06-21 23:03:10,112,112 multiprocessing INFO STARTING NEW RUN ==========
SpawnPoolWorker-146| 2026-06-21 23:03:10,112,112 multiprocessing INFO SEE LOG AT : ./logs/all_Lyapunov_test_dso-fn_d_all_z_01_log.txt
SpawnPoolWorker-146| 2026-06-21 23:03:10,112,112 multiprocessing INFO See log at : ./logs/all_Lyapunov_test_dso-fn_d_all_z_01_log.txt
SpawnPoolWorker-140| 2026-06-21 23:03:10,113,113 multiprocessing INFO child process calling self.run()
SpawnPoolWorker-144| 2026-06-21 23:03:10,114,114 multiprocessing INFO child process calling self.run()
SpawnPoolWorker-146| 2026-06-21 23:03:10,114,114 multiprocessing INFO child process calling self.run()
SpawnPoolWorker-143| 2026-06-21 23:03:10,151,151 multiprocessing INFO STARTING NEW RUN ==========
SpawnPoolWorker-143| 2026-06-21 23:03:10,152,152 multiprocessing INFO SEE LOG AT : ./logs/all_Lyapunov_test_dso-fn_d_all_z_01_log.txt
SpawnPoolWorker-143| 2026-06-21 23:03:10,152,152 multiprocessing INFO See log at : ./logs/all_Lyapunov_test_dso-fn_d_all_z_01_log.txt
SpawnPoolWorker-143| 2026-06-21 23:03:10,155,155 multiprocessing INFO child process calling self.run()
SpawnPoolWorker-141| 2026-06-21 23:03:10,165,165 multiprocessing INFO STARTING NEW RUN ==========
SpawnPoolWorker-141| 2026-06-21 23:03:10,165,165 multiprocessing INFO SEE LOG AT : ./logs/all_Lyapunov_test_dso-fn_d_all_z_01_log.txt
SpawnPoolWorker-141| 2026-06-21 23:03:10,165,165 multiprocessing INFO See log at : ./logs/all_Lyapunov_test_dso-fn_d_all_z_01_log.txt
SpawnPoolWorker-141| 2026-06-21 23:03:10,167,167 multiprocessing INFO child process calling self.run()
SpawnPoolWorker-139| 2026-06-21 23:03:10,231,231 multiprocessing INFO STARTING NEW RUN ==========
SpawnPoolWorker-139| 2026-06-21 23:03:10,232,232 multiprocessing INFO SEE LOG AT : ./logs/all_Lyapunov_test_dso-fn_d_all_z_01_log.txt
SpawnPoolWorker-139| 2026-06-21 23:03:10,232,232 multiprocessing INFO See log at : ./logs/all_Lyapunov_test_dso-fn_d_all_z_01_log.txt
SpawnPoolWorker-139| 2026-06-21 23:03:10,233,233 multiprocessing INFO child process calling self.run()
SpawnPoolWorker-139| 2026-06-21 23:03:31,827,827 multiprocessing INFO process shutting down
SpawnPoolWorker-143| 2026-06-21 23:03:31,827,827 multiprocessing INFO process shutting down
SpawnPoolWorker-139| 2026-06-21 23:03:31,828,828 multiprocessing INFO process exiting with exitcode 0
SpawnPoolWorker-143| 2026-06-21 23:03:31,828,828 multiprocessing INFO process exiting with exitcode 0
SpawnPoolWorker-138| 2026-06-21 23:03:31,828,828 multiprocessing INFO process shutting down
SpawnPoolWorker-146| 2026-06-21 23:03:31,828,828 multiprocessing INFO process shutting down
SpawnPoolWorker-137| 2026-06-21 23:03:31,828,828 multiprocessing INFO process shutting down
SpawnPoolWorker-138| 2026-06-21 23:03:31,828,828 multiprocessing INFO process exiting with exitcode 0
SpawnPoolWorker-146| 2026-06-21 23:03:31,828,828 multiprocessing INFO process exiting with exitcode 0
SpawnPoolWorker-144| 2026-06-21 23:03:31,828,828 multiprocessing INFO process shutting down
SpawnPoolWorker-137| 2026-06-21 23:03:31,828,828 multiprocessing INFO process exiting with exitcode 0
(10000,)

===================Collect 10000 Examples===================

Epsilon 0.1
500
(550,)
(550,)
(55,)
Number of Programs for Minimization: 29
SpawnPoolWorker-152| 2026-06-21 23:03:47,739,739 multiprocessing INFO STARTING NEW RUN ==========
SpawnPoolWorker-152| 2026-06-21 23:03:47,739,739 multiprocessing INFO SEE LOG AT : ./logs/all_Lyapunov_test_dso-fn_d_all_z_01_log.txt
SpawnPoolWorker-152| 2026-06-21 23:03:47,739,739 multiprocessing INFO See log at : ./logs/all_Lyapunov_test_dso-fn_d_all_z_01_log.txt
SpawnPoolWorker-152| 2026-06-21 23:03:47,748,748 multiprocessing INFO child process calling self.run()
SpawnPoolWorker-169| 2026-06-21 23:03:49,357,357 multiprocessing INFO STARTING NEW RUN ==========
SpawnPoolWorker-169| 2026-06-21 23:03:49,357,357 multiprocessing INFO SEE LOG AT : ./logs/all_Lyapunov_test_dso-fn_d_all_z_01_log.txt
SpawnPoolWorker-169| 2026-06-21 23:03:49,357,357 multiprocessing INFO See log at : ./logs/all_Lyapunov_test_dso-fn_d_all_z_01_log.txt
SpawnPoolWorker-169| 2026-06-21 23:03:49,361,361 multiprocessing INFO child process calling self.run()
SpawnPoolWorker-155| 2026-06-21 23:03:49,407,407 multiprocessing INFO STARTING NEW RUN ==========
SpawnPoolWorker-155| 2026-06-21 23:03:49,407,407 multiprocessing INFO SEE LOG AT : ./logs/all_Lyapunov_test_dso-fn_d_all_z_01_log.txt
SpawnPoolWorker-155| 2026-06-21 23:03:49,407,407 multiprocessing INFO See log at : ./logs/all_Lyapunov_test_dso-fn_d_all_z_01_log.txt
SpawnPoolWorker-155| 2026-06-21 23:03:49,413,413 multiprocessing INFO child process calling self.run()
SpawnPoolWorker-149| 2026-06-21 23:03:49,573,573 multiprocessing INFO STARTING NEW RUN ==========
SpawnPoolWorker-149| 2026-06-21 23:03:49,573,573 multiprocessing INFO SEE LOG AT : ./logs/all_Lyapunov_test_dso-fn_d_all_z_01_log.txt
SpawnPoolWorker-149| 2026-06-21 23:03:49,573,573 multiprocessing INFO See log at : ./logs/all_Lyapunov_test_dso-fn_d_all_z_01_log.txt
SpawnPoolWorker-149| 2026-06-21 23:03:49,576,576 multiprocessing INFO child process calling self.run()
SpawnPoolWorker-163| 2026-06-21 23:03:49,716,716 multiprocessing INFO STARTING NEW RUN ==========
SpawnPoolWorker-163| 2026-06-21 23:03:49,717,717 multiprocessing INFO SEE LOG AT : ./logs/all_Lyapunov_test_dso-fn_d_all_z_01_log.txt
SpawnPoolWorker-163| 2026-06-21 23:03:49,717,717 multiprocessing INFO See log at : ./logs/all_Lyapunov_test_dso-fn_d_all_z_01_log.txt
SpawnPoolWorker-163| 2026-06-21 23:03:49,720,720 multiprocessing INFO child process calling self.run()
SpawnPoolWorker-161| 2026-06-21 23:03:50,051,51 multiprocessing INFO STARTING NEW RUN ==========
SpawnPoolWorker-161| 2026-06-21 23:03:50,051,51 multiprocessing INFO SEE LOG AT : ./logs/all_Lyapunov_test_dso-fn_d_all_z_01_log.txt
SpawnPoolWorker-161| 2026-06-21 23:03:50,051,51 multiprocessing INFO See log at : ./logs/all_Lyapunov_test_dso-fn_d_all_z_01_log.txt
SpawnPoolWorker-161| 2026-06-21 23:03:50,054,54 multiprocessing INFO child process calling self.run()
SpawnPoolWorker-166| 2026-06-21 23:03:50,110,110 multiprocessing INFO STARTING NEW RUN ==========
SpawnPoolWorker-166| 2026-06-21 23:03:50,110,110 multiprocessing INFO SEE LOG AT : ./logs/all_Lyapunov_test_dso-fn_d_all_z_01_log.txt
SpawnPoolWorker-166| 2026-06-21 23:03:50,111,111 multiprocessing INFO See log at : ./logs/all_Lyapunov_test_dso-fn_d_all_z_01_log.txt
SpawnPoolWorker-166| 2026-06-21 23:03:50,116,116 multiprocessing INFO child process calling self.run()
SpawnPoolWorker-160| 2026-06-21 23:03:50,165,165 multiprocessing INFO STARTING NEW RUN ==========
SpawnPoolWorker-160| 2026-06-21 23:03:50,165,165 multiprocessing INFO SEE LOG AT : ./logs/all_Lyapunov_test_dso-fn_d_all_z_01_log.txt
SpawnPoolWorker-160| 2026-06-21 23:03:50,165,165 multiprocessing INFO See log at : ./logs/all_Lyapunov_test_dso-fn_d_all_z_01_log.txt
SpawnPoolWorker-160| 2026-06-21 23:03:50,169,169 multiprocessing INFO child process calling self.run()
SpawnPoolWorker-148| 2026-06-21 23:03:50,394,394 multiprocessing INFO STARTING NEW RUN ==========
SpawnPoolWorker-148| 2026-06-21 23:03:50,394,394 multiprocessing INFO SEE LOG AT : ./logs/all_Lyapunov_test_dso-fn_d_all_z_01_log.txt
SpawnPoolWorker-148| 2026-06-21 23:03:50,394,394 multiprocessing INFO See log at : ./logs/all_Lyapunov_test_dso-fn_d_all_z_01_log.txt
SpawnPoolWorker-148| 2026-06-21 23:03:50,399,399 multiprocessing INFO child process calling self.run()
SpawnPoolWorker-159| 2026-06-21 23:03:50,630,630 multiprocessing INFO STARTING NEW RUN ==========
SpawnPoolWorker-159| 2026-06-21 23:03:50,630,630 multiprocessing INFO SEE LOG AT : ./logs/all_Lyapunov_test_dso-fn_d_all_z_01_log.txt
SpawnPoolWorker-159| 2026-06-21 23:03:50,630,630 multiprocessing INFO See log at : ./logs/all_Lyapunov_test_dso-fn_d_all_z_01_log.txt
SpawnPoolWorker-159| 2026-06-21 23:03:50,636,636 multiprocessing INFO child process calling self.run()
SpawnPoolWorker-150| 2026-06-21 23:03:51,148,148 multiprocessing INFO STARTING NEW RUN ==========
SpawnPoolWorker-150| 2026-06-21 23:03:51,148,148 multiprocessing INFO SEE LOG AT : ./logs/all_Lyapunov_test_dso-fn_d_all_z_01_log.txt
SpawnPoolWorker-150| 2026-06-21 23:03:51,148,148 multiprocessing INFO See log at : ./logs/all_Lyapunov_test_dso-fn_d_all_z_01_log.txt
SpawnPoolWorker-150| 2026-06-21 23:03:51,151,151 multiprocessing INFO child process calling self.run()
SpawnPoolWorker-157| 2026-06-21 23:03:51,268,268 multiprocessing INFO STARTING NEW RUN ==========
SpawnPoolWorker-157| 2026-06-21 23:03:51,269,269 multiprocessing INFO SEE LOG AT : ./logs/all_Lyapunov_test_dso-fn_d_all_z_01_log.txt
SpawnPoolWorker-157| 2026-06-21 23:03:51,269,269 multiprocessing INFO See log at : ./logs/all_Lyapunov_test_dso-fn_d_all_z_01_log.txt
SpawnPoolWorker-157| 2026-06-21 23:03:51,284,284 multiprocessing INFO child process calling self.run()
SpawnPoolWorker-147| 2026-06-21 23:03:51,289,289 multiprocessing INFO STARTING NEW RUN ==========
SpawnPoolWorker-147| 2026-06-21 23:03:51,289,289 multiprocessing INFO SEE LOG AT : ./logs/all_Lyapunov_test_dso-fn_d_all_z_01_log.txt
SpawnPoolWorker-147| 2026-06-21 23:03:51,289,289 multiprocessing INFO See log at : ./logs/all_Lyapunov_test_dso-fn_d_all_z_01_log.txt
SpawnPoolWorker-147| 2026-06-21 23:03:51,294,294 multiprocessing INFO child process calling self.run()
SpawnPoolWorker-158| 2026-06-21 23:03:51,349,349 multiprocessing INFO STARTING NEW RUN ==========
SpawnPoolWorker-158| 2026-06-21 23:03:51,349,349 multiprocessing INFO SEE LOG AT : ./logs/all_Lyapunov_test_dso-fn_d_all_z_01_log.txt
SpawnPoolWorker-158| 2026-06-21 23:03:51,349,349 multiprocessing INFO See log at : ./logs/all_Lyapunov_test_dso-fn_d_all_z_01_log.txt
SpawnPoolWorker-158| 2026-06-21 23:03:51,356,356 multiprocessing INFO child process calling self.run()
SpawnPoolWorker-170| 2026-06-21 23:03:51,517,517 multiprocessing INFO STARTING NEW RUN ==========
SpawnPoolWorker-170| 2026-06-21 23:03:51,517,517 multiprocessing INFO SEE LOG AT : ./logs/all_Lyapunov_test_dso-fn_d_all_z_01_log.txt
SpawnPoolWorker-170| 2026-06-21 23:03:51,517,517 multiprocessing INFO See log at : ./logs/all_Lyapunov_test_dso-fn_d_all_z_01_log.txt
SpawnPoolWorker-170| 2026-06-21 23:03:51,521,521 multiprocessing INFO child process calling self.run()
SpawnPoolWorker-151| 2026-06-21 23:03:51,658,658 multiprocessing INFO STARTING NEW RUN ==========
SpawnPoolWorker-151| 2026-06-21 23:03:51,658,658 multiprocessing INFO SEE LOG AT : ./logs/all_Lyapunov_test_dso-fn_d_all_z_01_log.txt
SpawnPoolWorker-151| 2026-06-21 23:03:51,658,658 multiprocessing INFO See log at : ./logs/all_Lyapunov_test_dso-fn_d_all_z_01_log.txt
SpawnPoolWorker-151| 2026-06-21 23:03:51,660,660 multiprocessing INFO child process calling self.run()
SpawnPoolWorker-168| 2026-06-21 23:03:51,810,810 multiprocessing INFO STARTING NEW RUN ==========
SpawnPoolWorker-168| 2026-06-21 23:03:51,810,810 multiprocessing INFO SEE LOG AT : ./logs/all_Lyapunov_test_dso-fn_d_all_z_01_log.txt
SpawnPoolWorker-168| 2026-06-21 23:03:51,810,810 multiprocessing INFO See log at : ./logs/all_Lyapunov_test_dso-fn_d_all_z_01_log.txt
SpawnPoolWorker-168| 2026-06-21 23:03:51,812,812 multiprocessing INFO child process calling self.run()
SpawnPoolWorker-167| 2026-06-21 23:03:51,832,832 multiprocessing INFO STARTING NEW RUN ==========
SpawnPoolWorker-167| 2026-06-21 23:03:51,832,832 multiprocessing INFO SEE LOG AT : ./logs/all_Lyapunov_test_dso-fn_d_all_z_01_log.txt
SpawnPoolWorker-167| 2026-06-21 23:03:51,832,832 multiprocessing INFO See log at : ./logs/all_Lyapunov_test_dso-fn_d_all_z_01_log.txt
SpawnPoolWorker-167| 2026-06-21 23:03:51,834,834 multiprocessing INFO child process calling self.run()
SpawnPoolWorker-165| 2026-06-21 23:03:51,835,835 multiprocessing INFO STARTING NEW RUN ==========
SpawnPoolWorker-165| 2026-06-21 23:03:51,835,835 multiprocessing INFO SEE LOG AT : ./logs/all_Lyapunov_test_dso-fn_d_all_z_01_log.txt
SpawnPoolWorker-165| 2026-06-21 23:03:51,835,835 multiprocessing INFO See log at : ./logs/all_Lyapunov_test_dso-fn_d_all_z_01_log.txt
SpawnPoolWorker-165| 2026-06-21 23:03:51,839,839 multiprocessing INFO child process calling self.run()
SpawnPoolWorker-164| 2026-06-21 23:03:51,990,990 multiprocessing INFO STARTING NEW RUN ==========
SpawnPoolWorker-164| 2026-06-21 23:03:51,990,990 multiprocessing INFO SEE LOG AT : ./logs/all_Lyapunov_test_dso-fn_d_all_z_01_log.txt
SpawnPoolWorker-164| 2026-06-21 23:03:51,990,990 multiprocessing INFO See log at : ./logs/all_Lyapunov_test_dso-fn_d_all_z_01_log.txt
SpawnPoolWorker-164| 2026-06-21 23:03:51,993,993 multiprocessing INFO child process calling self.run()
SpawnPoolWorker-154| 2026-06-21 23:03:52,333,333 multiprocessing INFO STARTING NEW RUN ==========
SpawnPoolWorker-154| 2026-06-21 23:03:52,333,333 multiprocessing INFO SEE LOG AT : ./logs/all_Lyapunov_test_dso-fn_d_all_z_01_log.txt
SpawnPoolWorker-154| 2026-06-21 23:03:52,333,333 multiprocessing INFO See log at : ./logs/all_Lyapunov_test_dso-fn_d_all_z_01_log.txt
SpawnPoolWorker-154| 2026-06-21 23:03:52,335,335 multiprocessing INFO child process calling self.run()
SpawnPoolWorker-153| 2026-06-21 23:03:52,418,418 multiprocessing INFO STARTING NEW RUN ==========
SpawnPoolWorker-153| 2026-06-21 23:03:52,418,418 multiprocessing INFO SEE LOG AT : ./logs/all_Lyapunov_test_dso-fn_d_all_z_01_log.txt
SpawnPoolWorker-153| 2026-06-21 23:03:52,418,418 multiprocessing INFO See log at : ./logs/all_Lyapunov_test_dso-fn_d_all_z_01_log.txt
SpawnPoolWorker-153| 2026-06-21 23:03:52,424,424 multiprocessing INFO child process calling self.run()
SpawnPoolWorker-162| 2026-06-21 23:03:53,050,50 multiprocessing INFO STARTING NEW RUN ==========
SpawnPoolWorker-162| 2026-06-21 23:03:53,050,50 multiprocessing INFO SEE LOG AT : ./logs/all_Lyapunov_test_dso-fn_d_all_z_01_log.txt
SpawnPoolWorker-162| 2026-06-21 23:03:53,050,50 multiprocessing INFO See log at : ./logs/all_Lyapunov_test_dso-fn_d_all_z_01_log.txt
SpawnPoolWorker-162| 2026-06-21 23:03:53,053,53 multiprocessing INFO child process calling self.run()
SpawnPoolWorker-156| 2026-06-21 23:03:53,325,325 multiprocessing INFO STARTING NEW RUN ==========
SpawnPoolWorker-156| 2026-06-21 23:03:53,325,325 multiprocessing INFO SEE LOG AT : ./logs/all_Lyapunov_test_dso-fn_d_all_z_01_log.txt
SpawnPoolWorker-156| 2026-06-21 23:03:53,325,325 multiprocessing INFO See log at : ./logs/all_Lyapunov_test_dso-fn_d_all_z_01_log.txt
SpawnPoolWorker-156| 2026-06-21 23:03:53,327,327 multiprocessing INFO child process calling self.run()
SpawnPoolWorker-154| 2026-06-21 23:03:55,022,22 multiprocessing INFO process shutting down
SpawnPoolWorker-154| 2026-06-21 23:03:55,022,22 multiprocessing INFO process exiting with exitcode 0
SpawnPoolWorker-153| 2026-06-21 23:03:55,022,22 multiprocessing INFO process shutting down
SpawnPoolWorker-151| 2026-06-21 23:03:55,022,22 multiprocessing INFO process shutting down
SpawnPoolWorker-153| 2026-06-21 23:03:55,022,22 multiprocessing INFO process exiting with exitcode 0
SpawnPoolWorker-151| 2026-06-21 23:03:55,022,22 multiprocessing INFO process exiting with exitcode 0
SpawnPoolWorker-162| 2026-06-21 23:03:55,023,23 multiprocessing INFO process shutting down
SpawnPoolWorker-169| 2026-06-21 23:03:55,023,23 multiprocessing INFO process shutting down
SpawnPoolWorker-168| 2026-06-21 23:03:55,023,23 multiprocessing INFO process shutting down
SpawnPoolWorker-156| 2026-06-21 23:03:55,023,23 multiprocessing INFO process shutting down
SpawnPoolWorker-155| 2026-06-21 23:03:55,023,23 multiprocessing INFO process shutting down
SpawnPoolWorker-160| 2026-06-21 23:03:55,023,23 multiprocessing INFO process shutting down
SpawnPoolWorker-149| 2026-06-21 23:03:55,024,24 multiprocessing INFO process shutting down
SpawnPoolWorker-157| 2026-06-21 23:03:55,024,24 multiprocessing INFO process shutting down
SpawnPoolWorker-167| 2026-06-21 23:03:55,024,24 multiprocessing INFO process shutting down
SpawnPoolWorker-159| 2026-06-21 23:03:55,024,24 multiprocessing INFO process shutting down
SpawnPoolWorker-166| 2026-06-21 23:03:55,025,25 multiprocessing INFO process shutting down
SpawnPoolWorker-152| 2026-06-21 23:03:55,025,25 multiprocessing INFO process shutting down
SpawnPoolWorker-161| 2026-06-21 23:03:55,025,25 multiprocessing INFO process shutting down
SpawnPoolWorker-164| 2026-06-21 23:03:55,025,25 multiprocessing INFO process shutting down
SpawnPoolWorker-148| 2026-06-21 23:03:55,024,24 multiprocessing INFO process shutting down
SpawnPoolWorker-150| 2026-06-21 23:03:55,025,25 multiprocessing INFO process shutting down
SpawnPoolWorker-147| 2026-06-21 23:03:55,025,25 multiprocessing INFO process shutting down
SpawnPoolWorker-165| 2026-06-21 23:03:55,025,25 multiprocessing INFO process shutting down
29
(50000, 6)
(50000,)
(50000, 6)
(50000,)

=======================Successfully Added (25000, 6) Counter Examples=======================


============None of the candidates fulfill the conditions. Training CONTINUES!=================

MainProcess| 2026-06-21 23:03:57,497,497 multiprocessing INFO 
============None of the candidates fulfill the conditions. Training CONTINUES!=================


============None of the candidates fulfill the conditions. Training CONTINUES!=================

(55, 108)
/users/9/chen8596/miniconda3/envs/alfd/lib/python3.9/site-packages/torch/nn/functional.py:4999: UserWarning: Support for mismatched key_padding_mask and attn_mask is deprecated. Use same type for both instead.
  warnings.warn(

==============Start Supervised Learning==============

MainProcess| 2026-06-21 23:04:01,798,798 multiprocessing INFO GP output mean: 0.3810585494002987
GP output mean: 0.3810585494002987
MainProcess| 2026-06-21 23:04:02,343,343 multiprocessing INFO GP output success rate: 0.0
GP output success rate: 0.0

==============End Supervised Learning==============

MainProcess| 2026-06-21 23:04:04,239,239 multiprocessing INFO [Test epoch=0005]  nevals=68905 	| train_loss=5517.43652 	| eqs_invalid %=0.00 	| r_best=0.94192 	| quantile=0.08102 	| r_quantile_mean=0.48034 	| r_raw_sum=27.05337 	|  r_raw_mean=0.33399 	| r2=nan 	| acc_iid=0.00000 	| acc_ood=0.00000 	| nmse_test=0.2912998128239591 	| true_equation_set_count=0 	| s/it=123.46044
[Test epoch=0005]  nevals=68905 	| train_loss=5517.43652 	| eqs_invalid %=0.00 	| r_best=0.94192 	| quantile=0.08102 	| r_quantile_mean=0.48034 	| r_raw_sum=27.05337 	|  r_raw_mean=0.33399 	| r2=nan 	| acc_iid=0.00000 	| acc_ood=0.00000 	| nmse_test=0.2912998128239591 	| true_equation_set_count=0 	| s/it=123.46044
MainProcess| 2026-06-21 23:04:04,239,239 multiprocessing INFO [00:00:11:44.32] Training epoch 5/4000, current best R: 0.9419
[00:00:11:44.32] Training epoch 5/4000, current best R: 0.9419
MainProcess| 2026-06-21 23:05:10,231,231 multiprocessing INFO Genetic Porgramming Runtime 65.32246568705887
Genetic Porgramming Runtime 65.32246568705887

=========================PGD Collection Starts=========================

SpawnPoolWorker-171| 2026-06-21 23:05:15,071,71 multiprocessing INFO STARTING NEW RUN ==========
SpawnPoolWorker-171| 2026-06-21 23:05:15,071,71 multiprocessing INFO SEE LOG AT : ./logs/all_Lyapunov_test_dso-fn_d_all_z_01_log.txt
SpawnPoolWorker-171| 2026-06-21 23:05:15,071,71 multiprocessing INFO See log at : ./logs/all_Lyapunov_test_dso-fn_d_all_z_01_log.txt
SpawnPoolWorker-171| 2026-06-21 23:05:15,075,75 multiprocessing INFO child process calling self.run()
SpawnPoolWorker-174| 2026-06-21 23:05:15,233,233 multiprocessing INFO STARTING NEW RUN ==========
SpawnPoolWorker-174| 2026-06-21 23:05:15,234,234 multiprocessing INFO SEE LOG AT : ./logs/all_Lyapunov_test_dso-fn_d_all_z_01_log.txt
SpawnPoolWorker-174| 2026-06-21 23:05:15,234,234 multiprocessing INFO See log at : ./logs/all_Lyapunov_test_dso-fn_d_all_z_01_log.txt
SpawnPoolWorker-174| 2026-06-21 23:05:15,256,256 multiprocessing INFO child process calling self.run()
SpawnPoolWorker-176| 2026-06-21 23:05:15,263,263 multiprocessing INFO STARTING NEW RUN ==========
SpawnPoolWorker-176| 2026-06-21 23:05:15,263,263 multiprocessing INFO SEE LOG AT : ./logs/all_Lyapunov_test_dso-fn_d_all_z_01_log.txt
SpawnPoolWorker-176| 2026-06-21 23:05:15,263,263 multiprocessing INFO See log at : ./logs/all_Lyapunov_test_dso-fn_d_all_z_01_log.txt
SpawnPoolWorker-176| 2026-06-21 23:05:15,265,265 multiprocessing INFO child process calling self.run()
SpawnPoolWorker-173| 2026-06-21 23:05:16,140,140 multiprocessing INFO STARTING NEW RUN ==========
SpawnPoolWorker-173| 2026-06-21 23:05:16,140,140 multiprocessing INFO SEE LOG AT : ./logs/all_Lyapunov_test_dso-fn_d_all_z_01_log.txt
SpawnPoolWorker-173| 2026-06-21 23:05:16,140,140 multiprocessing INFO See log at : ./logs/all_Lyapunov_test_dso-fn_d_all_z_01_log.txt
SpawnPoolWorker-173| 2026-06-21 23:05:16,144,144 multiprocessing INFO child process calling self.run()
SpawnPoolWorker-179| 2026-06-21 23:05:16,227,227 multiprocessing INFO STARTING NEW RUN ==========
SpawnPoolWorker-179| 2026-06-21 23:05:16,227,227 multiprocessing INFO SEE LOG AT : ./logs/all_Lyapunov_test_dso-fn_d_all_z_01_log.txt
SpawnPoolWorker-179| 2026-06-21 23:05:16,227,227 multiprocessing INFO See log at : ./logs/all_Lyapunov_test_dso-fn_d_all_z_01_log.txt
SpawnPoolWorker-179| 2026-06-21 23:05:16,234,234 multiprocessing INFO child process calling self.run()
SpawnPoolWorker-172| 2026-06-21 23:05:16,384,384 multiprocessing INFO STARTING NEW RUN ==========
SpawnPoolWorker-172| 2026-06-21 23:05:16,384,384 multiprocessing INFO SEE LOG AT : ./logs/all_Lyapunov_test_dso-fn_d_all_z_01_log.txt
SpawnPoolWorker-172| 2026-06-21 23:05:16,385,385 multiprocessing INFO See log at : ./logs/all_Lyapunov_test_dso-fn_d_all_z_01_log.txt
SpawnPoolWorker-172| 2026-06-21 23:05:16,387,387 multiprocessing INFO child process calling self.run()
SpawnPoolWorker-178| 2026-06-21 23:05:16,694,694 multiprocessing INFO STARTING NEW RUN ==========
SpawnPoolWorker-178| 2026-06-21 23:05:16,694,694 multiprocessing INFO SEE LOG AT : ./logs/all_Lyapunov_test_dso-fn_d_all_z_01_log.txt
SpawnPoolWorker-178| 2026-06-21 23:05:16,694,694 multiprocessing INFO See log at : ./logs/all_Lyapunov_test_dso-fn_d_all_z_01_log.txt
SpawnPoolWorker-178| 2026-06-21 23:05:16,698,698 multiprocessing INFO child process calling self.run()
SpawnPoolWorker-180| 2026-06-21 23:05:16,945,945 multiprocessing INFO STARTING NEW RUN ==========
SpawnPoolWorker-180| 2026-06-21 23:05:16,945,945 multiprocessing INFO SEE LOG AT : ./logs/all_Lyapunov_test_dso-fn_d_all_z_01_log.txt
SpawnPoolWorker-180| 2026-06-21 23:05:16,945,945 multiprocessing INFO See log at : ./logs/all_Lyapunov_test_dso-fn_d_all_z_01_log.txt
SpawnPoolWorker-180| 2026-06-21 23:05:16,949,949 multiprocessing INFO child process calling self.run()
SpawnPoolWorker-175| 2026-06-21 23:05:16,986,986 multiprocessing INFO STARTING NEW RUN ==========
SpawnPoolWorker-175| 2026-06-21 23:05:16,986,986 multiprocessing INFO SEE LOG AT : ./logs/all_Lyapunov_test_dso-fn_d_all_z_01_log.txt
SpawnPoolWorker-175| 2026-06-21 23:05:16,986,986 multiprocessing INFO See log at : ./logs/all_Lyapunov_test_dso-fn_d_all_z_01_log.txt
SpawnPoolWorker-175| 2026-06-21 23:05:16,991,991 multiprocessing INFO child process calling self.run()
SpawnPoolWorker-177| 2026-06-21 23:05:17,181,181 multiprocessing INFO STARTING NEW RUN ==========
SpawnPoolWorker-177| 2026-06-21 23:05:17,181,181 multiprocessing INFO SEE LOG AT : ./logs/all_Lyapunov_test_dso-fn_d_all_z_01_log.txt
SpawnPoolWorker-177| 2026-06-21 23:05:17,181,181 multiprocessing INFO See log at : ./logs/all_Lyapunov_test_dso-fn_d_all_z_01_log.txt
SpawnPoolWorker-177| 2026-06-21 23:05:17,183,183 multiprocessing INFO child process calling self.run()
SpawnPoolWorker-172| 2026-06-21 23:05:32,528,528 multiprocessing INFO process shutting down
SpawnPoolWorker-175| 2026-06-21 23:05:32,528,528 multiprocessing INFO process shutting down
SpawnPoolWorker-171| 2026-06-21 23:05:32,528,528 multiprocessing INFO process shutting down
SpawnPoolWorker-174| 2026-06-21 23:05:32,528,528 multiprocessing INFO process shutting down
SpawnPoolWorker-177| 2026-06-21 23:05:32,528,528 multiprocessing INFO process shutting down
SpawnPoolWorker-172| 2026-06-21 23:05:32,528,528 multiprocessing INFO process exiting with exitcode 0
SpawnPoolWorker-171| 2026-06-21 23:05:32,528,528 multiprocessing INFO process exiting with exitcode 0
SpawnPoolWorker-175| 2026-06-21 23:05:32,528,528 multiprocessing INFO process exiting with exitcode 0
SpawnPoolWorker-174| 2026-06-21 23:05:32,529,529 multiprocessing INFO process exiting with exitcode 0
SpawnPoolWorker-177| 2026-06-21 23:05:32,529,529 multiprocessing INFO process exiting with exitcode 0
SpawnPoolWorker-178| 2026-06-21 23:05:32,529,529 multiprocessing INFO process shutting down
SpawnPoolWorker-179| 2026-06-21 23:05:32,529,529 multiprocessing INFO process shutting down
SpawnPoolWorker-173| 2026-06-21 23:05:32,530,530 multiprocessing INFO process shutting down
SpawnPoolWorker-180| 2026-06-21 23:05:32,530,530 multiprocessing INFO process shutting down
SpawnPoolWorker-176| 2026-06-21 23:05:32,530,530 multiprocessing INFO process shutting down
(10000,)

===================Collect 10000 Examples===================

Epsilon 0.1
500
(550,)
(550,)
(55,)
Number of Programs for Minimization: 34
SpawnPoolWorker-181| 2026-06-21 23:05:46,203,203 multiprocessing INFO STARTING NEW RUN ==========
SpawnPoolWorker-181| 2026-06-21 23:05:46,203,203 multiprocessing INFO SEE LOG AT : ./logs/all_Lyapunov_test_dso-fn_d_all_z_01_log.txt
SpawnPoolWorker-181| 2026-06-21 23:05:46,203,203 multiprocessing INFO See log at : ./logs/all_Lyapunov_test_dso-fn_d_all_z_01_log.txt
SpawnPoolWorker-181| 2026-06-21 23:05:46,215,215 multiprocessing INFO child process calling self.run()
SpawnPoolWorker-182| 2026-06-21 23:05:46,523,523 multiprocessing INFO STARTING NEW RUN ==========
SpawnPoolWorker-182| 2026-06-21 23:05:46,523,523 multiprocessing INFO SEE LOG AT : ./logs/all_Lyapunov_test_dso-fn_d_all_z_01_log.txt
SpawnPoolWorker-182| 2026-06-21 23:05:46,523,523 multiprocessing INFO See log at : ./logs/all_Lyapunov_test_dso-fn_d_all_z_01_log.txt
SpawnPoolWorker-182| 2026-06-21 23:05:46,528,528 multiprocessing INFO child process calling self.run()
SpawnPoolWorker-183| 2026-06-21 23:05:46,811,811 multiprocessing INFO STARTING NEW RUN ==========
SpawnPoolWorker-183| 2026-06-21 23:05:46,811,811 multiprocessing INFO SEE LOG AT : ./logs/all_Lyapunov_test_dso-fn_d_all_z_01_log.txt
SpawnPoolWorker-183| 2026-06-21 23:05:46,811,811 multiprocessing INFO See log at : ./logs/all_Lyapunov_test_dso-fn_d_all_z_01_log.txt
SpawnPoolWorker-183| 2026-06-21 23:05:46,813,813 multiprocessing INFO child process calling self.run()
SpawnPoolWorker-194| 2026-06-21 23:05:46,890,890 multiprocessing INFO STARTING NEW RUN ==========
SpawnPoolWorker-194| 2026-06-21 23:05:46,890,890 multiprocessing INFO SEE LOG AT : ./logs/all_Lyapunov_test_dso-fn_d_all_z_01_log.txt
SpawnPoolWorker-194| 2026-06-21 23:05:46,890,890 multiprocessing INFO See log at : ./logs/all_Lyapunov_test_dso-fn_d_all_z_01_log.txt
SpawnPoolWorker-194| 2026-06-21 23:05:46,896,896 multiprocessing INFO child process calling self.run()
SpawnPoolWorker-187| 2026-06-21 23:05:46,987,987 multiprocessing INFO STARTING NEW RUN ==========
SpawnPoolWorker-187| 2026-06-21 23:05:46,987,987 multiprocessing INFO SEE LOG AT : ./logs/all_Lyapunov_test_dso-fn_d_all_z_01_log.txt
SpawnPoolWorker-187| 2026-06-21 23:05:46,987,987 multiprocessing INFO See log at : ./logs/all_Lyapunov_test_dso-fn_d_all_z_01_log.txt
SpawnPoolWorker-187| 2026-06-21 23:05:46,992,992 multiprocessing INFO child process calling self.run()
SpawnPoolWorker-186| 2026-06-21 23:05:47,069,69 multiprocessing INFO STARTING NEW RUN ==========
SpawnPoolWorker-186| 2026-06-21 23:05:47,069,69 multiprocessing INFO SEE LOG AT : ./logs/all_Lyapunov_test_dso-fn_d_all_z_01_log.txt
SpawnPoolWorker-186| 2026-06-21 23:05:47,069,69 multiprocessing INFO See log at : ./logs/all_Lyapunov_test_dso-fn_d_all_z_01_log.txt
SpawnPoolWorker-186| 2026-06-21 23:05:47,071,71 multiprocessing INFO child process calling self.run()
SpawnPoolWorker-192| 2026-06-21 23:05:47,090,90 multiprocessing INFO STARTING NEW RUN ==========
SpawnPoolWorker-192| 2026-06-21 23:05:47,098,98 multiprocessing INFO SEE LOG AT : ./logs/all_Lyapunov_test_dso-fn_d_all_z_01_log.txt
SpawnPoolWorker-192| 2026-06-21 23:05:47,098,98 multiprocessing INFO See log at : ./logs/all_Lyapunov_test_dso-fn_d_all_z_01_log.txt
SpawnPoolWorker-192| 2026-06-21 23:05:47,108,108 multiprocessing INFO child process calling self.run()
SpawnPoolWorker-184| 2026-06-21 23:05:47,438,438 multiprocessing INFO STARTING NEW RUN ==========
SpawnPoolWorker-184| 2026-06-21 23:05:47,438,438 multiprocessing INFO SEE LOG AT : ./logs/all_Lyapunov_test_dso-fn_d_all_z_01_log.txt
SpawnPoolWorker-184| 2026-06-21 23:05:47,439,439 multiprocessing INFO See log at : ./logs/all_Lyapunov_test_dso-fn_d_all_z_01_log.txt
SpawnPoolWorker-184| 2026-06-21 23:05:47,444,444 multiprocessing INFO child process calling self.run()
SpawnPoolWorker-199| 2026-06-21 23:05:47,448,448 multiprocessing INFO STARTING NEW RUN ==========
SpawnPoolWorker-199| 2026-06-21 23:05:47,449,449 multiprocessing INFO SEE LOG AT : ./logs/all_Lyapunov_test_dso-fn_d_all_z_01_log.txt
SpawnPoolWorker-199| 2026-06-21 23:05:47,449,449 multiprocessing INFO See log at : ./logs/all_Lyapunov_test_dso-fn_d_all_z_01_log.txt
SpawnPoolWorker-199| 2026-06-21 23:05:47,452,452 multiprocessing INFO child process calling self.run()
SpawnPoolWorker-197| 2026-06-21 23:05:47,581,581 multiprocessing INFO STARTING NEW RUN ==========
SpawnPoolWorker-197| 2026-06-21 23:05:47,581,581 multiprocessing INFO SEE LOG AT : ./logs/all_Lyapunov_test_dso-fn_d_all_z_01_log.txt
SpawnPoolWorker-197| 2026-06-21 23:05:47,581,581 multiprocessing INFO See log at : ./logs/all_Lyapunov_test_dso-fn_d_all_z_01_log.txt
SpawnPoolWorker-197| 2026-06-21 23:05:47,586,586 multiprocessing INFO child process calling self.run()
SpawnPoolWorker-203| 2026-06-21 23:05:48,060,60 multiprocessing INFO STARTING NEW RUN ==========
SpawnPoolWorker-203| 2026-06-21 23:05:48,060,60 multiprocessing INFO SEE LOG AT : ./logs/all_Lyapunov_test_dso-fn_d_all_z_01_log.txt
SpawnPoolWorker-203| 2026-06-21 23:05:48,060,60 multiprocessing INFO See log at : ./logs/all_Lyapunov_test_dso-fn_d_all_z_01_log.txt
SpawnPoolWorker-203| 2026-06-21 23:05:48,065,65 multiprocessing INFO child process calling self.run()
SpawnPoolWorker-188| 2026-06-21 23:05:48,406,406 multiprocessing INFO STARTING NEW RUN ==========
SpawnPoolWorker-188| 2026-06-21 23:05:48,406,406 multiprocessing INFO SEE LOG AT : ./logs/all_Lyapunov_test_dso-fn_d_all_z_01_log.txt
SpawnPoolWorker-188| 2026-06-21 23:05:48,406,406 multiprocessing INFO See log at : ./logs/all_Lyapunov_test_dso-fn_d_all_z_01_log.txt
SpawnPoolWorker-188| 2026-06-21 23:05:48,412,412 multiprocessing INFO child process calling self.run()
SpawnPoolWorker-189| 2026-06-21 23:05:48,451,451 multiprocessing INFO STARTING NEW RUN ==========
SpawnPoolWorker-189| 2026-06-21 23:05:48,451,451 multiprocessing INFO SEE LOG AT : ./logs/all_Lyapunov_test_dso-fn_d_all_z_01_log.txt
SpawnPoolWorker-189| 2026-06-21 23:05:48,451,451 multiprocessing INFO See log at : ./logs/all_Lyapunov_test_dso-fn_d_all_z_01_log.txt
SpawnPoolWorker-189| 2026-06-21 23:05:48,455,455 multiprocessing INFO child process calling self.run()
SpawnPoolWorker-204| 2026-06-21 23:05:48,477,477 multiprocessing INFO STARTING NEW RUN ==========
SpawnPoolWorker-204| 2026-06-21 23:05:48,477,477 multiprocessing INFO SEE LOG AT : ./logs/all_Lyapunov_test_dso-fn_d_all_z_01_log.txt
SpawnPoolWorker-204| 2026-06-21 23:05:48,477,477 multiprocessing INFO See log at : ./logs/all_Lyapunov_test_dso-fn_d_all_z_01_log.txt
SpawnPoolWorker-204| 2026-06-21 23:05:48,484,484 multiprocessing INFO child process calling self.run()
SpawnPoolWorker-190| 2026-06-21 23:05:48,558,558 multiprocessing INFO STARTING NEW RUN ==========
SpawnPoolWorker-190| 2026-06-21 23:05:48,558,558 multiprocessing INFO SEE LOG AT : ./logs/all_Lyapunov_test_dso-fn_d_all_z_01_log.txt
SpawnPoolWorker-190| 2026-06-21 23:05:48,558,558 multiprocessing INFO See log at : ./logs/all_Lyapunov_test_dso-fn_d_all_z_01_log.txt
SpawnPoolWorker-190| 2026-06-21 23:05:48,575,575 multiprocessing INFO child process calling self.run()
SpawnPoolWorker-191| 2026-06-21 23:05:48,976,976 multiprocessing INFO STARTING NEW RUN ==========
SpawnPoolWorker-191| 2026-06-21 23:05:48,977,977 multiprocessing INFO SEE LOG AT : ./logs/all_Lyapunov_test_dso-fn_d_all_z_01_log.txt
SpawnPoolWorker-191| 2026-06-21 23:05:48,977,977 multiprocessing INFO See log at : ./logs/all_Lyapunov_test_dso-fn_d_all_z_01_log.txt
SpawnPoolWorker-191| 2026-06-21 23:05:48,978,978 multiprocessing INFO child process calling self.run()
SpawnPoolWorker-185| 2026-06-21 23:05:49,056,56 multiprocessing INFO STARTING NEW RUN ==========
SpawnPoolWorker-185| 2026-06-21 23:05:49,056,56 multiprocessing INFO SEE LOG AT : ./logs/all_Lyapunov_test_dso-fn_d_all_z_01_log.txt
SpawnPoolWorker-185| 2026-06-21 23:05:49,056,56 multiprocessing INFO See log at : ./logs/all_Lyapunov_test_dso-fn_d_all_z_01_log.txt
SpawnPoolWorker-185| 2026-06-21 23:05:49,066,66 multiprocessing INFO child process calling self.run()
SpawnPoolWorker-202| 2026-06-21 23:05:49,361,361 multiprocessing INFO STARTING NEW RUN ==========
SpawnPoolWorker-202| 2026-06-21 23:05:49,361,361 multiprocessing INFO SEE LOG AT : ./logs/all_Lyapunov_test_dso-fn_d_all_z_01_log.txt
SpawnPoolWorker-202| 2026-06-21 23:05:49,361,361 multiprocessing INFO See log at : ./logs/all_Lyapunov_test_dso-fn_d_all_z_01_log.txt
SpawnPoolWorker-202| 2026-06-21 23:05:49,363,363 multiprocessing INFO child process calling self.run()
SpawnPoolWorker-193| 2026-06-21 23:05:49,622,622 multiprocessing INFO STARTING NEW RUN ==========
SpawnPoolWorker-193| 2026-06-21 23:05:49,622,622 multiprocessing INFO SEE LOG AT : ./logs/all_Lyapunov_test_dso-fn_d_all_z_01_log.txt
SpawnPoolWorker-193| 2026-06-21 23:05:49,622,622 multiprocessing INFO See log at : ./logs/all_Lyapunov_test_dso-fn_d_all_z_01_log.txt
SpawnPoolWorker-193| 2026-06-21 23:05:49,624,624 multiprocessing INFO child process calling self.run()
SpawnPoolWorker-195| 2026-06-21 23:05:49,863,863 multiprocessing INFO STARTING NEW RUN ==========
SpawnPoolWorker-195| 2026-06-21 23:05:49,863,863 multiprocessing INFO SEE LOG AT : ./logs/all_Lyapunov_test_dso-fn_d_all_z_01_log.txt
SpawnPoolWorker-195| 2026-06-21 23:05:49,863,863 multiprocessing INFO See log at : ./logs/all_Lyapunov_test_dso-fn_d_all_z_01_log.txt
SpawnPoolWorker-195| 2026-06-21 23:05:49,876,876 multiprocessing INFO child process calling self.run()
SpawnPoolWorker-196| 2026-06-21 23:05:49,912,912 multiprocessing INFO STARTING NEW RUN ==========
SpawnPoolWorker-196| 2026-06-21 23:05:49,912,912 multiprocessing INFO SEE LOG AT : ./logs/all_Lyapunov_test_dso-fn_d_all_z_01_log.txt
SpawnPoolWorker-196| 2026-06-21 23:05:49,912,912 multiprocessing INFO See log at : ./logs/all_Lyapunov_test_dso-fn_d_all_z_01_log.txt
SpawnPoolWorker-196| 2026-06-21 23:05:49,920,920 multiprocessing INFO child process calling self.run()
SpawnPoolWorker-198| 2026-06-21 23:05:49,933,933 multiprocessing INFO STARTING NEW RUN ==========
SpawnPoolWorker-198| 2026-06-21 23:05:49,934,934 multiprocessing INFO SEE LOG AT : ./logs/all_Lyapunov_test_dso-fn_d_all_z_01_log.txt
SpawnPoolWorker-198| 2026-06-21 23:05:49,934,934 multiprocessing INFO See log at : ./logs/all_Lyapunov_test_dso-fn_d_all_z_01_log.txt
SpawnPoolWorker-198| 2026-06-21 23:05:49,939,939 multiprocessing INFO child process calling self.run()
SpawnPoolWorker-200| 2026-06-21 23:05:49,944,944 multiprocessing INFO STARTING NEW RUN ==========
SpawnPoolWorker-200| 2026-06-21 23:05:49,944,944 multiprocessing INFO SEE LOG AT : ./logs/all_Lyapunov_test_dso-fn_d_all_z_01_log.txt
SpawnPoolWorker-200| 2026-06-21 23:05:49,944,944 multiprocessing INFO See log at : ./logs/all_Lyapunov_test_dso-fn_d_all_z_01_log.txt
SpawnPoolWorker-200| 2026-06-21 23:05:49,960,960 multiprocessing INFO child process calling self.run()
SpawnPoolWorker-201| 2026-06-21 23:05:50,814,814 multiprocessing INFO STARTING NEW RUN ==========
SpawnPoolWorker-201| 2026-06-21 23:05:50,814,814 multiprocessing INFO SEE LOG AT : ./logs/all_Lyapunov_test_dso-fn_d_all_z_01_log.txt
SpawnPoolWorker-201| 2026-06-21 23:05:50,814,814 multiprocessing INFO See log at : ./logs/all_Lyapunov_test_dso-fn_d_all_z_01_log.txt
SpawnPoolWorker-201| 2026-06-21 23:05:50,824,824 multiprocessing INFO child process calling self.run()
SpawnPoolWorker-184| 2026-06-21 23:05:53,960,960 multiprocessing INFO process shutting down
SpawnPoolWorker-184| 2026-06-21 23:05:53,961,961 multiprocessing INFO process exiting with exitcode 0
SpawnPoolWorker-188| 2026-06-21 23:05:53,961,961 multiprocessing INFO process shutting down
SpawnPoolWorker-204| 2026-06-21 23:05:53,961,961 multiprocessing INFO process shutting down
SpawnPoolWorker-189| 2026-06-21 23:05:53,961,961 multiprocessing INFO process shutting down
SpawnPoolWorker-186| 2026-06-21 23:05:53,961,961 multiprocessing INFO process shutting down
SpawnPoolWorker-199| 2026-06-21 23:05:53,961,961 multiprocessing INFO process shutting down
SpawnPoolWorker-192| 2026-06-21 23:05:53,962,962 multiprocessing INFO process shutting down
SpawnPoolWorker-197| 2026-06-21 23:05:53,962,962 multiprocessing INFO process shutting down
SpawnPoolWorker-188| 2026-06-21 23:05:53,962,962 multiprocessing INFO process exiting with exitcode 0
SpawnPoolWorker-183| 2026-06-21 23:05:53,962,962 multiprocessing INFO process shutting down
SpawnPoolWorker-197| 2026-06-21 23:05:53,963,963 multiprocessing INFO process exiting with exitcode 0
SpawnPoolWorker-190| 2026-06-21 23:05:53,962,962 multiprocessing INFO process shutting down
SpawnPoolWorker-183| 2026-06-21 23:05:53,963,963 multiprocessing INFO process exiting with exitcode 0
SpawnPoolWorker-196| 2026-06-21 23:05:53,963,963 multiprocessing INFO process shutting down
SpawnPoolWorker-193| 2026-06-21 23:05:53,963,963 multiprocessing INFO process shutting down
SpawnPoolWorker-185| 2026-06-21 23:05:53,963,963 multiprocessing INFO process shutting down
SpawnPoolWorker-200| 2026-06-21 23:05:53,964,964 multiprocessing INFO process shutting down
SpawnPoolWorker-191| 2026-06-21 23:05:53,964,964 multiprocessing INFO process shutting down
SpawnPoolWorker-181| 2026-06-21 23:05:53,963,963 multiprocessing INFO process shutting down
SpawnPoolWorker-202| 2026-06-21 23:05:53,964,964 multiprocessing INFO process shutting down
SpawnPoolWorker-203| 2026-06-21 23:05:53,964,964 multiprocessing INFO process shutting down
SpawnPoolWorker-204| 2026-06-21 23:05:53,965,965 multiprocessing INFO process exiting with exitcode 0
SpawnPoolWorker-187| 2026-06-21 23:05:53,965,965 multiprocessing INFO process shutting down
SpawnPoolWorker-195| 2026-06-21 23:05:53,965,965 multiprocessing INFO process shutting down
SpawnPoolWorker-187| 2026-06-21 23:05:53,966,966 multiprocessing INFO process exiting with exitcode 0
SpawnPoolWorker-195| 2026-06-21 23:05:53,966,966 multiprocessing INFO process exiting with exitcode 0
SpawnPoolWorker-201| 2026-06-21 23:05:53,967,967 multiprocessing INFO process shutting down
SpawnPoolWorker-189| 2026-06-21 23:05:53,967,967 multiprocessing INFO process exiting with exitcode 0
SpawnPoolWorker-201| 2026-06-21 23:05:53,967,967 multiprocessing INFO process exiting with exitcode 0
SpawnPoolWorker-198| 2026-06-21 23:05:53,967,967 multiprocessing INFO process shutting down
34
(50000, 6)
(50000,)
(50000, 6)
(50000,)

=======================Successfully Added (25000, 6) Counter Examples=======================


============None of the candidates fulfill the conditions. Training CONTINUES!=================

MainProcess| 2026-06-21 23:05:55,643,643 multiprocessing INFO 
============None of the candidates fulfill the conditions. Training CONTINUES!=================


============None of the candidates fulfill the conditions. Training CONTINUES!=================

(55, 108)
/users/9/chen8596/miniconda3/envs/alfd/lib/python3.9/site-packages/torch/nn/functional.py:4999: UserWarning: Support for mismatched key_padding_mask and attn_mask is deprecated. Use same type for both instead.
  warnings.warn(

==============Start Supervised Learning==============

MainProcess| 2026-06-21 23:05:58,737,737 multiprocessing INFO GP output mean: 0.17880933537707586
GP output mean: 0.17880933537707586
MainProcess| 2026-06-21 23:05:59,099,99 multiprocessing INFO GP output success rate: 0.0
GP output success rate: 0.0

==============End Supervised Learning==============

MainProcess| 2026-06-21 23:06:01,766,766 multiprocessing INFO [Test epoch=0006]  nevals=82629 	| train_loss=2933.63647 	| eqs_invalid %=0.00 	| r_best=0.94192 	| quantile=0.08023 	| r_quantile_mean=0.49151 	| r_raw_sum=27.76130 	|  r_raw_mean=0.36054 	| r2=nan 	| acc_iid=0.00000 	| acc_ood=0.00000 	| nmse_test=0.2912998128239591 	| true_equation_set_count=0 	| s/it=117.52658
[Test epoch=0006]  nevals=82629 	| train_loss=2933.63647 	| eqs_invalid %=0.00 	| r_best=0.94192 	| quantile=0.08023 	| r_quantile_mean=0.49151 	| r_raw_sum=27.76130 	|  r_raw_mean=0.36054 	| r2=nan 	| acc_iid=0.00000 	| acc_ood=0.00000 	| nmse_test=0.2912998128239591 	| true_equation_set_count=0 	| s/it=117.52658
MainProcess| 2026-06-21 23:06:59,363,363 multiprocessing INFO Genetic Porgramming Runtime 56.563628864940256
Genetic Porgramming Runtime 56.563628864940256

=========================PGD Collection Starts=========================

SpawnPoolWorker-207| 2026-06-21 23:07:06,042,42 multiprocessing INFO STARTING NEW RUN ==========
SpawnPoolWorker-207| 2026-06-21 23:07:06,043,43 multiprocessing INFO SEE LOG AT : ./logs/all_Lyapunov_test_dso-fn_d_all_z_01_log.txt
SpawnPoolWorker-207| 2026-06-21 23:07:06,043,43 multiprocessing INFO See log at : ./logs/all_Lyapunov_test_dso-fn_d_all_z_01_log.txt
SpawnPoolWorker-207| 2026-06-21 23:07:06,044,44 multiprocessing INFO child process calling self.run()
SpawnPoolWorker-206| 2026-06-21 23:07:06,242,242 multiprocessing INFO STARTING NEW RUN ==========
SpawnPoolWorker-206| 2026-06-21 23:07:06,242,242 multiprocessing INFO SEE LOG AT : ./logs/all_Lyapunov_test_dso-fn_d_all_z_01_log.txt
SpawnPoolWorker-206| 2026-06-21 23:07:06,242,242 multiprocessing INFO See log at : ./logs/all_Lyapunov_test_dso-fn_d_all_z_01_log.txt
SpawnPoolWorker-206| 2026-06-21 23:07:06,244,244 multiprocessing INFO child process calling self.run()
SpawnPoolWorker-205| 2026-06-21 23:07:06,574,574 multiprocessing INFO STARTING NEW RUN ==========
SpawnPoolWorker-205| 2026-06-21 23:07:06,575,575 multiprocessing INFO SEE LOG AT : ./logs/all_Lyapunov_test_dso-fn_d_all_z_01_log.txt
SpawnPoolWorker-205| 2026-06-21 23:07:06,575,575 multiprocessing INFO See log at : ./logs/all_Lyapunov_test_dso-fn_d_all_z_01_log.txt
SpawnPoolWorker-205| 2026-06-21 23:07:06,577,577 multiprocessing INFO child process calling self.run()
SpawnPoolWorker-213| 2026-06-21 23:07:06,863,863 multiprocessing INFO STARTING NEW RUN ==========
SpawnPoolWorker-213| 2026-06-21 23:07:06,863,863 multiprocessing INFO SEE LOG AT : ./logs/all_Lyapunov_test_dso-fn_d_all_z_01_log.txt
SpawnPoolWorker-213| 2026-06-21 23:07:06,863,863 multiprocessing INFO See log at : ./logs/all_Lyapunov_test_dso-fn_d_all_z_01_log.txt
SpawnPoolWorker-213| 2026-06-21 23:07:06,866,866 multiprocessing INFO child process calling self.run()
SpawnPoolWorker-211| 2026-06-21 23:07:07,201,201 multiprocessing INFO STARTING NEW RUN ==========
SpawnPoolWorker-211| 2026-06-21 23:07:07,201,201 multiprocessing INFO SEE LOG AT : ./logs/all_Lyapunov_test_dso-fn_d_all_z_01_log.txt
SpawnPoolWorker-211| 2026-06-21 23:07:07,201,201 multiprocessing INFO See log at : ./logs/all_Lyapunov_test_dso-fn_d_all_z_01_log.txt
SpawnPoolWorker-211| 2026-06-21 23:07:07,204,204 multiprocessing INFO child process calling self.run()
SpawnPoolWorker-208| 2026-06-21 23:07:07,224,224 multiprocessing INFO STARTING NEW RUN ==========
SpawnPoolWorker-208| 2026-06-21 23:07:07,224,224 multiprocessing INFO SEE LOG AT : ./logs/all_Lyapunov_test_dso-fn_d_all_z_01_log.txt
SpawnPoolWorker-208| 2026-06-21 23:07:07,224,224 multiprocessing INFO See log at : ./logs/all_Lyapunov_test_dso-fn_d_all_z_01_log.txt
SpawnPoolWorker-208| 2026-06-21 23:07:07,231,231 multiprocessing INFO child process calling self.run()
SpawnPoolWorker-210| 2026-06-21 23:07:07,413,413 multiprocessing INFO STARTING NEW RUN ==========
SpawnPoolWorker-210| 2026-06-21 23:07:07,413,413 multiprocessing INFO SEE LOG AT : ./logs/all_Lyapunov_test_dso-fn_d_all_z_01_log.txt
SpawnPoolWorker-210| 2026-06-21 23:07:07,413,413 multiprocessing INFO See log at : ./logs/all_Lyapunov_test_dso-fn_d_all_z_01_log.txt
SpawnPoolWorker-210| 2026-06-21 23:07:07,417,417 multiprocessing INFO child process calling self.run()
SpawnPoolWorker-214| 2026-06-21 23:07:07,514,514 multiprocessing INFO STARTING NEW RUN ==========
SpawnPoolWorker-214| 2026-06-21 23:07:07,514,514 multiprocessing INFO SEE LOG AT : ./logs/all_Lyapunov_test_dso-fn_d_all_z_01_log.txt
SpawnPoolWorker-214| 2026-06-21 23:07:07,514,514 multiprocessing INFO See log at : ./logs/all_Lyapunov_test_dso-fn_d_all_z_01_log.txt
SpawnPoolWorker-214| 2026-06-21 23:07:07,516,516 multiprocessing INFO child process calling self.run()
SpawnPoolWorker-209| 2026-06-21 23:07:07,519,519 multiprocessing INFO STARTING NEW RUN ==========
SpawnPoolWorker-209| 2026-06-21 23:07:07,519,519 multiprocessing INFO SEE LOG AT : ./logs/all_Lyapunov_test_dso-fn_d_all_z_01_log.txt
SpawnPoolWorker-209| 2026-06-21 23:07:07,519,519 multiprocessing INFO See log at : ./logs/all_Lyapunov_test_dso-fn_d_all_z_01_log.txt
SpawnPoolWorker-209| 2026-06-21 23:07:07,521,521 multiprocessing INFO child process calling self.run()
SpawnPoolWorker-212| 2026-06-21 23:07:07,522,522 multiprocessing INFO STARTING NEW RUN ==========
SpawnPoolWorker-212| 2026-06-21 23:07:07,523,523 multiprocessing INFO SEE LOG AT : ./logs/all_Lyapunov_test_dso-fn_d_all_z_01_log.txt
SpawnPoolWorker-212| 2026-06-21 23:07:07,523,523 multiprocessing INFO See log at : ./logs/all_Lyapunov_test_dso-fn_d_all_z_01_log.txt
SpawnPoolWorker-212| 2026-06-21 23:07:07,527,527 multiprocessing INFO child process calling self.run()
SpawnPoolWorker-210| 2026-06-21 23:07:25,439,439 multiprocessing INFO process shutting down
SpawnPoolWorker-209| 2026-06-21 23:07:25,439,439 multiprocessing INFO process shutting down
SpawnPoolWorker-213| 2026-06-21 23:07:25,439,439 multiprocessing INFO process shutting down
SpawnPoolWorker-211| 2026-06-21 23:07:25,440,440 multiprocessing INFO process shutting down
SpawnPoolWorker-210| 2026-06-21 23:07:25,440,440 multiprocessing INFO process exiting with exitcode 0
SpawnPoolWorker-209| 2026-06-21 23:07:25,440,440 multiprocessing INFO process exiting with exitcode 0
SpawnPoolWorker-213| 2026-06-21 23:07:25,440,440 multiprocessing INFO process exiting with exitcode 0
SpawnPoolWorker-211| 2026-06-21 23:07:25,440,440 multiprocessing INFO process exiting with exitcode 0
SpawnPoolWorker-212| 2026-06-21 23:07:25,440,440 multiprocessing INFO process shutting down
SpawnPoolWorker-208| 2026-06-21 23:07:25,440,440 multiprocessing INFO process shutting down
(10000,)

===================Collect 10000 Examples===================

Epsilon 0.1
500
(550,)
(550,)
(55,)
Number of Programs for Minimization: 28
SpawnPoolWorker-225| 2026-06-21 23:07:39,579,579 multiprocessing INFO STARTING NEW RUN ==========
SpawnPoolWorker-225| 2026-06-21 23:07:39,580,580 multiprocessing INFO SEE LOG AT : ./logs/all_Lyapunov_test_dso-fn_d_all_z_01_log.txt
SpawnPoolWorker-225| 2026-06-21 23:07:39,580,580 multiprocessing INFO See log at : ./logs/all_Lyapunov_test_dso-fn_d_all_z_01_log.txt
SpawnPoolWorker-225| 2026-06-21 23:07:39,582,582 multiprocessing INFO child process calling self.run()
SpawnPoolWorker-215| 2026-06-21 23:07:39,712,712 multiprocessing INFO STARTING NEW RUN ==========
SpawnPoolWorker-215| 2026-06-21 23:07:39,712,712 multiprocessing INFO SEE LOG AT : ./logs/all_Lyapunov_test_dso-fn_d_all_z_01_log.txt
SpawnPoolWorker-215| 2026-06-21 23:07:39,712,712 multiprocessing INFO See log at : ./logs/all_Lyapunov_test_dso-fn_d_all_z_01_log.txt
SpawnPoolWorker-215| 2026-06-21 23:07:39,714,714 multiprocessing INFO child process calling self.run()
SpawnPoolWorker-223| 2026-06-21 23:07:40,024,24 multiprocessing INFO STARTING NEW RUN ==========
SpawnPoolWorker-223| 2026-06-21 23:07:40,025,25 multiprocessing INFO SEE LOG AT : ./logs/all_Lyapunov_test_dso-fn_d_all_z_01_log.txt
SpawnPoolWorker-223| 2026-06-21 23:07:40,025,25 multiprocessing INFO See log at : ./logs/all_Lyapunov_test_dso-fn_d_all_z_01_log.txt
SpawnPoolWorker-223| 2026-06-21 23:07:40,027,27 multiprocessing INFO child process calling self.run()
SpawnPoolWorker-224| 2026-06-21 23:07:40,086,86 multiprocessing INFO STARTING NEW RUN ==========
SpawnPoolWorker-224| 2026-06-21 23:07:40,086,86 multiprocessing INFO SEE LOG AT : ./logs/all_Lyapunov_test_dso-fn_d_all_z_01_log.txt
SpawnPoolWorker-224| 2026-06-21 23:07:40,086,86 multiprocessing INFO See log at : ./logs/all_Lyapunov_test_dso-fn_d_all_z_01_log.txt
SpawnPoolWorker-224| 2026-06-21 23:07:40,089,89 multiprocessing INFO child process calling self.run()
SpawnPoolWorker-232| 2026-06-21 23:07:40,591,591 multiprocessing INFO STARTING NEW RUN ==========
SpawnPoolWorker-232| 2026-06-21 23:07:40,591,591 multiprocessing INFO SEE LOG AT : ./logs/all_Lyapunov_test_dso-fn_d_all_z_01_log.txt
SpawnPoolWorker-232| 2026-06-21 23:07:40,591,591 multiprocessing INFO See log at : ./logs/all_Lyapunov_test_dso-fn_d_all_z_01_log.txt
SpawnPoolWorker-232| 2026-06-21 23:07:40,593,593 multiprocessing INFO child process calling self.run()
SpawnPoolWorker-217| 2026-06-21 23:07:42,856,856 multiprocessing INFO STARTING NEW RUN ==========
SpawnPoolWorker-217| 2026-06-21 23:07:42,856,856 multiprocessing INFO SEE LOG AT : ./logs/all_Lyapunov_test_dso-fn_d_all_z_01_log.txt
SpawnPoolWorker-217| 2026-06-21 23:07:42,856,856 multiprocessing INFO See log at : ./logs/all_Lyapunov_test_dso-fn_d_all_z_01_log.txt
SpawnPoolWorker-217| 2026-06-21 23:07:42,867,867 multiprocessing INFO child process calling self.run()
SpawnPoolWorker-216| 2026-06-21 23:07:42,950,950 multiprocessing INFO STARTING NEW RUN ==========
SpawnPoolWorker-216| 2026-06-21 23:07:42,950,950 multiprocessing INFO SEE LOG AT : ./logs/all_Lyapunov_test_dso-fn_d_all_z_01_log.txt
SpawnPoolWorker-216| 2026-06-21 23:07:42,950,950 multiprocessing INFO See log at : ./logs/all_Lyapunov_test_dso-fn_d_all_z_01_log.txt
SpawnPoolWorker-216| 2026-06-21 23:07:42,953,953 multiprocessing INFO child process calling self.run()
SpawnPoolWorker-221| 2026-06-21 23:07:42,989,989 multiprocessing INFO STARTING NEW RUN ==========
SpawnPoolWorker-221| 2026-06-21 23:07:42,989,989 multiprocessing INFO SEE LOG AT : ./logs/all_Lyapunov_test_dso-fn_d_all_z_01_log.txt
SpawnPoolWorker-221| 2026-06-21 23:07:42,989,989 multiprocessing INFO See log at : ./logs/all_Lyapunov_test_dso-fn_d_all_z_01_log.txt
SpawnPoolWorker-221| 2026-06-21 23:07:42,992,992 multiprocessing INFO child process calling self.run()
SpawnPoolWorker-219| 2026-06-21 23:07:43,323,323 multiprocessing INFO STARTING NEW RUN ==========
SpawnPoolWorker-219| 2026-06-21 23:07:43,323,323 multiprocessing INFO SEE LOG AT : ./logs/all_Lyapunov_test_dso-fn_d_all_z_01_log.txt
SpawnPoolWorker-219| 2026-06-21 23:07:43,323,323 multiprocessing INFO See log at : ./logs/all_Lyapunov_test_dso-fn_d_all_z_01_log.txt
SpawnPoolWorker-219| 2026-06-21 23:07:43,331,331 multiprocessing INFO child process calling self.run()
SpawnPoolWorker-238| 2026-06-21 23:07:43,600,600 multiprocessing INFO STARTING NEW RUN ==========
SpawnPoolWorker-238| 2026-06-21 23:07:43,600,600 multiprocessing INFO SEE LOG AT : ./logs/all_Lyapunov_test_dso-fn_d_all_z_01_log.txt
SpawnPoolWorker-238| 2026-06-21 23:07:43,600,600 multiprocessing INFO See log at : ./logs/all_Lyapunov_test_dso-fn_d_all_z_01_log.txt
SpawnPoolWorker-238| 2026-06-21 23:07:43,608,608 multiprocessing INFO child process calling self.run()
SpawnPoolWorker-236| 2026-06-21 23:07:43,687,687 multiprocessing INFO STARTING NEW RUN ==========
SpawnPoolWorker-236| 2026-06-21 23:07:43,687,687 multiprocessing INFO SEE LOG AT : ./logs/all_Lyapunov_test_dso-fn_d_all_z_01_log.txt
SpawnPoolWorker-236| 2026-06-21 23:07:43,687,687 multiprocessing INFO See log at : ./logs/all_Lyapunov_test_dso-fn_d_all_z_01_log.txt
SpawnPoolWorker-236| 2026-06-21 23:07:43,709,709 multiprocessing INFO child process calling self.run()
SpawnPoolWorker-227| 2026-06-21 23:07:43,872,872 multiprocessing INFO STARTING NEW RUN ==========
SpawnPoolWorker-227| 2026-06-21 23:07:43,872,872 multiprocessing INFO SEE LOG AT : ./logs/all_Lyapunov_test_dso-fn_d_all_z_01_log.txt
SpawnPoolWorker-227| 2026-06-21 23:07:43,872,872 multiprocessing INFO See log at : ./logs/all_Lyapunov_test_dso-fn_d_all_z_01_log.txt
SpawnPoolWorker-227| 2026-06-21 23:07:43,877,877 multiprocessing INFO child process calling self.run()
SpawnPoolWorker-234| 2026-06-21 23:07:43,907,907 multiprocessing INFO STARTING NEW RUN ==========
SpawnPoolWorker-234| 2026-06-21 23:07:43,907,907 multiprocessing INFO SEE LOG AT : ./logs/all_Lyapunov_test_dso-fn_d_all_z_01_log.txt
SpawnPoolWorker-234| 2026-06-21 23:07:43,907,907 multiprocessing INFO See log at : ./logs/all_Lyapunov_test_dso-fn_d_all_z_01_log.txt
SpawnPoolWorker-234| 2026-06-21 23:07:43,910,910 multiprocessing INFO child process calling self.run()
SpawnPoolWorker-229| 2026-06-21 23:07:43,960,960 multiprocessing INFO STARTING NEW RUN ==========
SpawnPoolWorker-229| 2026-06-21 23:07:43,960,960 multiprocessing INFO SEE LOG AT : ./logs/all_Lyapunov_test_dso-fn_d_all_z_01_log.txt
SpawnPoolWorker-229| 2026-06-21 23:07:43,960,960 multiprocessing INFO See log at : ./logs/all_Lyapunov_test_dso-fn_d_all_z_01_log.txt
SpawnPoolWorker-229| 2026-06-21 23:07:43,968,968 multiprocessing INFO child process calling self.run()
SpawnPoolWorker-218| 2026-06-21 23:07:43,979,979 multiprocessing INFO STARTING NEW RUN ==========
SpawnPoolWorker-218| 2026-06-21 23:07:43,979,979 multiprocessing INFO SEE LOG AT : ./logs/all_Lyapunov_test_dso-fn_d_all_z_01_log.txt
SpawnPoolWorker-218| 2026-06-21 23:07:43,979,979 multiprocessing INFO See log at : ./logs/all_Lyapunov_test_dso-fn_d_all_z_01_log.txt
SpawnPoolWorker-218| 2026-06-21 23:07:43,994,994 multiprocessing INFO child process calling self.run()
SpawnPoolWorker-220| 2026-06-21 23:07:44,088,88 multiprocessing INFO STARTING NEW RUN ==========
SpawnPoolWorker-220| 2026-06-21 23:07:44,089,89 multiprocessing INFO SEE LOG AT : ./logs/all_Lyapunov_test_dso-fn_d_all_z_01_log.txt
SpawnPoolWorker-220| 2026-06-21 23:07:44,089,89 multiprocessing INFO See log at : ./logs/all_Lyapunov_test_dso-fn_d_all_z_01_log.txt
SpawnPoolWorker-220| 2026-06-21 23:07:44,091,91 multiprocessing INFO child process calling self.run()
SpawnPoolWorker-222| 2026-06-21 23:07:44,224,224 multiprocessing INFO STARTING NEW RUN ==========
SpawnPoolWorker-222| 2026-06-21 23:07:44,224,224 multiprocessing INFO SEE LOG AT : ./logs/all_Lyapunov_test_dso-fn_d_all_z_01_log.txt
SpawnPoolWorker-222| 2026-06-21 23:07:44,224,224 multiprocessing INFO See log at : ./logs/all_Lyapunov_test_dso-fn_d_all_z_01_log.txt
SpawnPoolWorker-222| 2026-06-21 23:07:44,227,227 multiprocessing INFO child process calling self.run()
SpawnPoolWorker-235| 2026-06-21 23:07:44,230,230 multiprocessing INFO STARTING NEW RUN ==========
SpawnPoolWorker-235| 2026-06-21 23:07:44,230,230 multiprocessing INFO SEE LOG AT : ./logs/all_Lyapunov_test_dso-fn_d_all_z_01_log.txt
SpawnPoolWorker-235| 2026-06-21 23:07:44,230,230 multiprocessing INFO See log at : ./logs/all_Lyapunov_test_dso-fn_d_all_z_01_log.txt
SpawnPoolWorker-235| 2026-06-21 23:07:44,233,233 multiprocessing INFO child process calling self.run()
SpawnPoolWorker-228| 2026-06-21 23:07:44,259,259 multiprocessing INFO STARTING NEW RUN ==========
SpawnPoolWorker-228| 2026-06-21 23:07:44,259,259 multiprocessing INFO SEE LOG AT : ./logs/all_Lyapunov_test_dso-fn_d_all_z_01_log.txt
SpawnPoolWorker-228| 2026-06-21 23:07:44,259,259 multiprocessing INFO See log at : ./logs/all_Lyapunov_test_dso-fn_d_all_z_01_log.txt
SpawnPoolWorker-228| 2026-06-21 23:07:44,261,261 multiprocessing INFO child process calling self.run()
SpawnPoolWorker-226| 2026-06-21 23:07:44,290,290 multiprocessing INFO STARTING NEW RUN ==========
SpawnPoolWorker-226| 2026-06-21 23:07:44,290,290 multiprocessing INFO SEE LOG AT : ./logs/all_Lyapunov_test_dso-fn_d_all_z_01_log.txt
SpawnPoolWorker-226| 2026-06-21 23:07:44,290,290 multiprocessing INFO See log at : ./logs/all_Lyapunov_test_dso-fn_d_all_z_01_log.txt
SpawnPoolWorker-226| 2026-06-21 23:07:44,301,301 multiprocessing INFO child process calling self.run()
SpawnPoolWorker-230| 2026-06-21 23:07:44,358,358 multiprocessing INFO STARTING NEW RUN ==========
SpawnPoolWorker-230| 2026-06-21 23:07:44,358,358 multiprocessing INFO SEE LOG AT : ./logs/all_Lyapunov_test_dso-fn_d_all_z_01_log.txt
SpawnPoolWorker-230| 2026-06-21 23:07:44,358,358 multiprocessing INFO See log at : ./logs/all_Lyapunov_test_dso-fn_d_all_z_01_log.txt
SpawnPoolWorker-230| 2026-06-21 23:07:44,360,360 multiprocessing INFO child process calling self.run()
SpawnPoolWorker-233| 2026-06-21 23:07:44,372,372 multiprocessing INFO STARTING NEW RUN ==========
SpawnPoolWorker-233| 2026-06-21 23:07:44,372,372 multiprocessing INFO SEE LOG AT : ./logs/all_Lyapunov_test_dso-fn_d_all_z_01_log.txt
SpawnPoolWorker-233| 2026-06-21 23:07:44,372,372 multiprocessing INFO See log at : ./logs/all_Lyapunov_test_dso-fn_d_all_z_01_log.txt
SpawnPoolWorker-233| 2026-06-21 23:07:44,374,374 multiprocessing INFO child process calling self.run()
SpawnPoolWorker-237| 2026-06-21 23:07:44,534,534 multiprocessing INFO STARTING NEW RUN ==========
SpawnPoolWorker-237| 2026-06-21 23:07:44,534,534 multiprocessing INFO SEE LOG AT : ./logs/all_Lyapunov_test_dso-fn_d_all_z_01_log.txt
SpawnPoolWorker-237| 2026-06-21 23:07:44,534,534 multiprocessing INFO See log at : ./logs/all_Lyapunov_test_dso-fn_d_all_z_01_log.txt
SpawnPoolWorker-237| 2026-06-21 23:07:44,536,536 multiprocessing INFO child process calling self.run()
SpawnPoolWorker-231| 2026-06-21 23:07:44,546,546 multiprocessing INFO STARTING NEW RUN ==========
SpawnPoolWorker-231| 2026-06-21 23:07:44,546,546 multiprocessing INFO SEE LOG AT : ./logs/all_Lyapunov_test_dso-fn_d_all_z_01_log.txt
SpawnPoolWorker-231| 2026-06-21 23:07:44,546,546 multiprocessing INFO See log at : ./logs/all_Lyapunov_test_dso-fn_d_all_z_01_log.txt
SpawnPoolWorker-231| 2026-06-21 23:07:44,547,547 multiprocessing INFO child process calling self.run()
SpawnPoolWorker-236| 2026-06-21 23:07:44,831,831 multiprocessing INFO process shutting down
SpawnPoolWorker-227| 2026-06-21 23:07:44,831,831 multiprocessing INFO process shutting down
SpawnPoolWorker-236| 2026-06-21 23:07:44,831,831 multiprocessing INFO process exiting with exitcode 0
SpawnPoolWorker-234| 2026-06-21 23:07:44,831,831 multiprocessing INFO process shutting down
SpawnPoolWorker-229| 2026-06-21 23:07:44,831,831 multiprocessing INFO process shutting down
SpawnPoolWorker-227| 2026-06-21 23:07:44,831,831 multiprocessing INFO process exiting with exitcode 0
SpawnPoolWorker-234| 2026-06-21 23:07:44,831,831 multiprocessing INFO process exiting with exitcode 0
SpawnPoolWorker-229| 2026-06-21 23:07:44,831,831 multiprocessing INFO process exiting with exitcode 0
SpawnPoolWorker-218| 2026-06-21 23:07:44,832,832 multiprocessing INFO process shutting down
SpawnPoolWorker-220| 2026-06-21 23:07:44,832,832 multiprocessing INFO process shutting down
SpawnPoolWorker-222| 2026-06-21 23:07:44,832,832 multiprocessing INFO process shutting down
SpawnPoolWorker-235| 2026-06-21 23:07:44,832,832 multiprocessing INFO process shutting down
SpawnPoolWorker-228| 2026-06-21 23:07:44,832,832 multiprocessing INFO process shutting down
SpawnPoolWorker-215| 2026-06-21 23:07:44,832,832 multiprocessing INFO process shutting down
SpawnPoolWorker-226| 2026-06-21 23:07:44,832,832 multiprocessing INFO process shutting down
SpawnPoolWorker-230| 2026-06-21 23:07:44,832,832 multiprocessing INFO process shutting down
SpawnPoolWorker-233| 2026-06-21 23:07:44,832,832 multiprocessing INFO process shutting down
SpawnPoolWorker-232| 2026-06-21 23:07:44,832,832 multiprocessing INFO process shutting down
SpawnPoolWorker-225| 2026-06-21 23:07:44,832,832 multiprocessing INFO process shutting down
SpawnPoolWorker-224| 2026-06-21 23:07:44,833,833 multiprocessing INFO process shutting down
SpawnPoolWorker-237| 2026-06-21 23:07:44,833,833 multiprocessing INFO process shutting down
SpawnPoolWorker-231| 2026-06-21 23:07:44,833,833 multiprocessing INFO process shutting down
SpawnPoolWorker-223| 2026-06-21 23:07:44,833,833 multiprocessing INFO process shutting down
SpawnPoolWorker-221| 2026-06-21 23:07:44,833,833 multiprocessing INFO process shutting down
28
(50000, 6)
(50000,)
(50000, 6)
(50000,)

=======================Successfully Added (25000, 6) Counter Examples=======================


============None of the candidates fulfill the conditions. Training CONTINUES!=================

MainProcess| 2026-06-21 23:07:47,034,34 multiprocessing INFO 
============None of the candidates fulfill the conditions. Training CONTINUES!=================


============None of the candidates fulfill the conditions. Training CONTINUES!=================

(55, 108)
/users/9/chen8596/miniconda3/envs/alfd/lib/python3.9/site-packages/torch/nn/functional.py:4999: UserWarning: Support for mismatched key_padding_mask and attn_mask is deprecated. Use same type for both instead.
  warnings.warn(

==============Start Supervised Learning==============

MainProcess| 2026-06-21 23:07:51,423,423 multiprocessing INFO GP output mean: 0.6239725798808848
GP output mean: 0.6239725798808848
MainProcess| 2026-06-21 23:07:52,031,31 multiprocessing INFO GP output success rate: 0.0
GP output success rate: 0.0

==============End Supervised Learning==============

MainProcess| 2026-06-21 23:07:53,627,627 multiprocessing INFO [Test epoch=0007]  nevals=96467 	| train_loss=1370.87427 	| eqs_invalid %=0.00 	| r_best=0.94192 	| quantile=0.22844 	| r_quantile_mean=0.87522 	| r_raw_sum=49.17595 	|  r_raw_mean=0.59248 	| r2=nan 	| acc_iid=0.00000 	| acc_ood=0.00000 	| nmse_test=0.2912998128239591 	| true_equation_set_count=0 	| s/it=111.86089
[Test epoch=0007]  nevals=96467 	| train_loss=1370.87427 	| eqs_invalid %=0.00 	| r_best=0.94192 	| quantile=0.22844 	| r_quantile_mean=0.87522 	| r_raw_sum=49.17595 	|  r_raw_mean=0.59248 	| r2=nan 	| acc_iid=0.00000 	| acc_ood=0.00000 	| nmse_test=0.2912998128239591 	| true_equation_set_count=0 	| s/it=111.86089
MainProcess| 2026-06-21 23:08:27,469,469 multiprocessing INFO Genetic Porgramming Runtime 33.19555446784943
Genetic Porgramming Runtime 33.19555446784943

=========================PGD Collection Starts=========================

SpawnPoolWorker-239| 2026-06-21 23:08:32,164,164 multiprocessing INFO STARTING NEW RUN ==========
SpawnPoolWorker-239| 2026-06-21 23:08:32,164,164 multiprocessing INFO SEE LOG AT : ./logs/all_Lyapunov_test_dso-fn_d_all_z_01_log.txt
SpawnPoolWorker-239| 2026-06-21 23:08:32,164,164 multiprocessing INFO See log at : ./logs/all_Lyapunov_test_dso-fn_d_all_z_01_log.txt
SpawnPoolWorker-239| 2026-06-21 23:08:32,166,166 multiprocessing INFO child process calling self.run()
SpawnPoolWorker-244| 2026-06-21 23:08:32,226,226 multiprocessing INFO STARTING NEW RUN ==========
SpawnPoolWorker-244| 2026-06-21 23:08:32,226,226 multiprocessing INFO SEE LOG AT : ./logs/all_Lyapunov_test_dso-fn_d_all_z_01_log.txt
SpawnPoolWorker-244| 2026-06-21 23:08:32,227,227 multiprocessing INFO See log at : ./logs/all_Lyapunov_test_dso-fn_d_all_z_01_log.txt
SpawnPoolWorker-244| 2026-06-21 23:08:32,231,231 multiprocessing INFO child process calling self.run()
SpawnPoolWorker-243| 2026-06-21 23:08:32,261,261 multiprocessing INFO STARTING NEW RUN ==========
SpawnPoolWorker-243| 2026-06-21 23:08:32,262,262 multiprocessing INFO SEE LOG AT : ./logs/all_Lyapunov_test_dso-fn_d_all_z_01_log.txt
SpawnPoolWorker-243| 2026-06-21 23:08:32,262,262 multiprocessing INFO See log at : ./logs/all_Lyapunov_test_dso-fn_d_all_z_01_log.txt
SpawnPoolWorker-243| 2026-06-21 23:08:32,263,263 multiprocessing INFO child process calling self.run()
SpawnPoolWorker-242| 2026-06-21 23:08:32,280,280 multiprocessing INFO STARTING NEW RUN ==========
SpawnPoolWorker-242| 2026-06-21 23:08:32,280,280 multiprocessing INFO SEE LOG AT : ./logs/all_Lyapunov_test_dso-fn_d_all_z_01_log.txt
SpawnPoolWorker-242| 2026-06-21 23:08:32,280,280 multiprocessing INFO See log at : ./logs/all_Lyapunov_test_dso-fn_d_all_z_01_log.txt
SpawnPoolWorker-242| 2026-06-21 23:08:32,282,282 multiprocessing INFO child process calling self.run()
SpawnPoolWorker-245| 2026-06-21 23:08:32,367,367 multiprocessing INFO STARTING NEW RUN ==========
SpawnPoolWorker-245| 2026-06-21 23:08:32,367,367 multiprocessing INFO SEE LOG AT : ./logs/all_Lyapunov_test_dso-fn_d_all_z_01_log.txt
SpawnPoolWorker-245| 2026-06-21 23:08:32,367,367 multiprocessing INFO See log at : ./logs/all_Lyapunov_test_dso-fn_d_all_z_01_log.txt
SpawnPoolWorker-245| 2026-06-21 23:08:32,368,368 multiprocessing INFO child process calling self.run()
SpawnPoolWorker-241| 2026-06-21 23:08:32,371,371 multiprocessing INFO STARTING NEW RUN ==========
SpawnPoolWorker-241| 2026-06-21 23:08:32,371,371 multiprocessing INFO SEE LOG AT : ./logs/all_Lyapunov_test_dso-fn_d_all_z_01_log.txt
SpawnPoolWorker-241| 2026-06-21 23:08:32,371,371 multiprocessing INFO See log at : ./logs/all_Lyapunov_test_dso-fn_d_all_z_01_log.txt
SpawnPoolWorker-241| 2026-06-21 23:08:32,372,372 multiprocessing INFO child process calling self.run()
SpawnPoolWorker-240| 2026-06-21 23:08:32,529,529 multiprocessing INFO STARTING NEW RUN ==========
SpawnPoolWorker-240| 2026-06-21 23:08:32,530,530 multiprocessing INFO SEE LOG AT : ./logs/all_Lyapunov_test_dso-fn_d_all_z_01_log.txt
SpawnPoolWorker-240| 2026-06-21 23:08:32,530,530 multiprocessing INFO See log at : ./logs/all_Lyapunov_test_dso-fn_d_all_z_01_log.txt
SpawnPoolWorker-240| 2026-06-21 23:08:32,531,531 multiprocessing INFO child process calling self.run()
SpawnPoolWorker-246| 2026-06-21 23:08:32,638,638 multiprocessing INFO STARTING NEW RUN ==========
SpawnPoolWorker-246| 2026-06-21 23:08:32,638,638 multiprocessing INFO SEE LOG AT : ./logs/all_Lyapunov_test_dso-fn_d_all_z_01_log.txt
SpawnPoolWorker-246| 2026-06-21 23:08:32,638,638 multiprocessing INFO See log at : ./logs/all_Lyapunov_test_dso-fn_d_all_z_01_log.txt
SpawnPoolWorker-247| 2026-06-21 23:08:32,638,638 multiprocessing INFO STARTING NEW RUN ==========
SpawnPoolWorker-247| 2026-06-21 23:08:32,638,638 multiprocessing INFO SEE LOG AT : ./logs/all_Lyapunov_test_dso-fn_d_all_z_01_log.txt
SpawnPoolWorker-247| 2026-06-21 23:08:32,638,638 multiprocessing INFO See log at : ./logs/all_Lyapunov_test_dso-fn_d_all_z_01_log.txt
SpawnPoolWorker-247| 2026-06-21 23:08:32,640,640 multiprocessing INFO child process calling self.run()
SpawnPoolWorker-246| 2026-06-21 23:08:32,640,640 multiprocessing INFO child process calling self.run()
SpawnPoolWorker-248| 2026-06-21 23:08:32,812,812 multiprocessing INFO STARTING NEW RUN ==========
SpawnPoolWorker-248| 2026-06-21 23:08:32,813,813 multiprocessing INFO SEE LOG AT : ./logs/all_Lyapunov_test_dso-fn_d_all_z_01_log.txt
SpawnPoolWorker-248| 2026-06-21 23:08:32,813,813 multiprocessing INFO See log at : ./logs/all_Lyapunov_test_dso-fn_d_all_z_01_log.txt
SpawnPoolWorker-248| 2026-06-21 23:08:32,815,815 multiprocessing INFO child process calling self.run()
SpawnPoolWorker-247| 2026-06-21 23:08:56,435,435 multiprocessing INFO process shutting down
SpawnPoolWorker-244| 2026-06-21 23:08:56,435,435 multiprocessing INFO process shutting down
SpawnPoolWorker-246| 2026-06-21 23:08:56,435,435 multiprocessing INFO process shutting down
SpawnPoolWorker-248| 2026-06-21 23:08:56,435,435 multiprocessing INFO process shutting down
SpawnPoolWorker-242| 2026-06-21 23:08:56,435,435 multiprocessing INFO process shutting down
SpawnPoolWorker-244| 2026-06-21 23:08:56,436,436 multiprocessing INFO process exiting with exitcode 0
SpawnPoolWorker-246| 2026-06-21 23:08:56,436,436 multiprocessing INFO process exiting with exitcode 0
SpawnPoolWorker-241| 2026-06-21 23:08:56,435,435 multiprocessing INFO process shutting down
SpawnPoolWorker-242| 2026-06-21 23:08:56,436,436 multiprocessing INFO process exiting with exitcode 0
SpawnPoolWorker-248| 2026-06-21 23:08:56,436,436 multiprocessing INFO process exiting with exitcode 0
SpawnPoolWorker-241| 2026-06-21 23:08:56,436,436 multiprocessing INFO process exiting with exitcode 0
SpawnPoolWorker-247| 2026-06-21 23:08:56,437,437 multiprocessing INFO process exiting with exitcode 0
(10000,)

===================Collect 10000 Examples===================

Epsilon 0.1
500
(550,)
(550,)
(61,)
Number of Programs for Minimization: 28
SpawnPoolWorker-251| 2026-06-21 23:09:11,797,797 multiprocessing INFO STARTING NEW RUN ==========
SpawnPoolWorker-251| 2026-06-21 23:09:11,797,797 multiprocessing INFO SEE LOG AT : ./logs/all_Lyapunov_test_dso-fn_d_all_z_01_log.txt
SpawnPoolWorker-251| 2026-06-21 23:09:11,797,797 multiprocessing INFO See log at : ./logs/all_Lyapunov_test_dso-fn_d_all_z_01_log.txt
SpawnPoolWorker-251| 2026-06-21 23:09:11,805,805 multiprocessing INFO child process calling self.run()
SpawnPoolWorker-253| 2026-06-21 23:09:11,999,999 multiprocessing INFO STARTING NEW RUN ==========
SpawnPoolWorker-253| 2026-06-21 23:09:11,999,999 multiprocessing INFO SEE LOG AT : ./logs/all_Lyapunov_test_dso-fn_d_all_z_01_log.txt
SpawnPoolWorker-253| 2026-06-21 23:09:11,999,999 multiprocessing INFO See log at : ./logs/all_Lyapunov_test_dso-fn_d_all_z_01_log.txt
SpawnPoolWorker-253| 2026-06-21 23:09:12,002,2 multiprocessing INFO child process calling self.run()
SpawnPoolWorker-263| 2026-06-21 23:09:12,036,36 multiprocessing INFO STARTING NEW RUN ==========
SpawnPoolWorker-263| 2026-06-21 23:09:12,036,36 multiprocessing INFO SEE LOG AT : ./logs/all_Lyapunov_test_dso-fn_d_all_z_01_log.txt
SpawnPoolWorker-263| 2026-06-21 23:09:12,036,36 multiprocessing INFO See log at : ./logs/all_Lyapunov_test_dso-fn_d_all_z_01_log.txt
SpawnPoolWorker-263| 2026-06-21 23:09:12,042,42 multiprocessing INFO child process calling self.run()
SpawnPoolWorker-271| 2026-06-21 23:09:12,082,82 multiprocessing INFO STARTING NEW RUN ==========
SpawnPoolWorker-271| 2026-06-21 23:09:12,082,82 multiprocessing INFO SEE LOG AT : ./logs/all_Lyapunov_test_dso-fn_d_all_z_01_log.txt
SpawnPoolWorker-271| 2026-06-21 23:09:12,082,82 multiprocessing INFO See log at : ./logs/all_Lyapunov_test_dso-fn_d_all_z_01_log.txt
SpawnPoolWorker-271| 2026-06-21 23:09:12,087,87 multiprocessing INFO child process calling self.run()
SpawnPoolWorker-262| 2026-06-21 23:09:12,368,368 multiprocessing INFO STARTING NEW RUN ==========
SpawnPoolWorker-262| 2026-06-21 23:09:12,368,368 multiprocessing INFO SEE LOG AT : ./logs/all_Lyapunov_test_dso-fn_d_all_z_01_log.txt
SpawnPoolWorker-262| 2026-06-21 23:09:12,368,368 multiprocessing INFO See log at : ./logs/all_Lyapunov_test_dso-fn_d_all_z_01_log.txt
SpawnPoolWorker-262| 2026-06-21 23:09:12,376,376 multiprocessing INFO child process calling self.run()
SpawnPoolWorker-272| 2026-06-21 23:09:12,525,525 multiprocessing INFO STARTING NEW RUN ==========
SpawnPoolWorker-272| 2026-06-21 23:09:12,525,525 multiprocessing INFO SEE LOG AT : ./logs/all_Lyapunov_test_dso-fn_d_all_z_01_log.txt
SpawnPoolWorker-272| 2026-06-21 23:09:12,525,525 multiprocessing INFO See log at : ./logs/all_Lyapunov_test_dso-fn_d_all_z_01_log.txt
SpawnPoolWorker-272| 2026-06-21 23:09:12,532,532 multiprocessing INFO child process calling self.run()
SpawnPoolWorker-260| 2026-06-21 23:09:12,541,541 multiprocessing INFO STARTING NEW RUN ==========
SpawnPoolWorker-260| 2026-06-21 23:09:12,541,541 multiprocessing INFO SEE LOG AT : ./logs/all_Lyapunov_test_dso-fn_d_all_z_01_log.txt
SpawnPoolWorker-260| 2026-06-21 23:09:12,541,541 multiprocessing INFO See log at : ./logs/all_Lyapunov_test_dso-fn_d_all_z_01_log.txt
SpawnPoolWorker-260| 2026-06-21 23:09:12,555,555 multiprocessing INFO child process calling self.run()
SpawnPoolWorker-258| 2026-06-21 23:09:13,104,104 multiprocessing INFO STARTING NEW RUN ==========
SpawnPoolWorker-258| 2026-06-21 23:09:13,104,104 multiprocessing INFO SEE LOG AT : ./logs/all_Lyapunov_test_dso-fn_d_all_z_01_log.txt
SpawnPoolWorker-258| 2026-06-21 23:09:13,104,104 multiprocessing INFO See log at : ./logs/all_Lyapunov_test_dso-fn_d_all_z_01_log.txt
SpawnPoolWorker-258| 2026-06-21 23:09:13,115,115 multiprocessing INFO child process calling self.run()
SpawnPoolWorker-265| 2026-06-21 23:09:13,347,347 multiprocessing INFO STARTING NEW RUN ==========
SpawnPoolWorker-265| 2026-06-21 23:09:13,347,347 multiprocessing INFO SEE LOG AT : ./logs/all_Lyapunov_test_dso-fn_d_all_z_01_log.txt
SpawnPoolWorker-265| 2026-06-21 23:09:13,347,347 multiprocessing INFO See log at : ./logs/all_Lyapunov_test_dso-fn_d_all_z_01_log.txt
SpawnPoolWorker-265| 2026-06-21 23:09:13,349,349 multiprocessing INFO child process calling self.run()
SpawnPoolWorker-254| 2026-06-21 23:09:13,362,362 multiprocessing INFO STARTING NEW RUN ==========
SpawnPoolWorker-254| 2026-06-21 23:09:13,362,362 multiprocessing INFO SEE LOG AT : ./logs/all_Lyapunov_test_dso-fn_d_all_z_01_log.txt
SpawnPoolWorker-254| 2026-06-21 23:09:13,362,362 multiprocessing INFO See log at : ./logs/all_Lyapunov_test_dso-fn_d_all_z_01_log.txt
SpawnPoolWorker-254| 2026-06-21 23:09:13,366,366 multiprocessing INFO child process calling self.run()
SpawnPoolWorker-250| 2026-06-21 23:09:13,842,842 multiprocessing INFO STARTING NEW RUN ==========
SpawnPoolWorker-250| 2026-06-21 23:09:13,842,842 multiprocessing INFO SEE LOG AT : ./logs/all_Lyapunov_test_dso-fn_d_all_z_01_log.txt
SpawnPoolWorker-250| 2026-06-21 23:09:13,842,842 multiprocessing INFO See log at : ./logs/all_Lyapunov_test_dso-fn_d_all_z_01_log.txt
SpawnPoolWorker-250| 2026-06-21 23:09:13,851,851 multiprocessing INFO child process calling self.run()
SpawnPoolWorker-264| 2026-06-21 23:09:14,338,338 multiprocessing INFO STARTING NEW RUN ==========
SpawnPoolWorker-264| 2026-06-21 23:09:14,338,338 multiprocessing INFO SEE LOG AT : ./logs/all_Lyapunov_test_dso-fn_d_all_z_01_log.txt
SpawnPoolWorker-264| 2026-06-21 23:09:14,338,338 multiprocessing INFO See log at : ./logs/all_Lyapunov_test_dso-fn_d_all_z_01_log.txt
SpawnPoolWorker-264| 2026-06-21 23:09:14,345,345 multiprocessing INFO child process calling self.run()
SpawnPoolWorker-266| 2026-06-21 23:09:14,421,421 multiprocessing INFO STARTING NEW RUN ==========
SpawnPoolWorker-266| 2026-06-21 23:09:14,421,421 multiprocessing INFO SEE LOG AT : ./logs/all_Lyapunov_test_dso-fn_d_all_z_01_log.txt
SpawnPoolWorker-266| 2026-06-21 23:09:14,421,421 multiprocessing INFO See log at : ./logs/all_Lyapunov_test_dso-fn_d_all_z_01_log.txt
SpawnPoolWorker-266| 2026-06-21 23:09:14,422,422 multiprocessing INFO child process calling self.run()
SpawnPoolWorker-261| 2026-06-21 23:09:14,566,566 multiprocessing INFO STARTING NEW RUN ==========
SpawnPoolWorker-261| 2026-06-21 23:09:14,566,566 multiprocessing INFO SEE LOG AT : ./logs/all_Lyapunov_test_dso-fn_d_all_z_01_log.txt
SpawnPoolWorker-261| 2026-06-21 23:09:14,566,566 multiprocessing INFO See log at : ./logs/all_Lyapunov_test_dso-fn_d_all_z_01_log.txt
SpawnPoolWorker-261| 2026-06-21 23:09:14,571,571 multiprocessing INFO child process calling self.run()
SpawnPoolWorker-259| 2026-06-21 23:09:14,684,684 multiprocessing INFO STARTING NEW RUN ==========
SpawnPoolWorker-259| 2026-06-21 23:09:14,684,684 multiprocessing INFO SEE LOG AT : ./logs/all_Lyapunov_test_dso-fn_d_all_z_01_log.txt
SpawnPoolWorker-259| 2026-06-21 23:09:14,684,684 multiprocessing INFO See log at : ./logs/all_Lyapunov_test_dso-fn_d_all_z_01_log.txt
SpawnPoolWorker-259| 2026-06-21 23:09:14,695,695 multiprocessing INFO child process calling self.run()
SpawnPoolWorker-256| 2026-06-21 23:09:14,810,810 multiprocessing INFO STARTING NEW RUN ==========
SpawnPoolWorker-256| 2026-06-21 23:09:14,810,810 multiprocessing INFO SEE LOG AT : ./logs/all_Lyapunov_test_dso-fn_d_all_z_01_log.txt
SpawnPoolWorker-256| 2026-06-21 23:09:14,810,810 multiprocessing INFO See log at : ./logs/all_Lyapunov_test_dso-fn_d_all_z_01_log.txt
SpawnPoolWorker-256| 2026-06-21 23:09:14,816,816 multiprocessing INFO child process calling self.run()
SpawnPoolWorker-257| 2026-06-21 23:09:14,926,926 multiprocessing INFO STARTING NEW RUN ==========
SpawnPoolWorker-257| 2026-06-21 23:09:14,926,926 multiprocessing INFO SEE LOG AT : ./logs/all_Lyapunov_test_dso-fn_d_all_z_01_log.txt
SpawnPoolWorker-257| 2026-06-21 23:09:14,926,926 multiprocessing INFO See log at : ./logs/all_Lyapunov_test_dso-fn_d_all_z_01_log.txt
SpawnPoolWorker-257| 2026-06-21 23:09:14,942,942 multiprocessing INFO child process calling self.run()
SpawnPoolWorker-252| 2026-06-21 23:09:15,183,183 multiprocessing INFO STARTING NEW RUN ==========
SpawnPoolWorker-252| 2026-06-21 23:09:15,183,183 multiprocessing INFO SEE LOG AT : ./logs/all_Lyapunov_test_dso-fn_d_all_z_01_log.txt
SpawnPoolWorker-252| 2026-06-21 23:09:15,183,183 multiprocessing INFO See log at : ./logs/all_Lyapunov_test_dso-fn_d_all_z_01_log.txt
SpawnPoolWorker-252| 2026-06-21 23:09:15,184,184 multiprocessing INFO child process calling self.run()
SpawnPoolWorker-249| 2026-06-21 23:09:15,362,362 multiprocessing INFO STARTING NEW RUN ==========
SpawnPoolWorker-249| 2026-06-21 23:09:15,363,363 multiprocessing INFO SEE LOG AT : ./logs/all_Lyapunov_test_dso-fn_d_all_z_01_log.txt
SpawnPoolWorker-249| 2026-06-21 23:09:15,363,363 multiprocessing INFO See log at : ./logs/all_Lyapunov_test_dso-fn_d_all_z_01_log.txt
SpawnPoolWorker-249| 2026-06-21 23:09:15,364,364 multiprocessing INFO child process calling self.run()
SpawnPoolWorker-270| 2026-06-21 23:09:15,366,366 multiprocessing INFO STARTING NEW RUN ==========
SpawnPoolWorker-270| 2026-06-21 23:09:15,366,366 multiprocessing INFO SEE LOG AT : ./logs/all_Lyapunov_test_dso-fn_d_all_z_01_log.txt
SpawnPoolWorker-270| 2026-06-21 23:09:15,366,366 multiprocessing INFO See log at : ./logs/all_Lyapunov_test_dso-fn_d_all_z_01_log.txt
SpawnPoolWorker-270| 2026-06-21 23:09:15,367,367 multiprocessing INFO child process calling self.run()
SpawnPoolWorker-268| 2026-06-21 23:09:15,473,473 multiprocessing INFO STARTING NEW RUN ==========
SpawnPoolWorker-268| 2026-06-21 23:09:15,473,473 multiprocessing INFO SEE LOG AT : ./logs/all_Lyapunov_test_dso-fn_d_all_z_01_log.txt
SpawnPoolWorker-268| 2026-06-21 23:09:15,473,473 multiprocessing INFO See log at : ./logs/all_Lyapunov_test_dso-fn_d_all_z_01_log.txt
SpawnPoolWorker-268| 2026-06-21 23:09:15,475,475 multiprocessing INFO child process calling self.run()
SpawnPoolWorker-255| 2026-06-21 23:09:15,599,599 multiprocessing INFO STARTING NEW RUN ==========
SpawnPoolWorker-255| 2026-06-21 23:09:15,600,600 multiprocessing INFO SEE LOG AT : ./logs/all_Lyapunov_test_dso-fn_d_all_z_01_log.txt
SpawnPoolWorker-255| 2026-06-21 23:09:15,600,600 multiprocessing INFO See log at : ./logs/all_Lyapunov_test_dso-fn_d_all_z_01_log.txt
SpawnPoolWorker-255| 2026-06-21 23:09:15,605,605 multiprocessing INFO child process calling self.run()
SpawnPoolWorker-267| 2026-06-21 23:09:15,813,813 multiprocessing INFO STARTING NEW RUN ==========
SpawnPoolWorker-267| 2026-06-21 23:09:15,813,813 multiprocessing INFO SEE LOG AT : ./logs/all_Lyapunov_test_dso-fn_d_all_z_01_log.txt
SpawnPoolWorker-267| 2026-06-21 23:09:15,813,813 multiprocessing INFO See log at : ./logs/all_Lyapunov_test_dso-fn_d_all_z_01_log.txt
SpawnPoolWorker-267| 2026-06-21 23:09:15,823,823 multiprocessing INFO child process calling self.run()
SpawnPoolWorker-269| 2026-06-21 23:09:15,963,963 multiprocessing INFO STARTING NEW RUN ==========
SpawnPoolWorker-269| 2026-06-21 23:09:15,963,963 multiprocessing INFO SEE LOG AT : ./logs/all_Lyapunov_test_dso-fn_d_all_z_01_log.txt
SpawnPoolWorker-269| 2026-06-21 23:09:15,964,964 multiprocessing INFO See log at : ./logs/all_Lyapunov_test_dso-fn_d_all_z_01_log.txt
SpawnPoolWorker-269| 2026-06-21 23:09:15,965,965 multiprocessing INFO child process calling self.run()
SpawnPoolWorker-252| 2026-06-21 23:09:16,217,217 multiprocessing INFO process shutting down
SpawnPoolWorker-252| 2026-06-21 23:09:16,217,217 multiprocessing INFO process exiting with exitcode 0
SpawnPoolWorker-262| 2026-06-21 23:09:16,217,217 multiprocessing INFO process shutting down
SpawnPoolWorker-249| 2026-06-21 23:09:16,217,217 multiprocessing INFO process shutting down
SpawnPoolWorker-270| 2026-06-21 23:09:16,217,217 multiprocessing INFO process shutting down
SpawnPoolWorker-265| 2026-06-21 23:09:16,217,217 multiprocessing INFO process shutting down
SpawnPoolWorker-262| 2026-06-21 23:09:16,217,217 multiprocessing INFO process exiting with exitcode 0
SpawnPoolWorker-249| 2026-06-21 23:09:16,218,218 multiprocessing INFO process exiting with exitcode 0
SpawnPoolWorker-270| 2026-06-21 23:09:16,218,218 multiprocessing INFO process exiting with exitcode 0
SpawnPoolWorker-263| 2026-06-21 23:09:16,217,217 multiprocessing INFO process shutting down
SpawnPoolWorker-265| 2026-06-21 23:09:16,218,218 multiprocessing INFO process exiting with exitcode 0
SpawnPoolWorker-268| 2026-06-21 23:09:16,218,218 multiprocessing INFO process shutting down
SpawnPoolWorker-255| 2026-06-21 23:09:16,218,218 multiprocessing INFO process shutting down
SpawnPoolWorker-258| 2026-06-21 23:09:16,218,218 multiprocessing INFO process shutting down
SpawnPoolWorker-260| 2026-06-21 23:09:16,218,218 multiprocessing INFO process shutting down
SpawnPoolWorker-251| 2026-06-21 23:09:16,218,218 multiprocessing INFO process shutting down
SpawnPoolWorker-267| 2026-06-21 23:09:16,218,218 multiprocessing INFO process shutting down
SpawnPoolWorker-271| 2026-06-21 23:09:16,218,218 multiprocessing INFO process shutting down
SpawnPoolWorker-269| 2026-06-21 23:09:16,219,219 multiprocessing INFO process shutting down
SpawnPoolWorker-272| 2026-06-21 23:09:16,218,218 multiprocessing INFO process shutting down
SpawnPoolWorker-257| 2026-06-21 23:09:16,218,218 multiprocessing INFO process shutting down
SpawnPoolWorker-264| 2026-06-21 23:09:16,219,219 multiprocessing INFO process shutting down
SpawnPoolWorker-253| 2026-06-21 23:09:16,219,219 multiprocessing INFO process shutting down
SpawnPoolWorker-254| 2026-06-21 23:09:16,219,219 multiprocessing INFO process shutting down
SpawnPoolWorker-256| 2026-06-21 23:09:16,220,220 multiprocessing INFO process shutting down
28
(50000, 6)
(50000,)
(50000, 6)
(50000,)

=======================Successfully Added (25000, 6) Counter Examples=======================


============None of the candidates fulfill the conditions. Training CONTINUES!=================

MainProcess| 2026-06-21 23:09:16,944,944 multiprocessing INFO 
============None of the candidates fulfill the conditions. Training CONTINUES!=================


============None of the candidates fulfill the conditions. Training CONTINUES!=================

(61, 108)
/users/9/chen8596/miniconda3/envs/alfd/lib/python3.9/site-packages/torch/nn/functional.py:4999: UserWarning: Support for mismatched key_padding_mask and attn_mask is deprecated. Use same type for both instead.
  warnings.warn(

==============Start Supervised Learning==============

MainProcess| 2026-06-21 23:09:20,964,964 multiprocessing INFO GP output mean: 0.37334699832563223
GP output mean: 0.37334699832563223
MainProcess| 2026-06-21 23:09:21,462,462 multiprocessing INFO GP output success rate: 0.0
GP output success rate: 0.0

==============End Supervised Learning==============

MainProcess| 2026-06-21 23:09:23,221,221 multiprocessing INFO [Test epoch=0008]  nevals=110224 	| train_loss=630.63867 	| eqs_invalid %=0.00 	| r_best=0.94192 	| quantile=0.81604 	| r_quantile_mean=0.84511 	| r_raw_sum=66.82336 	|  r_raw_mean=0.61873 	| r2=nan 	| acc_iid=0.00000 	| acc_ood=0.00000 	| nmse_test=0.2912998128239591 	| true_equation_set_count=0 	| s/it=89.59399
[Test epoch=0008]  nevals=110224 	| train_loss=630.63867 	| eqs_invalid %=0.00 	| r_best=0.94192 	| quantile=0.81604 	| r_quantile_mean=0.84511 	| r_raw_sum=66.82336 	|  r_raw_mean=0.61873 	| r2=nan 	| acc_iid=0.00000 	| acc_ood=0.00000 	| nmse_test=0.2912998128239591 	| true_equation_set_count=0 	| s/it=89.59399
MainProcess| 2026-06-21 23:10:45,506,506 multiprocessing INFO Genetic Porgramming Runtime 81.67815180821344
Genetic Porgramming Runtime 81.67815180821344

=========================PGD Collection Starts=========================

SpawnPoolWorker-279| 2026-06-21 23:10:50,433,433 multiprocessing INFO STARTING NEW RUN ==========
SpawnPoolWorker-279| 2026-06-21 23:10:50,433,433 multiprocessing INFO SEE LOG AT : ./logs/all_Lyapunov_test_dso-fn_d_all_z_01_log.txt
SpawnPoolWorker-279| 2026-06-21 23:10:50,433,433 multiprocessing INFO See log at : ./logs/all_Lyapunov_test_dso-fn_d_all_z_01_log.txt
SpawnPoolWorker-279| 2026-06-21 23:10:50,435,435 multiprocessing INFO child process calling self.run()
SpawnPoolWorker-276| 2026-06-21 23:10:50,497,497 multiprocessing INFO STARTING NEW RUN ==========
SpawnPoolWorker-276| 2026-06-21 23:10:50,497,497 multiprocessing INFO SEE LOG AT : ./logs/all_Lyapunov_test_dso-fn_d_all_z_01_log.txt
SpawnPoolWorker-276| 2026-06-21 23:10:50,497,497 multiprocessing INFO See log at : ./logs/all_Lyapunov_test_dso-fn_d_all_z_01_log.txt
SpawnPoolWorker-276| 2026-06-21 23:10:50,499,499 multiprocessing INFO child process calling self.run()
SpawnPoolWorker-281| 2026-06-21 23:10:50,592,592 multiprocessing INFO STARTING NEW RUN ==========
SpawnPoolWorker-281| 2026-06-21 23:10:50,593,593 multiprocessing INFO SEE LOG AT : ./logs/all_Lyapunov_test_dso-fn_d_all_z_01_log.txt
SpawnPoolWorker-281| 2026-06-21 23:10:50,593,593 multiprocessing INFO See log at : ./logs/all_Lyapunov_test_dso-fn_d_all_z_01_log.txt
SpawnPoolWorker-281| 2026-06-21 23:10:50,594,594 multiprocessing INFO child process calling self.run()
SpawnPoolWorker-275| 2026-06-21 23:10:50,928,928 multiprocessing INFO STARTING NEW RUN ==========
SpawnPoolWorker-275| 2026-06-21 23:10:50,928,928 multiprocessing INFO SEE LOG AT : ./logs/all_Lyapunov_test_dso-fn_d_all_z_01_log.txt
SpawnPoolWorker-275| 2026-06-21 23:10:50,928,928 multiprocessing INFO See log at : ./logs/all_Lyapunov_test_dso-fn_d_all_z_01_log.txt
SpawnPoolWorker-275| 2026-06-21 23:10:50,935,935 multiprocessing INFO child process calling self.run()
SpawnPoolWorker-274| 2026-06-21 23:10:51,010,10 multiprocessing INFO STARTING NEW RUN ==========
SpawnPoolWorker-274| 2026-06-21 23:10:51,010,10 multiprocessing INFO SEE LOG AT : ./logs/all_Lyapunov_test_dso-fn_d_all_z_01_log.txt
SpawnPoolWorker-274| 2026-06-21 23:10:51,010,10 multiprocessing INFO See log at : ./logs/all_Lyapunov_test_dso-fn_d_all_z_01_log.txt
SpawnPoolWorker-274| 2026-06-21 23:10:51,013,13 multiprocessing INFO child process calling self.run()
SpawnPoolWorker-277| 2026-06-21 23:10:51,071,71 multiprocessing INFO STARTING NEW RUN ==========
SpawnPoolWorker-277| 2026-06-21 23:10:51,071,71 multiprocessing INFO SEE LOG AT : ./logs/all_Lyapunov_test_dso-fn_d_all_z_01_log.txt
SpawnPoolWorker-277| 2026-06-21 23:10:51,071,71 multiprocessing INFO See log at : ./logs/all_Lyapunov_test_dso-fn_d_all_z_01_log.txt
SpawnPoolWorker-277| 2026-06-21 23:10:51,079,79 multiprocessing INFO child process calling self.run()
SpawnPoolWorker-278| 2026-06-21 23:10:51,284,284 multiprocessing INFO STARTING NEW RUN ==========
SpawnPoolWorker-278| 2026-06-21 23:10:51,285,285 multiprocessing INFO SEE LOG AT : ./logs/all_Lyapunov_test_dso-fn_d_all_z_01_log.txt
SpawnPoolWorker-278| 2026-06-21 23:10:51,285,285 multiprocessing INFO See log at : ./logs/all_Lyapunov_test_dso-fn_d_all_z_01_log.txt
SpawnPoolWorker-278| 2026-06-21 23:10:51,287,287 multiprocessing INFO child process calling self.run()
SpawnPoolWorker-273| 2026-06-21 23:10:51,299,299 multiprocessing INFO STARTING NEW RUN ==========
SpawnPoolWorker-273| 2026-06-21 23:10:51,299,299 multiprocessing INFO SEE LOG AT : ./logs/all_Lyapunov_test_dso-fn_d_all_z_01_log.txt
SpawnPoolWorker-273| 2026-06-21 23:10:51,299,299 multiprocessing INFO See log at : ./logs/all_Lyapunov_test_dso-fn_d_all_z_01_log.txt
SpawnPoolWorker-273| 2026-06-21 23:10:51,302,302 multiprocessing INFO child process calling self.run()
SpawnPoolWorker-282| 2026-06-21 23:10:51,374,374 multiprocessing INFO STARTING NEW RUN ==========
SpawnPoolWorker-282| 2026-06-21 23:10:51,375,375 multiprocessing INFO SEE LOG AT : ./logs/all_Lyapunov_test_dso-fn_d_all_z_01_log.txt
SpawnPoolWorker-282| 2026-06-21 23:10:51,375,375 multiprocessing INFO See log at : ./logs/all_Lyapunov_test_dso-fn_d_all_z_01_log.txt
SpawnPoolWorker-282| 2026-06-21 23:10:51,379,379 multiprocessing INFO child process calling self.run()
SpawnPoolWorker-280| 2026-06-21 23:10:51,477,477 multiprocessing INFO STARTING NEW RUN ==========
SpawnPoolWorker-280| 2026-06-21 23:10:51,477,477 multiprocessing INFO SEE LOG AT : ./logs/all_Lyapunov_test_dso-fn_d_all_z_01_log.txt
SpawnPoolWorker-280| 2026-06-21 23:10:51,477,477 multiprocessing INFO See log at : ./logs/all_Lyapunov_test_dso-fn_d_all_z_01_log.txt
SpawnPoolWorker-280| 2026-06-21 23:10:51,479,479 multiprocessing INFO child process calling self.run()
SpawnPoolWorker-276| 2026-06-21 23:11:35,803,803 multiprocessing INFO process shutting down
SpawnPoolWorker-279| 2026-06-21 23:11:35,803,803 multiprocessing INFO process shutting down
SpawnPoolWorker-275| 2026-06-21 23:11:35,803,803 multiprocessing INFO process shutting down
SpawnPoolWorker-276| 2026-06-21 23:11:35,803,803 multiprocessing INFO process exiting with exitcode 0
SpawnPoolWorker-277| 2026-06-21 23:11:35,803,803 multiprocessing INFO process shutting down
SpawnPoolWorker-279| 2026-06-21 23:11:35,803,803 multiprocessing INFO process exiting with exitcode 0
SpawnPoolWorker-275| 2026-06-21 23:11:35,803,803 multiprocessing INFO process exiting with exitcode 0
SpawnPoolWorker-274| 2026-06-21 23:11:35,803,803 multiprocessing INFO process shutting down
SpawnPoolWorker-277| 2026-06-21 23:11:35,804,804 multiprocessing INFO process exiting with exitcode 0
SpawnPoolWorker-273| 2026-06-21 23:11:35,803,803 multiprocessing INFO process shutting down
SpawnPoolWorker-274| 2026-06-21 23:11:35,804,804 multiprocessing INFO process exiting with exitcode 0
SpawnPoolWorker-278| 2026-06-21 23:11:35,804,804 multiprocessing INFO process shutting down
SpawnPoolWorker-282| 2026-06-21 23:11:35,804,804 multiprocessing INFO process shutting down
(10000,)

===================Collect 10000 Examples===================

Epsilon 0.1
500
(550,)
(550,)
(56,)
Number of Programs for Minimization: 28
SpawnPoolWorker-284| 2026-06-21 23:11:55,230,230 multiprocessing INFO STARTING NEW RUN ==========
SpawnPoolWorker-284| 2026-06-21 23:11:55,230,230 multiprocessing INFO SEE LOG AT : ./logs/all_Lyapunov_test_dso-fn_d_all_z_01_log.txt
SpawnPoolWorker-284| 2026-06-21 23:11:55,230,230 multiprocessing INFO See log at : ./logs/all_Lyapunov_test_dso-fn_d_all_z_01_log.txt
SpawnPoolWorker-284| 2026-06-21 23:11:55,242,242 multiprocessing INFO child process calling self.run()
SpawnPoolWorker-285| 2026-06-21 23:11:55,358,358 multiprocessing INFO STARTING NEW RUN ==========
SpawnPoolWorker-285| 2026-06-21 23:11:55,358,358 multiprocessing INFO SEE LOG AT : ./logs/all_Lyapunov_test_dso-fn_d_all_z_01_log.txt
SpawnPoolWorker-285| 2026-06-21 23:11:55,358,358 multiprocessing INFO See log at : ./logs/all_Lyapunov_test_dso-fn_d_all_z_01_log.txt
SpawnPoolWorker-285| 2026-06-21 23:11:55,362,362 multiprocessing INFO child process calling self.run()
SpawnPoolWorker-283| 2026-06-21 23:11:55,396,396 multiprocessing INFO STARTING NEW RUN ==========
SpawnPoolWorker-283| 2026-06-21 23:11:55,397,397 multiprocessing INFO SEE LOG AT : ./logs/all_Lyapunov_test_dso-fn_d_all_z_01_log.txt
SpawnPoolWorker-283| 2026-06-21 23:11:55,397,397 multiprocessing INFO See log at : ./logs/all_Lyapunov_test_dso-fn_d_all_z_01_log.txt
SpawnPoolWorker-283| 2026-06-21 23:11:55,402,402 multiprocessing INFO child process calling self.run()
SpawnPoolWorker-294| 2026-06-21 23:11:55,429,429 multiprocessing INFO STARTING NEW RUN ==========
SpawnPoolWorker-294| 2026-06-21 23:11:55,429,429 multiprocessing INFO SEE LOG AT : ./logs/all_Lyapunov_test_dso-fn_d_all_z_01_log.txt
SpawnPoolWorker-294| 2026-06-21 23:11:55,429,429 multiprocessing INFO See log at : ./logs/all_Lyapunov_test_dso-fn_d_all_z_01_log.txt
SpawnPoolWorker-294| 2026-06-21 23:11:55,437,437 multiprocessing INFO child process calling self.run()
SpawnPoolWorker-293| 2026-06-21 23:11:55,441,441 multiprocessing INFO STARTING NEW RUN ==========
SpawnPoolWorker-293| 2026-06-21 23:11:55,441,441 multiprocessing INFO SEE LOG AT : ./logs/all_Lyapunov_test_dso-fn_d_all_z_01_log.txt
SpawnPoolWorker-293| 2026-06-21 23:11:55,441,441 multiprocessing INFO See log at : ./logs/all_Lyapunov_test_dso-fn_d_all_z_01_log.txt
SpawnPoolWorker-293| 2026-06-21 23:11:55,447,447 multiprocessing INFO child process calling self.run()
SpawnPoolWorker-291| 2026-06-21 23:11:55,559,559 multiprocessing INFO STARTING NEW RUN ==========
SpawnPoolWorker-291| 2026-06-21 23:11:55,559,559 multiprocessing INFO SEE LOG AT : ./logs/all_Lyapunov_test_dso-fn_d_all_z_01_log.txt
SpawnPoolWorker-291| 2026-06-21 23:11:55,559,559 multiprocessing INFO See log at : ./logs/all_Lyapunov_test_dso-fn_d_all_z_01_log.txt
SpawnPoolWorker-291| 2026-06-21 23:11:55,562,562 multiprocessing INFO child process calling self.run()
SpawnPoolWorker-289| 2026-06-21 23:11:55,680,680 multiprocessing INFO STARTING NEW RUN ==========
SpawnPoolWorker-289| 2026-06-21 23:11:55,680,680 multiprocessing INFO SEE LOG AT : ./logs/all_Lyapunov_test_dso-fn_d_all_z_01_log.txt
SpawnPoolWorker-289| 2026-06-21 23:11:55,680,680 multiprocessing INFO See log at : ./logs/all_Lyapunov_test_dso-fn_d_all_z_01_log.txt
SpawnPoolWorker-289| 2026-06-21 23:11:55,693,693 multiprocessing INFO child process calling self.run()
SpawnPoolWorker-301| 2026-06-21 23:11:55,701,701 multiprocessing INFO STARTING NEW RUN ==========
SpawnPoolWorker-301| 2026-06-21 23:11:55,701,701 multiprocessing INFO SEE LOG AT : ./logs/all_Lyapunov_test_dso-fn_d_all_z_01_log.txt
SpawnPoolWorker-301| 2026-06-21 23:11:55,701,701 multiprocessing INFO See log at : ./logs/all_Lyapunov_test_dso-fn_d_all_z_01_log.txt
SpawnPoolWorker-301| 2026-06-21 23:11:55,706,706 multiprocessing INFO child process calling self.run()
SpawnPoolWorker-286| 2026-06-21 23:11:55,754,754 multiprocessing INFO STARTING NEW RUN ==========
SpawnPoolWorker-286| 2026-06-21 23:11:55,755,755 multiprocessing INFO SEE LOG AT : ./logs/all_Lyapunov_test_dso-fn_d_all_z_01_log.txt
SpawnPoolWorker-286| 2026-06-21 23:11:55,755,755 multiprocessing INFO See log at : ./logs/all_Lyapunov_test_dso-fn_d_all_z_01_log.txt
SpawnPoolWorker-286| 2026-06-21 23:11:55,762,762 multiprocessing INFO child process calling self.run()
SpawnPoolWorker-297| 2026-06-21 23:11:55,818,818 multiprocessing INFO STARTING NEW RUN ==========
SpawnPoolWorker-297| 2026-06-21 23:11:55,819,819 multiprocessing INFO SEE LOG AT : ./logs/all_Lyapunov_test_dso-fn_d_all_z_01_log.txt
SpawnPoolWorker-297| 2026-06-21 23:11:55,819,819 multiprocessing INFO See log at : ./logs/all_Lyapunov_test_dso-fn_d_all_z_01_log.txt
SpawnPoolWorker-297| 2026-06-21 23:11:55,824,824 multiprocessing INFO child process calling self.run()
SpawnPoolWorker-288| 2026-06-21 23:11:55,893,893 multiprocessing INFO STARTING NEW RUN ==========
SpawnPoolWorker-288| 2026-06-21 23:11:55,894,894 multiprocessing INFO SEE LOG AT : ./logs/all_Lyapunov_test_dso-fn_d_all_z_01_log.txt
SpawnPoolWorker-288| 2026-06-21 23:11:55,894,894 multiprocessing INFO See log at : ./logs/all_Lyapunov_test_dso-fn_d_all_z_01_log.txt
SpawnPoolWorker-288| 2026-06-21 23:11:55,897,897 multiprocessing INFO child process calling self.run()
SpawnPoolWorker-303| 2026-06-21 23:11:56,062,62 multiprocessing INFO STARTING NEW RUN ==========
SpawnPoolWorker-303| 2026-06-21 23:11:56,062,62 multiprocessing INFO SEE LOG AT : ./logs/all_Lyapunov_test_dso-fn_d_all_z_01_log.txt
SpawnPoolWorker-303| 2026-06-21 23:11:56,062,62 multiprocessing INFO See log at : ./logs/all_Lyapunov_test_dso-fn_d_all_z_01_log.txt
SpawnPoolWorker-303| 2026-06-21 23:11:56,067,67 multiprocessing INFO child process calling self.run()
SpawnPoolWorker-299| 2026-06-21 23:11:56,120,120 multiprocessing INFO STARTING NEW RUN ==========
SpawnPoolWorker-299| 2026-06-21 23:11:56,121,121 multiprocessing INFO SEE LOG AT : ./logs/all_Lyapunov_test_dso-fn_d_all_z_01_log.txt
SpawnPoolWorker-299| 2026-06-21 23:11:56,121,121 multiprocessing INFO See log at : ./logs/all_Lyapunov_test_dso-fn_d_all_z_01_log.txt
SpawnPoolWorker-299| 2026-06-21 23:11:56,125,125 multiprocessing INFO child process calling self.run()
SpawnPoolWorker-287| 2026-06-21 23:11:56,126,126 multiprocessing INFO STARTING NEW RUN ==========
SpawnPoolWorker-287| 2026-06-21 23:11:56,127,127 multiprocessing INFO SEE LOG AT : ./logs/all_Lyapunov_test_dso-fn_d_all_z_01_log.txt
SpawnPoolWorker-287| 2026-06-21 23:11:56,127,127 multiprocessing INFO See log at : ./logs/all_Lyapunov_test_dso-fn_d_all_z_01_log.txt
SpawnPoolWorker-287| 2026-06-21 23:11:56,130,130 multiprocessing INFO child process calling self.run()
SpawnPoolWorker-295| 2026-06-21 23:11:56,391,391 multiprocessing INFO STARTING NEW RUN ==========
SpawnPoolWorker-295| 2026-06-21 23:11:56,391,391 multiprocessing INFO SEE LOG AT : ./logs/all_Lyapunov_test_dso-fn_d_all_z_01_log.txt
SpawnPoolWorker-295| 2026-06-21 23:11:56,391,391 multiprocessing INFO See log at : ./logs/all_Lyapunov_test_dso-fn_d_all_z_01_log.txt
SpawnPoolWorker-295| 2026-06-21 23:11:56,394,394 multiprocessing INFO child process calling self.run()
SpawnPoolWorker-300| 2026-06-21 23:11:56,522,522 multiprocessing INFO STARTING NEW RUN ==========
SpawnPoolWorker-300| 2026-06-21 23:11:56,522,522 multiprocessing INFO SEE LOG AT : ./logs/all_Lyapunov_test_dso-fn_d_all_z_01_log.txt
SpawnPoolWorker-300| 2026-06-21 23:11:56,523,523 multiprocessing INFO See log at : ./logs/all_Lyapunov_test_dso-fn_d_all_z_01_log.txt
SpawnPoolWorker-300| 2026-06-21 23:11:56,529,529 multiprocessing INFO child process calling self.run()
SpawnPoolWorker-304| 2026-06-21 23:11:56,651,651 multiprocessing INFO STARTING NEW RUN ==========
SpawnPoolWorker-304| 2026-06-21 23:11:56,652,652 multiprocessing INFO SEE LOG AT : ./logs/all_Lyapunov_test_dso-fn_d_all_z_01_log.txt
SpawnPoolWorker-304| 2026-06-21 23:11:56,652,652 multiprocessing INFO See log at : ./logs/all_Lyapunov_test_dso-fn_d_all_z_01_log.txt
SpawnPoolWorker-304| 2026-06-21 23:11:56,660,660 multiprocessing INFO child process calling self.run()
SpawnPoolWorker-296| 2026-06-21 23:11:56,748,748 multiprocessing INFO STARTING NEW RUN ==========
SpawnPoolWorker-296| 2026-06-21 23:11:56,748,748 multiprocessing INFO SEE LOG AT : ./logs/all_Lyapunov_test_dso-fn_d_all_z_01_log.txt
SpawnPoolWorker-296| 2026-06-21 23:11:56,748,748 multiprocessing INFO See log at : ./logs/all_Lyapunov_test_dso-fn_d_all_z_01_log.txt
SpawnPoolWorker-296| 2026-06-21 23:11:56,757,757 multiprocessing INFO child process calling self.run()
SpawnPoolWorker-306| 2026-06-21 23:11:56,923,923 multiprocessing INFO STARTING NEW RUN ==========
SpawnPoolWorker-306| 2026-06-21 23:11:56,923,923 multiprocessing INFO SEE LOG AT : ./logs/all_Lyapunov_test_dso-fn_d_all_z_01_log.txt
SpawnPoolWorker-306| 2026-06-21 23:11:56,923,923 multiprocessing INFO See log at : ./logs/all_Lyapunov_test_dso-fn_d_all_z_01_log.txt
SpawnPoolWorker-306| 2026-06-21 23:11:56,932,932 multiprocessing INFO child process calling self.run()
SpawnPoolWorker-290| 2026-06-21 23:11:57,067,67 multiprocessing INFO STARTING NEW RUN ==========
SpawnPoolWorker-290| 2026-06-21 23:11:57,067,67 multiprocessing INFO SEE LOG AT : ./logs/all_Lyapunov_test_dso-fn_d_all_z_01_log.txt
SpawnPoolWorker-290| 2026-06-21 23:11:57,067,67 multiprocessing INFO See log at : ./logs/all_Lyapunov_test_dso-fn_d_all_z_01_log.txt
SpawnPoolWorker-290| 2026-06-21 23:11:57,070,70 multiprocessing INFO child process calling self.run()
SpawnPoolWorker-305| 2026-06-21 23:11:57,071,71 multiprocessing INFO STARTING NEW RUN ==========
SpawnPoolWorker-305| 2026-06-21 23:11:57,072,72 multiprocessing INFO SEE LOG AT : ./logs/all_Lyapunov_test_dso-fn_d_all_z_01_log.txt
SpawnPoolWorker-305| 2026-06-21 23:11:57,072,72 multiprocessing INFO See log at : ./logs/all_Lyapunov_test_dso-fn_d_all_z_01_log.txt
SpawnPoolWorker-305| 2026-06-21 23:11:57,076,76 multiprocessing INFO child process calling self.run()
SpawnPoolWorker-302| 2026-06-21 23:11:57,150,150 multiprocessing INFO STARTING NEW RUN ==========
SpawnPoolWorker-302| 2026-06-21 23:11:57,150,150 multiprocessing INFO SEE LOG AT : ./logs/all_Lyapunov_test_dso-fn_d_all_z_01_log.txt
SpawnPoolWorker-302| 2026-06-21 23:11:57,150,150 multiprocessing INFO See log at : ./logs/all_Lyapunov_test_dso-fn_d_all_z_01_log.txt
SpawnPoolWorker-302| 2026-06-21 23:11:57,160,160 multiprocessing INFO child process calling self.run()
SpawnPoolWorker-292| 2026-06-21 23:11:57,263,263 multiprocessing INFO STARTING NEW RUN ==========
SpawnPoolWorker-292| 2026-06-21 23:11:57,263,263 multiprocessing INFO SEE LOG AT : ./logs/all_Lyapunov_test_dso-fn_d_all_z_01_log.txt
SpawnPoolWorker-292| 2026-06-21 23:11:57,263,263 multiprocessing INFO See log at : ./logs/all_Lyapunov_test_dso-fn_d_all_z_01_log.txt
SpawnPoolWorker-292| 2026-06-21 23:11:57,265,265 multiprocessing INFO child process calling self.run()
SpawnPoolWorker-298| 2026-06-21 23:11:57,665,665 multiprocessing INFO STARTING NEW RUN ==========
SpawnPoolWorker-298| 2026-06-21 23:11:57,665,665 multiprocessing INFO SEE LOG AT : ./logs/all_Lyapunov_test_dso-fn_d_all_z_01_log.txt
SpawnPoolWorker-298| 2026-06-21 23:11:57,665,665 multiprocessing INFO See log at : ./logs/all_Lyapunov_test_dso-fn_d_all_z_01_log.txt
SpawnPoolWorker-298| 2026-06-21 23:11:57,674,674 multiprocessing INFO child process calling self.run()
SpawnPoolWorker-298| 2026-06-21 23:11:58,864,864 multiprocessing INFO process shutting down
SpawnPoolWorker-298| 2026-06-21 23:11:58,864,864 multiprocessing INFO process exiting with exitcode 0
SpawnPoolWorker-284| 2026-06-21 23:11:58,864,864 multiprocessing INFO process shutting down
SpawnPoolWorker-303| 2026-06-21 23:11:58,864,864 multiprocessing INFO process shutting down
SpawnPoolWorker-288| 2026-06-21 23:11:58,865,865 multiprocessing INFO process shutting down
SpawnPoolWorker-297| 2026-06-21 23:11:58,864,864 multiprocessing INFO process shutting down
SpawnPoolWorker-285| 2026-06-21 23:11:58,864,864 multiprocessing INFO process shutting down
SpawnPoolWorker-289| 2026-06-21 23:11:58,865,865 multiprocessing INFO process shutting down
SpawnPoolWorker-293| 2026-06-21 23:11:58,865,865 multiprocessing INFO process shutting down
SpawnPoolWorker-300| 2026-06-21 23:11:58,866,866 multiprocessing INFO process shutting down
SpawnPoolWorker-284| 2026-06-21 23:11:58,866,866 multiprocessing INFO process exiting with exitcode 0
SpawnPoolWorker-294| 2026-06-21 23:11:58,866,866 multiprocessing INFO process shutting down
SpawnPoolWorker-300| 2026-06-21 23:11:58,866,866 multiprocessing INFO process exiting with exitcode 0
SpawnPoolWorker-294| 2026-06-21 23:11:58,866,866 multiprocessing INFO process exiting with exitcode 0
SpawnPoolWorker-299| 2026-06-21 23:11:58,866,866 multiprocessing INFO process shutting down
SpawnPoolWorker-291| 2026-06-21 23:11:58,866,866 multiprocessing INFO process shutting down
SpawnPoolWorker-299| 2026-06-21 23:11:58,867,867 multiprocessing INFO process exiting with exitcode 0
SpawnPoolWorker-283| 2026-06-21 23:11:58,866,866 multiprocessing INFO process shutting down
SpawnPoolWorker-286| 2026-06-21 23:11:58,866,866 multiprocessing INFO process shutting down
SpawnPoolWorker-302| 2026-06-21 23:11:58,867,867 multiprocessing INFO process shutting down
SpawnPoolWorker-304| 2026-06-21 23:11:58,867,867 multiprocessing INFO process shutting down
SpawnPoolWorker-295| 2026-06-21 23:11:58,867,867 multiprocessing INFO process shutting down
SpawnPoolWorker-287| 2026-06-21 23:11:58,868,868 multiprocessing INFO process shutting down
SpawnPoolWorker-295| 2026-06-21 23:11:58,868,868 multiprocessing INFO process exiting with exitcode 0
SpawnPoolWorker-287| 2026-06-21 23:11:58,868,868 multiprocessing INFO process exiting with exitcode 0
SpawnPoolWorker-291| 2026-06-21 23:11:58,868,868 multiprocessing INFO process exiting with exitcode 0
SpawnPoolWorker-305| 2026-06-21 23:11:58,868,868 multiprocessing INFO process shutting down
SpawnPoolWorker-305| 2026-06-21 23:11:58,869,869 multiprocessing INFO process exiting with exitcode 0
SpawnPoolWorker-301| 2026-06-21 23:11:58,868,868 multiprocessing INFO process shutting down
28
(50000, 6)
(50000,)
(50000, 6)
(50000,)

=======================Successfully Added (25000, 6) Counter Examples=======================


============None of the candidates fulfill the conditions. Training CONTINUES!=================

MainProcess| 2026-06-21 23:12:00,398,398 multiprocessing INFO 
============None of the candidates fulfill the conditions. Training CONTINUES!=================


============None of the candidates fulfill the conditions. Training CONTINUES!=================

(56, 108)
/users/9/chen8596/miniconda3/envs/alfd/lib/python3.9/site-packages/torch/nn/functional.py:4999: UserWarning: Support for mismatched key_padding_mask and attn_mask is deprecated. Use same type for both instead.
  warnings.warn(

==============Start Supervised Learning==============

MainProcess| 2026-06-21 23:12:04,528,528 multiprocessing INFO GP output mean: 0.48149142881750406
GP output mean: 0.48149142881750406
MainProcess| 2026-06-21 23:12:05,150,150 multiprocessing INFO GP output success rate: 0.0
GP output success rate: 0.0

==============End Supervised Learning==============

MainProcess| 2026-06-21 23:12:06,827,827 multiprocessing INFO [Test epoch=0009]  nevals=124034 	| train_loss=6951.50537 	| eqs_invalid %=0.00 	| r_best=0.94192 	| quantile=0.76870 	| r_quantile_mean=0.85132 	| r_raw_sum=127.91959 	|  r_raw_mean=0.58949 	| r2=nan 	| acc_iid=0.00000 	| acc_ood=0.00000 	| nmse_test=0.2912998128239591 	| true_equation_set_count=0 	| s/it=163.60528
[Test epoch=0009]  nevals=124034 	| train_loss=6951.50537 	| eqs_invalid %=0.00 	| r_best=0.94192 	| quantile=0.76870 	| r_quantile_mean=0.85132 	| r_raw_sum=127.91959 	|  r_raw_mean=0.58949 	| r2=nan 	| acc_iid=0.00000 	| acc_ood=0.00000 	| nmse_test=0.2912998128239591 	| true_equation_set_count=0 	| s/it=163.60528
MainProcess| 2026-06-21 23:13:02,593,593 multiprocessing INFO Genetic Porgramming Runtime 55.11670741904527
Genetic Porgramming Runtime 55.11670741904527

=========================PGD Collection Starts=========================

SpawnPoolWorker-311| 2026-06-21 23:13:07,494,494 multiprocessing INFO STARTING NEW RUN ==========
SpawnPoolWorker-311| 2026-06-21 23:13:07,495,495 multiprocessing INFO SEE LOG AT : ./logs/all_Lyapunov_test_dso-fn_d_all_z_01_log.txt
SpawnPoolWorker-311| 2026-06-21 23:13:07,495,495 multiprocessing INFO See log at : ./logs/all_Lyapunov_test_dso-fn_d_all_z_01_log.txt
SpawnPoolWorker-311| 2026-06-21 23:13:07,497,497 multiprocessing INFO child process calling self.run()
SpawnPoolWorker-308| 2026-06-21 23:13:07,594,594 multiprocessing INFO STARTING NEW RUN ==========
SpawnPoolWorker-308| 2026-06-21 23:13:07,594,594 multiprocessing INFO SEE LOG AT : ./logs/all_Lyapunov_test_dso-fn_d_all_z_01_log.txt
SpawnPoolWorker-308| 2026-06-21 23:13:07,594,594 multiprocessing INFO See log at : ./logs/all_Lyapunov_test_dso-fn_d_all_z_01_log.txt
SpawnPoolWorker-308| 2026-06-21 23:13:07,595,595 multiprocessing INFO child process calling self.run()
SpawnPoolWorker-312| 2026-06-21 23:13:07,673,673 multiprocessing INFO STARTING NEW RUN ==========
SpawnPoolWorker-312| 2026-06-21 23:13:07,673,673 multiprocessing INFO SEE LOG AT : ./logs/all_Lyapunov_test_dso-fn_d_all_z_01_log.txt
SpawnPoolWorker-312| 2026-06-21 23:13:07,673,673 multiprocessing INFO See log at : ./logs/all_Lyapunov_test_dso-fn_d_all_z_01_log.txt
SpawnPoolWorker-312| 2026-06-21 23:13:07,675,675 multiprocessing INFO child process calling self.run()
SpawnPoolWorker-307| 2026-06-21 23:13:07,701,701 multiprocessing INFO STARTING NEW RUN ==========
SpawnPoolWorker-307| 2026-06-21 23:13:07,701,701 multiprocessing INFO SEE LOG AT : ./logs/all_Lyapunov_test_dso-fn_d_all_z_01_log.txt
SpawnPoolWorker-307| 2026-06-21 23:13:07,701,701 multiprocessing INFO See log at : ./logs/all_Lyapunov_test_dso-fn_d_all_z_01_log.txt
SpawnPoolWorker-307| 2026-06-21 23:13:07,703,703 multiprocessing INFO child process calling self.run()
SpawnPoolWorker-309| 2026-06-21 23:13:07,712,712 multiprocessing INFO STARTING NEW RUN ==========
SpawnPoolWorker-309| 2026-06-21 23:13:07,713,713 multiprocessing INFO SEE LOG AT : ./logs/all_Lyapunov_test_dso-fn_d_all_z_01_log.txt
SpawnPoolWorker-309| 2026-06-21 23:13:07,713,713 multiprocessing INFO See log at : ./logs/all_Lyapunov_test_dso-fn_d_all_z_01_log.txt
SpawnPoolWorker-309| 2026-06-21 23:13:07,714,714 multiprocessing INFO child process calling self.run()
SpawnPoolWorker-313| 2026-06-21 23:13:07,772,772 multiprocessing INFO STARTING NEW RUN ==========
SpawnPoolWorker-316| 2026-06-21 23:13:07,772,772 multiprocessing INFO STARTING NEW RUN ==========
SpawnPoolWorker-313| 2026-06-21 23:13:07,773,773 multiprocessing INFO SEE LOG AT : ./logs/all_Lyapunov_test_dso-fn_d_all_z_01_log.txt
SpawnPoolWorker-313| 2026-06-21 23:13:07,773,773 multiprocessing INFO See log at : ./logs/all_Lyapunov_test_dso-fn_d_all_z_01_log.txt
SpawnPoolWorker-316| 2026-06-21 23:13:07,773,773 multiprocessing INFO SEE LOG AT : ./logs/all_Lyapunov_test_dso-fn_d_all_z_01_log.txt
SpawnPoolWorker-316| 2026-06-21 23:13:07,773,773 multiprocessing INFO See log at : ./logs/all_Lyapunov_test_dso-fn_d_all_z_01_log.txt
SpawnPoolWorker-313| 2026-06-21 23:13:07,774,774 multiprocessing INFO child process calling self.run()
SpawnPoolWorker-316| 2026-06-21 23:13:07,774,774 multiprocessing INFO child process calling self.run()
SpawnPoolWorker-310| 2026-06-21 23:13:07,865,865 multiprocessing INFO STARTING NEW RUN ==========
SpawnPoolWorker-310| 2026-06-21 23:13:07,865,865 multiprocessing INFO SEE LOG AT : ./logs/all_Lyapunov_test_dso-fn_d_all_z_01_log.txt
SpawnPoolWorker-310| 2026-06-21 23:13:07,865,865 multiprocessing INFO See log at : ./logs/all_Lyapunov_test_dso-fn_d_all_z_01_log.txt
SpawnPoolWorker-310| 2026-06-21 23:13:07,867,867 multiprocessing INFO child process calling self.run()
SpawnPoolWorker-314| 2026-06-21 23:13:07,876,876 multiprocessing INFO STARTING NEW RUN ==========
SpawnPoolWorker-314| 2026-06-21 23:13:07,876,876 multiprocessing INFO SEE LOG AT : ./logs/all_Lyapunov_test_dso-fn_d_all_z_01_log.txt
SpawnPoolWorker-314| 2026-06-21 23:13:07,876,876 multiprocessing INFO See log at : ./logs/all_Lyapunov_test_dso-fn_d_all_z_01_log.txt
SpawnPoolWorker-314| 2026-06-21 23:13:07,878,878 multiprocessing INFO child process calling self.run()
SpawnPoolWorker-315| 2026-06-21 23:13:08,022,22 multiprocessing INFO STARTING NEW RUN ==========
SpawnPoolWorker-315| 2026-06-21 23:13:08,022,22 multiprocessing INFO SEE LOG AT : ./logs/all_Lyapunov_test_dso-fn_d_all_z_01_log.txt
SpawnPoolWorker-315| 2026-06-21 23:13:08,022,22 multiprocessing INFO See log at : ./logs/all_Lyapunov_test_dso-fn_d_all_z_01_log.txt
SpawnPoolWorker-315| 2026-06-21 23:13:08,024,24 multiprocessing INFO child process calling self.run()
SpawnPoolWorker-311| 2026-06-21 23:13:32,802,802 multiprocessing INFO process shutting down
SpawnPoolWorker-308| 2026-06-21 23:13:32,802,802 multiprocessing INFO process shutting down
SpawnPoolWorker-316| 2026-06-21 23:13:32,802,802 multiprocessing INFO process shutting down
SpawnPoolWorker-311| 2026-06-21 23:13:32,802,802 multiprocessing INFO process exiting with exitcode 0
SpawnPoolWorker-316| 2026-06-21 23:13:32,802,802 multiprocessing INFO process exiting with exitcode 0
SpawnPoolWorker-308| 2026-06-21 23:13:32,802,802 multiprocessing INFO process exiting with exitcode 0
SpawnPoolWorker-315| 2026-06-21 23:13:32,802,802 multiprocessing INFO process shutting down
SpawnPoolWorker-315| 2026-06-21 23:13:32,803,803 multiprocessing INFO process exiting with exitcode 0
SpawnPoolWorker-309| 2026-06-21 23:13:32,803,803 multiprocessing INFO process shutting down
SpawnPoolWorker-307| 2026-06-21 23:13:32,803,803 multiprocessing INFO process shutting down
SpawnPoolWorker-314| 2026-06-21 23:13:32,803,803 multiprocessing INFO process shutting down
SpawnPoolWorker-313| 2026-06-21 23:13:32,804,804 multiprocessing INFO process shutting down
(10000,)

===================Collect 10000 Examples===================

Epsilon 0.1
500
(550,)
(550,)
(56,)
Number of Programs for Minimization: 28
SpawnPoolWorker-322| 2026-06-21 23:13:57,019,19 multiprocessing INFO STARTING NEW RUN ==========
SpawnPoolWorker-322| 2026-06-21 23:13:57,019,19 multiprocessing INFO SEE LOG AT : ./logs/all_Lyapunov_test_dso-fn_d_all_z_01_log.txt
SpawnPoolWorker-322| 2026-06-21 23:13:57,019,19 multiprocessing INFO See log at : ./logs/all_Lyapunov_test_dso-fn_d_all_z_01_log.txt
SpawnPoolWorker-322| 2026-06-21 23:13:57,025,25 multiprocessing INFO child process calling self.run()
SpawnPoolWorker-320| 2026-06-21 23:13:57,285,285 multiprocessing INFO STARTING NEW RUN ==========
SpawnPoolWorker-320| 2026-06-21 23:13:57,285,285 multiprocessing INFO SEE LOG AT : ./logs/all_Lyapunov_test_dso-fn_d_all_z_01_log.txt
SpawnPoolWorker-320| 2026-06-21 23:13:57,285,285 multiprocessing INFO See log at : ./logs/all_Lyapunov_test_dso-fn_d_all_z_01_log.txt
SpawnPoolWorker-320| 2026-06-21 23:13:57,292,292 multiprocessing INFO child process calling self.run()
SpawnPoolWorker-318| 2026-06-21 23:13:57,340,340 multiprocessing INFO STARTING NEW RUN ==========
SpawnPoolWorker-318| 2026-06-21 23:13:57,340,340 multiprocessing INFO SEE LOG AT : ./logs/all_Lyapunov_test_dso-fn_d_all_z_01_log.txt
SpawnPoolWorker-318| 2026-06-21 23:13:57,340,340 multiprocessing INFO See log at : ./logs/all_Lyapunov_test_dso-fn_d_all_z_01_log.txt
SpawnPoolWorker-318| 2026-06-21 23:13:57,344,344 multiprocessing INFO child process calling self.run()
SpawnPoolWorker-317| 2026-06-21 23:13:57,621,621 multiprocessing INFO STARTING NEW RUN ==========
SpawnPoolWorker-317| 2026-06-21 23:13:57,621,621 multiprocessing INFO SEE LOG AT : ./logs/all_Lyapunov_test_dso-fn_d_all_z_01_log.txt
SpawnPoolWorker-317| 2026-06-21 23:13:57,621,621 multiprocessing INFO See log at : ./logs/all_Lyapunov_test_dso-fn_d_all_z_01_log.txt
SpawnPoolWorker-317| 2026-06-21 23:13:57,631,631 multiprocessing INFO child process calling self.run()
SpawnPoolWorker-321| 2026-06-21 23:13:57,850,850 multiprocessing INFO STARTING NEW RUN ==========
SpawnPoolWorker-321| 2026-06-21 23:13:57,850,850 multiprocessing INFO SEE LOG AT : ./logs/all_Lyapunov_test_dso-fn_d_all_z_01_log.txt
SpawnPoolWorker-321| 2026-06-21 23:13:57,850,850 multiprocessing INFO See log at : ./logs/all_Lyapunov_test_dso-fn_d_all_z_01_log.txt
SpawnPoolWorker-321| 2026-06-21 23:13:57,854,854 multiprocessing INFO child process calling self.run()
SpawnPoolWorker-319| 2026-06-21 23:13:57,913,913 multiprocessing INFO STARTING NEW RUN ==========
SpawnPoolWorker-319| 2026-06-21 23:13:57,913,913 multiprocessing INFO SEE LOG AT : ./logs/all_Lyapunov_test_dso-fn_d_all_z_01_log.txt
SpawnPoolWorker-319| 2026-06-21 23:13:57,913,913 multiprocessing INFO See log at : ./logs/all_Lyapunov_test_dso-fn_d_all_z_01_log.txt
SpawnPoolWorker-319| 2026-06-21 23:13:57,921,921 multiprocessing INFO child process calling self.run()
SpawnPoolWorker-323| 2026-06-21 23:13:58,127,127 multiprocessing INFO STARTING NEW RUN ==========
SpawnPoolWorker-323| 2026-06-21 23:13:58,127,127 multiprocessing INFO SEE LOG AT : ./logs/all_Lyapunov_test_dso-fn_d_all_z_01_log.txt
SpawnPoolWorker-323| 2026-06-21 23:13:58,127,127 multiprocessing INFO See log at : ./logs/all_Lyapunov_test_dso-fn_d_all_z_01_log.txt
SpawnPoolWorker-323| 2026-06-21 23:13:58,136,136 multiprocessing INFO child process calling self.run()
SpawnPoolWorker-324| 2026-06-21 23:13:58,186,186 multiprocessing INFO STARTING NEW RUN ==========
SpawnPoolWorker-324| 2026-06-21 23:13:58,186,186 multiprocessing INFO SEE LOG AT : ./logs/all_Lyapunov_test_dso-fn_d_all_z_01_log.txt
SpawnPoolWorker-324| 2026-06-21 23:13:58,186,186 multiprocessing INFO See log at : ./logs/all_Lyapunov_test_dso-fn_d_all_z_01_log.txt
SpawnPoolWorker-324| 2026-06-21 23:13:58,199,199 multiprocessing INFO child process calling self.run()
SpawnPoolWorker-326| 2026-06-21 23:13:58,481,481 multiprocessing INFO STARTING NEW RUN ==========
SpawnPoolWorker-326| 2026-06-21 23:13:58,484,484 multiprocessing INFO SEE LOG AT : ./logs/all_Lyapunov_test_dso-fn_d_all_z_01_log.txt
SpawnPoolWorker-326| 2026-06-21 23:13:58,484,484 multiprocessing INFO See log at : ./logs/all_Lyapunov_test_dso-fn_d_all_z_01_log.txt
SpawnPoolWorker-326| 2026-06-21 23:13:58,488,488 multiprocessing INFO child process calling self.run()
SpawnPoolWorker-329| 2026-06-21 23:13:58,502,502 multiprocessing INFO STARTING NEW RUN ==========
SpawnPoolWorker-329| 2026-06-21 23:13:58,502,502 multiprocessing INFO SEE LOG AT : ./logs/all_Lyapunov_test_dso-fn_d_all_z_01_log.txt
SpawnPoolWorker-329| 2026-06-21 23:13:58,502,502 multiprocessing INFO See log at : ./logs/all_Lyapunov_test_dso-fn_d_all_z_01_log.txt
SpawnPoolWorker-329| 2026-06-21 23:13:58,520,520 multiprocessing INFO child process calling self.run()
SpawnPoolWorker-331| 2026-06-21 23:13:58,573,573 multiprocessing INFO STARTING NEW RUN ==========
SpawnPoolWorker-331| 2026-06-21 23:13:58,573,573 multiprocessing INFO SEE LOG AT : ./logs/all_Lyapunov_test_dso-fn_d_all_z_01_log.txt
SpawnPoolWorker-331| 2026-06-21 23:13:58,573,573 multiprocessing INFO See log at : ./logs/all_Lyapunov_test_dso-fn_d_all_z_01_log.txt
SpawnPoolWorker-331| 2026-06-21 23:13:58,594,594 multiprocessing INFO child process calling self.run()
SpawnPoolWorker-330| 2026-06-21 23:13:58,678,678 multiprocessing INFO STARTING NEW RUN ==========
SpawnPoolWorker-330| 2026-06-21 23:13:58,679,679 multiprocessing INFO SEE LOG AT : ./logs/all_Lyapunov_test_dso-fn_d_all_z_01_log.txt
SpawnPoolWorker-330| 2026-06-21 23:13:58,679,679 multiprocessing INFO See log at : ./logs/all_Lyapunov_test_dso-fn_d_all_z_01_log.txt
SpawnPoolWorker-330| 2026-06-21 23:13:58,683,683 multiprocessing INFO child process calling self.run()
SpawnPoolWorker-325| 2026-06-21 23:13:58,706,706 multiprocessing INFO STARTING NEW RUN ==========
SpawnPoolWorker-325| 2026-06-21 23:13:58,707,707 multiprocessing INFO SEE LOG AT : ./logs/all_Lyapunov_test_dso-fn_d_all_z_01_log.txt
SpawnPoolWorker-325| 2026-06-21 23:13:58,707,707 multiprocessing INFO See log at : ./logs/all_Lyapunov_test_dso-fn_d_all_z_01_log.txt
SpawnPoolWorker-325| 2026-06-21 23:13:58,713,713 multiprocessing INFO child process calling self.run()
SpawnPoolWorker-327| 2026-06-21 23:13:58,994,994 multiprocessing INFO STARTING NEW RUN ==========
SpawnPoolWorker-327| 2026-06-21 23:13:58,994,994 multiprocessing INFO SEE LOG AT : ./logs/all_Lyapunov_test_dso-fn_d_all_z_01_log.txt
SpawnPoolWorker-327| 2026-06-21 23:13:58,994,994 multiprocessing INFO See log at : ./logs/all_Lyapunov_test_dso-fn_d_all_z_01_log.txt
SpawnPoolWorker-328| 2026-06-21 23:13:59,000,0 multiprocessing INFO STARTING NEW RUN ==========
SpawnPoolWorker-328| 2026-06-21 23:13:59,000,0 multiprocessing INFO SEE LOG AT : ./logs/all_Lyapunov_test_dso-fn_d_all_z_01_log.txt
SpawnPoolWorker-328| 2026-06-21 23:13:59,000,0 multiprocessing INFO See log at : ./logs/all_Lyapunov_test_dso-fn_d_all_z_01_log.txt
SpawnPoolWorker-328| 2026-06-21 23:13:59,005,5 multiprocessing INFO child process calling self.run()
SpawnPoolWorker-327| 2026-06-21 23:13:59,011,11 multiprocessing INFO child process calling self.run()
SpawnPoolWorker-332| 2026-06-21 23:13:59,740,740 multiprocessing INFO STARTING NEW RUN ==========
SpawnPoolWorker-332| 2026-06-21 23:13:59,740,740 multiprocessing INFO SEE LOG AT : ./logs/all_Lyapunov_test_dso-fn_d_all_z_01_log.txt
SpawnPoolWorker-332| 2026-06-21 23:13:59,740,740 multiprocessing INFO See log at : ./logs/all_Lyapunov_test_dso-fn_d_all_z_01_log.txt
SpawnPoolWorker-332| 2026-06-21 23:13:59,747,747 multiprocessing INFO child process calling self.run()
SpawnPoolWorker-337| 2026-06-21 23:13:59,799,799 multiprocessing INFO STARTING NEW RUN ==========
SpawnPoolWorker-337| 2026-06-21 23:13:59,799,799 multiprocessing INFO SEE LOG AT : ./logs/all_Lyapunov_test_dso-fn_d_all_z_01_log.txt
SpawnPoolWorker-337| 2026-06-21 23:13:59,799,799 multiprocessing INFO See log at : ./logs/all_Lyapunov_test_dso-fn_d_all_z_01_log.txt
SpawnPoolWorker-337| 2026-06-21 23:13:59,811,811 multiprocessing INFO child process calling self.run()
SpawnPoolWorker-338| 2026-06-21 23:13:59,847,847 multiprocessing INFO STARTING NEW RUN ==========
SpawnPoolWorker-338| 2026-06-21 23:13:59,847,847 multiprocessing INFO SEE LOG AT : ./logs/all_Lyapunov_test_dso-fn_d_all_z_01_log.txt
SpawnPoolWorker-338| 2026-06-21 23:13:59,847,847 multiprocessing INFO See log at : ./logs/all_Lyapunov_test_dso-fn_d_all_z_01_log.txt
SpawnPoolWorker-338| 2026-06-21 23:13:59,850,850 multiprocessing INFO child process calling self.run()
SpawnPoolWorker-336| 2026-06-21 23:13:59,932,932 multiprocessing INFO STARTING NEW RUN ==========
SpawnPoolWorker-336| 2026-06-21 23:13:59,932,932 multiprocessing INFO SEE LOG AT : ./logs/all_Lyapunov_test_dso-fn_d_all_z_01_log.txt
SpawnPoolWorker-336| 2026-06-21 23:13:59,932,932 multiprocessing INFO See log at : ./logs/all_Lyapunov_test_dso-fn_d_all_z_01_log.txt
SpawnPoolWorker-336| 2026-06-21 23:13:59,942,942 multiprocessing INFO child process calling self.run()
SpawnPoolWorker-333| 2026-06-21 23:13:59,982,982 multiprocessing INFO STARTING NEW RUN ==========
SpawnPoolWorker-333| 2026-06-21 23:13:59,982,982 multiprocessing INFO SEE LOG AT : ./logs/all_Lyapunov_test_dso-fn_d_all_z_01_log.txt
SpawnPoolWorker-333| 2026-06-21 23:13:59,982,982 multiprocessing INFO See log at : ./logs/all_Lyapunov_test_dso-fn_d_all_z_01_log.txt
SpawnPoolWorker-333| 2026-06-21 23:13:59,989,989 multiprocessing INFO child process calling self.run()
SpawnPoolWorker-334| 2026-06-21 23:14:00,066,66 multiprocessing INFO STARTING NEW RUN ==========
SpawnPoolWorker-334| 2026-06-21 23:14:00,066,66 multiprocessing INFO SEE LOG AT : ./logs/all_Lyapunov_test_dso-fn_d_all_z_01_log.txt
SpawnPoolWorker-334| 2026-06-21 23:14:00,066,66 multiprocessing INFO See log at : ./logs/all_Lyapunov_test_dso-fn_d_all_z_01_log.txt
SpawnPoolWorker-334| 2026-06-21 23:14:00,072,72 multiprocessing INFO child process calling self.run()
SpawnPoolWorker-340| 2026-06-21 23:14:00,491,491 multiprocessing INFO STARTING NEW RUN ==========
SpawnPoolWorker-340| 2026-06-21 23:14:00,491,491 multiprocessing INFO SEE LOG AT : ./logs/all_Lyapunov_test_dso-fn_d_all_z_01_log.txt
SpawnPoolWorker-340| 2026-06-21 23:14:00,491,491 multiprocessing INFO See log at : ./logs/all_Lyapunov_test_dso-fn_d_all_z_01_log.txt
SpawnPoolWorker-340| 2026-06-21 23:14:00,500,500 multiprocessing INFO child process calling self.run()
SpawnPoolWorker-335| 2026-06-21 23:14:01,147,147 multiprocessing INFO STARTING NEW RUN ==========
SpawnPoolWorker-335| 2026-06-21 23:14:01,147,147 multiprocessing INFO SEE LOG AT : ./logs/all_Lyapunov_test_dso-fn_d_all_z_01_log.txt
SpawnPoolWorker-335| 2026-06-21 23:14:01,147,147 multiprocessing INFO See log at : ./logs/all_Lyapunov_test_dso-fn_d_all_z_01_log.txt
SpawnPoolWorker-335| 2026-06-21 23:14:01,155,155 multiprocessing INFO child process calling self.run()
SpawnPoolWorker-339| 2026-06-21 23:14:01,847,847 multiprocessing INFO STARTING NEW RUN ==========
SpawnPoolWorker-339| 2026-06-21 23:14:01,847,847 multiprocessing INFO SEE LOG AT : ./logs/all_Lyapunov_test_dso-fn_d_all_z_01_log.txt
SpawnPoolWorker-339| 2026-06-21 23:14:01,847,847 multiprocessing INFO See log at : ./logs/all_Lyapunov_test_dso-fn_d_all_z_01_log.txt
SpawnPoolWorker-339| 2026-06-21 23:14:01,851,851 multiprocessing INFO child process calling self.run()
SpawnPoolWorker-323| 2026-06-21 23:14:03,476,476 multiprocessing INFO process shutting down
SpawnPoolWorker-327| 2026-06-21 23:14:03,476,476 multiprocessing INFO process shutting down
SpawnPoolWorker-329| 2026-06-21 23:14:03,476,476 multiprocessing INFO process shutting down
SpawnPoolWorker-331| 2026-06-21 23:14:03,476,476 multiprocessing INFO process shutting down
SpawnPoolWorker-323| 2026-06-21 23:14:03,477,477 multiprocessing INFO process exiting with exitcode 0
SpawnPoolWorker-327| 2026-06-21 23:14:03,477,477 multiprocessing INFO process exiting with exitcode 0
SpawnPoolWorker-329| 2026-06-21 23:14:03,477,477 multiprocessing INFO process exiting with exitcode 0
SpawnPoolWorker-331| 2026-06-21 23:14:03,477,477 multiprocessing INFO process exiting with exitcode 0
SpawnPoolWorker-318| 2026-06-21 23:14:03,477,477 multiprocessing INFO process shutting down
SpawnPoolWorker-317| 2026-06-21 23:14:03,477,477 multiprocessing INFO process shutting down
SpawnPoolWorker-319| 2026-06-21 23:14:03,477,477 multiprocessing INFO process shutting down
SpawnPoolWorker-321| 2026-06-21 23:14:03,478,478 multiprocessing INFO process shutting down
SpawnPoolWorker-326| 2026-06-21 23:14:03,478,478 multiprocessing INFO process shutting down
SpawnPoolWorker-332| 2026-06-21 23:14:03,478,478 multiprocessing INFO process shutting down
SpawnPoolWorker-328| 2026-06-21 23:14:03,478,478 multiprocessing INFO process shutting down
SpawnPoolWorker-324| 2026-06-21 23:14:03,479,479 multiprocessing INFO process shutting down
SpawnPoolWorker-338| 2026-06-21 23:14:03,479,479 multiprocessing INFO process shutting down
SpawnPoolWorker-340| 2026-06-21 23:14:03,479,479 multiprocessing INFO process shutting down
SpawnPoolWorker-325| 2026-06-21 23:14:03,479,479 multiprocessing INFO process shutting down
SpawnPoolWorker-320| 2026-06-21 23:14:03,479,479 multiprocessing INFO process shutting down
SpawnPoolWorker-337| 2026-06-21 23:14:03,479,479 multiprocessing INFO process shutting down
SpawnPoolWorker-336| 2026-06-21 23:14:03,480,480 multiprocessing INFO process shutting down
SpawnPoolWorker-318| 2026-06-21 23:14:03,480,480 multiprocessing INFO process exiting with exitcode 0
SpawnPoolWorker-330| 2026-06-21 23:14:03,481,481 multiprocessing INFO process shutting down
SpawnPoolWorker-334| 2026-06-21 23:14:03,482,482 multiprocessing INFO process shutting down
SpawnPoolWorker-330| 2026-06-21 23:14:03,483,483 multiprocessing INFO process exiting with exitcode 0
SpawnPoolWorker-322| 2026-06-21 23:14:03,483,483 multiprocessing INFO process shutting down
SpawnPoolWorker-339| 2026-06-21 23:14:03,493,493 multiprocessing INFO process shutting down
SpawnPoolWorker-317| 2026-06-21 23:14:03,495,495 multiprocessing INFO process exiting with exitcode 0
SpawnPoolWorker-319| 2026-06-21 23:14:03,495,495 multiprocessing INFO process exiting with exitcode 0
SpawnPoolWorker-326| 2026-06-21 23:14:03,509,509 multiprocessing INFO process exiting with exitcode 0
SpawnPoolWorker-321| 2026-06-21 23:14:03,509,509 multiprocessing INFO process exiting with exitcode 0
SpawnPoolWorker-332| 2026-06-21 23:14:03,517,517 multiprocessing INFO process exiting with exitcode 0
SpawnPoolWorker-328| 2026-06-21 23:14:03,517,517 multiprocessing INFO process exiting with exitcode 0
SpawnPoolWorker-338| 2026-06-21 23:14:03,528,528 multiprocessing INFO process exiting with exitcode 0
SpawnPoolWorker-324| 2026-06-21 23:14:03,528,528 multiprocessing INFO process exiting with exitcode 0
SpawnPoolWorker-335| 2026-06-21 23:14:03,532,532 multiprocessing INFO process shutting down
SpawnPoolWorker-340| 2026-06-21 23:14:03,537,537 multiprocessing INFO process exiting with exitcode 0
SpawnPoolWorker-325| 2026-06-21 23:14:03,537,537 multiprocessing INFO process exiting with exitcode 0
28
(50000, 6)
(50000,)
(50000, 6)
(50000,)

=======================Successfully Added (25000, 6) Counter Examples=======================


============None of the candidates fulfill the conditions. Training CONTINUES!=================

MainProcess| 2026-06-21 23:14:04,617,617 multiprocessing INFO 
============None of the candidates fulfill the conditions. Training CONTINUES!=================


============None of the candidates fulfill the conditions. Training CONTINUES!=================

(56, 108)
/users/9/chen8596/miniconda3/envs/alfd/lib/python3.9/site-packages/torch/nn/functional.py:4999: UserWarning: Support for mismatched key_padding_mask and attn_mask is deprecated. Use same type for both instead.
  warnings.warn(

==============Start Supervised Learning==============

MainProcess| 2026-06-21 23:14:09,518,518 multiprocessing INFO GP output mean: 0.46047111079042596
GP output mean: 0.46047111079042596
MainProcess| 2026-06-21 23:14:10,077,77 multiprocessing INFO GP output success rate: 0.0
GP output success rate: 0.0

==============End Supervised Learning==============

MainProcess| 2026-06-21 23:14:12,476,476 multiprocessing INFO [Test epoch=0010]  nevals=137817 	| train_loss=12163.34375 	| eqs_invalid %=0.00 	| r_best=0.94192 	| quantile=0.79638 	| r_quantile_mean=0.84115 	| r_raw_sum=61.85749 	|  r_raw_mean=0.52870 	| r2=nan 	| acc_iid=0.00000 	| acc_ood=0.00000 	| nmse_test=0.2912998128239591 	| true_equation_set_count=0 	| s/it=125.64856
[Test epoch=0010]  nevals=137817 	| train_loss=12163.34375 	| eqs_invalid %=0.00 	| r_best=0.94192 	| quantile=0.79638 	| r_quantile_mean=0.84115 	| r_raw_sum=61.85749 	|  r_raw_mean=0.52870 	| r2=nan 	| acc_iid=0.00000 	| acc_ood=0.00000 	| nmse_test=0.2912998128239591 	| true_equation_set_count=0 	| s/it=125.64856
MainProcess| 2026-06-21 23:14:12,476,476 multiprocessing INFO [00:00:21:52.55] Training epoch 10/4000, current best R: 0.9419
[00:00:21:52.55] Training epoch 10/4000, current best R: 0.9419
MainProcess| 2026-06-21 23:15:16,820,820 multiprocessing INFO Genetic Porgramming Runtime 63.33769715297967
Genetic Porgramming Runtime 63.33769715297967

=========================PGD Collection Starts=========================

SpawnPoolWorker-344| 2026-06-21 23:15:21,809,809 multiprocessing INFO STARTING NEW RUN ==========
SpawnPoolWorker-344| 2026-06-21 23:15:21,809,809 multiprocessing INFO SEE LOG AT : ./logs/all_Lyapunov_test_dso-fn_d_all_z_01_log.txt
SpawnPoolWorker-344| 2026-06-21 23:15:21,809,809 multiprocessing INFO See log at : ./logs/all_Lyapunov_test_dso-fn_d_all_z_01_log.txt
SpawnPoolWorker-344| 2026-06-21 23:15:21,810,810 multiprocessing INFO child process calling self.run()
SpawnPoolWorker-343| 2026-06-21 23:15:21,812,812 multiprocessing INFO STARTING NEW RUN ==========
SpawnPoolWorker-343| 2026-06-21 23:15:21,812,812 multiprocessing INFO SEE LOG AT : ./logs/all_Lyapunov_test_dso-fn_d_all_z_01_log.txt
SpawnPoolWorker-343| 2026-06-21 23:15:21,812,812 multiprocessing INFO See log at : ./logs/all_Lyapunov_test_dso-fn_d_all_z_01_log.txt
SpawnPoolWorker-343| 2026-06-21 23:15:21,813,813 multiprocessing INFO child process calling self.run()
SpawnPoolWorker-345| 2026-06-21 23:15:21,831,831 multiprocessing INFO STARTING NEW RUN ==========
SpawnPoolWorker-345| 2026-06-21 23:15:21,831,831 multiprocessing INFO SEE LOG AT : ./logs/all_Lyapunov_test_dso-fn_d_all_z_01_log.txt
SpawnPoolWorker-345| 2026-06-21 23:15:21,831,831 multiprocessing INFO See log at : ./logs/all_Lyapunov_test_dso-fn_d_all_z_01_log.txt
SpawnPoolWorker-346| 2026-06-21 23:15:21,831,831 multiprocessing INFO STARTING NEW RUN ==========
SpawnPoolWorker-346| 2026-06-21 23:15:21,832,832 multiprocessing INFO SEE LOG AT : ./logs/all_Lyapunov_test_dso-fn_d_all_z_01_log.txt
SpawnPoolWorker-346| 2026-06-21 23:15:21,832,832 multiprocessing INFO See log at : ./logs/all_Lyapunov_test_dso-fn_d_all_z_01_log.txt
SpawnPoolWorker-345| 2026-06-21 23:15:21,834,834 multiprocessing INFO child process calling self.run()
SpawnPoolWorker-346| 2026-06-21 23:15:21,835,835 multiprocessing INFO child process calling self.run()
SpawnPoolWorker-347| 2026-06-21 23:15:21,860,860 multiprocessing INFO STARTING NEW RUN ==========
SpawnPoolWorker-347| 2026-06-21 23:15:21,860,860 multiprocessing INFO SEE LOG AT : ./logs/all_Lyapunov_test_dso-fn_d_all_z_01_log.txt
SpawnPoolWorker-347| 2026-06-21 23:15:21,860,860 multiprocessing INFO See log at : ./logs/all_Lyapunov_test_dso-fn_d_all_z_01_log.txt
SpawnPoolWorker-348| 2026-06-21 23:15:21,861,861 multiprocessing INFO STARTING NEW RUN ==========
SpawnPoolWorker-348| 2026-06-21 23:15:21,861,861 multiprocessing INFO SEE LOG AT : ./logs/all_Lyapunov_test_dso-fn_d_all_z_01_log.txt
SpawnPoolWorker-348| 2026-06-21 23:15:21,861,861 multiprocessing INFO See log at : ./logs/all_Lyapunov_test_dso-fn_d_all_z_01_log.txt
SpawnPoolWorker-347| 2026-06-21 23:15:21,862,862 multiprocessing INFO child process calling self.run()
SpawnPoolWorker-348| 2026-06-21 23:15:21,864,864 multiprocessing INFO child process calling self.run()
SpawnPoolWorker-342| 2026-06-21 23:15:21,871,871 multiprocessing INFO STARTING NEW RUN ==========
SpawnPoolWorker-342| 2026-06-21 23:15:21,871,871 multiprocessing INFO SEE LOG AT : ./logs/all_Lyapunov_test_dso-fn_d_all_z_01_log.txt
SpawnPoolWorker-342| 2026-06-21 23:15:21,871,871 multiprocessing INFO See log at : ./logs/all_Lyapunov_test_dso-fn_d_all_z_01_log.txt
SpawnPoolWorker-341| 2026-06-21 23:15:21,871,871 multiprocessing INFO STARTING NEW RUN ==========
SpawnPoolWorker-341| 2026-06-21 23:15:21,871,871 multiprocessing INFO SEE LOG AT : ./logs/all_Lyapunov_test_dso-fn_d_all_z_01_log.txt
SpawnPoolWorker-341| 2026-06-21 23:15:21,871,871 multiprocessing INFO See log at : ./logs/all_Lyapunov_test_dso-fn_d_all_z_01_log.txt
SpawnPoolWorker-342| 2026-06-21 23:15:21,872,872 multiprocessing INFO child process calling self.run()
SpawnPoolWorker-341| 2026-06-21 23:15:21,873,873 multiprocessing INFO child process calling self.run()
SpawnPoolWorker-350| 2026-06-21 23:15:21,962,962 multiprocessing INFO STARTING NEW RUN ==========
SpawnPoolWorker-350| 2026-06-21 23:15:21,962,962 multiprocessing INFO SEE LOG AT : ./logs/all_Lyapunov_test_dso-fn_d_all_z_01_log.txt
SpawnPoolWorker-350| 2026-06-21 23:15:21,962,962 multiprocessing INFO See log at : ./logs/all_Lyapunov_test_dso-fn_d_all_z_01_log.txt
SpawnPoolWorker-350| 2026-06-21 23:15:21,968,968 multiprocessing INFO child process calling self.run()
SpawnPoolWorker-349| 2026-06-21 23:15:22,052,52 multiprocessing INFO STARTING NEW RUN ==========
SpawnPoolWorker-349| 2026-06-21 23:15:22,052,52 multiprocessing INFO SEE LOG AT : ./logs/all_Lyapunov_test_dso-fn_d_all_z_01_log.txt
SpawnPoolWorker-349| 2026-06-21 23:15:22,052,52 multiprocessing INFO See log at : ./logs/all_Lyapunov_test_dso-fn_d_all_z_01_log.txt
SpawnPoolWorker-349| 2026-06-21 23:15:22,054,54 multiprocessing INFO child process calling self.run()
SpawnPoolWorker-347| 2026-06-21 23:15:39,188,188 multiprocessing INFO process shutting down
SpawnPoolWorker-348| 2026-06-21 23:15:39,188,188 multiprocessing INFO process shutting down
SpawnPoolWorker-347| 2026-06-21 23:15:39,188,188 multiprocessing INFO process exiting with exitcode 0
SpawnPoolWorker-350| 2026-06-21 23:15:39,188,188 multiprocessing INFO process shutting down
SpawnPoolWorker-343| 2026-06-21 23:15:39,188,188 multiprocessing INFO process shutting down
SpawnPoolWorker-348| 2026-06-21 23:15:39,189,189 multiprocessing INFO process exiting with exitcode 0
SpawnPoolWorker-350| 2026-06-21 23:15:39,189,189 multiprocessing INFO process exiting with exitcode 0
SpawnPoolWorker-343| 2026-06-21 23:15:39,189,189 multiprocessing INFO process exiting with exitcode 0
SpawnPoolWorker-346| 2026-06-21 23:15:39,189,189 multiprocessing INFO process shutting down
SpawnPoolWorker-342| 2026-06-21 23:15:39,188,188 multiprocessing INFO process shutting down
(10000,)

===================Collect 10000 Examples===================

Epsilon 0.1
500
(550,)
(550,)
(55,)
Number of Programs for Minimization: 28
SpawnPoolWorker-359| 2026-06-21 23:15:51,531,531 multiprocessing INFO STARTING NEW RUN ==========
SpawnPoolWorker-359| 2026-06-21 23:15:51,531,531 multiprocessing INFO SEE LOG AT : ./logs/all_Lyapunov_test_dso-fn_d_all_z_01_log.txt
SpawnPoolWorker-359| 2026-06-21 23:15:51,531,531 multiprocessing INFO See log at : ./logs/all_Lyapunov_test_dso-fn_d_all_z_01_log.txt
SpawnPoolWorker-359| 2026-06-21 23:15:51,533,533 multiprocessing INFO child process calling self.run()
SpawnPoolWorker-369| 2026-06-21 23:15:53,786,786 multiprocessing INFO STARTING NEW RUN ==========
SpawnPoolWorker-369| 2026-06-21 23:15:53,786,786 multiprocessing INFO SEE LOG AT : ./logs/all_Lyapunov_test_dso-fn_d_all_z_01_log.txt
SpawnPoolWorker-369| 2026-06-21 23:15:53,786,786 multiprocessing INFO See log at : ./logs/all_Lyapunov_test_dso-fn_d_all_z_01_log.txt
SpawnPoolWorker-369| 2026-06-21 23:15:53,788,788 multiprocessing INFO child process calling self.run()
SpawnPoolWorker-354| 2026-06-21 23:15:55,947,947 multiprocessing INFO STARTING NEW RUN ==========
SpawnPoolWorker-354| 2026-06-21 23:15:55,947,947 multiprocessing INFO SEE LOG AT : ./logs/all_Lyapunov_test_dso-fn_d_all_z_01_log.txt
SpawnPoolWorker-354| 2026-06-21 23:15:55,947,947 multiprocessing INFO See log at : ./logs/all_Lyapunov_test_dso-fn_d_all_z_01_log.txt
SpawnPoolWorker-354| 2026-06-21 23:15:55,952,952 multiprocessing INFO child process calling self.run()
SpawnPoolWorker-361| 2026-06-21 23:15:56,033,33 multiprocessing INFO STARTING NEW RUN ==========
SpawnPoolWorker-361| 2026-06-21 23:15:56,033,33 multiprocessing INFO SEE LOG AT : ./logs/all_Lyapunov_test_dso-fn_d_all_z_01_log.txt
SpawnPoolWorker-361| 2026-06-21 23:15:56,033,33 multiprocessing INFO See log at : ./logs/all_Lyapunov_test_dso-fn_d_all_z_01_log.txt
SpawnPoolWorker-361| 2026-06-21 23:15:56,035,35 multiprocessing INFO child process calling self.run()
SpawnPoolWorker-360| 2026-06-21 23:15:56,230,230 multiprocessing INFO STARTING NEW RUN ==========
SpawnPoolWorker-360| 2026-06-21 23:15:56,231,231 multiprocessing INFO SEE LOG AT : ./logs/all_Lyapunov_test_dso-fn_d_all_z_01_log.txt
SpawnPoolWorker-360| 2026-06-21 23:15:56,231,231 multiprocessing INFO See log at : ./logs/all_Lyapunov_test_dso-fn_d_all_z_01_log.txt
SpawnPoolWorker-360| 2026-06-21 23:15:56,243,243 multiprocessing INFO child process calling self.run()
SpawnPoolWorker-356| 2026-06-21 23:15:56,372,372 multiprocessing INFO STARTING NEW RUN ==========
SpawnPoolWorker-356| 2026-06-21 23:15:56,373,373 multiprocessing INFO SEE LOG AT : ./logs/all_Lyapunov_test_dso-fn_d_all_z_01_log.txt
SpawnPoolWorker-356| 2026-06-21 23:15:56,373,373 multiprocessing INFO See log at : ./logs/all_Lyapunov_test_dso-fn_d_all_z_01_log.txt
SpawnPoolWorker-351| 2026-06-21 23:15:56,374,374 multiprocessing INFO STARTING NEW RUN ==========
SpawnPoolWorker-351| 2026-06-21 23:15:56,374,374 multiprocessing INFO SEE LOG AT : ./logs/all_Lyapunov_test_dso-fn_d_all_z_01_log.txt
SpawnPoolWorker-351| 2026-06-21 23:15:56,374,374 multiprocessing INFO See log at : ./logs/all_Lyapunov_test_dso-fn_d_all_z_01_log.txt
SpawnPoolWorker-356| 2026-06-21 23:15:56,377,377 multiprocessing INFO child process calling self.run()
SpawnPoolWorker-351| 2026-06-21 23:15:56,378,378 multiprocessing INFO child process calling self.run()
SpawnPoolWorker-352| 2026-06-21 23:15:56,489,489 multiprocessing INFO STARTING NEW RUN ==========
SpawnPoolWorker-352| 2026-06-21 23:15:56,489,489 multiprocessing INFO SEE LOG AT : ./logs/all_Lyapunov_test_dso-fn_d_all_z_01_log.txt
SpawnPoolWorker-352| 2026-06-21 23:15:56,490,490 multiprocessing INFO See log at : ./logs/all_Lyapunov_test_dso-fn_d_all_z_01_log.txt
SpawnPoolWorker-352| 2026-06-21 23:15:56,497,497 multiprocessing INFO child process calling self.run()
SpawnPoolWorker-353| 2026-06-21 23:15:56,738,738 multiprocessing INFO STARTING NEW RUN ==========
SpawnPoolWorker-353| 2026-06-21 23:15:56,739,739 multiprocessing INFO SEE LOG AT : ./logs/all_Lyapunov_test_dso-fn_d_all_z_01_log.txt
SpawnPoolWorker-353| 2026-06-21 23:15:56,739,739 multiprocessing INFO See log at : ./logs/all_Lyapunov_test_dso-fn_d_all_z_01_log.txt
SpawnPoolWorker-353| 2026-06-21 23:15:56,741,741 multiprocessing INFO child process calling self.run()
SpawnPoolWorker-365| 2026-06-21 23:15:56,757,757 multiprocessing INFO STARTING NEW RUN ==========
SpawnPoolWorker-365| 2026-06-21 23:15:56,757,757 multiprocessing INFO SEE LOG AT : ./logs/all_Lyapunov_test_dso-fn_d_all_z_01_log.txt
SpawnPoolWorker-365| 2026-06-21 23:15:56,757,757 multiprocessing INFO See log at : ./logs/all_Lyapunov_test_dso-fn_d_all_z_01_log.txt
SpawnPoolWorker-365| 2026-06-21 23:15:56,774,774 multiprocessing INFO child process calling self.run()
SpawnPoolWorker-355| 2026-06-21 23:15:56,902,902 multiprocessing INFO STARTING NEW RUN ==========
SpawnPoolWorker-355| 2026-06-21 23:15:56,902,902 multiprocessing INFO SEE LOG AT : ./logs/all_Lyapunov_test_dso-fn_d_all_z_01_log.txt
SpawnPoolWorker-355| 2026-06-21 23:15:56,902,902 multiprocessing INFO See log at : ./logs/all_Lyapunov_test_dso-fn_d_all_z_01_log.txt
SpawnPoolWorker-355| 2026-06-21 23:15:56,914,914 multiprocessing INFO child process calling self.run()
SpawnPoolWorker-366| 2026-06-21 23:15:57,006,6 multiprocessing INFO STARTING NEW RUN ==========
SpawnPoolWorker-366| 2026-06-21 23:15:57,007,7 multiprocessing INFO SEE LOG AT : ./logs/all_Lyapunov_test_dso-fn_d_all_z_01_log.txt
SpawnPoolWorker-366| 2026-06-21 23:15:57,007,7 multiprocessing INFO See log at : ./logs/all_Lyapunov_test_dso-fn_d_all_z_01_log.txt
SpawnPoolWorker-364| 2026-06-21 23:15:57,010,10 multiprocessing INFO STARTING NEW RUN ==========
SpawnPoolWorker-364| 2026-06-21 23:15:57,010,10 multiprocessing INFO SEE LOG AT : ./logs/all_Lyapunov_test_dso-fn_d_all_z_01_log.txt
SpawnPoolWorker-364| 2026-06-21 23:15:57,010,10 multiprocessing INFO See log at : ./logs/all_Lyapunov_test_dso-fn_d_all_z_01_log.txt
SpawnPoolWorker-366| 2026-06-21 23:15:57,013,13 multiprocessing INFO child process calling self.run()
SpawnPoolWorker-364| 2026-06-21 23:15:57,022,22 multiprocessing INFO child process calling self.run()
SpawnPoolWorker-358| 2026-06-21 23:15:57,094,94 multiprocessing INFO STARTING NEW RUN ==========
SpawnPoolWorker-358| 2026-06-21 23:15:57,094,94 multiprocessing INFO SEE LOG AT : ./logs/all_Lyapunov_test_dso-fn_d_all_z_01_log.txt
SpawnPoolWorker-358| 2026-06-21 23:15:57,094,94 multiprocessing INFO See log at : ./logs/all_Lyapunov_test_dso-fn_d_all_z_01_log.txt
SpawnPoolWorker-358| 2026-06-21 23:15:57,096,96 multiprocessing INFO child process calling self.run()
SpawnPoolWorker-373| 2026-06-21 23:15:57,138,138 multiprocessing INFO STARTING NEW RUN ==========
SpawnPoolWorker-373| 2026-06-21 23:15:57,138,138 multiprocessing INFO SEE LOG AT : ./logs/all_Lyapunov_test_dso-fn_d_all_z_01_log.txt
SpawnPoolWorker-373| 2026-06-21 23:15:57,138,138 multiprocessing INFO See log at : ./logs/all_Lyapunov_test_dso-fn_d_all_z_01_log.txt
SpawnPoolWorker-373| 2026-06-21 23:15:57,146,146 multiprocessing INFO child process calling self.run()
SpawnPoolWorker-371| 2026-06-21 23:15:57,219,219 multiprocessing INFO STARTING NEW RUN ==========
SpawnPoolWorker-371| 2026-06-21 23:15:57,219,219 multiprocessing INFO SEE LOG AT : ./logs/all_Lyapunov_test_dso-fn_d_all_z_01_log.txt
SpawnPoolWorker-371| 2026-06-21 23:15:57,219,219 multiprocessing INFO See log at : ./logs/all_Lyapunov_test_dso-fn_d_all_z_01_log.txt
SpawnPoolWorker-371| 2026-06-21 23:15:57,238,238 multiprocessing INFO child process calling self.run()
SpawnPoolWorker-374| 2026-06-21 23:15:57,246,246 multiprocessing INFO STARTING NEW RUN ==========
SpawnPoolWorker-374| 2026-06-21 23:15:57,247,247 multiprocessing INFO SEE LOG AT : ./logs/all_Lyapunov_test_dso-fn_d_all_z_01_log.txt
SpawnPoolWorker-374| 2026-06-21 23:15:57,247,247 multiprocessing INFO See log at : ./logs/all_Lyapunov_test_dso-fn_d_all_z_01_log.txt
SpawnPoolWorker-374| 2026-06-21 23:15:57,253,253 multiprocessing INFO child process calling self.run()
SpawnPoolWorker-362| 2026-06-21 23:15:57,275,275 multiprocessing INFO STARTING NEW RUN ==========
SpawnPoolWorker-362| 2026-06-21 23:15:57,275,275 multiprocessing INFO SEE LOG AT : ./logs/all_Lyapunov_test_dso-fn_d_all_z_01_log.txt
SpawnPoolWorker-362| 2026-06-21 23:15:57,275,275 multiprocessing INFO See log at : ./logs/all_Lyapunov_test_dso-fn_d_all_z_01_log.txt
SpawnPoolWorker-362| 2026-06-21 23:15:57,277,277 multiprocessing INFO child process calling self.run()
SpawnPoolWorker-363| 2026-06-21 23:15:57,433,433 multiprocessing INFO STARTING NEW RUN ==========
SpawnPoolWorker-363| 2026-06-21 23:15:57,433,433 multiprocessing INFO SEE LOG AT : ./logs/all_Lyapunov_test_dso-fn_d_all_z_01_log.txt
SpawnPoolWorker-363| 2026-06-21 23:15:57,433,433 multiprocessing INFO See log at : ./logs/all_Lyapunov_test_dso-fn_d_all_z_01_log.txt
SpawnPoolWorker-363| 2026-06-21 23:15:57,440,440 multiprocessing INFO child process calling self.run()
SpawnPoolWorker-368| 2026-06-21 23:15:57,461,461 multiprocessing INFO STARTING NEW RUN ==========
SpawnPoolWorker-368| 2026-06-21 23:15:57,461,461 multiprocessing INFO SEE LOG AT : ./logs/all_Lyapunov_test_dso-fn_d_all_z_01_log.txt
SpawnPoolWorker-368| 2026-06-21 23:15:57,461,461 multiprocessing INFO See log at : ./logs/all_Lyapunov_test_dso-fn_d_all_z_01_log.txt
SpawnPoolWorker-368| 2026-06-21 23:15:57,469,469 multiprocessing INFO child process calling self.run()
SpawnPoolWorker-372| 2026-06-21 23:15:57,498,498 multiprocessing INFO STARTING NEW RUN ==========
SpawnPoolWorker-372| 2026-06-21 23:15:57,498,498 multiprocessing INFO SEE LOG AT : ./logs/all_Lyapunov_test_dso-fn_d_all_z_01_log.txt
SpawnPoolWorker-372| 2026-06-21 23:15:57,498,498 multiprocessing INFO See log at : ./logs/all_Lyapunov_test_dso-fn_d_all_z_01_log.txt
SpawnPoolWorker-372| 2026-06-21 23:15:57,509,509 multiprocessing INFO child process calling self.run()
SpawnPoolWorker-357| 2026-06-21 23:15:57,740,740 multiprocessing INFO STARTING NEW RUN ==========
SpawnPoolWorker-357| 2026-06-21 23:15:57,741,741 multiprocessing INFO SEE LOG AT : ./logs/all_Lyapunov_test_dso-fn_d_all_z_01_log.txt
SpawnPoolWorker-357| 2026-06-21 23:15:57,741,741 multiprocessing INFO See log at : ./logs/all_Lyapunov_test_dso-fn_d_all_z_01_log.txt
SpawnPoolWorker-357| 2026-06-21 23:15:57,746,746 multiprocessing INFO child process calling self.run()
SpawnPoolWorker-367| 2026-06-21 23:15:57,779,779 multiprocessing INFO STARTING NEW RUN ==========
SpawnPoolWorker-367| 2026-06-21 23:15:57,779,779 multiprocessing INFO SEE LOG AT : ./logs/all_Lyapunov_test_dso-fn_d_all_z_01_log.txt
SpawnPoolWorker-367| 2026-06-21 23:15:57,779,779 multiprocessing INFO See log at : ./logs/all_Lyapunov_test_dso-fn_d_all_z_01_log.txt
SpawnPoolWorker-367| 2026-06-21 23:15:57,786,786 multiprocessing INFO child process calling self.run()
SpawnPoolWorker-370| 2026-06-21 23:15:58,074,74 multiprocessing INFO STARTING NEW RUN ==========
SpawnPoolWorker-370| 2026-06-21 23:15:58,074,74 multiprocessing INFO SEE LOG AT : ./logs/all_Lyapunov_test_dso-fn_d_all_z_01_log.txt
SpawnPoolWorker-370| 2026-06-21 23:15:58,075,75 multiprocessing INFO See log at : ./logs/all_Lyapunov_test_dso-fn_d_all_z_01_log.txt
SpawnPoolWorker-370| 2026-06-21 23:15:58,076,76 multiprocessing INFO child process calling self.run()
SpawnPoolWorker-362| 2026-06-21 23:15:58,890,890 multiprocessing INFO process shutting down
SpawnPoolWorker-362| 2026-06-21 23:15:58,891,891 multiprocessing INFO process exiting with exitcode 0
SpawnPoolWorker-359| 2026-06-21 23:15:58,890,890 multiprocessing INFO process shutting down
SpawnPoolWorker-363| 2026-06-21 23:15:58,891,891 multiprocessing INFO process shutting down
SpawnPoolWorker-359| 2026-06-21 23:15:58,891,891 multiprocessing INFO process exiting with exitcode 0
SpawnPoolWorker-368| 2026-06-21 23:15:58,891,891 multiprocessing INFO process shutting down
SpawnPoolWorker-363| 2026-06-21 23:15:58,891,891 multiprocessing INFO process exiting with exitcode 0
SpawnPoolWorker-372| 2026-06-21 23:15:58,891,891 multiprocessing INFO process shutting down
SpawnPoolWorker-357| 2026-06-21 23:15:58,891,891 multiprocessing INFO process shutting down
SpawnPoolWorker-367| 2026-06-21 23:15:58,891,891 multiprocessing INFO process shutting down
SpawnPoolWorker-370| 2026-06-21 23:15:58,891,891 multiprocessing INFO process shutting down
SpawnPoolWorker-361| 2026-06-21 23:15:58,891,891 multiprocessing INFO process shutting down
SpawnPoolWorker-354| 2026-06-21 23:15:58,892,892 multiprocessing INFO process shutting down
SpawnPoolWorker-369| 2026-06-21 23:15:58,891,891 multiprocessing INFO process shutting down
SpawnPoolWorker-351| 2026-06-21 23:15:58,892,892 multiprocessing INFO process shutting down
SpawnPoolWorker-364| 2026-06-21 23:15:58,892,892 multiprocessing INFO process shutting down
SpawnPoolWorker-356| 2026-06-21 23:15:58,892,892 multiprocessing INFO process shutting down
SpawnPoolWorker-374| 2026-06-21 23:15:58,892,892 multiprocessing INFO process shutting down
SpawnPoolWorker-366| 2026-06-21 23:15:58,892,892 multiprocessing INFO process shutting down
SpawnPoolWorker-365| 2026-06-21 23:15:58,893,893 multiprocessing INFO process shutting down
SpawnPoolWorker-373| 2026-06-21 23:15:58,893,893 multiprocessing INFO process shutting down
SpawnPoolWorker-352| 2026-06-21 23:15:58,893,893 multiprocessing INFO process shutting down
SpawnPoolWorker-360| 2026-06-21 23:15:58,893,893 multiprocessing INFO process shutting down
SpawnPoolWorker-371| 2026-06-21 23:15:58,893,893 multiprocessing INFO process shutting down
SpawnPoolWorker-368| 2026-06-21 23:15:58,894,894 multiprocessing INFO process exiting with exitcode 0
SpawnPoolWorker-372| 2026-06-21 23:15:58,894,894 multiprocessing INFO process exiting with exitcode 0
28
(50000, 6)
(50000,)
(50000, 6)
(50000,)

=======================Successfully Added (25000, 6) Counter Examples=======================


============None of the candidates fulfill the conditions. Training CONTINUES!=================

MainProcess| 2026-06-21 23:16:00,361,361 multiprocessing INFO 
============None of the candidates fulfill the conditions. Training CONTINUES!=================


============None of the candidates fulfill the conditions. Training CONTINUES!=================

(55, 108)
/users/9/chen8596/miniconda3/envs/alfd/lib/python3.9/site-packages/torch/nn/functional.py:4999: UserWarning: Support for mismatched key_padding_mask and attn_mask is deprecated. Use same type for both instead.
  warnings.warn(

==============Start Supervised Learning==============

MainProcess| 2026-06-21 23:16:04,318,318 multiprocessing INFO GP output mean: 0.9186595842168537
GP output mean: 0.9186595842168537
MainProcess| 2026-06-21 23:16:04,633,633 multiprocessing INFO GP output success rate: 0.0
GP output success rate: 0.0

==============End Supervised Learning==============

/users/9/chen8596/LyaDis/repro/runs/quad6d/utils/train.py:971: RuntimeWarning: divide by zero encountered in divide
  error = np.abs(((y_hat - y) / y))
/users/9/chen8596/.local/lib/python3.9/site-packages/scipy/stats/_stats_py.py:4424: ConstantInputWarning: An input array is constant; the correlation coefficient is not defined.
  warnings.warn(stats.ConstantInputWarning(msg))
MainProcess| 2026-06-21 23:16:06,423,423 multiprocessing INFO [Test epoch=0011]  nevals=151597 	| train_loss=9008.77637 	| eqs_invalid %=0.00 	| r_best=0.97813 	| quantile=0.06691 	| r_quantile_mean=0.84955 	| r_raw_sum=47.37233 	|  r_raw_mean=0.53832 	| r2=nan 	| acc_iid=0.00000 	| acc_ood=0.00000 	| nmse_test=0.010193485661486585 	| true_equation_set_count=0 	| s/it=113.94715
[Test epoch=0011]  nevals=151597 	| train_loss=9008.77637 	| eqs_invalid %=0.00 	| r_best=0.97813 	| quantile=0.06691 	| r_quantile_mean=0.84955 	| r_raw_sum=47.37233 	|  r_raw_mean=0.53832 	| r2=nan 	| acc_iid=0.00000 	| acc_ood=0.00000 	| nmse_test=0.010193485661486585 	| true_equation_set_count=0 	| s/it=113.94715
MainProcess| 2026-06-21 23:16:06,423,423 multiprocessing INFO [00:00:23:46.50] Training epoch 11/4000, current best R: 0.9781
[00:00:23:46.50] Training epoch 11/4000, current best R: 0.9781
MainProcess| 2026-06-21 23:16:06,423,423 multiprocessing INFO 
	** New best

	** New best
MainProcess| 2026-06-21 23:16:06,423,423 multiprocessing INFO 	Reward: 0.9781338973953123
	Reward: 0.9781338973953123
MainProcess| 2026-06-21 23:16:06,423,423 multiprocessing INFO 	Count Off-policy: 1
	Count Off-policy: 1
MainProcess| 2026-06-21 23:16:06,423,423 multiprocessing INFO 	Count On-policy: 0
	Count On-policy: 0
MainProcess| 2026-06-21 23:16:06,423,423 multiprocessing INFO 	Originally on Policy: False
	Originally on Policy: False
MainProcess| 2026-06-21 23:16:06,423,423 multiprocessing INFO 	Invalid: False
	Invalid: False
MainProcess| 2026-06-21 23:16:06,424,424 multiprocessing INFO 	Traversal: add,n2,add,x1,x2,add,n2,x2,sub,n2,x4,mul,sin,sub,add,x6,x5,x3,sin,x1
	Traversal: add,n2,add,x1,x2,add,n2,x2,sub,n2,x4,mul,sin,sub,add,x6,x5,x3,sin,x1
MainProcess| 2026-06-21 23:16:06,424,424 multiprocessing INFO 	Expression:
	Expression:
MainProcess| 2026-06-21 23:16:06,426,426 multiprocessing INFO 
	    2     2            2                             
	  x₂  + x₄  + (x₁ + x₂)  - sin(x₁)⋅sin(-x₃ + x₅ + x₆)


	    2     2            2                             
	  x₂  + x₄  + (x₁ + x₂)  - sin(x₁)⋅sin(-x₃ + x₅ + x₆)

MainProcess| 2026-06-21 23:18:02,534,534 multiprocessing INFO Genetic Porgramming Runtime 115.43865037406795
Genetic Porgramming Runtime 115.43865037406795

=========================PGD Collection Starts=========================

SpawnPoolWorker-375| 2026-06-21 23:18:07,241,241 multiprocessing INFO STARTING NEW RUN ==========
SpawnPoolWorker-375| 2026-06-21 23:18:07,241,241 multiprocessing INFO SEE LOG AT : ./logs/all_Lyapunov_test_dso-fn_d_all_z_01_log.txt
SpawnPoolWorker-375| 2026-06-21 23:18:07,241,241 multiprocessing INFO See log at : ./logs/all_Lyapunov_test_dso-fn_d_all_z_01_log.txt
SpawnPoolWorker-375| 2026-06-21 23:18:07,243,243 multiprocessing INFO child process calling self.run()
SpawnPoolWorker-378| 2026-06-21 23:18:07,339,339 multiprocessing INFO STARTING NEW RUN ==========
SpawnPoolWorker-378| 2026-06-21 23:18:07,339,339 multiprocessing INFO SEE LOG AT : ./logs/all_Lyapunov_test_dso-fn_d_all_z_01_log.txt
SpawnPoolWorker-378| 2026-06-21 23:18:07,339,339 multiprocessing INFO See log at : ./logs/all_Lyapunov_test_dso-fn_d_all_z_01_log.txt
SpawnPoolWorker-378| 2026-06-21 23:18:07,341,341 multiprocessing INFO child process calling self.run()
SpawnPoolWorker-381| 2026-06-21 23:18:07,356,356 multiprocessing INFO STARTING NEW RUN ==========
SpawnPoolWorker-381| 2026-06-21 23:18:07,356,356 multiprocessing INFO SEE LOG AT : ./logs/all_Lyapunov_test_dso-fn_d_all_z_01_log.txt
SpawnPoolWorker-381| 2026-06-21 23:18:07,356,356 multiprocessing INFO See log at : ./logs/all_Lyapunov_test_dso-fn_d_all_z_01_log.txt
SpawnPoolWorker-381| 2026-06-21 23:18:07,357,357 multiprocessing INFO child process calling self.run()
SpawnPoolWorker-377| 2026-06-21 23:18:07,469,469 multiprocessing INFO STARTING NEW RUN ==========
SpawnPoolWorker-377| 2026-06-21 23:18:07,469,469 multiprocessing INFO SEE LOG AT : ./logs/all_Lyapunov_test_dso-fn_d_all_z_01_log.txt
SpawnPoolWorker-377| 2026-06-21 23:18:07,469,469 multiprocessing INFO See log at : ./logs/all_Lyapunov_test_dso-fn_d_all_z_01_log.txt
SpawnPoolWorker-377| 2026-06-21 23:18:07,471,471 multiprocessing INFO child process calling self.run()
SpawnPoolWorker-379| 2026-06-21 23:18:07,492,492 multiprocessing INFO STARTING NEW RUN ==========
SpawnPoolWorker-379| 2026-06-21 23:18:07,492,492 multiprocessing INFO SEE LOG AT : ./logs/all_Lyapunov_test_dso-fn_d_all_z_01_log.txt
SpawnPoolWorker-379| 2026-06-21 23:18:07,492,492 multiprocessing INFO See log at : ./logs/all_Lyapunov_test_dso-fn_d_all_z_01_log.txt
SpawnPoolWorker-379| 2026-06-21 23:18:07,494,494 multiprocessing INFO child process calling self.run()
SpawnPoolWorker-382| 2026-06-21 23:18:07,588,588 multiprocessing INFO STARTING NEW RUN ==========
SpawnPoolWorker-382| 2026-06-21 23:18:07,588,588 multiprocessing INFO SEE LOG AT : ./logs/all_Lyapunov_test_dso-fn_d_all_z_01_log.txt
SpawnPoolWorker-382| 2026-06-21 23:18:07,589,589 multiprocessing INFO See log at : ./logs/all_Lyapunov_test_dso-fn_d_all_z_01_log.txt
SpawnPoolWorker-382| 2026-06-21 23:18:07,591,591 multiprocessing INFO child process calling self.run()
SpawnPoolWorker-376| 2026-06-21 23:18:07,595,595 multiprocessing INFO STARTING NEW RUN ==========
SpawnPoolWorker-376| 2026-06-21 23:18:07,595,595 multiprocessing INFO SEE LOG AT : ./logs/all_Lyapunov_test_dso-fn_d_all_z_01_log.txt
SpawnPoolWorker-376| 2026-06-21 23:18:07,595,595 multiprocessing INFO See log at : ./logs/all_Lyapunov_test_dso-fn_d_all_z_01_log.txt
SpawnPoolWorker-376| 2026-06-21 23:18:07,597,597 multiprocessing INFO child process calling self.run()
SpawnPoolWorker-380| 2026-06-21 23:18:07,730,730 multiprocessing INFO STARTING NEW RUN ==========
SpawnPoolWorker-380| 2026-06-21 23:18:07,730,730 multiprocessing INFO SEE LOG AT : ./logs/all_Lyapunov_test_dso-fn_d_all_z_01_log.txt
SpawnPoolWorker-380| 2026-06-21 23:18:07,730,730 multiprocessing INFO See log at : ./logs/all_Lyapunov_test_dso-fn_d_all_z_01_log.txt
SpawnPoolWorker-380| 2026-06-21 23:18:07,733,733 multiprocessing INFO child process calling self.run()
SpawnPoolWorker-384| 2026-06-21 23:18:07,761,761 multiprocessing INFO STARTING NEW RUN ==========
SpawnPoolWorker-384| 2026-06-21 23:18:07,761,761 multiprocessing INFO SEE LOG AT : ./logs/all_Lyapunov_test_dso-fn_d_all_z_01_log.txt
SpawnPoolWorker-384| 2026-06-21 23:18:07,762,762 multiprocessing INFO See log at : ./logs/all_Lyapunov_test_dso-fn_d_all_z_01_log.txt
SpawnPoolWorker-384| 2026-06-21 23:18:07,763,763 multiprocessing INFO child process calling self.run()
SpawnPoolWorker-383| 2026-06-21 23:18:07,788,788 multiprocessing INFO STARTING NEW RUN ==========
SpawnPoolWorker-383| 2026-06-21 23:18:07,788,788 multiprocessing INFO SEE LOG AT : ./logs/all_Lyapunov_test_dso-fn_d_all_z_01_log.txt
SpawnPoolWorker-383| 2026-06-21 23:18:07,788,788 multiprocessing INFO See log at : ./logs/all_Lyapunov_test_dso-fn_d_all_z_01_log.txt
SpawnPoolWorker-383| 2026-06-21 23:18:07,790,790 multiprocessing INFO child process calling self.run()
SpawnPoolWorker-383| 2026-06-21 23:18:24,956,956 multiprocessing INFO process shutting down
SpawnPoolWorker-383| 2026-06-21 23:18:24,956,956 multiprocessing INFO process exiting with exitcode 0
SpawnPoolWorker-380| 2026-06-21 23:18:24,956,956 multiprocessing INFO process shutting down
SpawnPoolWorker-376| 2026-06-21 23:18:24,956,956 multiprocessing INFO process shutting down
SpawnPoolWorker-382| 2026-06-21 23:18:24,956,956 multiprocessing INFO process shutting down
SpawnPoolWorker-376| 2026-06-21 23:18:24,957,957 multiprocessing INFO process exiting with exitcode 0
SpawnPoolWorker-380| 2026-06-21 23:18:24,957,957 multiprocessing INFO process exiting with exitcode 0
SpawnPoolWorker-378| 2026-06-21 23:18:24,956,956 multiprocessing INFO process shutting down
SpawnPoolWorker-382| 2026-06-21 23:18:24,957,957 multiprocessing INFO process exiting with exitcode 0
SpawnPoolWorker-384| 2026-06-21 23:18:24,957,957 multiprocessing INFO process shutting down
(10000,)

===================Collect 10000 Examples===================

Epsilon 0.1
500
(550,)
(550,)
(55,)
Number of Programs for Minimization: 28
SpawnPoolWorker-396| 2026-06-21 23:18:40,507,507 multiprocessing INFO STARTING NEW RUN ==========
SpawnPoolWorker-396| 2026-06-21 23:18:40,508,508 multiprocessing INFO SEE LOG AT : ./logs/all_Lyapunov_test_dso-fn_d_all_z_01_log.txt
SpawnPoolWorker-396| 2026-06-21 23:18:40,508,508 multiprocessing INFO See log at : ./logs/all_Lyapunov_test_dso-fn_d_all_z_01_log.txt
SpawnPoolWorker-396| 2026-06-21 23:18:40,513,513 multiprocessing INFO child process calling self.run()
SpawnPoolWorker-389| 2026-06-21 23:18:41,016,16 multiprocessing INFO STARTING NEW RUN ==========
SpawnPoolWorker-389| 2026-06-21 23:18:41,016,16 multiprocessing INFO SEE LOG AT : ./logs/all_Lyapunov_test_dso-fn_d_all_z_01_log.txt
SpawnPoolWorker-389| 2026-06-21 23:18:41,016,16 multiprocessing INFO See log at : ./logs/all_Lyapunov_test_dso-fn_d_all_z_01_log.txt
SpawnPoolWorker-389| 2026-06-21 23:18:41,019,19 multiprocessing INFO child process calling self.run()
SpawnPoolWorker-398| 2026-06-21 23:18:41,113,113 multiprocessing INFO STARTING NEW RUN ==========
SpawnPoolWorker-398| 2026-06-21 23:18:41,114,114 multiprocessing INFO SEE LOG AT : ./logs/all_Lyapunov_test_dso-fn_d_all_z_01_log.txt
SpawnPoolWorker-398| 2026-06-21 23:18:41,114,114 multiprocessing INFO See log at : ./logs/all_Lyapunov_test_dso-fn_d_all_z_01_log.txt
SpawnPoolWorker-398| 2026-06-21 23:18:41,121,121 multiprocessing INFO child process calling self.run()
SpawnPoolWorker-387| 2026-06-21 23:18:41,659,659 multiprocessing INFO STARTING NEW RUN ==========
SpawnPoolWorker-387| 2026-06-21 23:18:41,660,660 multiprocessing INFO SEE LOG AT : ./logs/all_Lyapunov_test_dso-fn_d_all_z_01_log.txt
SpawnPoolWorker-387| 2026-06-21 23:18:41,660,660 multiprocessing INFO See log at : ./logs/all_Lyapunov_test_dso-fn_d_all_z_01_log.txt
SpawnPoolWorker-387| 2026-06-21 23:18:41,675,675 multiprocessing INFO child process calling self.run()
SpawnPoolWorker-395| 2026-06-21 23:18:41,907,907 multiprocessing INFO STARTING NEW RUN ==========
SpawnPoolWorker-395| 2026-06-21 23:18:41,908,908 multiprocessing INFO SEE LOG AT : ./logs/all_Lyapunov_test_dso-fn_d_all_z_01_log.txt
SpawnPoolWorker-395| 2026-06-21 23:18:41,908,908 multiprocessing INFO See log at : ./logs/all_Lyapunov_test_dso-fn_d_all_z_01_log.txt
SpawnPoolWorker-395| 2026-06-21 23:18:41,911,911 multiprocessing INFO child process calling self.run()
SpawnPoolWorker-394| 2026-06-21 23:18:42,193,193 multiprocessing INFO STARTING NEW RUN ==========
SpawnPoolWorker-394| 2026-06-21 23:18:42,193,193 multiprocessing INFO SEE LOG AT : ./logs/all_Lyapunov_test_dso-fn_d_all_z_01_log.txt
SpawnPoolWorker-394| 2026-06-21 23:18:42,193,193 multiprocessing INFO See log at : ./logs/all_Lyapunov_test_dso-fn_d_all_z_01_log.txt
SpawnPoolWorker-394| 2026-06-21 23:18:42,209,209 multiprocessing INFO child process calling self.run()
SpawnPoolWorker-399| 2026-06-21 23:18:42,289,289 multiprocessing INFO STARTING NEW RUN ==========
SpawnPoolWorker-399| 2026-06-21 23:18:42,289,289 multiprocessing INFO SEE LOG AT : ./logs/all_Lyapunov_test_dso-fn_d_all_z_01_log.txt
SpawnPoolWorker-399| 2026-06-21 23:18:42,289,289 multiprocessing INFO See log at : ./logs/all_Lyapunov_test_dso-fn_d_all_z_01_log.txt
SpawnPoolWorker-399| 2026-06-21 23:18:42,297,297 multiprocessing INFO child process calling self.run()
SpawnPoolWorker-402| 2026-06-21 23:18:42,596,596 multiprocessing INFO STARTING NEW RUN ==========
SpawnPoolWorker-402| 2026-06-21 23:18:42,596,596 multiprocessing INFO SEE LOG AT : ./logs/all_Lyapunov_test_dso-fn_d_all_z_01_log.txt
SpawnPoolWorker-402| 2026-06-21 23:18:42,596,596 multiprocessing INFO See log at : ./logs/all_Lyapunov_test_dso-fn_d_all_z_01_log.txt
SpawnPoolWorker-402| 2026-06-21 23:18:42,600,600 multiprocessing INFO child process calling self.run()
SpawnPoolWorker-388| 2026-06-21 23:18:42,690,690 multiprocessing INFO STARTING NEW RUN ==========
SpawnPoolWorker-388| 2026-06-21 23:18:42,690,690 multiprocessing INFO SEE LOG AT : ./logs/all_Lyapunov_test_dso-fn_d_all_z_01_log.txt
SpawnPoolWorker-388| 2026-06-21 23:18:42,690,690 multiprocessing INFO See log at : ./logs/all_Lyapunov_test_dso-fn_d_all_z_01_log.txt
SpawnPoolWorker-388| 2026-06-21 23:18:42,692,692 multiprocessing INFO child process calling self.run()
SpawnPoolWorker-390| 2026-06-21 23:18:42,845,845 multiprocessing INFO STARTING NEW RUN ==========
SpawnPoolWorker-390| 2026-06-21 23:18:42,845,845 multiprocessing INFO SEE LOG AT : ./logs/all_Lyapunov_test_dso-fn_d_all_z_01_log.txt
SpawnPoolWorker-390| 2026-06-21 23:18:42,845,845 multiprocessing INFO See log at : ./logs/all_Lyapunov_test_dso-fn_d_all_z_01_log.txt
SpawnPoolWorker-390| 2026-06-21 23:18:42,848,848 multiprocessing INFO child process calling self.run()
SpawnPoolWorker-386| 2026-06-21 23:18:42,892,892 multiprocessing INFO STARTING NEW RUN ==========
SpawnPoolWorker-386| 2026-06-21 23:18:42,892,892 multiprocessing INFO SEE LOG AT : ./logs/all_Lyapunov_test_dso-fn_d_all_z_01_log.txt
SpawnPoolWorker-386| 2026-06-21 23:18:42,892,892 multiprocessing INFO See log at : ./logs/all_Lyapunov_test_dso-fn_d_all_z_01_log.txt
SpawnPoolWorker-386| 2026-06-21 23:18:42,898,898 multiprocessing INFO child process calling self.run()
SpawnPoolWorker-392| 2026-06-21 23:18:43,059,59 multiprocessing INFO STARTING NEW RUN ==========
SpawnPoolWorker-392| 2026-06-21 23:18:43,062,62 multiprocessing INFO SEE LOG AT : ./logs/all_Lyapunov_test_dso-fn_d_all_z_01_log.txt
SpawnPoolWorker-392| 2026-06-21 23:18:43,062,62 multiprocessing INFO See log at : ./logs/all_Lyapunov_test_dso-fn_d_all_z_01_log.txt
SpawnPoolWorker-392| 2026-06-21 23:18:43,072,72 multiprocessing INFO child process calling self.run()
SpawnPoolWorker-404| 2026-06-21 23:18:43,103,103 multiprocessing INFO STARTING NEW RUN ==========
SpawnPoolWorker-404| 2026-06-21 23:18:43,103,103 multiprocessing INFO SEE LOG AT : ./logs/all_Lyapunov_test_dso-fn_d_all_z_01_log.txt
SpawnPoolWorker-404| 2026-06-21 23:18:43,103,103 multiprocessing INFO See log at : ./logs/all_Lyapunov_test_dso-fn_d_all_z_01_log.txt
SpawnPoolWorker-404| 2026-06-21 23:18:43,112,112 multiprocessing INFO child process calling self.run()
SpawnPoolWorker-385| 2026-06-21 23:18:43,160,160 multiprocessing INFO STARTING NEW RUN ==========
SpawnPoolWorker-385| 2026-06-21 23:18:43,160,160 multiprocessing INFO SEE LOG AT : ./logs/all_Lyapunov_test_dso-fn_d_all_z_01_log.txt
SpawnPoolWorker-385| 2026-06-21 23:18:43,160,160 multiprocessing INFO See log at : ./logs/all_Lyapunov_test_dso-fn_d_all_z_01_log.txt
SpawnPoolWorker-385| 2026-06-21 23:18:43,169,169 multiprocessing INFO child process calling self.run()
SpawnPoolWorker-401| 2026-06-21 23:18:43,507,507 multiprocessing INFO STARTING NEW RUN ==========
SpawnPoolWorker-401| 2026-06-21 23:18:43,508,508 multiprocessing INFO SEE LOG AT : ./logs/all_Lyapunov_test_dso-fn_d_all_z_01_log.txt
SpawnPoolWorker-401| 2026-06-21 23:18:43,508,508 multiprocessing INFO See log at : ./logs/all_Lyapunov_test_dso-fn_d_all_z_01_log.txt
SpawnPoolWorker-401| 2026-06-21 23:18:43,510,510 multiprocessing INFO child process calling self.run()
SpawnPoolWorker-406| 2026-06-21 23:18:43,913,913 multiprocessing INFO STARTING NEW RUN ==========
SpawnPoolWorker-406| 2026-06-21 23:18:43,913,913 multiprocessing INFO SEE LOG AT : ./logs/all_Lyapunov_test_dso-fn_d_all_z_01_log.txt
SpawnPoolWorker-406| 2026-06-21 23:18:43,913,913 multiprocessing INFO See log at : ./logs/all_Lyapunov_test_dso-fn_d_all_z_01_log.txt
SpawnPoolWorker-406| 2026-06-21 23:18:43,917,917 multiprocessing INFO child process calling self.run()
SpawnPoolWorker-407| 2026-06-21 23:18:43,921,921 multiprocessing INFO STARTING NEW RUN ==========
SpawnPoolWorker-407| 2026-06-21 23:18:43,921,921 multiprocessing INFO SEE LOG AT : ./logs/all_Lyapunov_test_dso-fn_d_all_z_01_log.txt
SpawnPoolWorker-407| 2026-06-21 23:18:43,921,921 multiprocessing INFO See log at : ./logs/all_Lyapunov_test_dso-fn_d_all_z_01_log.txt
SpawnPoolWorker-407| 2026-06-21 23:18:43,923,923 multiprocessing INFO child process calling self.run()
SpawnPoolWorker-391| 2026-06-21 23:18:44,610,610 multiprocessing INFO STARTING NEW RUN ==========
SpawnPoolWorker-391| 2026-06-21 23:18:44,610,610 multiprocessing INFO SEE LOG AT : ./logs/all_Lyapunov_test_dso-fn_d_all_z_01_log.txt
SpawnPoolWorker-391| 2026-06-21 23:18:44,610,610 multiprocessing INFO See log at : ./logs/all_Lyapunov_test_dso-fn_d_all_z_01_log.txt
SpawnPoolWorker-391| 2026-06-21 23:18:44,621,621 multiprocessing INFO child process calling self.run()
SpawnPoolWorker-405| 2026-06-21 23:18:44,878,878 multiprocessing INFO STARTING NEW RUN ==========
SpawnPoolWorker-405| 2026-06-21 23:18:44,879,879 multiprocessing INFO SEE LOG AT : ./logs/all_Lyapunov_test_dso-fn_d_all_z_01_log.txt
SpawnPoolWorker-405| 2026-06-21 23:18:44,879,879 multiprocessing INFO See log at : ./logs/all_Lyapunov_test_dso-fn_d_all_z_01_log.txt
SpawnPoolWorker-405| 2026-06-21 23:18:44,881,881 multiprocessing INFO child process calling self.run()
SpawnPoolWorker-403| 2026-06-21 23:18:44,901,901 multiprocessing INFO STARTING NEW RUN ==========
SpawnPoolWorker-403| 2026-06-21 23:18:44,901,901 multiprocessing INFO SEE LOG AT : ./logs/all_Lyapunov_test_dso-fn_d_all_z_01_log.txt
SpawnPoolWorker-403| 2026-06-21 23:18:44,901,901 multiprocessing INFO See log at : ./logs/all_Lyapunov_test_dso-fn_d_all_z_01_log.txt
SpawnPoolWorker-403| 2026-06-21 23:18:44,907,907 multiprocessing INFO child process calling self.run()
SpawnPoolWorker-393| 2026-06-21 23:18:45,003,3 multiprocessing INFO STARTING NEW RUN ==========
SpawnPoolWorker-393| 2026-06-21 23:18:45,003,3 multiprocessing INFO SEE LOG AT : ./logs/all_Lyapunov_test_dso-fn_d_all_z_01_log.txt
SpawnPoolWorker-393| 2026-06-21 23:18:45,003,3 multiprocessing INFO See log at : ./logs/all_Lyapunov_test_dso-fn_d_all_z_01_log.txt
SpawnPoolWorker-393| 2026-06-21 23:18:45,009,9 multiprocessing INFO child process calling self.run()
SpawnPoolWorker-397| 2026-06-21 23:18:45,038,38 multiprocessing INFO STARTING NEW RUN ==========
SpawnPoolWorker-397| 2026-06-21 23:18:45,038,38 multiprocessing INFO SEE LOG AT : ./logs/all_Lyapunov_test_dso-fn_d_all_z_01_log.txt
SpawnPoolWorker-397| 2026-06-21 23:18:45,038,38 multiprocessing INFO See log at : ./logs/all_Lyapunov_test_dso-fn_d_all_z_01_log.txt
SpawnPoolWorker-397| 2026-06-21 23:18:45,040,40 multiprocessing INFO child process calling self.run()
SpawnPoolWorker-408| 2026-06-21 23:18:45,401,401 multiprocessing INFO STARTING NEW RUN ==========
SpawnPoolWorker-408| 2026-06-21 23:18:45,401,401 multiprocessing INFO SEE LOG AT : ./logs/all_Lyapunov_test_dso-fn_d_all_z_01_log.txt
SpawnPoolWorker-408| 2026-06-21 23:18:45,401,401 multiprocessing INFO See log at : ./logs/all_Lyapunov_test_dso-fn_d_all_z_01_log.txt
SpawnPoolWorker-408| 2026-06-21 23:18:45,403,403 multiprocessing INFO child process calling self.run()
SpawnPoolWorker-400| 2026-06-21 23:18:45,798,798 multiprocessing INFO STARTING NEW RUN ==========
SpawnPoolWorker-400| 2026-06-21 23:18:45,799,799 multiprocessing INFO SEE LOG AT : ./logs/all_Lyapunov_test_dso-fn_d_all_z_01_log.txt
SpawnPoolWorker-400| 2026-06-21 23:18:45,799,799 multiprocessing INFO See log at : ./logs/all_Lyapunov_test_dso-fn_d_all_z_01_log.txt
SpawnPoolWorker-400| 2026-06-21 23:18:45,800,800 multiprocessing INFO child process calling self.run()
SpawnPoolWorker-391| 2026-06-21 23:18:45,875,875 multiprocessing INFO process shutting down
SpawnPoolWorker-391| 2026-06-21 23:18:45,875,875 multiprocessing INFO process exiting with exitcode 0
SpawnPoolWorker-405| 2026-06-21 23:18:45,875,875 multiprocessing INFO process shutting down
SpawnPoolWorker-405| 2026-06-21 23:18:45,875,875 multiprocessing INFO process exiting with exitcode 0
SpawnPoolWorker-398| 2026-06-21 23:18:45,875,875 multiprocessing INFO process shutting down
SpawnPoolWorker-403| 2026-06-21 23:18:45,875,875 multiprocessing INFO process shutting down
SpawnPoolWorker-394| 2026-06-21 23:18:45,875,875 multiprocessing INFO process shutting down
SpawnPoolWorker-393| 2026-06-21 23:18:45,875,875 multiprocessing INFO process shutting down
SpawnPoolWorker-397| 2026-06-21 23:18:45,875,875 multiprocessing INFO process shutting down
SpawnPoolWorker-387| 2026-06-21 23:18:45,875,875 multiprocessing INFO process shutting down
SpawnPoolWorker-408| 2026-06-21 23:18:45,876,876 multiprocessing INFO process shutting down
SpawnPoolWorker-392| 2026-06-21 23:18:45,875,875 multiprocessing INFO process shutting down
SpawnPoolWorker-388| 2026-06-21 23:18:45,875,875 multiprocessing INFO process shutting down
SpawnPoolWorker-390| 2026-06-21 23:18:45,876,876 multiprocessing INFO process shutting down
SpawnPoolWorker-406| 2026-06-21 23:18:45,876,876 multiprocessing INFO process shutting down
SpawnPoolWorker-404| 2026-06-21 23:18:45,876,876 multiprocessing INFO process shutting down
SpawnPoolWorker-403| 2026-06-21 23:18:45,877,877 multiprocessing INFO process exiting with exitcode 0
SpawnPoolWorker-404| 2026-06-21 23:18:45,877,877 multiprocessing INFO process exiting with exitcode 0
SpawnPoolWorker-402| 2026-06-21 23:18:45,876,876 multiprocessing INFO process shutting down
SpawnPoolWorker-398| 2026-06-21 23:18:45,877,877 multiprocessing INFO process exiting with exitcode 0
SpawnPoolWorker-389| 2026-06-21 23:18:45,877,877 multiprocessing INFO process shutting down
SpawnPoolWorker-386| 2026-06-21 23:18:45,877,877 multiprocessing INFO process shutting down
SpawnPoolWorker-399| 2026-06-21 23:18:45,878,878 multiprocessing INFO process shutting down
SpawnPoolWorker-399| 2026-06-21 23:18:45,879,879 multiprocessing INFO process exiting with exitcode 0
SpawnPoolWorker-407| 2026-06-21 23:18:45,879,879 multiprocessing INFO process shutting down
SpawnPoolWorker-385| 2026-06-21 23:18:45,879,879 multiprocessing INFO process shutting down
SpawnPoolWorker-401| 2026-06-21 23:18:45,879,879 multiprocessing INFO process shutting down
SpawnPoolWorker-400| 2026-06-21 23:18:45,879,879 multiprocessing INFO process shutting down
SpawnPoolWorker-395| 2026-06-21 23:18:45,880,880 multiprocessing INFO process shutting down
SpawnPoolWorker-396| 2026-06-21 23:18:45,881,881 multiprocessing INFO process shutting down
SpawnPoolWorker-393| 2026-06-21 23:18:45,881,881 multiprocessing INFO process exiting with exitcode 0
SpawnPoolWorker-396| 2026-06-21 23:18:45,881,881 multiprocessing INFO process exiting with exitcode 0
28
(50000, 6)
(50000,)
(50000, 6)
(50000,)

=======================Successfully Added (11842, 6) Counter Examples=======================


============None of the candidates fulfill the conditions. Training CONTINUES!=================

MainProcess| 2026-06-21 23:18:48,109,109 multiprocessing INFO 
============None of the candidates fulfill the conditions. Training CONTINUES!=================


============None of the candidates fulfill the conditions. Training CONTINUES!=================

(55, 108)
/users/9/chen8596/miniconda3/envs/alfd/lib/python3.9/site-packages/torch/nn/functional.py:4999: UserWarning: Support for mismatched key_padding_mask and attn_mask is deprecated. Use same type for both instead.
  warnings.warn(

==============Start Supervised Learning==============

MainProcess| 2026-06-21 23:18:52,220,220 multiprocessing INFO GP output mean: 0.6977398669324444
GP output mean: 0.6977398669324444
MainProcess| 2026-06-21 23:18:52,807,807 multiprocessing INFO GP output success rate: 0.0
GP output success rate: 0.0

==============End Supervised Learning==============

MainProcess| 2026-06-21 23:18:55,034,34 multiprocessing INFO [Test epoch=0012]  nevals=165316 	| train_loss=8537.45508 	| eqs_invalid %=0.18 	| r_best=0.97813 	| quantile=0.00324 	| r_quantile_mean=0.72093 	| r_raw_sum=39.65794 	|  r_raw_mean=0.55856 	| r2=nan 	| acc_iid=0.00000 	| acc_ood=0.00000 	| nmse_test=0.010193485661486585 	| true_equation_set_count=0 	| s/it=168.60816
[Test epoch=0012]  nevals=165316 	| train_loss=8537.45508 	| eqs_invalid %=0.18 	| r_best=0.97813 	| quantile=0.00324 	| r_quantile_mean=0.72093 	| r_raw_sum=39.65794 	|  r_raw_mean=0.55856 	| r2=nan 	| acc_iid=0.00000 	| acc_ood=0.00000 	| nmse_test=0.010193485661486585 	| true_equation_set_count=0 	| s/it=168.60816
MainProcess| 2026-06-21 23:20:09,477,477 multiprocessing INFO Genetic Porgramming Runtime 73.53326169098727
Genetic Porgramming Runtime 73.53326169098727

=========================PGD Collection Starts=========================

SpawnPoolWorker-412| 2026-06-21 23:20:14,645,645 multiprocessing INFO STARTING NEW RUN ==========
SpawnPoolWorker-412| 2026-06-21 23:20:14,645,645 multiprocessing INFO SEE LOG AT : ./logs/all_Lyapunov_test_dso-fn_d_all_z_01_log.txt
SpawnPoolWorker-412| 2026-06-21 23:20:14,645,645 multiprocessing INFO See log at : ./logs/all_Lyapunov_test_dso-fn_d_all_z_01_log.txt
SpawnPoolWorker-412| 2026-06-21 23:20:14,647,647 multiprocessing INFO child process calling self.run()
SpawnPoolWorker-413| 2026-06-21 23:20:14,648,648 multiprocessing INFO STARTING NEW RUN ==========
SpawnPoolWorker-413| 2026-06-21 23:20:14,648,648 multiprocessing INFO SEE LOG AT : ./logs/all_Lyapunov_test_dso-fn_d_all_z_01_log.txt
SpawnPoolWorker-413| 2026-06-21 23:20:14,648,648 multiprocessing INFO See log at : ./logs/all_Lyapunov_test_dso-fn_d_all_z_01_log.txt
SpawnPoolWorker-413| 2026-06-21 23:20:14,650,650 multiprocessing INFO child process calling self.run()
SpawnPoolWorker-410| 2026-06-21 23:20:14,657,657 multiprocessing INFO STARTING NEW RUN ==========
SpawnPoolWorker-410| 2026-06-21 23:20:14,657,657 multiprocessing INFO SEE LOG AT : ./logs/all_Lyapunov_test_dso-fn_d_all_z_01_log.txt
SpawnPoolWorker-410| 2026-06-21 23:20:14,657,657 multiprocessing INFO See log at : ./logs/all_Lyapunov_test_dso-fn_d_all_z_01_log.txt
SpawnPoolWorker-410| 2026-06-21 23:20:14,659,659 multiprocessing INFO child process calling self.run()
SpawnPoolWorker-416| 2026-06-21 23:20:15,050,50 multiprocessing INFO STARTING NEW RUN ==========
SpawnPoolWorker-416| 2026-06-21 23:20:15,050,50 multiprocessing INFO SEE LOG AT : ./logs/all_Lyapunov_test_dso-fn_d_all_z_01_log.txt
SpawnPoolWorker-416| 2026-06-21 23:20:15,050,50 multiprocessing INFO See log at : ./logs/all_Lyapunov_test_dso-fn_d_all_z_01_log.txt
SpawnPoolWorker-416| 2026-06-21 23:20:15,052,52 multiprocessing INFO child process calling self.run()
SpawnPoolWorker-411| 2026-06-21 23:20:15,109,109 multiprocessing INFO STARTING NEW RUN ==========
SpawnPoolWorker-411| 2026-06-21 23:20:15,109,109 multiprocessing INFO SEE LOG AT : ./logs/all_Lyapunov_test_dso-fn_d_all_z_01_log.txt
SpawnPoolWorker-411| 2026-06-21 23:20:15,109,109 multiprocessing INFO See log at : ./logs/all_Lyapunov_test_dso-fn_d_all_z_01_log.txt
SpawnPoolWorker-411| 2026-06-21 23:20:15,111,111 multiprocessing INFO child process calling self.run()
SpawnPoolWorker-418| 2026-06-21 23:20:15,137,137 multiprocessing INFO STARTING NEW RUN ==========
SpawnPoolWorker-418| 2026-06-21 23:20:15,137,137 multiprocessing INFO SEE LOG AT : ./logs/all_Lyapunov_test_dso-fn_d_all_z_01_log.txt
SpawnPoolWorker-418| 2026-06-21 23:20:15,137,137 multiprocessing INFO See log at : ./logs/all_Lyapunov_test_dso-fn_d_all_z_01_log.txt
SpawnPoolWorker-418| 2026-06-21 23:20:15,139,139 multiprocessing INFO child process calling self.run()
SpawnPoolWorker-414| 2026-06-21 23:20:15,140,140 multiprocessing INFO STARTING NEW RUN ==========
SpawnPoolWorker-414| 2026-06-21 23:20:15,140,140 multiprocessing INFO SEE LOG AT : ./logs/all_Lyapunov_test_dso-fn_d_all_z_01_log.txt
SpawnPoolWorker-414| 2026-06-21 23:20:15,140,140 multiprocessing INFO See log at : ./logs/all_Lyapunov_test_dso-fn_d_all_z_01_log.txt
SpawnPoolWorker-414| 2026-06-21 23:20:15,142,142 multiprocessing INFO child process calling self.run()
SpawnPoolWorker-415| 2026-06-21 23:20:15,217,217 multiprocessing INFO STARTING NEW RUN ==========
SpawnPoolWorker-415| 2026-06-21 23:20:15,217,217 multiprocessing INFO SEE LOG AT : ./logs/all_Lyapunov_test_dso-fn_d_all_z_01_log.txt
SpawnPoolWorker-415| 2026-06-21 23:20:15,217,217 multiprocessing INFO See log at : ./logs/all_Lyapunov_test_dso-fn_d_all_z_01_log.txt
SpawnPoolWorker-409| 2026-06-21 23:20:15,221,221 multiprocessing INFO STARTING NEW RUN ==========
SpawnPoolWorker-409| 2026-06-21 23:20:15,221,221 multiprocessing INFO SEE LOG AT : ./logs/all_Lyapunov_test_dso-fn_d_all_z_01_log.txt
SpawnPoolWorker-409| 2026-06-21 23:20:15,221,221 multiprocessing INFO See log at : ./logs/all_Lyapunov_test_dso-fn_d_all_z_01_log.txt
SpawnPoolWorker-415| 2026-06-21 23:20:15,222,222 multiprocessing INFO child process calling self.run()
SpawnPoolWorker-409| 2026-06-21 23:20:15,224,224 multiprocessing INFO child process calling self.run()
SpawnPoolWorker-417| 2026-06-21 23:20:15,233,233 multiprocessing INFO STARTING NEW RUN ==========
SpawnPoolWorker-417| 2026-06-21 23:20:15,233,233 multiprocessing INFO SEE LOG AT : ./logs/all_Lyapunov_test_dso-fn_d_all_z_01_log.txt
SpawnPoolWorker-417| 2026-06-21 23:20:15,233,233 multiprocessing INFO See log at : ./logs/all_Lyapunov_test_dso-fn_d_all_z_01_log.txt
SpawnPoolWorker-417| 2026-06-21 23:20:15,236,236 multiprocessing INFO child process calling self.run()
SpawnPoolWorker-411| 2026-06-21 23:20:30,707,707 multiprocessing INFO process shutting down
SpawnPoolWorker-418| 2026-06-21 23:20:30,707,707 multiprocessing INFO process shutting down
SpawnPoolWorker-414| 2026-06-21 23:20:30,707,707 multiprocessing INFO process shutting down
SpawnPoolWorker-411| 2026-06-21 23:20:30,707,707 multiprocessing INFO process exiting with exitcode 0
SpawnPoolWorker-414| 2026-06-21 23:20:30,707,707 multiprocessing INFO process exiting with exitcode 0
SpawnPoolWorker-417| 2026-06-21 23:20:30,707,707 multiprocessing INFO process shutting down
SpawnPoolWorker-418| 2026-06-21 23:20:30,707,707 multiprocessing INFO process exiting with exitcode 0
SpawnPoolWorker-417| 2026-06-21 23:20:30,708,708 multiprocessing INFO process exiting with exitcode 0
SpawnPoolWorker-409| 2026-06-21 23:20:30,708,708 multiprocessing INFO process shutting down
SpawnPoolWorker-416| 2026-06-21 23:20:30,708,708 multiprocessing INFO process shutting down
SpawnPoolWorker-413| 2026-06-21 23:20:30,708,708 multiprocessing INFO process shutting down
SpawnPoolWorker-412| 2026-06-21 23:20:30,708,708 multiprocessing INFO process shutting down
SpawnPoolWorker-415| 2026-06-21 23:20:30,709,709 multiprocessing INFO process shutting down
(10000,)

===================Collect 10000 Examples===================

Epsilon 0.1
500
(550,)
(550,)
(55,)
Number of Programs for Minimization: 28
SpawnPoolWorker-435| 2026-06-21 23:20:43,409,409 multiprocessing INFO STARTING NEW RUN ==========
SpawnPoolWorker-435| 2026-06-21 23:20:43,409,409 multiprocessing INFO SEE LOG AT : ./logs/all_Lyapunov_test_dso-fn_d_all_z_01_log.txt
SpawnPoolWorker-435| 2026-06-21 23:20:43,409,409 multiprocessing INFO See log at : ./logs/all_Lyapunov_test_dso-fn_d_all_z_01_log.txt
SpawnPoolWorker-435| 2026-06-21 23:20:43,411,411 multiprocessing INFO child process calling self.run()
SpawnPoolWorker-429| 2026-06-21 23:20:44,016,16 multiprocessing INFO STARTING NEW RUN ==========
SpawnPoolWorker-429| 2026-06-21 23:20:44,016,16 multiprocessing INFO SEE LOG AT : ./logs/all_Lyapunov_test_dso-fn_d_all_z_01_log.txt
SpawnPoolWorker-429| 2026-06-21 23:20:44,016,16 multiprocessing INFO See log at : ./logs/all_Lyapunov_test_dso-fn_d_all_z_01_log.txt
SpawnPoolWorker-429| 2026-06-21 23:20:44,018,18 multiprocessing INFO child process calling self.run()
SpawnPoolWorker-436| 2026-06-21 23:20:45,193,193 multiprocessing INFO STARTING NEW RUN ==========
SpawnPoolWorker-436| 2026-06-21 23:20:45,194,194 multiprocessing INFO SEE LOG AT : ./logs/all_Lyapunov_test_dso-fn_d_all_z_01_log.txt
SpawnPoolWorker-436| 2026-06-21 23:20:45,194,194 multiprocessing INFO See log at : ./logs/all_Lyapunov_test_dso-fn_d_all_z_01_log.txt
SpawnPoolWorker-436| 2026-06-21 23:20:45,195,195 multiprocessing INFO child process calling self.run()
SpawnPoolWorker-442| 2026-06-21 23:20:45,265,265 multiprocessing INFO STARTING NEW RUN ==========
SpawnPoolWorker-442| 2026-06-21 23:20:45,265,265 multiprocessing INFO SEE LOG AT : ./logs/all_Lyapunov_test_dso-fn_d_all_z_01_log.txt
SpawnPoolWorker-442| 2026-06-21 23:20:45,265,265 multiprocessing INFO See log at : ./logs/all_Lyapunov_test_dso-fn_d_all_z_01_log.txt
SpawnPoolWorker-442| 2026-06-21 23:20:45,268,268 multiprocessing INFO child process calling self.run()
SpawnPoolWorker-431| 2026-06-21 23:20:46,002,2 multiprocessing INFO STARTING NEW RUN ==========
SpawnPoolWorker-431| 2026-06-21 23:20:46,002,2 multiprocessing INFO SEE LOG AT : ./logs/all_Lyapunov_test_dso-fn_d_all_z_01_log.txt
SpawnPoolWorker-431| 2026-06-21 23:20:46,002,2 multiprocessing INFO See log at : ./logs/all_Lyapunov_test_dso-fn_d_all_z_01_log.txt
SpawnPoolWorker-431| 2026-06-21 23:20:46,004,4 multiprocessing INFO child process calling self.run()
SpawnPoolWorker-432| 2026-06-21 23:20:46,268,268 multiprocessing INFO STARTING NEW RUN ==========
SpawnPoolWorker-432| 2026-06-21 23:20:46,268,268 multiprocessing INFO SEE LOG AT : ./logs/all_Lyapunov_test_dso-fn_d_all_z_01_log.txt
SpawnPoolWorker-432| 2026-06-21 23:20:46,268,268 multiprocessing INFO See log at : ./logs/all_Lyapunov_test_dso-fn_d_all_z_01_log.txt
SpawnPoolWorker-432| 2026-06-21 23:20:46,270,270 multiprocessing INFO child process calling self.run()
SpawnPoolWorker-433| 2026-06-21 23:20:46,700,700 multiprocessing INFO STARTING NEW RUN ==========
SpawnPoolWorker-433| 2026-06-21 23:20:46,700,700 multiprocessing INFO SEE LOG AT : ./logs/all_Lyapunov_test_dso-fn_d_all_z_01_log.txt
SpawnPoolWorker-433| 2026-06-21 23:20:46,700,700 multiprocessing INFO See log at : ./logs/all_Lyapunov_test_dso-fn_d_all_z_01_log.txt
SpawnPoolWorker-420| 2026-06-21 23:20:46,701,701 multiprocessing INFO STARTING NEW RUN ==========
SpawnPoolWorker-420| 2026-06-21 23:20:46,701,701 multiprocessing INFO SEE LOG AT : ./logs/all_Lyapunov_test_dso-fn_d_all_z_01_log.txt
SpawnPoolWorker-420| 2026-06-21 23:20:46,701,701 multiprocessing INFO See log at : ./logs/all_Lyapunov_test_dso-fn_d_all_z_01_log.txt
SpawnPoolWorker-420| 2026-06-21 23:20:46,703,703 multiprocessing INFO child process calling self.run()
SpawnPoolWorker-433| 2026-06-21 23:20:46,704,704 multiprocessing INFO child process calling self.run()
SpawnPoolWorker-428| 2026-06-21 23:20:47,390,390 multiprocessing INFO STARTING NEW RUN ==========
SpawnPoolWorker-428| 2026-06-21 23:20:47,390,390 multiprocessing INFO SEE LOG AT : ./logs/all_Lyapunov_test_dso-fn_d_all_z_01_log.txt
SpawnPoolWorker-428| 2026-06-21 23:20:47,390,390 multiprocessing INFO See log at : ./logs/all_Lyapunov_test_dso-fn_d_all_z_01_log.txt
SpawnPoolWorker-428| 2026-06-21 23:20:47,394,394 multiprocessing INFO child process calling self.run()
SpawnPoolWorker-421| 2026-06-21 23:20:47,417,417 multiprocessing INFO STARTING NEW RUN ==========
SpawnPoolWorker-421| 2026-06-21 23:20:47,417,417 multiprocessing INFO SEE LOG AT : ./logs/all_Lyapunov_test_dso-fn_d_all_z_01_log.txt
SpawnPoolWorker-421| 2026-06-21 23:20:47,417,417 multiprocessing INFO See log at : ./logs/all_Lyapunov_test_dso-fn_d_all_z_01_log.txt
SpawnPoolWorker-421| 2026-06-21 23:20:47,424,424 multiprocessing INFO child process calling self.run()
SpawnPoolWorker-422| 2026-06-21 23:20:47,622,622 multiprocessing INFO STARTING NEW RUN ==========
SpawnPoolWorker-422| 2026-06-21 23:20:47,622,622 multiprocessing INFO SEE LOG AT : ./logs/all_Lyapunov_test_dso-fn_d_all_z_01_log.txt
SpawnPoolWorker-422| 2026-06-21 23:20:47,622,622 multiprocessing INFO See log at : ./logs/all_Lyapunov_test_dso-fn_d_all_z_01_log.txt
SpawnPoolWorker-422| 2026-06-21 23:20:47,636,636 multiprocessing INFO child process calling self.run()
SpawnPoolWorker-427| 2026-06-21 23:20:47,769,769 multiprocessing INFO STARTING NEW RUN ==========
SpawnPoolWorker-427| 2026-06-21 23:20:47,769,769 multiprocessing INFO SEE LOG AT : ./logs/all_Lyapunov_test_dso-fn_d_all_z_01_log.txt
SpawnPoolWorker-427| 2026-06-21 23:20:47,769,769 multiprocessing INFO See log at : ./logs/all_Lyapunov_test_dso-fn_d_all_z_01_log.txt
SpawnPoolWorker-427| 2026-06-21 23:20:47,773,773 multiprocessing INFO child process calling self.run()
SpawnPoolWorker-419| 2026-06-21 23:20:48,124,124 multiprocessing INFO STARTING NEW RUN ==========
SpawnPoolWorker-419| 2026-06-21 23:20:48,124,124 multiprocessing INFO SEE LOG AT : ./logs/all_Lyapunov_test_dso-fn_d_all_z_01_log.txt
SpawnPoolWorker-419| 2026-06-21 23:20:48,125,125 multiprocessing INFO See log at : ./logs/all_Lyapunov_test_dso-fn_d_all_z_01_log.txt
SpawnPoolWorker-419| 2026-06-21 23:20:48,128,128 multiprocessing INFO child process calling self.run()
SpawnPoolWorker-440| 2026-06-21 23:20:48,161,161 multiprocessing INFO STARTING NEW RUN ==========
SpawnPoolWorker-440| 2026-06-21 23:20:48,161,161 multiprocessing INFO SEE LOG AT : ./logs/all_Lyapunov_test_dso-fn_d_all_z_01_log.txt
SpawnPoolWorker-440| 2026-06-21 23:20:48,161,161 multiprocessing INFO See log at : ./logs/all_Lyapunov_test_dso-fn_d_all_z_01_log.txt
SpawnPoolWorker-440| 2026-06-21 23:20:48,165,165 multiprocessing INFO child process calling self.run()
SpawnPoolWorker-424| 2026-06-21 23:20:48,216,216 multiprocessing INFO STARTING NEW RUN ==========
SpawnPoolWorker-424| 2026-06-21 23:20:48,216,216 multiprocessing INFO SEE LOG AT : ./logs/all_Lyapunov_test_dso-fn_d_all_z_01_log.txt
SpawnPoolWorker-424| 2026-06-21 23:20:48,216,216 multiprocessing INFO See log at : ./logs/all_Lyapunov_test_dso-fn_d_all_z_01_log.txt
SpawnPoolWorker-439| 2026-06-21 23:20:48,218,218 multiprocessing INFO STARTING NEW RUN ==========
SpawnPoolWorker-439| 2026-06-21 23:20:48,218,218 multiprocessing INFO SEE LOG AT : ./logs/all_Lyapunov_test_dso-fn_d_all_z_01_log.txt
SpawnPoolWorker-439| 2026-06-21 23:20:48,218,218 multiprocessing INFO See log at : ./logs/all_Lyapunov_test_dso-fn_d_all_z_01_log.txt
SpawnPoolWorker-439| 2026-06-21 23:20:48,220,220 multiprocessing INFO child process calling self.run()
SpawnPoolWorker-424| 2026-06-21 23:20:48,227,227 multiprocessing INFO child process calling self.run()
SpawnPoolWorker-434| 2026-06-21 23:20:48,309,309 multiprocessing INFO STARTING NEW RUN ==========
SpawnPoolWorker-434| 2026-06-21 23:20:48,309,309 multiprocessing INFO SEE LOG AT : ./logs/all_Lyapunov_test_dso-fn_d_all_z_01_log.txt
SpawnPoolWorker-434| 2026-06-21 23:20:48,309,309 multiprocessing INFO See log at : ./logs/all_Lyapunov_test_dso-fn_d_all_z_01_log.txt
SpawnPoolWorker-426| 2026-06-21 23:20:48,310,310 multiprocessing INFO STARTING NEW RUN ==========
SpawnPoolWorker-426| 2026-06-21 23:20:48,310,310 multiprocessing INFO SEE LOG AT : ./logs/all_Lyapunov_test_dso-fn_d_all_z_01_log.txt
SpawnPoolWorker-426| 2026-06-21 23:20:48,310,310 multiprocessing INFO See log at : ./logs/all_Lyapunov_test_dso-fn_d_all_z_01_log.txt
SpawnPoolWorker-434| 2026-06-21 23:20:48,314,314 multiprocessing INFO child process calling self.run()
SpawnPoolWorker-426| 2026-06-21 23:20:48,321,321 multiprocessing INFO child process calling self.run()
SpawnPoolWorker-425| 2026-06-21 23:20:48,446,446 multiprocessing INFO STARTING NEW RUN ==========
SpawnPoolWorker-425| 2026-06-21 23:20:48,446,446 multiprocessing INFO SEE LOG AT : ./logs/all_Lyapunov_test_dso-fn_d_all_z_01_log.txt
SpawnPoolWorker-425| 2026-06-21 23:20:48,446,446 multiprocessing INFO See log at : ./logs/all_Lyapunov_test_dso-fn_d_all_z_01_log.txt
SpawnPoolWorker-425| 2026-06-21 23:20:48,448,448 multiprocessing INFO child process calling self.run()
SpawnPoolWorker-438| 2026-06-21 23:20:48,570,570 multiprocessing INFO STARTING NEW RUN ==========
SpawnPoolWorker-438| 2026-06-21 23:20:48,570,570 multiprocessing INFO SEE LOG AT : ./logs/all_Lyapunov_test_dso-fn_d_all_z_01_log.txt
SpawnPoolWorker-438| 2026-06-21 23:20:48,570,570 multiprocessing INFO See log at : ./logs/all_Lyapunov_test_dso-fn_d_all_z_01_log.txt
SpawnPoolWorker-423| 2026-06-21 23:20:48,570,570 multiprocessing INFO STARTING NEW RUN ==========
SpawnPoolWorker-423| 2026-06-21 23:20:48,570,570 multiprocessing INFO SEE LOG AT : ./logs/all_Lyapunov_test_dso-fn_d_all_z_01_log.txt
SpawnPoolWorker-423| 2026-06-21 23:20:48,570,570 multiprocessing INFO See log at : ./logs/all_Lyapunov_test_dso-fn_d_all_z_01_log.txt
SpawnPoolWorker-438| 2026-06-21 23:20:48,572,572 multiprocessing INFO child process calling self.run()
SpawnPoolWorker-423| 2026-06-21 23:20:48,580,580 multiprocessing INFO child process calling self.run()
SpawnPoolWorker-430| 2026-06-21 23:20:48,739,739 multiprocessing INFO STARTING NEW RUN ==========
SpawnPoolWorker-430| 2026-06-21 23:20:48,739,739 multiprocessing INFO SEE LOG AT : ./logs/all_Lyapunov_test_dso-fn_d_all_z_01_log.txt
SpawnPoolWorker-430| 2026-06-21 23:20:48,739,739 multiprocessing INFO See log at : ./logs/all_Lyapunov_test_dso-fn_d_all_z_01_log.txt
SpawnPoolWorker-430| 2026-06-21 23:20:48,740,740 multiprocessing INFO child process calling self.run()
SpawnPoolWorker-441| 2026-06-21 23:20:48,834,834 multiprocessing INFO STARTING NEW RUN ==========
SpawnPoolWorker-441| 2026-06-21 23:20:48,834,834 multiprocessing INFO SEE LOG AT : ./logs/all_Lyapunov_test_dso-fn_d_all_z_01_log.txt
SpawnPoolWorker-441| 2026-06-21 23:20:48,834,834 multiprocessing INFO See log at : ./logs/all_Lyapunov_test_dso-fn_d_all_z_01_log.txt
SpawnPoolWorker-441| 2026-06-21 23:20:48,836,836 multiprocessing INFO child process calling self.run()
SpawnPoolWorker-437| 2026-06-21 23:20:49,013,13 multiprocessing INFO STARTING NEW RUN ==========
SpawnPoolWorker-437| 2026-06-21 23:20:49,014,14 multiprocessing INFO SEE LOG AT : ./logs/all_Lyapunov_test_dso-fn_d_all_z_01_log.txt
SpawnPoolWorker-437| 2026-06-21 23:20:49,014,14 multiprocessing INFO See log at : ./logs/all_Lyapunov_test_dso-fn_d_all_z_01_log.txt
SpawnPoolWorker-437| 2026-06-21 23:20:49,015,15 multiprocessing INFO child process calling self.run()
SpawnPoolWorker-419| 2026-06-21 23:20:49,052,52 multiprocessing INFO process shutting down
SpawnPoolWorker-440| 2026-06-21 23:20:49,052,52 multiprocessing INFO process shutting down
SpawnPoolWorker-419| 2026-06-21 23:20:49,052,52 multiprocessing INFO process exiting with exitcode 0
SpawnPoolWorker-439| 2026-06-21 23:20:49,052,52 multiprocessing INFO process shutting down
SpawnPoolWorker-440| 2026-06-21 23:20:49,052,52 multiprocessing INFO process exiting with exitcode 0
SpawnPoolWorker-424| 2026-06-21 23:20:49,052,52 multiprocessing INFO process shutting down
SpawnPoolWorker-439| 2026-06-21 23:20:49,052,52 multiprocessing INFO process exiting with exitcode 0
SpawnPoolWorker-424| 2026-06-21 23:20:49,052,52 multiprocessing INFO process exiting with exitcode 0
SpawnPoolWorker-434| 2026-06-21 23:20:49,052,52 multiprocessing INFO process shutting down
SpawnPoolWorker-426| 2026-06-21 23:20:49,052,52 multiprocessing INFO process shutting down
SpawnPoolWorker-425| 2026-06-21 23:20:49,052,52 multiprocessing INFO process shutting down
SpawnPoolWorker-432| 2026-06-21 23:20:49,052,52 multiprocessing INFO process shutting down
SpawnPoolWorker-438| 2026-06-21 23:20:49,053,53 multiprocessing INFO process shutting down
SpawnPoolWorker-436| 2026-06-21 23:20:49,052,52 multiprocessing INFO process shutting down
SpawnPoolWorker-423| 2026-06-21 23:20:49,053,53 multiprocessing INFO process shutting down
SpawnPoolWorker-442| 2026-06-21 23:20:49,053,53 multiprocessing INFO process shutting down
SpawnPoolWorker-422| 2026-06-21 23:20:49,053,53 multiprocessing INFO process shutting down
SpawnPoolWorker-430| 2026-06-21 23:20:49,053,53 multiprocessing INFO process shutting down
SpawnPoolWorker-441| 2026-06-21 23:20:49,053,53 multiprocessing INFO process shutting down
SpawnPoolWorker-433| 2026-06-21 23:20:49,053,53 multiprocessing INFO process shutting down
SpawnPoolWorker-433| 2026-06-21 23:20:49,053,53 multiprocessing INFO process exiting with exitcode 0
SpawnPoolWorker-435| 2026-06-21 23:20:49,053,53 multiprocessing INFO process shutting down
SpawnPoolWorker-435| 2026-06-21 23:20:49,054,54 multiprocessing INFO process exiting with exitcode 0
SpawnPoolWorker-431| 2026-06-21 23:20:49,053,53 multiprocessing INFO process shutting down
SpawnPoolWorker-429| 2026-06-21 23:20:49,054,54 multiprocessing INFO process shutting down
SpawnPoolWorker-437| 2026-06-21 23:20:49,054,54 multiprocessing INFO process shutting down
28
(50000, 6)
(50000,)
(50000, 6)
(50000,)

=======================Successfully Added (25000, 6) Counter Examples=======================


============None of the candidates fulfill the conditions. Training CONTINUES!=================

MainProcess| 2026-06-21 23:20:50,666,666 multiprocessing INFO 
============None of the candidates fulfill the conditions. Training CONTINUES!=================


============None of the candidates fulfill the conditions. Training CONTINUES!=================

(55, 108)
/users/9/chen8596/miniconda3/envs/alfd/lib/python3.9/site-packages/torch/nn/functional.py:4999: UserWarning: Support for mismatched key_padding_mask and attn_mask is deprecated. Use same type for both instead.
  warnings.warn(

==============Start Supervised Learning==============

MainProcess| 2026-06-21 23:20:53,713,713 multiprocessing INFO GP output mean: 0.29358131354480316
GP output mean: 0.29358131354480316
MainProcess| 2026-06-21 23:20:54,095,95 multiprocessing INFO GP output success rate: 0.0
GP output success rate: 0.0

==============End Supervised Learning==============

MainProcess| 2026-06-21 23:20:56,679,679 multiprocessing INFO [Test epoch=0013]  nevals=179125 	| train_loss=6061.80322 	| eqs_invalid %=0.55 	| r_best=0.97813 	| quantile=0.00079 	| r_quantile_mean=0.40893 	| r_raw_sum=22.49153 	|  r_raw_mean=0.35143 	| r2=nan 	| acc_iid=0.00000 	| acc_ood=0.00000 	| nmse_test=0.010193485661486585 	| true_equation_set_count=0 	| s/it=121.64405
[Test epoch=0013]  nevals=179125 	| train_loss=6061.80322 	| eqs_invalid %=0.55 	| r_best=0.97813 	| quantile=0.00079 	| r_quantile_mean=0.40893 	| r_raw_sum=22.49153 	|  r_raw_mean=0.35143 	| r2=nan 	| acc_iid=0.00000 	| acc_ood=0.00000 	| nmse_test=0.010193485661486585 	| true_equation_set_count=0 	| s/it=121.64405
MainProcess| 2026-06-21 23:22:16,569,569 multiprocessing INFO Genetic Porgramming Runtime 78.96528583718464
Genetic Porgramming Runtime 78.96528583718464

=========================PGD Collection Starts=========================

SpawnPoolWorker-443| 2026-06-21 23:22:21,620,620 multiprocessing INFO STARTING NEW RUN ==========
SpawnPoolWorker-443| 2026-06-21 23:22:21,620,620 multiprocessing INFO SEE LOG AT : ./logs/all_Lyapunov_test_dso-fn_d_all_z_01_log.txt
SpawnPoolWorker-443| 2026-06-21 23:22:21,621,621 multiprocessing INFO See log at : ./logs/all_Lyapunov_test_dso-fn_d_all_z_01_log.txt
SpawnPoolWorker-443| 2026-06-21 23:22:21,623,623 multiprocessing INFO child process calling self.run()
SpawnPoolWorker-446| 2026-06-21 23:22:22,052,52 multiprocessing INFO STARTING NEW RUN ==========
SpawnPoolWorker-446| 2026-06-21 23:22:22,052,52 multiprocessing INFO SEE LOG AT : ./logs/all_Lyapunov_test_dso-fn_d_all_z_01_log.txt
SpawnPoolWorker-446| 2026-06-21 23:22:22,052,52 multiprocessing INFO See log at : ./logs/all_Lyapunov_test_dso-fn_d_all_z_01_log.txt
SpawnPoolWorker-446| 2026-06-21 23:22:22,053,53 multiprocessing INFO child process calling self.run()
SpawnPoolWorker-445| 2026-06-21 23:22:22,111,111 multiprocessing INFO STARTING NEW RUN ==========
SpawnPoolWorker-445| 2026-06-21 23:22:22,111,111 multiprocessing INFO SEE LOG AT : ./logs/all_Lyapunov_test_dso-fn_d_all_z_01_log.txt
SpawnPoolWorker-445| 2026-06-21 23:22:22,111,111 multiprocessing INFO See log at : ./logs/all_Lyapunov_test_dso-fn_d_all_z_01_log.txt
SpawnPoolWorker-445| 2026-06-21 23:22:22,114,114 multiprocessing INFO child process calling self.run()
SpawnPoolWorker-450| 2026-06-21 23:22:22,138,138 multiprocessing INFO STARTING NEW RUN ==========
SpawnPoolWorker-450| 2026-06-21 23:22:22,138,138 multiprocessing INFO SEE LOG AT : ./logs/all_Lyapunov_test_dso-fn_d_all_z_01_log.txt
SpawnPoolWorker-450| 2026-06-21 23:22:22,138,138 multiprocessing INFO See log at : ./logs/all_Lyapunov_test_dso-fn_d_all_z_01_log.txt
SpawnPoolWorker-450| 2026-06-21 23:22:22,140,140 multiprocessing INFO child process calling self.run()
SpawnPoolWorker-448| 2026-06-21 23:22:22,171,171 multiprocessing INFO STARTING NEW RUN ==========
SpawnPoolWorker-448| 2026-06-21 23:22:22,171,171 multiprocessing INFO SEE LOG AT : ./logs/all_Lyapunov_test_dso-fn_d_all_z_01_log.txt
SpawnPoolWorker-448| 2026-06-21 23:22:22,171,171 multiprocessing INFO See log at : ./logs/all_Lyapunov_test_dso-fn_d_all_z_01_log.txt
SpawnPoolWorker-448| 2026-06-21 23:22:22,173,173 multiprocessing INFO child process calling self.run()
SpawnPoolWorker-447| 2026-06-21 23:22:22,180,180 multiprocessing INFO STARTING NEW RUN ==========
SpawnPoolWorker-447| 2026-06-21 23:22:22,181,181 multiprocessing INFO SEE LOG AT : ./logs/all_Lyapunov_test_dso-fn_d_all_z_01_log.txt
SpawnPoolWorker-447| 2026-06-21 23:22:22,181,181 multiprocessing INFO See log at : ./logs/all_Lyapunov_test_dso-fn_d_all_z_01_log.txt
SpawnPoolWorker-447| 2026-06-21 23:22:22,183,183 multiprocessing INFO child process calling self.run()
SpawnPoolWorker-444| 2026-06-21 23:22:22,190,190 multiprocessing INFO STARTING NEW RUN ==========
SpawnPoolWorker-444| 2026-06-21 23:22:22,191,191 multiprocessing INFO SEE LOG AT : ./logs/all_Lyapunov_test_dso-fn_d_all_z_01_log.txt
SpawnPoolWorker-444| 2026-06-21 23:22:22,191,191 multiprocessing INFO See log at : ./logs/all_Lyapunov_test_dso-fn_d_all_z_01_log.txt
SpawnPoolWorker-444| 2026-06-21 23:22:22,192,192 multiprocessing INFO child process calling self.run()
SpawnPoolWorker-449| 2026-06-21 23:22:22,284,284 multiprocessing INFO STARTING NEW RUN ==========
SpawnPoolWorker-449| 2026-06-21 23:22:22,284,284 multiprocessing INFO SEE LOG AT : ./logs/all_Lyapunov_test_dso-fn_d_all_z_01_log.txt
SpawnPoolWorker-449| 2026-06-21 23:22:22,285,285 multiprocessing INFO See log at : ./logs/all_Lyapunov_test_dso-fn_d_all_z_01_log.txt
SpawnPoolWorker-449| 2026-06-21 23:22:22,287,287 multiprocessing INFO child process calling self.run()
SpawnPoolWorker-452| 2026-06-21 23:22:22,303,303 multiprocessing INFO STARTING NEW RUN ==========
SpawnPoolWorker-452| 2026-06-21 23:22:22,303,303 multiprocessing INFO SEE LOG AT : ./logs/all_Lyapunov_test_dso-fn_d_all_z_01_log.txt
SpawnPoolWorker-452| 2026-06-21 23:22:22,303,303 multiprocessing INFO See log at : ./logs/all_Lyapunov_test_dso-fn_d_all_z_01_log.txt
SpawnPoolWorker-452| 2026-06-21 23:22:22,304,304 multiprocessing INFO child process calling self.run()
SpawnPoolWorker-451| 2026-06-21 23:22:22,389,389 multiprocessing INFO STARTING NEW RUN ==========
SpawnPoolWorker-451| 2026-06-21 23:22:22,389,389 multiprocessing INFO SEE LOG AT : ./logs/all_Lyapunov_test_dso-fn_d_all_z_01_log.txt
SpawnPoolWorker-451| 2026-06-21 23:22:22,389,389 multiprocessing INFO See log at : ./logs/all_Lyapunov_test_dso-fn_d_all_z_01_log.txt
SpawnPoolWorker-451| 2026-06-21 23:22:22,391,391 multiprocessing INFO child process calling self.run()
SpawnPoolWorker-449| 2026-06-21 23:22:35,366,366 multiprocessing INFO process shutting down
SpawnPoolWorker-444| 2026-06-21 23:22:35,366,366 multiprocessing INFO process shutting down
SpawnPoolWorker-445| 2026-06-21 23:22:35,366,366 multiprocessing INFO process shutting down
SpawnPoolWorker-449| 2026-06-21 23:22:35,367,367 multiprocessing INFO process exiting with exitcode 0
SpawnPoolWorker-447| 2026-06-21 23:22:35,367,367 multiprocessing INFO process shutting down
SpawnPoolWorker-445| 2026-06-21 23:22:35,367,367 multiprocessing INFO process exiting with exitcode 0
SpawnPoolWorker-444| 2026-06-21 23:22:35,367,367 multiprocessing INFO process exiting with exitcode 0
SpawnPoolWorker-447| 2026-06-21 23:22:35,367,367 multiprocessing INFO process exiting with exitcode 0
SpawnPoolWorker-446| 2026-06-21 23:22:35,368,368 multiprocessing INFO process shutting down
SpawnPoolWorker-448| 2026-06-21 23:22:35,369,369 multiprocessing INFO process shutting down
SpawnPoolWorker-451| 2026-06-21 23:22:35,368,368 multiprocessing INFO process shutting down
(10000,)

===================Collect 10000 Examples===================

Epsilon 0.1
500
(550,)
(550,)
(55,)
Number of Programs for Minimization: 28
SpawnPoolWorker-461| 2026-06-21 23:22:48,513,513 multiprocessing INFO STARTING NEW RUN ==========
SpawnPoolWorker-461| 2026-06-21 23:22:48,513,513 multiprocessing INFO SEE LOG AT : ./logs/all_Lyapunov_test_dso-fn_d_all_z_01_log.txt
SpawnPoolWorker-461| 2026-06-21 23:22:48,513,513 multiprocessing INFO See log at : ./logs/all_Lyapunov_test_dso-fn_d_all_z_01_log.txt
SpawnPoolWorker-461| 2026-06-21 23:22:48,515,515 multiprocessing INFO child process calling self.run()
SpawnPoolWorker-455| 2026-06-21 23:22:48,535,535 multiprocessing INFO STARTING NEW RUN ==========
SpawnPoolWorker-455| 2026-06-21 23:22:48,535,535 multiprocessing INFO SEE LOG AT : ./logs/all_Lyapunov_test_dso-fn_d_all_z_01_log.txt
SpawnPoolWorker-455| 2026-06-21 23:22:48,536,536 multiprocessing INFO See log at : ./logs/all_Lyapunov_test_dso-fn_d_all_z_01_log.txt
SpawnPoolWorker-455| 2026-06-21 23:22:48,545,545 multiprocessing INFO child process calling self.run()
SpawnPoolWorker-459| 2026-06-21 23:22:48,559,559 multiprocessing INFO STARTING NEW RUN ==========
SpawnPoolWorker-476| 2026-06-21 23:22:48,559,559 multiprocessing INFO STARTING NEW RUN ==========
SpawnPoolWorker-459| 2026-06-21 23:22:48,564,564 multiprocessing INFO SEE LOG AT : ./logs/all_Lyapunov_test_dso-fn_d_all_z_01_log.txt
SpawnPoolWorker-459| 2026-06-21 23:22:48,564,564 multiprocessing INFO See log at : ./logs/all_Lyapunov_test_dso-fn_d_all_z_01_log.txt
SpawnPoolWorker-459| 2026-06-21 23:22:48,572,572 multiprocessing INFO child process calling self.run()
SpawnPoolWorker-476| 2026-06-21 23:22:48,573,573 multiprocessing INFO SEE LOG AT : ./logs/all_Lyapunov_test_dso-fn_d_all_z_01_log.txt
SpawnPoolWorker-476| 2026-06-21 23:22:48,573,573 multiprocessing INFO See log at : ./logs/all_Lyapunov_test_dso-fn_d_all_z_01_log.txt
SpawnPoolWorker-476| 2026-06-21 23:22:48,576,576 multiprocessing INFO child process calling self.run()
SpawnPoolWorker-466| 2026-06-21 23:22:48,577,577 multiprocessing INFO STARTING NEW RUN ==========
SpawnPoolWorker-466| 2026-06-21 23:22:48,578,578 multiprocessing INFO SEE LOG AT : ./logs/all_Lyapunov_test_dso-fn_d_all_z_01_log.txt
SpawnPoolWorker-466| 2026-06-21 23:22:48,578,578 multiprocessing INFO See log at : ./logs/all_Lyapunov_test_dso-fn_d_all_z_01_log.txt
SpawnPoolWorker-466| 2026-06-21 23:22:48,591,591 multiprocessing INFO child process calling self.run()
SpawnPoolWorker-473| 2026-06-21 23:22:49,789,789 multiprocessing INFO STARTING NEW RUN ==========
SpawnPoolWorker-473| 2026-06-21 23:22:49,789,789 multiprocessing INFO SEE LOG AT : ./logs/all_Lyapunov_test_dso-fn_d_all_z_01_log.txt
SpawnPoolWorker-473| 2026-06-21 23:22:49,789,789 multiprocessing INFO See log at : ./logs/all_Lyapunov_test_dso-fn_d_all_z_01_log.txt
SpawnPoolWorker-473| 2026-06-21 23:22:49,790,790 multiprocessing INFO child process calling self.run()
SpawnPoolWorker-468| 2026-06-21 23:22:49,927,927 multiprocessing INFO STARTING NEW RUN ==========
SpawnPoolWorker-468| 2026-06-21 23:22:49,927,927 multiprocessing INFO SEE LOG AT : ./logs/all_Lyapunov_test_dso-fn_d_all_z_01_log.txt
SpawnPoolWorker-468| 2026-06-21 23:22:49,927,927 multiprocessing INFO See log at : ./logs/all_Lyapunov_test_dso-fn_d_all_z_01_log.txt
SpawnPoolWorker-468| 2026-06-21 23:22:49,928,928 multiprocessing INFO child process calling self.run()
SpawnPoolWorker-474| 2026-06-21 23:22:50,400,400 multiprocessing INFO STARTING NEW RUN ==========
SpawnPoolWorker-474| 2026-06-21 23:22:50,400,400 multiprocessing INFO SEE LOG AT : ./logs/all_Lyapunov_test_dso-fn_d_all_z_01_log.txt
SpawnPoolWorker-474| 2026-06-21 23:22:50,400,400 multiprocessing INFO See log at : ./logs/all_Lyapunov_test_dso-fn_d_all_z_01_log.txt
SpawnPoolWorker-474| 2026-06-21 23:22:50,408,408 multiprocessing INFO child process calling self.run()
SpawnPoolWorker-454| 2026-06-21 23:22:51,246,246 multiprocessing INFO STARTING NEW RUN ==========
SpawnPoolWorker-454| 2026-06-21 23:22:51,246,246 multiprocessing INFO SEE LOG AT : ./logs/all_Lyapunov_test_dso-fn_d_all_z_01_log.txt
SpawnPoolWorker-454| 2026-06-21 23:22:51,246,246 multiprocessing INFO See log at : ./logs/all_Lyapunov_test_dso-fn_d_all_z_01_log.txt
SpawnPoolWorker-454| 2026-06-21 23:22:51,253,253 multiprocessing INFO child process calling self.run()
SpawnPoolWorker-457| 2026-06-21 23:22:51,329,329 multiprocessing INFO STARTING NEW RUN ==========
SpawnPoolWorker-457| 2026-06-21 23:22:51,329,329 multiprocessing INFO SEE LOG AT : ./logs/all_Lyapunov_test_dso-fn_d_all_z_01_log.txt
SpawnPoolWorker-457| 2026-06-21 23:22:51,329,329 multiprocessing INFO See log at : ./logs/all_Lyapunov_test_dso-fn_d_all_z_01_log.txt
SpawnPoolWorker-457| 2026-06-21 23:22:51,334,334 multiprocessing INFO child process calling self.run()
SpawnPoolWorker-465| 2026-06-21 23:22:51,385,385 multiprocessing INFO STARTING NEW RUN ==========
SpawnPoolWorker-465| 2026-06-21 23:22:51,385,385 multiprocessing INFO SEE LOG AT : ./logs/all_Lyapunov_test_dso-fn_d_all_z_01_log.txt
SpawnPoolWorker-465| 2026-06-21 23:22:51,385,385 multiprocessing INFO See log at : ./logs/all_Lyapunov_test_dso-fn_d_all_z_01_log.txt
SpawnPoolWorker-465| 2026-06-21 23:22:51,392,392 multiprocessing INFO child process calling self.run()
SpawnPoolWorker-471| 2026-06-21 23:22:51,522,522 multiprocessing INFO STARTING NEW RUN ==========
SpawnPoolWorker-471| 2026-06-21 23:22:51,522,522 multiprocessing INFO SEE LOG AT : ./logs/all_Lyapunov_test_dso-fn_d_all_z_01_log.txt
SpawnPoolWorker-471| 2026-06-21 23:22:51,522,522 multiprocessing INFO See log at : ./logs/all_Lyapunov_test_dso-fn_d_all_z_01_log.txt
SpawnPoolWorker-471| 2026-06-21 23:22:51,527,527 multiprocessing INFO child process calling self.run()
SpawnPoolWorker-456| 2026-06-21 23:22:51,644,644 multiprocessing INFO STARTING NEW RUN ==========
SpawnPoolWorker-456| 2026-06-21 23:22:51,644,644 multiprocessing INFO SEE LOG AT : ./logs/all_Lyapunov_test_dso-fn_d_all_z_01_log.txt
SpawnPoolWorker-456| 2026-06-21 23:22:51,644,644 multiprocessing INFO See log at : ./logs/all_Lyapunov_test_dso-fn_d_all_z_01_log.txt
SpawnPoolWorker-456| 2026-06-21 23:22:51,649,649 multiprocessing INFO child process calling self.run()
SpawnPoolWorker-475| 2026-06-21 23:22:51,657,657 multiprocessing INFO STARTING NEW RUN ==========
SpawnPoolWorker-475| 2026-06-21 23:22:51,657,657 multiprocessing INFO SEE LOG AT : ./logs/all_Lyapunov_test_dso-fn_d_all_z_01_log.txt
SpawnPoolWorker-475| 2026-06-21 23:22:51,657,657 multiprocessing INFO See log at : ./logs/all_Lyapunov_test_dso-fn_d_all_z_01_log.txt
SpawnPoolWorker-475| 2026-06-21 23:22:51,661,661 multiprocessing INFO child process calling self.run()
SpawnPoolWorker-462| 2026-06-21 23:22:51,678,678 multiprocessing INFO STARTING NEW RUN ==========
SpawnPoolWorker-462| 2026-06-21 23:22:51,678,678 multiprocessing INFO SEE LOG AT : ./logs/all_Lyapunov_test_dso-fn_d_all_z_01_log.txt
SpawnPoolWorker-462| 2026-06-21 23:22:51,678,678 multiprocessing INFO See log at : ./logs/all_Lyapunov_test_dso-fn_d_all_z_01_log.txt
SpawnPoolWorker-462| 2026-06-21 23:22:51,683,683 multiprocessing INFO child process calling self.run()
SpawnPoolWorker-464| 2026-06-21 23:22:51,740,740 multiprocessing INFO STARTING NEW RUN ==========
SpawnPoolWorker-464| 2026-06-21 23:22:51,740,740 multiprocessing INFO SEE LOG AT : ./logs/all_Lyapunov_test_dso-fn_d_all_z_01_log.txt
SpawnPoolWorker-464| 2026-06-21 23:22:51,740,740 multiprocessing INFO See log at : ./logs/all_Lyapunov_test_dso-fn_d_all_z_01_log.txt
SpawnPoolWorker-460| 2026-06-21 23:22:51,747,747 multiprocessing INFO STARTING NEW RUN ==========
SpawnPoolWorker-460| 2026-06-21 23:22:51,747,747 multiprocessing INFO SEE LOG AT : ./logs/all_Lyapunov_test_dso-fn_d_all_z_01_log.txt
SpawnPoolWorker-460| 2026-06-21 23:22:51,747,747 multiprocessing INFO See log at : ./logs/all_Lyapunov_test_dso-fn_d_all_z_01_log.txt
SpawnPoolWorker-464| 2026-06-21 23:22:51,749,749 multiprocessing INFO child process calling self.run()
SpawnPoolWorker-460| 2026-06-21 23:22:51,750,750 multiprocessing INFO child process calling self.run()
SpawnPoolWorker-469| 2026-06-21 23:22:51,764,764 multiprocessing INFO STARTING NEW RUN ==========
SpawnPoolWorker-469| 2026-06-21 23:22:51,765,765 multiprocessing INFO SEE LOG AT : ./logs/all_Lyapunov_test_dso-fn_d_all_z_01_log.txt
SpawnPoolWorker-469| 2026-06-21 23:22:51,765,765 multiprocessing INFO See log at : ./logs/all_Lyapunov_test_dso-fn_d_all_z_01_log.txt
SpawnPoolWorker-469| 2026-06-21 23:22:51,767,767 multiprocessing INFO child process calling self.run()
SpawnPoolWorker-472| 2026-06-21 23:22:51,940,940 multiprocessing INFO STARTING NEW RUN ==========
SpawnPoolWorker-472| 2026-06-21 23:22:51,941,941 multiprocessing INFO SEE LOG AT : ./logs/all_Lyapunov_test_dso-fn_d_all_z_01_log.txt
SpawnPoolWorker-472| 2026-06-21 23:22:51,941,941 multiprocessing INFO See log at : ./logs/all_Lyapunov_test_dso-fn_d_all_z_01_log.txt
SpawnPoolWorker-472| 2026-06-21 23:22:51,944,944 multiprocessing INFO child process calling self.run()
SpawnPoolWorker-458| 2026-06-21 23:22:51,972,972 multiprocessing INFO STARTING NEW RUN ==========
SpawnPoolWorker-458| 2026-06-21 23:22:51,972,972 multiprocessing INFO SEE LOG AT : ./logs/all_Lyapunov_test_dso-fn_d_all_z_01_log.txt
SpawnPoolWorker-458| 2026-06-21 23:22:51,972,972 multiprocessing INFO See log at : ./logs/all_Lyapunov_test_dso-fn_d_all_z_01_log.txt
SpawnPoolWorker-458| 2026-06-21 23:22:51,979,979 multiprocessing INFO child process calling self.run()
SpawnPoolWorker-463| 2026-06-21 23:22:52,124,124 multiprocessing INFO STARTING NEW RUN ==========
SpawnPoolWorker-463| 2026-06-21 23:22:52,124,124 multiprocessing INFO SEE LOG AT : ./logs/all_Lyapunov_test_dso-fn_d_all_z_01_log.txt
SpawnPoolWorker-463| 2026-06-21 23:22:52,125,125 multiprocessing INFO See log at : ./logs/all_Lyapunov_test_dso-fn_d_all_z_01_log.txt
SpawnPoolWorker-463| 2026-06-21 23:22:52,132,132 multiprocessing INFO child process calling self.run()
SpawnPoolWorker-453| 2026-06-21 23:22:52,316,316 multiprocessing INFO STARTING NEW RUN ==========
SpawnPoolWorker-453| 2026-06-21 23:22:52,316,316 multiprocessing INFO SEE LOG AT : ./logs/all_Lyapunov_test_dso-fn_d_all_z_01_log.txt
SpawnPoolWorker-453| 2026-06-21 23:22:52,316,316 multiprocessing INFO See log at : ./logs/all_Lyapunov_test_dso-fn_d_all_z_01_log.txt
SpawnPoolWorker-453| 2026-06-21 23:22:52,323,323 multiprocessing INFO child process calling self.run()
SpawnPoolWorker-467| 2026-06-21 23:22:52,406,406 multiprocessing INFO STARTING NEW RUN ==========
SpawnPoolWorker-467| 2026-06-21 23:22:52,406,406 multiprocessing INFO SEE LOG AT : ./logs/all_Lyapunov_test_dso-fn_d_all_z_01_log.txt
SpawnPoolWorker-467| 2026-06-21 23:22:52,406,406 multiprocessing INFO See log at : ./logs/all_Lyapunov_test_dso-fn_d_all_z_01_log.txt
SpawnPoolWorker-467| 2026-06-21 23:22:52,408,408 multiprocessing INFO child process calling self.run()
SpawnPoolWorker-470| 2026-06-21 23:22:52,515,515 multiprocessing INFO STARTING NEW RUN ==========
SpawnPoolWorker-470| 2026-06-21 23:22:52,515,515 multiprocessing INFO SEE LOG AT : ./logs/all_Lyapunov_test_dso-fn_d_all_z_01_log.txt
SpawnPoolWorker-470| 2026-06-21 23:22:52,515,515 multiprocessing INFO See log at : ./logs/all_Lyapunov_test_dso-fn_d_all_z_01_log.txt
SpawnPoolWorker-470| 2026-06-21 23:22:52,517,517 multiprocessing INFO child process calling self.run()
SpawnPoolWorker-462| 2026-06-21 23:22:52,766,766 multiprocessing INFO process shutting down
SpawnPoolWorker-464| 2026-06-21 23:22:52,766,766 multiprocessing INFO process shutting down
SpawnPoolWorker-460| 2026-06-21 23:22:52,766,766 multiprocessing INFO process shutting down
SpawnPoolWorker-462| 2026-06-21 23:22:52,766,766 multiprocessing INFO process exiting with exitcode 0
SpawnPoolWorker-469| 2026-06-21 23:22:52,766,766 multiprocessing INFO process shutting down
SpawnPoolWorker-464| 2026-06-21 23:22:52,766,766 multiprocessing INFO process exiting with exitcode 0
SpawnPoolWorker-460| 2026-06-21 23:22:52,766,766 multiprocessing INFO process exiting with exitcode 0
SpawnPoolWorker-469| 2026-06-21 23:22:52,766,766 multiprocessing INFO process exiting with exitcode 0
SpawnPoolWorker-472| 2026-06-21 23:22:52,767,767 multiprocessing INFO process shutting down
SpawnPoolWorker-458| 2026-06-21 23:22:52,767,767 multiprocessing INFO process shutting down
SpawnPoolWorker-473| 2026-06-21 23:22:52,766,766 multiprocessing INFO process shutting down
SpawnPoolWorker-463| 2026-06-21 23:22:52,767,767 multiprocessing INFO process shutting down
SpawnPoolWorker-474| 2026-06-21 23:22:52,767,767 multiprocessing INFO process shutting down
SpawnPoolWorker-466| 2026-06-21 23:22:52,767,767 multiprocessing INFO process shutting down
SpawnPoolWorker-476| 2026-06-21 23:22:52,767,767 multiprocessing INFO process shutting down
SpawnPoolWorker-459| 2026-06-21 23:22:52,767,767 multiprocessing INFO process shutting down
SpawnPoolWorker-461| 2026-06-21 23:22:52,767,767 multiprocessing INFO process shutting down
SpawnPoolWorker-453| 2026-06-21 23:22:52,768,768 multiprocessing INFO process shutting down
SpawnPoolWorker-467| 2026-06-21 23:22:52,768,768 multiprocessing INFO process shutting down
SpawnPoolWorker-470| 2026-06-21 23:22:52,768,768 multiprocessing INFO process shutting down
SpawnPoolWorker-468| 2026-06-21 23:22:52,768,768 multiprocessing INFO process shutting down
SpawnPoolWorker-455| 2026-06-21 23:22:52,768,768 multiprocessing INFO process shutting down
SpawnPoolWorker-465| 2026-06-21 23:22:52,768,768 multiprocessing INFO process shutting down
SpawnPoolWorker-456| 2026-06-21 23:22:52,768,768 multiprocessing INFO process shutting down
SpawnPoolWorker-472| 2026-06-21 23:22:52,769,769 multiprocessing INFO process exiting with exitcode 0
SpawnPoolWorker-475| 2026-06-21 23:22:52,769,769 multiprocessing INFO process shutting down
28
(50000, 6)
(50000,)
(50000, 6)
(50000,)

=======================Successfully Added (25000, 6) Counter Examples=======================


============None of the candidates fulfill the conditions. Training CONTINUES!=================

MainProcess| 2026-06-21 23:22:54,027,27 multiprocessing INFO 
============None of the candidates fulfill the conditions. Training CONTINUES!=================


============None of the candidates fulfill the conditions. Training CONTINUES!=================

(55, 108)
/users/9/chen8596/miniconda3/envs/alfd/lib/python3.9/site-packages/torch/nn/functional.py:4999: UserWarning: Support for mismatched key_padding_mask and attn_mask is deprecated. Use same type for both instead.
  warnings.warn(

==============Start Supervised Learning==============

MainProcess| 2026-06-21 23:22:56,381,381 multiprocessing INFO GP output mean: 0.42082030358471145
GP output mean: 0.42082030358471145
MainProcess| 2026-06-21 23:22:56,646,646 multiprocessing INFO GP output success rate: 0.0
GP output success rate: 0.0

==============End Supervised Learning==============

MainProcess| 2026-06-21 23:22:58,332,332 multiprocessing INFO [Test epoch=0014]  nevals=192778 	| train_loss=4052.13013 	| eqs_invalid %=0.18 	| r_best=0.97813 	| quantile=0.00717 	| r_quantile_mean=0.55949 	| r_raw_sum=30.78384 	|  r_raw_mean=0.50465 	| r2=nan 	| acc_iid=0.00000 	| acc_ood=0.00000 	| nmse_test=0.010193485661486585 	| true_equation_set_count=0 	| s/it=121.65316
[Test epoch=0014]  nevals=192778 	| train_loss=4052.13013 	| eqs_invalid %=0.18 	| r_best=0.97813 	| quantile=0.00717 	| r_quantile_mean=0.55949 	| r_raw_sum=30.78384 	|  r_raw_mean=0.50465 	| r2=nan 	| acc_iid=0.00000 	| acc_ood=0.00000 	| nmse_test=0.010193485661486585 	| true_equation_set_count=0 	| s/it=121.65316
MainProcess| 2026-06-21 23:24:05,569,569 multiprocessing INFO Genetic Porgramming Runtime 66.50615975097753
Genetic Porgramming Runtime 66.50615975097753

=========================PGD Collection Starts=========================

SpawnPoolWorker-482| 2026-06-21 23:24:11,173,173 multiprocessing INFO STARTING NEW RUN ==========
SpawnPoolWorker-482| 2026-06-21 23:24:11,173,173 multiprocessing INFO SEE LOG AT : ./logs/all_Lyapunov_test_dso-fn_d_all_z_01_log.txt
SpawnPoolWorker-482| 2026-06-21 23:24:11,173,173 multiprocessing INFO See log at : ./logs/all_Lyapunov_test_dso-fn_d_all_z_01_log.txt
SpawnPoolWorker-482| 2026-06-21 23:24:11,176,176 multiprocessing INFO child process calling self.run()
SpawnPoolWorker-480| 2026-06-21 23:24:11,176,176 multiprocessing INFO STARTING NEW RUN ==========
SpawnPoolWorker-480| 2026-06-21 23:24:11,176,176 multiprocessing INFO SEE LOG AT : ./logs/all_Lyapunov_test_dso-fn_d_all_z_01_log.txt
SpawnPoolWorker-480| 2026-06-21 23:24:11,176,176 multiprocessing INFO See log at : ./logs/all_Lyapunov_test_dso-fn_d_all_z_01_log.txt
SpawnPoolWorker-480| 2026-06-21 23:24:11,178,178 multiprocessing INFO child process calling self.run()
SpawnPoolWorker-479| 2026-06-21 23:24:11,180,180 multiprocessing INFO STARTING NEW RUN ==========
SpawnPoolWorker-479| 2026-06-21 23:24:11,180,180 multiprocessing INFO SEE LOG AT : ./logs/all_Lyapunov_test_dso-fn_d_all_z_01_log.txt
SpawnPoolWorker-479| 2026-06-21 23:24:11,180,180 multiprocessing INFO See log at : ./logs/all_Lyapunov_test_dso-fn_d_all_z_01_log.txt
SpawnPoolWorker-479| 2026-06-21 23:24:11,182,182 multiprocessing INFO child process calling self.run()
SpawnPoolWorker-478| 2026-06-21 23:24:11,183,183 multiprocessing INFO STARTING NEW RUN ==========
SpawnPoolWorker-478| 2026-06-21 23:24:11,183,183 multiprocessing INFO SEE LOG AT : ./logs/all_Lyapunov_test_dso-fn_d_all_z_01_log.txt
SpawnPoolWorker-478| 2026-06-21 23:24:11,183,183 multiprocessing INFO See log at : ./logs/all_Lyapunov_test_dso-fn_d_all_z_01_log.txt
SpawnPoolWorker-478| 2026-06-21 23:24:11,184,184 multiprocessing INFO child process calling self.run()
SpawnPoolWorker-484| 2026-06-21 23:24:11,185,185 multiprocessing INFO STARTING NEW RUN ==========
SpawnPoolWorker-484| 2026-06-21 23:24:11,185,185 multiprocessing INFO SEE LOG AT : ./logs/all_Lyapunov_test_dso-fn_d_all_z_01_log.txt
SpawnPoolWorker-484| 2026-06-21 23:24:11,185,185 multiprocessing INFO See log at : ./logs/all_Lyapunov_test_dso-fn_d_all_z_01_log.txt
SpawnPoolWorker-484| 2026-06-21 23:24:11,187,187 multiprocessing INFO child process calling self.run()
SpawnPoolWorker-485| 2026-06-21 23:24:11,193,193 multiprocessing INFO STARTING NEW RUN ==========
SpawnPoolWorker-485| 2026-06-21 23:24:11,193,193 multiprocessing INFO SEE LOG AT : ./logs/all_Lyapunov_test_dso-fn_d_all_z_01_log.txt
SpawnPoolWorker-485| 2026-06-21 23:24:11,193,193 multiprocessing INFO See log at : ./logs/all_Lyapunov_test_dso-fn_d_all_z_01_log.txt
SpawnPoolWorker-486| 2026-06-21 23:24:11,195,195 multiprocessing INFO STARTING NEW RUN ==========
SpawnPoolWorker-485| 2026-06-21 23:24:11,195,195 multiprocessing INFO child process calling self.run()
SpawnPoolWorker-486| 2026-06-21 23:24:11,195,195 multiprocessing INFO SEE LOG AT : ./logs/all_Lyapunov_test_dso-fn_d_all_z_01_log.txt
SpawnPoolWorker-486| 2026-06-21 23:24:11,195,195 multiprocessing INFO See log at : ./logs/all_Lyapunov_test_dso-fn_d_all_z_01_log.txt
SpawnPoolWorker-486| 2026-06-21 23:24:11,197,197 multiprocessing INFO child process calling self.run()
SpawnPoolWorker-483| 2026-06-21 23:24:11,206,206 multiprocessing INFO STARTING NEW RUN ==========
SpawnPoolWorker-483| 2026-06-21 23:24:11,206,206 multiprocessing INFO SEE LOG AT : ./logs/all_Lyapunov_test_dso-fn_d_all_z_01_log.txt
SpawnPoolWorker-483| 2026-06-21 23:24:11,206,206 multiprocessing INFO See log at : ./logs/all_Lyapunov_test_dso-fn_d_all_z_01_log.txt
SpawnPoolWorker-483| 2026-06-21 23:24:11,208,208 multiprocessing INFO child process calling self.run()
SpawnPoolWorker-477| 2026-06-21 23:24:11,223,223 multiprocessing INFO STARTING NEW RUN ==========
SpawnPoolWorker-477| 2026-06-21 23:24:11,223,223 multiprocessing INFO SEE LOG AT : ./logs/all_Lyapunov_test_dso-fn_d_all_z_01_log.txt
SpawnPoolWorker-477| 2026-06-21 23:24:11,223,223 multiprocessing INFO See log at : ./logs/all_Lyapunov_test_dso-fn_d_all_z_01_log.txt
SpawnPoolWorker-477| 2026-06-21 23:24:11,228,228 multiprocessing INFO child process calling self.run()
SpawnPoolWorker-481| 2026-06-21 23:24:11,324,324 multiprocessing INFO STARTING NEW RUN ==========
SpawnPoolWorker-481| 2026-06-21 23:24:11,324,324 multiprocessing INFO SEE LOG AT : ./logs/all_Lyapunov_test_dso-fn_d_all_z_01_log.txt
SpawnPoolWorker-481| 2026-06-21 23:24:11,324,324 multiprocessing INFO See log at : ./logs/all_Lyapunov_test_dso-fn_d_all_z_01_log.txt
SpawnPoolWorker-481| 2026-06-21 23:24:11,326,326 multiprocessing INFO child process calling self.run()
SpawnPoolWorker-478| 2026-06-21 23:24:26,839,839 multiprocessing INFO process shutting down
SpawnPoolWorker-486| 2026-06-21 23:24:26,839,839 multiprocessing INFO process shutting down
SpawnPoolWorker-478| 2026-06-21 23:24:26,839,839 multiprocessing INFO process exiting with exitcode 0
SpawnPoolWorker-481| 2026-06-21 23:24:26,839,839 multiprocessing INFO process shutting down
SpawnPoolWorker-486| 2026-06-21 23:24:26,839,839 multiprocessing INFO process exiting with exitcode 0
SpawnPoolWorker-480| 2026-06-21 23:24:26,839,839 multiprocessing INFO process shutting down
SpawnPoolWorker-481| 2026-06-21 23:24:26,840,840 multiprocessing INFO process exiting with exitcode 0
SpawnPoolWorker-483| 2026-06-21 23:24:26,839,839 multiprocessing INFO process shutting down
SpawnPoolWorker-480| 2026-06-21 23:24:26,840,840 multiprocessing INFO process exiting with exitcode 0
SpawnPoolWorker-482| 2026-06-21 23:24:26,839,839 multiprocessing INFO process shutting down
SpawnPoolWorker-479| 2026-06-21 23:24:26,839,839 multiprocessing INFO process shutting down
(10000,)

===================Collect 10000 Examples===================

Epsilon 0.1
500
(550,)
(550,)
(55,)
Number of Programs for Minimization: 29
SpawnPoolWorker-487| 2026-06-21 23:24:40,430,430 multiprocessing INFO STARTING NEW RUN ==========
SpawnPoolWorker-487| 2026-06-21 23:24:40,430,430 multiprocessing INFO SEE LOG AT : ./logs/all_Lyapunov_test_dso-fn_d_all_z_01_log.txt
SpawnPoolWorker-487| 2026-06-21 23:24:40,430,430 multiprocessing INFO See log at : ./logs/all_Lyapunov_test_dso-fn_d_all_z_01_log.txt
SpawnPoolWorker-487| 2026-06-21 23:24:40,440,440 multiprocessing INFO child process calling self.run()
SpawnPoolWorker-489| 2026-06-21 23:24:40,947,947 multiprocessing INFO STARTING NEW RUN ==========
SpawnPoolWorker-489| 2026-06-21 23:24:40,948,948 multiprocessing INFO SEE LOG AT : ./logs/all_Lyapunov_test_dso-fn_d_all_z_01_log.txt
SpawnPoolWorker-489| 2026-06-21 23:24:40,948,948 multiprocessing INFO See log at : ./logs/all_Lyapunov_test_dso-fn_d_all_z_01_log.txt
SpawnPoolWorker-489| 2026-06-21 23:24:40,954,954 multiprocessing INFO child process calling self.run()
SpawnPoolWorker-495| 2026-06-21 23:24:41,146,146 multiprocessing INFO STARTING NEW RUN ==========
SpawnPoolWorker-495| 2026-06-21 23:24:41,147,147 multiprocessing INFO SEE LOG AT : ./logs/all_Lyapunov_test_dso-fn_d_all_z_01_log.txt
SpawnPoolWorker-495| 2026-06-21 23:24:41,147,147 multiprocessing INFO See log at : ./logs/all_Lyapunov_test_dso-fn_d_all_z_01_log.txt
SpawnPoolWorker-495| 2026-06-21 23:24:41,156,156 multiprocessing INFO child process calling self.run()
SpawnPoolWorker-488| 2026-06-21 23:24:41,184,184 multiprocessing INFO STARTING NEW RUN ==========
SpawnPoolWorker-488| 2026-06-21 23:24:41,184,184 multiprocessing INFO SEE LOG AT : ./logs/all_Lyapunov_test_dso-fn_d_all_z_01_log.txt
SpawnPoolWorker-488| 2026-06-21 23:24:41,184,184 multiprocessing INFO See log at : ./logs/all_Lyapunov_test_dso-fn_d_all_z_01_log.txt
SpawnPoolWorker-488| 2026-06-21 23:24:41,191,191 multiprocessing INFO child process calling self.run()
SpawnPoolWorker-501| 2026-06-21 23:24:42,045,45 multiprocessing INFO STARTING NEW RUN ==========
SpawnPoolWorker-501| 2026-06-21 23:24:42,045,45 multiprocessing INFO SEE LOG AT : ./logs/all_Lyapunov_test_dso-fn_d_all_z_01_log.txt
SpawnPoolWorker-501| 2026-06-21 23:24:42,045,45 multiprocessing INFO See log at : ./logs/all_Lyapunov_test_dso-fn_d_all_z_01_log.txt
SpawnPoolWorker-501| 2026-06-21 23:24:42,050,50 multiprocessing INFO child process calling self.run()
SpawnPoolWorker-492| 2026-06-21 23:24:42,071,71 multiprocessing INFO STARTING NEW RUN ==========
SpawnPoolWorker-492| 2026-06-21 23:24:42,071,71 multiprocessing INFO SEE LOG AT : ./logs/all_Lyapunov_test_dso-fn_d_all_z_01_log.txt
SpawnPoolWorker-492| 2026-06-21 23:24:42,071,71 multiprocessing INFO See log at : ./logs/all_Lyapunov_test_dso-fn_d_all_z_01_log.txt
SpawnPoolWorker-492| 2026-06-21 23:24:42,074,74 multiprocessing INFO child process calling self.run()
SpawnPoolWorker-494| 2026-06-21 23:24:42,150,150 multiprocessing INFO STARTING NEW RUN ==========
SpawnPoolWorker-494| 2026-06-21 23:24:42,151,151 multiprocessing INFO SEE LOG AT : ./logs/all_Lyapunov_test_dso-fn_d_all_z_01_log.txt
SpawnPoolWorker-494| 2026-06-21 23:24:42,151,151 multiprocessing INFO See log at : ./logs/all_Lyapunov_test_dso-fn_d_all_z_01_log.txt
SpawnPoolWorker-494| 2026-06-21 23:24:42,157,157 multiprocessing INFO child process calling self.run()
SpawnPoolWorker-493| 2026-06-21 23:24:42,504,504 multiprocessing INFO STARTING NEW RUN ==========
SpawnPoolWorker-493| 2026-06-21 23:24:42,504,504 multiprocessing INFO SEE LOG AT : ./logs/all_Lyapunov_test_dso-fn_d_all_z_01_log.txt
SpawnPoolWorker-493| 2026-06-21 23:24:42,504,504 multiprocessing INFO See log at : ./logs/all_Lyapunov_test_dso-fn_d_all_z_01_log.txt
SpawnPoolWorker-493| 2026-06-21 23:24:42,507,507 multiprocessing INFO child process calling self.run()
SpawnPoolWorker-503| 2026-06-21 23:24:42,688,688 multiprocessing INFO STARTING NEW RUN ==========
SpawnPoolWorker-503| 2026-06-21 23:24:42,688,688 multiprocessing INFO SEE LOG AT : ./logs/all_Lyapunov_test_dso-fn_d_all_z_01_log.txt
SpawnPoolWorker-503| 2026-06-21 23:24:42,688,688 multiprocessing INFO See log at : ./logs/all_Lyapunov_test_dso-fn_d_all_z_01_log.txt
SpawnPoolWorker-503| 2026-06-21 23:24:42,697,697 multiprocessing INFO child process calling self.run()
SpawnPoolWorker-499| 2026-06-21 23:24:43,229,229 multiprocessing INFO STARTING NEW RUN ==========
SpawnPoolWorker-499| 2026-06-21 23:24:43,229,229 multiprocessing INFO SEE LOG AT : ./logs/all_Lyapunov_test_dso-fn_d_all_z_01_log.txt
SpawnPoolWorker-499| 2026-06-21 23:24:43,229,229 multiprocessing INFO See log at : ./logs/all_Lyapunov_test_dso-fn_d_all_z_01_log.txt
SpawnPoolWorker-499| 2026-06-21 23:24:43,252,252 multiprocessing INFO child process calling self.run()
SpawnPoolWorker-490| 2026-06-21 23:24:43,267,267 multiprocessing INFO STARTING NEW RUN ==========
SpawnPoolWorker-490| 2026-06-21 23:24:43,267,267 multiprocessing INFO SEE LOG AT : ./logs/all_Lyapunov_test_dso-fn_d_all_z_01_log.txt
SpawnPoolWorker-490| 2026-06-21 23:24:43,267,267 multiprocessing INFO See log at : ./logs/all_Lyapunov_test_dso-fn_d_all_z_01_log.txt
SpawnPoolWorker-490| 2026-06-21 23:24:43,280,280 multiprocessing INFO child process calling self.run()
SpawnPoolWorker-502| 2026-06-21 23:24:43,298,298 multiprocessing INFO STARTING NEW RUN ==========
SpawnPoolWorker-502| 2026-06-21 23:24:43,299,299 multiprocessing INFO SEE LOG AT : ./logs/all_Lyapunov_test_dso-fn_d_all_z_01_log.txt
SpawnPoolWorker-502| 2026-06-21 23:24:43,299,299 multiprocessing INFO See log at : ./logs/all_Lyapunov_test_dso-fn_d_all_z_01_log.txt
SpawnPoolWorker-502| 2026-06-21 23:24:43,307,307 multiprocessing INFO child process calling self.run()
SpawnPoolWorker-505| 2026-06-21 23:24:43,764,764 multiprocessing INFO STARTING NEW RUN ==========
SpawnPoolWorker-505| 2026-06-21 23:24:43,765,765 multiprocessing INFO SEE LOG AT : ./logs/all_Lyapunov_test_dso-fn_d_all_z_01_log.txt
SpawnPoolWorker-505| 2026-06-21 23:24:43,765,765 multiprocessing INFO See log at : ./logs/all_Lyapunov_test_dso-fn_d_all_z_01_log.txt
SpawnPoolWorker-505| 2026-06-21 23:24:43,773,773 multiprocessing INFO child process calling self.run()
SpawnPoolWorker-510| 2026-06-21 23:24:43,937,937 multiprocessing INFO STARTING NEW RUN ==========
SpawnPoolWorker-510| 2026-06-21 23:24:43,937,937 multiprocessing INFO SEE LOG AT : ./logs/all_Lyapunov_test_dso-fn_d_all_z_01_log.txt
SpawnPoolWorker-510| 2026-06-21 23:24:43,937,937 multiprocessing INFO See log at : ./logs/all_Lyapunov_test_dso-fn_d_all_z_01_log.txt
SpawnPoolWorker-510| 2026-06-21 23:24:43,944,944 multiprocessing INFO child process calling self.run()
SpawnPoolWorker-491| 2026-06-21 23:24:44,079,79 multiprocessing INFO STARTING NEW RUN ==========
SpawnPoolWorker-491| 2026-06-21 23:24:44,079,79 multiprocessing INFO SEE LOG AT : ./logs/all_Lyapunov_test_dso-fn_d_all_z_01_log.txt
SpawnPoolWorker-491| 2026-06-21 23:24:44,079,79 multiprocessing INFO See log at : ./logs/all_Lyapunov_test_dso-fn_d_all_z_01_log.txt
SpawnPoolWorker-491| 2026-06-21 23:24:44,085,85 multiprocessing INFO child process calling self.run()
SpawnPoolWorker-500| 2026-06-21 23:24:44,289,289 multiprocessing INFO STARTING NEW RUN ==========
SpawnPoolWorker-500| 2026-06-21 23:24:44,289,289 multiprocessing INFO SEE LOG AT : ./logs/all_Lyapunov_test_dso-fn_d_all_z_01_log.txt
SpawnPoolWorker-500| 2026-06-21 23:24:44,289,289 multiprocessing INFO See log at : ./logs/all_Lyapunov_test_dso-fn_d_all_z_01_log.txt
SpawnPoolWorker-500| 2026-06-21 23:24:44,298,298 multiprocessing INFO child process calling self.run()
SpawnPoolWorker-507| 2026-06-21 23:24:44,408,408 multiprocessing INFO STARTING NEW RUN ==========
SpawnPoolWorker-507| 2026-06-21 23:24:44,408,408 multiprocessing INFO SEE LOG AT : ./logs/all_Lyapunov_test_dso-fn_d_all_z_01_log.txt
SpawnPoolWorker-507| 2026-06-21 23:24:44,408,408 multiprocessing INFO See log at : ./logs/all_Lyapunov_test_dso-fn_d_all_z_01_log.txt
SpawnPoolWorker-507| 2026-06-21 23:24:44,418,418 multiprocessing INFO child process calling self.run()
SpawnPoolWorker-509| 2026-06-21 23:24:44,463,463 multiprocessing INFO STARTING NEW RUN ==========
SpawnPoolWorker-509| 2026-06-21 23:24:44,464,464 multiprocessing INFO SEE LOG AT : ./logs/all_Lyapunov_test_dso-fn_d_all_z_01_log.txt
SpawnPoolWorker-509| 2026-06-21 23:24:44,464,464 multiprocessing INFO See log at : ./logs/all_Lyapunov_test_dso-fn_d_all_z_01_log.txt
SpawnPoolWorker-509| 2026-06-21 23:24:44,470,470 multiprocessing INFO child process calling self.run()
SpawnPoolWorker-508| 2026-06-21 23:24:44,592,592 multiprocessing INFO STARTING NEW RUN ==========
SpawnPoolWorker-508| 2026-06-21 23:24:44,592,592 multiprocessing INFO SEE LOG AT : ./logs/all_Lyapunov_test_dso-fn_d_all_z_01_log.txt
SpawnPoolWorker-508| 2026-06-21 23:24:44,592,592 multiprocessing INFO See log at : ./logs/all_Lyapunov_test_dso-fn_d_all_z_01_log.txt
SpawnPoolWorker-508| 2026-06-21 23:24:44,594,594 multiprocessing INFO child process calling self.run()
SpawnPoolWorker-496| 2026-06-21 23:24:44,780,780 multiprocessing INFO STARTING NEW RUN ==========
SpawnPoolWorker-496| 2026-06-21 23:24:44,780,780 multiprocessing INFO SEE LOG AT : ./logs/all_Lyapunov_test_dso-fn_d_all_z_01_log.txt
SpawnPoolWorker-496| 2026-06-21 23:24:44,780,780 multiprocessing INFO See log at : ./logs/all_Lyapunov_test_dso-fn_d_all_z_01_log.txt
SpawnPoolWorker-504| 2026-06-21 23:24:44,786,786 multiprocessing INFO STARTING NEW RUN ==========
SpawnPoolWorker-504| 2026-06-21 23:24:44,786,786 multiprocessing INFO SEE LOG AT : ./logs/all_Lyapunov_test_dso-fn_d_all_z_01_log.txt
SpawnPoolWorker-504| 2026-06-21 23:24:44,786,786 multiprocessing INFO See log at : ./logs/all_Lyapunov_test_dso-fn_d_all_z_01_log.txt
SpawnPoolWorker-496| 2026-06-21 23:24:44,787,787 multiprocessing INFO child process calling self.run()
SpawnPoolWorker-504| 2026-06-21 23:24:44,791,791 multiprocessing INFO child process calling self.run()
SpawnPoolWorker-497| 2026-06-21 23:24:44,798,798 multiprocessing INFO STARTING NEW RUN ==========
SpawnPoolWorker-497| 2026-06-21 23:24:44,798,798 multiprocessing INFO SEE LOG AT : ./logs/all_Lyapunov_test_dso-fn_d_all_z_01_log.txt
SpawnPoolWorker-497| 2026-06-21 23:24:44,798,798 multiprocessing INFO See log at : ./logs/all_Lyapunov_test_dso-fn_d_all_z_01_log.txt
SpawnPoolWorker-497| 2026-06-21 23:24:44,807,807 multiprocessing INFO child process calling self.run()
SpawnPoolWorker-506| 2026-06-21 23:24:44,860,860 multiprocessing INFO STARTING NEW RUN ==========
SpawnPoolWorker-506| 2026-06-21 23:24:44,860,860 multiprocessing INFO SEE LOG AT : ./logs/all_Lyapunov_test_dso-fn_d_all_z_01_log.txt
SpawnPoolWorker-506| 2026-06-21 23:24:44,860,860 multiprocessing INFO See log at : ./logs/all_Lyapunov_test_dso-fn_d_all_z_01_log.txt
SpawnPoolWorker-506| 2026-06-21 23:24:44,862,862 multiprocessing INFO child process calling self.run()
SpawnPoolWorker-498| 2026-06-21 23:24:45,009,9 multiprocessing INFO STARTING NEW RUN ==========
SpawnPoolWorker-498| 2026-06-21 23:24:45,009,9 multiprocessing INFO SEE LOG AT : ./logs/all_Lyapunov_test_dso-fn_d_all_z_01_log.txt
SpawnPoolWorker-498| 2026-06-21 23:24:45,009,9 multiprocessing INFO See log at : ./logs/all_Lyapunov_test_dso-fn_d_all_z_01_log.txt
SpawnPoolWorker-498| 2026-06-21 23:24:45,021,21 multiprocessing INFO child process calling self.run()
SpawnPoolWorker-509| 2026-06-21 23:24:45,520,520 multiprocessing INFO process shutting down
SpawnPoolWorker-508| 2026-06-21 23:24:45,520,520 multiprocessing INFO process shutting down
SpawnPoolWorker-509| 2026-06-21 23:24:45,520,520 multiprocessing INFO process exiting with exitcode 0
SpawnPoolWorker-508| 2026-06-21 23:24:45,520,520 multiprocessing INFO process exiting with exitcode 0
SpawnPoolWorker-496| 2026-06-21 23:24:45,520,520 multiprocessing INFO process shutting down
SpawnPoolWorker-504| 2026-06-21 23:24:45,520,520 multiprocessing INFO process shutting down
SpawnPoolWorker-497| 2026-06-21 23:24:45,521,521 multiprocessing INFO process shutting down
SpawnPoolWorker-506| 2026-06-21 23:24:45,521,521 multiprocessing INFO process shutting down
SpawnPoolWorker-495| 2026-06-21 23:24:45,521,521 multiprocessing INFO process shutting down
SpawnPoolWorker-501| 2026-06-21 23:24:45,521,521 multiprocessing INFO process shutting down
SpawnPoolWorker-488| 2026-06-21 23:24:45,521,521 multiprocessing INFO process shutting down
SpawnPoolWorker-498| 2026-06-21 23:24:45,521,521 multiprocessing INFO process shutting down
SpawnPoolWorker-494| 2026-06-21 23:24:45,521,521 multiprocessing INFO process shutting down
SpawnPoolWorker-487| 2026-06-21 23:24:45,521,521 multiprocessing INFO process shutting down
SpawnPoolWorker-490| 2026-06-21 23:24:45,522,522 multiprocessing INFO process shutting down
SpawnPoolWorker-502| 2026-06-21 23:24:45,522,522 multiprocessing INFO process shutting down
SpawnPoolWorker-493| 2026-06-21 23:24:45,522,522 multiprocessing INFO process shutting down
SpawnPoolWorker-503| 2026-06-21 23:24:45,522,522 multiprocessing INFO process shutting down
SpawnPoolWorker-507| 2026-06-21 23:24:45,522,522 multiprocessing INFO process shutting down
SpawnPoolWorker-492| 2026-06-21 23:24:45,522,522 multiprocessing INFO process shutting down
SpawnPoolWorker-500| 2026-06-21 23:24:45,522,522 multiprocessing INFO process shutting down
SpawnPoolWorker-489| 2026-06-21 23:24:45,522,522 multiprocessing INFO process shutting down
SpawnPoolWorker-496| 2026-06-21 23:24:45,523,523 multiprocessing INFO process exiting with exitcode 0
SpawnPoolWorker-500| 2026-06-21 23:24:45,523,523 multiprocessing INFO process exiting with exitcode 0
SpawnPoolWorker-492| 2026-06-21 23:24:45,523,523 multiprocessing INFO process exiting with exitcode 0
SpawnPoolWorker-505| 2026-06-21 23:24:45,523,523 multiprocessing INFO process shutting down
29
(50000, 6)
(50000,)
(50000, 6)
(50000,)

=======================Successfully Added (25000, 6) Counter Examples=======================


============None of the candidates fulfill the conditions. Training CONTINUES!=================

MainProcess| 2026-06-21 23:24:47,168,168 multiprocessing INFO 
============None of the candidates fulfill the conditions. Training CONTINUES!=================


============None of the candidates fulfill the conditions. Training CONTINUES!=================

(55, 108)
/users/9/chen8596/miniconda3/envs/alfd/lib/python3.9/site-packages/torch/nn/functional.py:4999: UserWarning: Support for mismatched key_padding_mask and attn_mask is deprecated. Use same type for both instead.
  warnings.warn(

==============Start Supervised Learning==============

MainProcess| 2026-06-21 23:24:50,200,200 multiprocessing INFO GP output mean: 0.5043059833031467
GP output mean: 0.5043059833031467
MainProcess| 2026-06-21 23:24:50,608,608 multiprocessing INFO GP output success rate: 0.0
GP output success rate: 0.0

==============End Supervised Learning==============

MainProcess| 2026-06-21 23:24:52,322,322 multiprocessing INFO [Test epoch=0015]  nevals=206510 	| train_loss=3469.25098 	| eqs_invalid %=0.00 	| r_best=0.97813 	| quantile=0.13676 	| r_quantile_mean=0.73507 	| r_raw_sum=40.70067 	|  r_raw_mean=0.58144 	| r2=nan 	| acc_iid=0.00000 	| acc_ood=0.00000 	| nmse_test=0.010193485661486585 	| true_equation_set_count=0 	| s/it=113.98949
[Test epoch=0015]  nevals=206510 	| train_loss=3469.25098 	| eqs_invalid %=0.00 	| r_best=0.97813 	| quantile=0.13676 	| r_quantile_mean=0.73507 	| r_raw_sum=40.70067 	|  r_raw_mean=0.58144 	| r2=nan 	| acc_iid=0.00000 	| acc_ood=0.00000 	| nmse_test=0.010193485661486585 	| true_equation_set_count=0 	| s/it=113.98949
MainProcess| 2026-06-21 23:24:52,322,322 multiprocessing INFO [00:00:32:32.40] Training epoch 15/4000, current best R: 0.9781
[00:00:32:32.40] Training epoch 15/4000, current best R: 0.9781
MainProcess| 2026-06-21 23:25:25,988,988 multiprocessing INFO Genetic Porgramming Runtime 33.06293686013669
Genetic Porgramming Runtime 33.06293686013669

=========================PGD Collection Starts=========================

SpawnPoolWorker-518| 2026-06-21 23:25:31,583,583 multiprocessing INFO STARTING NEW RUN ==========
SpawnPoolWorker-518| 2026-06-21 23:25:31,584,584 multiprocessing INFO SEE LOG AT : ./logs/all_Lyapunov_test_dso-fn_d_all_z_01_log.txt
SpawnPoolWorker-518| 2026-06-21 23:25:31,584,584 multiprocessing INFO See log at : ./logs/all_Lyapunov_test_dso-fn_d_all_z_01_log.txt
SpawnPoolWorker-514| 2026-06-21 23:25:31,584,584 multiprocessing INFO STARTING NEW RUN ==========
SpawnPoolWorker-514| 2026-06-21 23:25:31,584,584 multiprocessing INFO SEE LOG AT : ./logs/all_Lyapunov_test_dso-fn_d_all_z_01_log.txt
SpawnPoolWorker-514| 2026-06-21 23:25:31,585,585 multiprocessing INFO See log at : ./logs/all_Lyapunov_test_dso-fn_d_all_z_01_log.txt
SpawnPoolWorker-517| 2026-06-21 23:25:31,586,586 multiprocessing INFO STARTING NEW RUN ==========
SpawnPoolWorker-517| 2026-06-21 23:25:31,586,586 multiprocessing INFO SEE LOG AT : ./logs/all_Lyapunov_test_dso-fn_d_all_z_01_log.txt
SpawnPoolWorker-518| 2026-06-21 23:25:31,586,586 multiprocessing INFO child process calling self.run()
SpawnPoolWorker-517| 2026-06-21 23:25:31,586,586 multiprocessing INFO See log at : ./logs/all_Lyapunov_test_dso-fn_d_all_z_01_log.txt
SpawnPoolWorker-514| 2026-06-21 23:25:31,587,587 multiprocessing INFO child process calling self.run()
SpawnPoolWorker-517| 2026-06-21 23:25:31,588,588 multiprocessing INFO child process calling self.run()
SpawnPoolWorker-516| 2026-06-21 23:25:31,593,593 multiprocessing INFO STARTING NEW RUN ==========
SpawnPoolWorker-516| 2026-06-21 23:25:31,593,593 multiprocessing INFO SEE LOG AT : ./logs/all_Lyapunov_test_dso-fn_d_all_z_01_log.txt
SpawnPoolWorker-516| 2026-06-21 23:25:31,593,593 multiprocessing INFO See log at : ./logs/all_Lyapunov_test_dso-fn_d_all_z_01_log.txt
SpawnPoolWorker-511| 2026-06-21 23:25:31,593,593 multiprocessing INFO STARTING NEW RUN ==========
SpawnPoolWorker-511| 2026-06-21 23:25:31,594,594 multiprocessing INFO SEE LOG AT : ./logs/all_Lyapunov_test_dso-fn_d_all_z_01_log.txt
SpawnPoolWorker-511| 2026-06-21 23:25:31,594,594 multiprocessing INFO See log at : ./logs/all_Lyapunov_test_dso-fn_d_all_z_01_log.txt
SpawnPoolWorker-511| 2026-06-21 23:25:31,595,595 multiprocessing INFO child process calling self.run()
SpawnPoolWorker-516| 2026-06-21 23:25:31,595,595 multiprocessing INFO child process calling self.run()
SpawnPoolWorker-515| 2026-06-21 23:25:31,598,598 multiprocessing INFO STARTING NEW RUN ==========
SpawnPoolWorker-515| 2026-06-21 23:25:31,598,598 multiprocessing INFO SEE LOG AT : ./logs/all_Lyapunov_test_dso-fn_d_all_z_01_log.txt
SpawnPoolWorker-515| 2026-06-21 23:25:31,598,598 multiprocessing INFO See log at : ./logs/all_Lyapunov_test_dso-fn_d_all_z_01_log.txt
SpawnPoolWorker-520| 2026-06-21 23:25:31,598,598 multiprocessing INFO STARTING NEW RUN ==========
SpawnPoolWorker-520| 2026-06-21 23:25:31,598,598 multiprocessing INFO SEE LOG AT : ./logs/all_Lyapunov_test_dso-fn_d_all_z_01_log.txt
SpawnPoolWorker-520| 2026-06-21 23:25:31,598,598 multiprocessing INFO See log at : ./logs/all_Lyapunov_test_dso-fn_d_all_z_01_log.txt
SpawnPoolWorker-515| 2026-06-21 23:25:31,599,599 multiprocessing INFO child process calling self.run()
SpawnPoolWorker-520| 2026-06-21 23:25:31,599,599 multiprocessing INFO child process calling self.run()
SpawnPoolWorker-519| 2026-06-21 23:25:31,605,605 multiprocessing INFO STARTING NEW RUN ==========
SpawnPoolWorker-519| 2026-06-21 23:25:31,605,605 multiprocessing INFO SEE LOG AT : ./logs/all_Lyapunov_test_dso-fn_d_all_z_01_log.txt
SpawnPoolWorker-519| 2026-06-21 23:25:31,605,605 multiprocessing INFO See log at : ./logs/all_Lyapunov_test_dso-fn_d_all_z_01_log.txt
SpawnPoolWorker-519| 2026-06-21 23:25:31,607,607 multiprocessing INFO child process calling self.run()
SpawnPoolWorker-513| 2026-06-21 23:25:31,637,637 multiprocessing INFO STARTING NEW RUN ==========
SpawnPoolWorker-513| 2026-06-21 23:25:31,637,637 multiprocessing INFO SEE LOG AT : ./logs/all_Lyapunov_test_dso-fn_d_all_z_01_log.txt
SpawnPoolWorker-513| 2026-06-21 23:25:31,637,637 multiprocessing INFO See log at : ./logs/all_Lyapunov_test_dso-fn_d_all_z_01_log.txt
SpawnPoolWorker-513| 2026-06-21 23:25:31,639,639 multiprocessing INFO child process calling self.run()
SpawnPoolWorker-512| 2026-06-21 23:25:31,653,653 multiprocessing INFO STARTING NEW RUN ==========
SpawnPoolWorker-512| 2026-06-21 23:25:31,654,654 multiprocessing INFO SEE LOG AT : ./logs/all_Lyapunov_test_dso-fn_d_all_z_01_log.txt
SpawnPoolWorker-512| 2026-06-21 23:25:31,654,654 multiprocessing INFO See log at : ./logs/all_Lyapunov_test_dso-fn_d_all_z_01_log.txt
SpawnPoolWorker-512| 2026-06-21 23:25:31,655,655 multiprocessing INFO child process calling self.run()
SpawnPoolWorker-514| 2026-06-21 23:26:06,204,204 multiprocessing INFO process shutting down
SpawnPoolWorker-519| 2026-06-21 23:26:06,204,204 multiprocessing INFO process shutting down
SpawnPoolWorker-519| 2026-06-21 23:26:06,205,205 multiprocessing INFO process exiting with exitcode 0
SpawnPoolWorker-518| 2026-06-21 23:26:06,204,204 multiprocessing INFO process shutting down
SpawnPoolWorker-511| 2026-06-21 23:26:06,204,204 multiprocessing INFO process shutting down
SpawnPoolWorker-511| 2026-06-21 23:26:06,205,205 multiprocessing INFO process exiting with exitcode 0
SpawnPoolWorker-518| 2026-06-21 23:26:06,205,205 multiprocessing INFO process exiting with exitcode 0
SpawnPoolWorker-514| 2026-06-21 23:26:06,205,205 multiprocessing INFO process exiting with exitcode 0
SpawnPoolWorker-513| 2026-06-21 23:26:06,205,205 multiprocessing INFO process shutting down
SpawnPoolWorker-520| 2026-06-21 23:26:06,205,205 multiprocessing INFO process shutting down
SpawnPoolWorker-517| 2026-06-21 23:26:06,206,206 multiprocessing INFO process shutting down
(10000,)

===================Collect 10000 Examples===================

Epsilon 0.1
500
(550,)
(550,)
(59,)
Number of Programs for Minimization: 28
SpawnPoolWorker-526| 2026-06-21 23:26:31,046,46 multiprocessing INFO STARTING NEW RUN ==========
SpawnPoolWorker-526| 2026-06-21 23:26:31,046,46 multiprocessing INFO SEE LOG AT : ./logs/all_Lyapunov_test_dso-fn_d_all_z_01_log.txt
SpawnPoolWorker-526| 2026-06-21 23:26:31,046,46 multiprocessing INFO See log at : ./logs/all_Lyapunov_test_dso-fn_d_all_z_01_log.txt
SpawnPoolWorker-526| 2026-06-21 23:26:31,055,55 multiprocessing INFO child process calling self.run()
SpawnPoolWorker-524| 2026-06-21 23:26:31,468,468 multiprocessing INFO STARTING NEW RUN ==========
SpawnPoolWorker-524| 2026-06-21 23:26:31,468,468 multiprocessing INFO SEE LOG AT : ./logs/all_Lyapunov_test_dso-fn_d_all_z_01_log.txt
SpawnPoolWorker-524| 2026-06-21 23:26:31,468,468 multiprocessing INFO See log at : ./logs/all_Lyapunov_test_dso-fn_d_all_z_01_log.txt
SpawnPoolWorker-524| 2026-06-21 23:26:31,472,472 multiprocessing INFO child process calling self.run()
SpawnPoolWorker-525| 2026-06-21 23:26:31,980,980 multiprocessing INFO STARTING NEW RUN ==========
SpawnPoolWorker-525| 2026-06-21 23:26:31,980,980 multiprocessing INFO SEE LOG AT : ./logs/all_Lyapunov_test_dso-fn_d_all_z_01_log.txt
SpawnPoolWorker-525| 2026-06-21 23:26:31,980,980 multiprocessing INFO See log at : ./logs/all_Lyapunov_test_dso-fn_d_all_z_01_log.txt
SpawnPoolWorker-525| 2026-06-21 23:26:31,989,989 multiprocessing INFO child process calling self.run()
SpawnPoolWorker-522| 2026-06-21 23:26:32,079,79 multiprocessing INFO STARTING NEW RUN ==========
SpawnPoolWorker-522| 2026-06-21 23:26:32,079,79 multiprocessing INFO SEE LOG AT : ./logs/all_Lyapunov_test_dso-fn_d_all_z_01_log.txt
SpawnPoolWorker-522| 2026-06-21 23:26:32,079,79 multiprocessing INFO See log at : ./logs/all_Lyapunov_test_dso-fn_d_all_z_01_log.txt
SpawnPoolWorker-522| 2026-06-21 23:26:32,082,82 multiprocessing INFO child process calling self.run()
SpawnPoolWorker-521| 2026-06-21 23:26:32,295,295 multiprocessing INFO STARTING NEW RUN ==========
SpawnPoolWorker-521| 2026-06-21 23:26:32,295,295 multiprocessing INFO SEE LOG AT : ./logs/all_Lyapunov_test_dso-fn_d_all_z_01_log.txt
SpawnPoolWorker-521| 2026-06-21 23:26:32,295,295 multiprocessing INFO See log at : ./logs/all_Lyapunov_test_dso-fn_d_all_z_01_log.txt
SpawnPoolWorker-521| 2026-06-21 23:26:32,299,299 multiprocessing INFO child process calling self.run()
SpawnPoolWorker-532| 2026-06-21 23:26:32,916,916 multiprocessing INFO STARTING NEW RUN ==========
SpawnPoolWorker-532| 2026-06-21 23:26:32,916,916 multiprocessing INFO SEE LOG AT : ./logs/all_Lyapunov_test_dso-fn_d_all_z_01_log.txt
SpawnPoolWorker-532| 2026-06-21 23:26:32,916,916 multiprocessing INFO See log at : ./logs/all_Lyapunov_test_dso-fn_d_all_z_01_log.txt
SpawnPoolWorker-532| 2026-06-21 23:26:32,925,925 multiprocessing INFO child process calling self.run()
SpawnPoolWorker-543| 2026-06-21 23:26:32,979,979 multiprocessing INFO STARTING NEW RUN ==========
SpawnPoolWorker-543| 2026-06-21 23:26:32,979,979 multiprocessing INFO SEE LOG AT : ./logs/all_Lyapunov_test_dso-fn_d_all_z_01_log.txt
SpawnPoolWorker-543| 2026-06-21 23:26:32,979,979 multiprocessing INFO See log at : ./logs/all_Lyapunov_test_dso-fn_d_all_z_01_log.txt
SpawnPoolWorker-543| 2026-06-21 23:26:32,984,984 multiprocessing INFO child process calling self.run()
SpawnPoolWorker-533| 2026-06-21 23:26:32,998,998 multiprocessing INFO STARTING NEW RUN ==========
SpawnPoolWorker-533| 2026-06-21 23:26:32,998,998 multiprocessing INFO SEE LOG AT : ./logs/all_Lyapunov_test_dso-fn_d_all_z_01_log.txt
SpawnPoolWorker-533| 2026-06-21 23:26:32,998,998 multiprocessing INFO See log at : ./logs/all_Lyapunov_test_dso-fn_d_all_z_01_log.txt
SpawnPoolWorker-533| 2026-06-21 23:26:33,012,12 multiprocessing INFO child process calling self.run()
SpawnPoolWorker-527| 2026-06-21 23:26:33,193,193 multiprocessing INFO STARTING NEW RUN ==========
SpawnPoolWorker-527| 2026-06-21 23:26:33,193,193 multiprocessing INFO SEE LOG AT : ./logs/all_Lyapunov_test_dso-fn_d_all_z_01_log.txt
SpawnPoolWorker-527| 2026-06-21 23:26:33,193,193 multiprocessing INFO See log at : ./logs/all_Lyapunov_test_dso-fn_d_all_z_01_log.txt
SpawnPoolWorker-527| 2026-06-21 23:26:33,202,202 multiprocessing INFO child process calling self.run()
SpawnPoolWorker-523| 2026-06-21 23:26:33,349,349 multiprocessing INFO STARTING NEW RUN ==========
SpawnPoolWorker-523| 2026-06-21 23:26:33,349,349 multiprocessing INFO SEE LOG AT : ./logs/all_Lyapunov_test_dso-fn_d_all_z_01_log.txt
SpawnPoolWorker-523| 2026-06-21 23:26:33,349,349 multiprocessing INFO See log at : ./logs/all_Lyapunov_test_dso-fn_d_all_z_01_log.txt
SpawnPoolWorker-523| 2026-06-21 23:26:33,351,351 multiprocessing INFO child process calling self.run()
SpawnPoolWorker-529| 2026-06-21 23:26:33,575,575 multiprocessing INFO STARTING NEW RUN ==========
SpawnPoolWorker-529| 2026-06-21 23:26:33,575,575 multiprocessing INFO SEE LOG AT : ./logs/all_Lyapunov_test_dso-fn_d_all_z_01_log.txt
SpawnPoolWorker-529| 2026-06-21 23:26:33,575,575 multiprocessing INFO See log at : ./logs/all_Lyapunov_test_dso-fn_d_all_z_01_log.txt
SpawnPoolWorker-529| 2026-06-21 23:26:33,577,577 multiprocessing INFO child process calling self.run()
SpawnPoolWorker-544| 2026-06-21 23:26:33,672,672 multiprocessing INFO STARTING NEW RUN ==========
SpawnPoolWorker-544| 2026-06-21 23:26:33,672,672 multiprocessing INFO SEE LOG AT : ./logs/all_Lyapunov_test_dso-fn_d_all_z_01_log.txt
SpawnPoolWorker-544| 2026-06-21 23:26:33,672,672 multiprocessing INFO See log at : ./logs/all_Lyapunov_test_dso-fn_d_all_z_01_log.txt
SpawnPoolWorker-544| 2026-06-21 23:26:33,681,681 multiprocessing INFO child process calling self.run()
SpawnPoolWorker-535| 2026-06-21 23:26:33,690,690 multiprocessing INFO STARTING NEW RUN ==========
SpawnPoolWorker-535| 2026-06-21 23:26:33,691,691 multiprocessing INFO SEE LOG AT : ./logs/all_Lyapunov_test_dso-fn_d_all_z_01_log.txt
SpawnPoolWorker-535| 2026-06-21 23:26:33,691,691 multiprocessing INFO See log at : ./logs/all_Lyapunov_test_dso-fn_d_all_z_01_log.txt
SpawnPoolWorker-535| 2026-06-21 23:26:33,700,700 multiprocessing INFO child process calling self.run()
SpawnPoolWorker-531| 2026-06-21 23:26:33,809,809 multiprocessing INFO STARTING NEW RUN ==========
SpawnPoolWorker-531| 2026-06-21 23:26:33,809,809 multiprocessing INFO SEE LOG AT : ./logs/all_Lyapunov_test_dso-fn_d_all_z_01_log.txt
SpawnPoolWorker-531| 2026-06-21 23:26:33,809,809 multiprocessing INFO See log at : ./logs/all_Lyapunov_test_dso-fn_d_all_z_01_log.txt
SpawnPoolWorker-531| 2026-06-21 23:26:33,822,822 multiprocessing INFO child process calling self.run()
SpawnPoolWorker-534| 2026-06-21 23:26:33,951,951 multiprocessing INFO STARTING NEW RUN ==========
SpawnPoolWorker-534| 2026-06-21 23:26:33,952,952 multiprocessing INFO SEE LOG AT : ./logs/all_Lyapunov_test_dso-fn_d_all_z_01_log.txt
SpawnPoolWorker-534| 2026-06-21 23:26:33,952,952 multiprocessing INFO See log at : ./logs/all_Lyapunov_test_dso-fn_d_all_z_01_log.txt
SpawnPoolWorker-534| 2026-06-21 23:26:33,959,959 multiprocessing INFO child process calling self.run()
SpawnPoolWorker-536| 2026-06-21 23:26:34,027,27 multiprocessing INFO STARTING NEW RUN ==========
SpawnPoolWorker-536| 2026-06-21 23:26:34,027,27 multiprocessing INFO SEE LOG AT : ./logs/all_Lyapunov_test_dso-fn_d_all_z_01_log.txt
SpawnPoolWorker-536| 2026-06-21 23:26:34,027,27 multiprocessing INFO See log at : ./logs/all_Lyapunov_test_dso-fn_d_all_z_01_log.txt
SpawnPoolWorker-536| 2026-06-21 23:26:34,032,32 multiprocessing INFO child process calling self.run()
SpawnPoolWorker-528| 2026-06-21 23:26:34,194,194 multiprocessing INFO STARTING NEW RUN ==========
SpawnPoolWorker-528| 2026-06-21 23:26:34,194,194 multiprocessing INFO SEE LOG AT : ./logs/all_Lyapunov_test_dso-fn_d_all_z_01_log.txt
SpawnPoolWorker-528| 2026-06-21 23:26:34,194,194 multiprocessing INFO See log at : ./logs/all_Lyapunov_test_dso-fn_d_all_z_01_log.txt
SpawnPoolWorker-528| 2026-06-21 23:26:34,203,203 multiprocessing INFO child process calling self.run()
SpawnPoolWorker-542| 2026-06-21 23:26:34,331,331 multiprocessing INFO STARTING NEW RUN ==========
SpawnPoolWorker-542| 2026-06-21 23:26:34,331,331 multiprocessing INFO SEE LOG AT : ./logs/all_Lyapunov_test_dso-fn_d_all_z_01_log.txt
SpawnPoolWorker-542| 2026-06-21 23:26:34,331,331 multiprocessing INFO See log at : ./logs/all_Lyapunov_test_dso-fn_d_all_z_01_log.txt
SpawnPoolWorker-542| 2026-06-21 23:26:34,340,340 multiprocessing INFO child process calling self.run()
SpawnPoolWorker-530| 2026-06-21 23:26:34,768,768 multiprocessing INFO STARTING NEW RUN ==========
SpawnPoolWorker-530| 2026-06-21 23:26:34,768,768 multiprocessing INFO SEE LOG AT : ./logs/all_Lyapunov_test_dso-fn_d_all_z_01_log.txt
SpawnPoolWorker-530| 2026-06-21 23:26:34,768,768 multiprocessing INFO See log at : ./logs/all_Lyapunov_test_dso-fn_d_all_z_01_log.txt
SpawnPoolWorker-530| 2026-06-21 23:26:34,779,779 multiprocessing INFO child process calling self.run()
SpawnPoolWorker-539| 2026-06-21 23:26:34,864,864 multiprocessing INFO STARTING NEW RUN ==========
SpawnPoolWorker-539| 2026-06-21 23:26:34,864,864 multiprocessing INFO SEE LOG AT : ./logs/all_Lyapunov_test_dso-fn_d_all_z_01_log.txt
SpawnPoolWorker-539| 2026-06-21 23:26:34,864,864 multiprocessing INFO See log at : ./logs/all_Lyapunov_test_dso-fn_d_all_z_01_log.txt
SpawnPoolWorker-539| 2026-06-21 23:26:34,876,876 multiprocessing INFO child process calling self.run()
SpawnPoolWorker-541| 2026-06-21 23:26:34,999,999 multiprocessing INFO STARTING NEW RUN ==========
SpawnPoolWorker-541| 2026-06-21 23:26:35,000,0 multiprocessing INFO SEE LOG AT : ./logs/all_Lyapunov_test_dso-fn_d_all_z_01_log.txt
SpawnPoolWorker-541| 2026-06-21 23:26:35,000,0 multiprocessing INFO See log at : ./logs/all_Lyapunov_test_dso-fn_d_all_z_01_log.txt
SpawnPoolWorker-541| 2026-06-21 23:26:35,021,21 multiprocessing INFO child process calling self.run()
SpawnPoolWorker-538| 2026-06-21 23:26:35,115,115 multiprocessing INFO STARTING NEW RUN ==========
SpawnPoolWorker-538| 2026-06-21 23:26:35,115,115 multiprocessing INFO SEE LOG AT : ./logs/all_Lyapunov_test_dso-fn_d_all_z_01_log.txt
SpawnPoolWorker-538| 2026-06-21 23:26:35,115,115 multiprocessing INFO See log at : ./logs/all_Lyapunov_test_dso-fn_d_all_z_01_log.txt
SpawnPoolWorker-538| 2026-06-21 23:26:35,128,128 multiprocessing INFO child process calling self.run()
SpawnPoolWorker-537| 2026-06-21 23:26:35,251,251 multiprocessing INFO STARTING NEW RUN ==========
SpawnPoolWorker-537| 2026-06-21 23:26:35,251,251 multiprocessing INFO SEE LOG AT : ./logs/all_Lyapunov_test_dso-fn_d_all_z_01_log.txt
SpawnPoolWorker-537| 2026-06-21 23:26:35,251,251 multiprocessing INFO See log at : ./logs/all_Lyapunov_test_dso-fn_d_all_z_01_log.txt
SpawnPoolWorker-540| 2026-06-21 23:26:35,252,252 multiprocessing INFO STARTING NEW RUN ==========
SpawnPoolWorker-540| 2026-06-21 23:26:35,252,252 multiprocessing INFO SEE LOG AT : ./logs/all_Lyapunov_test_dso-fn_d_all_z_01_log.txt
SpawnPoolWorker-540| 2026-06-21 23:26:35,252,252 multiprocessing INFO See log at : ./logs/all_Lyapunov_test_dso-fn_d_all_z_01_log.txt
SpawnPoolWorker-537| 2026-06-21 23:26:35,257,257 multiprocessing INFO child process calling self.run()
SpawnPoolWorker-540| 2026-06-21 23:26:35,258,258 multiprocessing INFO child process calling self.run()
SpawnPoolWorker-533| 2026-06-21 23:26:39,576,576 multiprocessing INFO process shutting down
SpawnPoolWorker-521| 2026-06-21 23:26:39,576,576 multiprocessing INFO process shutting down
SpawnPoolWorker-532| 2026-06-21 23:26:39,576,576 multiprocessing INFO process shutting down
SpawnPoolWorker-533| 2026-06-21 23:26:39,576,576 multiprocessing INFO process exiting with exitcode 0
SpawnPoolWorker-521| 2026-06-21 23:26:39,576,576 multiprocessing INFO process exiting with exitcode 0
SpawnPoolWorker-532| 2026-06-21 23:26:39,576,576 multiprocessing INFO process exiting with exitcode 0
SpawnPoolWorker-531| 2026-06-21 23:26:39,577,577 multiprocessing INFO process shutting down
SpawnPoolWorker-523| 2026-06-21 23:26:39,577,577 multiprocessing INFO process shutting down
SpawnPoolWorker-543| 2026-06-21 23:26:39,577,577 multiprocessing INFO process shutting down
SpawnPoolWorker-527| 2026-06-21 23:26:39,577,577 multiprocessing INFO process shutting down
SpawnPoolWorker-529| 2026-06-21 23:26:39,577,577 multiprocessing INFO process shutting down
SpawnPoolWorker-534| 2026-06-21 23:26:39,577,577 multiprocessing INFO process shutting down
SpawnPoolWorker-544| 2026-06-21 23:26:39,577,577 multiprocessing INFO process shutting down
SpawnPoolWorker-542| 2026-06-21 23:26:39,577,577 multiprocessing INFO process shutting down
SpawnPoolWorker-535| 2026-06-21 23:26:39,577,577 multiprocessing INFO process shutting down
SpawnPoolWorker-528| 2026-06-21 23:26:39,578,578 multiprocessing INFO process shutting down
SpawnPoolWorker-539| 2026-06-21 23:26:39,578,578 multiprocessing INFO process shutting down
SpawnPoolWorker-541| 2026-06-21 23:26:39,578,578 multiprocessing INFO process shutting down
SpawnPoolWorker-530| 2026-06-21 23:26:39,578,578 multiprocessing INFO process shutting down
SpawnPoolWorker-536| 2026-06-21 23:26:39,578,578 multiprocessing INFO process shutting down
SpawnPoolWorker-537| 2026-06-21 23:26:39,578,578 multiprocessing INFO process shutting down
SpawnPoolWorker-538| 2026-06-21 23:26:39,578,578 multiprocessing INFO process shutting down
SpawnPoolWorker-540| 2026-06-21 23:26:39,578,578 multiprocessing INFO process shutting down
SpawnPoolWorker-526| 2026-06-21 23:26:39,578,578 multiprocessing INFO process shutting down
SpawnPoolWorker-522| 2026-06-21 23:26:39,578,578 multiprocessing INFO process shutting down
28
(50000, 6)
(50000,)
(50000, 6)
(50000,)

=======================Successfully Added (25000, 6) Counter Examples=======================


============None of the candidates fulfill the conditions. Training CONTINUES!=================

MainProcess| 2026-06-21 23:26:41,026,26 multiprocessing INFO 
============None of the candidates fulfill the conditions. Training CONTINUES!=================


============None of the candidates fulfill the conditions. Training CONTINUES!=================

(59, 108)
/users/9/chen8596/miniconda3/envs/alfd/lib/python3.9/site-packages/torch/nn/functional.py:4999: UserWarning: Support for mismatched key_padding_mask and attn_mask is deprecated. Use same type for both instead.
  warnings.warn(

==============Start Supervised Learning==============

MainProcess| 2026-06-21 23:26:47,141,141 multiprocessing INFO GP output mean: 0.5654693210250872
GP output mean: 0.5654693210250872
MainProcess| 2026-06-21 23:26:47,699,699 multiprocessing INFO GP output success rate: 0.0
GP output success rate: 0.0

==============End Supervised Learning==============

MainProcess| 2026-06-21 23:26:50,085,85 multiprocessing INFO [Test epoch=0016]  nevals=220364 	| train_loss=2023.78271 	| eqs_invalid %=0.00 	| r_best=0.97813 	| quantile=0.66135 	| r_quantile_mean=0.72591 	| r_raw_sum=62.29624 	|  r_raw_mean=0.40452 	| r2=nan 	| acc_iid=0.00000 	| acc_ood=0.00000 	| nmse_test=0.010193485661486585 	| true_equation_set_count=0 	| s/it=117.76262
[Test epoch=0016]  nevals=220364 	| train_loss=2023.78271 	| eqs_invalid %=0.00 	| r_best=0.97813 	| quantile=0.66135 	| r_quantile_mean=0.72591 	| r_raw_sum=62.29624 	|  r_raw_mean=0.40452 	| r2=nan 	| acc_iid=0.00000 	| acc_ood=0.00000 	| nmse_test=0.010193485661486585 	| true_equation_set_count=0 	| s/it=117.76262
MainProcess| 2026-06-21 23:27:40,259,259 multiprocessing INFO Genetic Porgramming Runtime 49.18347263801843
Genetic Porgramming Runtime 49.18347263801843

=========================PGD Collection Starts=========================

SpawnPoolWorker-547| 2026-06-21 23:27:45,588,588 multiprocessing INFO STARTING NEW RUN ==========
SpawnPoolWorker-547| 2026-06-21 23:27:45,588,588 multiprocessing INFO SEE LOG AT : ./logs/all_Lyapunov_test_dso-fn_d_all_z_01_log.txt
SpawnPoolWorker-547| 2026-06-21 23:27:45,588,588 multiprocessing INFO See log at : ./logs/all_Lyapunov_test_dso-fn_d_all_z_01_log.txt
SpawnPoolWorker-547| 2026-06-21 23:27:45,590,590 multiprocessing INFO child process calling self.run()
SpawnPoolWorker-545| 2026-06-21 23:27:45,599,599 multiprocessing INFO STARTING NEW RUN ==========
SpawnPoolWorker-545| 2026-06-21 23:27:45,599,599 multiprocessing INFO SEE LOG AT : ./logs/all_Lyapunov_test_dso-fn_d_all_z_01_log.txt
SpawnPoolWorker-545| 2026-06-21 23:27:45,599,599 multiprocessing INFO See log at : ./logs/all_Lyapunov_test_dso-fn_d_all_z_01_log.txt
SpawnPoolWorker-545| 2026-06-21 23:27:45,600,600 multiprocessing INFO child process calling self.run()
SpawnPoolWorker-549| 2026-06-21 23:27:45,602,602 multiprocessing INFO STARTING NEW RUN ==========
SpawnPoolWorker-549| 2026-06-21 23:27:45,603,603 multiprocessing INFO SEE LOG AT : ./logs/all_Lyapunov_test_dso-fn_d_all_z_01_log.txt
SpawnPoolWorker-549| 2026-06-21 23:27:45,603,603 multiprocessing INFO See log at : ./logs/all_Lyapunov_test_dso-fn_d_all_z_01_log.txt
SpawnPoolWorker-549| 2026-06-21 23:27:45,608,608 multiprocessing INFO child process calling self.run()
SpawnPoolWorker-548| 2026-06-21 23:27:45,612,612 multiprocessing INFO STARTING NEW RUN ==========
SpawnPoolWorker-548| 2026-06-21 23:27:45,613,613 multiprocessing INFO SEE LOG AT : ./logs/all_Lyapunov_test_dso-fn_d_all_z_01_log.txt
SpawnPoolWorker-548| 2026-06-21 23:27:45,613,613 multiprocessing INFO See log at : ./logs/all_Lyapunov_test_dso-fn_d_all_z_01_log.txt
SpawnPoolWorker-546| 2026-06-21 23:27:45,613,613 multiprocessing INFO STARTING NEW RUN ==========
SpawnPoolWorker-546| 2026-06-21 23:27:45,613,613 multiprocessing INFO SEE LOG AT : ./logs/all_Lyapunov_test_dso-fn_d_all_z_01_log.txt
SpawnPoolWorker-546| 2026-06-21 23:27:45,613,613 multiprocessing INFO See log at : ./logs/all_Lyapunov_test_dso-fn_d_all_z_01_log.txt
SpawnPoolWorker-546| 2026-06-21 23:27:45,615,615 multiprocessing INFO child process calling self.run()
SpawnPoolWorker-548| 2026-06-21 23:27:45,616,616 multiprocessing INFO child process calling self.run()
SpawnPoolWorker-550| 2026-06-21 23:27:45,626,626 multiprocessing INFO STARTING NEW RUN ==========
SpawnPoolWorker-550| 2026-06-21 23:27:45,626,626 multiprocessing INFO SEE LOG AT : ./logs/all_Lyapunov_test_dso-fn_d_all_z_01_log.txt
SpawnPoolWorker-550| 2026-06-21 23:27:45,626,626 multiprocessing INFO See log at : ./logs/all_Lyapunov_test_dso-fn_d_all_z_01_log.txt
SpawnPoolWorker-550| 2026-06-21 23:27:45,628,628 multiprocessing INFO child process calling self.run()
SpawnPoolWorker-551| 2026-06-21 23:27:45,825,825 multiprocessing INFO STARTING NEW RUN ==========
SpawnPoolWorker-551| 2026-06-21 23:27:45,825,825 multiprocessing INFO SEE LOG AT : ./logs/all_Lyapunov_test_dso-fn_d_all_z_01_log.txt
SpawnPoolWorker-551| 2026-06-21 23:27:45,825,825 multiprocessing INFO See log at : ./logs/all_Lyapunov_test_dso-fn_d_all_z_01_log.txt
SpawnPoolWorker-551| 2026-06-21 23:27:45,827,827 multiprocessing INFO child process calling self.run()
SpawnPoolWorker-552| 2026-06-21 23:27:45,856,856 multiprocessing INFO STARTING NEW RUN ==========
SpawnPoolWorker-552| 2026-06-21 23:27:45,856,856 multiprocessing INFO SEE LOG AT : ./logs/all_Lyapunov_test_dso-fn_d_all_z_01_log.txt
SpawnPoolWorker-552| 2026-06-21 23:27:45,856,856 multiprocessing INFO See log at : ./logs/all_Lyapunov_test_dso-fn_d_all_z_01_log.txt
SpawnPoolWorker-552| 2026-06-21 23:27:45,858,858 multiprocessing INFO child process calling self.run()
SpawnPoolWorker-554| 2026-06-21 23:27:45,877,877 multiprocessing INFO STARTING NEW RUN ==========
SpawnPoolWorker-554| 2026-06-21 23:27:45,878,878 multiprocessing INFO SEE LOG AT : ./logs/all_Lyapunov_test_dso-fn_d_all_z_01_log.txt
SpawnPoolWorker-554| 2026-06-21 23:27:45,878,878 multiprocessing INFO See log at : ./logs/all_Lyapunov_test_dso-fn_d_all_z_01_log.txt
SpawnPoolWorker-554| 2026-06-21 23:27:45,881,881 multiprocessing INFO child process calling self.run()
SpawnPoolWorker-553| 2026-06-21 23:27:45,887,887 multiprocessing INFO STARTING NEW RUN ==========
SpawnPoolWorker-553| 2026-06-21 23:27:45,887,887 multiprocessing INFO SEE LOG AT : ./logs/all_Lyapunov_test_dso-fn_d_all_z_01_log.txt
SpawnPoolWorker-553| 2026-06-21 23:27:45,888,888 multiprocessing INFO See log at : ./logs/all_Lyapunov_test_dso-fn_d_all_z_01_log.txt
SpawnPoolWorker-553| 2026-06-21 23:27:45,889,889 multiprocessing INFO child process calling self.run()
SpawnPoolWorker-553| 2026-06-21 23:28:23,625,625 multiprocessing INFO process shutting down
SpawnPoolWorker-553| 2026-06-21 23:28:23,625,625 multiprocessing INFO process exiting with exitcode 0
SpawnPoolWorker-546| 2026-06-21 23:28:23,625,625 multiprocessing INFO process shutting down
SpawnPoolWorker-545| 2026-06-21 23:28:23,625,625 multiprocessing INFO process shutting down
SpawnPoolWorker-546| 2026-06-21 23:28:23,625,625 multiprocessing INFO process exiting with exitcode 0
SpawnPoolWorker-547| 2026-06-21 23:28:23,625,625 multiprocessing INFO process shutting down
SpawnPoolWorker-554| 2026-06-21 23:28:23,625,625 multiprocessing INFO process shutting down
SpawnPoolWorker-550| 2026-06-21 23:28:23,625,625 multiprocessing INFO process shutting down
SpawnPoolWorker-551| 2026-06-21 23:28:23,626,626 multiprocessing INFO process shutting down
(10000,)

===================Collect 10000 Examples===================

Epsilon 0.1
500
(550,)
(550,)
(56,)
Number of Programs for Minimization: 28
SpawnPoolWorker-574| 2026-06-21 23:28:41,943,943 multiprocessing INFO STARTING NEW RUN ==========
SpawnPoolWorker-574| 2026-06-21 23:28:41,943,943 multiprocessing INFO SEE LOG AT : ./logs/all_Lyapunov_test_dso-fn_d_all_z_01_log.txt
SpawnPoolWorker-574| 2026-06-21 23:28:41,943,943 multiprocessing INFO See log at : ./logs/all_Lyapunov_test_dso-fn_d_all_z_01_log.txt
SpawnPoolWorker-574| 2026-06-21 23:28:41,946,946 multiprocessing INFO child process calling self.run()
SpawnPoolWorker-569| 2026-06-21 23:28:42,133,133 multiprocessing INFO STARTING NEW RUN ==========
SpawnPoolWorker-569| 2026-06-21 23:28:42,133,133 multiprocessing INFO SEE LOG AT : ./logs/all_Lyapunov_test_dso-fn_d_all_z_01_log.txt
SpawnPoolWorker-569| 2026-06-21 23:28:42,133,133 multiprocessing INFO See log at : ./logs/all_Lyapunov_test_dso-fn_d_all_z_01_log.txt
SpawnPoolWorker-569| 2026-06-21 23:28:42,138,138 multiprocessing INFO child process calling self.run()
SpawnPoolWorker-556| 2026-06-21 23:28:42,499,499 multiprocessing INFO STARTING NEW RUN ==========
SpawnPoolWorker-556| 2026-06-21 23:28:42,499,499 multiprocessing INFO SEE LOG AT : ./logs/all_Lyapunov_test_dso-fn_d_all_z_01_log.txt
SpawnPoolWorker-556| 2026-06-21 23:28:42,500,500 multiprocessing INFO See log at : ./logs/all_Lyapunov_test_dso-fn_d_all_z_01_log.txt
SpawnPoolWorker-556| 2026-06-21 23:28:42,501,501 multiprocessing INFO child process calling self.run()
SpawnPoolWorker-565| 2026-06-21 23:28:42,527,527 multiprocessing INFO STARTING NEW RUN ==========
SpawnPoolWorker-565| 2026-06-21 23:28:42,527,527 multiprocessing INFO SEE LOG AT : ./logs/all_Lyapunov_test_dso-fn_d_all_z_01_log.txt
SpawnPoolWorker-565| 2026-06-21 23:28:42,527,527 multiprocessing INFO See log at : ./logs/all_Lyapunov_test_dso-fn_d_all_z_01_log.txt
SpawnPoolWorker-565| 2026-06-21 23:28:42,530,530 multiprocessing INFO child process calling self.run()
SpawnPoolWorker-570| 2026-06-21 23:28:43,271,271 multiprocessing INFO STARTING NEW RUN ==========
SpawnPoolWorker-570| 2026-06-21 23:28:43,271,271 multiprocessing INFO SEE LOG AT : ./logs/all_Lyapunov_test_dso-fn_d_all_z_01_log.txt
SpawnPoolWorker-570| 2026-06-21 23:28:43,271,271 multiprocessing INFO See log at : ./logs/all_Lyapunov_test_dso-fn_d_all_z_01_log.txt
SpawnPoolWorker-570| 2026-06-21 23:28:43,273,273 multiprocessing INFO child process calling self.run()
SpawnPoolWorker-558| 2026-06-21 23:28:43,656,656 multiprocessing INFO STARTING NEW RUN ==========
SpawnPoolWorker-558| 2026-06-21 23:28:43,656,656 multiprocessing INFO SEE LOG AT : ./logs/all_Lyapunov_test_dso-fn_d_all_z_01_log.txt
SpawnPoolWorker-558| 2026-06-21 23:28:43,656,656 multiprocessing INFO See log at : ./logs/all_Lyapunov_test_dso-fn_d_all_z_01_log.txt
SpawnPoolWorker-558| 2026-06-21 23:28:43,658,658 multiprocessing INFO child process calling self.run()
SpawnPoolWorker-563| 2026-06-21 23:28:44,571,571 multiprocessing INFO STARTING NEW RUN ==========
SpawnPoolWorker-563| 2026-06-21 23:28:44,571,571 multiprocessing INFO SEE LOG AT : ./logs/all_Lyapunov_test_dso-fn_d_all_z_01_log.txt
SpawnPoolWorker-563| 2026-06-21 23:28:44,571,571 multiprocessing INFO See log at : ./logs/all_Lyapunov_test_dso-fn_d_all_z_01_log.txt
SpawnPoolWorker-563| 2026-06-21 23:28:44,583,583 multiprocessing INFO child process calling self.run()
SpawnPoolWorker-568| 2026-06-21 23:28:44,763,763 multiprocessing INFO STARTING NEW RUN ==========
SpawnPoolWorker-568| 2026-06-21 23:28:44,763,763 multiprocessing INFO SEE LOG AT : ./logs/all_Lyapunov_test_dso-fn_d_all_z_01_log.txt
SpawnPoolWorker-568| 2026-06-21 23:28:44,763,763 multiprocessing INFO See log at : ./logs/all_Lyapunov_test_dso-fn_d_all_z_01_log.txt
SpawnPoolWorker-568| 2026-06-21 23:28:44,769,769 multiprocessing INFO child process calling self.run()
SpawnPoolWorker-560| 2026-06-21 23:28:44,837,837 multiprocessing INFO STARTING NEW RUN ==========
SpawnPoolWorker-560| 2026-06-21 23:28:44,837,837 multiprocessing INFO SEE LOG AT : ./logs/all_Lyapunov_test_dso-fn_d_all_z_01_log.txt
SpawnPoolWorker-560| 2026-06-21 23:28:44,837,837 multiprocessing INFO See log at : ./logs/all_Lyapunov_test_dso-fn_d_all_z_01_log.txt
SpawnPoolWorker-560| 2026-06-21 23:28:44,854,854 multiprocessing INFO child process calling self.run()
SpawnPoolWorker-559| 2026-06-21 23:28:44,855,855 multiprocessing INFO STARTING NEW RUN ==========
SpawnPoolWorker-559| 2026-06-21 23:28:44,858,858 multiprocessing INFO SEE LOG AT : ./logs/all_Lyapunov_test_dso-fn_d_all_z_01_log.txt
SpawnPoolWorker-559| 2026-06-21 23:28:44,858,858 multiprocessing INFO See log at : ./logs/all_Lyapunov_test_dso-fn_d_all_z_01_log.txt
SpawnPoolWorker-559| 2026-06-21 23:28:44,863,863 multiprocessing INFO child process calling self.run()
SpawnPoolWorker-564| 2026-06-21 23:28:44,906,906 multiprocessing INFO STARTING NEW RUN ==========
SpawnPoolWorker-564| 2026-06-21 23:28:44,906,906 multiprocessing INFO SEE LOG AT : ./logs/all_Lyapunov_test_dso-fn_d_all_z_01_log.txt
SpawnPoolWorker-564| 2026-06-21 23:28:44,906,906 multiprocessing INFO See log at : ./logs/all_Lyapunov_test_dso-fn_d_all_z_01_log.txt
SpawnPoolWorker-564| 2026-06-21 23:28:44,922,922 multiprocessing INFO child process calling self.run()
SpawnPoolWorker-575| 2026-06-21 23:28:45,163,163 multiprocessing INFO STARTING NEW RUN ==========
SpawnPoolWorker-575| 2026-06-21 23:28:45,164,164 multiprocessing INFO SEE LOG AT : ./logs/all_Lyapunov_test_dso-fn_d_all_z_01_log.txt
SpawnPoolWorker-575| 2026-06-21 23:28:45,164,164 multiprocessing INFO See log at : ./logs/all_Lyapunov_test_dso-fn_d_all_z_01_log.txt
SpawnPoolWorker-575| 2026-06-21 23:28:45,168,168 multiprocessing INFO child process calling self.run()
SpawnPoolWorker-573| 2026-06-21 23:28:45,267,267 multiprocessing INFO STARTING NEW RUN ==========
SpawnPoolWorker-573| 2026-06-21 23:28:45,267,267 multiprocessing INFO SEE LOG AT : ./logs/all_Lyapunov_test_dso-fn_d_all_z_01_log.txt
SpawnPoolWorker-573| 2026-06-21 23:28:45,267,267 multiprocessing INFO See log at : ./logs/all_Lyapunov_test_dso-fn_d_all_z_01_log.txt
SpawnPoolWorker-557| 2026-06-21 23:28:45,274,274 multiprocessing INFO STARTING NEW RUN ==========
SpawnPoolWorker-557| 2026-06-21 23:28:45,274,274 multiprocessing INFO SEE LOG AT : ./logs/all_Lyapunov_test_dso-fn_d_all_z_01_log.txt
SpawnPoolWorker-557| 2026-06-21 23:28:45,274,274 multiprocessing INFO See log at : ./logs/all_Lyapunov_test_dso-fn_d_all_z_01_log.txt
SpawnPoolWorker-573| 2026-06-21 23:28:45,276,276 multiprocessing INFO child process calling self.run()
SpawnPoolWorker-557| 2026-06-21 23:28:45,279,279 multiprocessing INFO child process calling self.run()
SpawnPoolWorker-576| 2026-06-21 23:28:45,336,336 multiprocessing INFO STARTING NEW RUN ==========
SpawnPoolWorker-576| 2026-06-21 23:28:45,336,336 multiprocessing INFO SEE LOG AT : ./logs/all_Lyapunov_test_dso-fn_d_all_z_01_log.txt
SpawnPoolWorker-576| 2026-06-21 23:28:45,336,336 multiprocessing INFO See log at : ./logs/all_Lyapunov_test_dso-fn_d_all_z_01_log.txt
SpawnPoolWorker-576| 2026-06-21 23:28:45,348,348 multiprocessing INFO child process calling self.run()
SpawnPoolWorker-572| 2026-06-21 23:28:45,720,720 multiprocessing INFO STARTING NEW RUN ==========
SpawnPoolWorker-572| 2026-06-21 23:28:45,720,720 multiprocessing INFO SEE LOG AT : ./logs/all_Lyapunov_test_dso-fn_d_all_z_01_log.txt
SpawnPoolWorker-572| 2026-06-21 23:28:45,720,720 multiprocessing INFO See log at : ./logs/all_Lyapunov_test_dso-fn_d_all_z_01_log.txt
SpawnPoolWorker-572| 2026-06-21 23:28:45,727,727 multiprocessing INFO child process calling self.run()
SpawnPoolWorker-555| 2026-06-21 23:28:45,773,773 multiprocessing INFO STARTING NEW RUN ==========
SpawnPoolWorker-555| 2026-06-21 23:28:45,773,773 multiprocessing INFO SEE LOG AT : ./logs/all_Lyapunov_test_dso-fn_d_all_z_01_log.txt
SpawnPoolWorker-555| 2026-06-21 23:28:45,773,773 multiprocessing INFO See log at : ./logs/all_Lyapunov_test_dso-fn_d_all_z_01_log.txt
SpawnPoolWorker-555| 2026-06-21 23:28:45,777,777 multiprocessing INFO child process calling self.run()
SpawnPoolWorker-577| 2026-06-21 23:28:46,002,2 multiprocessing INFO STARTING NEW RUN ==========
SpawnPoolWorker-577| 2026-06-21 23:28:46,002,2 multiprocessing INFO SEE LOG AT : ./logs/all_Lyapunov_test_dso-fn_d_all_z_01_log.txt
SpawnPoolWorker-577| 2026-06-21 23:28:46,002,2 multiprocessing INFO See log at : ./logs/all_Lyapunov_test_dso-fn_d_all_z_01_log.txt
SpawnPoolWorker-577| 2026-06-21 23:28:46,004,4 multiprocessing INFO child process calling self.run()
SpawnPoolWorker-578| 2026-06-21 23:28:46,075,75 multiprocessing INFO STARTING NEW RUN ==========
SpawnPoolWorker-578| 2026-06-21 23:28:46,075,75 multiprocessing INFO SEE LOG AT : ./logs/all_Lyapunov_test_dso-fn_d_all_z_01_log.txt
SpawnPoolWorker-578| 2026-06-21 23:28:46,075,75 multiprocessing INFO See log at : ./logs/all_Lyapunov_test_dso-fn_d_all_z_01_log.txt
SpawnPoolWorker-578| 2026-06-21 23:28:46,086,86 multiprocessing INFO child process calling self.run()
SpawnPoolWorker-566| 2026-06-21 23:28:46,230,230 multiprocessing INFO STARTING NEW RUN ==========
SpawnPoolWorker-566| 2026-06-21 23:28:46,230,230 multiprocessing INFO SEE LOG AT : ./logs/all_Lyapunov_test_dso-fn_d_all_z_01_log.txt
SpawnPoolWorker-566| 2026-06-21 23:28:46,230,230 multiprocessing INFO See log at : ./logs/all_Lyapunov_test_dso-fn_d_all_z_01_log.txt
SpawnPoolWorker-566| 2026-06-21 23:28:46,235,235 multiprocessing INFO child process calling self.run()
SpawnPoolWorker-562| 2026-06-21 23:28:46,360,360 multiprocessing INFO STARTING NEW RUN ==========
SpawnPoolWorker-562| 2026-06-21 23:28:46,360,360 multiprocessing INFO SEE LOG AT : ./logs/all_Lyapunov_test_dso-fn_d_all_z_01_log.txt
SpawnPoolWorker-562| 2026-06-21 23:28:46,360,360 multiprocessing INFO See log at : ./logs/all_Lyapunov_test_dso-fn_d_all_z_01_log.txt
SpawnPoolWorker-562| 2026-06-21 23:28:46,361,361 multiprocessing INFO child process calling self.run()
SpawnPoolWorker-571| 2026-06-21 23:28:46,456,456 multiprocessing INFO STARTING NEW RUN ==========
SpawnPoolWorker-571| 2026-06-21 23:28:46,456,456 multiprocessing INFO SEE LOG AT : ./logs/all_Lyapunov_test_dso-fn_d_all_z_01_log.txt
SpawnPoolWorker-571| 2026-06-21 23:28:46,456,456 multiprocessing INFO See log at : ./logs/all_Lyapunov_test_dso-fn_d_all_z_01_log.txt
SpawnPoolWorker-561| 2026-06-21 23:28:46,457,457 multiprocessing INFO STARTING NEW RUN ==========
SpawnPoolWorker-561| 2026-06-21 23:28:46,458,458 multiprocessing INFO SEE LOG AT : ./logs/all_Lyapunov_test_dso-fn_d_all_z_01_log.txt
SpawnPoolWorker-561| 2026-06-21 23:28:46,458,458 multiprocessing INFO See log at : ./logs/all_Lyapunov_test_dso-fn_d_all_z_01_log.txt
SpawnPoolWorker-571| 2026-06-21 23:28:46,460,460 multiprocessing INFO child process calling self.run()
SpawnPoolWorker-561| 2026-06-21 23:28:46,461,461 multiprocessing INFO child process calling self.run()
SpawnPoolWorker-567| 2026-06-21 23:28:46,604,604 multiprocessing INFO STARTING NEW RUN ==========
SpawnPoolWorker-567| 2026-06-21 23:28:46,604,604 multiprocessing INFO SEE LOG AT : ./logs/all_Lyapunov_test_dso-fn_d_all_z_01_log.txt
SpawnPoolWorker-567| 2026-06-21 23:28:46,604,604 multiprocessing INFO See log at : ./logs/all_Lyapunov_test_dso-fn_d_all_z_01_log.txt
SpawnPoolWorker-567| 2026-06-21 23:28:46,606,606 multiprocessing INFO child process calling self.run()
SpawnPoolWorker-572| 2026-06-21 23:28:46,894,894 multiprocessing INFO process shutting down
SpawnPoolWorker-572| 2026-06-21 23:28:46,894,894 multiprocessing INFO process exiting with exitcode 0
SpawnPoolWorker-555| 2026-06-21 23:28:46,894,894 multiprocessing INFO process shutting down
SpawnPoolWorker-577| 2026-06-21 23:28:46,894,894 multiprocessing INFO process shutting down
SpawnPoolWorker-577| 2026-06-21 23:28:46,894,894 multiprocessing INFO process exiting with exitcode 0
SpawnPoolWorker-565| 2026-06-21 23:28:46,894,894 multiprocessing INFO process shutting down
SpawnPoolWorker-555| 2026-06-21 23:28:46,894,894 multiprocessing INFO process exiting with exitcode 0
SpawnPoolWorker-578| 2026-06-21 23:28:46,894,894 multiprocessing INFO process shutting down
SpawnPoolWorker-566| 2026-06-21 23:28:46,894,894 multiprocessing INFO process shutting down
SpawnPoolWorker-574| 2026-06-21 23:28:46,894,894 multiprocessing INFO process shutting down
SpawnPoolWorker-556| 2026-06-21 23:28:46,894,894 multiprocessing INFO process shutting down
SpawnPoolWorker-562| 2026-06-21 23:28:46,894,894 multiprocessing INFO process shutting down
SpawnPoolWorker-571| 2026-06-21 23:28:46,895,895 multiprocessing INFO process shutting down
SpawnPoolWorker-561| 2026-06-21 23:28:46,895,895 multiprocessing INFO process shutting down
SpawnPoolWorker-567| 2026-06-21 23:28:46,895,895 multiprocessing INFO process shutting down
SpawnPoolWorker-570| 2026-06-21 23:28:46,895,895 multiprocessing INFO process shutting down
SpawnPoolWorker-569| 2026-06-21 23:28:46,895,895 multiprocessing INFO process shutting down
SpawnPoolWorker-573| 2026-06-21 23:28:46,895,895 multiprocessing INFO process shutting down
SpawnPoolWorker-558| 2026-06-21 23:28:46,895,895 multiprocessing INFO process shutting down
SpawnPoolWorker-557| 2026-06-21 23:28:46,895,895 multiprocessing INFO process shutting down
SpawnPoolWorker-564| 2026-06-21 23:28:46,896,896 multiprocessing INFO process shutting down
SpawnPoolWorker-559| 2026-06-21 23:28:46,895,895 multiprocessing INFO process shutting down
28
(50000, 6)
(50000,)
(50000, 6)
(50000,)

=======================Successfully Added (25000, 6) Counter Examples=======================


============None of the candidates fulfill the conditions. Training CONTINUES!=================

MainProcess| 2026-06-21 23:28:48,331,331 multiprocessing INFO 
============None of the candidates fulfill the conditions. Training CONTINUES!=================


============None of the candidates fulfill the conditions. Training CONTINUES!=================

(56, 108)
/users/9/chen8596/miniconda3/envs/alfd/lib/python3.9/site-packages/torch/nn/functional.py:4999: UserWarning: Support for mismatched key_padding_mask and attn_mask is deprecated. Use same type for both instead.
  warnings.warn(

==============Start Supervised Learning==============

MainProcess| 2026-06-21 23:28:53,421,421 multiprocessing INFO GP output mean: 0.4921301077831977
GP output mean: 0.4921301077831977
MainProcess| 2026-06-21 23:28:54,038,38 multiprocessing INFO GP output success rate: 0.0
GP output success rate: 0.0

==============End Supervised Learning==============

MainProcess| 2026-06-21 23:28:55,744,744 multiprocessing INFO [Test epoch=0017]  nevals=234149 	| train_loss=8763.59766 	| eqs_invalid %=0.00 	| r_best=0.97813 	| quantile=0.68050 	| r_quantile_mean=0.74496 	| r_raw_sum=68.55421 	|  r_raw_mean=0.40090 	| r2=nan 	| acc_iid=0.00000 	| acc_ood=0.00000 	| nmse_test=0.010193485661486585 	| true_equation_set_count=0 	| s/it=125.65924
[Test epoch=0017]  nevals=234149 	| train_loss=8763.59766 	| eqs_invalid %=0.00 	| r_best=0.97813 	| quantile=0.68050 	| r_quantile_mean=0.74496 	| r_raw_sum=68.55421 	|  r_raw_mean=0.40090 	| r2=nan 	| acc_iid=0.00000 	| acc_ood=0.00000 	| nmse_test=0.010193485661486585 	| true_equation_set_count=0 	| s/it=125.65924
MainProcess| 2026-06-21 23:29:53,437,437 multiprocessing INFO Genetic Porgramming Runtime 57.09748247615062
Genetic Porgramming Runtime 57.09748247615062

=========================PGD Collection Starts=========================

SpawnPoolWorker-582| 2026-06-21 23:29:58,322,322 multiprocessing INFO STARTING NEW RUN ==========
SpawnPoolWorker-582| 2026-06-21 23:29:58,322,322 multiprocessing INFO SEE LOG AT : ./logs/all_Lyapunov_test_dso-fn_d_all_z_01_log.txt
SpawnPoolWorker-582| 2026-06-21 23:29:58,322,322 multiprocessing INFO See log at : ./logs/all_Lyapunov_test_dso-fn_d_all_z_01_log.txt
SpawnPoolWorker-582| 2026-06-21 23:29:58,324,324 multiprocessing INFO child process calling self.run()
SpawnPoolWorker-583| 2026-06-21 23:29:58,326,326 multiprocessing INFO STARTING NEW RUN ==========
SpawnPoolWorker-583| 2026-06-21 23:29:58,326,326 multiprocessing INFO SEE LOG AT : ./logs/all_Lyapunov_test_dso-fn_d_all_z_01_log.txt
SpawnPoolWorker-583| 2026-06-21 23:29:58,326,326 multiprocessing INFO See log at : ./logs/all_Lyapunov_test_dso-fn_d_all_z_01_log.txt
SpawnPoolWorker-583| 2026-06-21 23:29:58,328,328 multiprocessing INFO child process calling self.run()
SpawnPoolWorker-585| 2026-06-21 23:29:58,331,331 multiprocessing INFO STARTING NEW RUN ==========
SpawnPoolWorker-585| 2026-06-21 23:29:58,331,331 multiprocessing INFO SEE LOG AT : ./logs/all_Lyapunov_test_dso-fn_d_all_z_01_log.txt
SpawnPoolWorker-585| 2026-06-21 23:29:58,331,331 multiprocessing INFO See log at : ./logs/all_Lyapunov_test_dso-fn_d_all_z_01_log.txt
SpawnPoolWorker-579| 2026-06-21 23:29:58,332,332 multiprocessing INFO STARTING NEW RUN ==========
SpawnPoolWorker-579| 2026-06-21 23:29:58,332,332 multiprocessing INFO SEE LOG AT : ./logs/all_Lyapunov_test_dso-fn_d_all_z_01_log.txt
SpawnPoolWorker-579| 2026-06-21 23:29:58,332,332 multiprocessing INFO See log at : ./logs/all_Lyapunov_test_dso-fn_d_all_z_01_log.txt
SpawnPoolWorker-585| 2026-06-21 23:29:58,332,332 multiprocessing INFO child process calling self.run()
SpawnPoolWorker-579| 2026-06-21 23:29:58,333,333 multiprocessing INFO child process calling self.run()
SpawnPoolWorker-581| 2026-06-21 23:29:58,355,355 multiprocessing INFO STARTING NEW RUN ==========
SpawnPoolWorker-581| 2026-06-21 23:29:58,356,356 multiprocessing INFO SEE LOG AT : ./logs/all_Lyapunov_test_dso-fn_d_all_z_01_log.txt
SpawnPoolWorker-581| 2026-06-21 23:29:58,356,356 multiprocessing INFO See log at : ./logs/all_Lyapunov_test_dso-fn_d_all_z_01_log.txt
SpawnPoolWorker-581| 2026-06-21 23:29:58,357,357 multiprocessing INFO child process calling self.run()
SpawnPoolWorker-584| 2026-06-21 23:29:58,373,373 multiprocessing INFO STARTING NEW RUN ==========
SpawnPoolWorker-584| 2026-06-21 23:29:58,373,373 multiprocessing INFO SEE LOG AT : ./logs/all_Lyapunov_test_dso-fn_d_all_z_01_log.txt
SpawnPoolWorker-584| 2026-06-21 23:29:58,373,373 multiprocessing INFO See log at : ./logs/all_Lyapunov_test_dso-fn_d_all_z_01_log.txt
SpawnPoolWorker-584| 2026-06-21 23:29:58,374,374 multiprocessing INFO child process calling self.run()
SpawnPoolWorker-586| 2026-06-21 23:29:58,390,390 multiprocessing INFO STARTING NEW RUN ==========
SpawnPoolWorker-586| 2026-06-21 23:29:58,390,390 multiprocessing INFO SEE LOG AT : ./logs/all_Lyapunov_test_dso-fn_d_all_z_01_log.txt
SpawnPoolWorker-586| 2026-06-21 23:29:58,390,390 multiprocessing INFO See log at : ./logs/all_Lyapunov_test_dso-fn_d_all_z_01_log.txt
SpawnPoolWorker-586| 2026-06-21 23:29:58,392,392 multiprocessing INFO child process calling self.run()
SpawnPoolWorker-588| 2026-06-21 23:29:58,413,413 multiprocessing INFO STARTING NEW RUN ==========
SpawnPoolWorker-588| 2026-06-21 23:29:58,413,413 multiprocessing INFO SEE LOG AT : ./logs/all_Lyapunov_test_dso-fn_d_all_z_01_log.txt
SpawnPoolWorker-588| 2026-06-21 23:29:58,413,413 multiprocessing INFO See log at : ./logs/all_Lyapunov_test_dso-fn_d_all_z_01_log.txt
SpawnPoolWorker-588| 2026-06-21 23:29:58,415,415 multiprocessing INFO child process calling self.run()
SpawnPoolWorker-587| 2026-06-21 23:29:58,471,471 multiprocessing INFO STARTING NEW RUN ==========
SpawnPoolWorker-587| 2026-06-21 23:29:58,471,471 multiprocessing INFO SEE LOG AT : ./logs/all_Lyapunov_test_dso-fn_d_all_z_01_log.txt
SpawnPoolWorker-587| 2026-06-21 23:29:58,471,471 multiprocessing INFO See log at : ./logs/all_Lyapunov_test_dso-fn_d_all_z_01_log.txt
SpawnPoolWorker-587| 2026-06-21 23:29:58,473,473 multiprocessing INFO child process calling self.run()
SpawnPoolWorker-580| 2026-06-21 23:29:58,546,546 multiprocessing INFO STARTING NEW RUN ==========
SpawnPoolWorker-580| 2026-06-21 23:29:58,546,546 multiprocessing INFO SEE LOG AT : ./logs/all_Lyapunov_test_dso-fn_d_all_z_01_log.txt
SpawnPoolWorker-580| 2026-06-21 23:29:58,546,546 multiprocessing INFO See log at : ./logs/all_Lyapunov_test_dso-fn_d_all_z_01_log.txt
SpawnPoolWorker-580| 2026-06-21 23:29:58,547,547 multiprocessing INFO child process calling self.run()
SpawnPoolWorker-585| 2026-06-21 23:30:15,775,775 multiprocessing INFO process shutting down
SpawnPoolWorker-584| 2026-06-21 23:30:15,775,775 multiprocessing INFO process shutting down
SpawnPoolWorker-585| 2026-06-21 23:30:15,776,776 multiprocessing INFO process exiting with exitcode 0
SpawnPoolWorker-582| 2026-06-21 23:30:15,775,775 multiprocessing INFO process shutting down
SpawnPoolWorker-583| 2026-06-21 23:30:15,775,775 multiprocessing INFO process shutting down
SpawnPoolWorker-584| 2026-06-21 23:30:15,776,776 multiprocessing INFO process exiting with exitcode 0
SpawnPoolWorker-582| 2026-06-21 23:30:15,776,776 multiprocessing INFO process exiting with exitcode 0
SpawnPoolWorker-586| 2026-06-21 23:30:15,776,776 multiprocessing INFO process shutting down
SpawnPoolWorker-583| 2026-06-21 23:30:15,776,776 multiprocessing INFO process exiting with exitcode 0
SpawnPoolWorker-586| 2026-06-21 23:30:15,776,776 multiprocessing INFO process exiting with exitcode 0
SpawnPoolWorker-580| 2026-06-21 23:30:15,777,777 multiprocessing INFO process shutting down
SpawnPoolWorker-587| 2026-06-21 23:30:15,777,777 multiprocessing INFO process shutting down
(10000,)

===================Collect 10000 Examples===================

Epsilon 0.1
500
(550,)
(550,)
(55,)
Number of Programs for Minimization: 28
SpawnPoolWorker-595| 2026-06-21 23:30:32,937,937 multiprocessing INFO STARTING NEW RUN ==========
SpawnPoolWorker-595| 2026-06-21 23:30:32,937,937 multiprocessing INFO SEE LOG AT : ./logs/all_Lyapunov_test_dso-fn_d_all_z_01_log.txt
SpawnPoolWorker-595| 2026-06-21 23:30:32,937,937 multiprocessing INFO See log at : ./logs/all_Lyapunov_test_dso-fn_d_all_z_01_log.txt
SpawnPoolWorker-595| 2026-06-21 23:30:32,947,947 multiprocessing INFO child process calling self.run()
SpawnPoolWorker-590| 2026-06-21 23:30:33,071,71 multiprocessing INFO STARTING NEW RUN ==========
SpawnPoolWorker-590| 2026-06-21 23:30:33,071,71 multiprocessing INFO SEE LOG AT : ./logs/all_Lyapunov_test_dso-fn_d_all_z_01_log.txt
SpawnPoolWorker-590| 2026-06-21 23:30:33,071,71 multiprocessing INFO See log at : ./logs/all_Lyapunov_test_dso-fn_d_all_z_01_log.txt
SpawnPoolWorker-590| 2026-06-21 23:30:33,076,76 multiprocessing INFO child process calling self.run()
SpawnPoolWorker-593| 2026-06-21 23:30:33,270,270 multiprocessing INFO STARTING NEW RUN ==========
SpawnPoolWorker-593| 2026-06-21 23:30:33,270,270 multiprocessing INFO SEE LOG AT : ./logs/all_Lyapunov_test_dso-fn_d_all_z_01_log.txt
SpawnPoolWorker-593| 2026-06-21 23:30:33,270,270 multiprocessing INFO See log at : ./logs/all_Lyapunov_test_dso-fn_d_all_z_01_log.txt
SpawnPoolWorker-593| 2026-06-21 23:30:33,273,273 multiprocessing INFO child process calling self.run()
SpawnPoolWorker-591| 2026-06-21 23:30:33,338,338 multiprocessing INFO STARTING NEW RUN ==========
SpawnPoolWorker-591| 2026-06-21 23:30:33,338,338 multiprocessing INFO SEE LOG AT : ./logs/all_Lyapunov_test_dso-fn_d_all_z_01_log.txt
SpawnPoolWorker-591| 2026-06-21 23:30:33,338,338 multiprocessing INFO See log at : ./logs/all_Lyapunov_test_dso-fn_d_all_z_01_log.txt
SpawnPoolWorker-591| 2026-06-21 23:30:33,344,344 multiprocessing INFO child process calling self.run()
SpawnPoolWorker-598| 2026-06-21 23:30:33,465,465 multiprocessing INFO STARTING NEW RUN ==========
SpawnPoolWorker-598| 2026-06-21 23:30:33,465,465 multiprocessing INFO SEE LOG AT : ./logs/all_Lyapunov_test_dso-fn_d_all_z_01_log.txt
SpawnPoolWorker-598| 2026-06-21 23:30:33,465,465 multiprocessing INFO See log at : ./logs/all_Lyapunov_test_dso-fn_d_all_z_01_log.txt
SpawnPoolWorker-598| 2026-06-21 23:30:33,467,467 multiprocessing INFO child process calling self.run()
SpawnPoolWorker-592| 2026-06-21 23:30:33,516,516 multiprocessing INFO STARTING NEW RUN ==========
SpawnPoolWorker-592| 2026-06-21 23:30:33,516,516 multiprocessing INFO SEE LOG AT : ./logs/all_Lyapunov_test_dso-fn_d_all_z_01_log.txt
SpawnPoolWorker-592| 2026-06-21 23:30:33,516,516 multiprocessing INFO See log at : ./logs/all_Lyapunov_test_dso-fn_d_all_z_01_log.txt
SpawnPoolWorker-592| 2026-06-21 23:30:33,530,530 multiprocessing INFO child process calling self.run()
SpawnPoolWorker-603| 2026-06-21 23:30:33,562,562 multiprocessing INFO STARTING NEW RUN ==========
SpawnPoolWorker-603| 2026-06-21 23:30:33,563,563 multiprocessing INFO SEE LOG AT : ./logs/all_Lyapunov_test_dso-fn_d_all_z_01_log.txt
SpawnPoolWorker-603| 2026-06-21 23:30:33,563,563 multiprocessing INFO See log at : ./logs/all_Lyapunov_test_dso-fn_d_all_z_01_log.txt
SpawnPoolWorker-603| 2026-06-21 23:30:33,568,568 multiprocessing INFO child process calling self.run()
SpawnPoolWorker-594| 2026-06-21 23:30:33,728,728 multiprocessing INFO STARTING NEW RUN ==========
SpawnPoolWorker-594| 2026-06-21 23:30:33,728,728 multiprocessing INFO SEE LOG AT : ./logs/all_Lyapunov_test_dso-fn_d_all_z_01_log.txt
SpawnPoolWorker-594| 2026-06-21 23:30:33,728,728 multiprocessing INFO See log at : ./logs/all_Lyapunov_test_dso-fn_d_all_z_01_log.txt
SpawnPoolWorker-594| 2026-06-21 23:30:33,734,734 multiprocessing INFO child process calling self.run()
SpawnPoolWorker-589| 2026-06-21 23:30:33,861,861 multiprocessing INFO STARTING NEW RUN ==========
SpawnPoolWorker-589| 2026-06-21 23:30:33,861,861 multiprocessing INFO SEE LOG AT : ./logs/all_Lyapunov_test_dso-fn_d_all_z_01_log.txt
SpawnPoolWorker-589| 2026-06-21 23:30:33,861,861 multiprocessing INFO See log at : ./logs/all_Lyapunov_test_dso-fn_d_all_z_01_log.txt
SpawnPoolWorker-589| 2026-06-21 23:30:33,874,874 multiprocessing INFO child process calling self.run()
SpawnPoolWorker-600| 2026-06-21 23:30:33,938,938 multiprocessing INFO STARTING NEW RUN ==========
SpawnPoolWorker-600| 2026-06-21 23:30:33,938,938 multiprocessing INFO SEE LOG AT : ./logs/all_Lyapunov_test_dso-fn_d_all_z_01_log.txt
SpawnPoolWorker-600| 2026-06-21 23:30:33,938,938 multiprocessing INFO See log at : ./logs/all_Lyapunov_test_dso-fn_d_all_z_01_log.txt
SpawnPoolWorker-600| 2026-06-21 23:30:33,940,940 multiprocessing INFO child process calling self.run()
SpawnPoolWorker-596| 2026-06-21 23:30:33,947,947 multiprocessing INFO STARTING NEW RUN ==========
SpawnPoolWorker-596| 2026-06-21 23:30:33,947,947 multiprocessing INFO SEE LOG AT : ./logs/all_Lyapunov_test_dso-fn_d_all_z_01_log.txt
SpawnPoolWorker-596| 2026-06-21 23:30:33,947,947 multiprocessing INFO See log at : ./logs/all_Lyapunov_test_dso-fn_d_all_z_01_log.txt
SpawnPoolWorker-596| 2026-06-21 23:30:33,949,949 multiprocessing INFO child process calling self.run()
SpawnPoolWorker-597| 2026-06-21 23:30:34,044,44 multiprocessing INFO STARTING NEW RUN ==========
SpawnPoolWorker-597| 2026-06-21 23:30:34,044,44 multiprocessing INFO SEE LOG AT : ./logs/all_Lyapunov_test_dso-fn_d_all_z_01_log.txt
SpawnPoolWorker-597| 2026-06-21 23:30:34,044,44 multiprocessing INFO See log at : ./logs/all_Lyapunov_test_dso-fn_d_all_z_01_log.txt
SpawnPoolWorker-597| 2026-06-21 23:30:34,050,50 multiprocessing INFO child process calling self.run()
SpawnPoolWorker-604| 2026-06-21 23:30:34,141,141 multiprocessing INFO STARTING NEW RUN ==========
SpawnPoolWorker-604| 2026-06-21 23:30:34,141,141 multiprocessing INFO SEE LOG AT : ./logs/all_Lyapunov_test_dso-fn_d_all_z_01_log.txt
SpawnPoolWorker-604| 2026-06-21 23:30:34,141,141 multiprocessing INFO See log at : ./logs/all_Lyapunov_test_dso-fn_d_all_z_01_log.txt
SpawnPoolWorker-604| 2026-06-21 23:30:34,145,145 multiprocessing INFO child process calling self.run()
SpawnPoolWorker-601| 2026-06-21 23:30:34,257,257 multiprocessing INFO STARTING NEW RUN ==========
SpawnPoolWorker-601| 2026-06-21 23:30:34,257,257 multiprocessing INFO SEE LOG AT : ./logs/all_Lyapunov_test_dso-fn_d_all_z_01_log.txt
SpawnPoolWorker-601| 2026-06-21 23:30:34,257,257 multiprocessing INFO See log at : ./logs/all_Lyapunov_test_dso-fn_d_all_z_01_log.txt
SpawnPoolWorker-599| 2026-06-21 23:30:34,258,258 multiprocessing INFO STARTING NEW RUN ==========
SpawnPoolWorker-599| 2026-06-21 23:30:34,258,258 multiprocessing INFO SEE LOG AT : ./logs/all_Lyapunov_test_dso-fn_d_all_z_01_log.txt
SpawnPoolWorker-599| 2026-06-21 23:30:34,258,258 multiprocessing INFO See log at : ./logs/all_Lyapunov_test_dso-fn_d_all_z_01_log.txt
SpawnPoolWorker-601| 2026-06-21 23:30:34,261,261 multiprocessing INFO child process calling self.run()
SpawnPoolWorker-599| 2026-06-21 23:30:34,263,263 multiprocessing INFO child process calling self.run()
SpawnPoolWorker-606| 2026-06-21 23:30:34,305,305 multiprocessing INFO STARTING NEW RUN ==========
SpawnPoolWorker-606| 2026-06-21 23:30:34,305,305 multiprocessing INFO SEE LOG AT : ./logs/all_Lyapunov_test_dso-fn_d_all_z_01_log.txt
SpawnPoolWorker-606| 2026-06-21 23:30:34,305,305 multiprocessing INFO See log at : ./logs/all_Lyapunov_test_dso-fn_d_all_z_01_log.txt
SpawnPoolWorker-606| 2026-06-21 23:30:34,312,312 multiprocessing INFO child process calling self.run()
SpawnPoolWorker-609| 2026-06-21 23:30:34,452,452 multiprocessing INFO STARTING NEW RUN ==========
SpawnPoolWorker-609| 2026-06-21 23:30:34,452,452 multiprocessing INFO SEE LOG AT : ./logs/all_Lyapunov_test_dso-fn_d_all_z_01_log.txt
SpawnPoolWorker-609| 2026-06-21 23:30:34,452,452 multiprocessing INFO See log at : ./logs/all_Lyapunov_test_dso-fn_d_all_z_01_log.txt
SpawnPoolWorker-609| 2026-06-21 23:30:34,469,469 multiprocessing INFO child process calling self.run()
SpawnPoolWorker-602| 2026-06-21 23:30:34,545,545 multiprocessing INFO STARTING NEW RUN ==========
SpawnPoolWorker-602| 2026-06-21 23:30:34,545,545 multiprocessing INFO SEE LOG AT : ./logs/all_Lyapunov_test_dso-fn_d_all_z_01_log.txt
SpawnPoolWorker-602| 2026-06-21 23:30:34,545,545 multiprocessing INFO See log at : ./logs/all_Lyapunov_test_dso-fn_d_all_z_01_log.txt
SpawnPoolWorker-602| 2026-06-21 23:30:34,552,552 multiprocessing INFO child process calling self.run()
SpawnPoolWorker-605| 2026-06-21 23:30:34,749,749 multiprocessing INFO STARTING NEW RUN ==========
SpawnPoolWorker-605| 2026-06-21 23:30:34,749,749 multiprocessing INFO SEE LOG AT : ./logs/all_Lyapunov_test_dso-fn_d_all_z_01_log.txt
SpawnPoolWorker-605| 2026-06-21 23:30:34,749,749 multiprocessing INFO See log at : ./logs/all_Lyapunov_test_dso-fn_d_all_z_01_log.txt
SpawnPoolWorker-605| 2026-06-21 23:30:34,751,751 multiprocessing INFO child process calling self.run()
SpawnPoolWorker-607| 2026-06-21 23:30:34,971,971 multiprocessing INFO STARTING NEW RUN ==========
SpawnPoolWorker-607| 2026-06-21 23:30:34,971,971 multiprocessing INFO SEE LOG AT : ./logs/all_Lyapunov_test_dso-fn_d_all_z_01_log.txt
SpawnPoolWorker-607| 2026-06-21 23:30:34,971,971 multiprocessing INFO See log at : ./logs/all_Lyapunov_test_dso-fn_d_all_z_01_log.txt
SpawnPoolWorker-610| 2026-06-21 23:30:34,975,975 multiprocessing INFO STARTING NEW RUN ==========
SpawnPoolWorker-610| 2026-06-21 23:30:34,975,975 multiprocessing INFO SEE LOG AT : ./logs/all_Lyapunov_test_dso-fn_d_all_z_01_log.txt
SpawnPoolWorker-610| 2026-06-21 23:30:34,975,975 multiprocessing INFO See log at : ./logs/all_Lyapunov_test_dso-fn_d_all_z_01_log.txt
SpawnPoolWorker-610| 2026-06-21 23:30:34,981,981 multiprocessing INFO child process calling self.run()
SpawnPoolWorker-607| 2026-06-21 23:30:34,982,982 multiprocessing INFO child process calling self.run()
SpawnPoolWorker-611| 2026-06-21 23:30:35,650,650 multiprocessing INFO STARTING NEW RUN ==========
SpawnPoolWorker-611| 2026-06-21 23:30:35,650,650 multiprocessing INFO SEE LOG AT : ./logs/all_Lyapunov_test_dso-fn_d_all_z_01_log.txt
SpawnPoolWorker-611| 2026-06-21 23:30:35,650,650 multiprocessing INFO See log at : ./logs/all_Lyapunov_test_dso-fn_d_all_z_01_log.txt
SpawnPoolWorker-611| 2026-06-21 23:30:35,659,659 multiprocessing INFO child process calling self.run()
SpawnPoolWorker-612| 2026-06-21 23:30:36,025,25 multiprocessing INFO STARTING NEW RUN ==========
SpawnPoolWorker-612| 2026-06-21 23:30:36,025,25 multiprocessing INFO SEE LOG AT : ./logs/all_Lyapunov_test_dso-fn_d_all_z_01_log.txt
SpawnPoolWorker-612| 2026-06-21 23:30:36,025,25 multiprocessing INFO See log at : ./logs/all_Lyapunov_test_dso-fn_d_all_z_01_log.txt
SpawnPoolWorker-612| 2026-06-21 23:30:36,033,33 multiprocessing INFO child process calling self.run()
SpawnPoolWorker-608| 2026-06-21 23:30:36,240,240 multiprocessing INFO STARTING NEW RUN ==========
SpawnPoolWorker-608| 2026-06-21 23:30:36,240,240 multiprocessing INFO SEE LOG AT : ./logs/all_Lyapunov_test_dso-fn_d_all_z_01_log.txt
SpawnPoolWorker-608| 2026-06-21 23:30:36,240,240 multiprocessing INFO See log at : ./logs/all_Lyapunov_test_dso-fn_d_all_z_01_log.txt
SpawnPoolWorker-608| 2026-06-21 23:30:36,256,256 multiprocessing INFO child process calling self.run()
SpawnPoolWorker-612| 2026-06-21 23:30:37,390,390 multiprocessing INFO process shutting down
SpawnPoolWorker-608| 2026-06-21 23:30:37,390,390 multiprocessing INFO process shutting down
SpawnPoolWorker-612| 2026-06-21 23:30:37,390,390 multiprocessing INFO process exiting with exitcode 0
SpawnPoolWorker-608| 2026-06-21 23:30:37,390,390 multiprocessing INFO process exiting with exitcode 0
SpawnPoolWorker-603| 2026-06-21 23:30:37,390,390 multiprocessing INFO process shutting down
SpawnPoolWorker-596| 2026-06-21 23:30:37,390,390 multiprocessing INFO process shutting down
SpawnPoolWorker-598| 2026-06-21 23:30:37,390,390 multiprocessing INFO process shutting down
SpawnPoolWorker-603| 2026-06-21 23:30:37,391,391 multiprocessing INFO process exiting with exitcode 0
SpawnPoolWorker-595| 2026-06-21 23:30:37,391,391 multiprocessing INFO process shutting down
SpawnPoolWorker-600| 2026-06-21 23:30:37,391,391 multiprocessing INFO process shutting down
SpawnPoolWorker-591| 2026-06-21 23:30:37,391,391 multiprocessing INFO process shutting down
SpawnPoolWorker-594| 2026-06-21 23:30:37,391,391 multiprocessing INFO process shutting down
SpawnPoolWorker-589| 2026-06-21 23:30:37,391,391 multiprocessing INFO process shutting down
SpawnPoolWorker-593| 2026-06-21 23:30:37,392,392 multiprocessing INFO process shutting down
SpawnPoolWorker-592| 2026-06-21 23:30:37,391,391 multiprocessing INFO process shutting down
SpawnPoolWorker-609| 2026-06-21 23:30:37,392,392 multiprocessing INFO process shutting down
SpawnPoolWorker-610| 2026-06-21 23:30:37,392,392 multiprocessing INFO process shutting down
SpawnPoolWorker-606| 2026-06-21 23:30:37,392,392 multiprocessing INFO process shutting down
SpawnPoolWorker-597| 2026-06-21 23:30:37,393,393 multiprocessing INFO process shutting down
SpawnPoolWorker-596| 2026-06-21 23:30:37,393,393 multiprocessing INFO process exiting with exitcode 0
SpawnPoolWorker-606| 2026-06-21 23:30:37,393,393 multiprocessing INFO process exiting with exitcode 0
SpawnPoolWorker-597| 2026-06-21 23:30:37,393,393 multiprocessing INFO process exiting with exitcode 0
SpawnPoolWorker-602| 2026-06-21 23:30:37,393,393 multiprocessing INFO process shutting down
SpawnPoolWorker-602| 2026-06-21 23:30:37,394,394 multiprocessing INFO process exiting with exitcode 0
SpawnPoolWorker-590| 2026-06-21 23:30:37,393,393 multiprocessing INFO process shutting down
SpawnPoolWorker-601| 2026-06-21 23:30:37,393,393 multiprocessing INFO process shutting down
SpawnPoolWorker-605| 2026-06-21 23:30:37,394,394 multiprocessing INFO process shutting down
SpawnPoolWorker-599| 2026-06-21 23:30:37,394,394 multiprocessing INFO process shutting down
SpawnPoolWorker-607| 2026-06-21 23:30:37,394,394 multiprocessing INFO process shutting down
28
(50000, 6)
(50000,)
(50000, 6)
(50000,)

=======================Successfully Added (25000, 6) Counter Examples=======================


============None of the candidates fulfill the conditions. Training CONTINUES!=================

MainProcess| 2026-06-21 23:30:38,878,878 multiprocessing INFO 
============None of the candidates fulfill the conditions. Training CONTINUES!=================


============None of the candidates fulfill the conditions. Training CONTINUES!=================

(55, 108)
/users/9/chen8596/miniconda3/envs/alfd/lib/python3.9/site-packages/torch/nn/functional.py:4999: UserWarning: Support for mismatched key_padding_mask and attn_mask is deprecated. Use same type for both instead.
  warnings.warn(

==============Start Supervised Learning==============

MainProcess| 2026-06-21 23:30:41,644,644 multiprocessing INFO GP output mean: 0.47921436716041754
GP output mean: 0.47921436716041754
MainProcess| 2026-06-21 23:30:41,977,977 multiprocessing INFO GP output success rate: 0.0
GP output success rate: 0.0

==============End Supervised Learning==============

MainProcess| 2026-06-21 23:30:44,178,178 multiprocessing INFO [Test epoch=0018]  nevals=247924 	| train_loss=5313.22900 	| eqs_invalid %=0.00 	| r_best=0.97813 	| quantile=0.19746 	| r_quantile_mean=0.75127 	| r_raw_sum=42.93198 	|  r_raw_mean=0.49921 	| r2=nan 	| acc_iid=0.00000 	| acc_ood=0.00000 	| nmse_test=0.010193485661486585 	| true_equation_set_count=0 	| s/it=108.43350
[Test epoch=0018]  nevals=247924 	| train_loss=5313.22900 	| eqs_invalid %=0.00 	| r_best=0.97813 	| quantile=0.19746 	| r_quantile_mean=0.75127 	| r_raw_sum=42.93198 	|  r_raw_mean=0.49921 	| r2=nan 	| acc_iid=0.00000 	| acc_ood=0.00000 	| nmse_test=0.010193485661486585 	| true_equation_set_count=0 	| s/it=108.43350
MainProcess| 2026-06-21 23:32:06,421,421 multiprocessing INFO Genetic Porgramming Runtime 81.30878986488096
Genetic Porgramming Runtime 81.30878986488096

=========================PGD Collection Starts=========================

SpawnPoolWorker-615| 2026-06-21 23:32:11,328,328 multiprocessing INFO STARTING NEW RUN ==========
SpawnPoolWorker-615| 2026-06-21 23:32:11,328,328 multiprocessing INFO SEE LOG AT : ./logs/all_Lyapunov_test_dso-fn_d_all_z_01_log.txt
SpawnPoolWorker-615| 2026-06-21 23:32:11,328,328 multiprocessing INFO See log at : ./logs/all_Lyapunov_test_dso-fn_d_all_z_01_log.txt
SpawnPoolWorker-615| 2026-06-21 23:32:11,334,334 multiprocessing INFO child process calling self.run()
SpawnPoolWorker-618| 2026-06-21 23:32:11,341,341 multiprocessing INFO STARTING NEW RUN ==========
SpawnPoolWorker-618| 2026-06-21 23:32:11,341,341 multiprocessing INFO SEE LOG AT : ./logs/all_Lyapunov_test_dso-fn_d_all_z_01_log.txt
SpawnPoolWorker-618| 2026-06-21 23:32:11,341,341 multiprocessing INFO See log at : ./logs/all_Lyapunov_test_dso-fn_d_all_z_01_log.txt
SpawnPoolWorker-618| 2026-06-21 23:32:11,343,343 multiprocessing INFO child process calling self.run()
SpawnPoolWorker-616| 2026-06-21 23:32:11,346,346 multiprocessing INFO STARTING NEW RUN ==========
SpawnPoolWorker-616| 2026-06-21 23:32:11,346,346 multiprocessing INFO SEE LOG AT : ./logs/all_Lyapunov_test_dso-fn_d_all_z_01_log.txt
SpawnPoolWorker-616| 2026-06-21 23:32:11,346,346 multiprocessing INFO See log at : ./logs/all_Lyapunov_test_dso-fn_d_all_z_01_log.txt
SpawnPoolWorker-616| 2026-06-21 23:32:11,348,348 multiprocessing INFO child process calling self.run()
SpawnPoolWorker-613| 2026-06-21 23:32:11,350,350 multiprocessing INFO STARTING NEW RUN ==========
SpawnPoolWorker-613| 2026-06-21 23:32:11,350,350 multiprocessing INFO SEE LOG AT : ./logs/all_Lyapunov_test_dso-fn_d_all_z_01_log.txt
SpawnPoolWorker-613| 2026-06-21 23:32:11,350,350 multiprocessing INFO See log at : ./logs/all_Lyapunov_test_dso-fn_d_all_z_01_log.txt
SpawnPoolWorker-613| 2026-06-21 23:32:11,353,353 multiprocessing INFO child process calling self.run()
SpawnPoolWorker-617| 2026-06-21 23:32:11,359,359 multiprocessing INFO STARTING NEW RUN ==========
SpawnPoolWorker-617| 2026-06-21 23:32:11,359,359 multiprocessing INFO SEE LOG AT : ./logs/all_Lyapunov_test_dso-fn_d_all_z_01_log.txt
SpawnPoolWorker-617| 2026-06-21 23:32:11,359,359 multiprocessing INFO See log at : ./logs/all_Lyapunov_test_dso-fn_d_all_z_01_log.txt
SpawnPoolWorker-617| 2026-06-21 23:32:11,360,360 multiprocessing INFO child process calling self.run()
SpawnPoolWorker-614| 2026-06-21 23:32:11,380,380 multiprocessing INFO STARTING NEW RUN ==========
SpawnPoolWorker-614| 2026-06-21 23:32:11,380,380 multiprocessing INFO SEE LOG AT : ./logs/all_Lyapunov_test_dso-fn_d_all_z_01_log.txt
SpawnPoolWorker-614| 2026-06-21 23:32:11,380,380 multiprocessing INFO See log at : ./logs/all_Lyapunov_test_dso-fn_d_all_z_01_log.txt
SpawnPoolWorker-614| 2026-06-21 23:32:11,382,382 multiprocessing INFO child process calling self.run()
SpawnPoolWorker-620| 2026-06-21 23:32:11,426,426 multiprocessing INFO STARTING NEW RUN ==========
SpawnPoolWorker-620| 2026-06-21 23:32:11,426,426 multiprocessing INFO SEE LOG AT : ./logs/all_Lyapunov_test_dso-fn_d_all_z_01_log.txt
SpawnPoolWorker-620| 2026-06-21 23:32:11,426,426 multiprocessing INFO See log at : ./logs/all_Lyapunov_test_dso-fn_d_all_z_01_log.txt
SpawnPoolWorker-620| 2026-06-21 23:32:11,428,428 multiprocessing INFO child process calling self.run()
SpawnPoolWorker-619| 2026-06-21 23:32:11,502,502 multiprocessing INFO STARTING NEW RUN ==========
SpawnPoolWorker-619| 2026-06-21 23:32:11,502,502 multiprocessing INFO SEE LOG AT : ./logs/all_Lyapunov_test_dso-fn_d_all_z_01_log.txt
SpawnPoolWorker-619| 2026-06-21 23:32:11,502,502 multiprocessing INFO See log at : ./logs/all_Lyapunov_test_dso-fn_d_all_z_01_log.txt
SpawnPoolWorker-619| 2026-06-21 23:32:11,504,504 multiprocessing INFO child process calling self.run()
SpawnPoolWorker-621| 2026-06-21 23:32:11,616,616 multiprocessing INFO STARTING NEW RUN ==========
SpawnPoolWorker-621| 2026-06-21 23:32:11,616,616 multiprocessing INFO SEE LOG AT : ./logs/all_Lyapunov_test_dso-fn_d_all_z_01_log.txt
SpawnPoolWorker-621| 2026-06-21 23:32:11,616,616 multiprocessing INFO See log at : ./logs/all_Lyapunov_test_dso-fn_d_all_z_01_log.txt
SpawnPoolWorker-621| 2026-06-21 23:32:11,618,618 multiprocessing INFO child process calling self.run()
SpawnPoolWorker-622| 2026-06-21 23:32:11,672,672 multiprocessing INFO STARTING NEW RUN ==========
SpawnPoolWorker-622| 2026-06-21 23:32:11,673,673 multiprocessing INFO SEE LOG AT : ./logs/all_Lyapunov_test_dso-fn_d_all_z_01_log.txt
SpawnPoolWorker-622| 2026-06-21 23:32:11,673,673 multiprocessing INFO See log at : ./logs/all_Lyapunov_test_dso-fn_d_all_z_01_log.txt
SpawnPoolWorker-622| 2026-06-21 23:32:11,674,674 multiprocessing INFO child process calling self.run()
SpawnPoolWorker-622| 2026-06-21 23:32:31,978,978 multiprocessing INFO process shutting down
SpawnPoolWorker-618| 2026-06-21 23:32:31,978,978 multiprocessing INFO process shutting down
SpawnPoolWorker-613| 2026-06-21 23:32:31,978,978 multiprocessing INFO process shutting down
SpawnPoolWorker-616| 2026-06-21 23:32:31,978,978 multiprocessing INFO process shutting down
SpawnPoolWorker-620| 2026-06-21 23:32:31,978,978 multiprocessing INFO process shutting down
SpawnPoolWorker-622| 2026-06-21 23:32:31,979,979 multiprocessing INFO process exiting with exitcode 0
SpawnPoolWorker-618| 2026-06-21 23:32:31,979,979 multiprocessing INFO process exiting with exitcode 0
SpawnPoolWorker-613| 2026-06-21 23:32:31,979,979 multiprocessing INFO process exiting with exitcode 0
SpawnPoolWorker-616| 2026-06-21 23:32:31,979,979 multiprocessing INFO process exiting with exitcode 0
SpawnPoolWorker-620| 2026-06-21 23:32:31,979,979 multiprocessing INFO process exiting with exitcode 0
SpawnPoolWorker-617| 2026-06-21 23:32:31,980,980 multiprocessing INFO process shutting down
SpawnPoolWorker-619| 2026-06-21 23:32:31,980,980 multiprocessing INFO process shutting down
(10000,)

===================Collect 10000 Examples===================

Epsilon 0.1
500
(550,)
(550,)
(55,)
Number of Programs for Minimization: 30
SpawnPoolWorker-626| 2026-06-21 23:32:45,997,997 multiprocessing INFO STARTING NEW RUN ==========
SpawnPoolWorker-626| 2026-06-21 23:32:45,998,998 multiprocessing INFO SEE LOG AT : ./logs/all_Lyapunov_test_dso-fn_d_all_z_01_log.txt
SpawnPoolWorker-626| 2026-06-21 23:32:45,998,998 multiprocessing INFO See log at : ./logs/all_Lyapunov_test_dso-fn_d_all_z_01_log.txt
SpawnPoolWorker-626| 2026-06-21 23:32:46,005,5 multiprocessing INFO child process calling self.run()
SpawnPoolWorker-623| 2026-06-21 23:32:46,086,86 multiprocessing INFO STARTING NEW RUN ==========
SpawnPoolWorker-623| 2026-06-21 23:32:46,086,86 multiprocessing INFO SEE LOG AT : ./logs/all_Lyapunov_test_dso-fn_d_all_z_01_log.txt
SpawnPoolWorker-623| 2026-06-21 23:32:46,086,86 multiprocessing INFO See log at : ./logs/all_Lyapunov_test_dso-fn_d_all_z_01_log.txt
SpawnPoolWorker-623| 2026-06-21 23:32:46,088,88 multiprocessing INFO child process calling self.run()
SpawnPoolWorker-635| 2026-06-21 23:32:46,574,574 multiprocessing INFO STARTING NEW RUN ==========
SpawnPoolWorker-635| 2026-06-21 23:32:46,574,574 multiprocessing INFO SEE LOG AT : ./logs/all_Lyapunov_test_dso-fn_d_all_z_01_log.txt
SpawnPoolWorker-635| 2026-06-21 23:32:46,574,574 multiprocessing INFO See log at : ./logs/all_Lyapunov_test_dso-fn_d_all_z_01_log.txt
SpawnPoolWorker-635| 2026-06-21 23:32:46,576,576 multiprocessing INFO child process calling self.run()
SpawnPoolWorker-637| 2026-06-21 23:32:48,861,861 multiprocessing INFO STARTING NEW RUN ==========
SpawnPoolWorker-637| 2026-06-21 23:32:48,861,861 multiprocessing INFO SEE LOG AT : ./logs/all_Lyapunov_test_dso-fn_d_all_z_01_log.txt
SpawnPoolWorker-637| 2026-06-21 23:32:48,861,861 multiprocessing INFO See log at : ./logs/all_Lyapunov_test_dso-fn_d_all_z_01_log.txt
SpawnPoolWorker-637| 2026-06-21 23:32:48,863,863 multiprocessing INFO child process calling self.run()
SpawnPoolWorker-628| 2026-06-21 23:32:48,886,886 multiprocessing INFO STARTING NEW RUN ==========
SpawnPoolWorker-628| 2026-06-21 23:32:48,886,886 multiprocessing INFO SEE LOG AT : ./logs/all_Lyapunov_test_dso-fn_d_all_z_01_log.txt
SpawnPoolWorker-628| 2026-06-21 23:32:48,886,886 multiprocessing INFO See log at : ./logs/all_Lyapunov_test_dso-fn_d_all_z_01_log.txt
SpawnPoolWorker-628| 2026-06-21 23:32:48,893,893 multiprocessing INFO child process calling self.run()
SpawnPoolWorker-636| 2026-06-21 23:32:49,457,457 multiprocessing INFO STARTING NEW RUN ==========
SpawnPoolWorker-636| 2026-06-21 23:32:49,457,457 multiprocessing INFO SEE LOG AT : ./logs/all_Lyapunov_test_dso-fn_d_all_z_01_log.txt
SpawnPoolWorker-636| 2026-06-21 23:32:49,457,457 multiprocessing INFO See log at : ./logs/all_Lyapunov_test_dso-fn_d_all_z_01_log.txt
SpawnPoolWorker-636| 2026-06-21 23:32:49,459,459 multiprocessing INFO child process calling self.run()
SpawnPoolWorker-627| 2026-06-21 23:32:49,743,743 multiprocessing INFO STARTING NEW RUN ==========
SpawnPoolWorker-627| 2026-06-21 23:32:49,743,743 multiprocessing INFO SEE LOG AT : ./logs/all_Lyapunov_test_dso-fn_d_all_z_01_log.txt
SpawnPoolWorker-627| 2026-06-21 23:32:49,743,743 multiprocessing INFO See log at : ./logs/all_Lyapunov_test_dso-fn_d_all_z_01_log.txt
SpawnPoolWorker-629| 2026-06-21 23:32:49,744,744 multiprocessing INFO STARTING NEW RUN ==========
SpawnPoolWorker-629| 2026-06-21 23:32:49,744,744 multiprocessing INFO SEE LOG AT : ./logs/all_Lyapunov_test_dso-fn_d_all_z_01_log.txt
SpawnPoolWorker-629| 2026-06-21 23:32:49,744,744 multiprocessing INFO See log at : ./logs/all_Lyapunov_test_dso-fn_d_all_z_01_log.txt
SpawnPoolWorker-629| 2026-06-21 23:32:49,747,747 multiprocessing INFO child process calling self.run()
SpawnPoolWorker-627| 2026-06-21 23:32:49,748,748 multiprocessing INFO child process calling self.run()
SpawnPoolWorker-646| 2026-06-21 23:32:49,811,811 multiprocessing INFO STARTING NEW RUN ==========
SpawnPoolWorker-646| 2026-06-21 23:32:49,811,811 multiprocessing INFO SEE LOG AT : ./logs/all_Lyapunov_test_dso-fn_d_all_z_01_log.txt
SpawnPoolWorker-646| 2026-06-21 23:32:49,811,811 multiprocessing INFO See log at : ./logs/all_Lyapunov_test_dso-fn_d_all_z_01_log.txt
SpawnPoolWorker-646| 2026-06-21 23:32:49,820,820 multiprocessing INFO child process calling self.run()
SpawnPoolWorker-632| 2026-06-21 23:32:49,865,865 multiprocessing INFO STARTING NEW RUN ==========
SpawnPoolWorker-632| 2026-06-21 23:32:49,865,865 multiprocessing INFO SEE LOG AT : ./logs/all_Lyapunov_test_dso-fn_d_all_z_01_log.txt
SpawnPoolWorker-632| 2026-06-21 23:32:49,865,865 multiprocessing INFO See log at : ./logs/all_Lyapunov_test_dso-fn_d_all_z_01_log.txt
SpawnPoolWorker-632| 2026-06-21 23:32:49,867,867 multiprocessing INFO child process calling self.run()
SpawnPoolWorker-644| 2026-06-21 23:32:50,317,317 multiprocessing INFO STARTING NEW RUN ==========
SpawnPoolWorker-644| 2026-06-21 23:32:50,318,318 multiprocessing INFO SEE LOG AT : ./logs/all_Lyapunov_test_dso-fn_d_all_z_01_log.txt
SpawnPoolWorker-644| 2026-06-21 23:32:50,318,318 multiprocessing INFO See log at : ./logs/all_Lyapunov_test_dso-fn_d_all_z_01_log.txt
SpawnPoolWorker-644| 2026-06-21 23:32:50,320,320 multiprocessing INFO child process calling self.run()
SpawnPoolWorker-630| 2026-06-21 23:32:50,440,440 multiprocessing INFO STARTING NEW RUN ==========
SpawnPoolWorker-630| 2026-06-21 23:32:50,440,440 multiprocessing INFO SEE LOG AT : ./logs/all_Lyapunov_test_dso-fn_d_all_z_01_log.txt
SpawnPoolWorker-630| 2026-06-21 23:32:50,440,440 multiprocessing INFO See log at : ./logs/all_Lyapunov_test_dso-fn_d_all_z_01_log.txt
SpawnPoolWorker-630| 2026-06-21 23:32:50,442,442 multiprocessing INFO child process calling self.run()
SpawnPoolWorker-624| 2026-06-21 23:32:50,676,676 multiprocessing INFO STARTING NEW RUN ==========
SpawnPoolWorker-624| 2026-06-21 23:32:50,676,676 multiprocessing INFO SEE LOG AT : ./logs/all_Lyapunov_test_dso-fn_d_all_z_01_log.txt
SpawnPoolWorker-624| 2026-06-21 23:32:50,677,677 multiprocessing INFO See log at : ./logs/all_Lyapunov_test_dso-fn_d_all_z_01_log.txt
SpawnPoolWorker-624| 2026-06-21 23:32:50,689,689 multiprocessing INFO child process calling self.run()
SpawnPoolWorker-643| 2026-06-21 23:32:50,766,766 multiprocessing INFO STARTING NEW RUN ==========
SpawnPoolWorker-643| 2026-06-21 23:32:50,767,767 multiprocessing INFO SEE LOG AT : ./logs/all_Lyapunov_test_dso-fn_d_all_z_01_log.txt
SpawnPoolWorker-643| 2026-06-21 23:32:50,767,767 multiprocessing INFO See log at : ./logs/all_Lyapunov_test_dso-fn_d_all_z_01_log.txt
SpawnPoolWorker-643| 2026-06-21 23:32:50,769,769 multiprocessing INFO child process calling self.run()
SpawnPoolWorker-638| 2026-06-21 23:32:50,774,774 multiprocessing INFO STARTING NEW RUN ==========
SpawnPoolWorker-638| 2026-06-21 23:32:50,774,774 multiprocessing INFO SEE LOG AT : ./logs/all_Lyapunov_test_dso-fn_d_all_z_01_log.txt
SpawnPoolWorker-638| 2026-06-21 23:32:50,774,774 multiprocessing INFO See log at : ./logs/all_Lyapunov_test_dso-fn_d_all_z_01_log.txt
SpawnPoolWorker-638| 2026-06-21 23:32:50,776,776 multiprocessing INFO child process calling self.run()
SpawnPoolWorker-633| 2026-06-21 23:32:50,854,854 multiprocessing INFO STARTING NEW RUN ==========
SpawnPoolWorker-633| 2026-06-21 23:32:50,854,854 multiprocessing INFO SEE LOG AT : ./logs/all_Lyapunov_test_dso-fn_d_all_z_01_log.txt
SpawnPoolWorker-633| 2026-06-21 23:32:50,854,854 multiprocessing INFO See log at : ./logs/all_Lyapunov_test_dso-fn_d_all_z_01_log.txt
SpawnPoolWorker-633| 2026-06-21 23:32:50,855,855 multiprocessing INFO child process calling self.run()
SpawnPoolWorker-640| 2026-06-21 23:32:50,997,997 multiprocessing INFO STARTING NEW RUN ==========
SpawnPoolWorker-640| 2026-06-21 23:32:50,997,997 multiprocessing INFO SEE LOG AT : ./logs/all_Lyapunov_test_dso-fn_d_all_z_01_log.txt
SpawnPoolWorker-640| 2026-06-21 23:32:50,997,997 multiprocessing INFO See log at : ./logs/all_Lyapunov_test_dso-fn_d_all_z_01_log.txt
SpawnPoolWorker-640| 2026-06-21 23:32:51,018,18 multiprocessing INFO child process calling self.run()
SpawnPoolWorker-641| 2026-06-21 23:32:51,036,36 multiprocessing INFO STARTING NEW RUN ==========
SpawnPoolWorker-641| 2026-06-21 23:32:51,036,36 multiprocessing INFO SEE LOG AT : ./logs/all_Lyapunov_test_dso-fn_d_all_z_01_log.txt
SpawnPoolWorker-641| 2026-06-21 23:32:51,036,36 multiprocessing INFO See log at : ./logs/all_Lyapunov_test_dso-fn_d_all_z_01_log.txt
SpawnPoolWorker-634| 2026-06-21 23:32:51,036,36 multiprocessing INFO STARTING NEW RUN ==========
SpawnPoolWorker-634| 2026-06-21 23:32:51,036,36 multiprocessing INFO SEE LOG AT : ./logs/all_Lyapunov_test_dso-fn_d_all_z_01_log.txt
SpawnPoolWorker-634| 2026-06-21 23:32:51,036,36 multiprocessing INFO See log at : ./logs/all_Lyapunov_test_dso-fn_d_all_z_01_log.txt
SpawnPoolWorker-639| 2026-06-21 23:32:51,037,37 multiprocessing INFO STARTING NEW RUN ==========
SpawnPoolWorker-639| 2026-06-21 23:32:51,037,37 multiprocessing INFO SEE LOG AT : ./logs/all_Lyapunov_test_dso-fn_d_all_z_01_log.txt
SpawnPoolWorker-639| 2026-06-21 23:32:51,037,37 multiprocessing INFO See log at : ./logs/all_Lyapunov_test_dso-fn_d_all_z_01_log.txt
SpawnPoolWorker-641| 2026-06-21 23:32:51,038,38 multiprocessing INFO child process calling self.run()
SpawnPoolWorker-639| 2026-06-21 23:32:51,041,41 multiprocessing INFO child process calling self.run()
SpawnPoolWorker-634| 2026-06-21 23:32:51,045,45 multiprocessing INFO child process calling self.run()
SpawnPoolWorker-645| 2026-06-21 23:32:51,080,80 multiprocessing INFO STARTING NEW RUN ==========
SpawnPoolWorker-645| 2026-06-21 23:32:51,080,80 multiprocessing INFO SEE LOG AT : ./logs/all_Lyapunov_test_dso-fn_d_all_z_01_log.txt
SpawnPoolWorker-645| 2026-06-21 23:32:51,080,80 multiprocessing INFO See log at : ./logs/all_Lyapunov_test_dso-fn_d_all_z_01_log.txt
SpawnPoolWorker-645| 2026-06-21 23:32:51,090,90 multiprocessing INFO child process calling self.run()
SpawnPoolWorker-642| 2026-06-21 23:32:51,093,93 multiprocessing INFO STARTING NEW RUN ==========
SpawnPoolWorker-642| 2026-06-21 23:32:51,093,93 multiprocessing INFO SEE LOG AT : ./logs/all_Lyapunov_test_dso-fn_d_all_z_01_log.txt
SpawnPoolWorker-642| 2026-06-21 23:32:51,093,93 multiprocessing INFO See log at : ./logs/all_Lyapunov_test_dso-fn_d_all_z_01_log.txt
SpawnPoolWorker-642| 2026-06-21 23:32:51,097,97 multiprocessing INFO child process calling self.run()
SpawnPoolWorker-625| 2026-06-21 23:32:51,156,156 multiprocessing INFO STARTING NEW RUN ==========
SpawnPoolWorker-625| 2026-06-21 23:32:51,156,156 multiprocessing INFO SEE LOG AT : ./logs/all_Lyapunov_test_dso-fn_d_all_z_01_log.txt
SpawnPoolWorker-625| 2026-06-21 23:32:51,156,156 multiprocessing INFO See log at : ./logs/all_Lyapunov_test_dso-fn_d_all_z_01_log.txt
SpawnPoolWorker-625| 2026-06-21 23:32:51,158,158 multiprocessing INFO child process calling self.run()
SpawnPoolWorker-631| 2026-06-21 23:32:51,238,238 multiprocessing INFO STARTING NEW RUN ==========
SpawnPoolWorker-631| 2026-06-21 23:32:51,238,238 multiprocessing INFO SEE LOG AT : ./logs/all_Lyapunov_test_dso-fn_d_all_z_01_log.txt
SpawnPoolWorker-631| 2026-06-21 23:32:51,238,238 multiprocessing INFO See log at : ./logs/all_Lyapunov_test_dso-fn_d_all_z_01_log.txt
SpawnPoolWorker-631| 2026-06-21 23:32:51,245,245 multiprocessing INFO child process calling self.run()
SpawnPoolWorker-640| 2026-06-21 23:32:52,015,15 multiprocessing INFO process shutting down
SpawnPoolWorker-626| 2026-06-21 23:32:52,015,15 multiprocessing INFO process shutting down
SpawnPoolWorker-641| 2026-06-21 23:32:52,015,15 multiprocessing INFO process shutting down
SpawnPoolWorker-640| 2026-06-21 23:32:52,015,15 multiprocessing INFO process exiting with exitcode 0
SpawnPoolWorker-639| 2026-06-21 23:32:52,015,15 multiprocessing INFO process shutting down
SpawnPoolWorker-641| 2026-06-21 23:32:52,016,16 multiprocessing INFO process exiting with exitcode 0
SpawnPoolWorker-626| 2026-06-21 23:32:52,016,16 multiprocessing INFO process exiting with exitcode 0
SpawnPoolWorker-634| 2026-06-21 23:32:52,016,16 multiprocessing INFO process shutting down
SpawnPoolWorker-639| 2026-06-21 23:32:52,016,16 multiprocessing INFO process exiting with exitcode 0
SpawnPoolWorker-645| 2026-06-21 23:32:52,016,16 multiprocessing INFO process shutting down
SpawnPoolWorker-642| 2026-06-21 23:32:52,016,16 multiprocessing INFO process shutting down
SpawnPoolWorker-625| 2026-06-21 23:32:52,016,16 multiprocessing INFO process shutting down
SpawnPoolWorker-631| 2026-06-21 23:32:52,016,16 multiprocessing INFO process shutting down
SpawnPoolWorker-623| 2026-06-21 23:32:52,016,16 multiprocessing INFO process shutting down
SpawnPoolWorker-644| 2026-06-21 23:32:52,016,16 multiprocessing INFO process shutting down
SpawnPoolWorker-636| 2026-06-21 23:32:52,016,16 multiprocessing INFO process shutting down
SpawnPoolWorker-646| 2026-06-21 23:32:52,017,17 multiprocessing INFO process shutting down
SpawnPoolWorker-627| 2026-06-21 23:32:52,017,17 multiprocessing INFO process shutting down
SpawnPoolWorker-630| 2026-06-21 23:32:52,017,17 multiprocessing INFO process shutting down
SpawnPoolWorker-635| 2026-06-21 23:32:52,015,15 multiprocessing INFO process shutting down
SpawnPoolWorker-632| 2026-06-21 23:32:52,017,17 multiprocessing INFO process shutting down
SpawnPoolWorker-632| 2026-06-21 23:32:52,018,18 multiprocessing INFO process exiting with exitcode 0
SpawnPoolWorker-624| 2026-06-21 23:32:52,018,18 multiprocessing INFO process shutting down
SpawnPoolWorker-629| 2026-06-21 23:32:52,018,18 multiprocessing INFO process shutting down
SpawnPoolWorker-628| 2026-06-21 23:32:52,018,18 multiprocessing INFO process shutting down
SpawnPoolWorker-633| 2026-06-21 23:32:52,018,18 multiprocessing INFO process shutting down
SpawnPoolWorker-637| 2026-06-21 23:32:52,017,17 multiprocessing INFO process shutting down
SpawnPoolWorker-638| 2026-06-21 23:32:52,017,17 multiprocessing INFO process shutting down
30
(50000, 6)
(50000,)
(50000, 6)
(50000,)

=======================Successfully Added (1061, 6) Counter Examples=======================


============None of the candidates fulfill the conditions. Training CONTINUES!=================

MainProcess| 2026-06-21 23:32:54,399,399 multiprocessing INFO 
============None of the candidates fulfill the conditions. Training CONTINUES!=================


============None of the candidates fulfill the conditions. Training CONTINUES!=================

(55, 108)
/users/9/chen8596/miniconda3/envs/alfd/lib/python3.9/site-packages/torch/nn/functional.py:4999: UserWarning: Support for mismatched key_padding_mask and attn_mask is deprecated. Use same type for both instead.
  warnings.warn(

==============Start Supervised Learning==============

MainProcess| 2026-06-21 23:32:59,758,758 multiprocessing INFO GP output mean: 0.8208878453211066
GP output mean: 0.8208878453211066
MainProcess| 2026-06-21 23:33:00,548,548 multiprocessing INFO GP output success rate: 0.0
GP output success rate: 0.0

==============End Supervised Learning==============

MainProcess| 2026-06-21 23:33:02,218,218 multiprocessing INFO [Test epoch=0019]  nevals=261795 	| train_loss=2475.68262 	| eqs_invalid %=0.00 	| r_best=0.97813 	| quantile=0.28120 	| r_quantile_mean=0.77530 	| r_raw_sum=46.84091 	|  r_raw_mean=0.50914 	| r2=nan 	| acc_iid=0.00000 	| acc_ood=0.00000 	| nmse_test=0.010193485661486585 	| true_equation_set_count=0 	| s/it=138.04000
[Test epoch=0019]  nevals=261795 	| train_loss=2475.68262 	| eqs_invalid %=0.00 	| r_best=0.97813 	| quantile=0.28120 	| r_quantile_mean=0.77530 	| r_raw_sum=46.84091 	|  r_raw_mean=0.50914 	| r2=nan 	| acc_iid=0.00000 	| acc_ood=0.00000 	| nmse_test=0.010193485661486585 	| true_equation_set_count=0 	| s/it=138.04000
MainProcess| 2026-06-21 23:33:44,049,49 multiprocessing INFO Genetic Porgramming Runtime 41.11109699890949
Genetic Porgramming Runtime 41.11109699890949

=========================PGD Collection Starts=========================

SpawnPoolWorker-647| 2026-06-21 23:33:51,139,139 multiprocessing INFO STARTING NEW RUN ==========
SpawnPoolWorker-647| 2026-06-21 23:33:51,139,139 multiprocessing INFO SEE LOG AT : ./logs/all_Lyapunov_test_dso-fn_d_all_z_01_log.txt
SpawnPoolWorker-647| 2026-06-21 23:33:51,139,139 multiprocessing INFO See log at : ./logs/all_Lyapunov_test_dso-fn_d_all_z_01_log.txt
SpawnPoolWorker-647| 2026-06-21 23:33:51,142,142 multiprocessing INFO child process calling self.run()
SpawnPoolWorker-650| 2026-06-21 23:33:51,423,423 multiprocessing INFO STARTING NEW RUN ==========
SpawnPoolWorker-650| 2026-06-21 23:33:51,424,424 multiprocessing INFO SEE LOG AT : ./logs/all_Lyapunov_test_dso-fn_d_all_z_01_log.txt
SpawnPoolWorker-650| 2026-06-21 23:33:51,424,424 multiprocessing INFO See log at : ./logs/all_Lyapunov_test_dso-fn_d_all_z_01_log.txt
SpawnPoolWorker-650| 2026-06-21 23:33:51,425,425 multiprocessing INFO child process calling self.run()
SpawnPoolWorker-655| 2026-06-21 23:33:51,658,658 multiprocessing INFO STARTING NEW RUN ==========
SpawnPoolWorker-655| 2026-06-21 23:33:51,658,658 multiprocessing INFO SEE LOG AT : ./logs/all_Lyapunov_test_dso-fn_d_all_z_01_log.txt
SpawnPoolWorker-655| 2026-06-21 23:33:51,658,658 multiprocessing INFO See log at : ./logs/all_Lyapunov_test_dso-fn_d_all_z_01_log.txt
SpawnPoolWorker-655| 2026-06-21 23:33:51,670,670 multiprocessing INFO child process calling self.run()
SpawnPoolWorker-648| 2026-06-21 23:33:51,681,681 multiprocessing INFO STARTING NEW RUN ==========
SpawnPoolWorker-648| 2026-06-21 23:33:51,681,681 multiprocessing INFO SEE LOG AT : ./logs/all_Lyapunov_test_dso-fn_d_all_z_01_log.txt
SpawnPoolWorker-648| 2026-06-21 23:33:51,681,681 multiprocessing INFO See log at : ./logs/all_Lyapunov_test_dso-fn_d_all_z_01_log.txt
SpawnPoolWorker-648| 2026-06-21 23:33:51,684,684 multiprocessing INFO child process calling self.run()
SpawnPoolWorker-652| 2026-06-21 23:33:51,932,932 multiprocessing INFO STARTING NEW RUN ==========
SpawnPoolWorker-652| 2026-06-21 23:33:51,932,932 multiprocessing INFO SEE LOG AT : ./logs/all_Lyapunov_test_dso-fn_d_all_z_01_log.txt
SpawnPoolWorker-652| 2026-06-21 23:33:51,932,932 multiprocessing INFO See log at : ./logs/all_Lyapunov_test_dso-fn_d_all_z_01_log.txt
SpawnPoolWorker-652| 2026-06-21 23:33:51,934,934 multiprocessing INFO child process calling self.run()
SpawnPoolWorker-649| 2026-06-21 23:33:52,035,35 multiprocessing INFO STARTING NEW RUN ==========
SpawnPoolWorker-649| 2026-06-21 23:33:52,036,36 multiprocessing INFO SEE LOG AT : ./logs/all_Lyapunov_test_dso-fn_d_all_z_01_log.txt
SpawnPoolWorker-649| 2026-06-21 23:33:52,036,36 multiprocessing INFO See log at : ./logs/all_Lyapunov_test_dso-fn_d_all_z_01_log.txt
SpawnPoolWorker-649| 2026-06-21 23:33:52,053,53 multiprocessing INFO child process calling self.run()
SpawnPoolWorker-653| 2026-06-21 23:33:52,084,84 multiprocessing INFO STARTING NEW RUN ==========
SpawnPoolWorker-653| 2026-06-21 23:33:52,084,84 multiprocessing INFO SEE LOG AT : ./logs/all_Lyapunov_test_dso-fn_d_all_z_01_log.txt
SpawnPoolWorker-653| 2026-06-21 23:33:52,084,84 multiprocessing INFO See log at : ./logs/all_Lyapunov_test_dso-fn_d_all_z_01_log.txt
SpawnPoolWorker-653| 2026-06-21 23:33:52,086,86 multiprocessing INFO child process calling self.run()
SpawnPoolWorker-656| 2026-06-21 23:33:52,284,284 multiprocessing INFO STARTING NEW RUN ==========
SpawnPoolWorker-656| 2026-06-21 23:33:52,284,284 multiprocessing INFO SEE LOG AT : ./logs/all_Lyapunov_test_dso-fn_d_all_z_01_log.txt
SpawnPoolWorker-656| 2026-06-21 23:33:52,284,284 multiprocessing INFO See log at : ./logs/all_Lyapunov_test_dso-fn_d_all_z_01_log.txt
SpawnPoolWorker-656| 2026-06-21 23:33:52,286,286 multiprocessing INFO child process calling self.run()
SpawnPoolWorker-651| 2026-06-21 23:33:52,381,381 multiprocessing INFO STARTING NEW RUN ==========
SpawnPoolWorker-651| 2026-06-21 23:33:52,381,381 multiprocessing INFO SEE LOG AT : ./logs/all_Lyapunov_test_dso-fn_d_all_z_01_log.txt
SpawnPoolWorker-651| 2026-06-21 23:33:52,381,381 multiprocessing INFO See log at : ./logs/all_Lyapunov_test_dso-fn_d_all_z_01_log.txt
SpawnPoolWorker-651| 2026-06-21 23:33:52,383,383 multiprocessing INFO child process calling self.run()
SpawnPoolWorker-654| 2026-06-21 23:33:52,425,425 multiprocessing INFO STARTING NEW RUN ==========
SpawnPoolWorker-654| 2026-06-21 23:33:52,425,425 multiprocessing INFO SEE LOG AT : ./logs/all_Lyapunov_test_dso-fn_d_all_z_01_log.txt
SpawnPoolWorker-654| 2026-06-21 23:33:52,425,425 multiprocessing INFO See log at : ./logs/all_Lyapunov_test_dso-fn_d_all_z_01_log.txt
SpawnPoolWorker-654| 2026-06-21 23:33:52,432,432 multiprocessing INFO child process calling self.run()
SpawnPoolWorker-649| 2026-06-21 23:34:24,805,805 multiprocessing INFO process shutting down
SpawnPoolWorker-649| 2026-06-21 23:34:24,806,806 multiprocessing INFO process exiting with exitcode 0
SpawnPoolWorker-650| 2026-06-21 23:34:24,807,807 multiprocessing INFO process shutting down
SpawnPoolWorker-647| 2026-06-21 23:34:24,807,807 multiprocessing INFO process shutting down
SpawnPoolWorker-654| 2026-06-21 23:34:24,807,807 multiprocessing INFO process shutting down
SpawnPoolWorker-651| 2026-06-21 23:34:24,807,807 multiprocessing INFO process shutting down
SpawnPoolWorker-648| 2026-06-21 23:34:24,807,807 multiprocessing INFO process shutting down
SpawnPoolWorker-653| 2026-06-21 23:34:24,808,808 multiprocessing INFO process shutting down
SpawnPoolWorker-656| 2026-06-21 23:34:24,807,807 multiprocessing INFO process shutting down
SpawnPoolWorker-655| 2026-06-21 23:34:24,807,807 multiprocessing INFO process shutting down
SpawnPoolWorker-655| 2026-06-21 23:34:24,808,808 multiprocessing INFO process exiting with exitcode 0
SpawnPoolWorker-650| 2026-06-21 23:34:24,808,808 multiprocessing INFO process exiting with exitcode 0
SpawnPoolWorker-656| 2026-06-21 23:34:24,808,808 multiprocessing INFO process exiting with exitcode 0
(10000,)

===================Collect 10000 Examples===================

Epsilon 0.1
500
(550,)
(550,)
(59,)
Number of Programs for Minimization: 28
SpawnPoolWorker-658| 2026-06-21 23:34:51,346,346 multiprocessing INFO STARTING NEW RUN ==========
SpawnPoolWorker-658| 2026-06-21 23:34:51,346,346 multiprocessing INFO SEE LOG AT : ./logs/all_Lyapunov_test_dso-fn_d_all_z_01_log.txt
SpawnPoolWorker-658| 2026-06-21 23:34:51,346,346 multiprocessing INFO See log at : ./logs/all_Lyapunov_test_dso-fn_d_all_z_01_log.txt
SpawnPoolWorker-658| 2026-06-21 23:34:51,351,351 multiprocessing INFO child process calling self.run()
SpawnPoolWorker-660| 2026-06-21 23:34:51,622,622 multiprocessing INFO STARTING NEW RUN ==========
SpawnPoolWorker-660| 2026-06-21 23:34:51,625,625 multiprocessing INFO SEE LOG AT : ./logs/all_Lyapunov_test_dso-fn_d_all_z_01_log.txt
SpawnPoolWorker-660| 2026-06-21 23:34:51,625,625 multiprocessing INFO See log at : ./logs/all_Lyapunov_test_dso-fn_d_all_z_01_log.txt
SpawnPoolWorker-660| 2026-06-21 23:34:51,630,630 multiprocessing INFO child process calling self.run()
SpawnPoolWorker-662| 2026-06-21 23:34:51,698,698 multiprocessing INFO STARTING NEW RUN ==========
SpawnPoolWorker-662| 2026-06-21 23:34:51,698,698 multiprocessing INFO SEE LOG AT : ./logs/all_Lyapunov_test_dso-fn_d_all_z_01_log.txt
SpawnPoolWorker-662| 2026-06-21 23:34:51,698,698 multiprocessing INFO See log at : ./logs/all_Lyapunov_test_dso-fn_d_all_z_01_log.txt
SpawnPoolWorker-662| 2026-06-21 23:34:51,703,703 multiprocessing INFO child process calling self.run()
SpawnPoolWorker-664| 2026-06-21 23:34:51,720,720 multiprocessing INFO STARTING NEW RUN ==========
SpawnPoolWorker-664| 2026-06-21 23:34:51,720,720 multiprocessing INFO SEE LOG AT : ./logs/all_Lyapunov_test_dso-fn_d_all_z_01_log.txt
SpawnPoolWorker-664| 2026-06-21 23:34:51,720,720 multiprocessing INFO See log at : ./logs/all_Lyapunov_test_dso-fn_d_all_z_01_log.txt
SpawnPoolWorker-664| 2026-06-21 23:34:51,723,723 multiprocessing INFO child process calling self.run()
SpawnPoolWorker-665| 2026-06-21 23:34:51,833,833 multiprocessing INFO STARTING NEW RUN ==========
SpawnPoolWorker-665| 2026-06-21 23:34:51,833,833 multiprocessing INFO SEE LOG AT : ./logs/all_Lyapunov_test_dso-fn_d_all_z_01_log.txt
SpawnPoolWorker-665| 2026-06-21 23:34:51,833,833 multiprocessing INFO See log at : ./logs/all_Lyapunov_test_dso-fn_d_all_z_01_log.txt
SpawnPoolWorker-665| 2026-06-21 23:34:51,841,841 multiprocessing INFO child process calling self.run()
SpawnPoolWorker-663| 2026-06-21 23:34:51,905,905 multiprocessing INFO STARTING NEW RUN ==========
SpawnPoolWorker-663| 2026-06-21 23:34:51,905,905 multiprocessing INFO SEE LOG AT : ./logs/all_Lyapunov_test_dso-fn_d_all_z_01_log.txt
SpawnPoolWorker-663| 2026-06-21 23:34:51,905,905 multiprocessing INFO See log at : ./logs/all_Lyapunov_test_dso-fn_d_all_z_01_log.txt
SpawnPoolWorker-663| 2026-06-21 23:34:51,907,907 multiprocessing INFO child process calling self.run()
SpawnPoolWorker-667| 2026-06-21 23:34:51,943,943 multiprocessing INFO STARTING NEW RUN ==========
SpawnPoolWorker-667| 2026-06-21 23:34:51,943,943 multiprocessing INFO SEE LOG AT : ./logs/all_Lyapunov_test_dso-fn_d_all_z_01_log.txt
SpawnPoolWorker-667| 2026-06-21 23:34:51,943,943 multiprocessing INFO See log at : ./logs/all_Lyapunov_test_dso-fn_d_all_z_01_log.txt
SpawnPoolWorker-667| 2026-06-21 23:34:51,947,947 multiprocessing INFO child process calling self.run()
SpawnPoolWorker-659| 2026-06-21 23:34:52,041,41 multiprocessing INFO STARTING NEW RUN ==========
SpawnPoolWorker-659| 2026-06-21 23:34:52,041,41 multiprocessing INFO SEE LOG AT : ./logs/all_Lyapunov_test_dso-fn_d_all_z_01_log.txt
SpawnPoolWorker-659| 2026-06-21 23:34:52,041,41 multiprocessing INFO See log at : ./logs/all_Lyapunov_test_dso-fn_d_all_z_01_log.txt
SpawnPoolWorker-659| 2026-06-21 23:34:52,045,45 multiprocessing INFO child process calling self.run()
SpawnPoolWorker-657| 2026-06-21 23:34:52,247,247 multiprocessing INFO STARTING NEW RUN ==========
SpawnPoolWorker-657| 2026-06-21 23:34:52,247,247 multiprocessing INFO SEE LOG AT : ./logs/all_Lyapunov_test_dso-fn_d_all_z_01_log.txt
SpawnPoolWorker-657| 2026-06-21 23:34:52,247,247 multiprocessing INFO See log at : ./logs/all_Lyapunov_test_dso-fn_d_all_z_01_log.txt
SpawnPoolWorker-657| 2026-06-21 23:34:52,249,249 multiprocessing INFO child process calling self.run()
SpawnPoolWorker-669| 2026-06-21 23:34:52,259,259 multiprocessing INFO STARTING NEW RUN ==========
SpawnPoolWorker-669| 2026-06-21 23:34:52,259,259 multiprocessing INFO SEE LOG AT : ./logs/all_Lyapunov_test_dso-fn_d_all_z_01_log.txt
SpawnPoolWorker-669| 2026-06-21 23:34:52,260,260 multiprocessing INFO See log at : ./logs/all_Lyapunov_test_dso-fn_d_all_z_01_log.txt
SpawnPoolWorker-669| 2026-06-21 23:34:52,261,261 multiprocessing INFO child process calling self.run()
SpawnPoolWorker-668| 2026-06-21 23:34:52,357,357 multiprocessing INFO STARTING NEW RUN ==========
SpawnPoolWorker-668| 2026-06-21 23:34:52,357,357 multiprocessing INFO SEE LOG AT : ./logs/all_Lyapunov_test_dso-fn_d_all_z_01_log.txt
SpawnPoolWorker-668| 2026-06-21 23:34:52,357,357 multiprocessing INFO See log at : ./logs/all_Lyapunov_test_dso-fn_d_all_z_01_log.txt
SpawnPoolWorker-661| 2026-06-21 23:34:52,364,364 multiprocessing INFO STARTING NEW RUN ==========
SpawnPoolWorker-661| 2026-06-21 23:34:52,364,364 multiprocessing INFO SEE LOG AT : ./logs/all_Lyapunov_test_dso-fn_d_all_z_01_log.txt
SpawnPoolWorker-661| 2026-06-21 23:34:52,364,364 multiprocessing INFO See log at : ./logs/all_Lyapunov_test_dso-fn_d_all_z_01_log.txt
SpawnPoolWorker-668| 2026-06-21 23:34:52,371,371 multiprocessing INFO child process calling self.run()
SpawnPoolWorker-661| 2026-06-21 23:34:52,378,378 multiprocessing INFO child process calling self.run()
SpawnPoolWorker-674| 2026-06-21 23:34:52,391,391 multiprocessing INFO STARTING NEW RUN ==========
SpawnPoolWorker-674| 2026-06-21 23:34:52,391,391 multiprocessing INFO SEE LOG AT : ./logs/all_Lyapunov_test_dso-fn_d_all_z_01_log.txt
SpawnPoolWorker-674| 2026-06-21 23:34:52,391,391 multiprocessing INFO See log at : ./logs/all_Lyapunov_test_dso-fn_d_all_z_01_log.txt
SpawnPoolWorker-674| 2026-06-21 23:34:52,406,406 multiprocessing INFO child process calling self.run()
SpawnPoolWorker-670| 2026-06-21 23:34:52,517,517 multiprocessing INFO STARTING NEW RUN ==========
SpawnPoolWorker-670| 2026-06-21 23:34:52,518,518 multiprocessing INFO SEE LOG AT : ./logs/all_Lyapunov_test_dso-fn_d_all_z_01_log.txt
SpawnPoolWorker-670| 2026-06-21 23:34:52,518,518 multiprocessing INFO See log at : ./logs/all_Lyapunov_test_dso-fn_d_all_z_01_log.txt
SpawnPoolWorker-670| 2026-06-21 23:34:52,522,522 multiprocessing INFO child process calling self.run()
SpawnPoolWorker-666| 2026-06-21 23:34:53,033,33 multiprocessing INFO STARTING NEW RUN ==========
SpawnPoolWorker-666| 2026-06-21 23:34:53,033,33 multiprocessing INFO SEE LOG AT : ./logs/all_Lyapunov_test_dso-fn_d_all_z_01_log.txt
SpawnPoolWorker-666| 2026-06-21 23:34:53,033,33 multiprocessing INFO See log at : ./logs/all_Lyapunov_test_dso-fn_d_all_z_01_log.txt
SpawnPoolWorker-666| 2026-06-21 23:34:53,039,39 multiprocessing INFO child process calling self.run()
SpawnPoolWorker-677| 2026-06-21 23:34:53,042,42 multiprocessing INFO STARTING NEW RUN ==========
SpawnPoolWorker-677| 2026-06-21 23:34:53,042,42 multiprocessing INFO SEE LOG AT : ./logs/all_Lyapunov_test_dso-fn_d_all_z_01_log.txt
SpawnPoolWorker-677| 2026-06-21 23:34:53,042,42 multiprocessing INFO See log at : ./logs/all_Lyapunov_test_dso-fn_d_all_z_01_log.txt
SpawnPoolWorker-677| 2026-06-21 23:34:53,050,50 multiprocessing INFO child process calling self.run()
SpawnPoolWorker-675| 2026-06-21 23:34:53,259,259 multiprocessing INFO STARTING NEW RUN ==========
SpawnPoolWorker-675| 2026-06-21 23:34:53,259,259 multiprocessing INFO SEE LOG AT : ./logs/all_Lyapunov_test_dso-fn_d_all_z_01_log.txt
SpawnPoolWorker-675| 2026-06-21 23:34:53,259,259 multiprocessing INFO See log at : ./logs/all_Lyapunov_test_dso-fn_d_all_z_01_log.txt
SpawnPoolWorker-673| 2026-06-21 23:34:53,261,261 multiprocessing INFO STARTING NEW RUN ==========
SpawnPoolWorker-673| 2026-06-21 23:34:53,261,261 multiprocessing INFO SEE LOG AT : ./logs/all_Lyapunov_test_dso-fn_d_all_z_01_log.txt
SpawnPoolWorker-673| 2026-06-21 23:34:53,261,261 multiprocessing INFO See log at : ./logs/all_Lyapunov_test_dso-fn_d_all_z_01_log.txt
SpawnPoolWorker-675| 2026-06-21 23:34:53,262,262 multiprocessing INFO child process calling self.run()
SpawnPoolWorker-673| 2026-06-21 23:34:53,269,269 multiprocessing INFO child process calling self.run()
SpawnPoolWorker-676| 2026-06-21 23:34:53,304,304 multiprocessing INFO STARTING NEW RUN ==========
SpawnPoolWorker-676| 2026-06-21 23:34:53,304,304 multiprocessing INFO SEE LOG AT : ./logs/all_Lyapunov_test_dso-fn_d_all_z_01_log.txt
SpawnPoolWorker-676| 2026-06-21 23:34:53,304,304 multiprocessing INFO See log at : ./logs/all_Lyapunov_test_dso-fn_d_all_z_01_log.txt
SpawnPoolWorker-676| 2026-06-21 23:34:53,312,312 multiprocessing INFO child process calling self.run()
SpawnPoolWorker-671| 2026-06-21 23:34:53,441,441 multiprocessing INFO STARTING NEW RUN ==========
SpawnPoolWorker-671| 2026-06-21 23:34:53,441,441 multiprocessing INFO SEE LOG AT : ./logs/all_Lyapunov_test_dso-fn_d_all_z_01_log.txt
SpawnPoolWorker-671| 2026-06-21 23:34:53,441,441 multiprocessing INFO See log at : ./logs/all_Lyapunov_test_dso-fn_d_all_z_01_log.txt
SpawnPoolWorker-671| 2026-06-21 23:34:53,454,454 multiprocessing INFO child process calling self.run()
SpawnPoolWorker-672| 2026-06-21 23:34:53,661,661 multiprocessing INFO STARTING NEW RUN ==========
SpawnPoolWorker-672| 2026-06-21 23:34:53,661,661 multiprocessing INFO SEE LOG AT : ./logs/all_Lyapunov_test_dso-fn_d_all_z_01_log.txt
SpawnPoolWorker-672| 2026-06-21 23:34:53,661,661 multiprocessing INFO See log at : ./logs/all_Lyapunov_test_dso-fn_d_all_z_01_log.txt
SpawnPoolWorker-672| 2026-06-21 23:34:53,665,665 multiprocessing INFO child process calling self.run()
SpawnPoolWorker-678| 2026-06-21 23:34:53,840,840 multiprocessing INFO STARTING NEW RUN ==========
SpawnPoolWorker-678| 2026-06-21 23:34:53,840,840 multiprocessing INFO SEE LOG AT : ./logs/all_Lyapunov_test_dso-fn_d_all_z_01_log.txt
SpawnPoolWorker-678| 2026-06-21 23:34:53,840,840 multiprocessing INFO See log at : ./logs/all_Lyapunov_test_dso-fn_d_all_z_01_log.txt
SpawnPoolWorker-678| 2026-06-21 23:34:53,844,844 multiprocessing INFO child process calling self.run()
SpawnPoolWorker-680| 2026-06-21 23:34:54,076,76 multiprocessing INFO STARTING NEW RUN ==========
SpawnPoolWorker-680| 2026-06-21 23:34:54,077,77 multiprocessing INFO SEE LOG AT : ./logs/all_Lyapunov_test_dso-fn_d_all_z_01_log.txt
SpawnPoolWorker-680| 2026-06-21 23:34:54,077,77 multiprocessing INFO See log at : ./logs/all_Lyapunov_test_dso-fn_d_all_z_01_log.txt
SpawnPoolWorker-680| 2026-06-21 23:34:54,092,92 multiprocessing INFO child process calling self.run()
SpawnPoolWorker-679| 2026-06-21 23:34:54,352,352 multiprocessing INFO STARTING NEW RUN ==========
SpawnPoolWorker-679| 2026-06-21 23:34:54,353,353 multiprocessing INFO SEE LOG AT : ./logs/all_Lyapunov_test_dso-fn_d_all_z_01_log.txt
SpawnPoolWorker-679| 2026-06-21 23:34:54,353,353 multiprocessing INFO See log at : ./logs/all_Lyapunov_test_dso-fn_d_all_z_01_log.txt
SpawnPoolWorker-679| 2026-06-21 23:34:54,354,354 multiprocessing INFO child process calling self.run()
SpawnPoolWorker-679| 2026-06-21 23:34:55,814,814 multiprocessing INFO process shutting down
SpawnPoolWorker-679| 2026-06-21 23:34:55,814,814 multiprocessing INFO process exiting with exitcode 0
SpawnPoolWorker-659| 2026-06-21 23:34:55,814,814 multiprocessing INFO process shutting down
SpawnPoolWorker-669| 2026-06-21 23:34:55,814,814 multiprocessing INFO process shutting down
SpawnPoolWorker-668| 2026-06-21 23:34:55,814,814 multiprocessing INFO process shutting down
SpawnPoolWorker-663| 2026-06-21 23:34:55,814,814 multiprocessing INFO process shutting down
SpawnPoolWorker-667| 2026-06-21 23:34:55,815,815 multiprocessing INFO process shutting down
SpawnPoolWorker-661| 2026-06-21 23:34:55,815,815 multiprocessing INFO process shutting down
SpawnPoolWorker-675| 2026-06-21 23:34:55,815,815 multiprocessing INFO process shutting down
SpawnPoolWorker-674| 2026-06-21 23:34:55,815,815 multiprocessing INFO process shutting down
SpawnPoolWorker-670| 2026-06-21 23:34:55,816,816 multiprocessing INFO process shutting down
SpawnPoolWorker-673| 2026-06-21 23:34:55,816,816 multiprocessing INFO process shutting down
SpawnPoolWorker-659| 2026-06-21 23:34:55,816,816 multiprocessing INFO process exiting with exitcode 0
SpawnPoolWorker-670| 2026-06-21 23:34:55,816,816 multiprocessing INFO process exiting with exitcode 0
SpawnPoolWorker-673| 2026-06-21 23:34:55,816,816 multiprocessing INFO process exiting with exitcode 0
SpawnPoolWorker-664| 2026-06-21 23:34:55,816,816 multiprocessing INFO process shutting down
SpawnPoolWorker-662| 2026-06-21 23:34:55,817,817 multiprocessing INFO process shutting down
SpawnPoolWorker-658| 2026-06-21 23:34:55,816,816 multiprocessing INFO process shutting down
SpawnPoolWorker-657| 2026-06-21 23:34:55,818,818 multiprocessing INFO process shutting down
SpawnPoolWorker-677| 2026-06-21 23:34:55,818,818 multiprocessing INFO process shutting down
SpawnPoolWorker-672| 2026-06-21 23:34:55,818,818 multiprocessing INFO process shutting down
SpawnPoolWorker-669| 2026-06-21 23:34:55,819,819 multiprocessing INFO process exiting with exitcode 0
SpawnPoolWorker-677| 2026-06-21 23:34:55,819,819 multiprocessing INFO process exiting with exitcode 0
SpawnPoolWorker-676| 2026-06-21 23:34:55,818,818 multiprocessing INFO process shutting down
SpawnPoolWorker-660| 2026-06-21 23:34:55,818,818 multiprocessing INFO process shutting down
SpawnPoolWorker-672| 2026-06-21 23:34:55,819,819 multiprocessing INFO process exiting with exitcode 0
SpawnPoolWorker-676| 2026-06-21 23:34:55,819,819 multiprocessing INFO process exiting with exitcode 0
SpawnPoolWorker-660| 2026-06-21 23:34:55,819,819 multiprocessing INFO process exiting with exitcode 0
SpawnPoolWorker-666| 2026-06-21 23:34:55,818,818 multiprocessing INFO process shutting down
SpawnPoolWorker-678| 2026-06-21 23:34:55,820,820 multiprocessing INFO process shutting down
28
(50000, 6)
(50000,)
(50000, 6)
(50000,)

=======================Successfully Added (25000, 6) Counter Examples=======================


============None of the candidates fulfill the conditions. Training CONTINUES!=================

MainProcess| 2026-06-21 23:34:57,462,462 multiprocessing INFO 
============None of the candidates fulfill the conditions. Training CONTINUES!=================


============None of the candidates fulfill the conditions. Training CONTINUES!=================

(59, 108)
/users/9/chen8596/miniconda3/envs/alfd/lib/python3.9/site-packages/torch/nn/functional.py:4999: UserWarning: Support for mismatched key_padding_mask and attn_mask is deprecated. Use same type for both instead.
  warnings.warn(

==============Start Supervised Learning==============

MainProcess| 2026-06-21 23:35:01,018,18 multiprocessing INFO GP output mean: 0.617520476470206
GP output mean: 0.617520476470206
MainProcess| 2026-06-21 23:35:01,474,474 multiprocessing INFO GP output success rate: 0.0
GP output success rate: 0.0

==============End Supervised Learning==============

MainProcess| 2026-06-21 23:35:03,204,204 multiprocessing INFO [Test epoch=0020]  nevals=275499 	| train_loss=936.08386 	| eqs_invalid %=0.18 	| r_best=0.97813 	| quantile=0.60841 	| r_quantile_mean=0.69608 	| r_raw_sum=56.51325 	|  r_raw_mean=0.40952 	| r2=nan 	| acc_iid=0.00000 	| acc_ood=0.00000 	| nmse_test=0.010193485661486585 	| true_equation_set_count=0 	| s/it=120.98489
[Test epoch=0020]  nevals=275499 	| train_loss=936.08386 	| eqs_invalid %=0.18 	| r_best=0.97813 	| quantile=0.60841 	| r_quantile_mean=0.69608 	| r_raw_sum=56.51325 	|  r_raw_mean=0.40952 	| r2=nan 	| acc_iid=0.00000 	| acc_ood=0.00000 	| nmse_test=0.010193485661486585 	| true_equation_set_count=0 	| s/it=120.98489
MainProcess| 2026-06-21 23:35:03,204,204 multiprocessing INFO [00:00:42:43.28] Training epoch 20/4000, current best R: 0.9781
[00:00:42:43.28] Training epoch 20/4000, current best R: 0.9781
MainProcess| 2026-06-21 23:36:00,918,918 multiprocessing INFO Genetic Porgramming Runtime 57.00648920191452
Genetic Porgramming Runtime 57.00648920191452

=========================PGD Collection Starts=========================

SpawnPoolWorker-681| 2026-06-21 23:36:05,741,741 multiprocessing INFO STARTING NEW RUN ==========
SpawnPoolWorker-681| 2026-06-21 23:36:05,741,741 multiprocessing INFO SEE LOG AT : ./logs/all_Lyapunov_test_dso-fn_d_all_z_01_log.txt
SpawnPoolWorker-681| 2026-06-21 23:36:05,742,742 multiprocessing INFO See log at : ./logs/all_Lyapunov_test_dso-fn_d_all_z_01_log.txt
SpawnPoolWorker-681| 2026-06-21 23:36:05,743,743 multiprocessing INFO child process calling self.run()
SpawnPoolWorker-686| 2026-06-21 23:36:06,082,82 multiprocessing INFO STARTING NEW RUN ==========
SpawnPoolWorker-686| 2026-06-21 23:36:06,082,82 multiprocessing INFO SEE LOG AT : ./logs/all_Lyapunov_test_dso-fn_d_all_z_01_log.txt
SpawnPoolWorker-686| 2026-06-21 23:36:06,082,82 multiprocessing INFO See log at : ./logs/all_Lyapunov_test_dso-fn_d_all_z_01_log.txt
SpawnPoolWorker-686| 2026-06-21 23:36:06,084,84 multiprocessing INFO child process calling self.run()
SpawnPoolWorker-682| 2026-06-21 23:36:06,120,120 multiprocessing INFO STARTING NEW RUN ==========
SpawnPoolWorker-682| 2026-06-21 23:36:06,120,120 multiprocessing INFO SEE LOG AT : ./logs/all_Lyapunov_test_dso-fn_d_all_z_01_log.txt
SpawnPoolWorker-682| 2026-06-21 23:36:06,120,120 multiprocessing INFO See log at : ./logs/all_Lyapunov_test_dso-fn_d_all_z_01_log.txt
SpawnPoolWorker-682| 2026-06-21 23:36:06,122,122 multiprocessing INFO child process calling self.run()
SpawnPoolWorker-687| 2026-06-21 23:36:06,193,193 multiprocessing INFO STARTING NEW RUN ==========
SpawnPoolWorker-687| 2026-06-21 23:36:06,193,193 multiprocessing INFO SEE LOG AT : ./logs/all_Lyapunov_test_dso-fn_d_all_z_01_log.txt
SpawnPoolWorker-687| 2026-06-21 23:36:06,193,193 multiprocessing INFO See log at : ./logs/all_Lyapunov_test_dso-fn_d_all_z_01_log.txt
SpawnPoolWorker-687| 2026-06-21 23:36:06,195,195 multiprocessing INFO child process calling self.run()
SpawnPoolWorker-688| 2026-06-21 23:36:06,240,240 multiprocessing INFO STARTING NEW RUN ==========
SpawnPoolWorker-688| 2026-06-21 23:36:06,240,240 multiprocessing INFO SEE LOG AT : ./logs/all_Lyapunov_test_dso-fn_d_all_z_01_log.txt
SpawnPoolWorker-688| 2026-06-21 23:36:06,240,240 multiprocessing INFO See log at : ./logs/all_Lyapunov_test_dso-fn_d_all_z_01_log.txt
SpawnPoolWorker-688| 2026-06-21 23:36:06,242,242 multiprocessing INFO child process calling self.run()
SpawnPoolWorker-689| 2026-06-21 23:36:06,254,254 multiprocessing INFO STARTING NEW RUN ==========
SpawnPoolWorker-689| 2026-06-21 23:36:06,254,254 multiprocessing INFO SEE LOG AT : ./logs/all_Lyapunov_test_dso-fn_d_all_z_01_log.txt
SpawnPoolWorker-689| 2026-06-21 23:36:06,254,254 multiprocessing INFO See log at : ./logs/all_Lyapunov_test_dso-fn_d_all_z_01_log.txt
SpawnPoolWorker-689| 2026-06-21 23:36:06,256,256 multiprocessing INFO child process calling self.run()
SpawnPoolWorker-685| 2026-06-21 23:36:06,256,256 multiprocessing INFO STARTING NEW RUN ==========
SpawnPoolWorker-685| 2026-06-21 23:36:06,256,256 multiprocessing INFO SEE LOG AT : ./logs/all_Lyapunov_test_dso-fn_d_all_z_01_log.txt
SpawnPoolWorker-685| 2026-06-21 23:36:06,256,256 multiprocessing INFO See log at : ./logs/all_Lyapunov_test_dso-fn_d_all_z_01_log.txt
SpawnPoolWorker-685| 2026-06-21 23:36:06,259,259 multiprocessing INFO child process calling self.run()
SpawnPoolWorker-683| 2026-06-21 23:36:06,343,343 multiprocessing INFO STARTING NEW RUN ==========
SpawnPoolWorker-683| 2026-06-21 23:36:06,343,343 multiprocessing INFO SEE LOG AT : ./logs/all_Lyapunov_test_dso-fn_d_all_z_01_log.txt
SpawnPoolWorker-683| 2026-06-21 23:36:06,343,343 multiprocessing INFO See log at : ./logs/all_Lyapunov_test_dso-fn_d_all_z_01_log.txt
SpawnPoolWorker-683| 2026-06-21 23:36:06,344,344 multiprocessing INFO child process calling self.run()
SpawnPoolWorker-690| 2026-06-21 23:36:06,355,355 multiprocessing INFO STARTING NEW RUN ==========
SpawnPoolWorker-690| 2026-06-21 23:36:06,355,355 multiprocessing INFO SEE LOG AT : ./logs/all_Lyapunov_test_dso-fn_d_all_z_01_log.txt
SpawnPoolWorker-690| 2026-06-21 23:36:06,355,355 multiprocessing INFO See log at : ./logs/all_Lyapunov_test_dso-fn_d_all_z_01_log.txt
SpawnPoolWorker-690| 2026-06-21 23:36:06,357,357 multiprocessing INFO child process calling self.run()
SpawnPoolWorker-684| 2026-06-21 23:36:06,428,428 multiprocessing INFO STARTING NEW RUN ==========
SpawnPoolWorker-684| 2026-06-21 23:36:06,429,429 multiprocessing INFO SEE LOG AT : ./logs/all_Lyapunov_test_dso-fn_d_all_z_01_log.txt
SpawnPoolWorker-684| 2026-06-21 23:36:06,429,429 multiprocessing INFO See log at : ./logs/all_Lyapunov_test_dso-fn_d_all_z_01_log.txt
SpawnPoolWorker-684| 2026-06-21 23:36:06,430,430 multiprocessing INFO child process calling self.run()
SpawnPoolWorker-683| 2026-06-21 23:36:55,929,929 multiprocessing INFO process shutting down
SpawnPoolWorker-685| 2026-06-21 23:36:55,929,929 multiprocessing INFO process shutting down
SpawnPoolWorker-684| 2026-06-21 23:36:55,930,930 multiprocessing INFO process shutting down
SpawnPoolWorker-688| 2026-06-21 23:36:55,929,929 multiprocessing INFO process shutting down
SpawnPoolWorker-683| 2026-06-21 23:36:55,930,930 multiprocessing INFO process exiting with exitcode 0
SpawnPoolWorker-690| 2026-06-21 23:36:55,930,930 multiprocessing INFO process shutting down
SpawnPoolWorker-684| 2026-06-21 23:36:55,930,930 multiprocessing INFO process exiting with exitcode 0
SpawnPoolWorker-686| 2026-06-21 23:36:55,930,930 multiprocessing INFO process shutting down
SpawnPoolWorker-685| 2026-06-21 23:36:55,930,930 multiprocessing INFO process exiting with exitcode 0
SpawnPoolWorker-688| 2026-06-21 23:36:55,930,930 multiprocessing INFO process exiting with exitcode 0
SpawnPoolWorker-689| 2026-06-21 23:36:55,930,930 multiprocessing INFO process shutting down
SpawnPoolWorker-690| 2026-06-21 23:36:55,930,930 multiprocessing INFO process exiting with exitcode 0
SpawnPoolWorker-686| 2026-06-21 23:36:55,931,931 multiprocessing INFO process exiting with exitcode 0
SpawnPoolWorker-689| 2026-06-21 23:36:55,931,931 multiprocessing INFO process exiting with exitcode 0
(10000,)

===================Collect 10000 Examples===================

Epsilon 0.1
500
(550,)
(550,)
(107,)
Number of Programs for Minimization: 28
SpawnPoolWorker-698| 2026-06-21 23:37:16,630,630 multiprocessing INFO STARTING NEW RUN ==========
SpawnPoolWorker-698| 2026-06-21 23:37:16,630,630 multiprocessing INFO SEE LOG AT : ./logs/all_Lyapunov_test_dso-fn_d_all_z_01_log.txt
SpawnPoolWorker-698| 2026-06-21 23:37:16,630,630 multiprocessing INFO See log at : ./logs/all_Lyapunov_test_dso-fn_d_all_z_01_log.txt
SpawnPoolWorker-691| 2026-06-21 23:37:16,640,640 multiprocessing INFO STARTING NEW RUN ==========
SpawnPoolWorker-691| 2026-06-21 23:37:16,640,640 multiprocessing INFO SEE LOG AT : ./logs/all_Lyapunov_test_dso-fn_d_all_z_01_log.txt
SpawnPoolWorker-691| 2026-06-21 23:37:16,640,640 multiprocessing INFO See log at : ./logs/all_Lyapunov_test_dso-fn_d_all_z_01_log.txt
SpawnPoolWorker-698| 2026-06-21 23:37:16,641,641 multiprocessing INFO child process calling self.run()
SpawnPoolWorker-691| 2026-06-21 23:37:16,642,642 multiprocessing INFO child process calling self.run()
SpawnPoolWorker-693| 2026-06-21 23:37:16,723,723 multiprocessing INFO STARTING NEW RUN ==========
SpawnPoolWorker-693| 2026-06-21 23:37:16,723,723 multiprocessing INFO SEE LOG AT : ./logs/all_Lyapunov_test_dso-fn_d_all_z_01_log.txt
SpawnPoolWorker-693| 2026-06-21 23:37:16,723,723 multiprocessing INFO See log at : ./logs/all_Lyapunov_test_dso-fn_d_all_z_01_log.txt
SpawnPoolWorker-693| 2026-06-21 23:37:16,728,728 multiprocessing INFO child process calling self.run()
SpawnPoolWorker-695| 2026-06-21 23:37:16,752,752 multiprocessing INFO STARTING NEW RUN ==========
SpawnPoolWorker-695| 2026-06-21 23:37:16,752,752 multiprocessing INFO SEE LOG AT : ./logs/all_Lyapunov_test_dso-fn_d_all_z_01_log.txt
SpawnPoolWorker-695| 2026-06-21 23:37:16,752,752 multiprocessing INFO See log at : ./logs/all_Lyapunov_test_dso-fn_d_all_z_01_log.txt
SpawnPoolWorker-705| 2026-06-21 23:37:16,759,759 multiprocessing INFO STARTING NEW RUN ==========
SpawnPoolWorker-705| 2026-06-21 23:37:16,759,759 multiprocessing INFO SEE LOG AT : ./logs/all_Lyapunov_test_dso-fn_d_all_z_01_log.txt
SpawnPoolWorker-705| 2026-06-21 23:37:16,759,759 multiprocessing INFO See log at : ./logs/all_Lyapunov_test_dso-fn_d_all_z_01_log.txt
SpawnPoolWorker-695| 2026-06-21 23:37:16,766,766 multiprocessing INFO child process calling self.run()
SpawnPoolWorker-705| 2026-06-21 23:37:16,772,772 multiprocessing INFO child process calling self.run()
SpawnPoolWorker-692| 2026-06-21 23:37:16,878,878 multiprocessing INFO STARTING NEW RUN ==========
SpawnPoolWorker-692| 2026-06-21 23:37:16,878,878 multiprocessing INFO SEE LOG AT : ./logs/all_Lyapunov_test_dso-fn_d_all_z_01_log.txt
SpawnPoolWorker-692| 2026-06-21 23:37:16,878,878 multiprocessing INFO See log at : ./logs/all_Lyapunov_test_dso-fn_d_all_z_01_log.txt
SpawnPoolWorker-701| 2026-06-21 23:37:16,880,880 multiprocessing INFO STARTING NEW RUN ==========
SpawnPoolWorker-701| 2026-06-21 23:37:16,880,880 multiprocessing INFO SEE LOG AT : ./logs/all_Lyapunov_test_dso-fn_d_all_z_01_log.txt
SpawnPoolWorker-701| 2026-06-21 23:37:16,880,880 multiprocessing INFO See log at : ./logs/all_Lyapunov_test_dso-fn_d_all_z_01_log.txt
SpawnPoolWorker-692| 2026-06-21 23:37:16,881,881 multiprocessing INFO child process calling self.run()
SpawnPoolWorker-701| 2026-06-21 23:37:16,884,884 multiprocessing INFO child process calling self.run()
SpawnPoolWorker-694| 2026-06-21 23:37:16,917,917 multiprocessing INFO STARTING NEW RUN ==========
SpawnPoolWorker-694| 2026-06-21 23:37:16,917,917 multiprocessing INFO SEE LOG AT : ./logs/all_Lyapunov_test_dso-fn_d_all_z_01_log.txt
SpawnPoolWorker-694| 2026-06-21 23:37:16,917,917 multiprocessing INFO See log at : ./logs/all_Lyapunov_test_dso-fn_d_all_z_01_log.txt
SpawnPoolWorker-694| 2026-06-21 23:37:16,919,919 multiprocessing INFO child process calling self.run()
SpawnPoolWorker-700| 2026-06-21 23:37:17,321,321 multiprocessing INFO STARTING NEW RUN ==========
SpawnPoolWorker-700| 2026-06-21 23:37:17,321,321 multiprocessing INFO SEE LOG AT : ./logs/all_Lyapunov_test_dso-fn_d_all_z_01_log.txt
SpawnPoolWorker-700| 2026-06-21 23:37:17,321,321 multiprocessing INFO See log at : ./logs/all_Lyapunov_test_dso-fn_d_all_z_01_log.txt
SpawnPoolWorker-700| 2026-06-21 23:37:17,325,325 multiprocessing INFO child process calling self.run()
SpawnPoolWorker-696| 2026-06-21 23:37:17,367,367 multiprocessing INFO STARTING NEW RUN ==========
SpawnPoolWorker-696| 2026-06-21 23:37:17,367,367 multiprocessing INFO SEE LOG AT : ./logs/all_Lyapunov_test_dso-fn_d_all_z_01_log.txt
SpawnPoolWorker-696| 2026-06-21 23:37:17,367,367 multiprocessing INFO See log at : ./logs/all_Lyapunov_test_dso-fn_d_all_z_01_log.txt
SpawnPoolWorker-696| 2026-06-21 23:37:17,378,378 multiprocessing INFO child process calling self.run()
SpawnPoolWorker-699| 2026-06-21 23:37:17,571,571 multiprocessing INFO STARTING NEW RUN ==========
SpawnPoolWorker-699| 2026-06-21 23:37:17,571,571 multiprocessing INFO SEE LOG AT : ./logs/all_Lyapunov_test_dso-fn_d_all_z_01_log.txt
SpawnPoolWorker-699| 2026-06-21 23:37:17,571,571 multiprocessing INFO See log at : ./logs/all_Lyapunov_test_dso-fn_d_all_z_01_log.txt
SpawnPoolWorker-699| 2026-06-21 23:37:17,575,575 multiprocessing INFO child process calling self.run()
SpawnPoolWorker-706| 2026-06-21 23:37:17,797,797 multiprocessing INFO STARTING NEW RUN ==========
SpawnPoolWorker-706| 2026-06-21 23:37:17,797,797 multiprocessing INFO SEE LOG AT : ./logs/all_Lyapunov_test_dso-fn_d_all_z_01_log.txt
SpawnPoolWorker-706| 2026-06-21 23:37:17,797,797 multiprocessing INFO See log at : ./logs/all_Lyapunov_test_dso-fn_d_all_z_01_log.txt
SpawnPoolWorker-706| 2026-06-21 23:37:17,810,810 multiprocessing INFO child process calling self.run()
SpawnPoolWorker-710| 2026-06-21 23:37:18,121,121 multiprocessing INFO STARTING NEW RUN ==========
SpawnPoolWorker-710| 2026-06-21 23:37:18,121,121 multiprocessing INFO SEE LOG AT : ./logs/all_Lyapunov_test_dso-fn_d_all_z_01_log.txt
SpawnPoolWorker-710| 2026-06-21 23:37:18,121,121 multiprocessing INFO See log at : ./logs/all_Lyapunov_test_dso-fn_d_all_z_01_log.txt
SpawnPoolWorker-710| 2026-06-21 23:37:18,128,128 multiprocessing INFO child process calling self.run()
SpawnPoolWorker-708| 2026-06-21 23:37:18,352,352 multiprocessing INFO STARTING NEW RUN ==========
SpawnPoolWorker-708| 2026-06-21 23:37:18,352,352 multiprocessing INFO SEE LOG AT : ./logs/all_Lyapunov_test_dso-fn_d_all_z_01_log.txt
SpawnPoolWorker-708| 2026-06-21 23:37:18,352,352 multiprocessing INFO See log at : ./logs/all_Lyapunov_test_dso-fn_d_all_z_01_log.txt
SpawnPoolWorker-708| 2026-06-21 23:37:18,374,374 multiprocessing INFO child process calling self.run()
SpawnPoolWorker-704| 2026-06-21 23:37:18,836,836 multiprocessing INFO STARTING NEW RUN ==========
SpawnPoolWorker-704| 2026-06-21 23:37:18,836,836 multiprocessing INFO SEE LOG AT : ./logs/all_Lyapunov_test_dso-fn_d_all_z_01_log.txt
SpawnPoolWorker-704| 2026-06-21 23:37:18,836,836 multiprocessing INFO See log at : ./logs/all_Lyapunov_test_dso-fn_d_all_z_01_log.txt
SpawnPoolWorker-704| 2026-06-21 23:37:18,838,838 multiprocessing INFO child process calling self.run()
SpawnPoolWorker-702| 2026-06-21 23:37:18,920,920 multiprocessing INFO STARTING NEW RUN ==========
SpawnPoolWorker-702| 2026-06-21 23:37:18,920,920 multiprocessing INFO SEE LOG AT : ./logs/all_Lyapunov_test_dso-fn_d_all_z_01_log.txt
SpawnPoolWorker-702| 2026-06-21 23:37:18,920,920 multiprocessing INFO See log at : ./logs/all_Lyapunov_test_dso-fn_d_all_z_01_log.txt
SpawnPoolWorker-702| 2026-06-21 23:37:18,922,922 multiprocessing INFO child process calling self.run()
SpawnPoolWorker-711| 2026-06-21 23:37:18,927,927 multiprocessing INFO STARTING NEW RUN ==========
SpawnPoolWorker-711| 2026-06-21 23:37:18,927,927 multiprocessing INFO SEE LOG AT : ./logs/all_Lyapunov_test_dso-fn_d_all_z_01_log.txt
SpawnPoolWorker-711| 2026-06-21 23:37:18,927,927 multiprocessing INFO See log at : ./logs/all_Lyapunov_test_dso-fn_d_all_z_01_log.txt
SpawnPoolWorker-711| 2026-06-21 23:37:18,933,933 multiprocessing INFO child process calling self.run()
SpawnPoolWorker-703| 2026-06-21 23:37:19,320,320 multiprocessing INFO STARTING NEW RUN ==========
SpawnPoolWorker-703| 2026-06-21 23:37:19,320,320 multiprocessing INFO SEE LOG AT : ./logs/all_Lyapunov_test_dso-fn_d_all_z_01_log.txt
SpawnPoolWorker-703| 2026-06-21 23:37:19,320,320 multiprocessing INFO See log at : ./logs/all_Lyapunov_test_dso-fn_d_all_z_01_log.txt
SpawnPoolWorker-703| 2026-06-21 23:37:19,324,324 multiprocessing INFO child process calling self.run()
SpawnPoolWorker-714| 2026-06-21 23:37:19,326,326 multiprocessing INFO STARTING NEW RUN ==========
SpawnPoolWorker-714| 2026-06-21 23:37:19,326,326 multiprocessing INFO SEE LOG AT : ./logs/all_Lyapunov_test_dso-fn_d_all_z_01_log.txt
SpawnPoolWorker-714| 2026-06-21 23:37:19,326,326 multiprocessing INFO See log at : ./logs/all_Lyapunov_test_dso-fn_d_all_z_01_log.txt
SpawnPoolWorker-714| 2026-06-21 23:37:19,335,335 multiprocessing INFO child process calling self.run()
SpawnPoolWorker-697| 2026-06-21 23:37:19,377,377 multiprocessing INFO STARTING NEW RUN ==========
SpawnPoolWorker-697| 2026-06-21 23:37:19,377,377 multiprocessing INFO SEE LOG AT : ./logs/all_Lyapunov_test_dso-fn_d_all_z_01_log.txt
SpawnPoolWorker-697| 2026-06-21 23:37:19,377,377 multiprocessing INFO See log at : ./logs/all_Lyapunov_test_dso-fn_d_all_z_01_log.txt
SpawnPoolWorker-697| 2026-06-21 23:37:19,384,384 multiprocessing INFO child process calling self.run()
SpawnPoolWorker-713| 2026-06-21 23:37:19,608,608 multiprocessing INFO STARTING NEW RUN ==========
SpawnPoolWorker-713| 2026-06-21 23:37:19,608,608 multiprocessing INFO SEE LOG AT : ./logs/all_Lyapunov_test_dso-fn_d_all_z_01_log.txt
SpawnPoolWorker-713| 2026-06-21 23:37:19,608,608 multiprocessing INFO See log at : ./logs/all_Lyapunov_test_dso-fn_d_all_z_01_log.txt
SpawnPoolWorker-713| 2026-06-21 23:37:19,621,621 multiprocessing INFO child process calling self.run()
SpawnPoolWorker-709| 2026-06-21 23:37:19,655,655 multiprocessing INFO STARTING NEW RUN ==========
SpawnPoolWorker-709| 2026-06-21 23:37:19,656,656 multiprocessing INFO SEE LOG AT : ./logs/all_Lyapunov_test_dso-fn_d_all_z_01_log.txt
SpawnPoolWorker-709| 2026-06-21 23:37:19,656,656 multiprocessing INFO See log at : ./logs/all_Lyapunov_test_dso-fn_d_all_z_01_log.txt
SpawnPoolWorker-709| 2026-06-21 23:37:19,657,657 multiprocessing INFO child process calling self.run()
SpawnPoolWorker-712| 2026-06-21 23:37:19,956,956 multiprocessing INFO STARTING NEW RUN ==========
SpawnPoolWorker-712| 2026-06-21 23:37:19,956,956 multiprocessing INFO SEE LOG AT : ./logs/all_Lyapunov_test_dso-fn_d_all_z_01_log.txt
SpawnPoolWorker-712| 2026-06-21 23:37:19,956,956 multiprocessing INFO See log at : ./logs/all_Lyapunov_test_dso-fn_d_all_z_01_log.txt
SpawnPoolWorker-712| 2026-06-21 23:37:19,958,958 multiprocessing INFO child process calling self.run()
SpawnPoolWorker-707| 2026-06-21 23:37:20,113,113 multiprocessing INFO STARTING NEW RUN ==========
SpawnPoolWorker-707| 2026-06-21 23:37:20,113,113 multiprocessing INFO SEE LOG AT : ./logs/all_Lyapunov_test_dso-fn_d_all_z_01_log.txt
SpawnPoolWorker-707| 2026-06-21 23:37:20,113,113 multiprocessing INFO See log at : ./logs/all_Lyapunov_test_dso-fn_d_all_z_01_log.txt
SpawnPoolWorker-707| 2026-06-21 23:37:20,115,115 multiprocessing INFO child process calling self.run()
SpawnPoolWorker-697| 2026-06-21 23:37:20,635,635 multiprocessing INFO process shutting down
SpawnPoolWorker-713| 2026-06-21 23:37:20,635,635 multiprocessing INFO process shutting down
SpawnPoolWorker-697| 2026-06-21 23:37:20,635,635 multiprocessing INFO process exiting with exitcode 0
SpawnPoolWorker-693| 2026-06-21 23:37:20,635,635 multiprocessing INFO process shutting down
SpawnPoolWorker-709| 2026-06-21 23:37:20,635,635 multiprocessing INFO process shutting down
SpawnPoolWorker-713| 2026-06-21 23:37:20,635,635 multiprocessing INFO process exiting with exitcode 0
SpawnPoolWorker-709| 2026-06-21 23:37:20,636,636 multiprocessing INFO process exiting with exitcode 0
SpawnPoolWorker-693| 2026-06-21 23:37:20,636,636 multiprocessing INFO process exiting with exitcode 0
SpawnPoolWorker-694| 2026-06-21 23:37:20,635,635 multiprocessing INFO process shutting down
SpawnPoolWorker-696| 2026-06-21 23:37:20,636,636 multiprocessing INFO process shutting down
SpawnPoolWorker-712| 2026-06-21 23:37:20,636,636 multiprocessing INFO process shutting down
SpawnPoolWorker-691| 2026-06-21 23:37:20,636,636 multiprocessing INFO process shutting down
SpawnPoolWorker-707| 2026-06-21 23:37:20,636,636 multiprocessing INFO process shutting down
SpawnPoolWorker-692| 2026-06-21 23:37:20,636,636 multiprocessing INFO process shutting down
SpawnPoolWorker-701| 2026-06-21 23:37:20,636,636 multiprocessing INFO process shutting down
SpawnPoolWorker-705| 2026-06-21 23:37:20,636,636 multiprocessing INFO process shutting down
SpawnPoolWorker-698| 2026-06-21 23:37:20,637,637 multiprocessing INFO process shutting down
SpawnPoolWorker-699| 2026-06-21 23:37:20,637,637 multiprocessing INFO process shutting down
SpawnPoolWorker-695| 2026-06-21 23:37:20,637,637 multiprocessing INFO process shutting down
SpawnPoolWorker-695| 2026-06-21 23:37:20,638,638 multiprocessing INFO process exiting with exitcode 0
SpawnPoolWorker-710| 2026-06-21 23:37:20,637,637 multiprocessing INFO process shutting down
SpawnPoolWorker-711| 2026-06-21 23:37:20,638,638 multiprocessing INFO process shutting down
SpawnPoolWorker-706| 2026-06-21 23:37:20,638,638 multiprocessing INFO process shutting down
SpawnPoolWorker-708| 2026-06-21 23:37:20,638,638 multiprocessing INFO process shutting down
SpawnPoolWorker-714| 2026-06-21 23:37:20,638,638 multiprocessing INFO process shutting down
SpawnPoolWorker-704| 2026-06-21 23:37:20,638,638 multiprocessing INFO process shutting down
SpawnPoolWorker-700| 2026-06-21 23:37:20,638,638 multiprocessing INFO process shutting down
SpawnPoolWorker-702| 2026-06-21 23:37:20,638,638 multiprocessing INFO process shutting down
SpawnPoolWorker-694| 2026-06-21 23:37:20,639,639 multiprocessing INFO process exiting with exitcode 0
SpawnPoolWorker-696| 2026-06-21 23:37:20,639,639 multiprocessing INFO process exiting with exitcode 0
28
(50000, 6)
(50000,)
(50000, 6)
(50000,)

=======================Successfully Added (25000, 6) Counter Examples=======================


============None of the candidates fulfill the conditions. Training CONTINUES!=================

MainProcess| 2026-06-21 23:37:21,999,999 multiprocessing INFO 
============None of the candidates fulfill the conditions. Training CONTINUES!=================


============None of the candidates fulfill the conditions. Training CONTINUES!=================

(107, 108)
/users/9/chen8596/miniconda3/envs/alfd/lib/python3.9/site-packages/torch/nn/functional.py:4999: UserWarning: Support for mismatched key_padding_mask and attn_mask is deprecated. Use same type for both instead.
  warnings.warn(

==============Start Supervised Learning==============

MainProcess| 2026-06-21 23:37:26,333,333 multiprocessing INFO GP output mean: 0.5039042313501576
GP output mean: 0.5039042313501576
MainProcess| 2026-06-21 23:37:26,840,840 multiprocessing INFO GP output success rate: 0.0
GP output success rate: 0.0

==============End Supervised Learning==============

MainProcess| 2026-06-21 23:37:28,413,413 multiprocessing INFO [Test epoch=0021]  nevals=289292 	| train_loss=1516.62769 	| eqs_invalid %=0.00 	| r_best=0.97813 	| quantile=0.57430 	| r_quantile_mean=0.61161 	| r_raw_sum=82.11739 	|  r_raw_mean=0.35703 	| r2=nan 	| acc_iid=0.00000 	| acc_ood=0.00000 	| nmse_test=0.010193485661486585 	| true_equation_set_count=0 	| s/it=145.20852
[Test epoch=0021]  nevals=289292 	| train_loss=1516.62769 	| eqs_invalid %=0.00 	| r_best=0.97813 	| quantile=0.57430 	| r_quantile_mean=0.61161 	| r_raw_sum=82.11739 	|  r_raw_mean=0.35703 	| r2=nan 	| acc_iid=0.00000 	| acc_ood=0.00000 	| nmse_test=0.010193485661486585 	| true_equation_set_count=0 	| s/it=145.20852
MainProcess| 2026-06-21 23:38:27,400,400 multiprocessing INFO Genetic Porgramming Runtime 58.34368209680542
Genetic Porgramming Runtime 58.34368209680542

=========================PGD Collection Starts=========================

SpawnPoolWorker-715| 2026-06-21 23:38:34,246,246 multiprocessing INFO STARTING NEW RUN ==========
SpawnPoolWorker-719| 2026-06-21 23:38:34,246,246 multiprocessing INFO STARTING NEW RUN ==========
SpawnPoolWorker-715| 2026-06-21 23:38:34,246,246 multiprocessing INFO SEE LOG AT : ./logs/all_Lyapunov_test_dso-fn_d_all_z_01_log.txt
SpawnPoolWorker-719| 2026-06-21 23:38:34,246,246 multiprocessing INFO SEE LOG AT : ./logs/all_Lyapunov_test_dso-fn_d_all_z_01_log.txt
SpawnPoolWorker-715| 2026-06-21 23:38:34,246,246 multiprocessing INFO See log at : ./logs/all_Lyapunov_test_dso-fn_d_all_z_01_log.txt
SpawnPoolWorker-719| 2026-06-21 23:38:34,246,246 multiprocessing INFO See log at : ./logs/all_Lyapunov_test_dso-fn_d_all_z_01_log.txt
SpawnPoolWorker-716| 2026-06-21 23:38:34,247,247 multiprocessing INFO STARTING NEW RUN ==========
SpawnPoolWorker-716| 2026-06-21 23:38:34,247,247 multiprocessing INFO SEE LOG AT : ./logs/all_Lyapunov_test_dso-fn_d_all_z_01_log.txt
SpawnPoolWorker-716| 2026-06-21 23:38:34,247,247 multiprocessing INFO See log at : ./logs/all_Lyapunov_test_dso-fn_d_all_z_01_log.txt
SpawnPoolWorker-715| 2026-06-21 23:38:34,248,248 multiprocessing INFO child process calling self.run()
SpawnPoolWorker-716| 2026-06-21 23:38:34,249,249 multiprocessing INFO child process calling self.run()
SpawnPoolWorker-719| 2026-06-21 23:38:34,250,250 multiprocessing INFO child process calling self.run()
SpawnPoolWorker-717| 2026-06-21 23:38:34,341,341 multiprocessing INFO STARTING NEW RUN ==========
SpawnPoolWorker-717| 2026-06-21 23:38:34,341,341 multiprocessing INFO SEE LOG AT : ./logs/all_Lyapunov_test_dso-fn_d_all_z_01_log.txt
SpawnPoolWorker-717| 2026-06-21 23:38:34,341,341 multiprocessing INFO See log at : ./logs/all_Lyapunov_test_dso-fn_d_all_z_01_log.txt
SpawnPoolWorker-717| 2026-06-21 23:38:34,347,347 multiprocessing INFO child process calling self.run()
SpawnPoolWorker-720| 2026-06-21 23:38:34,383,383 multiprocessing INFO STARTING NEW RUN ==========
SpawnPoolWorker-720| 2026-06-21 23:38:34,383,383 multiprocessing INFO SEE LOG AT : ./logs/all_Lyapunov_test_dso-fn_d_all_z_01_log.txt
SpawnPoolWorker-720| 2026-06-21 23:38:34,383,383 multiprocessing INFO See log at : ./logs/all_Lyapunov_test_dso-fn_d_all_z_01_log.txt
SpawnPoolWorker-720| 2026-06-21 23:38:34,385,385 multiprocessing INFO child process calling self.run()
SpawnPoolWorker-723| 2026-06-21 23:38:34,549,549 multiprocessing INFO STARTING NEW RUN ==========
SpawnPoolWorker-723| 2026-06-21 23:38:34,549,549 multiprocessing INFO SEE LOG AT : ./logs/all_Lyapunov_test_dso-fn_d_all_z_01_log.txt
SpawnPoolWorker-723| 2026-06-21 23:38:34,549,549 multiprocessing INFO See log at : ./logs/all_Lyapunov_test_dso-fn_d_all_z_01_log.txt
SpawnPoolWorker-723| 2026-06-21 23:38:34,551,551 multiprocessing INFO child process calling self.run()
SpawnPoolWorker-718| 2026-06-21 23:38:34,680,680 multiprocessing INFO STARTING NEW RUN ==========
SpawnPoolWorker-718| 2026-06-21 23:38:34,680,680 multiprocessing INFO SEE LOG AT : ./logs/all_Lyapunov_test_dso-fn_d_all_z_01_log.txt
SpawnPoolWorker-718| 2026-06-21 23:38:34,680,680 multiprocessing INFO See log at : ./logs/all_Lyapunov_test_dso-fn_d_all_z_01_log.txt
SpawnPoolWorker-718| 2026-06-21 23:38:34,683,683 multiprocessing INFO child process calling self.run()
SpawnPoolWorker-721| 2026-06-21 23:38:34,806,806 multiprocessing INFO STARTING NEW RUN ==========
SpawnPoolWorker-721| 2026-06-21 23:38:34,807,807 multiprocessing INFO SEE LOG AT : ./logs/all_Lyapunov_test_dso-fn_d_all_z_01_log.txt
SpawnPoolWorker-721| 2026-06-21 23:38:34,807,807 multiprocessing INFO See log at : ./logs/all_Lyapunov_test_dso-fn_d_all_z_01_log.txt
SpawnPoolWorker-721| 2026-06-21 23:38:34,808,808 multiprocessing INFO child process calling self.run()
SpawnPoolWorker-724| 2026-06-21 23:38:34,815,815 multiprocessing INFO STARTING NEW RUN ==========
SpawnPoolWorker-724| 2026-06-21 23:38:34,815,815 multiprocessing INFO SEE LOG AT : ./logs/all_Lyapunov_test_dso-fn_d_all_z_01_log.txt
SpawnPoolWorker-724| 2026-06-21 23:38:34,815,815 multiprocessing INFO See log at : ./logs/all_Lyapunov_test_dso-fn_d_all_z_01_log.txt
SpawnPoolWorker-724| 2026-06-21 23:38:34,817,817 multiprocessing INFO child process calling self.run()
SpawnPoolWorker-722| 2026-06-21 23:38:34,882,882 multiprocessing INFO STARTING NEW RUN ==========
SpawnPoolWorker-722| 2026-06-21 23:38:34,883,883 multiprocessing INFO SEE LOG AT : ./logs/all_Lyapunov_test_dso-fn_d_all_z_01_log.txt
SpawnPoolWorker-722| 2026-06-21 23:38:34,883,883 multiprocessing INFO See log at : ./logs/all_Lyapunov_test_dso-fn_d_all_z_01_log.txt
SpawnPoolWorker-722| 2026-06-21 23:38:34,884,884 multiprocessing INFO child process calling self.run()
SpawnPoolWorker-715| 2026-06-21 23:39:00,560,560 multiprocessing INFO process shutting down
SpawnPoolWorker-717| 2026-06-21 23:39:00,560,560 multiprocessing INFO process shutting down
SpawnPoolWorker-715| 2026-06-21 23:39:00,561,561 multiprocessing INFO process exiting with exitcode 0
SpawnPoolWorker-717| 2026-06-21 23:39:00,561,561 multiprocessing INFO process exiting with exitcode 0
SpawnPoolWorker-724| 2026-06-21 23:39:00,561,561 multiprocessing INFO process shutting down
SpawnPoolWorker-716| 2026-06-21 23:39:00,561,561 multiprocessing INFO process shutting down
SpawnPoolWorker-716| 2026-06-21 23:39:00,561,561 multiprocessing INFO process exiting with exitcode 0
SpawnPoolWorker-722| 2026-06-21 23:39:00,561,561 multiprocessing INFO process shutting down
SpawnPoolWorker-724| 2026-06-21 23:39:00,561,561 multiprocessing INFO process exiting with exitcode 0
SpawnPoolWorker-721| 2026-06-21 23:39:00,561,561 multiprocessing INFO process shutting down
(10000,)

===================Collect 10000 Examples===================

Epsilon 0.1
500
(550,)
(550,)
(56,)
Number of Programs for Minimization: 28
SpawnPoolWorker-726| 2026-06-21 23:39:24,036,36 multiprocessing INFO STARTING NEW RUN ==========
SpawnPoolWorker-726| 2026-06-21 23:39:24,036,36 multiprocessing INFO SEE LOG AT : ./logs/all_Lyapunov_test_dso-fn_d_all_z_01_log.txt
SpawnPoolWorker-726| 2026-06-21 23:39:24,036,36 multiprocessing INFO See log at : ./logs/all_Lyapunov_test_dso-fn_d_all_z_01_log.txt
SpawnPoolWorker-726| 2026-06-21 23:39:24,055,55 multiprocessing INFO child process calling self.run()
SpawnPoolWorker-728| 2026-06-21 23:39:24,420,420 multiprocessing INFO STARTING NEW RUN ==========
SpawnPoolWorker-728| 2026-06-21 23:39:24,420,420 multiprocessing INFO SEE LOG AT : ./logs/all_Lyapunov_test_dso-fn_d_all_z_01_log.txt
SpawnPoolWorker-728| 2026-06-21 23:39:24,420,420 multiprocessing INFO See log at : ./logs/all_Lyapunov_test_dso-fn_d_all_z_01_log.txt
SpawnPoolWorker-728| 2026-06-21 23:39:24,422,422 multiprocessing INFO child process calling self.run()
SpawnPoolWorker-729| 2026-06-21 23:39:24,480,480 multiprocessing INFO STARTING NEW RUN ==========
SpawnPoolWorker-729| 2026-06-21 23:39:24,480,480 multiprocessing INFO SEE LOG AT : ./logs/all_Lyapunov_test_dso-fn_d_all_z_01_log.txt
SpawnPoolWorker-729| 2026-06-21 23:39:24,480,480 multiprocessing INFO See log at : ./logs/all_Lyapunov_test_dso-fn_d_all_z_01_log.txt
SpawnPoolWorker-729| 2026-06-21 23:39:24,482,482 multiprocessing INFO child process calling self.run()
SpawnPoolWorker-731| 2026-06-21 23:39:24,770,770 multiprocessing INFO STARTING NEW RUN ==========
SpawnPoolWorker-731| 2026-06-21 23:39:24,770,770 multiprocessing INFO SEE LOG AT : ./logs/all_Lyapunov_test_dso-fn_d_all_z_01_log.txt
SpawnPoolWorker-731| 2026-06-21 23:39:24,770,770 multiprocessing INFO See log at : ./logs/all_Lyapunov_test_dso-fn_d_all_z_01_log.txt
SpawnPoolWorker-731| 2026-06-21 23:39:24,778,778 multiprocessing INFO child process calling self.run()
SpawnPoolWorker-734| 2026-06-21 23:39:25,591,591 multiprocessing INFO STARTING NEW RUN ==========
SpawnPoolWorker-734| 2026-06-21 23:39:25,591,591 multiprocessing INFO SEE LOG AT : ./logs/all_Lyapunov_test_dso-fn_d_all_z_01_log.txt
SpawnPoolWorker-734| 2026-06-21 23:39:25,591,591 multiprocessing INFO See log at : ./logs/all_Lyapunov_test_dso-fn_d_all_z_01_log.txt
SpawnPoolWorker-734| 2026-06-21 23:39:25,602,602 multiprocessing INFO child process calling self.run()
SpawnPoolWorker-736| 2026-06-21 23:39:25,635,635 multiprocessing INFO STARTING NEW RUN ==========
SpawnPoolWorker-736| 2026-06-21 23:39:25,635,635 multiprocessing INFO SEE LOG AT : ./logs/all_Lyapunov_test_dso-fn_d_all_z_01_log.txt
SpawnPoolWorker-736| 2026-06-21 23:39:25,635,635 multiprocessing INFO See log at : ./logs/all_Lyapunov_test_dso-fn_d_all_z_01_log.txt
SpawnPoolWorker-736| 2026-06-21 23:39:25,643,643 multiprocessing INFO child process calling self.run()
SpawnPoolWorker-727| 2026-06-21 23:39:25,694,694 multiprocessing INFO STARTING NEW RUN ==========
SpawnPoolWorker-727| 2026-06-21 23:39:25,694,694 multiprocessing INFO SEE LOG AT : ./logs/all_Lyapunov_test_dso-fn_d_all_z_01_log.txt
SpawnPoolWorker-727| 2026-06-21 23:39:25,694,694 multiprocessing INFO See log at : ./logs/all_Lyapunov_test_dso-fn_d_all_z_01_log.txt
SpawnPoolWorker-725| 2026-06-21 23:39:25,691,691 multiprocessing INFO STARTING NEW RUN ==========
SpawnPoolWorker-725| 2026-06-21 23:39:25,695,695 multiprocessing INFO SEE LOG AT : ./logs/all_Lyapunov_test_dso-fn_d_all_z_01_log.txt
SpawnPoolWorker-725| 2026-06-21 23:39:25,695,695 multiprocessing INFO See log at : ./logs/all_Lyapunov_test_dso-fn_d_all_z_01_log.txt
SpawnPoolWorker-727| 2026-06-21 23:39:25,696,696 multiprocessing INFO child process calling self.run()
SpawnPoolWorker-725| 2026-06-21 23:39:25,702,702 multiprocessing INFO child process calling self.run()
SpawnPoolWorker-740| 2026-06-21 23:39:25,951,951 multiprocessing INFO STARTING NEW RUN ==========
SpawnPoolWorker-740| 2026-06-21 23:39:25,951,951 multiprocessing INFO SEE LOG AT : ./logs/all_Lyapunov_test_dso-fn_d_all_z_01_log.txt
SpawnPoolWorker-740| 2026-06-21 23:39:25,951,951 multiprocessing INFO See log at : ./logs/all_Lyapunov_test_dso-fn_d_all_z_01_log.txt
SpawnPoolWorker-740| 2026-06-21 23:39:25,954,954 multiprocessing INFO child process calling self.run()
SpawnPoolWorker-730| 2026-06-21 23:39:25,976,976 multiprocessing INFO STARTING NEW RUN ==========
SpawnPoolWorker-730| 2026-06-21 23:39:25,977,977 multiprocessing INFO SEE LOG AT : ./logs/all_Lyapunov_test_dso-fn_d_all_z_01_log.txt
SpawnPoolWorker-730| 2026-06-21 23:39:25,977,977 multiprocessing INFO See log at : ./logs/all_Lyapunov_test_dso-fn_d_all_z_01_log.txt
SpawnPoolWorker-730| 2026-06-21 23:39:25,980,980 multiprocessing INFO child process calling self.run()
SpawnPoolWorker-741| 2026-06-21 23:39:26,033,33 multiprocessing INFO STARTING NEW RUN ==========
SpawnPoolWorker-741| 2026-06-21 23:39:26,033,33 multiprocessing INFO SEE LOG AT : ./logs/all_Lyapunov_test_dso-fn_d_all_z_01_log.txt
SpawnPoolWorker-741| 2026-06-21 23:39:26,033,33 multiprocessing INFO See log at : ./logs/all_Lyapunov_test_dso-fn_d_all_z_01_log.txt
SpawnPoolWorker-741| 2026-06-21 23:39:26,035,35 multiprocessing INFO child process calling self.run()
SpawnPoolWorker-735| 2026-06-21 23:39:26,299,299 multiprocessing INFO STARTING NEW RUN ==========
SpawnPoolWorker-735| 2026-06-21 23:39:26,299,299 multiprocessing INFO SEE LOG AT : ./logs/all_Lyapunov_test_dso-fn_d_all_z_01_log.txt
SpawnPoolWorker-735| 2026-06-21 23:39:26,299,299 multiprocessing INFO See log at : ./logs/all_Lyapunov_test_dso-fn_d_all_z_01_log.txt
SpawnPoolWorker-735| 2026-06-21 23:39:26,302,302 multiprocessing INFO child process calling self.run()
SpawnPoolWorker-732| 2026-06-21 23:39:26,406,406 multiprocessing INFO STARTING NEW RUN ==========
SpawnPoolWorker-732| 2026-06-21 23:39:26,406,406 multiprocessing INFO SEE LOG AT : ./logs/all_Lyapunov_test_dso-fn_d_all_z_01_log.txt
SpawnPoolWorker-732| 2026-06-21 23:39:26,406,406 multiprocessing INFO See log at : ./logs/all_Lyapunov_test_dso-fn_d_all_z_01_log.txt
SpawnPoolWorker-732| 2026-06-21 23:39:26,412,412 multiprocessing INFO child process calling self.run()
SpawnPoolWorker-733| 2026-06-21 23:39:26,445,445 multiprocessing INFO STARTING NEW RUN ==========
SpawnPoolWorker-733| 2026-06-21 23:39:26,445,445 multiprocessing INFO SEE LOG AT : ./logs/all_Lyapunov_test_dso-fn_d_all_z_01_log.txt
SpawnPoolWorker-733| 2026-06-21 23:39:26,445,445 multiprocessing INFO See log at : ./logs/all_Lyapunov_test_dso-fn_d_all_z_01_log.txt
SpawnPoolWorker-733| 2026-06-21 23:39:26,448,448 multiprocessing INFO child process calling self.run()
SpawnPoolWorker-739| 2026-06-21 23:39:26,834,834 multiprocessing INFO STARTING NEW RUN ==========
SpawnPoolWorker-739| 2026-06-21 23:39:26,834,834 multiprocessing INFO SEE LOG AT : ./logs/all_Lyapunov_test_dso-fn_d_all_z_01_log.txt
SpawnPoolWorker-739| 2026-06-21 23:39:26,835,835 multiprocessing INFO See log at : ./logs/all_Lyapunov_test_dso-fn_d_all_z_01_log.txt
SpawnPoolWorker-739| 2026-06-21 23:39:26,850,850 multiprocessing INFO child process calling self.run()
SpawnPoolWorker-745| 2026-06-21 23:39:26,913,913 multiprocessing INFO STARTING NEW RUN ==========
SpawnPoolWorker-745| 2026-06-21 23:39:26,913,913 multiprocessing INFO SEE LOG AT : ./logs/all_Lyapunov_test_dso-fn_d_all_z_01_log.txt
SpawnPoolWorker-745| 2026-06-21 23:39:26,913,913 multiprocessing INFO See log at : ./logs/all_Lyapunov_test_dso-fn_d_all_z_01_log.txt
SpawnPoolWorker-745| 2026-06-21 23:39:26,921,921 multiprocessing INFO child process calling self.run()
SpawnPoolWorker-738| 2026-06-21 23:39:27,268,268 multiprocessing INFO STARTING NEW RUN ==========
SpawnPoolWorker-738| 2026-06-21 23:39:27,268,268 multiprocessing INFO SEE LOG AT : ./logs/all_Lyapunov_test_dso-fn_d_all_z_01_log.txt
SpawnPoolWorker-738| 2026-06-21 23:39:27,268,268 multiprocessing INFO See log at : ./logs/all_Lyapunov_test_dso-fn_d_all_z_01_log.txt
SpawnPoolWorker-738| 2026-06-21 23:39:27,276,276 multiprocessing INFO child process calling self.run()
SpawnPoolWorker-748| 2026-06-21 23:39:27,631,631 multiprocessing INFO STARTING NEW RUN ==========
SpawnPoolWorker-748| 2026-06-21 23:39:27,631,631 multiprocessing INFO SEE LOG AT : ./logs/all_Lyapunov_test_dso-fn_d_all_z_01_log.txt
SpawnPoolWorker-748| 2026-06-21 23:39:27,631,631 multiprocessing INFO See log at : ./logs/all_Lyapunov_test_dso-fn_d_all_z_01_log.txt
SpawnPoolWorker-748| 2026-06-21 23:39:27,640,640 multiprocessing INFO child process calling self.run()
SpawnPoolWorker-744| 2026-06-21 23:39:27,867,867 multiprocessing INFO STARTING NEW RUN ==========
SpawnPoolWorker-744| 2026-06-21 23:39:27,867,867 multiprocessing INFO SEE LOG AT : ./logs/all_Lyapunov_test_dso-fn_d_all_z_01_log.txt
SpawnPoolWorker-744| 2026-06-21 23:39:27,867,867 multiprocessing INFO See log at : ./logs/all_Lyapunov_test_dso-fn_d_all_z_01_log.txt
SpawnPoolWorker-744| 2026-06-21 23:39:27,878,878 multiprocessing INFO child process calling self.run()
SpawnPoolWorker-742| 2026-06-21 23:39:28,117,117 multiprocessing INFO STARTING NEW RUN ==========
SpawnPoolWorker-742| 2026-06-21 23:39:28,117,117 multiprocessing INFO SEE LOG AT : ./logs/all_Lyapunov_test_dso-fn_d_all_z_01_log.txt
SpawnPoolWorker-742| 2026-06-21 23:39:28,117,117 multiprocessing INFO See log at : ./logs/all_Lyapunov_test_dso-fn_d_all_z_01_log.txt
SpawnPoolWorker-737| 2026-06-21 23:39:28,122,122 multiprocessing INFO STARTING NEW RUN ==========
SpawnPoolWorker-737| 2026-06-21 23:39:28,122,122 multiprocessing INFO SEE LOG AT : ./logs/all_Lyapunov_test_dso-fn_d_all_z_01_log.txt
SpawnPoolWorker-737| 2026-06-21 23:39:28,122,122 multiprocessing INFO See log at : ./logs/all_Lyapunov_test_dso-fn_d_all_z_01_log.txt
SpawnPoolWorker-742| 2026-06-21 23:39:28,124,124 multiprocessing INFO child process calling self.run()
SpawnPoolWorker-737| 2026-06-21 23:39:28,125,125 multiprocessing INFO child process calling self.run()
SpawnPoolWorker-746| 2026-06-21 23:39:28,462,462 multiprocessing INFO STARTING NEW RUN ==========
SpawnPoolWorker-746| 2026-06-21 23:39:28,462,462 multiprocessing INFO SEE LOG AT : ./logs/all_Lyapunov_test_dso-fn_d_all_z_01_log.txt
SpawnPoolWorker-746| 2026-06-21 23:39:28,462,462 multiprocessing INFO See log at : ./logs/all_Lyapunov_test_dso-fn_d_all_z_01_log.txt
SpawnPoolWorker-746| 2026-06-21 23:39:28,471,471 multiprocessing INFO child process calling self.run()
SpawnPoolWorker-743| 2026-06-21 23:39:28,576,576 multiprocessing INFO STARTING NEW RUN ==========
SpawnPoolWorker-743| 2026-06-21 23:39:28,576,576 multiprocessing INFO SEE LOG AT : ./logs/all_Lyapunov_test_dso-fn_d_all_z_01_log.txt
SpawnPoolWorker-743| 2026-06-21 23:39:28,576,576 multiprocessing INFO See log at : ./logs/all_Lyapunov_test_dso-fn_d_all_z_01_log.txt
SpawnPoolWorker-743| 2026-06-21 23:39:28,595,595 multiprocessing INFO child process calling self.run()
SpawnPoolWorker-747| 2026-06-21 23:39:29,428,428 multiprocessing INFO STARTING NEW RUN ==========
SpawnPoolWorker-747| 2026-06-21 23:39:29,428,428 multiprocessing INFO SEE LOG AT : ./logs/all_Lyapunov_test_dso-fn_d_all_z_01_log.txt
SpawnPoolWorker-747| 2026-06-21 23:39:29,428,428 multiprocessing INFO See log at : ./logs/all_Lyapunov_test_dso-fn_d_all_z_01_log.txt
SpawnPoolWorker-747| 2026-06-21 23:39:29,441,441 multiprocessing INFO child process calling self.run()
SpawnPoolWorker-727| 2026-06-21 23:39:32,518,518 multiprocessing INFO process shutting down
SpawnPoolWorker-734| 2026-06-21 23:39:32,518,518 multiprocessing INFO process shutting down
SpawnPoolWorker-727| 2026-06-21 23:39:32,519,519 multiprocessing INFO process exiting with exitcode 0
SpawnPoolWorker-734| 2026-06-21 23:39:32,519,519 multiprocessing INFO process exiting with exitcode 0
SpawnPoolWorker-736| 2026-06-21 23:39:32,519,519 multiprocessing INFO process shutting down
SpawnPoolWorker-730| 2026-06-21 23:39:32,519,519 multiprocessing INFO process shutting down
SpawnPoolWorker-741| 2026-06-21 23:39:32,519,519 multiprocessing INFO process shutting down
SpawnPoolWorker-725| 2026-06-21 23:39:32,519,519 multiprocessing INFO process shutting down
SpawnPoolWorker-735| 2026-06-21 23:39:32,520,520 multiprocessing INFO process shutting down
SpawnPoolWorker-740| 2026-06-21 23:39:32,520,520 multiprocessing INFO process shutting down
SpawnPoolWorker-732| 2026-06-21 23:39:32,520,520 multiprocessing INFO process shutting down
SpawnPoolWorker-733| 2026-06-21 23:39:32,520,520 multiprocessing INFO process shutting down
SpawnPoolWorker-745| 2026-06-21 23:39:32,520,520 multiprocessing INFO process shutting down
SpawnPoolWorker-742| 2026-06-21 23:39:32,520,520 multiprocessing INFO process shutting down
SpawnPoolWorker-739| 2026-06-21 23:39:32,520,520 multiprocessing INFO process shutting down
SpawnPoolWorker-736| 2026-06-21 23:39:32,521,521 multiprocessing INFO process exiting with exitcode 0
SpawnPoolWorker-737| 2026-06-21 23:39:32,521,521 multiprocessing INFO process shutting down
SpawnPoolWorker-737| 2026-06-21 23:39:32,521,521 multiprocessing INFO process exiting with exitcode 0
SpawnPoolWorker-748| 2026-06-21 23:39:32,521,521 multiprocessing INFO process shutting down
SpawnPoolWorker-738| 2026-06-21 23:39:32,521,521 multiprocessing INFO process shutting down
SpawnPoolWorker-731| 2026-06-21 23:39:32,522,522 multiprocessing INFO process shutting down
SpawnPoolWorker-744| 2026-06-21 23:39:32,522,522 multiprocessing INFO process shutting down
SpawnPoolWorker-729| 2026-06-21 23:39:32,523,523 multiprocessing INFO process shutting down
SpawnPoolWorker-746| 2026-06-21 23:39:32,523,523 multiprocessing INFO process shutting down
SpawnPoolWorker-743| 2026-06-21 23:39:32,523,523 multiprocessing INFO process shutting down
SpawnPoolWorker-747| 2026-06-21 23:39:32,523,523 multiprocessing INFO process shutting down
SpawnPoolWorker-728| 2026-06-21 23:39:32,524,524 multiprocessing INFO process shutting down
SpawnPoolWorker-726| 2026-06-21 23:39:32,524,524 multiprocessing INFO process shutting down
SpawnPoolWorker-730| 2026-06-21 23:39:32,528,528 multiprocessing INFO process exiting with exitcode 0
SpawnPoolWorker-741| 2026-06-21 23:39:32,530,530 multiprocessing INFO process exiting with exitcode 0
28
(50000, 6)
(50000,)
(50000, 6)
(50000,)

=======================Successfully Added (25000, 6) Counter Examples=======================


============None of the candidates fulfill the conditions. Training CONTINUES!=================

MainProcess| 2026-06-21 23:39:33,489,489 multiprocessing INFO 
============None of the candidates fulfill the conditions. Training CONTINUES!=================


============None of the candidates fulfill the conditions. Training CONTINUES!=================

(56, 108)
/users/9/chen8596/miniconda3/envs/alfd/lib/python3.9/site-packages/torch/nn/functional.py:4999: UserWarning: Support for mismatched key_padding_mask and attn_mask is deprecated. Use same type for both instead.
  warnings.warn(

==============Start Supervised Learning==============

MainProcess| 2026-06-21 23:39:37,557,557 multiprocessing INFO GP output mean: 0.5481998663737848
GP output mean: 0.5481998663737848
MainProcess| 2026-06-21 23:39:38,128,128 multiprocessing INFO GP output success rate: 0.0
GP output success rate: 0.0

==============End Supervised Learning==============

MainProcess| 2026-06-21 23:39:39,934,934 multiprocessing INFO [Test epoch=0022]  nevals=303114 	| train_loss=9978.62988 	| eqs_invalid %=0.00 	| r_best=0.97813 	| quantile=0.56447 	| r_quantile_mean=0.66752 	| r_raw_sum=46.96505 	|  r_raw_mean=0.41933 	| r2=nan 	| acc_iid=0.00000 	| acc_ood=0.00000 	| nmse_test=0.010193485661486585 	| true_equation_set_count=0 	| s/it=131.52167
[Test epoch=0022]  nevals=303114 	| train_loss=9978.62988 	| eqs_invalid %=0.00 	| r_best=0.97813 	| quantile=0.56447 	| r_quantile_mean=0.66752 	| r_raw_sum=46.96505 	|  r_raw_mean=0.41933 	| r2=nan 	| acc_iid=0.00000 	| acc_ood=0.00000 	| nmse_test=0.010193485661486585 	| true_equation_set_count=0 	| s/it=131.52167
MainProcess| 2026-06-21 23:40:27,185,185 multiprocessing INFO Genetic Porgramming Runtime 46.597560924012214
Genetic Porgramming Runtime 46.597560924012214

=========================PGD Collection Starts=========================

SpawnPoolWorker-751| 2026-06-21 23:40:32,684,684 multiprocessing INFO STARTING NEW RUN ==========
SpawnPoolWorker-751| 2026-06-21 23:40:32,684,684 multiprocessing INFO SEE LOG AT : ./logs/all_Lyapunov_test_dso-fn_d_all_z_01_log.txt
SpawnPoolWorker-751| 2026-06-21 23:40:32,684,684 multiprocessing INFO See log at : ./logs/all_Lyapunov_test_dso-fn_d_all_z_01_log.txt
SpawnPoolWorker-751| 2026-06-21 23:40:32,687,687 multiprocessing INFO child process calling self.run()
SpawnPoolWorker-753| 2026-06-21 23:40:32,690,690 multiprocessing INFO STARTING NEW RUN ==========
SpawnPoolWorker-753| 2026-06-21 23:40:32,690,690 multiprocessing INFO SEE LOG AT : ./logs/all_Lyapunov_test_dso-fn_d_all_z_01_log.txt
SpawnPoolWorker-753| 2026-06-21 23:40:32,690,690 multiprocessing INFO See log at : ./logs/all_Lyapunov_test_dso-fn_d_all_z_01_log.txt
SpawnPoolWorker-753| 2026-06-21 23:40:32,692,692 multiprocessing INFO child process calling self.run()
SpawnPoolWorker-750| 2026-06-21 23:40:32,693,693 multiprocessing INFO STARTING NEW RUN ==========
SpawnPoolWorker-750| 2026-06-21 23:40:32,693,693 multiprocessing INFO SEE LOG AT : ./logs/all_Lyapunov_test_dso-fn_d_all_z_01_log.txt
SpawnPoolWorker-750| 2026-06-21 23:40:32,693,693 multiprocessing INFO See log at : ./logs/all_Lyapunov_test_dso-fn_d_all_z_01_log.txt
SpawnPoolWorker-750| 2026-06-21 23:40:32,695,695 multiprocessing INFO child process calling self.run()
SpawnPoolWorker-754| 2026-06-21 23:40:32,698,698 multiprocessing INFO STARTING NEW RUN ==========
SpawnPoolWorker-754| 2026-06-21 23:40:32,698,698 multiprocessing INFO SEE LOG AT : ./logs/all_Lyapunov_test_dso-fn_d_all_z_01_log.txt
SpawnPoolWorker-754| 2026-06-21 23:40:32,699,699 multiprocessing INFO See log at : ./logs/all_Lyapunov_test_dso-fn_d_all_z_01_log.txt
SpawnPoolWorker-754| 2026-06-21 23:40:32,700,700 multiprocessing INFO child process calling self.run()
SpawnPoolWorker-749| 2026-06-21 23:40:32,714,714 multiprocessing INFO STARTING NEW RUN ==========
SpawnPoolWorker-749| 2026-06-21 23:40:32,714,714 multiprocessing INFO SEE LOG AT : ./logs/all_Lyapunov_test_dso-fn_d_all_z_01_log.txt
SpawnPoolWorker-749| 2026-06-21 23:40:32,714,714 multiprocessing INFO See log at : ./logs/all_Lyapunov_test_dso-fn_d_all_z_01_log.txt
SpawnPoolWorker-749| 2026-06-21 23:40:32,717,717 multiprocessing INFO child process calling self.run()
SpawnPoolWorker-755| 2026-06-21 23:40:32,723,723 multiprocessing INFO STARTING NEW RUN ==========
SpawnPoolWorker-755| 2026-06-21 23:40:32,723,723 multiprocessing INFO SEE LOG AT : ./logs/all_Lyapunov_test_dso-fn_d_all_z_01_log.txt
SpawnPoolWorker-755| 2026-06-21 23:40:32,723,723 multiprocessing INFO See log at : ./logs/all_Lyapunov_test_dso-fn_d_all_z_01_log.txt
SpawnPoolWorker-757| 2026-06-21 23:40:32,724,724 multiprocessing INFO STARTING NEW RUN ==========
SpawnPoolWorker-757| 2026-06-21 23:40:32,725,725 multiprocessing INFO SEE LOG AT : ./logs/all_Lyapunov_test_dso-fn_d_all_z_01_log.txt
SpawnPoolWorker-757| 2026-06-21 23:40:32,725,725 multiprocessing INFO See log at : ./logs/all_Lyapunov_test_dso-fn_d_all_z_01_log.txt
SpawnPoolWorker-755| 2026-06-21 23:40:32,726,726 multiprocessing INFO child process calling self.run()
SpawnPoolWorker-756| 2026-06-21 23:40:32,726,726 multiprocessing INFO STARTING NEW RUN ==========
SpawnPoolWorker-756| 2026-06-21 23:40:32,726,726 multiprocessing INFO SEE LOG AT : ./logs/all_Lyapunov_test_dso-fn_d_all_z_01_log.txt
SpawnPoolWorker-756| 2026-06-21 23:40:32,726,726 multiprocessing INFO See log at : ./logs/all_Lyapunov_test_dso-fn_d_all_z_01_log.txt
SpawnPoolWorker-757| 2026-06-21 23:40:32,728,728 multiprocessing INFO child process calling self.run()
SpawnPoolWorker-756| 2026-06-21 23:40:32,728,728 multiprocessing INFO child process calling self.run()
SpawnPoolWorker-758| 2026-06-21 23:40:32,747,747 multiprocessing INFO STARTING NEW RUN ==========
SpawnPoolWorker-758| 2026-06-21 23:40:32,747,747 multiprocessing INFO SEE LOG AT : ./logs/all_Lyapunov_test_dso-fn_d_all_z_01_log.txt
SpawnPoolWorker-758| 2026-06-21 23:40:32,747,747 multiprocessing INFO See log at : ./logs/all_Lyapunov_test_dso-fn_d_all_z_01_log.txt
SpawnPoolWorker-758| 2026-06-21 23:40:32,749,749 multiprocessing INFO child process calling self.run()
SpawnPoolWorker-752| 2026-06-21 23:40:32,792,792 multiprocessing INFO STARTING NEW RUN ==========
SpawnPoolWorker-752| 2026-06-21 23:40:32,792,792 multiprocessing INFO SEE LOG AT : ./logs/all_Lyapunov_test_dso-fn_d_all_z_01_log.txt
SpawnPoolWorker-752| 2026-06-21 23:40:32,792,792 multiprocessing INFO See log at : ./logs/all_Lyapunov_test_dso-fn_d_all_z_01_log.txt
SpawnPoolWorker-752| 2026-06-21 23:40:32,794,794 multiprocessing INFO child process calling self.run()
SpawnPoolWorker-751| 2026-06-21 23:40:55,983,983 multiprocessing INFO process shutting down
SpawnPoolWorker-751| 2026-06-21 23:40:55,983,983 multiprocessing INFO process exiting with exitcode 0
SpawnPoolWorker-756| 2026-06-21 23:40:55,983,983 multiprocessing INFO process shutting down
SpawnPoolWorker-755| 2026-06-21 23:40:55,983,983 multiprocessing INFO process shutting down
SpawnPoolWorker-756| 2026-06-21 23:40:55,983,983 multiprocessing INFO process exiting with exitcode 0
SpawnPoolWorker-752| 2026-06-21 23:40:55,983,983 multiprocessing INFO process shutting down
SpawnPoolWorker-750| 2026-06-21 23:40:55,983,983 multiprocessing INFO process shutting down
SpawnPoolWorker-755| 2026-06-21 23:40:55,984,984 multiprocessing INFO process exiting with exitcode 0
SpawnPoolWorker-757| 2026-06-21 23:40:55,983,983 multiprocessing INFO process shutting down
SpawnPoolWorker-754| 2026-06-21 23:40:55,983,983 multiprocessing INFO process shutting down
(10000,)

===================Collect 10000 Examples===================

Epsilon 0.1
500
(550,)
(550,)
(55,)
Number of Programs for Minimization: 28
SpawnPoolWorker-774| 2026-06-21 23:41:11,180,180 multiprocessing INFO STARTING NEW RUN ==========
SpawnPoolWorker-774| 2026-06-21 23:41:11,180,180 multiprocessing INFO SEE LOG AT : ./logs/all_Lyapunov_test_dso-fn_d_all_z_01_log.txt
SpawnPoolWorker-774| 2026-06-21 23:41:11,180,180 multiprocessing INFO See log at : ./logs/all_Lyapunov_test_dso-fn_d_all_z_01_log.txt
SpawnPoolWorker-774| 2026-06-21 23:41:11,185,185 multiprocessing INFO child process calling self.run()
SpawnPoolWorker-782| 2026-06-21 23:41:12,472,472 multiprocessing INFO STARTING NEW RUN ==========
SpawnPoolWorker-782| 2026-06-21 23:41:12,472,472 multiprocessing INFO SEE LOG AT : ./logs/all_Lyapunov_test_dso-fn_d_all_z_01_log.txt
SpawnPoolWorker-782| 2026-06-21 23:41:12,472,472 multiprocessing INFO See log at : ./logs/all_Lyapunov_test_dso-fn_d_all_z_01_log.txt
SpawnPoolWorker-782| 2026-06-21 23:41:12,476,476 multiprocessing INFO child process calling self.run()
SpawnPoolWorker-763| 2026-06-21 23:41:14,417,417 multiprocessing INFO STARTING NEW RUN ==========
SpawnPoolWorker-763| 2026-06-21 23:41:14,417,417 multiprocessing INFO SEE LOG AT : ./logs/all_Lyapunov_test_dso-fn_d_all_z_01_log.txt
SpawnPoolWorker-763| 2026-06-21 23:41:14,417,417 multiprocessing INFO See log at : ./logs/all_Lyapunov_test_dso-fn_d_all_z_01_log.txt
SpawnPoolWorker-763| 2026-06-21 23:41:14,420,420 multiprocessing INFO child process calling self.run()
SpawnPoolWorker-765| 2026-06-21 23:41:14,499,499 multiprocessing INFO STARTING NEW RUN ==========
SpawnPoolWorker-765| 2026-06-21 23:41:14,499,499 multiprocessing INFO SEE LOG AT : ./logs/all_Lyapunov_test_dso-fn_d_all_z_01_log.txt
SpawnPoolWorker-765| 2026-06-21 23:41:14,500,500 multiprocessing INFO See log at : ./logs/all_Lyapunov_test_dso-fn_d_all_z_01_log.txt
SpawnPoolWorker-765| 2026-06-21 23:41:14,508,508 multiprocessing INFO child process calling self.run()
SpawnPoolWorker-761| 2026-06-21 23:41:14,805,805 multiprocessing INFO STARTING NEW RUN ==========
SpawnPoolWorker-775| 2026-06-21 23:41:14,805,805 multiprocessing INFO STARTING NEW RUN ==========
SpawnPoolWorker-761| 2026-06-21 23:41:14,806,806 multiprocessing INFO SEE LOG AT : ./logs/all_Lyapunov_test_dso-fn_d_all_z_01_log.txt
SpawnPoolWorker-775| 2026-06-21 23:41:14,806,806 multiprocessing INFO SEE LOG AT : ./logs/all_Lyapunov_test_dso-fn_d_all_z_01_log.txt
SpawnPoolWorker-761| 2026-06-21 23:41:14,806,806 multiprocessing INFO See log at : ./logs/all_Lyapunov_test_dso-fn_d_all_z_01_log.txt
SpawnPoolWorker-775| 2026-06-21 23:41:14,806,806 multiprocessing INFO See log at : ./logs/all_Lyapunov_test_dso-fn_d_all_z_01_log.txt
SpawnPoolWorker-775| 2026-06-21 23:41:14,811,811 multiprocessing INFO child process calling self.run()
SpawnPoolWorker-761| 2026-06-21 23:41:14,813,813 multiprocessing INFO child process calling self.run()
SpawnPoolWorker-760| 2026-06-21 23:41:14,876,876 multiprocessing INFO STARTING NEW RUN ==========
SpawnPoolWorker-760| 2026-06-21 23:41:14,876,876 multiprocessing INFO SEE LOG AT : ./logs/all_Lyapunov_test_dso-fn_d_all_z_01_log.txt
SpawnPoolWorker-760| 2026-06-21 23:41:14,876,876 multiprocessing INFO See log at : ./logs/all_Lyapunov_test_dso-fn_d_all_z_01_log.txt
SpawnPoolWorker-760| 2026-06-21 23:41:14,880,880 multiprocessing INFO child process calling self.run()
SpawnPoolWorker-764| 2026-06-21 23:41:15,037,37 multiprocessing INFO STARTING NEW RUN ==========
SpawnPoolWorker-764| 2026-06-21 23:41:15,037,37 multiprocessing INFO SEE LOG AT : ./logs/all_Lyapunov_test_dso-fn_d_all_z_01_log.txt
SpawnPoolWorker-764| 2026-06-21 23:41:15,037,37 multiprocessing INFO See log at : ./logs/all_Lyapunov_test_dso-fn_d_all_z_01_log.txt
SpawnPoolWorker-764| 2026-06-21 23:41:15,042,42 multiprocessing INFO child process calling self.run()
SpawnPoolWorker-759| 2026-06-21 23:41:15,082,82 multiprocessing INFO STARTING NEW RUN ==========
SpawnPoolWorker-759| 2026-06-21 23:41:15,082,82 multiprocessing INFO SEE LOG AT : ./logs/all_Lyapunov_test_dso-fn_d_all_z_01_log.txt
SpawnPoolWorker-759| 2026-06-21 23:41:15,082,82 multiprocessing INFO See log at : ./logs/all_Lyapunov_test_dso-fn_d_all_z_01_log.txt
SpawnPoolWorker-759| 2026-06-21 23:41:15,087,87 multiprocessing INFO child process calling self.run()
SpawnPoolWorker-779| 2026-06-21 23:41:15,300,300 multiprocessing INFO STARTING NEW RUN ==========
SpawnPoolWorker-779| 2026-06-21 23:41:15,300,300 multiprocessing INFO SEE LOG AT : ./logs/all_Lyapunov_test_dso-fn_d_all_z_01_log.txt
SpawnPoolWorker-779| 2026-06-21 23:41:15,300,300 multiprocessing INFO See log at : ./logs/all_Lyapunov_test_dso-fn_d_all_z_01_log.txt
SpawnPoolWorker-779| 2026-06-21 23:41:15,321,321 multiprocessing INFO child process calling self.run()
SpawnPoolWorker-767| 2026-06-21 23:41:15,366,366 multiprocessing INFO STARTING NEW RUN ==========
SpawnPoolWorker-767| 2026-06-21 23:41:15,366,366 multiprocessing INFO SEE LOG AT : ./logs/all_Lyapunov_test_dso-fn_d_all_z_01_log.txt
SpawnPoolWorker-767| 2026-06-21 23:41:15,366,366 multiprocessing INFO See log at : ./logs/all_Lyapunov_test_dso-fn_d_all_z_01_log.txt
SpawnPoolWorker-767| 2026-06-21 23:41:15,370,370 multiprocessing INFO child process calling self.run()
SpawnPoolWorker-776| 2026-06-21 23:41:15,494,494 multiprocessing INFO STARTING NEW RUN ==========
SpawnPoolWorker-776| 2026-06-21 23:41:15,494,494 multiprocessing INFO SEE LOG AT : ./logs/all_Lyapunov_test_dso-fn_d_all_z_01_log.txt
SpawnPoolWorker-776| 2026-06-21 23:41:15,494,494 multiprocessing INFO See log at : ./logs/all_Lyapunov_test_dso-fn_d_all_z_01_log.txt
SpawnPoolWorker-776| 2026-06-21 23:41:15,497,497 multiprocessing INFO child process calling self.run()
SpawnPoolWorker-766| 2026-06-21 23:41:15,534,534 multiprocessing INFO STARTING NEW RUN ==========
SpawnPoolWorker-766| 2026-06-21 23:41:15,534,534 multiprocessing INFO SEE LOG AT : ./logs/all_Lyapunov_test_dso-fn_d_all_z_01_log.txt
SpawnPoolWorker-766| 2026-06-21 23:41:15,534,534 multiprocessing INFO See log at : ./logs/all_Lyapunov_test_dso-fn_d_all_z_01_log.txt
SpawnPoolWorker-766| 2026-06-21 23:41:15,542,542 multiprocessing INFO child process calling self.run()
SpawnPoolWorker-769| 2026-06-21 23:41:15,683,683 multiprocessing INFO STARTING NEW RUN ==========
SpawnPoolWorker-769| 2026-06-21 23:41:15,683,683 multiprocessing INFO SEE LOG AT : ./logs/all_Lyapunov_test_dso-fn_d_all_z_01_log.txt
SpawnPoolWorker-769| 2026-06-21 23:41:15,683,683 multiprocessing INFO See log at : ./logs/all_Lyapunov_test_dso-fn_d_all_z_01_log.txt
SpawnPoolWorker-769| 2026-06-21 23:41:15,687,687 multiprocessing INFO child process calling self.run()
SpawnPoolWorker-773| 2026-06-21 23:41:15,949,949 multiprocessing INFO STARTING NEW RUN ==========
SpawnPoolWorker-773| 2026-06-21 23:41:15,949,949 multiprocessing INFO SEE LOG AT : ./logs/all_Lyapunov_test_dso-fn_d_all_z_01_log.txt
SpawnPoolWorker-773| 2026-06-21 23:41:15,949,949 multiprocessing INFO See log at : ./logs/all_Lyapunov_test_dso-fn_d_all_z_01_log.txt
SpawnPoolWorker-773| 2026-06-21 23:41:15,963,963 multiprocessing INFO child process calling self.run()
SpawnPoolWorker-762| 2026-06-21 23:41:16,000,0 multiprocessing INFO STARTING NEW RUN ==========
SpawnPoolWorker-762| 2026-06-21 23:41:16,000,0 multiprocessing INFO SEE LOG AT : ./logs/all_Lyapunov_test_dso-fn_d_all_z_01_log.txt
SpawnPoolWorker-762| 2026-06-21 23:41:16,000,0 multiprocessing INFO See log at : ./logs/all_Lyapunov_test_dso-fn_d_all_z_01_log.txt
SpawnPoolWorker-762| 2026-06-21 23:41:16,012,12 multiprocessing INFO child process calling self.run()
SpawnPoolWorker-780| 2026-06-21 23:41:16,090,90 multiprocessing INFO STARTING NEW RUN ==========
SpawnPoolWorker-780| 2026-06-21 23:41:16,090,90 multiprocessing INFO SEE LOG AT : ./logs/all_Lyapunov_test_dso-fn_d_all_z_01_log.txt
SpawnPoolWorker-780| 2026-06-21 23:41:16,090,90 multiprocessing INFO See log at : ./logs/all_Lyapunov_test_dso-fn_d_all_z_01_log.txt
SpawnPoolWorker-780| 2026-06-21 23:41:16,094,94 multiprocessing INFO child process calling self.run()
SpawnPoolWorker-781| 2026-06-21 23:41:16,244,244 multiprocessing INFO STARTING NEW RUN ==========
SpawnPoolWorker-781| 2026-06-21 23:41:16,244,244 multiprocessing INFO SEE LOG AT : ./logs/all_Lyapunov_test_dso-fn_d_all_z_01_log.txt
SpawnPoolWorker-781| 2026-06-21 23:41:16,244,244 multiprocessing INFO See log at : ./logs/all_Lyapunov_test_dso-fn_d_all_z_01_log.txt
SpawnPoolWorker-781| 2026-06-21 23:41:16,253,253 multiprocessing INFO child process calling self.run()
SpawnPoolWorker-777| 2026-06-21 23:41:16,332,332 multiprocessing INFO STARTING NEW RUN ==========
SpawnPoolWorker-777| 2026-06-21 23:41:16,332,332 multiprocessing INFO SEE LOG AT : ./logs/all_Lyapunov_test_dso-fn_d_all_z_01_log.txt
SpawnPoolWorker-777| 2026-06-21 23:41:16,332,332 multiprocessing INFO See log at : ./logs/all_Lyapunov_test_dso-fn_d_all_z_01_log.txt
SpawnPoolWorker-777| 2026-06-21 23:41:16,334,334 multiprocessing INFO child process calling self.run()
SpawnPoolWorker-778| 2026-06-21 23:41:16,570,570 multiprocessing INFO STARTING NEW RUN ==========
SpawnPoolWorker-778| 2026-06-21 23:41:16,570,570 multiprocessing INFO SEE LOG AT : ./logs/all_Lyapunov_test_dso-fn_d_all_z_01_log.txt
SpawnPoolWorker-778| 2026-06-21 23:41:16,570,570 multiprocessing INFO See log at : ./logs/all_Lyapunov_test_dso-fn_d_all_z_01_log.txt
SpawnPoolWorker-778| 2026-06-21 23:41:16,572,572 multiprocessing INFO child process calling self.run()
SpawnPoolWorker-768| 2026-06-21 23:41:16,603,603 multiprocessing INFO STARTING NEW RUN ==========
SpawnPoolWorker-768| 2026-06-21 23:41:16,603,603 multiprocessing INFO SEE LOG AT : ./logs/all_Lyapunov_test_dso-fn_d_all_z_01_log.txt
SpawnPoolWorker-768| 2026-06-21 23:41:16,603,603 multiprocessing INFO See log at : ./logs/all_Lyapunov_test_dso-fn_d_all_z_01_log.txt
SpawnPoolWorker-768| 2026-06-21 23:41:16,605,605 multiprocessing INFO child process calling self.run()
SpawnPoolWorker-772| 2026-06-21 23:41:16,654,654 multiprocessing INFO STARTING NEW RUN ==========
SpawnPoolWorker-772| 2026-06-21 23:41:16,655,655 multiprocessing INFO SEE LOG AT : ./logs/all_Lyapunov_test_dso-fn_d_all_z_01_log.txt
SpawnPoolWorker-772| 2026-06-21 23:41:16,655,655 multiprocessing INFO See log at : ./logs/all_Lyapunov_test_dso-fn_d_all_z_01_log.txt
SpawnPoolWorker-772| 2026-06-21 23:41:16,657,657 multiprocessing INFO child process calling self.run()
SpawnPoolWorker-771| 2026-06-21 23:41:16,863,863 multiprocessing INFO STARTING NEW RUN ==========
SpawnPoolWorker-771| 2026-06-21 23:41:16,863,863 multiprocessing INFO SEE LOG AT : ./logs/all_Lyapunov_test_dso-fn_d_all_z_01_log.txt
SpawnPoolWorker-771| 2026-06-21 23:41:16,863,863 multiprocessing INFO See log at : ./logs/all_Lyapunov_test_dso-fn_d_all_z_01_log.txt
SpawnPoolWorker-771| 2026-06-21 23:41:16,865,865 multiprocessing INFO child process calling self.run()
SpawnPoolWorker-770| 2026-06-21 23:41:17,273,273 multiprocessing INFO STARTING NEW RUN ==========
SpawnPoolWorker-770| 2026-06-21 23:41:17,274,274 multiprocessing INFO SEE LOG AT : ./logs/all_Lyapunov_test_dso-fn_d_all_z_01_log.txt
SpawnPoolWorker-770| 2026-06-21 23:41:17,274,274 multiprocessing INFO See log at : ./logs/all_Lyapunov_test_dso-fn_d_all_z_01_log.txt
SpawnPoolWorker-770| 2026-06-21 23:41:17,275,275 multiprocessing INFO child process calling self.run()
SpawnPoolWorker-781| 2026-06-21 23:41:17,484,484 multiprocessing INFO process shutting down
SpawnPoolWorker-777| 2026-06-21 23:41:17,484,484 multiprocessing INFO process shutting down
SpawnPoolWorker-781| 2026-06-21 23:41:17,484,484 multiprocessing INFO process exiting with exitcode 0
SpawnPoolWorker-775| 2026-06-21 23:41:17,484,484 multiprocessing INFO process shutting down
SpawnPoolWorker-777| 2026-06-21 23:41:17,484,484 multiprocessing INFO process exiting with exitcode 0
SpawnPoolWorker-775| 2026-06-21 23:41:17,484,484 multiprocessing INFO process exiting with exitcode 0
SpawnPoolWorker-778| 2026-06-21 23:41:17,484,484 multiprocessing INFO process shutting down
SpawnPoolWorker-768| 2026-06-21 23:41:17,484,484 multiprocessing INFO process shutting down
SpawnPoolWorker-774| 2026-06-21 23:41:17,484,484 multiprocessing INFO process shutting down
SpawnPoolWorker-772| 2026-06-21 23:41:17,484,484 multiprocessing INFO process shutting down
SpawnPoolWorker-782| 2026-06-21 23:41:17,484,484 multiprocessing INFO process shutting down
SpawnPoolWorker-771| 2026-06-21 23:41:17,485,485 multiprocessing INFO process shutting down
SpawnPoolWorker-760| 2026-06-21 23:41:17,485,485 multiprocessing INFO process shutting down
SpawnPoolWorker-759| 2026-06-21 23:41:17,485,485 multiprocessing INFO process shutting down
SpawnPoolWorker-770| 2026-06-21 23:41:17,485,485 multiprocessing INFO process shutting down
SpawnPoolWorker-767| 2026-06-21 23:41:17,485,485 multiprocessing INFO process shutting down
SpawnPoolWorker-761| 2026-06-21 23:41:17,485,485 multiprocessing INFO process shutting down
SpawnPoolWorker-763| 2026-06-21 23:41:17,485,485 multiprocessing INFO process shutting down
SpawnPoolWorker-769| 2026-06-21 23:41:17,485,485 multiprocessing INFO process shutting down
SpawnPoolWorker-778| 2026-06-21 23:41:17,486,486 multiprocessing INFO process exiting with exitcode 0
SpawnPoolWorker-769| 2026-06-21 23:41:17,486,486 multiprocessing INFO process exiting with exitcode 0
SpawnPoolWorker-765| 2026-06-21 23:41:17,485,485 multiprocessing INFO process shutting down
SpawnPoolWorker-763| 2026-06-21 23:41:17,486,486 multiprocessing INFO process exiting with exitcode 0
SpawnPoolWorker-779| 2026-06-21 23:41:17,486,486 multiprocessing INFO process shutting down
SpawnPoolWorker-776| 2026-06-21 23:41:17,485,485 multiprocessing INFO process shutting down
SpawnPoolWorker-773| 2026-06-21 23:41:17,486,486 multiprocessing INFO process shutting down
SpawnPoolWorker-766| 2026-06-21 23:41:17,486,486 multiprocessing INFO process shutting down
SpawnPoolWorker-764| 2026-06-21 23:41:17,486,486 multiprocessing INFO process shutting down
28
(50000, 6)
(50000,)
(50000, 6)
(50000,)

=======================Successfully Added (25000, 6) Counter Examples=======================


============None of the candidates fulfill the conditions. Training CONTINUES!=================

MainProcess| 2026-06-21 23:41:18,854,854 multiprocessing INFO 
============None of the candidates fulfill the conditions. Training CONTINUES!=================


============None of the candidates fulfill the conditions. Training CONTINUES!=================

(55, 108)
/users/9/chen8596/miniconda3/envs/alfd/lib/python3.9/site-packages/torch/nn/functional.py:4999: UserWarning: Support for mismatched key_padding_mask and attn_mask is deprecated. Use same type for both instead.
  warnings.warn(

==============Start Supervised Learning==============

MainProcess| 2026-06-21 23:41:23,879,879 multiprocessing INFO GP output mean: 0.41488752504681214
GP output mean: 0.41488752504681214
MainProcess| 2026-06-21 23:41:24,534,534 multiprocessing INFO GP output success rate: 0.0
GP output success rate: 0.0

==============End Supervised Learning==============

MainProcess| 2026-06-21 23:41:26,311,311 multiprocessing INFO [Test epoch=0023]  nevals=316929 	| train_loss=12080.92871 	| eqs_invalid %=0.00 	| r_best=0.97813 	| quantile=0.45963 	| r_quantile_mean=0.58883 	| r_raw_sum=36.31258 	|  r_raw_mean=0.35601 	| r2=nan 	| acc_iid=0.00000 	| acc_ood=0.00000 	| nmse_test=0.010193485661486585 	| true_equation_set_count=0 	| s/it=106.37608
[Test epoch=0023]  nevals=316929 	| train_loss=12080.92871 	| eqs_invalid %=0.00 	| r_best=0.97813 	| quantile=0.45963 	| r_quantile_mean=0.58883 	| r_raw_sum=36.31258 	|  r_raw_mean=0.35601 	| r2=nan 	| acc_iid=0.00000 	| acc_ood=0.00000 	| nmse_test=0.010193485661486585 	| true_equation_set_count=0 	| s/it=106.37608
MainProcess| 2026-06-21 23:42:42,775,775 multiprocessing INFO Genetic Porgramming Runtime 75.77090545301326
Genetic Porgramming Runtime 75.77090545301326

=========================PGD Collection Starts=========================

SpawnPoolWorker-791| 2026-06-21 23:42:49,128,128 multiprocessing INFO STARTING NEW RUN ==========
SpawnPoolWorker-791| 2026-06-21 23:42:49,128,128 multiprocessing INFO SEE LOG AT : ./logs/all_Lyapunov_test_dso-fn_d_all_z_01_log.txt
SpawnPoolWorker-791| 2026-06-21 23:42:49,128,128 multiprocessing INFO See log at : ./logs/all_Lyapunov_test_dso-fn_d_all_z_01_log.txt
SpawnPoolWorker-791| 2026-06-21 23:42:49,130,130 multiprocessing INFO child process calling self.run()
SpawnPoolWorker-790| 2026-06-21 23:42:49,141,141 multiprocessing INFO STARTING NEW RUN ==========
SpawnPoolWorker-790| 2026-06-21 23:42:49,141,141 multiprocessing INFO SEE LOG AT : ./logs/all_Lyapunov_test_dso-fn_d_all_z_01_log.txt
SpawnPoolWorker-790| 2026-06-21 23:42:49,141,141 multiprocessing INFO See log at : ./logs/all_Lyapunov_test_dso-fn_d_all_z_01_log.txt
SpawnPoolWorker-790| 2026-06-21 23:42:49,143,143 multiprocessing INFO child process calling self.run()
SpawnPoolWorker-783| 2026-06-21 23:42:49,143,143 multiprocessing INFO STARTING NEW RUN ==========
SpawnPoolWorker-792| 2026-06-21 23:42:49,143,143 multiprocessing INFO STARTING NEW RUN ==========
SpawnPoolWorker-786| 2026-06-21 23:42:49,143,143 multiprocessing INFO STARTING NEW RUN ==========
SpawnPoolWorker-783| 2026-06-21 23:42:49,144,144 multiprocessing INFO SEE LOG AT : ./logs/all_Lyapunov_test_dso-fn_d_all_z_01_log.txt
SpawnPoolWorker-783| 2026-06-21 23:42:49,144,144 multiprocessing INFO See log at : ./logs/all_Lyapunov_test_dso-fn_d_all_z_01_log.txt
SpawnPoolWorker-792| 2026-06-21 23:42:49,144,144 multiprocessing INFO SEE LOG AT : ./logs/all_Lyapunov_test_dso-fn_d_all_z_01_log.txt
SpawnPoolWorker-792| 2026-06-21 23:42:49,144,144 multiprocessing INFO See log at : ./logs/all_Lyapunov_test_dso-fn_d_all_z_01_log.txt
SpawnPoolWorker-787| 2026-06-21 23:42:49,144,144 multiprocessing INFO STARTING NEW RUN ==========
SpawnPoolWorker-787| 2026-06-21 23:42:49,144,144 multiprocessing INFO SEE LOG AT : ./logs/all_Lyapunov_test_dso-fn_d_all_z_01_log.txt
SpawnPoolWorker-787| 2026-06-21 23:42:49,144,144 multiprocessing INFO See log at : ./logs/all_Lyapunov_test_dso-fn_d_all_z_01_log.txt
SpawnPoolWorker-786| 2026-06-21 23:42:49,144,144 multiprocessing INFO SEE LOG AT : ./logs/all_Lyapunov_test_dso-fn_d_all_z_01_log.txt
SpawnPoolWorker-786| 2026-06-21 23:42:49,144,144 multiprocessing INFO See log at : ./logs/all_Lyapunov_test_dso-fn_d_all_z_01_log.txt
SpawnPoolWorker-787| 2026-06-21 23:42:49,146,146 multiprocessing INFO child process calling self.run()
SpawnPoolWorker-783| 2026-06-21 23:42:49,146,146 multiprocessing INFO child process calling self.run()
SpawnPoolWorker-792| 2026-06-21 23:42:49,146,146 multiprocessing INFO child process calling self.run()
SpawnPoolWorker-786| 2026-06-21 23:42:49,147,147 multiprocessing INFO child process calling self.run()
SpawnPoolWorker-785| 2026-06-21 23:42:49,147,147 multiprocessing INFO STARTING NEW RUN ==========
SpawnPoolWorker-785| 2026-06-21 23:42:49,148,148 multiprocessing INFO SEE LOG AT : ./logs/all_Lyapunov_test_dso-fn_d_all_z_01_log.txt
SpawnPoolWorker-785| 2026-06-21 23:42:49,148,148 multiprocessing INFO See log at : ./logs/all_Lyapunov_test_dso-fn_d_all_z_01_log.txt
SpawnPoolWorker-785| 2026-06-21 23:42:49,150,150 multiprocessing INFO child process calling self.run()
SpawnPoolWorker-788| 2026-06-21 23:42:49,154,154 multiprocessing INFO STARTING NEW RUN ==========
SpawnPoolWorker-788| 2026-06-21 23:42:49,154,154 multiprocessing INFO SEE LOG AT : ./logs/all_Lyapunov_test_dso-fn_d_all_z_01_log.txt
SpawnPoolWorker-788| 2026-06-21 23:42:49,154,154 multiprocessing INFO See log at : ./logs/all_Lyapunov_test_dso-fn_d_all_z_01_log.txt
SpawnPoolWorker-788| 2026-06-21 23:42:49,155,155 multiprocessing INFO child process calling self.run()
SpawnPoolWorker-784| 2026-06-21 23:42:49,163,163 multiprocessing INFO STARTING NEW RUN ==========
SpawnPoolWorker-784| 2026-06-21 23:42:49,163,163 multiprocessing INFO SEE LOG AT : ./logs/all_Lyapunov_test_dso-fn_d_all_z_01_log.txt
SpawnPoolWorker-784| 2026-06-21 23:42:49,163,163 multiprocessing INFO See log at : ./logs/all_Lyapunov_test_dso-fn_d_all_z_01_log.txt
SpawnPoolWorker-784| 2026-06-21 23:42:49,165,165 multiprocessing INFO child process calling self.run()
SpawnPoolWorker-789| 2026-06-21 23:42:49,177,177 multiprocessing INFO STARTING NEW RUN ==========
SpawnPoolWorker-789| 2026-06-21 23:42:49,178,178 multiprocessing INFO SEE LOG AT : ./logs/all_Lyapunov_test_dso-fn_d_all_z_01_log.txt
SpawnPoolWorker-789| 2026-06-21 23:42:49,178,178 multiprocessing INFO See log at : ./logs/all_Lyapunov_test_dso-fn_d_all_z_01_log.txt
SpawnPoolWorker-789| 2026-06-21 23:42:49,180,180 multiprocessing INFO child process calling self.run()
SpawnPoolWorker-784| 2026-06-21 23:43:04,160,160 multiprocessing INFO process shutting down
SpawnPoolWorker-783| 2026-06-21 23:43:04,160,160 multiprocessing INFO process shutting down
SpawnPoolWorker-784| 2026-06-21 23:43:04,160,160 multiprocessing INFO process exiting with exitcode 0
SpawnPoolWorker-783| 2026-06-21 23:43:04,160,160 multiprocessing INFO process exiting with exitcode 0
SpawnPoolWorker-788| 2026-06-21 23:43:04,160,160 multiprocessing INFO process shutting down
SpawnPoolWorker-790| 2026-06-21 23:43:04,160,160 multiprocessing INFO process shutting down
SpawnPoolWorker-791| 2026-06-21 23:43:04,160,160 multiprocessing INFO process shutting down
SpawnPoolWorker-785| 2026-06-21 23:43:04,160,160 multiprocessing INFO process shutting down
SpawnPoolWorker-786| 2026-06-21 23:43:04,160,160 multiprocessing INFO process shutting down
SpawnPoolWorker-788| 2026-06-21 23:43:04,161,161 multiprocessing INFO process exiting with exitcode 0
SpawnPoolWorker-790| 2026-06-21 23:43:04,161,161 multiprocessing INFO process exiting with exitcode 0
SpawnPoolWorker-791| 2026-06-21 23:43:04,161,161 multiprocessing INFO process exiting with exitcode 0
SpawnPoolWorker-785| 2026-06-21 23:43:04,161,161 multiprocessing INFO process exiting with exitcode 0
SpawnPoolWorker-789| 2026-06-21 23:43:04,161,161 multiprocessing INFO process shutting down
(10000,)

===================Collect 10000 Examples===================

Epsilon 0.1
500
(550,)
(550,)
(55,)
Number of Programs for Minimization: 28
SpawnPoolWorker-793| 2026-06-21 23:43:17,674,674 multiprocessing INFO STARTING NEW RUN ==========
SpawnPoolWorker-793| 2026-06-21 23:43:17,674,674 multiprocessing INFO SEE LOG AT : ./logs/all_Lyapunov_test_dso-fn_d_all_z_01_log.txt
SpawnPoolWorker-793| 2026-06-21 23:43:17,674,674 multiprocessing INFO See log at : ./logs/all_Lyapunov_test_dso-fn_d_all_z_01_log.txt
SpawnPoolWorker-793| 2026-06-21 23:43:17,683,683 multiprocessing INFO child process calling self.run()
SpawnPoolWorker-801| 2026-06-21 23:43:17,702,702 multiprocessing INFO STARTING NEW RUN ==========
SpawnPoolWorker-801| 2026-06-21 23:43:17,702,702 multiprocessing INFO SEE LOG AT : ./logs/all_Lyapunov_test_dso-fn_d_all_z_01_log.txt
SpawnPoolWorker-801| 2026-06-21 23:43:17,702,702 multiprocessing INFO See log at : ./logs/all_Lyapunov_test_dso-fn_d_all_z_01_log.txt
SpawnPoolWorker-801| 2026-06-21 23:43:17,706,706 multiprocessing INFO child process calling self.run()
SpawnPoolWorker-815| 2026-06-21 23:43:17,987,987 multiprocessing INFO STARTING NEW RUN ==========
SpawnPoolWorker-815| 2026-06-21 23:43:17,987,987 multiprocessing INFO SEE LOG AT : ./logs/all_Lyapunov_test_dso-fn_d_all_z_01_log.txt
SpawnPoolWorker-815| 2026-06-21 23:43:17,987,987 multiprocessing INFO See log at : ./logs/all_Lyapunov_test_dso-fn_d_all_z_01_log.txt
SpawnPoolWorker-815| 2026-06-21 23:43:17,990,990 multiprocessing INFO child process calling self.run()
SpawnPoolWorker-794| 2026-06-21 23:43:18,835,835 multiprocessing INFO STARTING NEW RUN ==========
SpawnPoolWorker-794| 2026-06-21 23:43:18,835,835 multiprocessing INFO SEE LOG AT : ./logs/all_Lyapunov_test_dso-fn_d_all_z_01_log.txt
SpawnPoolWorker-794| 2026-06-21 23:43:18,835,835 multiprocessing INFO See log at : ./logs/all_Lyapunov_test_dso-fn_d_all_z_01_log.txt
SpawnPoolWorker-794| 2026-06-21 23:43:18,836,836 multiprocessing INFO child process calling self.run()
SpawnPoolWorker-804| 2026-06-21 23:43:18,893,893 multiprocessing INFO STARTING NEW RUN ==========
SpawnPoolWorker-804| 2026-06-21 23:43:18,893,893 multiprocessing INFO SEE LOG AT : ./logs/all_Lyapunov_test_dso-fn_d_all_z_01_log.txt
SpawnPoolWorker-804| 2026-06-21 23:43:18,893,893 multiprocessing INFO See log at : ./logs/all_Lyapunov_test_dso-fn_d_all_z_01_log.txt
SpawnPoolWorker-804| 2026-06-21 23:43:18,897,897 multiprocessing INFO child process calling self.run()
SpawnPoolWorker-808| 2026-06-21 23:43:18,998,998 multiprocessing INFO STARTING NEW RUN ==========
SpawnPoolWorker-808| 2026-06-21 23:43:18,998,998 multiprocessing INFO SEE LOG AT : ./logs/all_Lyapunov_test_dso-fn_d_all_z_01_log.txt
SpawnPoolWorker-808| 2026-06-21 23:43:18,998,998 multiprocessing INFO See log at : ./logs/all_Lyapunov_test_dso-fn_d_all_z_01_log.txt
SpawnPoolWorker-808| 2026-06-21 23:43:19,001,1 multiprocessing INFO child process calling self.run()
SpawnPoolWorker-798| 2026-06-21 23:43:19,128,128 multiprocessing INFO STARTING NEW RUN ==========
SpawnPoolWorker-798| 2026-06-21 23:43:19,128,128 multiprocessing INFO SEE LOG AT : ./logs/all_Lyapunov_test_dso-fn_d_all_z_01_log.txt
SpawnPoolWorker-798| 2026-06-21 23:43:19,128,128 multiprocessing INFO See log at : ./logs/all_Lyapunov_test_dso-fn_d_all_z_01_log.txt
SpawnPoolWorker-798| 2026-06-21 23:43:19,130,130 multiprocessing INFO child process calling self.run()
SpawnPoolWorker-802| 2026-06-21 23:43:19,187,187 multiprocessing INFO STARTING NEW RUN ==========
SpawnPoolWorker-802| 2026-06-21 23:43:19,187,187 multiprocessing INFO SEE LOG AT : ./logs/all_Lyapunov_test_dso-fn_d_all_z_01_log.txt
SpawnPoolWorker-802| 2026-06-21 23:43:19,187,187 multiprocessing INFO See log at : ./logs/all_Lyapunov_test_dso-fn_d_all_z_01_log.txt
SpawnPoolWorker-802| 2026-06-21 23:43:19,189,189 multiprocessing INFO child process calling self.run()
SpawnPoolWorker-812| 2026-06-21 23:43:19,394,394 multiprocessing INFO STARTING NEW RUN ==========
SpawnPoolWorker-812| 2026-06-21 23:43:19,394,394 multiprocessing INFO SEE LOG AT : ./logs/all_Lyapunov_test_dso-fn_d_all_z_01_log.txt
SpawnPoolWorker-812| 2026-06-21 23:43:19,394,394 multiprocessing INFO See log at : ./logs/all_Lyapunov_test_dso-fn_d_all_z_01_log.txt
SpawnPoolWorker-812| 2026-06-21 23:43:19,397,397 multiprocessing INFO child process calling self.run()
SpawnPoolWorker-799| 2026-06-21 23:43:19,550,550 multiprocessing INFO STARTING NEW RUN ==========
SpawnPoolWorker-799| 2026-06-21 23:43:19,550,550 multiprocessing INFO SEE LOG AT : ./logs/all_Lyapunov_test_dso-fn_d_all_z_01_log.txt
SpawnPoolWorker-799| 2026-06-21 23:43:19,550,550 multiprocessing INFO See log at : ./logs/all_Lyapunov_test_dso-fn_d_all_z_01_log.txt
SpawnPoolWorker-799| 2026-06-21 23:43:19,554,554 multiprocessing INFO child process calling self.run()
SpawnPoolWorker-795| 2026-06-21 23:43:19,803,803 multiprocessing INFO STARTING NEW RUN ==========
SpawnPoolWorker-795| 2026-06-21 23:43:19,804,804 multiprocessing INFO SEE LOG AT : ./logs/all_Lyapunov_test_dso-fn_d_all_z_01_log.txt
SpawnPoolWorker-795| 2026-06-21 23:43:19,804,804 multiprocessing INFO See log at : ./logs/all_Lyapunov_test_dso-fn_d_all_z_01_log.txt
SpawnPoolWorker-795| 2026-06-21 23:43:19,805,805 multiprocessing INFO child process calling self.run()
SpawnPoolWorker-805| 2026-06-21 23:43:20,148,148 multiprocessing INFO STARTING NEW RUN ==========
SpawnPoolWorker-805| 2026-06-21 23:43:20,148,148 multiprocessing INFO SEE LOG AT : ./logs/all_Lyapunov_test_dso-fn_d_all_z_01_log.txt
SpawnPoolWorker-805| 2026-06-21 23:43:20,148,148 multiprocessing INFO See log at : ./logs/all_Lyapunov_test_dso-fn_d_all_z_01_log.txt
SpawnPoolWorker-805| 2026-06-21 23:43:20,152,152 multiprocessing INFO child process calling self.run()
SpawnPoolWorker-803| 2026-06-21 23:43:20,252,252 multiprocessing INFO STARTING NEW RUN ==========
SpawnPoolWorker-803| 2026-06-21 23:43:20,252,252 multiprocessing INFO SEE LOG AT : ./logs/all_Lyapunov_test_dso-fn_d_all_z_01_log.txt
SpawnPoolWorker-803| 2026-06-21 23:43:20,252,252 multiprocessing INFO See log at : ./logs/all_Lyapunov_test_dso-fn_d_all_z_01_log.txt
SpawnPoolWorker-803| 2026-06-21 23:43:20,254,254 multiprocessing INFO child process calling self.run()
SpawnPoolWorker-807| 2026-06-21 23:43:20,409,409 multiprocessing INFO STARTING NEW RUN ==========
SpawnPoolWorker-807| 2026-06-21 23:43:20,409,409 multiprocessing INFO SEE LOG AT : ./logs/all_Lyapunov_test_dso-fn_d_all_z_01_log.txt
SpawnPoolWorker-807| 2026-06-21 23:43:20,409,409 multiprocessing INFO See log at : ./logs/all_Lyapunov_test_dso-fn_d_all_z_01_log.txt
SpawnPoolWorker-807| 2026-06-21 23:43:20,415,415 multiprocessing INFO child process calling self.run()
SpawnPoolWorker-796| 2026-06-21 23:43:20,506,506 multiprocessing INFO STARTING NEW RUN ==========
SpawnPoolWorker-796| 2026-06-21 23:43:20,506,506 multiprocessing INFO SEE LOG AT : ./logs/all_Lyapunov_test_dso-fn_d_all_z_01_log.txt
SpawnPoolWorker-796| 2026-06-21 23:43:20,506,506 multiprocessing INFO See log at : ./logs/all_Lyapunov_test_dso-fn_d_all_z_01_log.txt
SpawnPoolWorker-796| 2026-06-21 23:43:20,508,508 multiprocessing INFO child process calling self.run()
SpawnPoolWorker-797| 2026-06-21 23:43:20,793,793 multiprocessing INFO STARTING NEW RUN ==========
SpawnPoolWorker-797| 2026-06-21 23:43:20,793,793 multiprocessing INFO SEE LOG AT : ./logs/all_Lyapunov_test_dso-fn_d_all_z_01_log.txt
SpawnPoolWorker-797| 2026-06-21 23:43:20,793,793 multiprocessing INFO See log at : ./logs/all_Lyapunov_test_dso-fn_d_all_z_01_log.txt
SpawnPoolWorker-797| 2026-06-21 23:43:20,803,803 multiprocessing INFO child process calling self.run()
SpawnPoolWorker-800| 2026-06-21 23:43:20,904,904 multiprocessing INFO STARTING NEW RUN ==========
SpawnPoolWorker-800| 2026-06-21 23:43:20,904,904 multiprocessing INFO SEE LOG AT : ./logs/all_Lyapunov_test_dso-fn_d_all_z_01_log.txt
SpawnPoolWorker-800| 2026-06-21 23:43:20,904,904 multiprocessing INFO See log at : ./logs/all_Lyapunov_test_dso-fn_d_all_z_01_log.txt
SpawnPoolWorker-811| 2026-06-21 23:43:20,904,904 multiprocessing INFO STARTING NEW RUN ==========
SpawnPoolWorker-811| 2026-06-21 23:43:20,904,904 multiprocessing INFO SEE LOG AT : ./logs/all_Lyapunov_test_dso-fn_d_all_z_01_log.txt
SpawnPoolWorker-811| 2026-06-21 23:43:20,908,908 multiprocessing INFO See log at : ./logs/all_Lyapunov_test_dso-fn_d_all_z_01_log.txt
SpawnPoolWorker-811| 2026-06-21 23:43:20,912,912 multiprocessing INFO child process calling self.run()
SpawnPoolWorker-800| 2026-06-21 23:43:20,912,912 multiprocessing INFO child process calling self.run()
SpawnPoolWorker-814| 2026-06-21 23:43:20,978,978 multiprocessing INFO STARTING NEW RUN ==========
SpawnPoolWorker-814| 2026-06-21 23:43:20,978,978 multiprocessing INFO SEE LOG AT : ./logs/all_Lyapunov_test_dso-fn_d_all_z_01_log.txt
SpawnPoolWorker-814| 2026-06-21 23:43:20,978,978 multiprocessing INFO See log at : ./logs/all_Lyapunov_test_dso-fn_d_all_z_01_log.txt
SpawnPoolWorker-814| 2026-06-21 23:43:20,982,982 multiprocessing INFO child process calling self.run()
SpawnPoolWorker-810| 2026-06-21 23:43:21,051,51 multiprocessing INFO STARTING NEW RUN ==========
SpawnPoolWorker-810| 2026-06-21 23:43:21,051,51 multiprocessing INFO SEE LOG AT : ./logs/all_Lyapunov_test_dso-fn_d_all_z_01_log.txt
SpawnPoolWorker-810| 2026-06-21 23:43:21,051,51 multiprocessing INFO See log at : ./logs/all_Lyapunov_test_dso-fn_d_all_z_01_log.txt
SpawnPoolWorker-810| 2026-06-21 23:43:21,055,55 multiprocessing INFO child process calling self.run()
SpawnPoolWorker-809| 2026-06-21 23:43:21,497,497 multiprocessing INFO STARTING NEW RUN ==========
SpawnPoolWorker-809| 2026-06-21 23:43:21,497,497 multiprocessing INFO SEE LOG AT : ./logs/all_Lyapunov_test_dso-fn_d_all_z_01_log.txt
SpawnPoolWorker-809| 2026-06-21 23:43:21,497,497 multiprocessing INFO See log at : ./logs/all_Lyapunov_test_dso-fn_d_all_z_01_log.txt
SpawnPoolWorker-809| 2026-06-21 23:43:21,503,503 multiprocessing INFO child process calling self.run()
SpawnPoolWorker-813| 2026-06-21 23:43:21,739,739 multiprocessing INFO STARTING NEW RUN ==========
SpawnPoolWorker-813| 2026-06-21 23:43:21,739,739 multiprocessing INFO SEE LOG AT : ./logs/all_Lyapunov_test_dso-fn_d_all_z_01_log.txt
SpawnPoolWorker-813| 2026-06-21 23:43:21,739,739 multiprocessing INFO See log at : ./logs/all_Lyapunov_test_dso-fn_d_all_z_01_log.txt
SpawnPoolWorker-813| 2026-06-21 23:43:21,741,741 multiprocessing INFO child process calling self.run()
SpawnPoolWorker-816| 2026-06-21 23:43:21,772,772 multiprocessing INFO STARTING NEW RUN ==========
SpawnPoolWorker-816| 2026-06-21 23:43:21,772,772 multiprocessing INFO SEE LOG AT : ./logs/all_Lyapunov_test_dso-fn_d_all_z_01_log.txt
SpawnPoolWorker-816| 2026-06-21 23:43:21,772,772 multiprocessing INFO See log at : ./logs/all_Lyapunov_test_dso-fn_d_all_z_01_log.txt
SpawnPoolWorker-816| 2026-06-21 23:43:21,773,773 multiprocessing INFO child process calling self.run()
SpawnPoolWorker-806| 2026-06-21 23:43:21,819,819 multiprocessing INFO STARTING NEW RUN ==========
SpawnPoolWorker-806| 2026-06-21 23:43:21,819,819 multiprocessing INFO SEE LOG AT : ./logs/all_Lyapunov_test_dso-fn_d_all_z_01_log.txt
SpawnPoolWorker-806| 2026-06-21 23:43:21,819,819 multiprocessing INFO See log at : ./logs/all_Lyapunov_test_dso-fn_d_all_z_01_log.txt
SpawnPoolWorker-806| 2026-06-21 23:43:21,821,821 multiprocessing INFO child process calling self.run()
SpawnPoolWorker-811| 2026-06-21 23:43:21,947,947 multiprocessing INFO process shutting down
SpawnPoolWorker-800| 2026-06-21 23:43:21,947,947 multiprocessing INFO process shutting down
SpawnPoolWorker-800| 2026-06-21 23:43:21,947,947 multiprocessing INFO process exiting with exitcode 0
SpawnPoolWorker-811| 2026-06-21 23:43:21,947,947 multiprocessing INFO process exiting with exitcode 0
SpawnPoolWorker-814| 2026-06-21 23:43:21,947,947 multiprocessing INFO process shutting down
SpawnPoolWorker-814| 2026-06-21 23:43:21,947,947 multiprocessing INFO process exiting with exitcode 0
SpawnPoolWorker-810| 2026-06-21 23:43:21,947,947 multiprocessing INFO process shutting down
SpawnPoolWorker-794| 2026-06-21 23:43:21,948,948 multiprocessing INFO process shutting down
SpawnPoolWorker-809| 2026-06-21 23:43:21,948,948 multiprocessing INFO process shutting down
SpawnPoolWorker-815| 2026-06-21 23:43:21,948,948 multiprocessing INFO process shutting down
SpawnPoolWorker-801| 2026-06-21 23:43:21,948,948 multiprocessing INFO process shutting down
SpawnPoolWorker-793| 2026-06-21 23:43:21,948,948 multiprocessing INFO process shutting down
SpawnPoolWorker-798| 2026-06-21 23:43:21,948,948 multiprocessing INFO process shutting down
SpawnPoolWorker-799| 2026-06-21 23:43:21,948,948 multiprocessing INFO process shutting down
SpawnPoolWorker-804| 2026-06-21 23:43:21,948,948 multiprocessing INFO process shutting down
SpawnPoolWorker-808| 2026-06-21 23:43:21,947,947 multiprocessing INFO process shutting down
SpawnPoolWorker-795| 2026-06-21 23:43:21,948,948 multiprocessing INFO process shutting down
SpawnPoolWorker-796| 2026-06-21 23:43:21,949,949 multiprocessing INFO process shutting down
SpawnPoolWorker-813| 2026-06-21 23:43:21,949,949 multiprocessing INFO process shutting down
SpawnPoolWorker-808| 2026-06-21 23:43:21,949,949 multiprocessing INFO process exiting with exitcode 0
SpawnPoolWorker-802| 2026-06-21 23:43:21,949,949 multiprocessing INFO process shutting down
SpawnPoolWorker-816| 2026-06-21 23:43:21,949,949 multiprocessing INFO process shutting down
SpawnPoolWorker-806| 2026-06-21 23:43:21,949,949 multiprocessing INFO process shutting down
SpawnPoolWorker-803| 2026-06-21 23:43:21,949,949 multiprocessing INFO process shutting down
SpawnPoolWorker-812| 2026-06-21 23:43:21,949,949 multiprocessing INFO process shutting down
SpawnPoolWorker-805| 2026-06-21 23:43:21,949,949 multiprocessing INFO process shutting down
28
(50000, 6)
(50000,)
(50000, 6)
(50000,)

=======================Successfully Added (25000, 6) Counter Examples=======================


============None of the candidates fulfill the conditions. Training CONTINUES!=================

MainProcess| 2026-06-21 23:43:23,343,343 multiprocessing INFO 
============None of the candidates fulfill the conditions. Training CONTINUES!=================


============None of the candidates fulfill the conditions. Training CONTINUES!=================

(55, 108)
/users/9/chen8596/miniconda3/envs/alfd/lib/python3.9/site-packages/torch/nn/functional.py:4999: UserWarning: Support for mismatched key_padding_mask and attn_mask is deprecated. Use same type for both instead.
  warnings.warn(

==============Start Supervised Learning==============

MainProcess| 2026-06-21 23:43:26,031,31 multiprocessing INFO GP output mean: 0.9890505398015856
GP output mean: 0.9890505398015856
MainProcess| 2026-06-21 23:43:26,358,358 multiprocessing INFO GP output success rate: 0.0
GP output success rate: 0.0

==============End Supervised Learning==============

/users/9/chen8596/LyaDis/repro/runs/quad6d/utils/train.py:971: RuntimeWarning: divide by zero encountered in divide
  error = np.abs(((y_hat - y) / y))
/users/9/chen8596/.local/lib/python3.9/site-packages/scipy/stats/_stats_py.py:4424: ConstantInputWarning: An input array is constant; the correlation coefficient is not defined.
  warnings.warn(stats.ConstantInputWarning(msg))
MainProcess| 2026-06-21 23:43:28,150,150 multiprocessing INFO [Test epoch=0024]  nevals=330639 	| train_loss=8328.43066 	| eqs_invalid %=0.00 	| r_best=0.98918 	| quantile=0.08050 	| r_quantile_mean=0.84324 	| r_raw_sum=46.91147 	|  r_raw_mean=0.62549 	| r2=nan 	| acc_iid=0.00000 	| acc_ood=0.00000 	| nmse_test=0.019462865729190225 	| true_equation_set_count=0 	| s/it=121.83874
[Test epoch=0024]  nevals=330639 	| train_loss=8328.43066 	| eqs_invalid %=0.00 	| r_best=0.98918 	| quantile=0.08050 	| r_quantile_mean=0.84324 	| r_raw_sum=46.91147 	|  r_raw_mean=0.62549 	| r2=nan 	| acc_iid=0.00000 	| acc_ood=0.00000 	| nmse_test=0.019462865729190225 	| true_equation_set_count=0 	| s/it=121.83874
MainProcess| 2026-06-21 23:43:28,150,150 multiprocessing INFO [00:00:51:08.23] Training epoch 24/4000, current best R: 0.9892
[00:00:51:08.23] Training epoch 24/4000, current best R: 0.9892
MainProcess| 2026-06-21 23:43:28,150,150 multiprocessing INFO 
	** New best

	** New best
MainProcess| 2026-06-21 23:43:28,150,150 multiprocessing INFO 	Reward: 0.9891826562561427
	Reward: 0.9891826562561427
MainProcess| 2026-06-21 23:43:28,150,150 multiprocessing INFO 	Count Off-policy: 1
	Count Off-policy: 1
MainProcess| 2026-06-21 23:43:28,150,150 multiprocessing INFO 	Count On-policy: 0
	Count On-policy: 0
MainProcess| 2026-06-21 23:43:28,150,150 multiprocessing INFO 	Originally on Policy: False
	Originally on Policy: False
MainProcess| 2026-06-21 23:43:28,150,150 multiprocessing INFO 	Invalid: False
	Invalid: False
MainProcess| 2026-06-21 23:43:28,150,150 multiprocessing INFO 	Traversal: add,add,n2,x6,add,mul,x4,x4,n2,add,x2,x1,sub,n2,sub,sin,x3,x5,cos,x2
	Traversal: add,add,n2,x6,add,mul,x4,x4,n2,add,x2,x1,sub,n2,sub,sin,x3,x5,cos,x2
MainProcess| 2026-06-21 23:43:28,150,150 multiprocessing INFO 	Expression:
	Expression:
MainProcess| 2026-06-21 23:43:28,153,153 multiprocessing INFO 
	    2     2            2                  2          
	  x₄  + x₆  + (x₁ + x₂)  + (-x₅ + sin(x₃))  - cos(x₂)


	    2     2            2                  2          
	  x₄  + x₆  + (x₁ + x₂)  + (-x₅ + sin(x₃))  - cos(x₂)

MainProcess| 2026-06-21 23:44:23,012,12 multiprocessing INFO Genetic Porgramming Runtime 54.1626746179536
Genetic Porgramming Runtime 54.1626746179536

=========================PGD Collection Starts=========================

SpawnPoolWorker-822| 2026-06-21 23:44:28,419,419 multiprocessing INFO STARTING NEW RUN ==========
SpawnPoolWorker-822| 2026-06-21 23:44:28,419,419 multiprocessing INFO SEE LOG AT : ./logs/all_Lyapunov_test_dso-fn_d_all_z_01_log.txt
SpawnPoolWorker-822| 2026-06-21 23:44:28,419,419 multiprocessing INFO See log at : ./logs/all_Lyapunov_test_dso-fn_d_all_z_01_log.txt
SpawnPoolWorker-822| 2026-06-21 23:44:28,421,421 multiprocessing INFO child process calling self.run()
SpawnPoolWorker-820| 2026-06-21 23:44:28,428,428 multiprocessing INFO STARTING NEW RUN ==========
SpawnPoolWorker-826| 2026-06-21 23:44:28,428,428 multiprocessing INFO STARTING NEW RUN ==========
SpawnPoolWorker-823| 2026-06-21 23:44:28,428,428 multiprocessing INFO STARTING NEW RUN ==========
SpawnPoolWorker-820| 2026-06-21 23:44:28,428,428 multiprocessing INFO SEE LOG AT : ./logs/all_Lyapunov_test_dso-fn_d_all_z_01_log.txt
SpawnPoolWorker-826| 2026-06-21 23:44:28,428,428 multiprocessing INFO SEE LOG AT : ./logs/all_Lyapunov_test_dso-fn_d_all_z_01_log.txt
SpawnPoolWorker-820| 2026-06-21 23:44:28,428,428 multiprocessing INFO See log at : ./logs/all_Lyapunov_test_dso-fn_d_all_z_01_log.txt
SpawnPoolWorker-823| 2026-06-21 23:44:28,428,428 multiprocessing INFO SEE LOG AT : ./logs/all_Lyapunov_test_dso-fn_d_all_z_01_log.txt
SpawnPoolWorker-826| 2026-06-21 23:44:28,428,428 multiprocessing INFO See log at : ./logs/all_Lyapunov_test_dso-fn_d_all_z_01_log.txt
SpawnPoolWorker-823| 2026-06-21 23:44:28,428,428 multiprocessing INFO See log at : ./logs/all_Lyapunov_test_dso-fn_d_all_z_01_log.txt
SpawnPoolWorker-819| 2026-06-21 23:44:28,429,429 multiprocessing INFO STARTING NEW RUN ==========
SpawnPoolWorker-819| 2026-06-21 23:44:28,429,429 multiprocessing INFO SEE LOG AT : ./logs/all_Lyapunov_test_dso-fn_d_all_z_01_log.txt
SpawnPoolWorker-819| 2026-06-21 23:44:28,429,429 multiprocessing INFO See log at : ./logs/all_Lyapunov_test_dso-fn_d_all_z_01_log.txt
SpawnPoolWorker-823| 2026-06-21 23:44:28,430,430 multiprocessing INFO child process calling self.run()
SpawnPoolWorker-826| 2026-06-21 23:44:28,430,430 multiprocessing INFO child process calling self.run()
SpawnPoolWorker-820| 2026-06-21 23:44:28,431,431 multiprocessing INFO child process calling self.run()
SpawnPoolWorker-821| 2026-06-21 23:44:28,432,432 multiprocessing INFO STARTING NEW RUN ==========
SpawnPoolWorker-821| 2026-06-21 23:44:28,432,432 multiprocessing INFO SEE LOG AT : ./logs/all_Lyapunov_test_dso-fn_d_all_z_01_log.txt
SpawnPoolWorker-819| 2026-06-21 23:44:28,433,433 multiprocessing INFO child process calling self.run()
SpawnPoolWorker-825| 2026-06-21 23:44:28,434,434 multiprocessing INFO STARTING NEW RUN ==========
SpawnPoolWorker-825| 2026-06-21 23:44:28,434,434 multiprocessing INFO SEE LOG AT : ./logs/all_Lyapunov_test_dso-fn_d_all_z_01_log.txt
SpawnPoolWorker-825| 2026-06-21 23:44:28,434,434 multiprocessing INFO See log at : ./logs/all_Lyapunov_test_dso-fn_d_all_z_01_log.txt
SpawnPoolWorker-821| 2026-06-21 23:44:28,434,434 multiprocessing INFO See log at : ./logs/all_Lyapunov_test_dso-fn_d_all_z_01_log.txt
SpawnPoolWorker-825| 2026-06-21 23:44:28,435,435 multiprocessing INFO child process calling self.run()
SpawnPoolWorker-821| 2026-06-21 23:44:28,436,436 multiprocessing INFO child process calling self.run()
SpawnPoolWorker-817| 2026-06-21 23:44:28,450,450 multiprocessing INFO STARTING NEW RUN ==========
SpawnPoolWorker-817| 2026-06-21 23:44:28,450,450 multiprocessing INFO SEE LOG AT : ./logs/all_Lyapunov_test_dso-fn_d_all_z_01_log.txt
SpawnPoolWorker-817| 2026-06-21 23:44:28,450,450 multiprocessing INFO See log at : ./logs/all_Lyapunov_test_dso-fn_d_all_z_01_log.txt
SpawnPoolWorker-817| 2026-06-21 23:44:28,458,458 multiprocessing INFO child process calling self.run()
SpawnPoolWorker-824| 2026-06-21 23:44:28,466,466 multiprocessing INFO STARTING NEW RUN ==========
SpawnPoolWorker-824| 2026-06-21 23:44:28,466,466 multiprocessing INFO SEE LOG AT : ./logs/all_Lyapunov_test_dso-fn_d_all_z_01_log.txt
SpawnPoolWorker-824| 2026-06-21 23:44:28,467,467 multiprocessing INFO See log at : ./logs/all_Lyapunov_test_dso-fn_d_all_z_01_log.txt
SpawnPoolWorker-824| 2026-06-21 23:44:28,468,468 multiprocessing INFO child process calling self.run()
SpawnPoolWorker-818| 2026-06-21 23:44:28,505,505 multiprocessing INFO STARTING NEW RUN ==========
SpawnPoolWorker-818| 2026-06-21 23:44:28,505,505 multiprocessing INFO SEE LOG AT : ./logs/all_Lyapunov_test_dso-fn_d_all_z_01_log.txt
SpawnPoolWorker-818| 2026-06-21 23:44:28,505,505 multiprocessing INFO See log at : ./logs/all_Lyapunov_test_dso-fn_d_all_z_01_log.txt
SpawnPoolWorker-818| 2026-06-21 23:44:28,506,506 multiprocessing INFO child process calling self.run()
SpawnPoolWorker-822| 2026-06-21 23:44:43,600,600 multiprocessing INFO process shutting down
SpawnPoolWorker-818| 2026-06-21 23:44:43,600,600 multiprocessing INFO process shutting down
SpawnPoolWorker-821| 2026-06-21 23:44:43,600,600 multiprocessing INFO process shutting down
SpawnPoolWorker-822| 2026-06-21 23:44:43,601,601 multiprocessing INFO process exiting with exitcode 0
SpawnPoolWorker-818| 2026-06-21 23:44:43,601,601 multiprocessing INFO process exiting with exitcode 0
SpawnPoolWorker-821| 2026-06-21 23:44:43,601,601 multiprocessing INFO process exiting with exitcode 0
SpawnPoolWorker-826| 2026-06-21 23:44:43,602,602 multiprocessing INFO process shutting down
SpawnPoolWorker-825| 2026-06-21 23:44:43,602,602 multiprocessing INFO process shutting down
SpawnPoolWorker-820| 2026-06-21 23:44:43,602,602 multiprocessing INFO process shutting down
SpawnPoolWorker-824| 2026-06-21 23:44:43,601,601 multiprocessing INFO process shutting down
SpawnPoolWorker-823| 2026-06-21 23:44:43,602,602 multiprocessing INFO process shutting down
(10000,)

===================Collect 10000 Examples===================

Epsilon 0.1
500
(550,)
(550,)
(55,)
Number of Programs for Minimization: 28
SpawnPoolWorker-829| 2026-06-21 23:45:04,374,374 multiprocessing INFO STARTING NEW RUN ==========
SpawnPoolWorker-829| 2026-06-21 23:45:04,374,374 multiprocessing INFO SEE LOG AT : ./logs/all_Lyapunov_test_dso-fn_d_all_z_01_log.txt
SpawnPoolWorker-829| 2026-06-21 23:45:04,374,374 multiprocessing INFO See log at : ./logs/all_Lyapunov_test_dso-fn_d_all_z_01_log.txt
SpawnPoolWorker-829| 2026-06-21 23:45:04,379,379 multiprocessing INFO child process calling self.run()
SpawnPoolWorker-830| 2026-06-21 23:45:05,080,80 multiprocessing INFO STARTING NEW RUN ==========
SpawnPoolWorker-830| 2026-06-21 23:45:05,080,80 multiprocessing INFO SEE LOG AT : ./logs/all_Lyapunov_test_dso-fn_d_all_z_01_log.txt
SpawnPoolWorker-830| 2026-06-21 23:45:05,080,80 multiprocessing INFO See log at : ./logs/all_Lyapunov_test_dso-fn_d_all_z_01_log.txt
SpawnPoolWorker-830| 2026-06-21 23:45:05,087,87 multiprocessing INFO child process calling self.run()
SpawnPoolWorker-831| 2026-06-21 23:45:05,182,182 multiprocessing INFO STARTING NEW RUN ==========
SpawnPoolWorker-831| 2026-06-21 23:45:05,182,182 multiprocessing INFO SEE LOG AT : ./logs/all_Lyapunov_test_dso-fn_d_all_z_01_log.txt
SpawnPoolWorker-831| 2026-06-21 23:45:05,182,182 multiprocessing INFO See log at : ./logs/all_Lyapunov_test_dso-fn_d_all_z_01_log.txt
SpawnPoolWorker-831| 2026-06-21 23:45:05,187,187 multiprocessing INFO child process calling self.run()
SpawnPoolWorker-838| 2026-06-21 23:45:05,633,633 multiprocessing INFO STARTING NEW RUN ==========
SpawnPoolWorker-838| 2026-06-21 23:45:05,633,633 multiprocessing INFO SEE LOG AT : ./logs/all_Lyapunov_test_dso-fn_d_all_z_01_log.txt
SpawnPoolWorker-838| 2026-06-21 23:45:05,633,633 multiprocessing INFO See log at : ./logs/all_Lyapunov_test_dso-fn_d_all_z_01_log.txt
SpawnPoolWorker-838| 2026-06-21 23:45:05,642,642 multiprocessing INFO child process calling self.run()
SpawnPoolWorker-827| 2026-06-21 23:45:05,813,813 multiprocessing INFO STARTING NEW RUN ==========
SpawnPoolWorker-827| 2026-06-21 23:45:05,813,813 multiprocessing INFO SEE LOG AT : ./logs/all_Lyapunov_test_dso-fn_d_all_z_01_log.txt
SpawnPoolWorker-827| 2026-06-21 23:45:05,813,813 multiprocessing INFO See log at : ./logs/all_Lyapunov_test_dso-fn_d_all_z_01_log.txt
SpawnPoolWorker-827| 2026-06-21 23:45:05,815,815 multiprocessing INFO child process calling self.run()
SpawnPoolWorker-840| 2026-06-21 23:45:06,046,46 multiprocessing INFO STARTING NEW RUN ==========
SpawnPoolWorker-840| 2026-06-21 23:45:06,047,47 multiprocessing INFO SEE LOG AT : ./logs/all_Lyapunov_test_dso-fn_d_all_z_01_log.txt
SpawnPoolWorker-840| 2026-06-21 23:45:06,047,47 multiprocessing INFO See log at : ./logs/all_Lyapunov_test_dso-fn_d_all_z_01_log.txt
SpawnPoolWorker-840| 2026-06-21 23:45:06,053,53 multiprocessing INFO child process calling self.run()
SpawnPoolWorker-834| 2026-06-21 23:45:06,058,58 multiprocessing INFO STARTING NEW RUN ==========
SpawnPoolWorker-834| 2026-06-21 23:45:06,061,61 multiprocessing INFO SEE LOG AT : ./logs/all_Lyapunov_test_dso-fn_d_all_z_01_log.txt
SpawnPoolWorker-834| 2026-06-21 23:45:06,061,61 multiprocessing INFO See log at : ./logs/all_Lyapunov_test_dso-fn_d_all_z_01_log.txt
SpawnPoolWorker-834| 2026-06-21 23:45:06,062,62 multiprocessing INFO child process calling self.run()
SpawnPoolWorker-839| 2026-06-21 23:45:06,099,99 multiprocessing INFO STARTING NEW RUN ==========
SpawnPoolWorker-839| 2026-06-21 23:45:06,099,99 multiprocessing INFO SEE LOG AT : ./logs/all_Lyapunov_test_dso-fn_d_all_z_01_log.txt
SpawnPoolWorker-839| 2026-06-21 23:45:06,099,99 multiprocessing INFO See log at : ./logs/all_Lyapunov_test_dso-fn_d_all_z_01_log.txt
SpawnPoolWorker-839| 2026-06-21 23:45:06,103,103 multiprocessing INFO child process calling self.run()
SpawnPoolWorker-828| 2026-06-21 23:45:06,133,133 multiprocessing INFO STARTING NEW RUN ==========
SpawnPoolWorker-828| 2026-06-21 23:45:06,133,133 multiprocessing INFO SEE LOG AT : ./logs/all_Lyapunov_test_dso-fn_d_all_z_01_log.txt
SpawnPoolWorker-828| 2026-06-21 23:45:06,133,133 multiprocessing INFO See log at : ./logs/all_Lyapunov_test_dso-fn_d_all_z_01_log.txt
SpawnPoolWorker-828| 2026-06-21 23:45:06,138,138 multiprocessing INFO child process calling self.run()
SpawnPoolWorker-836| 2026-06-21 23:45:06,496,496 multiprocessing INFO STARTING NEW RUN ==========
SpawnPoolWorker-836| 2026-06-21 23:45:06,496,496 multiprocessing INFO SEE LOG AT : ./logs/all_Lyapunov_test_dso-fn_d_all_z_01_log.txt
SpawnPoolWorker-836| 2026-06-21 23:45:06,497,497 multiprocessing INFO See log at : ./logs/all_Lyapunov_test_dso-fn_d_all_z_01_log.txt
SpawnPoolWorker-836| 2026-06-21 23:45:06,510,510 multiprocessing INFO child process calling self.run()
SpawnPoolWorker-833| 2026-06-21 23:45:06,573,573 multiprocessing INFO STARTING NEW RUN ==========
SpawnPoolWorker-833| 2026-06-21 23:45:06,573,573 multiprocessing INFO SEE LOG AT : ./logs/all_Lyapunov_test_dso-fn_d_all_z_01_log.txt
SpawnPoolWorker-833| 2026-06-21 23:45:06,573,573 multiprocessing INFO See log at : ./logs/all_Lyapunov_test_dso-fn_d_all_z_01_log.txt
SpawnPoolWorker-833| 2026-06-21 23:45:06,582,582 multiprocessing INFO child process calling self.run()
SpawnPoolWorker-832| 2026-06-21 23:45:06,757,757 multiprocessing INFO STARTING NEW RUN ==========
SpawnPoolWorker-832| 2026-06-21 23:45:06,757,757 multiprocessing INFO SEE LOG AT : ./logs/all_Lyapunov_test_dso-fn_d_all_z_01_log.txt
SpawnPoolWorker-832| 2026-06-21 23:45:06,757,757 multiprocessing INFO See log at : ./logs/all_Lyapunov_test_dso-fn_d_all_z_01_log.txt
SpawnPoolWorker-832| 2026-06-21 23:45:06,762,762 multiprocessing INFO child process calling self.run()
SpawnPoolWorker-837| 2026-06-21 23:45:06,929,929 multiprocessing INFO STARTING NEW RUN ==========
SpawnPoolWorker-837| 2026-06-21 23:45:06,929,929 multiprocessing INFO SEE LOG AT : ./logs/all_Lyapunov_test_dso-fn_d_all_z_01_log.txt
SpawnPoolWorker-837| 2026-06-21 23:45:06,929,929 multiprocessing INFO See log at : ./logs/all_Lyapunov_test_dso-fn_d_all_z_01_log.txt
SpawnPoolWorker-837| 2026-06-21 23:45:06,936,936 multiprocessing INFO child process calling self.run()
SpawnPoolWorker-845| 2026-06-21 23:45:07,168,168 multiprocessing INFO STARTING NEW RUN ==========
SpawnPoolWorker-845| 2026-06-21 23:45:07,168,168 multiprocessing INFO SEE LOG AT : ./logs/all_Lyapunov_test_dso-fn_d_all_z_01_log.txt
SpawnPoolWorker-845| 2026-06-21 23:45:07,168,168 multiprocessing INFO See log at : ./logs/all_Lyapunov_test_dso-fn_d_all_z_01_log.txt
SpawnPoolWorker-845| 2026-06-21 23:45:07,170,170 multiprocessing INFO child process calling self.run()
SpawnPoolWorker-842| 2026-06-21 23:45:07,202,202 multiprocessing INFO STARTING NEW RUN ==========
SpawnPoolWorker-842| 2026-06-21 23:45:07,202,202 multiprocessing INFO SEE LOG AT : ./logs/all_Lyapunov_test_dso-fn_d_all_z_01_log.txt
SpawnPoolWorker-842| 2026-06-21 23:45:07,202,202 multiprocessing INFO See log at : ./logs/all_Lyapunov_test_dso-fn_d_all_z_01_log.txt
SpawnPoolWorker-842| 2026-06-21 23:45:07,214,214 multiprocessing INFO child process calling self.run()
SpawnPoolWorker-843| 2026-06-21 23:45:07,701,701 multiprocessing INFO STARTING NEW RUN ==========
SpawnPoolWorker-843| 2026-06-21 23:45:07,701,701 multiprocessing INFO SEE LOG AT : ./logs/all_Lyapunov_test_dso-fn_d_all_z_01_log.txt
SpawnPoolWorker-843| 2026-06-21 23:45:07,701,701 multiprocessing INFO See log at : ./logs/all_Lyapunov_test_dso-fn_d_all_z_01_log.txt
SpawnPoolWorker-843| 2026-06-21 23:45:07,708,708 multiprocessing INFO child process calling self.run()
SpawnPoolWorker-835| 2026-06-21 23:45:07,762,762 multiprocessing INFO STARTING NEW RUN ==========
SpawnPoolWorker-835| 2026-06-21 23:45:07,762,762 multiprocessing INFO SEE LOG AT : ./logs/all_Lyapunov_test_dso-fn_d_all_z_01_log.txt
SpawnPoolWorker-835| 2026-06-21 23:45:07,762,762 multiprocessing INFO See log at : ./logs/all_Lyapunov_test_dso-fn_d_all_z_01_log.txt
SpawnPoolWorker-835| 2026-06-21 23:45:07,768,768 multiprocessing INFO child process calling self.run()
SpawnPoolWorker-844| 2026-06-21 23:45:07,894,894 multiprocessing INFO STARTING NEW RUN ==========
SpawnPoolWorker-844| 2026-06-21 23:45:07,894,894 multiprocessing INFO SEE LOG AT : ./logs/all_Lyapunov_test_dso-fn_d_all_z_01_log.txt
SpawnPoolWorker-844| 2026-06-21 23:45:07,894,894 multiprocessing INFO See log at : ./logs/all_Lyapunov_test_dso-fn_d_all_z_01_log.txt
SpawnPoolWorker-844| 2026-06-21 23:45:07,904,904 multiprocessing INFO child process calling self.run()
SpawnPoolWorker-846| 2026-06-21 23:45:08,338,338 multiprocessing INFO STARTING NEW RUN ==========
SpawnPoolWorker-846| 2026-06-21 23:45:08,338,338 multiprocessing INFO SEE LOG AT : ./logs/all_Lyapunov_test_dso-fn_d_all_z_01_log.txt
SpawnPoolWorker-846| 2026-06-21 23:45:08,338,338 multiprocessing INFO See log at : ./logs/all_Lyapunov_test_dso-fn_d_all_z_01_log.txt
SpawnPoolWorker-846| 2026-06-21 23:45:08,339,339 multiprocessing INFO child process calling self.run()
SpawnPoolWorker-841| 2026-06-21 23:45:08,428,428 multiprocessing INFO STARTING NEW RUN ==========
SpawnPoolWorker-841| 2026-06-21 23:45:08,428,428 multiprocessing INFO SEE LOG AT : ./logs/all_Lyapunov_test_dso-fn_d_all_z_01_log.txt
SpawnPoolWorker-841| 2026-06-21 23:45:08,428,428 multiprocessing INFO See log at : ./logs/all_Lyapunov_test_dso-fn_d_all_z_01_log.txt
SpawnPoolWorker-841| 2026-06-21 23:45:08,441,441 multiprocessing INFO child process calling self.run()
SpawnPoolWorker-849| 2026-06-21 23:45:08,562,562 multiprocessing INFO STARTING NEW RUN ==========
SpawnPoolWorker-849| 2026-06-21 23:45:08,562,562 multiprocessing INFO SEE LOG AT : ./logs/all_Lyapunov_test_dso-fn_d_all_z_01_log.txt
SpawnPoolWorker-849| 2026-06-21 23:45:08,562,562 multiprocessing INFO See log at : ./logs/all_Lyapunov_test_dso-fn_d_all_z_01_log.txt
SpawnPoolWorker-849| 2026-06-21 23:45:08,568,568 multiprocessing INFO child process calling self.run()
SpawnPoolWorker-847| 2026-06-21 23:45:09,219,219 multiprocessing INFO STARTING NEW RUN ==========
SpawnPoolWorker-847| 2026-06-21 23:45:09,219,219 multiprocessing INFO SEE LOG AT : ./logs/all_Lyapunov_test_dso-fn_d_all_z_01_log.txt
SpawnPoolWorker-847| 2026-06-21 23:45:09,219,219 multiprocessing INFO See log at : ./logs/all_Lyapunov_test_dso-fn_d_all_z_01_log.txt
SpawnPoolWorker-847| 2026-06-21 23:45:09,231,231 multiprocessing INFO child process calling self.run()
SpawnPoolWorker-848| 2026-06-21 23:45:09,650,650 multiprocessing INFO STARTING NEW RUN ==========
SpawnPoolWorker-848| 2026-06-21 23:45:09,650,650 multiprocessing INFO SEE LOG AT : ./logs/all_Lyapunov_test_dso-fn_d_all_z_01_log.txt
SpawnPoolWorker-848| 2026-06-21 23:45:09,650,650 multiprocessing INFO See log at : ./logs/all_Lyapunov_test_dso-fn_d_all_z_01_log.txt
SpawnPoolWorker-848| 2026-06-21 23:45:09,662,662 multiprocessing INFO child process calling self.run()
SpawnPoolWorker-850| 2026-06-21 23:45:10,303,303 multiprocessing INFO STARTING NEW RUN ==========
SpawnPoolWorker-850| 2026-06-21 23:45:10,303,303 multiprocessing INFO SEE LOG AT : ./logs/all_Lyapunov_test_dso-fn_d_all_z_01_log.txt
SpawnPoolWorker-850| 2026-06-21 23:45:10,303,303 multiprocessing INFO See log at : ./logs/all_Lyapunov_test_dso-fn_d_all_z_01_log.txt
SpawnPoolWorker-850| 2026-06-21 23:45:10,309,309 multiprocessing INFO child process calling self.run()
SpawnPoolWorker-840| 2026-06-21 23:45:11,192,192 multiprocessing INFO process shutting down
SpawnPoolWorker-836| 2026-06-21 23:45:11,192,192 multiprocessing INFO process shutting down
SpawnPoolWorker-840| 2026-06-21 23:45:11,193,193 multiprocessing INFO process exiting with exitcode 0
SpawnPoolWorker-832| 2026-06-21 23:45:11,193,193 multiprocessing INFO process shutting down
SpawnPoolWorker-830| 2026-06-21 23:45:11,193,193 multiprocessing INFO process shutting down
SpawnPoolWorker-836| 2026-06-21 23:45:11,193,193 multiprocessing INFO process exiting with exitcode 0
SpawnPoolWorker-832| 2026-06-21 23:45:11,193,193 multiprocessing INFO process exiting with exitcode 0
SpawnPoolWorker-830| 2026-06-21 23:45:11,193,193 multiprocessing INFO process exiting with exitcode 0
SpawnPoolWorker-835| 2026-06-21 23:45:11,193,193 multiprocessing INFO process shutting down
SpawnPoolWorker-828| 2026-06-21 23:45:11,194,194 multiprocessing INFO process shutting down
SpawnPoolWorker-839| 2026-06-21 23:45:11,194,194 multiprocessing INFO process shutting down
SpawnPoolWorker-834| 2026-06-21 23:45:11,194,194 multiprocessing INFO process shutting down
SpawnPoolWorker-850| 2026-06-21 23:45:11,194,194 multiprocessing INFO process shutting down
SpawnPoolWorker-827| 2026-06-21 23:45:11,194,194 multiprocessing INFO process shutting down
SpawnPoolWorker-844| 2026-06-21 23:45:11,194,194 multiprocessing INFO process shutting down
SpawnPoolWorker-849| 2026-06-21 23:45:11,194,194 multiprocessing INFO process shutting down
SpawnPoolWorker-837| 2026-06-21 23:45:11,194,194 multiprocessing INFO process shutting down
SpawnPoolWorker-843| 2026-06-21 23:45:11,195,195 multiprocessing INFO process shutting down
SpawnPoolWorker-842| 2026-06-21 23:45:11,195,195 multiprocessing INFO process shutting down
SpawnPoolWorker-838| 2026-06-21 23:45:11,195,195 multiprocessing INFO process shutting down
SpawnPoolWorker-845| 2026-06-21 23:45:11,195,195 multiprocessing INFO process shutting down
SpawnPoolWorker-835| 2026-06-21 23:45:11,195,195 multiprocessing INFO process exiting with exitcode 0
SpawnPoolWorker-845| 2026-06-21 23:45:11,195,195 multiprocessing INFO process exiting with exitcode 0
SpawnPoolWorker-833| 2026-06-21 23:45:11,196,196 multiprocessing INFO process shutting down
SpawnPoolWorker-846| 2026-06-21 23:45:11,196,196 multiprocessing INFO process shutting down
SpawnPoolWorker-841| 2026-06-21 23:45:11,197,197 multiprocessing INFO process shutting down
SpawnPoolWorker-833| 2026-06-21 23:45:11,197,197 multiprocessing INFO process exiting with exitcode 0
SpawnPoolWorker-829| 2026-06-21 23:45:11,198,198 multiprocessing INFO process shutting down
SpawnPoolWorker-828| 2026-06-21 23:45:11,199,199 multiprocessing INFO process exiting with exitcode 0
SpawnPoolWorker-839| 2026-06-21 23:45:11,214,214 multiprocessing INFO process exiting with exitcode 0
SpawnPoolWorker-834| 2026-06-21 23:45:11,214,214 multiprocessing INFO process exiting with exitcode 0
SpawnPoolWorker-850| 2026-06-21 23:45:11,217,217 multiprocessing INFO process exiting with exitcode 0
SpawnPoolWorker-827| 2026-06-21 23:45:11,223,223 multiprocessing INFO process exiting with exitcode 0
SpawnPoolWorker-844| 2026-06-21 23:45:11,227,227 multiprocessing INFO process exiting with exitcode 0
SpawnPoolWorker-847| 2026-06-21 23:45:11,228,228 multiprocessing INFO process shutting down
28
(50000, 6)
(50000,)
(50000, 6)
(50000,)

=======================Successfully Added (25000, 6) Counter Examples=======================


============None of the candidates fulfill the conditions. Training CONTINUES!=================

MainProcess| 2026-06-21 23:45:12,362,362 multiprocessing INFO 
============None of the candidates fulfill the conditions. Training CONTINUES!=================


============None of the candidates fulfill the conditions. Training CONTINUES!=================

(55, 108)
/users/9/chen8596/miniconda3/envs/alfd/lib/python3.9/site-packages/torch/nn/functional.py:4999: UserWarning: Support for mismatched key_padding_mask and attn_mask is deprecated. Use same type for both instead.
  warnings.warn(

==============Start Supervised Learning==============

MainProcess| 2026-06-21 23:45:14,575,575 multiprocessing INFO GP output mean: 0.6395522531627887
GP output mean: 0.6395522531627887
MainProcess| 2026-06-21 23:45:14,865,865 multiprocessing INFO GP output success rate: 0.0
GP output success rate: 0.0

==============End Supervised Learning==============

MainProcess| 2026-06-21 23:45:17,599,599 multiprocessing INFO [Test epoch=0025]  nevals=344334 	| train_loss=5084.92969 	| eqs_invalid %=0.00 	| r_best=0.98918 	| quantile=0.05153 	| r_quantile_mean=0.69639 	| r_raw_sum=38.51038 	|  r_raw_mean=0.50013 	| r2=nan 	| acc_iid=0.00000 	| acc_ood=0.00000 	| nmse_test=0.019462865729190225 	| true_equation_set_count=0 	| s/it=109.44597
[Test epoch=0025]  nevals=344334 	| train_loss=5084.92969 	| eqs_invalid %=0.00 	| r_best=0.98918 	| quantile=0.05153 	| r_quantile_mean=0.69639 	| r_raw_sum=38.51038 	|  r_raw_mean=0.50013 	| r2=nan 	| acc_iid=0.00000 	| acc_ood=0.00000 	| nmse_test=0.019462865729190225 	| true_equation_set_count=0 	| s/it=109.44597
MainProcess| 2026-06-21 23:45:17,600,600 multiprocessing INFO [00:00:52:57.68] Training epoch 25/4000, current best R: 0.9892
[00:00:52:57.68] Training epoch 25/4000, current best R: 0.9892
MainProcess| 2026-06-21 23:46:25,521,521 multiprocessing INFO Genetic Porgramming Runtime 66.86154699302278
Genetic Porgramming Runtime 66.86154699302278

=========================PGD Collection Starts=========================

SpawnPoolWorker-860| 2026-06-21 23:46:31,225,225 multiprocessing INFO STARTING NEW RUN ==========
SpawnPoolWorker-860| 2026-06-21 23:46:31,225,225 multiprocessing INFO SEE LOG AT : ./logs/all_Lyapunov_test_dso-fn_d_all_z_01_log.txt
SpawnPoolWorker-860| 2026-06-21 23:46:31,225,225 multiprocessing INFO See log at : ./logs/all_Lyapunov_test_dso-fn_d_all_z_01_log.txt
SpawnPoolWorker-860| 2026-06-21 23:46:31,228,228 multiprocessing INFO child process calling self.run()
SpawnPoolWorker-852| 2026-06-21 23:46:31,228,228 multiprocessing INFO STARTING NEW RUN ==========
SpawnPoolWorker-852| 2026-06-21 23:46:31,229,229 multiprocessing INFO SEE LOG AT : ./logs/all_Lyapunov_test_dso-fn_d_all_z_01_log.txt
SpawnPoolWorker-852| 2026-06-21 23:46:31,229,229 multiprocessing INFO See log at : ./logs/all_Lyapunov_test_dso-fn_d_all_z_01_log.txt
SpawnPoolWorker-852| 2026-06-21 23:46:31,230,230 multiprocessing INFO child process calling self.run()
SpawnPoolWorker-855| 2026-06-21 23:46:31,231,231 multiprocessing INFO STARTING NEW RUN ==========
SpawnPoolWorker-851| 2026-06-21 23:46:31,231,231 multiprocessing INFO STARTING NEW RUN ==========
SpawnPoolWorker-855| 2026-06-21 23:46:31,231,231 multiprocessing INFO SEE LOG AT : ./logs/all_Lyapunov_test_dso-fn_d_all_z_01_log.txt
SpawnPoolWorker-851| 2026-06-21 23:46:31,231,231 multiprocessing INFO SEE LOG AT : ./logs/all_Lyapunov_test_dso-fn_d_all_z_01_log.txt
SpawnPoolWorker-855| 2026-06-21 23:46:31,231,231 multiprocessing INFO See log at : ./logs/all_Lyapunov_test_dso-fn_d_all_z_01_log.txt
SpawnPoolWorker-851| 2026-06-21 23:46:31,231,231 multiprocessing INFO See log at : ./logs/all_Lyapunov_test_dso-fn_d_all_z_01_log.txt
SpawnPoolWorker-858| 2026-06-21 23:46:31,231,231 multiprocessing INFO STARTING NEW RUN ==========
SpawnPoolWorker-858| 2026-06-21 23:46:31,231,231 multiprocessing INFO SEE LOG AT : ./logs/all_Lyapunov_test_dso-fn_d_all_z_01_log.txt
SpawnPoolWorker-858| 2026-06-21 23:46:31,231,231 multiprocessing INFO See log at : ./logs/all_Lyapunov_test_dso-fn_d_all_z_01_log.txt
SpawnPoolWorker-855| 2026-06-21 23:46:31,232,232 multiprocessing INFO child process calling self.run()
SpawnPoolWorker-851| 2026-06-21 23:46:31,232,232 multiprocessing INFO child process calling self.run()
SpawnPoolWorker-858| 2026-06-21 23:46:31,232,232 multiprocessing INFO child process calling self.run()
SpawnPoolWorker-854| 2026-06-21 23:46:31,234,234 multiprocessing INFO STARTING NEW RUN ==========
SpawnPoolWorker-854| 2026-06-21 23:46:31,234,234 multiprocessing INFO SEE LOG AT : ./logs/all_Lyapunov_test_dso-fn_d_all_z_01_log.txt
SpawnPoolWorker-854| 2026-06-21 23:46:31,234,234 multiprocessing INFO See log at : ./logs/all_Lyapunov_test_dso-fn_d_all_z_01_log.txt
SpawnPoolWorker-857| 2026-06-21 23:46:31,234,234 multiprocessing INFO STARTING NEW RUN ==========
SpawnPoolWorker-857| 2026-06-21 23:46:31,234,234 multiprocessing INFO SEE LOG AT : ./logs/all_Lyapunov_test_dso-fn_d_all_z_01_log.txt
SpawnPoolWorker-857| 2026-06-21 23:46:31,234,234 multiprocessing INFO See log at : ./logs/all_Lyapunov_test_dso-fn_d_all_z_01_log.txt
SpawnPoolWorker-859| 2026-06-21 23:46:31,234,234 multiprocessing INFO STARTING NEW RUN ==========
SpawnPoolWorker-859| 2026-06-21 23:46:31,234,234 multiprocessing INFO SEE LOG AT : ./logs/all_Lyapunov_test_dso-fn_d_all_z_01_log.txt
SpawnPoolWorker-859| 2026-06-21 23:46:31,234,234 multiprocessing INFO See log at : ./logs/all_Lyapunov_test_dso-fn_d_all_z_01_log.txt
SpawnPoolWorker-854| 2026-06-21 23:46:31,235,235 multiprocessing INFO child process calling self.run()
SpawnPoolWorker-857| 2026-06-21 23:46:31,235,235 multiprocessing INFO child process calling self.run()
SpawnPoolWorker-859| 2026-06-21 23:46:31,238,238 multiprocessing INFO child process calling self.run()
SpawnPoolWorker-853| 2026-06-21 23:46:31,242,242 multiprocessing INFO STARTING NEW RUN ==========
SpawnPoolWorker-853| 2026-06-21 23:46:31,243,243 multiprocessing INFO SEE LOG AT : ./logs/all_Lyapunov_test_dso-fn_d_all_z_01_log.txt
SpawnPoolWorker-853| 2026-06-21 23:46:31,243,243 multiprocessing INFO See log at : ./logs/all_Lyapunov_test_dso-fn_d_all_z_01_log.txt
SpawnPoolWorker-853| 2026-06-21 23:46:31,245,245 multiprocessing INFO child process calling self.run()
SpawnPoolWorker-856| 2026-06-21 23:46:31,287,287 multiprocessing INFO STARTING NEW RUN ==========
SpawnPoolWorker-856| 2026-06-21 23:46:31,287,287 multiprocessing INFO SEE LOG AT : ./logs/all_Lyapunov_test_dso-fn_d_all_z_01_log.txt
SpawnPoolWorker-856| 2026-06-21 23:46:31,288,288 multiprocessing INFO See log at : ./logs/all_Lyapunov_test_dso-fn_d_all_z_01_log.txt
SpawnPoolWorker-856| 2026-06-21 23:46:31,305,305 multiprocessing INFO child process calling self.run()
SpawnPoolWorker-851| 2026-06-21 23:46:50,024,24 multiprocessing INFO process shutting down
SpawnPoolWorker-860| 2026-06-21 23:46:50,024,24 multiprocessing INFO process shutting down
SpawnPoolWorker-851| 2026-06-21 23:46:50,025,25 multiprocessing INFO process exiting with exitcode 0
SpawnPoolWorker-854| 2026-06-21 23:46:50,024,24 multiprocessing INFO process shutting down
SpawnPoolWorker-852| 2026-06-21 23:46:50,024,24 multiprocessing INFO process shutting down
SpawnPoolWorker-860| 2026-06-21 23:46:50,025,25 multiprocessing INFO process exiting with exitcode 0
SpawnPoolWorker-858| 2026-06-21 23:46:50,025,25 multiprocessing INFO process shutting down
SpawnPoolWorker-854| 2026-06-21 23:46:50,025,25 multiprocessing INFO process exiting with exitcode 0
SpawnPoolWorker-853| 2026-06-21 23:46:50,025,25 multiprocessing INFO process shutting down
SpawnPoolWorker-857| 2026-06-21 23:46:50,025,25 multiprocessing INFO process shutting down
SpawnPoolWorker-852| 2026-06-21 23:46:50,025,25 multiprocessing INFO process exiting with exitcode 0
SpawnPoolWorker-858| 2026-06-21 23:46:50,025,25 multiprocessing INFO process exiting with exitcode 0
(10000,)

===================Collect 10000 Examples===================

Epsilon 0.1
500
(550,)
(550,)
(55,)
Number of Programs for Minimization: 28
SpawnPoolWorker-864| 2026-06-21 23:47:05,143,143 multiprocessing INFO STARTING NEW RUN ==========
SpawnPoolWorker-864| 2026-06-21 23:47:05,143,143 multiprocessing INFO SEE LOG AT : ./logs/all_Lyapunov_test_dso-fn_d_all_z_01_log.txt
SpawnPoolWorker-864| 2026-06-21 23:47:05,143,143 multiprocessing INFO See log at : ./logs/all_Lyapunov_test_dso-fn_d_all_z_01_log.txt
SpawnPoolWorker-864| 2026-06-21 23:47:05,148,148 multiprocessing INFO child process calling self.run()
SpawnPoolWorker-861| 2026-06-21 23:47:05,216,216 multiprocessing INFO STARTING NEW RUN ==========
SpawnPoolWorker-861| 2026-06-21 23:47:05,216,216 multiprocessing INFO SEE LOG AT : ./logs/all_Lyapunov_test_dso-fn_d_all_z_01_log.txt
SpawnPoolWorker-861| 2026-06-21 23:47:05,216,216 multiprocessing INFO See log at : ./logs/all_Lyapunov_test_dso-fn_d_all_z_01_log.txt
SpawnPoolWorker-861| 2026-06-21 23:47:05,223,223 multiprocessing INFO child process calling self.run()
SpawnPoolWorker-870| 2026-06-21 23:47:05,250,250 multiprocessing INFO STARTING NEW RUN ==========
SpawnPoolWorker-870| 2026-06-21 23:47:05,250,250 multiprocessing INFO SEE LOG AT : ./logs/all_Lyapunov_test_dso-fn_d_all_z_01_log.txt
SpawnPoolWorker-870| 2026-06-21 23:47:05,250,250 multiprocessing INFO See log at : ./logs/all_Lyapunov_test_dso-fn_d_all_z_01_log.txt
SpawnPoolWorker-870| 2026-06-21 23:47:05,253,253 multiprocessing INFO child process calling self.run()
SpawnPoolWorker-884| 2026-06-21 23:47:05,414,414 multiprocessing INFO STARTING NEW RUN ==========
SpawnPoolWorker-884| 2026-06-21 23:47:05,414,414 multiprocessing INFO SEE LOG AT : ./logs/all_Lyapunov_test_dso-fn_d_all_z_01_log.txt
SpawnPoolWorker-884| 2026-06-21 23:47:05,414,414 multiprocessing INFO See log at : ./logs/all_Lyapunov_test_dso-fn_d_all_z_01_log.txt
SpawnPoolWorker-884| 2026-06-21 23:47:05,417,417 multiprocessing INFO child process calling self.run()
SpawnPoolWorker-876| 2026-06-21 23:47:05,744,744 multiprocessing INFO STARTING NEW RUN ==========
SpawnPoolWorker-876| 2026-06-21 23:47:05,744,744 multiprocessing INFO SEE LOG AT : ./logs/all_Lyapunov_test_dso-fn_d_all_z_01_log.txt
SpawnPoolWorker-876| 2026-06-21 23:47:05,744,744 multiprocessing INFO See log at : ./logs/all_Lyapunov_test_dso-fn_d_all_z_01_log.txt
SpawnPoolWorker-876| 2026-06-21 23:47:05,748,748 multiprocessing INFO child process calling self.run()
SpawnPoolWorker-879| 2026-06-21 23:47:05,788,788 multiprocessing INFO STARTING NEW RUN ==========
SpawnPoolWorker-879| 2026-06-21 23:47:05,789,789 multiprocessing INFO SEE LOG AT : ./logs/all_Lyapunov_test_dso-fn_d_all_z_01_log.txt
SpawnPoolWorker-879| 2026-06-21 23:47:05,789,789 multiprocessing INFO See log at : ./logs/all_Lyapunov_test_dso-fn_d_all_z_01_log.txt
SpawnPoolWorker-879| 2026-06-21 23:47:05,794,794 multiprocessing INFO child process calling self.run()
SpawnPoolWorker-875| 2026-06-21 23:47:05,808,808 multiprocessing INFO STARTING NEW RUN ==========
SpawnPoolWorker-875| 2026-06-21 23:47:05,808,808 multiprocessing INFO SEE LOG AT : ./logs/all_Lyapunov_test_dso-fn_d_all_z_01_log.txt
SpawnPoolWorker-875| 2026-06-21 23:47:05,808,808 multiprocessing INFO See log at : ./logs/all_Lyapunov_test_dso-fn_d_all_z_01_log.txt
SpawnPoolWorker-875| 2026-06-21 23:47:05,811,811 multiprocessing INFO child process calling self.run()
SpawnPoolWorker-866| 2026-06-21 23:47:06,291,291 multiprocessing INFO STARTING NEW RUN ==========
SpawnPoolWorker-866| 2026-06-21 23:47:06,291,291 multiprocessing INFO SEE LOG AT : ./logs/all_Lyapunov_test_dso-fn_d_all_z_01_log.txt
SpawnPoolWorker-866| 2026-06-21 23:47:06,291,291 multiprocessing INFO See log at : ./logs/all_Lyapunov_test_dso-fn_d_all_z_01_log.txt
SpawnPoolWorker-866| 2026-06-21 23:47:06,294,294 multiprocessing INFO child process calling self.run()
SpawnPoolWorker-862| 2026-06-21 23:47:06,322,322 multiprocessing INFO STARTING NEW RUN ==========
SpawnPoolWorker-862| 2026-06-21 23:47:06,322,322 multiprocessing INFO SEE LOG AT : ./logs/all_Lyapunov_test_dso-fn_d_all_z_01_log.txt
SpawnPoolWorker-862| 2026-06-21 23:47:06,322,322 multiprocessing INFO See log at : ./logs/all_Lyapunov_test_dso-fn_d_all_z_01_log.txt
SpawnPoolWorker-862| 2026-06-21 23:47:06,324,324 multiprocessing INFO child process calling self.run()
SpawnPoolWorker-863| 2026-06-21 23:47:06,409,409 multiprocessing INFO STARTING NEW RUN ==========
SpawnPoolWorker-863| 2026-06-21 23:47:06,409,409 multiprocessing INFO SEE LOG AT : ./logs/all_Lyapunov_test_dso-fn_d_all_z_01_log.txt
SpawnPoolWorker-863| 2026-06-21 23:47:06,409,409 multiprocessing INFO See log at : ./logs/all_Lyapunov_test_dso-fn_d_all_z_01_log.txt
SpawnPoolWorker-863| 2026-06-21 23:47:06,412,412 multiprocessing INFO child process calling self.run()
SpawnPoolWorker-872| 2026-06-21 23:47:06,480,480 multiprocessing INFO STARTING NEW RUN ==========
SpawnPoolWorker-872| 2026-06-21 23:47:06,480,480 multiprocessing INFO SEE LOG AT : ./logs/all_Lyapunov_test_dso-fn_d_all_z_01_log.txt
SpawnPoolWorker-872| 2026-06-21 23:47:06,480,480 multiprocessing INFO See log at : ./logs/all_Lyapunov_test_dso-fn_d_all_z_01_log.txt
SpawnPoolWorker-872| 2026-06-21 23:47:06,489,489 multiprocessing INFO child process calling self.run()
SpawnPoolWorker-871| 2026-06-21 23:47:06,509,509 multiprocessing INFO STARTING NEW RUN ==========
SpawnPoolWorker-871| 2026-06-21 23:47:06,509,509 multiprocessing INFO SEE LOG AT : ./logs/all_Lyapunov_test_dso-fn_d_all_z_01_log.txt
SpawnPoolWorker-871| 2026-06-21 23:47:06,509,509 multiprocessing INFO See log at : ./logs/all_Lyapunov_test_dso-fn_d_all_z_01_log.txt
SpawnPoolWorker-871| 2026-06-21 23:47:06,511,511 multiprocessing INFO child process calling self.run()
SpawnPoolWorker-877| 2026-06-21 23:47:06,543,543 multiprocessing INFO STARTING NEW RUN ==========
SpawnPoolWorker-877| 2026-06-21 23:47:06,544,544 multiprocessing INFO SEE LOG AT : ./logs/all_Lyapunov_test_dso-fn_d_all_z_01_log.txt
SpawnPoolWorker-877| 2026-06-21 23:47:06,544,544 multiprocessing INFO See log at : ./logs/all_Lyapunov_test_dso-fn_d_all_z_01_log.txt
SpawnPoolWorker-877| 2026-06-21 23:47:06,547,547 multiprocessing INFO child process calling self.run()
SpawnPoolWorker-865| 2026-06-21 23:47:06,662,662 multiprocessing INFO STARTING NEW RUN ==========
SpawnPoolWorker-865| 2026-06-21 23:47:06,663,663 multiprocessing INFO SEE LOG AT : ./logs/all_Lyapunov_test_dso-fn_d_all_z_01_log.txt
SpawnPoolWorker-865| 2026-06-21 23:47:06,663,663 multiprocessing INFO See log at : ./logs/all_Lyapunov_test_dso-fn_d_all_z_01_log.txt
SpawnPoolWorker-865| 2026-06-21 23:47:06,665,665 multiprocessing INFO child process calling self.run()
SpawnPoolWorker-881| 2026-06-21 23:47:07,131,131 multiprocessing INFO STARTING NEW RUN ==========
SpawnPoolWorker-881| 2026-06-21 23:47:07,134,134 multiprocessing INFO SEE LOG AT : ./logs/all_Lyapunov_test_dso-fn_d_all_z_01_log.txt
SpawnPoolWorker-881| 2026-06-21 23:47:07,134,134 multiprocessing INFO See log at : ./logs/all_Lyapunov_test_dso-fn_d_all_z_01_log.txt
SpawnPoolWorker-881| 2026-06-21 23:47:07,137,137 multiprocessing INFO child process calling self.run()
SpawnPoolWorker-868| 2026-06-21 23:47:07,489,489 multiprocessing INFO STARTING NEW RUN ==========
SpawnPoolWorker-868| 2026-06-21 23:47:07,489,489 multiprocessing INFO SEE LOG AT : ./logs/all_Lyapunov_test_dso-fn_d_all_z_01_log.txt
SpawnPoolWorker-868| 2026-06-21 23:47:07,489,489 multiprocessing INFO See log at : ./logs/all_Lyapunov_test_dso-fn_d_all_z_01_log.txt
SpawnPoolWorker-868| 2026-06-21 23:47:07,493,493 multiprocessing INFO child process calling self.run()
SpawnPoolWorker-883| 2026-06-21 23:47:07,716,716 multiprocessing INFO STARTING NEW RUN ==========
SpawnPoolWorker-883| 2026-06-21 23:47:07,716,716 multiprocessing INFO SEE LOG AT : ./logs/all_Lyapunov_test_dso-fn_d_all_z_01_log.txt
SpawnPoolWorker-883| 2026-06-21 23:47:07,716,716 multiprocessing INFO See log at : ./logs/all_Lyapunov_test_dso-fn_d_all_z_01_log.txt
SpawnPoolWorker-883| 2026-06-21 23:47:07,717,717 multiprocessing INFO child process calling self.run()
SpawnPoolWorker-869| 2026-06-21 23:47:08,175,175 multiprocessing INFO STARTING NEW RUN ==========
SpawnPoolWorker-869| 2026-06-21 23:47:08,175,175 multiprocessing INFO SEE LOG AT : ./logs/all_Lyapunov_test_dso-fn_d_all_z_01_log.txt
SpawnPoolWorker-869| 2026-06-21 23:47:08,175,175 multiprocessing INFO See log at : ./logs/all_Lyapunov_test_dso-fn_d_all_z_01_log.txt
SpawnPoolWorker-869| 2026-06-21 23:47:08,177,177 multiprocessing INFO child process calling self.run()
SpawnPoolWorker-873| 2026-06-21 23:47:08,351,351 multiprocessing INFO STARTING NEW RUN ==========
SpawnPoolWorker-873| 2026-06-21 23:47:08,351,351 multiprocessing INFO SEE LOG AT : ./logs/all_Lyapunov_test_dso-fn_d_all_z_01_log.txt
SpawnPoolWorker-873| 2026-06-21 23:47:08,351,351 multiprocessing INFO See log at : ./logs/all_Lyapunov_test_dso-fn_d_all_z_01_log.txt
SpawnPoolWorker-873| 2026-06-21 23:47:08,353,353 multiprocessing INFO child process calling self.run()
SpawnPoolWorker-878| 2026-06-21 23:47:08,633,633 multiprocessing INFO STARTING NEW RUN ==========
SpawnPoolWorker-878| 2026-06-21 23:47:08,633,633 multiprocessing INFO SEE LOG AT : ./logs/all_Lyapunov_test_dso-fn_d_all_z_01_log.txt
SpawnPoolWorker-878| 2026-06-21 23:47:08,633,633 multiprocessing INFO See log at : ./logs/all_Lyapunov_test_dso-fn_d_all_z_01_log.txt
SpawnPoolWorker-878| 2026-06-21 23:47:08,646,646 multiprocessing INFO child process calling self.run()
SpawnPoolWorker-867| 2026-06-21 23:47:08,704,704 multiprocessing INFO STARTING NEW RUN ==========
SpawnPoolWorker-867| 2026-06-21 23:47:08,704,704 multiprocessing INFO SEE LOG AT : ./logs/all_Lyapunov_test_dso-fn_d_all_z_01_log.txt
SpawnPoolWorker-867| 2026-06-21 23:47:08,704,704 multiprocessing INFO See log at : ./logs/all_Lyapunov_test_dso-fn_d_all_z_01_log.txt
SpawnPoolWorker-867| 2026-06-21 23:47:08,707,707 multiprocessing INFO child process calling self.run()
SpawnPoolWorker-874| 2026-06-21 23:47:08,946,946 multiprocessing INFO STARTING NEW RUN ==========
SpawnPoolWorker-874| 2026-06-21 23:47:08,947,947 multiprocessing INFO SEE LOG AT : ./logs/all_Lyapunov_test_dso-fn_d_all_z_01_log.txt
SpawnPoolWorker-874| 2026-06-21 23:47:08,947,947 multiprocessing INFO See log at : ./logs/all_Lyapunov_test_dso-fn_d_all_z_01_log.txt
SpawnPoolWorker-874| 2026-06-21 23:47:08,955,955 multiprocessing INFO child process calling self.run()
SpawnPoolWorker-882| 2026-06-21 23:47:08,968,968 multiprocessing INFO STARTING NEW RUN ==========
SpawnPoolWorker-882| 2026-06-21 23:47:08,968,968 multiprocessing INFO SEE LOG AT : ./logs/all_Lyapunov_test_dso-fn_d_all_z_01_log.txt
SpawnPoolWorker-882| 2026-06-21 23:47:08,968,968 multiprocessing INFO See log at : ./logs/all_Lyapunov_test_dso-fn_d_all_z_01_log.txt
SpawnPoolWorker-882| 2026-06-21 23:47:08,971,971 multiprocessing INFO child process calling self.run()
SpawnPoolWorker-869| 2026-06-21 23:47:09,212,212 multiprocessing INFO process shutting down
SpawnPoolWorker-869| 2026-06-21 23:47:09,212,212 multiprocessing INFO process exiting with exitcode 0
SpawnPoolWorker-873| 2026-06-21 23:47:09,213,213 multiprocessing INFO process shutting down
SpawnPoolWorker-873| 2026-06-21 23:47:09,213,213 multiprocessing INFO process exiting with exitcode 0
SpawnPoolWorker-861| 2026-06-21 23:47:09,213,213 multiprocessing INFO process shutting down
SpawnPoolWorker-865| 2026-06-21 23:47:09,213,213 multiprocessing INFO process shutting down
SpawnPoolWorker-866| 2026-06-21 23:47:09,213,213 multiprocessing INFO process shutting down
SpawnPoolWorker-872| 2026-06-21 23:47:09,213,213 multiprocessing INFO process shutting down
SpawnPoolWorker-878| 2026-06-21 23:47:09,213,213 multiprocessing INFO process shutting down
SpawnPoolWorker-867| 2026-06-21 23:47:09,214,214 multiprocessing INFO process shutting down
SpawnPoolWorker-862| 2026-06-21 23:47:09,214,214 multiprocessing INFO process shutting down
SpawnPoolWorker-875| 2026-06-21 23:47:09,214,214 multiprocessing INFO process shutting down
SpawnPoolWorker-874| 2026-06-21 23:47:09,214,214 multiprocessing INFO process shutting down
SpawnPoolWorker-877| 2026-06-21 23:47:09,214,214 multiprocessing INFO process shutting down
SpawnPoolWorker-876| 2026-06-21 23:47:09,214,214 multiprocessing INFO process shutting down
SpawnPoolWorker-882| 2026-06-21 23:47:09,214,214 multiprocessing INFO process shutting down
SpawnPoolWorker-881| 2026-06-21 23:47:09,215,215 multiprocessing INFO process shutting down
SpawnPoolWorker-871| 2026-06-21 23:47:09,214,214 multiprocessing INFO process shutting down
SpawnPoolWorker-870| 2026-06-21 23:47:09,215,215 multiprocessing INFO process shutting down
SpawnPoolWorker-879| 2026-06-21 23:47:09,215,215 multiprocessing INFO process shutting down
SpawnPoolWorker-863| 2026-06-21 23:47:09,215,215 multiprocessing INFO process shutting down
SpawnPoolWorker-864| 2026-06-21 23:47:09,216,216 multiprocessing INFO process shutting down
SpawnPoolWorker-863| 2026-06-21 23:47:09,216,216 multiprocessing INFO process exiting with exitcode 0
SpawnPoolWorker-861| 2026-06-21 23:47:09,216,216 multiprocessing INFO process exiting with exitcode 0
SpawnPoolWorker-865| 2026-06-21 23:47:09,216,216 multiprocessing INFO process exiting with exitcode 0
SpawnPoolWorker-866| 2026-06-21 23:47:09,216,216 multiprocessing INFO process exiting with exitcode 0
SpawnPoolWorker-884| 2026-06-21 23:47:09,216,216 multiprocessing INFO process shutting down
28
(50000, 6)
(50000,)
(50000, 6)
(50000,)

=======================Successfully Added (25000, 6) Counter Examples=======================


============None of the candidates fulfill the conditions. Training CONTINUES!=================

MainProcess| 2026-06-21 23:47:10,992,992 multiprocessing INFO 
============None of the candidates fulfill the conditions. Training CONTINUES!=================


============None of the candidates fulfill the conditions. Training CONTINUES!=================

(55, 108)
/users/9/chen8596/miniconda3/envs/alfd/lib/python3.9/site-packages/torch/nn/functional.py:4999: UserWarning: Support for mismatched key_padding_mask and attn_mask is deprecated. Use same type for both instead.
  warnings.warn(

==============Start Supervised Learning==============

MainProcess| 2026-06-21 23:47:14,404,404 multiprocessing INFO GP output mean: 0.4990586690749729
GP output mean: 0.4990586690749729
MainProcess| 2026-06-21 23:47:14,763,763 multiprocessing INFO GP output success rate: 0.0
GP output success rate: 0.0

==============End Supervised Learning==============

MainProcess| 2026-06-21 23:47:16,432,432 multiprocessing INFO [Test epoch=0026]  nevals=358077 	| train_loss=5937.33740 	| eqs_invalid %=0.00 	| r_best=0.98918 	| quantile=0.02731 	| r_quantile_mean=0.64489 	| r_raw_sum=35.61392 	|  r_raw_mean=0.40470 	| r2=nan 	| acc_iid=0.00000 	| acc_ood=0.00000 	| nmse_test=0.019462865729190225 	| true_equation_set_count=0 	| s/it=118.83262
[Test epoch=0026]  nevals=358077 	| train_loss=5937.33740 	| eqs_invalid %=0.00 	| r_best=0.98918 	| quantile=0.02731 	| r_quantile_mean=0.64489 	| r_raw_sum=35.61392 	|  r_raw_mean=0.40470 	| r2=nan 	| acc_iid=0.00000 	| acc_ood=0.00000 	| nmse_test=0.019462865729190225 	| true_equation_set_count=0 	| s/it=118.83262
MainProcess| 2026-06-21 23:48:15,916,916 multiprocessing INFO Genetic Porgramming Runtime 58.75953790708445
Genetic Porgramming Runtime 58.75953790708445

=========================PGD Collection Starts=========================

SpawnPoolWorker-891| 2026-06-21 23:48:21,343,343 multiprocessing INFO STARTING NEW RUN ==========
SpawnPoolWorker-891| 2026-06-21 23:48:21,343,343 multiprocessing INFO SEE LOG AT : ./logs/all_Lyapunov_test_dso-fn_d_all_z_01_log.txt
SpawnPoolWorker-891| 2026-06-21 23:48:21,343,343 multiprocessing INFO See log at : ./logs/all_Lyapunov_test_dso-fn_d_all_z_01_log.txt
SpawnPoolWorker-894| 2026-06-21 23:48:21,343,343 multiprocessing INFO STARTING NEW RUN ==========
SpawnPoolWorker-894| 2026-06-21 23:48:21,343,343 multiprocessing INFO SEE LOG AT : ./logs/all_Lyapunov_test_dso-fn_d_all_z_01_log.txt
SpawnPoolWorker-894| 2026-06-21 23:48:21,343,343 multiprocessing INFO See log at : ./logs/all_Lyapunov_test_dso-fn_d_all_z_01_log.txt
SpawnPoolWorker-894| 2026-06-21 23:48:21,345,345 multiprocessing INFO child process calling self.run()
SpawnPoolWorker-891| 2026-06-21 23:48:21,345,345 multiprocessing INFO child process calling self.run()
SpawnPoolWorker-888| 2026-06-21 23:48:21,348,348 multiprocessing INFO STARTING NEW RUN ==========
SpawnPoolWorker-888| 2026-06-21 23:48:21,348,348 multiprocessing INFO SEE LOG AT : ./logs/all_Lyapunov_test_dso-fn_d_all_z_01_log.txt
SpawnPoolWorker-888| 2026-06-21 23:48:21,348,348 multiprocessing INFO See log at : ./logs/all_Lyapunov_test_dso-fn_d_all_z_01_log.txt
SpawnPoolWorker-888| 2026-06-21 23:48:21,350,350 multiprocessing INFO child process calling self.run()
SpawnPoolWorker-886| 2026-06-21 23:48:21,352,352 multiprocessing INFO STARTING NEW RUN ==========
SpawnPoolWorker-886| 2026-06-21 23:48:21,352,352 multiprocessing INFO SEE LOG AT : ./logs/all_Lyapunov_test_dso-fn_d_all_z_01_log.txt
SpawnPoolWorker-886| 2026-06-21 23:48:21,352,352 multiprocessing INFO See log at : ./logs/all_Lyapunov_test_dso-fn_d_all_z_01_log.txt
SpawnPoolWorker-886| 2026-06-21 23:48:21,354,354 multiprocessing INFO child process calling self.run()
SpawnPoolWorker-893| 2026-06-21 23:48:21,355,355 multiprocessing INFO STARTING NEW RUN ==========
SpawnPoolWorker-893| 2026-06-21 23:48:21,355,355 multiprocessing INFO SEE LOG AT : ./logs/all_Lyapunov_test_dso-fn_d_all_z_01_log.txt
SpawnPoolWorker-893| 2026-06-21 23:48:21,355,355 multiprocessing INFO See log at : ./logs/all_Lyapunov_test_dso-fn_d_all_z_01_log.txt
SpawnPoolWorker-889| 2026-06-21 23:48:21,355,355 multiprocessing INFO STARTING NEW RUN ==========
SpawnPoolWorker-889| 2026-06-21 23:48:21,355,355 multiprocessing INFO SEE LOG AT : ./logs/all_Lyapunov_test_dso-fn_d_all_z_01_log.txt
SpawnPoolWorker-889| 2026-06-21 23:48:21,355,355 multiprocessing INFO See log at : ./logs/all_Lyapunov_test_dso-fn_d_all_z_01_log.txt
SpawnPoolWorker-889| 2026-06-21 23:48:21,357,357 multiprocessing INFO child process calling self.run()
SpawnPoolWorker-893| 2026-06-21 23:48:21,358,358 multiprocessing INFO child process calling self.run()
SpawnPoolWorker-892| 2026-06-21 23:48:21,382,382 multiprocessing INFO STARTING NEW RUN ==========
SpawnPoolWorker-892| 2026-06-21 23:48:21,382,382 multiprocessing INFO SEE LOG AT : ./logs/all_Lyapunov_test_dso-fn_d_all_z_01_log.txt
SpawnPoolWorker-892| 2026-06-21 23:48:21,382,382 multiprocessing INFO See log at : ./logs/all_Lyapunov_test_dso-fn_d_all_z_01_log.txt
SpawnPoolWorker-887| 2026-06-21 23:48:21,382,382 multiprocessing INFO STARTING NEW RUN ==========
SpawnPoolWorker-887| 2026-06-21 23:48:21,382,382 multiprocessing INFO SEE LOG AT : ./logs/all_Lyapunov_test_dso-fn_d_all_z_01_log.txt
SpawnPoolWorker-887| 2026-06-21 23:48:21,382,382 multiprocessing INFO See log at : ./logs/all_Lyapunov_test_dso-fn_d_all_z_01_log.txt
SpawnPoolWorker-885| 2026-06-21 23:48:21,383,383 multiprocessing INFO STARTING NEW RUN ==========
SpawnPoolWorker-885| 2026-06-21 23:48:21,383,383 multiprocessing INFO SEE LOG AT : ./logs/all_Lyapunov_test_dso-fn_d_all_z_01_log.txt
SpawnPoolWorker-885| 2026-06-21 23:48:21,383,383 multiprocessing INFO See log at : ./logs/all_Lyapunov_test_dso-fn_d_all_z_01_log.txt
SpawnPoolWorker-892| 2026-06-21 23:48:21,384,384 multiprocessing INFO child process calling self.run()
SpawnPoolWorker-887| 2026-06-21 23:48:21,384,384 multiprocessing INFO child process calling self.run()
SpawnPoolWorker-885| 2026-06-21 23:48:21,391,391 multiprocessing INFO child process calling self.run()
SpawnPoolWorker-890| 2026-06-21 23:48:21,459,459 multiprocessing INFO STARTING NEW RUN ==========
SpawnPoolWorker-890| 2026-06-21 23:48:21,460,460 multiprocessing INFO SEE LOG AT : ./logs/all_Lyapunov_test_dso-fn_d_all_z_01_log.txt
SpawnPoolWorker-890| 2026-06-21 23:48:21,460,460 multiprocessing INFO See log at : ./logs/all_Lyapunov_test_dso-fn_d_all_z_01_log.txt
SpawnPoolWorker-890| 2026-06-21 23:48:21,462,462 multiprocessing INFO child process calling self.run()
SpawnPoolWorker-894| 2026-06-21 23:48:54,828,828 multiprocessing INFO process shutting down
SpawnPoolWorker-891| 2026-06-21 23:48:54,828,828 multiprocessing INFO process shutting down
SpawnPoolWorker-890| 2026-06-21 23:48:54,828,828 multiprocessing INFO process shutting down
SpawnPoolWorker-893| 2026-06-21 23:48:54,828,828 multiprocessing INFO process shutting down
SpawnPoolWorker-889| 2026-06-21 23:48:54,828,828 multiprocessing INFO process shutting down
SpawnPoolWorker-891| 2026-06-21 23:48:54,829,829 multiprocessing INFO process exiting with exitcode 0
SpawnPoolWorker-894| 2026-06-21 23:48:54,829,829 multiprocessing INFO process exiting with exitcode 0
SpawnPoolWorker-890| 2026-06-21 23:48:54,829,829 multiprocessing INFO process exiting with exitcode 0
SpawnPoolWorker-893| 2026-06-21 23:48:54,829,829 multiprocessing INFO process exiting with exitcode 0
SpawnPoolWorker-889| 2026-06-21 23:48:54,829,829 multiprocessing INFO process exiting with exitcode 0
(10000,)

===================Collect 10000 Examples===================

Epsilon 0.1
500
(550,)
(550,)
(55,)
Number of Programs for Minimization: 30
SpawnPoolWorker-902| 2026-06-21 23:49:12,735,735 multiprocessing INFO STARTING NEW RUN ==========
SpawnPoolWorker-902| 2026-06-21 23:49:12,743,743 multiprocessing INFO SEE LOG AT : ./logs/all_Lyapunov_test_dso-fn_d_all_z_01_log.txt
SpawnPoolWorker-902| 2026-06-21 23:49:12,743,743 multiprocessing INFO See log at : ./logs/all_Lyapunov_test_dso-fn_d_all_z_01_log.txt
SpawnPoolWorker-902| 2026-06-21 23:49:12,748,748 multiprocessing INFO child process calling self.run()
SpawnPoolWorker-900| 2026-06-21 23:49:13,716,716 multiprocessing INFO STARTING NEW RUN ==========
SpawnPoolWorker-900| 2026-06-21 23:49:13,717,717 multiprocessing INFO SEE LOG AT : ./logs/all_Lyapunov_test_dso-fn_d_all_z_01_log.txt
SpawnPoolWorker-900| 2026-06-21 23:49:13,718,718 multiprocessing INFO See log at : ./logs/all_Lyapunov_test_dso-fn_d_all_z_01_log.txt
SpawnPoolWorker-900| 2026-06-21 23:49:13,724,724 multiprocessing INFO child process calling self.run()
SpawnPoolWorker-897| 2026-06-21 23:49:13,835,835 multiprocessing INFO STARTING NEW RUN ==========
SpawnPoolWorker-897| 2026-06-21 23:49:13,835,835 multiprocessing INFO SEE LOG AT : ./logs/all_Lyapunov_test_dso-fn_d_all_z_01_log.txt
SpawnPoolWorker-897| 2026-06-21 23:49:13,835,835 multiprocessing INFO See log at : ./logs/all_Lyapunov_test_dso-fn_d_all_z_01_log.txt
SpawnPoolWorker-897| 2026-06-21 23:49:13,841,841 multiprocessing INFO child process calling self.run()
SpawnPoolWorker-899| 2026-06-21 23:49:13,896,896 multiprocessing INFO STARTING NEW RUN ==========
SpawnPoolWorker-899| 2026-06-21 23:49:13,896,896 multiprocessing INFO SEE LOG AT : ./logs/all_Lyapunov_test_dso-fn_d_all_z_01_log.txt
SpawnPoolWorker-899| 2026-06-21 23:49:13,896,896 multiprocessing INFO See log at : ./logs/all_Lyapunov_test_dso-fn_d_all_z_01_log.txt
SpawnPoolWorker-899| 2026-06-21 23:49:13,899,899 multiprocessing INFO child process calling self.run()
SpawnPoolWorker-903| 2026-06-21 23:49:15,426,426 multiprocessing INFO STARTING NEW RUN ==========
SpawnPoolWorker-903| 2026-06-21 23:49:15,426,426 multiprocessing INFO SEE LOG AT : ./logs/all_Lyapunov_test_dso-fn_d_all_z_01_log.txt
SpawnPoolWorker-903| 2026-06-21 23:49:15,426,426 multiprocessing INFO See log at : ./logs/all_Lyapunov_test_dso-fn_d_all_z_01_log.txt
SpawnPoolWorker-903| 2026-06-21 23:49:15,430,430 multiprocessing INFO child process calling self.run()
SpawnPoolWorker-901| 2026-06-21 23:49:15,563,563 multiprocessing INFO STARTING NEW RUN ==========
SpawnPoolWorker-901| 2026-06-21 23:49:15,563,563 multiprocessing INFO SEE LOG AT : ./logs/all_Lyapunov_test_dso-fn_d_all_z_01_log.txt
SpawnPoolWorker-901| 2026-06-21 23:49:15,563,563 multiprocessing INFO See log at : ./logs/all_Lyapunov_test_dso-fn_d_all_z_01_log.txt
SpawnPoolWorker-901| 2026-06-21 23:49:15,565,565 multiprocessing INFO child process calling self.run()
SpawnPoolWorker-905| 2026-06-21 23:49:15,717,717 multiprocessing INFO STARTING NEW RUN ==========
SpawnPoolWorker-905| 2026-06-21 23:49:15,717,717 multiprocessing INFO SEE LOG AT : ./logs/all_Lyapunov_test_dso-fn_d_all_z_01_log.txt
SpawnPoolWorker-905| 2026-06-21 23:49:15,717,717 multiprocessing INFO See log at : ./logs/all_Lyapunov_test_dso-fn_d_all_z_01_log.txt
SpawnPoolWorker-905| 2026-06-21 23:49:15,731,731 multiprocessing INFO child process calling self.run()
SpawnPoolWorker-898| 2026-06-21 23:49:15,737,737 multiprocessing INFO STARTING NEW RUN ==========
SpawnPoolWorker-898| 2026-06-21 23:49:15,737,737 multiprocessing INFO SEE LOG AT : ./logs/all_Lyapunov_test_dso-fn_d_all_z_01_log.txt
SpawnPoolWorker-898| 2026-06-21 23:49:15,737,737 multiprocessing INFO See log at : ./logs/all_Lyapunov_test_dso-fn_d_all_z_01_log.txt
SpawnPoolWorker-898| 2026-06-21 23:49:15,753,753 multiprocessing INFO child process calling self.run()
SpawnPoolWorker-911| 2026-06-21 23:49:15,759,759 multiprocessing INFO STARTING NEW RUN ==========
SpawnPoolWorker-911| 2026-06-21 23:49:15,759,759 multiprocessing INFO SEE LOG AT : ./logs/all_Lyapunov_test_dso-fn_d_all_z_01_log.txt
SpawnPoolWorker-911| 2026-06-21 23:49:15,759,759 multiprocessing INFO See log at : ./logs/all_Lyapunov_test_dso-fn_d_all_z_01_log.txt
SpawnPoolWorker-911| 2026-06-21 23:49:15,766,766 multiprocessing INFO child process calling self.run()
SpawnPoolWorker-895| 2026-06-21 23:49:15,883,883 multiprocessing INFO STARTING NEW RUN ==========
SpawnPoolWorker-895| 2026-06-21 23:49:15,883,883 multiprocessing INFO SEE LOG AT : ./logs/all_Lyapunov_test_dso-fn_d_all_z_01_log.txt
SpawnPoolWorker-895| 2026-06-21 23:49:15,883,883 multiprocessing INFO See log at : ./logs/all_Lyapunov_test_dso-fn_d_all_z_01_log.txt
SpawnPoolWorker-895| 2026-06-21 23:49:15,892,892 multiprocessing INFO child process calling self.run()
SpawnPoolWorker-906| 2026-06-21 23:49:16,001,1 multiprocessing INFO STARTING NEW RUN ==========
SpawnPoolWorker-906| 2026-06-21 23:49:16,002,2 multiprocessing INFO SEE LOG AT : ./logs/all_Lyapunov_test_dso-fn_d_all_z_01_log.txt
SpawnPoolWorker-906| 2026-06-21 23:49:16,002,2 multiprocessing INFO See log at : ./logs/all_Lyapunov_test_dso-fn_d_all_z_01_log.txt
SpawnPoolWorker-906| 2026-06-21 23:49:16,004,4 multiprocessing INFO child process calling self.run()
SpawnPoolWorker-896| 2026-06-21 23:49:16,511,511 multiprocessing INFO STARTING NEW RUN ==========
SpawnPoolWorker-896| 2026-06-21 23:49:16,511,511 multiprocessing INFO SEE LOG AT : ./logs/all_Lyapunov_test_dso-fn_d_all_z_01_log.txt
SpawnPoolWorker-896| 2026-06-21 23:49:16,511,511 multiprocessing INFO See log at : ./logs/all_Lyapunov_test_dso-fn_d_all_z_01_log.txt
SpawnPoolWorker-896| 2026-06-21 23:49:16,519,519 multiprocessing INFO child process calling self.run()
SpawnPoolWorker-904| 2026-06-21 23:49:16,862,862 multiprocessing INFO STARTING NEW RUN ==========
SpawnPoolWorker-904| 2026-06-21 23:49:16,862,862 multiprocessing INFO SEE LOG AT : ./logs/all_Lyapunov_test_dso-fn_d_all_z_01_log.txt
SpawnPoolWorker-904| 2026-06-21 23:49:16,862,862 multiprocessing INFO See log at : ./logs/all_Lyapunov_test_dso-fn_d_all_z_01_log.txt
SpawnPoolWorker-904| 2026-06-21 23:49:16,864,864 multiprocessing INFO child process calling self.run()
SpawnPoolWorker-915| 2026-06-21 23:49:17,039,39 multiprocessing INFO STARTING NEW RUN ==========
SpawnPoolWorker-915| 2026-06-21 23:49:17,039,39 multiprocessing INFO SEE LOG AT : ./logs/all_Lyapunov_test_dso-fn_d_all_z_01_log.txt
SpawnPoolWorker-915| 2026-06-21 23:49:17,039,39 multiprocessing INFO See log at : ./logs/all_Lyapunov_test_dso-fn_d_all_z_01_log.txt
SpawnPoolWorker-915| 2026-06-21 23:49:17,046,46 multiprocessing INFO child process calling self.run()
SpawnPoolWorker-908| 2026-06-21 23:49:17,251,251 multiprocessing INFO STARTING NEW RUN ==========
SpawnPoolWorker-908| 2026-06-21 23:49:17,251,251 multiprocessing INFO SEE LOG AT : ./logs/all_Lyapunov_test_dso-fn_d_all_z_01_log.txt
SpawnPoolWorker-908| 2026-06-21 23:49:17,251,251 multiprocessing INFO See log at : ./logs/all_Lyapunov_test_dso-fn_d_all_z_01_log.txt
SpawnPoolWorker-908| 2026-06-21 23:49:17,259,259 multiprocessing INFO child process calling self.run()
SpawnPoolWorker-912| 2026-06-21 23:49:17,696,696 multiprocessing INFO STARTING NEW RUN ==========
SpawnPoolWorker-912| 2026-06-21 23:49:17,696,696 multiprocessing INFO SEE LOG AT : ./logs/all_Lyapunov_test_dso-fn_d_all_z_01_log.txt
SpawnPoolWorker-912| 2026-06-21 23:49:17,696,696 multiprocessing INFO See log at : ./logs/all_Lyapunov_test_dso-fn_d_all_z_01_log.txt
SpawnPoolWorker-912| 2026-06-21 23:49:17,717,717 multiprocessing INFO child process calling self.run()
SpawnPoolWorker-916| 2026-06-21 23:49:17,738,738 multiprocessing INFO STARTING NEW RUN ==========
SpawnPoolWorker-916| 2026-06-21 23:49:17,738,738 multiprocessing INFO SEE LOG AT : ./logs/all_Lyapunov_test_dso-fn_d_all_z_01_log.txt
SpawnPoolWorker-916| 2026-06-21 23:49:17,738,738 multiprocessing INFO See log at : ./logs/all_Lyapunov_test_dso-fn_d_all_z_01_log.txt
SpawnPoolWorker-916| 2026-06-21 23:49:17,743,743 multiprocessing INFO child process calling self.run()
SpawnPoolWorker-917| 2026-06-21 23:49:18,093,93 multiprocessing INFO STARTING NEW RUN ==========
SpawnPoolWorker-917| 2026-06-21 23:49:18,093,93 multiprocessing INFO SEE LOG AT : ./logs/all_Lyapunov_test_dso-fn_d_all_z_01_log.txt
SpawnPoolWorker-917| 2026-06-21 23:49:18,093,93 multiprocessing INFO See log at : ./logs/all_Lyapunov_test_dso-fn_d_all_z_01_log.txt
SpawnPoolWorker-917| 2026-06-21 23:49:18,098,98 multiprocessing INFO child process calling self.run()
SpawnPoolWorker-909| 2026-06-21 23:49:18,288,288 multiprocessing INFO STARTING NEW RUN ==========
SpawnPoolWorker-909| 2026-06-21 23:49:18,288,288 multiprocessing INFO SEE LOG AT : ./logs/all_Lyapunov_test_dso-fn_d_all_z_01_log.txt
SpawnPoolWorker-909| 2026-06-21 23:49:18,288,288 multiprocessing INFO See log at : ./logs/all_Lyapunov_test_dso-fn_d_all_z_01_log.txt
SpawnPoolWorker-909| 2026-06-21 23:49:18,294,294 multiprocessing INFO child process calling self.run()
SpawnPoolWorker-913| 2026-06-21 23:49:18,505,505 multiprocessing INFO STARTING NEW RUN ==========
SpawnPoolWorker-913| 2026-06-21 23:49:18,505,505 multiprocessing INFO SEE LOG AT : ./logs/all_Lyapunov_test_dso-fn_d_all_z_01_log.txt
SpawnPoolWorker-913| 2026-06-21 23:49:18,505,505 multiprocessing INFO See log at : ./logs/all_Lyapunov_test_dso-fn_d_all_z_01_log.txt
SpawnPoolWorker-913| 2026-06-21 23:49:18,507,507 multiprocessing INFO child process calling self.run()
SpawnPoolWorker-910| 2026-06-21 23:49:18,989,989 multiprocessing INFO STARTING NEW RUN ==========
SpawnPoolWorker-910| 2026-06-21 23:49:18,989,989 multiprocessing INFO SEE LOG AT : ./logs/all_Lyapunov_test_dso-fn_d_all_z_01_log.txt
SpawnPoolWorker-910| 2026-06-21 23:49:18,989,989 multiprocessing INFO See log at : ./logs/all_Lyapunov_test_dso-fn_d_all_z_01_log.txt
SpawnPoolWorker-910| 2026-06-21 23:49:18,992,992 multiprocessing INFO child process calling self.run()
SpawnPoolWorker-914| 2026-06-21 23:49:19,380,380 multiprocessing INFO STARTING NEW RUN ==========
SpawnPoolWorker-914| 2026-06-21 23:49:19,380,380 multiprocessing INFO SEE LOG AT : ./logs/all_Lyapunov_test_dso-fn_d_all_z_01_log.txt
SpawnPoolWorker-914| 2026-06-21 23:49:19,380,380 multiprocessing INFO See log at : ./logs/all_Lyapunov_test_dso-fn_d_all_z_01_log.txt
SpawnPoolWorker-914| 2026-06-21 23:49:19,390,390 multiprocessing INFO child process calling self.run()
SpawnPoolWorker-907| 2026-06-21 23:49:19,540,540 multiprocessing INFO STARTING NEW RUN ==========
SpawnPoolWorker-907| 2026-06-21 23:49:19,540,540 multiprocessing INFO SEE LOG AT : ./logs/all_Lyapunov_test_dso-fn_d_all_z_01_log.txt
SpawnPoolWorker-907| 2026-06-21 23:49:19,540,540 multiprocessing INFO See log at : ./logs/all_Lyapunov_test_dso-fn_d_all_z_01_log.txt
SpawnPoolWorker-907| 2026-06-21 23:49:19,549,549 multiprocessing INFO child process calling self.run()
SpawnPoolWorker-918| 2026-06-21 23:49:19,965,965 multiprocessing INFO STARTING NEW RUN ==========
SpawnPoolWorker-918| 2026-06-21 23:49:19,965,965 multiprocessing INFO SEE LOG AT : ./logs/all_Lyapunov_test_dso-fn_d_all_z_01_log.txt
SpawnPoolWorker-918| 2026-06-21 23:49:19,965,965 multiprocessing INFO See log at : ./logs/all_Lyapunov_test_dso-fn_d_all_z_01_log.txt
SpawnPoolWorker-918| 2026-06-21 23:49:19,975,975 multiprocessing INFO child process calling self.run()
SpawnPoolWorker-901| 2026-06-21 23:49:21,574,574 multiprocessing INFO process shutting down
SpawnPoolWorker-901| 2026-06-21 23:49:21,574,574 multiprocessing INFO process exiting with exitcode 0
SpawnPoolWorker-918| 2026-06-21 23:49:21,574,574 multiprocessing INFO process shutting down
SpawnPoolWorker-918| 2026-06-21 23:49:21,574,574 multiprocessing INFO process exiting with exitcode 0
SpawnPoolWorker-898| 2026-06-21 23:49:21,574,574 multiprocessing INFO process shutting down
SpawnPoolWorker-905| 2026-06-21 23:49:21,574,574 multiprocessing INFO process shutting down
SpawnPoolWorker-895| 2026-06-21 23:49:21,574,574 multiprocessing INFO process shutting down
SpawnPoolWorker-911| 2026-06-21 23:49:21,574,574 multiprocessing INFO process shutting down
SpawnPoolWorker-906| 2026-06-21 23:49:21,574,574 multiprocessing INFO process shutting down
SpawnPoolWorker-908| 2026-06-21 23:49:21,575,575 multiprocessing INFO process shutting down
SpawnPoolWorker-899| 2026-06-21 23:49:21,575,575 multiprocessing INFO process shutting down
SpawnPoolWorker-915| 2026-06-21 23:49:21,575,575 multiprocessing INFO process shutting down
SpawnPoolWorker-917| 2026-06-21 23:49:21,575,575 multiprocessing INFO process shutting down
SpawnPoolWorker-896| 2026-06-21 23:49:21,575,575 multiprocessing INFO process shutting down
SpawnPoolWorker-904| 2026-06-21 23:49:21,575,575 multiprocessing INFO process shutting down
SpawnPoolWorker-912| 2026-06-21 23:49:21,575,575 multiprocessing INFO process shutting down
SpawnPoolWorker-914| 2026-06-21 23:49:21,576,576 multiprocessing INFO process shutting down
SpawnPoolWorker-897| 2026-06-21 23:49:21,576,576 multiprocessing INFO process shutting down
SpawnPoolWorker-902| 2026-06-21 23:49:21,576,576 multiprocessing INFO process shutting down
SpawnPoolWorker-900| 2026-06-21 23:49:21,576,576 multiprocessing INFO process shutting down
SpawnPoolWorker-909| 2026-06-21 23:49:21,576,576 multiprocessing INFO process shutting down
SpawnPoolWorker-913| 2026-06-21 23:49:21,576,576 multiprocessing INFO process shutting down
SpawnPoolWorker-916| 2026-06-21 23:49:21,577,577 multiprocessing INFO process shutting down
30
(50000, 6)
(50000,)
(50000, 6)
(50000,)

=======================Successfully Added (25000, 6) Counter Examples=======================


============None of the candidates fulfill the conditions. Training CONTINUES!=================

MainProcess| 2026-06-21 23:49:23,115,115 multiprocessing INFO 
============None of the candidates fulfill the conditions. Training CONTINUES!=================


============None of the candidates fulfill the conditions. Training CONTINUES!=================

(55, 108)
/users/9/chen8596/miniconda3/envs/alfd/lib/python3.9/site-packages/torch/nn/functional.py:4999: UserWarning: Support for mismatched key_padding_mask and attn_mask is deprecated. Use same type for both instead.
  warnings.warn(

==============Start Supervised Learning==============

MainProcess| 2026-06-21 23:49:25,915,915 multiprocessing INFO GP output mean: 0.9365108917641359
GP output mean: 0.9365108917641359
MainProcess| 2026-06-21 23:49:26,244,244 multiprocessing INFO GP output success rate: 0.0
GP output success rate: 0.0

==============End Supervised Learning==============

MainProcess| 2026-06-21 23:49:28,908,908 multiprocessing INFO [Test epoch=0027]  nevals=371865 	| train_loss=3249.35376 	| eqs_invalid %=0.00 	| r_best=0.98918 	| quantile=0.33966 	| r_quantile_mean=0.85134 	| r_raw_sum=50.14268 	|  r_raw_mean=0.31536 	| r2=nan 	| acc_iid=0.00000 	| acc_ood=0.00000 	| nmse_test=0.019462865729190225 	| true_equation_set_count=0 	| s/it=132.47501
[Test epoch=0027]  nevals=371865 	| train_loss=3249.35376 	| eqs_invalid %=0.00 	| r_best=0.98918 	| quantile=0.33966 	| r_quantile_mean=0.85134 	| r_raw_sum=50.14268 	|  r_raw_mean=0.31536 	| r2=nan 	| acc_iid=0.00000 	| acc_ood=0.00000 	| nmse_test=0.019462865729190225 	| true_equation_set_count=0 	| s/it=132.47501
MainProcess| 2026-06-21 23:50:10,853,853 multiprocessing INFO Genetic Porgramming Runtime 40.86041385307908
Genetic Porgramming Runtime 40.86041385307908

=========================PGD Collection Starts=========================

SpawnPoolWorker-924| 2026-06-21 23:50:17,453,453 multiprocessing INFO STARTING NEW RUN ==========
SpawnPoolWorker-924| 2026-06-21 23:50:17,453,453 multiprocessing INFO SEE LOG AT : ./logs/all_Lyapunov_test_dso-fn_d_all_z_01_log.txt
SpawnPoolWorker-924| 2026-06-21 23:50:17,453,453 multiprocessing INFO See log at : ./logs/all_Lyapunov_test_dso-fn_d_all_z_01_log.txt
SpawnPoolWorker-924| 2026-06-21 23:50:17,455,455 multiprocessing INFO child process calling self.run()
SpawnPoolWorker-919| 2026-06-21 23:50:17,458,458 multiprocessing INFO STARTING NEW RUN ==========
SpawnPoolWorker-919| 2026-06-21 23:50:17,458,458 multiprocessing INFO SEE LOG AT : ./logs/all_Lyapunov_test_dso-fn_d_all_z_01_log.txt
SpawnPoolWorker-919| 2026-06-21 23:50:17,458,458 multiprocessing INFO See log at : ./logs/all_Lyapunov_test_dso-fn_d_all_z_01_log.txt
SpawnPoolWorker-919| 2026-06-21 23:50:17,460,460 multiprocessing INFO child process calling self.run()
SpawnPoolWorker-922| 2026-06-21 23:50:17,469,469 multiprocessing INFO STARTING NEW RUN ==========
SpawnPoolWorker-922| 2026-06-21 23:50:17,469,469 multiprocessing INFO SEE LOG AT : ./logs/all_Lyapunov_test_dso-fn_d_all_z_01_log.txt
SpawnPoolWorker-922| 2026-06-21 23:50:17,469,469 multiprocessing INFO See log at : ./logs/all_Lyapunov_test_dso-fn_d_all_z_01_log.txt
SpawnPoolWorker-926| 2026-06-21 23:50:17,470,470 multiprocessing INFO STARTING NEW RUN ==========
SpawnPoolWorker-926| 2026-06-21 23:50:17,470,470 multiprocessing INFO SEE LOG AT : ./logs/all_Lyapunov_test_dso-fn_d_all_z_01_log.txt
SpawnPoolWorker-926| 2026-06-21 23:50:17,470,470 multiprocessing INFO See log at : ./logs/all_Lyapunov_test_dso-fn_d_all_z_01_log.txt
SpawnPoolWorker-922| 2026-06-21 23:50:17,471,471 multiprocessing INFO child process calling self.run()
SpawnPoolWorker-926| 2026-06-21 23:50:17,473,473 multiprocessing INFO child process calling self.run()
SpawnPoolWorker-927| 2026-06-21 23:50:17,481,481 multiprocessing INFO STARTING NEW RUN ==========
SpawnPoolWorker-927| 2026-06-21 23:50:17,481,481 multiprocessing INFO SEE LOG AT : ./logs/all_Lyapunov_test_dso-fn_d_all_z_01_log.txt
SpawnPoolWorker-927| 2026-06-21 23:50:17,481,481 multiprocessing INFO See log at : ./logs/all_Lyapunov_test_dso-fn_d_all_z_01_log.txt
SpawnPoolWorker-927| 2026-06-21 23:50:17,483,483 multiprocessing INFO child process calling self.run()
SpawnPoolWorker-920| 2026-06-21 23:50:17,493,493 multiprocessing INFO STARTING NEW RUN ==========
SpawnPoolWorker-920| 2026-06-21 23:50:17,493,493 multiprocessing INFO SEE LOG AT : ./logs/all_Lyapunov_test_dso-fn_d_all_z_01_log.txt
SpawnPoolWorker-920| 2026-06-21 23:50:17,494,494 multiprocessing INFO See log at : ./logs/all_Lyapunov_test_dso-fn_d_all_z_01_log.txt
SpawnPoolWorker-920| 2026-06-21 23:50:17,495,495 multiprocessing INFO child process calling self.run()
SpawnPoolWorker-921| 2026-06-21 23:50:17,511,511 multiprocessing INFO STARTING NEW RUN ==========
SpawnPoolWorker-921| 2026-06-21 23:50:17,511,511 multiprocessing INFO SEE LOG AT : ./logs/all_Lyapunov_test_dso-fn_d_all_z_01_log.txt
SpawnPoolWorker-921| 2026-06-21 23:50:17,511,511 multiprocessing INFO See log at : ./logs/all_Lyapunov_test_dso-fn_d_all_z_01_log.txt
SpawnPoolWorker-921| 2026-06-21 23:50:17,513,513 multiprocessing INFO child process calling self.run()
SpawnPoolWorker-925| 2026-06-21 23:50:17,524,524 multiprocessing INFO STARTING NEW RUN ==========
SpawnPoolWorker-925| 2026-06-21 23:50:17,529,529 multiprocessing INFO SEE LOG AT : ./logs/all_Lyapunov_test_dso-fn_d_all_z_01_log.txt
SpawnPoolWorker-925| 2026-06-21 23:50:17,529,529 multiprocessing INFO See log at : ./logs/all_Lyapunov_test_dso-fn_d_all_z_01_log.txt
SpawnPoolWorker-925| 2026-06-21 23:50:17,531,531 multiprocessing INFO child process calling self.run()
SpawnPoolWorker-923| 2026-06-21 23:50:17,539,539 multiprocessing INFO STARTING NEW RUN ==========
SpawnPoolWorker-923| 2026-06-21 23:50:17,539,539 multiprocessing INFO SEE LOG AT : ./logs/all_Lyapunov_test_dso-fn_d_all_z_01_log.txt
SpawnPoolWorker-923| 2026-06-21 23:50:17,539,539 multiprocessing INFO See log at : ./logs/all_Lyapunov_test_dso-fn_d_all_z_01_log.txt
SpawnPoolWorker-923| 2026-06-21 23:50:17,542,542 multiprocessing INFO child process calling self.run()
SpawnPoolWorker-928| 2026-06-21 23:50:17,603,603 multiprocessing INFO STARTING NEW RUN ==========
SpawnPoolWorker-928| 2026-06-21 23:50:17,603,603 multiprocessing INFO SEE LOG AT : ./logs/all_Lyapunov_test_dso-fn_d_all_z_01_log.txt
SpawnPoolWorker-928| 2026-06-21 23:50:17,603,603 multiprocessing INFO See log at : ./logs/all_Lyapunov_test_dso-fn_d_all_z_01_log.txt
SpawnPoolWorker-928| 2026-06-21 23:50:17,605,605 multiprocessing INFO child process calling self.run()
SpawnPoolWorker-923| 2026-06-21 23:50:57,462,462 multiprocessing INFO process shutting down
SpawnPoolWorker-922| 2026-06-21 23:50:57,462,462 multiprocessing INFO process shutting down
SpawnPoolWorker-927| 2026-06-21 23:50:57,462,462 multiprocessing INFO process shutting down
SpawnPoolWorker-928| 2026-06-21 23:50:57,462,462 multiprocessing INFO process shutting down
SpawnPoolWorker-923| 2026-06-21 23:50:57,463,463 multiprocessing INFO process exiting with exitcode 0
SpawnPoolWorker-920| 2026-06-21 23:50:57,462,462 multiprocessing INFO process shutting down
SpawnPoolWorker-927| 2026-06-21 23:50:57,463,463 multiprocessing INFO process exiting with exitcode 0
SpawnPoolWorker-922| 2026-06-21 23:50:57,463,463 multiprocessing INFO process exiting with exitcode 0
SpawnPoolWorker-928| 2026-06-21 23:50:57,463,463 multiprocessing INFO process exiting with exitcode 0
SpawnPoolWorker-926| 2026-06-21 23:50:57,463,463 multiprocessing INFO process shutting down
SpawnPoolWorker-925| 2026-06-21 23:50:57,463,463 multiprocessing INFO process shutting down
SpawnPoolWorker-920| 2026-06-21 23:50:57,463,463 multiprocessing INFO process exiting with exitcode 0
SpawnPoolWorker-926| 2026-06-21 23:50:57,463,463 multiprocessing INFO process exiting with exitcode 0
SpawnPoolWorker-925| 2026-06-21 23:50:57,463,463 multiprocessing INFO process exiting with exitcode 0
SpawnPoolWorker-924| 2026-06-21 23:50:57,463,463 multiprocessing INFO process shutting down
(10000,)

===================Collect 10000 Examples===================

Epsilon 0.1
500
(550,)
(550,)
(55,)
Number of Programs for Minimization: 28
SpawnPoolWorker-930| 2026-06-21 23:51:17,884,884 multiprocessing INFO STARTING NEW RUN ==========
SpawnPoolWorker-930| 2026-06-21 23:51:17,884,884 multiprocessing INFO SEE LOG AT : ./logs/all_Lyapunov_test_dso-fn_d_all_z_01_log.txt
SpawnPoolWorker-930| 2026-06-21 23:51:17,884,884 multiprocessing INFO See log at : ./logs/all_Lyapunov_test_dso-fn_d_all_z_01_log.txt
SpawnPoolWorker-930| 2026-06-21 23:51:17,900,900 multiprocessing INFO child process calling self.run()
SpawnPoolWorker-932| 2026-06-21 23:51:17,918,918 multiprocessing INFO STARTING NEW RUN ==========
SpawnPoolWorker-932| 2026-06-21 23:51:17,918,918 multiprocessing INFO SEE LOG AT : ./logs/all_Lyapunov_test_dso-fn_d_all_z_01_log.txt
SpawnPoolWorker-932| 2026-06-21 23:51:17,918,918 multiprocessing INFO See log at : ./logs/all_Lyapunov_test_dso-fn_d_all_z_01_log.txt
SpawnPoolWorker-932| 2026-06-21 23:51:17,921,921 multiprocessing INFO child process calling self.run()
SpawnPoolWorker-933| 2026-06-21 23:51:18,016,16 multiprocessing INFO STARTING NEW RUN ==========
SpawnPoolWorker-933| 2026-06-21 23:51:18,016,16 multiprocessing INFO SEE LOG AT : ./logs/all_Lyapunov_test_dso-fn_d_all_z_01_log.txt
SpawnPoolWorker-933| 2026-06-21 23:51:18,016,16 multiprocessing INFO See log at : ./logs/all_Lyapunov_test_dso-fn_d_all_z_01_log.txt
SpawnPoolWorker-933| 2026-06-21 23:51:18,019,19 multiprocessing INFO child process calling self.run()
SpawnPoolWorker-950| 2026-06-21 23:51:18,179,179 multiprocessing INFO STARTING NEW RUN ==========
SpawnPoolWorker-950| 2026-06-21 23:51:18,179,179 multiprocessing INFO SEE LOG AT : ./logs/all_Lyapunov_test_dso-fn_d_all_z_01_log.txt
SpawnPoolWorker-950| 2026-06-21 23:51:18,179,179 multiprocessing INFO See log at : ./logs/all_Lyapunov_test_dso-fn_d_all_z_01_log.txt
SpawnPoolWorker-950| 2026-06-21 23:51:18,185,185 multiprocessing INFO child process calling self.run()
SpawnPoolWorker-929| 2026-06-21 23:51:18,195,195 multiprocessing INFO STARTING NEW RUN ==========
SpawnPoolWorker-929| 2026-06-21 23:51:18,195,195 multiprocessing INFO SEE LOG AT : ./logs/all_Lyapunov_test_dso-fn_d_all_z_01_log.txt
SpawnPoolWorker-929| 2026-06-21 23:51:18,195,195 multiprocessing INFO See log at : ./logs/all_Lyapunov_test_dso-fn_d_all_z_01_log.txt
SpawnPoolWorker-929| 2026-06-21 23:51:18,197,197 multiprocessing INFO child process calling self.run()
SpawnPoolWorker-935| 2026-06-21 23:51:18,239,239 multiprocessing INFO STARTING NEW RUN ==========
SpawnPoolWorker-935| 2026-06-21 23:51:18,240,240 multiprocessing INFO SEE LOG AT : ./logs/all_Lyapunov_test_dso-fn_d_all_z_01_log.txt
SpawnPoolWorker-935| 2026-06-21 23:51:18,240,240 multiprocessing INFO See log at : ./logs/all_Lyapunov_test_dso-fn_d_all_z_01_log.txt
SpawnPoolWorker-935| 2026-06-21 23:51:18,249,249 multiprocessing INFO child process calling self.run()
SpawnPoolWorker-937| 2026-06-21 23:51:18,600,600 multiprocessing INFO STARTING NEW RUN ==========
SpawnPoolWorker-937| 2026-06-21 23:51:18,600,600 multiprocessing INFO SEE LOG AT : ./logs/all_Lyapunov_test_dso-fn_d_all_z_01_log.txt
SpawnPoolWorker-937| 2026-06-21 23:51:18,600,600 multiprocessing INFO See log at : ./logs/all_Lyapunov_test_dso-fn_d_all_z_01_log.txt
SpawnPoolWorker-937| 2026-06-21 23:51:18,602,602 multiprocessing INFO child process calling self.run()
SpawnPoolWorker-938| 2026-06-21 23:51:18,953,953 multiprocessing INFO STARTING NEW RUN ==========
SpawnPoolWorker-938| 2026-06-21 23:51:18,953,953 multiprocessing INFO SEE LOG AT : ./logs/all_Lyapunov_test_dso-fn_d_all_z_01_log.txt
SpawnPoolWorker-938| 2026-06-21 23:51:18,953,953 multiprocessing INFO See log at : ./logs/all_Lyapunov_test_dso-fn_d_all_z_01_log.txt
SpawnPoolWorker-938| 2026-06-21 23:51:18,957,957 multiprocessing INFO child process calling self.run()
SpawnPoolWorker-931| 2026-06-21 23:51:19,056,56 multiprocessing INFO STARTING NEW RUN ==========
SpawnPoolWorker-931| 2026-06-21 23:51:19,056,56 multiprocessing INFO SEE LOG AT : ./logs/all_Lyapunov_test_dso-fn_d_all_z_01_log.txt
SpawnPoolWorker-931| 2026-06-21 23:51:19,056,56 multiprocessing INFO See log at : ./logs/all_Lyapunov_test_dso-fn_d_all_z_01_log.txt
SpawnPoolWorker-931| 2026-06-21 23:51:19,060,60 multiprocessing INFO child process calling self.run()
SpawnPoolWorker-939| 2026-06-21 23:51:19,167,167 multiprocessing INFO STARTING NEW RUN ==========
SpawnPoolWorker-939| 2026-06-21 23:51:19,167,167 multiprocessing INFO SEE LOG AT : ./logs/all_Lyapunov_test_dso-fn_d_all_z_01_log.txt
SpawnPoolWorker-939| 2026-06-21 23:51:19,167,167 multiprocessing INFO See log at : ./logs/all_Lyapunov_test_dso-fn_d_all_z_01_log.txt
SpawnPoolWorker-939| 2026-06-21 23:51:19,172,172 multiprocessing INFO child process calling self.run()
SpawnPoolWorker-941| 2026-06-21 23:51:19,201,201 multiprocessing INFO STARTING NEW RUN ==========
SpawnPoolWorker-941| 2026-06-21 23:51:19,201,201 multiprocessing INFO SEE LOG AT : ./logs/all_Lyapunov_test_dso-fn_d_all_z_01_log.txt
SpawnPoolWorker-941| 2026-06-21 23:51:19,201,201 multiprocessing INFO See log at : ./logs/all_Lyapunov_test_dso-fn_d_all_z_01_log.txt
SpawnPoolWorker-941| 2026-06-21 23:51:19,203,203 multiprocessing INFO child process calling self.run()
SpawnPoolWorker-944| 2026-06-21 23:51:19,280,280 multiprocessing INFO STARTING NEW RUN ==========
SpawnPoolWorker-944| 2026-06-21 23:51:19,280,280 multiprocessing INFO SEE LOG AT : ./logs/all_Lyapunov_test_dso-fn_d_all_z_01_log.txt
SpawnPoolWorker-944| 2026-06-21 23:51:19,280,280 multiprocessing INFO See log at : ./logs/all_Lyapunov_test_dso-fn_d_all_z_01_log.txt
SpawnPoolWorker-944| 2026-06-21 23:51:19,291,291 multiprocessing INFO child process calling self.run()
SpawnPoolWorker-936| 2026-06-21 23:51:19,304,304 multiprocessing INFO STARTING NEW RUN ==========
SpawnPoolWorker-936| 2026-06-21 23:51:19,304,304 multiprocessing INFO SEE LOG AT : ./logs/all_Lyapunov_test_dso-fn_d_all_z_01_log.txt
SpawnPoolWorker-936| 2026-06-21 23:51:19,304,304 multiprocessing INFO See log at : ./logs/all_Lyapunov_test_dso-fn_d_all_z_01_log.txt
SpawnPoolWorker-936| 2026-06-21 23:51:19,309,309 multiprocessing INFO child process calling self.run()
SpawnPoolWorker-942| 2026-06-21 23:51:19,381,381 multiprocessing INFO STARTING NEW RUN ==========
SpawnPoolWorker-942| 2026-06-21 23:51:19,381,381 multiprocessing INFO SEE LOG AT : ./logs/all_Lyapunov_test_dso-fn_d_all_z_01_log.txt
SpawnPoolWorker-942| 2026-06-21 23:51:19,381,381 multiprocessing INFO See log at : ./logs/all_Lyapunov_test_dso-fn_d_all_z_01_log.txt
SpawnPoolWorker-942| 2026-06-21 23:51:19,386,386 multiprocessing INFO child process calling self.run()
SpawnPoolWorker-947| 2026-06-21 23:51:19,439,439 multiprocessing INFO STARTING NEW RUN ==========
SpawnPoolWorker-947| 2026-06-21 23:51:19,439,439 multiprocessing INFO SEE LOG AT : ./logs/all_Lyapunov_test_dso-fn_d_all_z_01_log.txt
SpawnPoolWorker-947| 2026-06-21 23:51:19,440,440 multiprocessing INFO See log at : ./logs/all_Lyapunov_test_dso-fn_d_all_z_01_log.txt
SpawnPoolWorker-947| 2026-06-21 23:51:19,442,442 multiprocessing INFO child process calling self.run()
SpawnPoolWorker-946| 2026-06-21 23:51:19,563,563 multiprocessing INFO STARTING NEW RUN ==========
SpawnPoolWorker-946| 2026-06-21 23:51:19,563,563 multiprocessing INFO SEE LOG AT : ./logs/all_Lyapunov_test_dso-fn_d_all_z_01_log.txt
SpawnPoolWorker-946| 2026-06-21 23:51:19,563,563 multiprocessing INFO See log at : ./logs/all_Lyapunov_test_dso-fn_d_all_z_01_log.txt
SpawnPoolWorker-946| 2026-06-21 23:51:19,567,567 multiprocessing INFO child process calling self.run()
SpawnPoolWorker-952| 2026-06-21 23:51:19,628,628 multiprocessing INFO STARTING NEW RUN ==========
SpawnPoolWorker-952| 2026-06-21 23:51:19,628,628 multiprocessing INFO SEE LOG AT : ./logs/all_Lyapunov_test_dso-fn_d_all_z_01_log.txt
SpawnPoolWorker-952| 2026-06-21 23:51:19,628,628 multiprocessing INFO See log at : ./logs/all_Lyapunov_test_dso-fn_d_all_z_01_log.txt
SpawnPoolWorker-952| 2026-06-21 23:51:19,636,636 multiprocessing INFO child process calling self.run()
SpawnPoolWorker-934| 2026-06-21 23:51:19,926,926 multiprocessing INFO STARTING NEW RUN ==========
SpawnPoolWorker-934| 2026-06-21 23:51:19,926,926 multiprocessing INFO SEE LOG AT : ./logs/all_Lyapunov_test_dso-fn_d_all_z_01_log.txt
SpawnPoolWorker-934| 2026-06-21 23:51:19,926,926 multiprocessing INFO See log at : ./logs/all_Lyapunov_test_dso-fn_d_all_z_01_log.txt
SpawnPoolWorker-934| 2026-06-21 23:51:19,935,935 multiprocessing INFO child process calling self.run()
SpawnPoolWorker-945| 2026-06-21 23:51:19,992,992 multiprocessing INFO STARTING NEW RUN ==========
SpawnPoolWorker-945| 2026-06-21 23:51:19,992,992 multiprocessing INFO SEE LOG AT : ./logs/all_Lyapunov_test_dso-fn_d_all_z_01_log.txt
SpawnPoolWorker-945| 2026-06-21 23:51:19,992,992 multiprocessing INFO See log at : ./logs/all_Lyapunov_test_dso-fn_d_all_z_01_log.txt
SpawnPoolWorker-945| 2026-06-21 23:51:20,010,10 multiprocessing INFO child process calling self.run()
SpawnPoolWorker-943| 2026-06-21 23:51:20,125,125 multiprocessing INFO STARTING NEW RUN ==========
SpawnPoolWorker-943| 2026-06-21 23:51:20,125,125 multiprocessing INFO SEE LOG AT : ./logs/all_Lyapunov_test_dso-fn_d_all_z_01_log.txt
SpawnPoolWorker-943| 2026-06-21 23:51:20,125,125 multiprocessing INFO See log at : ./logs/all_Lyapunov_test_dso-fn_d_all_z_01_log.txt
SpawnPoolWorker-943| 2026-06-21 23:51:20,132,132 multiprocessing INFO child process calling self.run()
SpawnPoolWorker-949| 2026-06-21 23:51:20,321,321 multiprocessing INFO STARTING NEW RUN ==========
SpawnPoolWorker-949| 2026-06-21 23:51:20,321,321 multiprocessing INFO SEE LOG AT : ./logs/all_Lyapunov_test_dso-fn_d_all_z_01_log.txt
SpawnPoolWorker-949| 2026-06-21 23:51:20,321,321 multiprocessing INFO See log at : ./logs/all_Lyapunov_test_dso-fn_d_all_z_01_log.txt
SpawnPoolWorker-949| 2026-06-21 23:51:20,328,328 multiprocessing INFO child process calling self.run()
SpawnPoolWorker-948| 2026-06-21 23:51:20,441,441 multiprocessing INFO STARTING NEW RUN ==========
SpawnPoolWorker-948| 2026-06-21 23:51:20,441,441 multiprocessing INFO SEE LOG AT : ./logs/all_Lyapunov_test_dso-fn_d_all_z_01_log.txt
SpawnPoolWorker-948| 2026-06-21 23:51:20,441,441 multiprocessing INFO See log at : ./logs/all_Lyapunov_test_dso-fn_d_all_z_01_log.txt
SpawnPoolWorker-948| 2026-06-21 23:51:20,453,453 multiprocessing INFO child process calling self.run()
SpawnPoolWorker-940| 2026-06-21 23:51:20,761,761 multiprocessing INFO STARTING NEW RUN ==========
SpawnPoolWorker-940| 2026-06-21 23:51:20,761,761 multiprocessing INFO SEE LOG AT : ./logs/all_Lyapunov_test_dso-fn_d_all_z_01_log.txt
SpawnPoolWorker-940| 2026-06-21 23:51:20,761,761 multiprocessing INFO See log at : ./logs/all_Lyapunov_test_dso-fn_d_all_z_01_log.txt
SpawnPoolWorker-940| 2026-06-21 23:51:20,769,769 multiprocessing INFO child process calling self.run()
SpawnPoolWorker-951| 2026-06-21 23:51:21,000,0 multiprocessing INFO STARTING NEW RUN ==========
SpawnPoolWorker-951| 2026-06-21 23:51:21,000,0 multiprocessing INFO SEE LOG AT : ./logs/all_Lyapunov_test_dso-fn_d_all_z_01_log.txt
SpawnPoolWorker-951| 2026-06-21 23:51:21,000,0 multiprocessing INFO See log at : ./logs/all_Lyapunov_test_dso-fn_d_all_z_01_log.txt
SpawnPoolWorker-951| 2026-06-21 23:51:21,002,2 multiprocessing INFO child process calling self.run()
SpawnPoolWorker-940| 2026-06-21 23:51:22,130,130 multiprocessing INFO process shutting down
SpawnPoolWorker-940| 2026-06-21 23:51:22,130,130 multiprocessing INFO process exiting with exitcode 0
SpawnPoolWorker-929| 2026-06-21 23:51:22,130,130 multiprocessing INFO process shutting down
SpawnPoolWorker-930| 2026-06-21 23:51:22,130,130 multiprocessing INFO process shutting down
SpawnPoolWorker-951| 2026-06-21 23:51:22,130,130 multiprocessing INFO process shutting down
SpawnPoolWorker-936| 2026-06-21 23:51:22,131,131 multiprocessing INFO process shutting down
SpawnPoolWorker-937| 2026-06-21 23:51:22,131,131 multiprocessing INFO process shutting down
SpawnPoolWorker-935| 2026-06-21 23:51:22,131,131 multiprocessing INFO process shutting down
SpawnPoolWorker-941| 2026-06-21 23:51:22,131,131 multiprocessing INFO process shutting down
SpawnPoolWorker-932| 2026-06-21 23:51:22,131,131 multiprocessing INFO process shutting down
SpawnPoolWorker-950| 2026-06-21 23:51:22,131,131 multiprocessing INFO process shutting down
SpawnPoolWorker-929| 2026-06-21 23:51:22,132,132 multiprocessing INFO process exiting with exitcode 0
SpawnPoolWorker-941| 2026-06-21 23:51:22,132,132 multiprocessing INFO process exiting with exitcode 0
SpawnPoolWorker-932| 2026-06-21 23:51:22,132,132 multiprocessing INFO process exiting with exitcode 0
SpawnPoolWorker-942| 2026-06-21 23:51:22,131,131 multiprocessing INFO process shutting down
SpawnPoolWorker-935| 2026-06-21 23:51:22,132,132 multiprocessing INFO process exiting with exitcode 0
SpawnPoolWorker-950| 2026-06-21 23:51:22,132,132 multiprocessing INFO process exiting with exitcode 0
SpawnPoolWorker-942| 2026-06-21 23:51:22,133,133 multiprocessing INFO process exiting with exitcode 0
SpawnPoolWorker-944| 2026-06-21 23:51:22,133,133 multiprocessing INFO process shutting down
SpawnPoolWorker-948| 2026-06-21 23:51:22,133,133 multiprocessing INFO process shutting down
SpawnPoolWorker-934| 2026-06-21 23:51:22,133,133 multiprocessing INFO process shutting down
SpawnPoolWorker-939| 2026-06-21 23:51:22,133,133 multiprocessing INFO process shutting down
SpawnPoolWorker-947| 2026-06-21 23:51:22,133,133 multiprocessing INFO process shutting down
SpawnPoolWorker-945| 2026-06-21 23:51:22,134,134 multiprocessing INFO process shutting down
SpawnPoolWorker-931| 2026-06-21 23:51:22,133,133 multiprocessing INFO process shutting down
SpawnPoolWorker-946| 2026-06-21 23:51:22,134,134 multiprocessing INFO process shutting down
SpawnPoolWorker-943| 2026-06-21 23:51:22,134,134 multiprocessing INFO process shutting down
SpawnPoolWorker-943| 2026-06-21 23:51:22,135,135 multiprocessing INFO process exiting with exitcode 0
SpawnPoolWorker-933| 2026-06-21 23:51:22,130,130 multiprocessing INFO process shutting down
SpawnPoolWorker-952| 2026-06-21 23:51:22,135,135 multiprocessing INFO process shutting down
SpawnPoolWorker-938| 2026-06-21 23:51:22,134,134 multiprocessing INFO process shutting down
28
(50000, 6)
(50000,)
(50000, 6)
(50000,)

=======================Successfully Added (25000, 6) Counter Examples=======================


============None of the candidates fulfill the conditions. Training CONTINUES!=================

MainProcess| 2026-06-21 23:51:23,244,244 multiprocessing INFO 
============None of the candidates fulfill the conditions. Training CONTINUES!=================


============None of the candidates fulfill the conditions. Training CONTINUES!=================

(55, 108)
/users/9/chen8596/miniconda3/envs/alfd/lib/python3.9/site-packages/torch/nn/functional.py:4999: UserWarning: Support for mismatched key_padding_mask and attn_mask is deprecated. Use same type for both instead.
  warnings.warn(

==============Start Supervised Learning==============

MainProcess| 2026-06-21 23:51:26,708,708 multiprocessing INFO GP output mean: 0.5968600377230883
GP output mean: 0.5968600377230883
MainProcess| 2026-06-21 23:51:27,194,194 multiprocessing INFO GP output success rate: 0.0
GP output success rate: 0.0

==============End Supervised Learning==============

MainProcess| 2026-06-21 23:51:28,965,965 multiprocessing INFO [Test epoch=0028]  nevals=385717 	| train_loss=1261.14502 	| eqs_invalid %=0.00 	| r_best=0.98918 	| quantile=0.42794 	| r_quantile_mean=0.63264 	| r_raw_sum=40.11755 	|  r_raw_mean=0.22288 	| r2=nan 	| acc_iid=0.00000 	| acc_ood=0.00000 	| nmse_test=0.019462865729190225 	| true_equation_set_count=0 	| s/it=120.05663
[Test epoch=0028]  nevals=385717 	| train_loss=1261.14502 	| eqs_invalid %=0.00 	| r_best=0.98918 	| quantile=0.42794 	| r_quantile_mean=0.63264 	| r_raw_sum=40.11755 	|  r_raw_mean=0.22288 	| r2=nan 	| acc_iid=0.00000 	| acc_ood=0.00000 	| nmse_test=0.019462865729190225 	| true_equation_set_count=0 	| s/it=120.05663
MainProcess| 2026-06-21 23:52:09,798,798 multiprocessing INFO Genetic Porgramming Runtime 40.218709234148264
Genetic Porgramming Runtime 40.218709234148264

=========================PGD Collection Starts=========================

SpawnPoolWorker-954| 2026-06-21 23:52:14,692,692 multiprocessing INFO STARTING NEW RUN ==========
SpawnPoolWorker-954| 2026-06-21 23:52:14,692,692 multiprocessing INFO SEE LOG AT : ./logs/all_Lyapunov_test_dso-fn_d_all_z_01_log.txt
SpawnPoolWorker-954| 2026-06-21 23:52:14,692,692 multiprocessing INFO See log at : ./logs/all_Lyapunov_test_dso-fn_d_all_z_01_log.txt
SpawnPoolWorker-954| 2026-06-21 23:52:14,694,694 multiprocessing INFO child process calling self.run()
SpawnPoolWorker-953| 2026-06-21 23:52:14,719,719 multiprocessing INFO STARTING NEW RUN ==========
SpawnPoolWorker-953| 2026-06-21 23:52:14,719,719 multiprocessing INFO SEE LOG AT : ./logs/all_Lyapunov_test_dso-fn_d_all_z_01_log.txt
SpawnPoolWorker-953| 2026-06-21 23:52:14,719,719 multiprocessing INFO See log at : ./logs/all_Lyapunov_test_dso-fn_d_all_z_01_log.txt
SpawnPoolWorker-955| 2026-06-21 23:52:14,720,720 multiprocessing INFO STARTING NEW RUN ==========
SpawnPoolWorker-955| 2026-06-21 23:52:14,720,720 multiprocessing INFO SEE LOG AT : ./logs/all_Lyapunov_test_dso-fn_d_all_z_01_log.txt
SpawnPoolWorker-955| 2026-06-21 23:52:14,720,720 multiprocessing INFO See log at : ./logs/all_Lyapunov_test_dso-fn_d_all_z_01_log.txt
SpawnPoolWorker-957| 2026-06-21 23:52:14,720,720 multiprocessing INFO STARTING NEW RUN ==========
SpawnPoolWorker-957| 2026-06-21 23:52:14,720,720 multiprocessing INFO SEE LOG AT : ./logs/all_Lyapunov_test_dso-fn_d_all_z_01_log.txt
SpawnPoolWorker-957| 2026-06-21 23:52:14,720,720 multiprocessing INFO See log at : ./logs/all_Lyapunov_test_dso-fn_d_all_z_01_log.txt
SpawnPoolWorker-955| 2026-06-21 23:52:14,722,722 multiprocessing INFO child process calling self.run()
SpawnPoolWorker-953| 2026-06-21 23:52:14,722,722 multiprocessing INFO child process calling self.run()
SpawnPoolWorker-957| 2026-06-21 23:52:14,722,722 multiprocessing INFO child process calling self.run()
SpawnPoolWorker-958| 2026-06-21 23:52:14,820,820 multiprocessing INFO STARTING NEW RUN ==========
SpawnPoolWorker-958| 2026-06-21 23:52:14,820,820 multiprocessing INFO SEE LOG AT : ./logs/all_Lyapunov_test_dso-fn_d_all_z_01_log.txt
SpawnPoolWorker-958| 2026-06-21 23:52:14,820,820 multiprocessing INFO See log at : ./logs/all_Lyapunov_test_dso-fn_d_all_z_01_log.txt
SpawnPoolWorker-958| 2026-06-21 23:52:14,823,823 multiprocessing INFO child process calling self.run()
SpawnPoolWorker-956| 2026-06-21 23:52:14,851,851 multiprocessing INFO STARTING NEW RUN ==========
SpawnPoolWorker-956| 2026-06-21 23:52:14,851,851 multiprocessing INFO SEE LOG AT : ./logs/all_Lyapunov_test_dso-fn_d_all_z_01_log.txt
SpawnPoolWorker-956| 2026-06-21 23:52:14,851,851 multiprocessing INFO See log at : ./logs/all_Lyapunov_test_dso-fn_d_all_z_01_log.txt
SpawnPoolWorker-956| 2026-06-21 23:52:14,853,853 multiprocessing INFO child process calling self.run()
SpawnPoolWorker-959| 2026-06-21 23:52:14,876,876 multiprocessing INFO STARTING NEW RUN ==========
SpawnPoolWorker-959| 2026-06-21 23:52:14,876,876 multiprocessing INFO SEE LOG AT : ./logs/all_Lyapunov_test_dso-fn_d_all_z_01_log.txt
SpawnPoolWorker-959| 2026-06-21 23:52:14,876,876 multiprocessing INFO See log at : ./logs/all_Lyapunov_test_dso-fn_d_all_z_01_log.txt
SpawnPoolWorker-959| 2026-06-21 23:52:14,879,879 multiprocessing INFO child process calling self.run()
SpawnPoolWorker-960| 2026-06-21 23:52:15,035,35 multiprocessing INFO STARTING NEW RUN ==========
SpawnPoolWorker-960| 2026-06-21 23:52:15,036,36 multiprocessing INFO SEE LOG AT : ./logs/all_Lyapunov_test_dso-fn_d_all_z_01_log.txt
SpawnPoolWorker-960| 2026-06-21 23:52:15,036,36 multiprocessing INFO See log at : ./logs/all_Lyapunov_test_dso-fn_d_all_z_01_log.txt
SpawnPoolWorker-960| 2026-06-21 23:52:15,037,37 multiprocessing INFO child process calling self.run()
SpawnPoolWorker-962| 2026-06-21 23:52:15,269,269 multiprocessing INFO STARTING NEW RUN ==========
SpawnPoolWorker-962| 2026-06-21 23:52:15,269,269 multiprocessing INFO SEE LOG AT : ./logs/all_Lyapunov_test_dso-fn_d_all_z_01_log.txt
SpawnPoolWorker-962| 2026-06-21 23:52:15,269,269 multiprocessing INFO See log at : ./logs/all_Lyapunov_test_dso-fn_d_all_z_01_log.txt
SpawnPoolWorker-961| 2026-06-21 23:52:15,271,271 multiprocessing INFO STARTING NEW RUN ==========
SpawnPoolWorker-961| 2026-06-21 23:52:15,271,271 multiprocessing INFO SEE LOG AT : ./logs/all_Lyapunov_test_dso-fn_d_all_z_01_log.txt
SpawnPoolWorker-961| 2026-06-21 23:52:15,271,271 multiprocessing INFO See log at : ./logs/all_Lyapunov_test_dso-fn_d_all_z_01_log.txt
SpawnPoolWorker-962| 2026-06-21 23:52:15,271,271 multiprocessing INFO child process calling self.run()
SpawnPoolWorker-961| 2026-06-21 23:52:15,272,272 multiprocessing INFO child process calling self.run()
SpawnPoolWorker-960| 2026-06-21 23:52:48,419,419 multiprocessing INFO process shutting down
SpawnPoolWorker-954| 2026-06-21 23:52:48,419,419 multiprocessing INFO process shutting down
SpawnPoolWorker-962| 2026-06-21 23:52:48,419,419 multiprocessing INFO process shutting down
SpawnPoolWorker-960| 2026-06-21 23:52:48,419,419 multiprocessing INFO process exiting with exitcode 0
SpawnPoolWorker-953| 2026-06-21 23:52:48,419,419 multiprocessing INFO process shutting down
SpawnPoolWorker-954| 2026-06-21 23:52:48,419,419 multiprocessing INFO process exiting with exitcode 0
SpawnPoolWorker-955| 2026-06-21 23:52:48,419,419 multiprocessing INFO process shutting down
SpawnPoolWorker-962| 2026-06-21 23:52:48,419,419 multiprocessing INFO process exiting with exitcode 0
SpawnPoolWorker-953| 2026-06-21 23:52:48,419,419 multiprocessing INFO process exiting with exitcode 0
SpawnPoolWorker-955| 2026-06-21 23:52:48,420,420 multiprocessing INFO process exiting with exitcode 0
SpawnPoolWorker-961| 2026-06-21 23:52:48,419,419 multiprocessing INFO process shutting down
(10000,)

===================Collect 10000 Examples===================

Epsilon 0.1
500
(550,)
(550,)
(56,)
Number of Programs for Minimization: 32
SpawnPoolWorker-964| 2026-06-21 23:53:06,114,114 multiprocessing INFO STARTING NEW RUN ==========
SpawnPoolWorker-964| 2026-06-21 23:53:06,114,114 multiprocessing INFO SEE LOG AT : ./logs/all_Lyapunov_test_dso-fn_d_all_z_01_log.txt
SpawnPoolWorker-964| 2026-06-21 23:53:06,114,114 multiprocessing INFO See log at : ./logs/all_Lyapunov_test_dso-fn_d_all_z_01_log.txt
SpawnPoolWorker-964| 2026-06-21 23:53:06,120,120 multiprocessing INFO child process calling self.run()
SpawnPoolWorker-972| 2026-06-21 23:53:06,148,148 multiprocessing INFO STARTING NEW RUN ==========
SpawnPoolWorker-972| 2026-06-21 23:53:06,148,148 multiprocessing INFO SEE LOG AT : ./logs/all_Lyapunov_test_dso-fn_d_all_z_01_log.txt
SpawnPoolWorker-972| 2026-06-21 23:53:06,148,148 multiprocessing INFO See log at : ./logs/all_Lyapunov_test_dso-fn_d_all_z_01_log.txt
SpawnPoolWorker-972| 2026-06-21 23:53:06,153,153 multiprocessing INFO child process calling self.run()
SpawnPoolWorker-974| 2026-06-21 23:53:06,485,485 multiprocessing INFO STARTING NEW RUN ==========
SpawnPoolWorker-974| 2026-06-21 23:53:06,485,485 multiprocessing INFO SEE LOG AT : ./logs/all_Lyapunov_test_dso-fn_d_all_z_01_log.txt
SpawnPoolWorker-974| 2026-06-21 23:53:06,485,485 multiprocessing INFO See log at : ./logs/all_Lyapunov_test_dso-fn_d_all_z_01_log.txt
SpawnPoolWorker-974| 2026-06-21 23:53:06,491,491 multiprocessing INFO child process calling self.run()
SpawnPoolWorker-981| 2026-06-21 23:53:06,955,955 multiprocessing INFO STARTING NEW RUN ==========
SpawnPoolWorker-981| 2026-06-21 23:53:06,955,955 multiprocessing INFO SEE LOG AT : ./logs/all_Lyapunov_test_dso-fn_d_all_z_01_log.txt
SpawnPoolWorker-981| 2026-06-21 23:53:06,955,955 multiprocessing INFO See log at : ./logs/all_Lyapunov_test_dso-fn_d_all_z_01_log.txt
SpawnPoolWorker-981| 2026-06-21 23:53:06,959,959 multiprocessing INFO child process calling self.run()
SpawnPoolWorker-968| 2026-06-21 23:53:07,080,80 multiprocessing INFO STARTING NEW RUN ==========
SpawnPoolWorker-968| 2026-06-21 23:53:07,080,80 multiprocessing INFO SEE LOG AT : ./logs/all_Lyapunov_test_dso-fn_d_all_z_01_log.txt
SpawnPoolWorker-968| 2026-06-21 23:53:07,080,80 multiprocessing INFO See log at : ./logs/all_Lyapunov_test_dso-fn_d_all_z_01_log.txt
SpawnPoolWorker-963| 2026-06-21 23:53:07,081,81 multiprocessing INFO STARTING NEW RUN ==========
SpawnPoolWorker-963| 2026-06-21 23:53:07,081,81 multiprocessing INFO SEE LOG AT : ./logs/all_Lyapunov_test_dso-fn_d_all_z_01_log.txt
SpawnPoolWorker-963| 2026-06-21 23:53:07,081,81 multiprocessing INFO See log at : ./logs/all_Lyapunov_test_dso-fn_d_all_z_01_log.txt
SpawnPoolWorker-963| 2026-06-21 23:53:07,084,84 multiprocessing INFO child process calling self.run()
SpawnPoolWorker-968| 2026-06-21 23:53:07,085,85 multiprocessing INFO child process calling self.run()
SpawnPoolWorker-979| 2026-06-21 23:53:07,200,200 multiprocessing INFO STARTING NEW RUN ==========
SpawnPoolWorker-979| 2026-06-21 23:53:07,200,200 multiprocessing INFO SEE LOG AT : ./logs/all_Lyapunov_test_dso-fn_d_all_z_01_log.txt
SpawnPoolWorker-979| 2026-06-21 23:53:07,200,200 multiprocessing INFO See log at : ./logs/all_Lyapunov_test_dso-fn_d_all_z_01_log.txt
SpawnPoolWorker-979| 2026-06-21 23:53:07,205,205 multiprocessing INFO child process calling self.run()
SpawnPoolWorker-966| 2026-06-21 23:53:07,247,247 multiprocessing INFO STARTING NEW RUN ==========
SpawnPoolWorker-966| 2026-06-21 23:53:07,247,247 multiprocessing INFO SEE LOG AT : ./logs/all_Lyapunov_test_dso-fn_d_all_z_01_log.txt
SpawnPoolWorker-966| 2026-06-21 23:53:07,247,247 multiprocessing INFO See log at : ./logs/all_Lyapunov_test_dso-fn_d_all_z_01_log.txt
SpawnPoolWorker-966| 2026-06-21 23:53:07,251,251 multiprocessing INFO child process calling self.run()
SpawnPoolWorker-970| 2026-06-21 23:53:07,414,414 multiprocessing INFO STARTING NEW RUN ==========
SpawnPoolWorker-970| 2026-06-21 23:53:07,415,415 multiprocessing INFO SEE LOG AT : ./logs/all_Lyapunov_test_dso-fn_d_all_z_01_log.txt
SpawnPoolWorker-970| 2026-06-21 23:53:07,415,415 multiprocessing INFO See log at : ./logs/all_Lyapunov_test_dso-fn_d_all_z_01_log.txt
SpawnPoolWorker-970| 2026-06-21 23:53:07,420,420 multiprocessing INFO child process calling self.run()
SpawnPoolWorker-982| 2026-06-21 23:53:07,447,447 multiprocessing INFO STARTING NEW RUN ==========
SpawnPoolWorker-982| 2026-06-21 23:53:07,447,447 multiprocessing INFO SEE LOG AT : ./logs/all_Lyapunov_test_dso-fn_d_all_z_01_log.txt
SpawnPoolWorker-982| 2026-06-21 23:53:07,447,447 multiprocessing INFO See log at : ./logs/all_Lyapunov_test_dso-fn_d_all_z_01_log.txt
SpawnPoolWorker-982| 2026-06-21 23:53:07,450,450 multiprocessing INFO child process calling self.run()
SpawnPoolWorker-986| 2026-06-21 23:53:07,672,672 multiprocessing INFO STARTING NEW RUN ==========
SpawnPoolWorker-986| 2026-06-21 23:53:07,673,673 multiprocessing INFO SEE LOG AT : ./logs/all_Lyapunov_test_dso-fn_d_all_z_01_log.txt
SpawnPoolWorker-986| 2026-06-21 23:53:07,673,673 multiprocessing INFO See log at : ./logs/all_Lyapunov_test_dso-fn_d_all_z_01_log.txt
SpawnPoolWorker-986| 2026-06-21 23:53:07,675,675 multiprocessing INFO child process calling self.run()
SpawnPoolWorker-971| 2026-06-21 23:53:07,692,692 multiprocessing INFO STARTING NEW RUN ==========
SpawnPoolWorker-971| 2026-06-21 23:53:07,692,692 multiprocessing INFO SEE LOG AT : ./logs/all_Lyapunov_test_dso-fn_d_all_z_01_log.txt
SpawnPoolWorker-971| 2026-06-21 23:53:07,692,692 multiprocessing INFO See log at : ./logs/all_Lyapunov_test_dso-fn_d_all_z_01_log.txt
SpawnPoolWorker-971| 2026-06-21 23:53:07,695,695 multiprocessing INFO child process calling self.run()
SpawnPoolWorker-975| 2026-06-21 23:53:08,109,109 multiprocessing INFO STARTING NEW RUN ==========
SpawnPoolWorker-975| 2026-06-21 23:53:08,109,109 multiprocessing INFO SEE LOG AT : ./logs/all_Lyapunov_test_dso-fn_d_all_z_01_log.txt
SpawnPoolWorker-975| 2026-06-21 23:53:08,109,109 multiprocessing INFO See log at : ./logs/all_Lyapunov_test_dso-fn_d_all_z_01_log.txt
SpawnPoolWorker-975| 2026-06-21 23:53:08,112,112 multiprocessing INFO child process calling self.run()
SpawnPoolWorker-965| 2026-06-21 23:53:08,442,442 multiprocessing INFO STARTING NEW RUN ==========
SpawnPoolWorker-965| 2026-06-21 23:53:08,442,442 multiprocessing INFO SEE LOG AT : ./logs/all_Lyapunov_test_dso-fn_d_all_z_01_log.txt
SpawnPoolWorker-965| 2026-06-21 23:53:08,442,442 multiprocessing INFO See log at : ./logs/all_Lyapunov_test_dso-fn_d_all_z_01_log.txt
SpawnPoolWorker-965| 2026-06-21 23:53:08,450,450 multiprocessing INFO child process calling self.run()
SpawnPoolWorker-969| 2026-06-21 23:53:08,787,787 multiprocessing INFO STARTING NEW RUN ==========
SpawnPoolWorker-969| 2026-06-21 23:53:08,788,788 multiprocessing INFO SEE LOG AT : ./logs/all_Lyapunov_test_dso-fn_d_all_z_01_log.txt
SpawnPoolWorker-969| 2026-06-21 23:53:08,788,788 multiprocessing INFO See log at : ./logs/all_Lyapunov_test_dso-fn_d_all_z_01_log.txt
SpawnPoolWorker-969| 2026-06-21 23:53:08,797,797 multiprocessing INFO child process calling self.run()
SpawnPoolWorker-973| 2026-06-21 23:53:08,862,862 multiprocessing INFO STARTING NEW RUN ==========
SpawnPoolWorker-973| 2026-06-21 23:53:08,862,862 multiprocessing INFO SEE LOG AT : ./logs/all_Lyapunov_test_dso-fn_d_all_z_01_log.txt
SpawnPoolWorker-973| 2026-06-21 23:53:08,862,862 multiprocessing INFO See log at : ./logs/all_Lyapunov_test_dso-fn_d_all_z_01_log.txt
SpawnPoolWorker-976| 2026-06-21 23:53:08,875,875 multiprocessing INFO STARTING NEW RUN ==========
SpawnPoolWorker-976| 2026-06-21 23:53:08,875,875 multiprocessing INFO SEE LOG AT : ./logs/all_Lyapunov_test_dso-fn_d_all_z_01_log.txt
SpawnPoolWorker-976| 2026-06-21 23:53:08,875,875 multiprocessing INFO See log at : ./logs/all_Lyapunov_test_dso-fn_d_all_z_01_log.txt
SpawnPoolWorker-973| 2026-06-21 23:53:08,880,880 multiprocessing INFO child process calling self.run()
SpawnPoolWorker-976| 2026-06-21 23:53:08,881,881 multiprocessing INFO child process calling self.run()
SpawnPoolWorker-977| 2026-06-21 23:53:09,298,298 multiprocessing INFO STARTING NEW RUN ==========
SpawnPoolWorker-977| 2026-06-21 23:53:09,299,299 multiprocessing INFO SEE LOG AT : ./logs/all_Lyapunov_test_dso-fn_d_all_z_01_log.txt
SpawnPoolWorker-977| 2026-06-21 23:53:09,299,299 multiprocessing INFO See log at : ./logs/all_Lyapunov_test_dso-fn_d_all_z_01_log.txt
SpawnPoolWorker-967| 2026-06-21 23:53:09,301,301 multiprocessing INFO STARTING NEW RUN ==========
SpawnPoolWorker-967| 2026-06-21 23:53:09,301,301 multiprocessing INFO SEE LOG AT : ./logs/all_Lyapunov_test_dso-fn_d_all_z_01_log.txt
SpawnPoolWorker-967| 2026-06-21 23:53:09,301,301 multiprocessing INFO See log at : ./logs/all_Lyapunov_test_dso-fn_d_all_z_01_log.txt
SpawnPoolWorker-977| 2026-06-21 23:53:09,305,305 multiprocessing INFO child process calling self.run()
SpawnPoolWorker-967| 2026-06-21 23:53:09,307,307 multiprocessing INFO child process calling self.run()
SpawnPoolWorker-984| 2026-06-21 23:53:09,618,618 multiprocessing INFO STARTING NEW RUN ==========
SpawnPoolWorker-984| 2026-06-21 23:53:09,618,618 multiprocessing INFO SEE LOG AT : ./logs/all_Lyapunov_test_dso-fn_d_all_z_01_log.txt
SpawnPoolWorker-984| 2026-06-21 23:53:09,618,618 multiprocessing INFO See log at : ./logs/all_Lyapunov_test_dso-fn_d_all_z_01_log.txt
SpawnPoolWorker-984| 2026-06-21 23:53:09,626,626 multiprocessing INFO child process calling self.run()
SpawnPoolWorker-978| 2026-06-21 23:53:09,929,929 multiprocessing INFO STARTING NEW RUN ==========
SpawnPoolWorker-978| 2026-06-21 23:53:09,929,929 multiprocessing INFO SEE LOG AT : ./logs/all_Lyapunov_test_dso-fn_d_all_z_01_log.txt
SpawnPoolWorker-978| 2026-06-21 23:53:09,929,929 multiprocessing INFO See log at : ./logs/all_Lyapunov_test_dso-fn_d_all_z_01_log.txt
SpawnPoolWorker-978| 2026-06-21 23:53:09,931,931 multiprocessing INFO child process calling self.run()
SpawnPoolWorker-980| 2026-06-21 23:53:10,092,92 multiprocessing INFO STARTING NEW RUN ==========
SpawnPoolWorker-980| 2026-06-21 23:53:10,092,92 multiprocessing INFO SEE LOG AT : ./logs/all_Lyapunov_test_dso-fn_d_all_z_01_log.txt
SpawnPoolWorker-980| 2026-06-21 23:53:10,092,92 multiprocessing INFO See log at : ./logs/all_Lyapunov_test_dso-fn_d_all_z_01_log.txt
SpawnPoolWorker-980| 2026-06-21 23:53:10,094,94 multiprocessing INFO child process calling self.run()
SpawnPoolWorker-985| 2026-06-21 23:53:10,309,309 multiprocessing INFO STARTING NEW RUN ==========
SpawnPoolWorker-985| 2026-06-21 23:53:10,309,309 multiprocessing INFO SEE LOG AT : ./logs/all_Lyapunov_test_dso-fn_d_all_z_01_log.txt
SpawnPoolWorker-985| 2026-06-21 23:53:10,309,309 multiprocessing INFO See log at : ./logs/all_Lyapunov_test_dso-fn_d_all_z_01_log.txt
SpawnPoolWorker-985| 2026-06-21 23:53:10,311,311 multiprocessing INFO child process calling self.run()
SpawnPoolWorker-983| 2026-06-21 23:53:10,540,540 multiprocessing INFO STARTING NEW RUN ==========
SpawnPoolWorker-983| 2026-06-21 23:53:10,540,540 multiprocessing INFO SEE LOG AT : ./logs/all_Lyapunov_test_dso-fn_d_all_z_01_log.txt
SpawnPoolWorker-983| 2026-06-21 23:53:10,540,540 multiprocessing INFO See log at : ./logs/all_Lyapunov_test_dso-fn_d_all_z_01_log.txt
SpawnPoolWorker-983| 2026-06-21 23:53:10,541,541 multiprocessing INFO child process calling self.run()
SpawnPoolWorker-978| 2026-06-21 23:53:10,929,929 multiprocessing INFO process shutting down
SpawnPoolWorker-978| 2026-06-21 23:53:10,929,929 multiprocessing INFO process exiting with exitcode 0
SpawnPoolWorker-980| 2026-06-21 23:53:10,929,929 multiprocessing INFO process shutting down
SpawnPoolWorker-964| 2026-06-21 23:53:10,929,929 multiprocessing INFO process shutting down
SpawnPoolWorker-979| 2026-06-21 23:53:10,929,929 multiprocessing INFO process shutting down
SpawnPoolWorker-968| 2026-06-21 23:53:10,930,930 multiprocessing INFO process shutting down
SpawnPoolWorker-985| 2026-06-21 23:53:10,930,930 multiprocessing INFO process shutting down
SpawnPoolWorker-974| 2026-06-21 23:53:10,930,930 multiprocessing INFO process shutting down
SpawnPoolWorker-981| 2026-06-21 23:53:10,930,930 multiprocessing INFO process shutting down
SpawnPoolWorker-983| 2026-06-21 23:53:10,931,931 multiprocessing INFO process shutting down
SpawnPoolWorker-972| 2026-06-21 23:53:10,931,931 multiprocessing INFO process shutting down
SpawnPoolWorker-966| 2026-06-21 23:53:10,931,931 multiprocessing INFO process shutting down
SpawnPoolWorker-971| 2026-06-21 23:53:10,931,931 multiprocessing INFO process shutting down
SpawnPoolWorker-982| 2026-06-21 23:53:10,930,930 multiprocessing INFO process shutting down
SpawnPoolWorker-975| 2026-06-21 23:53:10,930,930 multiprocessing INFO process shutting down
SpawnPoolWorker-970| 2026-06-21 23:53:10,931,931 multiprocessing INFO process shutting down
SpawnPoolWorker-973| 2026-06-21 23:53:10,931,931 multiprocessing INFO process shutting down
SpawnPoolWorker-986| 2026-06-21 23:53:10,931,931 multiprocessing INFO process shutting down
SpawnPoolWorker-963| 2026-06-21 23:53:10,931,931 multiprocessing INFO process shutting down
SpawnPoolWorker-965| 2026-06-21 23:53:10,931,931 multiprocessing INFO process shutting down
SpawnPoolWorker-967| 2026-06-21 23:53:10,932,932 multiprocessing INFO process shutting down
32
(50000, 6)
(50000,)
(50000, 6)
(50000,)

=======================Successfully Added (25000, 6) Counter Examples=======================


============None of the candidates fulfill the conditions. Training CONTINUES!=================

MainProcess| 2026-06-21 23:53:11,606,606 multiprocessing INFO 
============None of the candidates fulfill the conditions. Training CONTINUES!=================


============None of the candidates fulfill the conditions. Training CONTINUES!=================

(56, 108)
/users/9/chen8596/miniconda3/envs/alfd/lib/python3.9/site-packages/torch/nn/functional.py:4999: UserWarning: Support for mismatched key_padding_mask and attn_mask is deprecated. Use same type for both instead.
  warnings.warn(

==============Start Supervised Learning==============

MainProcess| 2026-06-21 23:53:15,454,454 multiprocessing INFO GP output mean: 0.582360145404016
GP output mean: 0.582360145404016
MainProcess| 2026-06-21 23:53:15,938,938 multiprocessing INFO GP output success rate: 0.0
GP output success rate: 0.0

==============End Supervised Learning==============

MainProcess| 2026-06-21 23:53:17,603,603 multiprocessing INFO [Test epoch=0029]  nevals=399433 	| train_loss=8637.47168 	| eqs_invalid %=0.00 	| r_best=0.98918 	| quantile=0.59901 	| r_quantile_mean=0.65878 	| r_raw_sum=57.73291 	|  r_raw_mean=0.40657 	| r2=nan 	| acc_iid=0.00000 	| acc_ood=0.00000 	| nmse_test=0.019462865729190225 	| true_equation_set_count=0 	| s/it=108.63790
[Test epoch=0029]  nevals=399433 	| train_loss=8637.47168 	| eqs_invalid %=0.00 	| r_best=0.98918 	| quantile=0.59901 	| r_quantile_mean=0.65878 	| r_raw_sum=57.73291 	|  r_raw_mean=0.40657 	| r2=nan 	| acc_iid=0.00000 	| acc_ood=0.00000 	| nmse_test=0.019462865729190225 	| true_equation_set_count=0 	| s/it=108.63790
MainProcess| 2026-06-21 23:53:55,997,997 multiprocessing INFO Genetic Porgramming Runtime 37.75923888687976
Genetic Porgramming Runtime 37.75923888687976

=========================PGD Collection Starts=========================

SpawnPoolWorker-991| 2026-06-21 23:54:00,854,854 multiprocessing INFO STARTING NEW RUN ==========
SpawnPoolWorker-991| 2026-06-21 23:54:00,854,854 multiprocessing INFO SEE LOG AT : ./logs/all_Lyapunov_test_dso-fn_d_all_z_01_log.txt
SpawnPoolWorker-991| 2026-06-21 23:54:00,854,854 multiprocessing INFO See log at : ./logs/all_Lyapunov_test_dso-fn_d_all_z_01_log.txt
SpawnPoolWorker-991| 2026-06-21 23:54:00,856,856 multiprocessing INFO child process calling self.run()
SpawnPoolWorker-988| 2026-06-21 23:54:00,857,857 multiprocessing INFO STARTING NEW RUN ==========
SpawnPoolWorker-988| 2026-06-21 23:54:00,857,857 multiprocessing INFO SEE LOG AT : ./logs/all_Lyapunov_test_dso-fn_d_all_z_01_log.txt
SpawnPoolWorker-988| 2026-06-21 23:54:00,857,857 multiprocessing INFO See log at : ./logs/all_Lyapunov_test_dso-fn_d_all_z_01_log.txt
SpawnPoolWorker-988| 2026-06-21 23:54:00,858,858 multiprocessing INFO child process calling self.run()
SpawnPoolWorker-992| 2026-06-21 23:54:00,897,897 multiprocessing INFO STARTING NEW RUN ==========
SpawnPoolWorker-992| 2026-06-21 23:54:00,897,897 multiprocessing INFO SEE LOG AT : ./logs/all_Lyapunov_test_dso-fn_d_all_z_01_log.txt
SpawnPoolWorker-992| 2026-06-21 23:54:00,897,897 multiprocessing INFO See log at : ./logs/all_Lyapunov_test_dso-fn_d_all_z_01_log.txt
SpawnPoolWorker-992| 2026-06-21 23:54:00,899,899 multiprocessing INFO child process calling self.run()
SpawnPoolWorker-990| 2026-06-21 23:54:00,899,899 multiprocessing INFO STARTING NEW RUN ==========
SpawnPoolWorker-990| 2026-06-21 23:54:00,899,899 multiprocessing INFO SEE LOG AT : ./logs/all_Lyapunov_test_dso-fn_d_all_z_01_log.txt
SpawnPoolWorker-990| 2026-06-21 23:54:00,899,899 multiprocessing INFO See log at : ./logs/all_Lyapunov_test_dso-fn_d_all_z_01_log.txt
SpawnPoolWorker-990| 2026-06-21 23:54:00,901,901 multiprocessing INFO child process calling self.run()
SpawnPoolWorker-989| 2026-06-21 23:54:00,957,957 multiprocessing INFO STARTING NEW RUN ==========
SpawnPoolWorker-989| 2026-06-21 23:54:00,957,957 multiprocessing INFO SEE LOG AT : ./logs/all_Lyapunov_test_dso-fn_d_all_z_01_log.txt
SpawnPoolWorker-989| 2026-06-21 23:54:00,957,957 multiprocessing INFO See log at : ./logs/all_Lyapunov_test_dso-fn_d_all_z_01_log.txt
SpawnPoolWorker-989| 2026-06-21 23:54:00,958,958 multiprocessing INFO child process calling self.run()
SpawnPoolWorker-987| 2026-06-21 23:54:01,000,0 multiprocessing INFO STARTING NEW RUN ==========
SpawnPoolWorker-987| 2026-06-21 23:54:01,001,1 multiprocessing INFO SEE LOG AT : ./logs/all_Lyapunov_test_dso-fn_d_all_z_01_log.txt
SpawnPoolWorker-987| 2026-06-21 23:54:01,001,1 multiprocessing INFO See log at : ./logs/all_Lyapunov_test_dso-fn_d_all_z_01_log.txt
SpawnPoolWorker-987| 2026-06-21 23:54:01,003,3 multiprocessing INFO child process calling self.run()
SpawnPoolWorker-994| 2026-06-21 23:54:01,026,26 multiprocessing INFO STARTING NEW RUN ==========
SpawnPoolWorker-994| 2026-06-21 23:54:01,026,26 multiprocessing INFO SEE LOG AT : ./logs/all_Lyapunov_test_dso-fn_d_all_z_01_log.txt
SpawnPoolWorker-994| 2026-06-21 23:54:01,026,26 multiprocessing INFO See log at : ./logs/all_Lyapunov_test_dso-fn_d_all_z_01_log.txt
SpawnPoolWorker-994| 2026-06-21 23:54:01,033,33 multiprocessing INFO child process calling self.run()
SpawnPoolWorker-995| 2026-06-21 23:54:01,036,36 multiprocessing INFO STARTING NEW RUN ==========
SpawnPoolWorker-995| 2026-06-21 23:54:01,036,36 multiprocessing INFO SEE LOG AT : ./logs/all_Lyapunov_test_dso-fn_d_all_z_01_log.txt
SpawnPoolWorker-995| 2026-06-21 23:54:01,036,36 multiprocessing INFO See log at : ./logs/all_Lyapunov_test_dso-fn_d_all_z_01_log.txt
SpawnPoolWorker-995| 2026-06-21 23:54:01,037,37 multiprocessing INFO child process calling self.run()
SpawnPoolWorker-996| 2026-06-21 23:54:01,051,51 multiprocessing INFO STARTING NEW RUN ==========
SpawnPoolWorker-996| 2026-06-21 23:54:01,051,51 multiprocessing INFO SEE LOG AT : ./logs/all_Lyapunov_test_dso-fn_d_all_z_01_log.txt
SpawnPoolWorker-996| 2026-06-21 23:54:01,051,51 multiprocessing INFO See log at : ./logs/all_Lyapunov_test_dso-fn_d_all_z_01_log.txt
SpawnPoolWorker-996| 2026-06-21 23:54:01,054,54 multiprocessing INFO child process calling self.run()
SpawnPoolWorker-993| 2026-06-21 23:54:01,095,95 multiprocessing INFO STARTING NEW RUN ==========
SpawnPoolWorker-993| 2026-06-21 23:54:01,095,95 multiprocessing INFO SEE LOG AT : ./logs/all_Lyapunov_test_dso-fn_d_all_z_01_log.txt
SpawnPoolWorker-993| 2026-06-21 23:54:01,095,95 multiprocessing INFO See log at : ./logs/all_Lyapunov_test_dso-fn_d_all_z_01_log.txt
SpawnPoolWorker-993| 2026-06-21 23:54:01,112,112 multiprocessing INFO child process calling self.run()
SpawnPoolWorker-987| 2026-06-21 23:54:15,752,752 multiprocessing INFO process shutting down
SpawnPoolWorker-993| 2026-06-21 23:54:15,752,752 multiprocessing INFO process shutting down
SpawnPoolWorker-991| 2026-06-21 23:54:15,752,752 multiprocessing INFO process shutting down
SpawnPoolWorker-993| 2026-06-21 23:54:15,752,752 multiprocessing INFO process exiting with exitcode 0
SpawnPoolWorker-987| 2026-06-21 23:54:15,752,752 multiprocessing INFO process exiting with exitcode 0
SpawnPoolWorker-994| 2026-06-21 23:54:15,752,752 multiprocessing INFO process shutting down
SpawnPoolWorker-991| 2026-06-21 23:54:15,753,753 multiprocessing INFO process exiting with exitcode 0
SpawnPoolWorker-994| 2026-06-21 23:54:15,753,753 multiprocessing INFO process exiting with exitcode 0
SpawnPoolWorker-996| 2026-06-21 23:54:15,753,753 multiprocessing INFO process shutting down
SpawnPoolWorker-992| 2026-06-21 23:54:15,752,752 multiprocessing INFO process shutting down
SpawnPoolWorker-995| 2026-06-21 23:54:15,753,753 multiprocessing INFO process shutting down
SpawnPoolWorker-990| 2026-06-21 23:54:15,753,753 multiprocessing INFO process shutting down
(10000,)

===================Collect 10000 Examples===================

Epsilon 0.1
500
(550,)
(550,)
(55,)
Number of Programs for Minimization: 28
SpawnPoolWorker-1002| 2026-06-21 23:54:28,996,996 multiprocessing INFO STARTING NEW RUN ==========
SpawnPoolWorker-1002| 2026-06-21 23:54:28,996,996 multiprocessing INFO SEE LOG AT : ./logs/all_Lyapunov_test_dso-fn_d_all_z_01_log.txt
SpawnPoolWorker-1002| 2026-06-21 23:54:28,996,996 multiprocessing INFO See log at : ./logs/all_Lyapunov_test_dso-fn_d_all_z_01_log.txt
SpawnPoolWorker-1002| 2026-06-21 23:54:29,000,0 multiprocessing INFO child process calling self.run()
SpawnPoolWorker-1019| 2026-06-21 23:54:29,256,256 multiprocessing INFO STARTING NEW RUN ==========
SpawnPoolWorker-1019| 2026-06-21 23:54:29,256,256 multiprocessing INFO SEE LOG AT : ./logs/all_Lyapunov_test_dso-fn_d_all_z_01_log.txt
SpawnPoolWorker-1019| 2026-06-21 23:54:29,256,256 multiprocessing INFO See log at : ./logs/all_Lyapunov_test_dso-fn_d_all_z_01_log.txt
SpawnPoolWorker-1019| 2026-06-21 23:54:29,258,258 multiprocessing INFO child process calling self.run()
SpawnPoolWorker-1007| 2026-06-21 23:54:29,918,918 multiprocessing INFO STARTING NEW RUN ==========
SpawnPoolWorker-1007| 2026-06-21 23:54:29,918,918 multiprocessing INFO SEE LOG AT : ./logs/all_Lyapunov_test_dso-fn_d_all_z_01_log.txt
SpawnPoolWorker-1007| 2026-06-21 23:54:29,918,918 multiprocessing INFO See log at : ./logs/all_Lyapunov_test_dso-fn_d_all_z_01_log.txt
SpawnPoolWorker-1007| 2026-06-21 23:54:29,920,920 multiprocessing INFO child process calling self.run()
SpawnPoolWorker-997| 2026-06-21 23:54:31,242,242 multiprocessing INFO STARTING NEW RUN ==========
SpawnPoolWorker-997| 2026-06-21 23:54:31,242,242 multiprocessing INFO SEE LOG AT : ./logs/all_Lyapunov_test_dso-fn_d_all_z_01_log.txt
SpawnPoolWorker-997| 2026-06-21 23:54:31,242,242 multiprocessing INFO See log at : ./logs/all_Lyapunov_test_dso-fn_d_all_z_01_log.txt
SpawnPoolWorker-997| 2026-06-21 23:54:31,247,247 multiprocessing INFO child process calling self.run()
SpawnPoolWorker-1003| 2026-06-21 23:54:31,382,382 multiprocessing INFO STARTING NEW RUN ==========
SpawnPoolWorker-1003| 2026-06-21 23:54:31,382,382 multiprocessing INFO SEE LOG AT : ./logs/all_Lyapunov_test_dso-fn_d_all_z_01_log.txt
SpawnPoolWorker-1003| 2026-06-21 23:54:31,382,382 multiprocessing INFO See log at : ./logs/all_Lyapunov_test_dso-fn_d_all_z_01_log.txt
SpawnPoolWorker-1003| 2026-06-21 23:54:31,392,392 multiprocessing INFO child process calling self.run()
SpawnPoolWorker-998| 2026-06-21 23:54:31,534,534 multiprocessing INFO STARTING NEW RUN ==========
SpawnPoolWorker-998| 2026-06-21 23:54:31,534,534 multiprocessing INFO SEE LOG AT : ./logs/all_Lyapunov_test_dso-fn_d_all_z_01_log.txt
SpawnPoolWorker-998| 2026-06-21 23:54:31,534,534 multiprocessing INFO See log at : ./logs/all_Lyapunov_test_dso-fn_d_all_z_01_log.txt
SpawnPoolWorker-998| 2026-06-21 23:54:31,546,546 multiprocessing INFO child process calling self.run()
SpawnPoolWorker-1001| 2026-06-21 23:54:31,728,728 multiprocessing INFO STARTING NEW RUN ==========
SpawnPoolWorker-1001| 2026-06-21 23:54:31,728,728 multiprocessing INFO SEE LOG AT : ./logs/all_Lyapunov_test_dso-fn_d_all_z_01_log.txt
SpawnPoolWorker-1001| 2026-06-21 23:54:31,728,728 multiprocessing INFO See log at : ./logs/all_Lyapunov_test_dso-fn_d_all_z_01_log.txt
SpawnPoolWorker-1001| 2026-06-21 23:54:31,733,733 multiprocessing INFO child process calling self.run()
SpawnPoolWorker-1010| 2026-06-21 23:54:32,269,269 multiprocessing INFO STARTING NEW RUN ==========
SpawnPoolWorker-1010| 2026-06-21 23:54:32,269,269 multiprocessing INFO SEE LOG AT : ./logs/all_Lyapunov_test_dso-fn_d_all_z_01_log.txt
SpawnPoolWorker-1010| 2026-06-21 23:54:32,269,269 multiprocessing INFO See log at : ./logs/all_Lyapunov_test_dso-fn_d_all_z_01_log.txt
SpawnPoolWorker-1010| 2026-06-21 23:54:32,276,276 multiprocessing INFO child process calling self.run()
SpawnPoolWorker-1013| 2026-06-21 23:54:32,363,363 multiprocessing INFO STARTING NEW RUN ==========
SpawnPoolWorker-1013| 2026-06-21 23:54:32,363,363 multiprocessing INFO SEE LOG AT : ./logs/all_Lyapunov_test_dso-fn_d_all_z_01_log.txt
SpawnPoolWorker-1013| 2026-06-21 23:54:32,363,363 multiprocessing INFO See log at : ./logs/all_Lyapunov_test_dso-fn_d_all_z_01_log.txt
SpawnPoolWorker-1013| 2026-06-21 23:54:32,372,372 multiprocessing INFO child process calling self.run()
SpawnPoolWorker-1011| 2026-06-21 23:54:32,433,433 multiprocessing INFO STARTING NEW RUN ==========
SpawnPoolWorker-1011| 2026-06-21 23:54:32,434,434 multiprocessing INFO SEE LOG AT : ./logs/all_Lyapunov_test_dso-fn_d_all_z_01_log.txt
SpawnPoolWorker-1011| 2026-06-21 23:54:32,434,434 multiprocessing INFO See log at : ./logs/all_Lyapunov_test_dso-fn_d_all_z_01_log.txt
SpawnPoolWorker-1011| 2026-06-21 23:54:32,444,444 multiprocessing INFO child process calling self.run()
SpawnPoolWorker-1000| 2026-06-21 23:54:32,463,463 multiprocessing INFO STARTING NEW RUN ==========
SpawnPoolWorker-1000| 2026-06-21 23:54:32,463,463 multiprocessing INFO SEE LOG AT : ./logs/all_Lyapunov_test_dso-fn_d_all_z_01_log.txt
SpawnPoolWorker-1000| 2026-06-21 23:54:32,464,464 multiprocessing INFO See log at : ./logs/all_Lyapunov_test_dso-fn_d_all_z_01_log.txt
SpawnPoolWorker-1000| 2026-06-21 23:54:32,469,469 multiprocessing INFO child process calling self.run()
SpawnPoolWorker-1015| 2026-06-21 23:54:32,565,565 multiprocessing INFO STARTING NEW RUN ==========
SpawnPoolWorker-1015| 2026-06-21 23:54:32,566,566 multiprocessing INFO SEE LOG AT : ./logs/all_Lyapunov_test_dso-fn_d_all_z_01_log.txt
SpawnPoolWorker-1015| 2026-06-21 23:54:32,566,566 multiprocessing INFO See log at : ./logs/all_Lyapunov_test_dso-fn_d_all_z_01_log.txt
SpawnPoolWorker-1015| 2026-06-21 23:54:32,570,570 multiprocessing INFO child process calling self.run()
SpawnPoolWorker-1016| 2026-06-21 23:54:32,597,597 multiprocessing INFO STARTING NEW RUN ==========
SpawnPoolWorker-1016| 2026-06-21 23:54:32,597,597 multiprocessing INFO SEE LOG AT : ./logs/all_Lyapunov_test_dso-fn_d_all_z_01_log.txt
SpawnPoolWorker-1016| 2026-06-21 23:54:32,597,597 multiprocessing INFO See log at : ./logs/all_Lyapunov_test_dso-fn_d_all_z_01_log.txt
SpawnPoolWorker-1016| 2026-06-21 23:54:32,604,604 multiprocessing INFO child process calling self.run()
SpawnPoolWorker-1004| 2026-06-21 23:54:32,638,638 multiprocessing INFO STARTING NEW RUN ==========
SpawnPoolWorker-1004| 2026-06-21 23:54:32,639,639 multiprocessing INFO SEE LOG AT : ./logs/all_Lyapunov_test_dso-fn_d_all_z_01_log.txt
SpawnPoolWorker-1004| 2026-06-21 23:54:32,639,639 multiprocessing INFO See log at : ./logs/all_Lyapunov_test_dso-fn_d_all_z_01_log.txt
SpawnPoolWorker-1004| 2026-06-21 23:54:32,644,644 multiprocessing INFO child process calling self.run()
SpawnPoolWorker-1009| 2026-06-21 23:54:32,656,656 multiprocessing INFO STARTING NEW RUN ==========
SpawnPoolWorker-1009| 2026-06-21 23:54:32,656,656 multiprocessing INFO SEE LOG AT : ./logs/all_Lyapunov_test_dso-fn_d_all_z_01_log.txt
SpawnPoolWorker-1009| 2026-06-21 23:54:32,656,656 multiprocessing INFO See log at : ./logs/all_Lyapunov_test_dso-fn_d_all_z_01_log.txt
SpawnPoolWorker-1009| 2026-06-21 23:54:32,659,659 multiprocessing INFO child process calling self.run()
SpawnPoolWorker-999| 2026-06-21 23:54:32,777,777 multiprocessing INFO STARTING NEW RUN ==========
SpawnPoolWorker-999| 2026-06-21 23:54:32,777,777 multiprocessing INFO SEE LOG AT : ./logs/all_Lyapunov_test_dso-fn_d_all_z_01_log.txt
SpawnPoolWorker-999| 2026-06-21 23:54:32,777,777 multiprocessing INFO See log at : ./logs/all_Lyapunov_test_dso-fn_d_all_z_01_log.txt
SpawnPoolWorker-999| 2026-06-21 23:54:32,779,779 multiprocessing INFO child process calling self.run()
SpawnPoolWorker-1005| 2026-06-21 23:54:32,781,781 multiprocessing INFO STARTING NEW RUN ==========
SpawnPoolWorker-1005| 2026-06-21 23:54:32,781,781 multiprocessing INFO SEE LOG AT : ./logs/all_Lyapunov_test_dso-fn_d_all_z_01_log.txt
SpawnPoolWorker-1005| 2026-06-21 23:54:32,781,781 multiprocessing INFO See log at : ./logs/all_Lyapunov_test_dso-fn_d_all_z_01_log.txt
SpawnPoolWorker-1005| 2026-06-21 23:54:32,790,790 multiprocessing INFO child process calling self.run()
SpawnPoolWorker-1018| 2026-06-21 23:54:32,830,830 multiprocessing INFO STARTING NEW RUN ==========
SpawnPoolWorker-1018| 2026-06-21 23:54:32,830,830 multiprocessing INFO SEE LOG AT : ./logs/all_Lyapunov_test_dso-fn_d_all_z_01_log.txt
SpawnPoolWorker-1018| 2026-06-21 23:54:32,830,830 multiprocessing INFO See log at : ./logs/all_Lyapunov_test_dso-fn_d_all_z_01_log.txt
SpawnPoolWorker-1018| 2026-06-21 23:54:32,835,835 multiprocessing INFO child process calling self.run()
SpawnPoolWorker-1014| 2026-06-21 23:54:33,463,463 multiprocessing INFO STARTING NEW RUN ==========
SpawnPoolWorker-1014| 2026-06-21 23:54:33,463,463 multiprocessing INFO SEE LOG AT : ./logs/all_Lyapunov_test_dso-fn_d_all_z_01_log.txt
SpawnPoolWorker-1014| 2026-06-21 23:54:33,463,463 multiprocessing INFO See log at : ./logs/all_Lyapunov_test_dso-fn_d_all_z_01_log.txt
SpawnPoolWorker-1014| 2026-06-21 23:54:33,466,466 multiprocessing INFO child process calling self.run()
SpawnPoolWorker-1008| 2026-06-21 23:54:33,645,645 multiprocessing INFO STARTING NEW RUN ==========
SpawnPoolWorker-1008| 2026-06-21 23:54:33,645,645 multiprocessing INFO SEE LOG AT : ./logs/all_Lyapunov_test_dso-fn_d_all_z_01_log.txt
SpawnPoolWorker-1008| 2026-06-21 23:54:33,646,646 multiprocessing INFO See log at : ./logs/all_Lyapunov_test_dso-fn_d_all_z_01_log.txt
SpawnPoolWorker-1008| 2026-06-21 23:54:33,653,653 multiprocessing INFO child process calling self.run()
SpawnPoolWorker-1017| 2026-06-21 23:54:33,761,761 multiprocessing INFO STARTING NEW RUN ==========
SpawnPoolWorker-1017| 2026-06-21 23:54:33,762,762 multiprocessing INFO SEE LOG AT : ./logs/all_Lyapunov_test_dso-fn_d_all_z_01_log.txt
SpawnPoolWorker-1017| 2026-06-21 23:54:33,762,762 multiprocessing INFO See log at : ./logs/all_Lyapunov_test_dso-fn_d_all_z_01_log.txt
SpawnPoolWorker-1017| 2026-06-21 23:54:33,775,775 multiprocessing INFO child process calling self.run()
SpawnPoolWorker-1006| 2026-06-21 23:54:33,843,843 multiprocessing INFO STARTING NEW RUN ==========
SpawnPoolWorker-1006| 2026-06-21 23:54:33,843,843 multiprocessing INFO SEE LOG AT : ./logs/all_Lyapunov_test_dso-fn_d_all_z_01_log.txt
SpawnPoolWorker-1006| 2026-06-21 23:54:33,843,843 multiprocessing INFO See log at : ./logs/all_Lyapunov_test_dso-fn_d_all_z_01_log.txt
SpawnPoolWorker-1006| 2026-06-21 23:54:33,847,847 multiprocessing INFO child process calling self.run()
SpawnPoolWorker-1020| 2026-06-21 23:54:33,982,982 multiprocessing INFO STARTING NEW RUN ==========
SpawnPoolWorker-1020| 2026-06-21 23:54:33,982,982 multiprocessing INFO SEE LOG AT : ./logs/all_Lyapunov_test_dso-fn_d_all_z_01_log.txt
SpawnPoolWorker-1020| 2026-06-21 23:54:33,982,982 multiprocessing INFO See log at : ./logs/all_Lyapunov_test_dso-fn_d_all_z_01_log.txt
SpawnPoolWorker-1020| 2026-06-21 23:54:33,984,984 multiprocessing INFO child process calling self.run()
SpawnPoolWorker-1012| 2026-06-21 23:54:33,990,990 multiprocessing INFO STARTING NEW RUN ==========
SpawnPoolWorker-1012| 2026-06-21 23:54:33,990,990 multiprocessing INFO SEE LOG AT : ./logs/all_Lyapunov_test_dso-fn_d_all_z_01_log.txt
SpawnPoolWorker-1012| 2026-06-21 23:54:33,990,990 multiprocessing INFO See log at : ./logs/all_Lyapunov_test_dso-fn_d_all_z_01_log.txt
SpawnPoolWorker-1012| 2026-06-21 23:54:33,992,992 multiprocessing INFO child process calling self.run()
SpawnPoolWorker-1018| 2026-06-21 23:54:34,447,447 multiprocessing INFO process shutting down
SpawnPoolWorker-1018| 2026-06-21 23:54:34,447,447 multiprocessing INFO process exiting with exitcode 0
SpawnPoolWorker-997| 2026-06-21 23:54:34,447,447 multiprocessing INFO process shutting down
SpawnPoolWorker-997| 2026-06-21 23:54:34,447,447 multiprocessing INFO process exiting with exitcode 0
SpawnPoolWorker-1007| 2026-06-21 23:54:34,447,447 multiprocessing INFO process shutting down
SpawnPoolWorker-1014| 2026-06-21 23:54:34,447,447 multiprocessing INFO process shutting down
SpawnPoolWorker-1002| 2026-06-21 23:54:34,447,447 multiprocessing INFO process shutting down
SpawnPoolWorker-1008| 2026-06-21 23:54:34,448,448 multiprocessing INFO process shutting down
SpawnPoolWorker-1011| 2026-06-21 23:54:34,448,448 multiprocessing INFO process shutting down
SpawnPoolWorker-1017| 2026-06-21 23:54:34,448,448 multiprocessing INFO process shutting down
SpawnPoolWorker-1006| 2026-06-21 23:54:34,448,448 multiprocessing INFO process shutting down
SpawnPoolWorker-1019| 2026-06-21 23:54:34,448,448 multiprocessing INFO process shutting down
SpawnPoolWorker-1005| 2026-06-21 23:54:34,448,448 multiprocessing INFO process shutting down
SpawnPoolWorker-1020| 2026-06-21 23:54:34,448,448 multiprocessing INFO process shutting down
SpawnPoolWorker-999| 2026-06-21 23:54:34,448,448 multiprocessing INFO process shutting down
SpawnPoolWorker-1001| 2026-06-21 23:54:34,448,448 multiprocessing INFO process shutting down
SpawnPoolWorker-1012| 2026-06-21 23:54:34,448,448 multiprocessing INFO process shutting down
SpawnPoolWorker-1007| 2026-06-21 23:54:34,449,449 multiprocessing INFO process exiting with exitcode 0
SpawnPoolWorker-1010| 2026-06-21 23:54:34,449,449 multiprocessing INFO process shutting down
SpawnPoolWorker-998| 2026-06-21 23:54:34,448,448 multiprocessing INFO process shutting down
SpawnPoolWorker-1000| 2026-06-21 23:54:34,448,448 multiprocessing INFO process shutting down
SpawnPoolWorker-1004| 2026-06-21 23:54:34,449,449 multiprocessing INFO process shutting down
SpawnPoolWorker-1013| 2026-06-21 23:54:34,449,449 multiprocessing INFO process shutting down
SpawnPoolWorker-1003| 2026-06-21 23:54:34,449,449 multiprocessing INFO process shutting down
28
(50000, 6)
(50000,)
(50000, 6)
(50000,)

=======================Successfully Added (25000, 6) Counter Examples=======================


============None of the candidates fulfill the conditions. Training CONTINUES!=================

MainProcess| 2026-06-21 23:54:35,733,733 multiprocessing INFO 
============None of the candidates fulfill the conditions. Training CONTINUES!=================


============None of the candidates fulfill the conditions. Training CONTINUES!=================

(55, 108)
/users/9/chen8596/miniconda3/envs/alfd/lib/python3.9/site-packages/torch/nn/functional.py:4999: UserWarning: Support for mismatched key_padding_mask and attn_mask is deprecated. Use same type for both instead.
  warnings.warn(

==============Start Supervised Learning==============

MainProcess| 2026-06-21 23:54:39,921,921 multiprocessing INFO GP output mean: 0.3964290497486164
GP output mean: 0.3964290497486164
MainProcess| 2026-06-21 23:54:40,481,481 multiprocessing INFO GP output success rate: 0.0
GP output success rate: 0.0

==============End Supervised Learning==============

MainProcess| 2026-06-21 23:54:42,165,165 multiprocessing INFO [Test epoch=0030]  nevals=413198 	| train_loss=2067.76489 	| eqs_invalid %=0.18 	| r_best=0.98918 	| quantile=0.12074 	| r_quantile_mean=0.47106 	| r_raw_sum=26.01972 	|  r_raw_mean=0.41967 	| r2=nan 	| acc_iid=0.00000 	| acc_ood=0.00000 	| nmse_test=0.019462865729190225 	| true_equation_set_count=0 	| s/it=84.56198
[Test epoch=0030]  nevals=413198 	| train_loss=2067.76489 	| eqs_invalid %=0.18 	| r_best=0.98918 	| quantile=0.12074 	| r_quantile_mean=0.47106 	| r_raw_sum=26.01972 	|  r_raw_mean=0.41967 	| r2=nan 	| acc_iid=0.00000 	| acc_ood=0.00000 	| nmse_test=0.019462865729190225 	| true_equation_set_count=0 	| s/it=84.56198
MainProcess| 2026-06-21 23:54:42,165,165 multiprocessing INFO [00:01:02:22.24] Training epoch 30/4000, current best R: 0.9892
[00:01:02:22.24] Training epoch 30/4000, current best R: 0.9892
MainProcess| 2026-06-21 23:55:13,274,274 multiprocessing INFO Genetic Porgramming Runtime 30.310041326098144
Genetic Porgramming Runtime 30.310041326098144

=========================PGD Collection Starts=========================

SpawnPoolWorker-1021| 2026-06-21 23:55:20,014,14 multiprocessing INFO STARTING NEW RUN ==========
SpawnPoolWorker-1021| 2026-06-21 23:55:20,014,14 multiprocessing INFO SEE LOG AT : ./logs/all_Lyapunov_test_dso-fn_d_all_z_01_log.txt
SpawnPoolWorker-1021| 2026-06-21 23:55:20,014,14 multiprocessing INFO See log at : ./logs/all_Lyapunov_test_dso-fn_d_all_z_01_log.txt
SpawnPoolWorker-1021| 2026-06-21 23:55:20,018,18 multiprocessing INFO child process calling self.run()
SpawnPoolWorker-1024| 2026-06-21 23:55:20,328,328 multiprocessing INFO STARTING NEW RUN ==========
SpawnPoolWorker-1024| 2026-06-21 23:55:20,328,328 multiprocessing INFO SEE LOG AT : ./logs/all_Lyapunov_test_dso-fn_d_all_z_01_log.txt
SpawnPoolWorker-1024| 2026-06-21 23:55:20,328,328 multiprocessing INFO See log at : ./logs/all_Lyapunov_test_dso-fn_d_all_z_01_log.txt
SpawnPoolWorker-1024| 2026-06-21 23:55:20,330,330 multiprocessing INFO child process calling self.run()
SpawnPoolWorker-1025| 2026-06-21 23:55:20,337,337 multiprocessing INFO STARTING NEW RUN ==========
SpawnPoolWorker-1025| 2026-06-21 23:55:20,337,337 multiprocessing INFO SEE LOG AT : ./logs/all_Lyapunov_test_dso-fn_d_all_z_01_log.txt
SpawnPoolWorker-1025| 2026-06-21 23:55:20,337,337 multiprocessing INFO See log at : ./logs/all_Lyapunov_test_dso-fn_d_all_z_01_log.txt
SpawnPoolWorker-1025| 2026-06-21 23:55:20,340,340 multiprocessing INFO child process calling self.run()
SpawnPoolWorker-1022| 2026-06-21 23:55:20,359,359 multiprocessing INFO STARTING NEW RUN ==========
SpawnPoolWorker-1022| 2026-06-21 23:55:20,359,359 multiprocessing INFO SEE LOG AT : ./logs/all_Lyapunov_test_dso-fn_d_all_z_01_log.txt
SpawnPoolWorker-1022| 2026-06-21 23:55:20,359,359 multiprocessing INFO See log at : ./logs/all_Lyapunov_test_dso-fn_d_all_z_01_log.txt
SpawnPoolWorker-1022| 2026-06-21 23:55:20,361,361 multiprocessing INFO child process calling self.run()
SpawnPoolWorker-1030| 2026-06-21 23:55:20,402,402 multiprocessing INFO STARTING NEW RUN ==========
SpawnPoolWorker-1030| 2026-06-21 23:55:20,402,402 multiprocessing INFO SEE LOG AT : ./logs/all_Lyapunov_test_dso-fn_d_all_z_01_log.txt
SpawnPoolWorker-1030| 2026-06-21 23:55:20,402,402 multiprocessing INFO See log at : ./logs/all_Lyapunov_test_dso-fn_d_all_z_01_log.txt
SpawnPoolWorker-1030| 2026-06-21 23:55:20,404,404 multiprocessing INFO child process calling self.run()
SpawnPoolWorker-1026| 2026-06-21 23:55:20,547,547 multiprocessing INFO STARTING NEW RUN ==========
SpawnPoolWorker-1026| 2026-06-21 23:55:20,547,547 multiprocessing INFO SEE LOG AT : ./logs/all_Lyapunov_test_dso-fn_d_all_z_01_log.txt
SpawnPoolWorker-1026| 2026-06-21 23:55:20,547,547 multiprocessing INFO See log at : ./logs/all_Lyapunov_test_dso-fn_d_all_z_01_log.txt
SpawnPoolWorker-1026| 2026-06-21 23:55:20,548,548 multiprocessing INFO child process calling self.run()
SpawnPoolWorker-1028| 2026-06-21 23:55:20,595,595 multiprocessing INFO STARTING NEW RUN ==========
SpawnPoolWorker-1028| 2026-06-21 23:55:20,596,596 multiprocessing INFO SEE LOG AT : ./logs/all_Lyapunov_test_dso-fn_d_all_z_01_log.txt
SpawnPoolWorker-1028| 2026-06-21 23:55:20,596,596 multiprocessing INFO See log at : ./logs/all_Lyapunov_test_dso-fn_d_all_z_01_log.txt
SpawnPoolWorker-1028| 2026-06-21 23:55:20,597,597 multiprocessing INFO child process calling self.run()
SpawnPoolWorker-1023| 2026-06-21 23:55:20,620,620 multiprocessing INFO STARTING NEW RUN ==========
SpawnPoolWorker-1023| 2026-06-21 23:55:20,620,620 multiprocessing INFO SEE LOG AT : ./logs/all_Lyapunov_test_dso-fn_d_all_z_01_log.txt
SpawnPoolWorker-1023| 2026-06-21 23:55:20,620,620 multiprocessing INFO See log at : ./logs/all_Lyapunov_test_dso-fn_d_all_z_01_log.txt
SpawnPoolWorker-1023| 2026-06-21 23:55:20,622,622 multiprocessing INFO child process calling self.run()
SpawnPoolWorker-1029| 2026-06-21 23:55:20,761,761 multiprocessing INFO STARTING NEW RUN ==========
SpawnPoolWorker-1029| 2026-06-21 23:55:20,761,761 multiprocessing INFO SEE LOG AT : ./logs/all_Lyapunov_test_dso-fn_d_all_z_01_log.txt
SpawnPoolWorker-1029| 2026-06-21 23:55:20,761,761 multiprocessing INFO See log at : ./logs/all_Lyapunov_test_dso-fn_d_all_z_01_log.txt
SpawnPoolWorker-1029| 2026-06-21 23:55:20,763,763 multiprocessing INFO child process calling self.run()
SpawnPoolWorker-1027| 2026-06-21 23:55:20,765,765 multiprocessing INFO STARTING NEW RUN ==========
SpawnPoolWorker-1027| 2026-06-21 23:55:20,766,766 multiprocessing INFO SEE LOG AT : ./logs/all_Lyapunov_test_dso-fn_d_all_z_01_log.txt
SpawnPoolWorker-1027| 2026-06-21 23:55:20,766,766 multiprocessing INFO See log at : ./logs/all_Lyapunov_test_dso-fn_d_all_z_01_log.txt
SpawnPoolWorker-1027| 2026-06-21 23:55:20,767,767 multiprocessing INFO child process calling self.run()
SpawnPoolWorker-1025| 2026-06-21 23:56:07,337,337 multiprocessing INFO process shutting down
SpawnPoolWorker-1027| 2026-06-21 23:56:07,338,338 multiprocessing INFO process shutting down
SpawnPoolWorker-1029| 2026-06-21 23:56:07,338,338 multiprocessing INFO process shutting down
SpawnPoolWorker-1025| 2026-06-21 23:56:07,338,338 multiprocessing INFO process exiting with exitcode 0
SpawnPoolWorker-1030| 2026-06-21 23:56:07,338,338 multiprocessing INFO process shutting down
SpawnPoolWorker-1027| 2026-06-21 23:56:07,338,338 multiprocessing INFO process exiting with exitcode 0
SpawnPoolWorker-1029| 2026-06-21 23:56:07,338,338 multiprocessing INFO process exiting with exitcode 0
SpawnPoolWorker-1030| 2026-06-21 23:56:07,338,338 multiprocessing INFO process exiting with exitcode 0
SpawnPoolWorker-1028| 2026-06-21 23:56:07,339,339 multiprocessing INFO process shutting down
SpawnPoolWorker-1022| 2026-06-21 23:56:07,339,339 multiprocessing INFO process shutting down
SpawnPoolWorker-1026| 2026-06-21 23:56:07,339,339 multiprocessing INFO process shutting down
(10000,)

===================Collect 10000 Examples===================

Epsilon 0.1
500
(550,)
(550,)
(57,)
Number of Programs for Minimization: 45
SpawnPoolWorker-1038| 2026-06-21 23:56:38,384,384 multiprocessing INFO STARTING NEW RUN ==========
SpawnPoolWorker-1038| 2026-06-21 23:56:38,385,385 multiprocessing INFO SEE LOG AT : ./logs/all_Lyapunov_test_dso-fn_d_all_z_01_log.txt
SpawnPoolWorker-1038| 2026-06-21 23:56:38,385,385 multiprocessing INFO See log at : ./logs/all_Lyapunov_test_dso-fn_d_all_z_01_log.txt
SpawnPoolWorker-1038| 2026-06-21 23:56:38,392,392 multiprocessing INFO child process calling self.run()
SpawnPoolWorker-1031| 2026-06-21 23:56:38,512,512 multiprocessing INFO STARTING NEW RUN ==========
SpawnPoolWorker-1031| 2026-06-21 23:56:38,512,512 multiprocessing INFO SEE LOG AT : ./logs/all_Lyapunov_test_dso-fn_d_all_z_01_log.txt
SpawnPoolWorker-1031| 2026-06-21 23:56:38,512,512 multiprocessing INFO See log at : ./logs/all_Lyapunov_test_dso-fn_d_all_z_01_log.txt
SpawnPoolWorker-1031| 2026-06-21 23:56:38,514,514 multiprocessing INFO child process calling self.run()
SpawnPoolWorker-1034| 2026-06-21 23:56:38,579,579 multiprocessing INFO STARTING NEW RUN ==========
SpawnPoolWorker-1034| 2026-06-21 23:56:38,579,579 multiprocessing INFO SEE LOG AT : ./logs/all_Lyapunov_test_dso-fn_d_all_z_01_log.txt
SpawnPoolWorker-1034| 2026-06-21 23:56:38,579,579 multiprocessing INFO See log at : ./logs/all_Lyapunov_test_dso-fn_d_all_z_01_log.txt
SpawnPoolWorker-1034| 2026-06-21 23:56:38,582,582 multiprocessing INFO child process calling self.run()
SpawnPoolWorker-1036| 2026-06-21 23:56:38,907,907 multiprocessing INFO STARTING NEW RUN ==========
SpawnPoolWorker-1036| 2026-06-21 23:56:38,907,907 multiprocessing INFO SEE LOG AT : ./logs/all_Lyapunov_test_dso-fn_d_all_z_01_log.txt
SpawnPoolWorker-1036| 2026-06-21 23:56:38,907,907 multiprocessing INFO See log at : ./logs/all_Lyapunov_test_dso-fn_d_all_z_01_log.txt
SpawnPoolWorker-1036| 2026-06-21 23:56:38,915,915 multiprocessing INFO child process calling self.run()
SpawnPoolWorker-1035| 2026-06-21 23:56:38,941,941 multiprocessing INFO STARTING NEW RUN ==========
SpawnPoolWorker-1035| 2026-06-21 23:56:38,941,941 multiprocessing INFO SEE LOG AT : ./logs/all_Lyapunov_test_dso-fn_d_all_z_01_log.txt
SpawnPoolWorker-1035| 2026-06-21 23:56:38,941,941 multiprocessing INFO See log at : ./logs/all_Lyapunov_test_dso-fn_d_all_z_01_log.txt
SpawnPoolWorker-1035| 2026-06-21 23:56:38,950,950 multiprocessing INFO child process calling self.run()
SpawnPoolWorker-1033| 2026-06-21 23:56:38,969,969 multiprocessing INFO STARTING NEW RUN ==========
SpawnPoolWorker-1033| 2026-06-21 23:56:38,969,969 multiprocessing INFO SEE LOG AT : ./logs/all_Lyapunov_test_dso-fn_d_all_z_01_log.txt
SpawnPoolWorker-1033| 2026-06-21 23:56:38,970,970 multiprocessing INFO See log at : ./logs/all_Lyapunov_test_dso-fn_d_all_z_01_log.txt
SpawnPoolWorker-1033| 2026-06-21 23:56:38,979,979 multiprocessing INFO child process calling self.run()
SpawnPoolWorker-1040| 2026-06-21 23:56:39,146,146 multiprocessing INFO STARTING NEW RUN ==========
SpawnPoolWorker-1040| 2026-06-21 23:56:39,146,146 multiprocessing INFO SEE LOG AT : ./logs/all_Lyapunov_test_dso-fn_d_all_z_01_log.txt
SpawnPoolWorker-1040| 2026-06-21 23:56:39,146,146 multiprocessing INFO See log at : ./logs/all_Lyapunov_test_dso-fn_d_all_z_01_log.txt
SpawnPoolWorker-1040| 2026-06-21 23:56:39,154,154 multiprocessing INFO child process calling self.run()
SpawnPoolWorker-1041| 2026-06-21 23:56:39,224,224 multiprocessing INFO STARTING NEW RUN ==========
SpawnPoolWorker-1041| 2026-06-21 23:56:39,224,224 multiprocessing INFO SEE LOG AT : ./logs/all_Lyapunov_test_dso-fn_d_all_z_01_log.txt
SpawnPoolWorker-1041| 2026-06-21 23:56:39,224,224 multiprocessing INFO See log at : ./logs/all_Lyapunov_test_dso-fn_d_all_z_01_log.txt
SpawnPoolWorker-1041| 2026-06-21 23:56:39,228,228 multiprocessing INFO child process calling self.run()
SpawnPoolWorker-1037| 2026-06-21 23:56:39,353,353 multiprocessing INFO STARTING NEW RUN ==========
SpawnPoolWorker-1037| 2026-06-21 23:56:39,353,353 multiprocessing INFO SEE LOG AT : ./logs/all_Lyapunov_test_dso-fn_d_all_z_01_log.txt
SpawnPoolWorker-1037| 2026-06-21 23:56:39,353,353 multiprocessing INFO See log at : ./logs/all_Lyapunov_test_dso-fn_d_all_z_01_log.txt
SpawnPoolWorker-1037| 2026-06-21 23:56:39,363,363 multiprocessing INFO child process calling self.run()
SpawnPoolWorker-1042| 2026-06-21 23:56:39,569,569 multiprocessing INFO STARTING NEW RUN ==========
SpawnPoolWorker-1042| 2026-06-21 23:56:39,569,569 multiprocessing INFO SEE LOG AT : ./logs/all_Lyapunov_test_dso-fn_d_all_z_01_log.txt
SpawnPoolWorker-1042| 2026-06-21 23:56:39,569,569 multiprocessing INFO See log at : ./logs/all_Lyapunov_test_dso-fn_d_all_z_01_log.txt
SpawnPoolWorker-1042| 2026-06-21 23:56:39,572,572 multiprocessing INFO child process calling self.run()
SpawnPoolWorker-1032| 2026-06-21 23:56:39,842,842 multiprocessing INFO STARTING NEW RUN ==========
SpawnPoolWorker-1032| 2026-06-21 23:56:39,842,842 multiprocessing INFO SEE LOG AT : ./logs/all_Lyapunov_test_dso-fn_d_all_z_01_log.txt
SpawnPoolWorker-1032| 2026-06-21 23:56:39,842,842 multiprocessing INFO See log at : ./logs/all_Lyapunov_test_dso-fn_d_all_z_01_log.txt
SpawnPoolWorker-1032| 2026-06-21 23:56:39,853,853 multiprocessing INFO child process calling self.run()
SpawnPoolWorker-1039| 2026-06-21 23:56:39,886,886 multiprocessing INFO STARTING NEW RUN ==========
SpawnPoolWorker-1039| 2026-06-21 23:56:39,886,886 multiprocessing INFO SEE LOG AT : ./logs/all_Lyapunov_test_dso-fn_d_all_z_01_log.txt
SpawnPoolWorker-1039| 2026-06-21 23:56:39,886,886 multiprocessing INFO See log at : ./logs/all_Lyapunov_test_dso-fn_d_all_z_01_log.txt
SpawnPoolWorker-1039| 2026-06-21 23:56:39,894,894 multiprocessing INFO child process calling self.run()
SpawnPoolWorker-1044| 2026-06-21 23:56:40,204,204 multiprocessing INFO STARTING NEW RUN ==========
SpawnPoolWorker-1044| 2026-06-21 23:56:40,204,204 multiprocessing INFO SEE LOG AT : ./logs/all_Lyapunov_test_dso-fn_d_all_z_01_log.txt
SpawnPoolWorker-1044| 2026-06-21 23:56:40,204,204 multiprocessing INFO See log at : ./logs/all_Lyapunov_test_dso-fn_d_all_z_01_log.txt
SpawnPoolWorker-1044| 2026-06-21 23:56:40,212,212 multiprocessing INFO child process calling self.run()
SpawnPoolWorker-1043| 2026-06-21 23:56:40,311,311 multiprocessing INFO STARTING NEW RUN ==========
SpawnPoolWorker-1043| 2026-06-21 23:56:40,311,311 multiprocessing INFO SEE LOG AT : ./logs/all_Lyapunov_test_dso-fn_d_all_z_01_log.txt
SpawnPoolWorker-1043| 2026-06-21 23:56:40,311,311 multiprocessing INFO See log at : ./logs/all_Lyapunov_test_dso-fn_d_all_z_01_log.txt
SpawnPoolWorker-1043| 2026-06-21 23:56:40,313,313 multiprocessing INFO child process calling self.run()
SpawnPoolWorker-1053| 2026-06-21 23:56:40,845,845 multiprocessing INFO STARTING NEW RUN ==========
SpawnPoolWorker-1053| 2026-06-21 23:56:40,845,845 multiprocessing INFO SEE LOG AT : ./logs/all_Lyapunov_test_dso-fn_d_all_z_01_log.txt
SpawnPoolWorker-1053| 2026-06-21 23:56:40,845,845 multiprocessing INFO See log at : ./logs/all_Lyapunov_test_dso-fn_d_all_z_01_log.txt
SpawnPoolWorker-1053| 2026-06-21 23:56:40,850,850 multiprocessing INFO child process calling self.run()
SpawnPoolWorker-1047| 2026-06-21 23:56:40,871,871 multiprocessing INFO STARTING NEW RUN ==========
SpawnPoolWorker-1047| 2026-06-21 23:56:40,871,871 multiprocessing INFO SEE LOG AT : ./logs/all_Lyapunov_test_dso-fn_d_all_z_01_log.txt
SpawnPoolWorker-1047| 2026-06-21 23:56:40,871,871 multiprocessing INFO See log at : ./logs/all_Lyapunov_test_dso-fn_d_all_z_01_log.txt
SpawnPoolWorker-1047| 2026-06-21 23:56:40,879,879 multiprocessing INFO child process calling self.run()
SpawnPoolWorker-1049| 2026-06-21 23:56:40,955,955 multiprocessing INFO STARTING NEW RUN ==========
SpawnPoolWorker-1049| 2026-06-21 23:56:40,955,955 multiprocessing INFO SEE LOG AT : ./logs/all_Lyapunov_test_dso-fn_d_all_z_01_log.txt
SpawnPoolWorker-1049| 2026-06-21 23:56:40,955,955 multiprocessing INFO See log at : ./logs/all_Lyapunov_test_dso-fn_d_all_z_01_log.txt
SpawnPoolWorker-1049| 2026-06-21 23:56:40,970,970 multiprocessing INFO child process calling self.run()
SpawnPoolWorker-1046| 2026-06-21 23:56:40,994,994 multiprocessing INFO STARTING NEW RUN ==========
SpawnPoolWorker-1046| 2026-06-21 23:56:40,994,994 multiprocessing INFO SEE LOG AT : ./logs/all_Lyapunov_test_dso-fn_d_all_z_01_log.txt
SpawnPoolWorker-1046| 2026-06-21 23:56:40,994,994 multiprocessing INFO See log at : ./logs/all_Lyapunov_test_dso-fn_d_all_z_01_log.txt
SpawnPoolWorker-1046| 2026-06-21 23:56:41,003,3 multiprocessing INFO child process calling self.run()
SpawnPoolWorker-1048| 2026-06-21 23:56:41,046,46 multiprocessing INFO STARTING NEW RUN ==========
SpawnPoolWorker-1048| 2026-06-21 23:56:41,046,46 multiprocessing INFO SEE LOG AT : ./logs/all_Lyapunov_test_dso-fn_d_all_z_01_log.txt
SpawnPoolWorker-1048| 2026-06-21 23:56:41,046,46 multiprocessing INFO See log at : ./logs/all_Lyapunov_test_dso-fn_d_all_z_01_log.txt
SpawnPoolWorker-1048| 2026-06-21 23:56:41,052,52 multiprocessing INFO child process calling self.run()
SpawnPoolWorker-1054| 2026-06-21 23:56:41,301,301 multiprocessing INFO STARTING NEW RUN ==========
SpawnPoolWorker-1054| 2026-06-21 23:56:41,301,301 multiprocessing INFO SEE LOG AT : ./logs/all_Lyapunov_test_dso-fn_d_all_z_01_log.txt
SpawnPoolWorker-1054| 2026-06-21 23:56:41,301,301 multiprocessing INFO See log at : ./logs/all_Lyapunov_test_dso-fn_d_all_z_01_log.txt
SpawnPoolWorker-1054| 2026-06-21 23:56:41,307,307 multiprocessing INFO child process calling self.run()
SpawnPoolWorker-1050| 2026-06-21 23:56:41,384,384 multiprocessing INFO STARTING NEW RUN ==========
SpawnPoolWorker-1050| 2026-06-21 23:56:41,384,384 multiprocessing INFO SEE LOG AT : ./logs/all_Lyapunov_test_dso-fn_d_all_z_01_log.txt
SpawnPoolWorker-1050| 2026-06-21 23:56:41,384,384 multiprocessing INFO See log at : ./logs/all_Lyapunov_test_dso-fn_d_all_z_01_log.txt
SpawnPoolWorker-1050| 2026-06-21 23:56:41,391,391 multiprocessing INFO child process calling self.run()
SpawnPoolWorker-1045| 2026-06-21 23:56:41,546,546 multiprocessing INFO STARTING NEW RUN ==========
SpawnPoolWorker-1045| 2026-06-21 23:56:41,546,546 multiprocessing INFO SEE LOG AT : ./logs/all_Lyapunov_test_dso-fn_d_all_z_01_log.txt
SpawnPoolWorker-1045| 2026-06-21 23:56:41,547,547 multiprocessing INFO See log at : ./logs/all_Lyapunov_test_dso-fn_d_all_z_01_log.txt
SpawnPoolWorker-1045| 2026-06-21 23:56:41,556,556 multiprocessing INFO child process calling self.run()
SpawnPoolWorker-1051| 2026-06-21 23:56:41,715,715 multiprocessing INFO STARTING NEW RUN ==========
SpawnPoolWorker-1051| 2026-06-21 23:56:41,716,716 multiprocessing INFO SEE LOG AT : ./logs/all_Lyapunov_test_dso-fn_d_all_z_01_log.txt
SpawnPoolWorker-1051| 2026-06-21 23:56:41,716,716 multiprocessing INFO See log at : ./logs/all_Lyapunov_test_dso-fn_d_all_z_01_log.txt
SpawnPoolWorker-1051| 2026-06-21 23:56:41,722,722 multiprocessing INFO child process calling self.run()
SpawnPoolWorker-1052| 2026-06-21 23:56:42,613,613 multiprocessing INFO STARTING NEW RUN ==========
SpawnPoolWorker-1052| 2026-06-21 23:56:42,613,613 multiprocessing INFO SEE LOG AT : ./logs/all_Lyapunov_test_dso-fn_d_all_z_01_log.txt
SpawnPoolWorker-1052| 2026-06-21 23:56:42,613,613 multiprocessing INFO See log at : ./logs/all_Lyapunov_test_dso-fn_d_all_z_01_log.txt
SpawnPoolWorker-1052| 2026-06-21 23:56:42,619,619 multiprocessing INFO child process calling self.run()
SpawnPoolWorker-1032| 2026-06-21 23:56:47,067,67 multiprocessing INFO process shutting down
SpawnPoolWorker-1045| 2026-06-21 23:56:47,067,67 multiprocessing INFO process shutting down
SpawnPoolWorker-1052| 2026-06-21 23:56:47,067,67 multiprocessing INFO process shutting down
SpawnPoolWorker-1045| 2026-06-21 23:56:47,067,67 multiprocessing INFO process exiting with exitcode 0
SpawnPoolWorker-1032| 2026-06-21 23:56:47,067,67 multiprocessing INFO process exiting with exitcode 0
SpawnPoolWorker-1052| 2026-06-21 23:56:47,067,67 multiprocessing INFO process exiting with exitcode 0
SpawnPoolWorker-1031| 2026-06-21 23:56:47,068,68 multiprocessing INFO process shutting down
SpawnPoolWorker-1039| 2026-06-21 23:56:47,068,68 multiprocessing INFO process shutting down
SpawnPoolWorker-1035| 2026-06-21 23:56:47,068,68 multiprocessing INFO process shutting down
SpawnPoolWorker-1033| 2026-06-21 23:56:47,068,68 multiprocessing INFO process shutting down
SpawnPoolWorker-1054| 2026-06-21 23:56:47,069,69 multiprocessing INFO process shutting down
SpawnPoolWorker-1050| 2026-06-21 23:56:47,069,69 multiprocessing INFO process shutting down
SpawnPoolWorker-1038| 2026-06-21 23:56:47,069,69 multiprocessing INFO process shutting down
SpawnPoolWorker-1048| 2026-06-21 23:56:47,069,69 multiprocessing INFO process shutting down
SpawnPoolWorker-1034| 2026-06-21 23:56:47,069,69 multiprocessing INFO process shutting down
SpawnPoolWorker-1041| 2026-06-21 23:56:47,069,69 multiprocessing INFO process shutting down
SpawnPoolWorker-1046| 2026-06-21 23:56:47,070,70 multiprocessing INFO process shutting down
SpawnPoolWorker-1044| 2026-06-21 23:56:47,070,70 multiprocessing INFO process shutting down
SpawnPoolWorker-1053| 2026-06-21 23:56:47,070,70 multiprocessing INFO process shutting down
SpawnPoolWorker-1031| 2026-06-21 23:56:47,071,71 multiprocessing INFO process exiting with exitcode 0
SpawnPoolWorker-1039| 2026-06-21 23:56:47,071,71 multiprocessing INFO process exiting with exitcode 0
SpawnPoolWorker-1035| 2026-06-21 23:56:47,075,75 multiprocessing INFO process exiting with exitcode 0
SpawnPoolWorker-1033| 2026-06-21 23:56:47,078,78 multiprocessing INFO process exiting with exitcode 0
SpawnPoolWorker-1036| 2026-06-21 23:56:47,082,82 multiprocessing INFO process shutting down
SpawnPoolWorker-1050| 2026-06-21 23:56:47,083,83 multiprocessing INFO process exiting with exitcode 0
SpawnPoolWorker-1054| 2026-06-21 23:56:47,083,83 multiprocessing INFO process exiting with exitcode 0
SpawnPoolWorker-1049| 2026-06-21 23:56:47,083,83 multiprocessing INFO process shutting down
SpawnPoolWorker-1040| 2026-06-21 23:56:47,083,83 multiprocessing INFO process shutting down
SpawnPoolWorker-1043| 2026-06-21 23:56:47,083,83 multiprocessing INFO process shutting down
SpawnPoolWorker-1038| 2026-06-21 23:56:47,092,92 multiprocessing INFO process exiting with exitcode 0
SpawnPoolWorker-1048| 2026-06-21 23:56:47,096,96 multiprocessing INFO process exiting with exitcode 0
SpawnPoolWorker-1041| 2026-06-21 23:56:47,099,99 multiprocessing INFO process exiting with exitcode 0
SpawnPoolWorker-1034| 2026-06-21 23:56:47,099,99 multiprocessing INFO process exiting with exitcode 0
SpawnPoolWorker-1046| 2026-06-21 23:56:47,105,105 multiprocessing INFO process exiting with exitcode 0
SpawnPoolWorker-1044| 2026-06-21 23:56:47,113,113 multiprocessing INFO process exiting with exitcode 0
SpawnPoolWorker-1036| 2026-06-21 23:56:47,119,119 multiprocessing INFO process exiting with exitcode 0
SpawnPoolWorker-1053| 2026-06-21 23:56:47,119,119 multiprocessing INFO process exiting with exitcode 0
SpawnPoolWorker-1049| 2026-06-21 23:56:47,131,131 multiprocessing INFO process exiting with exitcode 0
SpawnPoolWorker-1042| 2026-06-21 23:56:47,136,136 multiprocessing INFO process shutting down
SpawnPoolWorker-1040| 2026-06-21 23:56:47,141,141 multiprocessing INFO process exiting with exitcode 0
SpawnPoolWorker-1042| 2026-06-21 23:56:47,149,149 multiprocessing INFO process exiting with exitcode 0
SpawnPoolWorker-1043| 2026-06-21 23:56:47,149,149 multiprocessing INFO process exiting with exitcode 0
SpawnPoolWorker-1037| 2026-06-21 23:56:47,197,197 multiprocessing INFO process shutting down
SpawnPoolWorker-1047| 2026-06-21 23:56:47,197,197 multiprocessing INFO process shutting down
SpawnPoolWorker-1037| 2026-06-21 23:56:47,197,197 multiprocessing INFO process exiting with exitcode 0
SpawnPoolWorker-1051| 2026-06-21 23:56:47,197,197 multiprocessing INFO process shutting down
SpawnPoolWorker-1047| 2026-06-21 23:56:47,197,197 multiprocessing INFO process exiting with exitcode 0
SpawnPoolWorker-1051| 2026-06-21 23:56:47,197,197 multiprocessing INFO process exiting with exitcode 0
45
(50000, 6)
(50000,)
(50000, 6)
(50000,)

=======================Successfully Added (25000, 6) Counter Examples=======================


============None of the candidates fulfill the conditions. Training CONTINUES!=================

MainProcess| 2026-06-21 23:56:48,164,164 multiprocessing INFO 
============None of the candidates fulfill the conditions. Training CONTINUES!=================


============None of the candidates fulfill the conditions. Training CONTINUES!=================

(57, 108)
/users/9/chen8596/miniconda3/envs/alfd/lib/python3.9/site-packages/torch/nn/functional.py:4999: UserWarning: Support for mismatched key_padding_mask and attn_mask is deprecated. Use same type for both instead.
  warnings.warn(

==============Start Supervised Learning==============

MainProcess| 2026-06-21 23:56:52,172,172 multiprocessing INFO GP output mean: 0.5444523189835765
GP output mean: 0.5444523189835765
MainProcess| 2026-06-21 23:56:52,687,687 multiprocessing INFO GP output success rate: 0.0
GP output success rate: 0.0

==============End Supervised Learning==============

MainProcess| 2026-06-21 23:56:54,875,875 multiprocessing INFO [Test epoch=0031]  nevals=427129 	| train_loss=8765.07520 	| eqs_invalid %=0.00 	| r_best=0.98918 	| quantile=0.58603 	| r_quantile_mean=0.63267 	| r_raw_sum=56.53154 	|  r_raw_mean=0.29444 	| r2=nan 	| acc_iid=0.00000 	| acc_ood=0.00000 	| nmse_test=0.019462865729190225 	| true_equation_set_count=0 	| s/it=132.70954
[Test epoch=0031]  nevals=427129 	| train_loss=8765.07520 	| eqs_invalid %=0.00 	| r_best=0.98918 	| quantile=0.58603 	| r_quantile_mean=0.63267 	| r_raw_sum=56.53154 	|  r_raw_mean=0.29444 	| r2=nan 	| acc_iid=0.00000 	| acc_ood=0.00000 	| nmse_test=0.019462865729190225 	| true_equation_set_count=0 	| s/it=132.70954
MainProcess| 2026-06-21 23:57:58,410,410 multiprocessing INFO Genetic Porgramming Runtime 62.609554855152965
Genetic Porgramming Runtime 62.609554855152965

=========================PGD Collection Starts=========================

SpawnPoolWorker-1058| 2026-06-21 23:58:03,864,864 multiprocessing INFO STARTING NEW RUN ==========
SpawnPoolWorker-1058| 2026-06-21 23:58:03,864,864 multiprocessing INFO SEE LOG AT : ./logs/all_Lyapunov_test_dso-fn_d_all_z_01_log.txt
SpawnPoolWorker-1058| 2026-06-21 23:58:03,864,864 multiprocessing INFO See log at : ./logs/all_Lyapunov_test_dso-fn_d_all_z_01_log.txt
SpawnPoolWorker-1058| 2026-06-21 23:58:03,866,866 multiprocessing INFO child process calling self.run()
SpawnPoolWorker-1063| 2026-06-21 23:58:03,874,874 multiprocessing INFO STARTING NEW RUN ==========
SpawnPoolWorker-1061| 2026-06-21 23:58:03,874,874 multiprocessing INFO STARTING NEW RUN ==========
SpawnPoolWorker-1063| 2026-06-21 23:58:03,874,874 multiprocessing INFO SEE LOG AT : ./logs/all_Lyapunov_test_dso-fn_d_all_z_01_log.txt
SpawnPoolWorker-1061| 2026-06-21 23:58:03,874,874 multiprocessing INFO SEE LOG AT : ./logs/all_Lyapunov_test_dso-fn_d_all_z_01_log.txt
SpawnPoolWorker-1063| 2026-06-21 23:58:03,874,874 multiprocessing INFO See log at : ./logs/all_Lyapunov_test_dso-fn_d_all_z_01_log.txt
SpawnPoolWorker-1061| 2026-06-21 23:58:03,874,874 multiprocessing INFO See log at : ./logs/all_Lyapunov_test_dso-fn_d_all_z_01_log.txt
SpawnPoolWorker-1055| 2026-06-21 23:58:03,874,874 multiprocessing INFO STARTING NEW RUN ==========
SpawnPoolWorker-1055| 2026-06-21 23:58:03,874,874 multiprocessing INFO SEE LOG AT : ./logs/all_Lyapunov_test_dso-fn_d_all_z_01_log.txt
SpawnPoolWorker-1055| 2026-06-21 23:58:03,874,874 multiprocessing INFO See log at : ./logs/all_Lyapunov_test_dso-fn_d_all_z_01_log.txt
SpawnPoolWorker-1063| 2026-06-21 23:58:03,875,875 multiprocessing INFO child process calling self.run()
SpawnPoolWorker-1061| 2026-06-21 23:58:03,876,876 multiprocessing INFO child process calling self.run()
SpawnPoolWorker-1055| 2026-06-21 23:58:03,876,876 multiprocessing INFO child process calling self.run()
SpawnPoolWorker-1059| 2026-06-21 23:58:03,878,878 multiprocessing INFO STARTING NEW RUN ==========
SpawnPoolWorker-1059| 2026-06-21 23:58:03,878,878 multiprocessing INFO SEE LOG AT : ./logs/all_Lyapunov_test_dso-fn_d_all_z_01_log.txt
SpawnPoolWorker-1059| 2026-06-21 23:58:03,878,878 multiprocessing INFO See log at : ./logs/all_Lyapunov_test_dso-fn_d_all_z_01_log.txt
SpawnPoolWorker-1059| 2026-06-21 23:58:03,879,879 multiprocessing INFO child process calling self.run()
SpawnPoolWorker-1056| 2026-06-21 23:58:03,883,883 multiprocessing INFO STARTING NEW RUN ==========
SpawnPoolWorker-1056| 2026-06-21 23:58:03,884,884 multiprocessing INFO SEE LOG AT : ./logs/all_Lyapunov_test_dso-fn_d_all_z_01_log.txt
SpawnPoolWorker-1056| 2026-06-21 23:58:03,884,884 multiprocessing INFO See log at : ./logs/all_Lyapunov_test_dso-fn_d_all_z_01_log.txt
SpawnPoolWorker-1064| 2026-06-21 23:58:03,885,885 multiprocessing INFO STARTING NEW RUN ==========
SpawnPoolWorker-1064| 2026-06-21 23:58:03,885,885 multiprocessing INFO SEE LOG AT : ./logs/all_Lyapunov_test_dso-fn_d_all_z_01_log.txt
SpawnPoolWorker-1064| 2026-06-21 23:58:03,885,885 multiprocessing INFO See log at : ./logs/all_Lyapunov_test_dso-fn_d_all_z_01_log.txt
SpawnPoolWorker-1056| 2026-06-21 23:58:03,886,886 multiprocessing INFO child process calling self.run()
SpawnPoolWorker-1064| 2026-06-21 23:58:03,889,889 multiprocessing INFO child process calling self.run()
SpawnPoolWorker-1060| 2026-06-21 23:58:03,892,892 multiprocessing INFO STARTING NEW RUN ==========
SpawnPoolWorker-1060| 2026-06-21 23:58:03,892,892 multiprocessing INFO SEE LOG AT : ./logs/all_Lyapunov_test_dso-fn_d_all_z_01_log.txt
SpawnPoolWorker-1060| 2026-06-21 23:58:03,892,892 multiprocessing INFO See log at : ./logs/all_Lyapunov_test_dso-fn_d_all_z_01_log.txt
SpawnPoolWorker-1062| 2026-06-21 23:58:03,892,892 multiprocessing INFO STARTING NEW RUN ==========
SpawnPoolWorker-1062| 2026-06-21 23:58:03,892,892 multiprocessing INFO SEE LOG AT : ./logs/all_Lyapunov_test_dso-fn_d_all_z_01_log.txt
SpawnPoolWorker-1062| 2026-06-21 23:58:03,892,892 multiprocessing INFO See log at : ./logs/all_Lyapunov_test_dso-fn_d_all_z_01_log.txt
SpawnPoolWorker-1057| 2026-06-21 23:58:03,893,893 multiprocessing INFO STARTING NEW RUN ==========
SpawnPoolWorker-1057| 2026-06-21 23:58:03,893,893 multiprocessing INFO SEE LOG AT : ./logs/all_Lyapunov_test_dso-fn_d_all_z_01_log.txt
SpawnPoolWorker-1057| 2026-06-21 23:58:03,893,893 multiprocessing INFO See log at : ./logs/all_Lyapunov_test_dso-fn_d_all_z_01_log.txt
SpawnPoolWorker-1060| 2026-06-21 23:58:03,894,894 multiprocessing INFO child process calling self.run()
SpawnPoolWorker-1062| 2026-06-21 23:58:03,894,894 multiprocessing INFO child process calling self.run()
SpawnPoolWorker-1057| 2026-06-21 23:58:03,895,895 multiprocessing INFO child process calling self.run()
SpawnPoolWorker-1064| 2026-06-21 23:58:39,484,484 multiprocessing INFO process shutting down
SpawnPoolWorker-1064| 2026-06-21 23:58:39,485,485 multiprocessing INFO process exiting with exitcode 0
SpawnPoolWorker-1058| 2026-06-21 23:58:39,484,484 multiprocessing INFO process shutting down
SpawnPoolWorker-1055| 2026-06-21 23:58:39,484,484 multiprocessing INFO process shutting down
SpawnPoolWorker-1059| 2026-06-21 23:58:39,484,484 multiprocessing INFO process shutting down
SpawnPoolWorker-1063| 2026-06-21 23:58:39,485,485 multiprocessing INFO process shutting down
SpawnPoolWorker-1058| 2026-06-21 23:58:39,485,485 multiprocessing INFO process exiting with exitcode 0
SpawnPoolWorker-1055| 2026-06-21 23:58:39,485,485 multiprocessing INFO process exiting with exitcode 0
SpawnPoolWorker-1059| 2026-06-21 23:58:39,485,485 multiprocessing INFO process exiting with exitcode 0
SpawnPoolWorker-1063| 2026-06-21 23:58:39,485,485 multiprocessing INFO process exiting with exitcode 0
SpawnPoolWorker-1061| 2026-06-21 23:58:39,485,485 multiprocessing INFO process shutting down
SpawnPoolWorker-1056| 2026-06-21 23:58:39,485,485 multiprocessing INFO process shutting down
SpawnPoolWorker-1060| 2026-06-21 23:58:39,485,485 multiprocessing INFO process shutting down
SpawnPoolWorker-1062| 2026-06-21 23:58:39,485,485 multiprocessing INFO process shutting down
(10000,)

===================Collect 10000 Examples===================

Epsilon 0.1
500
(550,)
(550,)
(55,)
Number of Programs for Minimization: 29
SpawnPoolWorker-1073| 2026-06-21 23:58:57,641,641 multiprocessing INFO STARTING NEW RUN ==========
SpawnPoolWorker-1073| 2026-06-21 23:58:57,641,641 multiprocessing INFO SEE LOG AT : ./logs/all_Lyapunov_test_dso-fn_d_all_z_01_log.txt
SpawnPoolWorker-1073| 2026-06-21 23:58:57,641,641 multiprocessing INFO See log at : ./logs/all_Lyapunov_test_dso-fn_d_all_z_01_log.txt
SpawnPoolWorker-1073| 2026-06-21 23:58:57,643,643 multiprocessing INFO child process calling self.run()
SpawnPoolWorker-1077| 2026-06-21 23:58:57,809,809 multiprocessing INFO STARTING NEW RUN ==========
SpawnPoolWorker-1077| 2026-06-21 23:58:57,809,809 multiprocessing INFO SEE LOG AT : ./logs/all_Lyapunov_test_dso-fn_d_all_z_01_log.txt
SpawnPoolWorker-1077| 2026-06-21 23:58:57,809,809 multiprocessing INFO See log at : ./logs/all_Lyapunov_test_dso-fn_d_all_z_01_log.txt
SpawnPoolWorker-1077| 2026-06-21 23:58:57,811,811 multiprocessing INFO child process calling self.run()
SpawnPoolWorker-1065| 2026-06-21 23:58:58,892,892 multiprocessing INFO STARTING NEW RUN ==========
SpawnPoolWorker-1065| 2026-06-21 23:58:58,893,893 multiprocessing INFO SEE LOG AT : ./logs/all_Lyapunov_test_dso-fn_d_all_z_01_log.txt
SpawnPoolWorker-1065| 2026-06-21 23:58:58,893,893 multiprocessing INFO See log at : ./logs/all_Lyapunov_test_dso-fn_d_all_z_01_log.txt
SpawnPoolWorker-1065| 2026-06-21 23:58:58,896,896 multiprocessing INFO child process calling self.run()
SpawnPoolWorker-1079| 2026-06-21 23:58:59,052,52 multiprocessing INFO STARTING NEW RUN ==========
SpawnPoolWorker-1079| 2026-06-21 23:58:59,053,53 multiprocessing INFO SEE LOG AT : ./logs/all_Lyapunov_test_dso-fn_d_all_z_01_log.txt
SpawnPoolWorker-1079| 2026-06-21 23:58:59,053,53 multiprocessing INFO See log at : ./logs/all_Lyapunov_test_dso-fn_d_all_z_01_log.txt
SpawnPoolWorker-1079| 2026-06-21 23:58:59,062,62 multiprocessing INFO child process calling self.run()
SpawnPoolWorker-1076| 2026-06-21 23:59:01,030,30 multiprocessing INFO STARTING NEW RUN ==========
SpawnPoolWorker-1076| 2026-06-21 23:59:01,030,30 multiprocessing INFO SEE LOG AT : ./logs/all_Lyapunov_test_dso-fn_d_all_z_01_log.txt
SpawnPoolWorker-1076| 2026-06-21 23:59:01,030,30 multiprocessing INFO See log at : ./logs/all_Lyapunov_test_dso-fn_d_all_z_01_log.txt
SpawnPoolWorker-1076| 2026-06-21 23:59:01,040,40 multiprocessing INFO child process calling self.run()
SpawnPoolWorker-1070| 2026-06-21 23:59:01,293,293 multiprocessing INFO STARTING NEW RUN ==========
SpawnPoolWorker-1070| 2026-06-21 23:59:01,293,293 multiprocessing INFO SEE LOG AT : ./logs/all_Lyapunov_test_dso-fn_d_all_z_01_log.txt
SpawnPoolWorker-1070| 2026-06-21 23:59:01,293,293 multiprocessing INFO See log at : ./logs/all_Lyapunov_test_dso-fn_d_all_z_01_log.txt
SpawnPoolWorker-1070| 2026-06-21 23:59:01,295,295 multiprocessing INFO child process calling self.run()
SpawnPoolWorker-1083| 2026-06-21 23:59:01,541,541 multiprocessing INFO STARTING NEW RUN ==========
SpawnPoolWorker-1083| 2026-06-21 23:59:01,541,541 multiprocessing INFO SEE LOG AT : ./logs/all_Lyapunov_test_dso-fn_d_all_z_01_log.txt
SpawnPoolWorker-1083| 2026-06-21 23:59:01,541,541 multiprocessing INFO See log at : ./logs/all_Lyapunov_test_dso-fn_d_all_z_01_log.txt
SpawnPoolWorker-1083| 2026-06-21 23:59:01,549,549 multiprocessing INFO child process calling self.run()
SpawnPoolWorker-1067| 2026-06-21 23:59:01,668,668 multiprocessing INFO STARTING NEW RUN ==========
SpawnPoolWorker-1067| 2026-06-21 23:59:01,668,668 multiprocessing INFO SEE LOG AT : ./logs/all_Lyapunov_test_dso-fn_d_all_z_01_log.txt
SpawnPoolWorker-1067| 2026-06-21 23:59:01,668,668 multiprocessing INFO See log at : ./logs/all_Lyapunov_test_dso-fn_d_all_z_01_log.txt
SpawnPoolWorker-1067| 2026-06-21 23:59:01,675,675 multiprocessing INFO child process calling self.run()
SpawnPoolWorker-1085| 2026-06-21 23:59:01,764,764 multiprocessing INFO STARTING NEW RUN ==========
SpawnPoolWorker-1085| 2026-06-21 23:59:01,764,764 multiprocessing INFO SEE LOG AT : ./logs/all_Lyapunov_test_dso-fn_d_all_z_01_log.txt
SpawnPoolWorker-1085| 2026-06-21 23:59:01,764,764 multiprocessing INFO See log at : ./logs/all_Lyapunov_test_dso-fn_d_all_z_01_log.txt
SpawnPoolWorker-1085| 2026-06-21 23:59:01,772,772 multiprocessing INFO child process calling self.run()
SpawnPoolWorker-1084| 2026-06-21 23:59:01,914,914 multiprocessing INFO STARTING NEW RUN ==========
SpawnPoolWorker-1084| 2026-06-21 23:59:01,914,914 multiprocessing INFO SEE LOG AT : ./logs/all_Lyapunov_test_dso-fn_d_all_z_01_log.txt
SpawnPoolWorker-1084| 2026-06-21 23:59:01,914,914 multiprocessing INFO See log at : ./logs/all_Lyapunov_test_dso-fn_d_all_z_01_log.txt
SpawnPoolWorker-1084| 2026-06-21 23:59:01,920,920 multiprocessing INFO child process calling self.run()
SpawnPoolWorker-1080| 2026-06-21 23:59:01,927,927 multiprocessing INFO STARTING NEW RUN ==========
SpawnPoolWorker-1080| 2026-06-21 23:59:01,927,927 multiprocessing INFO SEE LOG AT : ./logs/all_Lyapunov_test_dso-fn_d_all_z_01_log.txt
SpawnPoolWorker-1080| 2026-06-21 23:59:01,927,927 multiprocessing INFO See log at : ./logs/all_Lyapunov_test_dso-fn_d_all_z_01_log.txt
SpawnPoolWorker-1080| 2026-06-21 23:59:01,931,931 multiprocessing INFO child process calling self.run()
SpawnPoolWorker-1072| 2026-06-21 23:59:01,966,966 multiprocessing INFO STARTING NEW RUN ==========
SpawnPoolWorker-1072| 2026-06-21 23:59:01,966,966 multiprocessing INFO SEE LOG AT : ./logs/all_Lyapunov_test_dso-fn_d_all_z_01_log.txt
SpawnPoolWorker-1072| 2026-06-21 23:59:01,966,966 multiprocessing INFO See log at : ./logs/all_Lyapunov_test_dso-fn_d_all_z_01_log.txt
SpawnPoolWorker-1072| 2026-06-21 23:59:01,969,969 multiprocessing INFO child process calling self.run()
SpawnPoolWorker-1075| 2026-06-21 23:59:01,996,996 multiprocessing INFO STARTING NEW RUN ==========
SpawnPoolWorker-1075| 2026-06-21 23:59:01,996,996 multiprocessing INFO SEE LOG AT : ./logs/all_Lyapunov_test_dso-fn_d_all_z_01_log.txt
SpawnPoolWorker-1075| 2026-06-21 23:59:01,996,996 multiprocessing INFO See log at : ./logs/all_Lyapunov_test_dso-fn_d_all_z_01_log.txt
SpawnPoolWorker-1075| 2026-06-21 23:59:02,005,5 multiprocessing INFO child process calling self.run()
SpawnPoolWorker-1071| 2026-06-21 23:59:02,156,156 multiprocessing INFO STARTING NEW RUN ==========
SpawnPoolWorker-1071| 2026-06-21 23:59:02,156,156 multiprocessing INFO SEE LOG AT : ./logs/all_Lyapunov_test_dso-fn_d_all_z_01_log.txt
SpawnPoolWorker-1071| 2026-06-21 23:59:02,156,156 multiprocessing INFO See log at : ./logs/all_Lyapunov_test_dso-fn_d_all_z_01_log.txt
SpawnPoolWorker-1071| 2026-06-21 23:59:02,158,158 multiprocessing INFO child process calling self.run()
SpawnPoolWorker-1069| 2026-06-21 23:59:02,211,211 multiprocessing INFO STARTING NEW RUN ==========
SpawnPoolWorker-1069| 2026-06-21 23:59:02,211,211 multiprocessing INFO SEE LOG AT : ./logs/all_Lyapunov_test_dso-fn_d_all_z_01_log.txt
SpawnPoolWorker-1069| 2026-06-21 23:59:02,211,211 multiprocessing INFO See log at : ./logs/all_Lyapunov_test_dso-fn_d_all_z_01_log.txt
SpawnPoolWorker-1069| 2026-06-21 23:59:02,215,215 multiprocessing INFO child process calling self.run()
SpawnPoolWorker-1068| 2026-06-21 23:59:02,275,275 multiprocessing INFO STARTING NEW RUN ==========
SpawnPoolWorker-1068| 2026-06-21 23:59:02,275,275 multiprocessing INFO SEE LOG AT : ./logs/all_Lyapunov_test_dso-fn_d_all_z_01_log.txt
SpawnPoolWorker-1068| 2026-06-21 23:59:02,275,275 multiprocessing INFO See log at : ./logs/all_Lyapunov_test_dso-fn_d_all_z_01_log.txt
SpawnPoolWorker-1068| 2026-06-21 23:59:02,282,282 multiprocessing INFO child process calling self.run()
SpawnPoolWorker-1087| 2026-06-21 23:59:02,590,590 multiprocessing INFO STARTING NEW RUN ==========
SpawnPoolWorker-1087| 2026-06-21 23:59:02,590,590 multiprocessing INFO SEE LOG AT : ./logs/all_Lyapunov_test_dso-fn_d_all_z_01_log.txt
SpawnPoolWorker-1087| 2026-06-21 23:59:02,590,590 multiprocessing INFO See log at : ./logs/all_Lyapunov_test_dso-fn_d_all_z_01_log.txt
SpawnPoolWorker-1087| 2026-06-21 23:59:02,592,592 multiprocessing INFO child process calling self.run()
SpawnPoolWorker-1081| 2026-06-21 23:59:02,805,805 multiprocessing INFO STARTING NEW RUN ==========
SpawnPoolWorker-1081| 2026-06-21 23:59:02,805,805 multiprocessing INFO SEE LOG AT : ./logs/all_Lyapunov_test_dso-fn_d_all_z_01_log.txt
SpawnPoolWorker-1081| 2026-06-21 23:59:02,805,805 multiprocessing INFO See log at : ./logs/all_Lyapunov_test_dso-fn_d_all_z_01_log.txt
SpawnPoolWorker-1081| 2026-06-21 23:59:02,809,809 multiprocessing INFO child process calling self.run()
SpawnPoolWorker-1086| 2026-06-21 23:59:02,845,845 multiprocessing INFO STARTING NEW RUN ==========
SpawnPoolWorker-1086| 2026-06-21 23:59:02,845,845 multiprocessing INFO SEE LOG AT : ./logs/all_Lyapunov_test_dso-fn_d_all_z_01_log.txt
SpawnPoolWorker-1086| 2026-06-21 23:59:02,845,845 multiprocessing INFO See log at : ./logs/all_Lyapunov_test_dso-fn_d_all_z_01_log.txt
SpawnPoolWorker-1086| 2026-06-21 23:59:02,847,847 multiprocessing INFO child process calling self.run()
SpawnPoolWorker-1074| 2026-06-21 23:59:02,858,858 multiprocessing INFO STARTING NEW RUN ==========
SpawnPoolWorker-1074| 2026-06-21 23:59:02,858,858 multiprocessing INFO SEE LOG AT : ./logs/all_Lyapunov_test_dso-fn_d_all_z_01_log.txt
SpawnPoolWorker-1074| 2026-06-21 23:59:02,858,858 multiprocessing INFO See log at : ./logs/all_Lyapunov_test_dso-fn_d_all_z_01_log.txt
SpawnPoolWorker-1074| 2026-06-21 23:59:02,861,861 multiprocessing INFO child process calling self.run()
SpawnPoolWorker-1078| 2026-06-21 23:59:02,972,972 multiprocessing INFO STARTING NEW RUN ==========
SpawnPoolWorker-1078| 2026-06-21 23:59:02,972,972 multiprocessing INFO SEE LOG AT : ./logs/all_Lyapunov_test_dso-fn_d_all_z_01_log.txt
SpawnPoolWorker-1078| 2026-06-21 23:59:02,972,972 multiprocessing INFO See log at : ./logs/all_Lyapunov_test_dso-fn_d_all_z_01_log.txt
SpawnPoolWorker-1078| 2026-06-21 23:59:02,974,974 multiprocessing INFO child process calling self.run()
SpawnPoolWorker-1082| 2026-06-21 23:59:03,282,282 multiprocessing INFO STARTING NEW RUN ==========
SpawnPoolWorker-1082| 2026-06-21 23:59:03,282,282 multiprocessing INFO SEE LOG AT : ./logs/all_Lyapunov_test_dso-fn_d_all_z_01_log.txt
SpawnPoolWorker-1082| 2026-06-21 23:59:03,282,282 multiprocessing INFO See log at : ./logs/all_Lyapunov_test_dso-fn_d_all_z_01_log.txt
SpawnPoolWorker-1082| 2026-06-21 23:59:03,285,285 multiprocessing INFO child process calling self.run()
SpawnPoolWorker-1066| 2026-06-21 23:59:03,307,307 multiprocessing INFO STARTING NEW RUN ==========
SpawnPoolWorker-1066| 2026-06-21 23:59:03,307,307 multiprocessing INFO SEE LOG AT : ./logs/all_Lyapunov_test_dso-fn_d_all_z_01_log.txt
SpawnPoolWorker-1066| 2026-06-21 23:59:03,307,307 multiprocessing INFO See log at : ./logs/all_Lyapunov_test_dso-fn_d_all_z_01_log.txt
SpawnPoolWorker-1066| 2026-06-21 23:59:03,309,309 multiprocessing INFO child process calling self.run()
SpawnPoolWorker-1088| 2026-06-21 23:59:03,395,395 multiprocessing INFO STARTING NEW RUN ==========
SpawnPoolWorker-1088| 2026-06-21 23:59:03,395,395 multiprocessing INFO SEE LOG AT : ./logs/all_Lyapunov_test_dso-fn_d_all_z_01_log.txt
SpawnPoolWorker-1088| 2026-06-21 23:59:03,395,395 multiprocessing INFO See log at : ./logs/all_Lyapunov_test_dso-fn_d_all_z_01_log.txt
SpawnPoolWorker-1088| 2026-06-21 23:59:03,397,397 multiprocessing INFO child process calling self.run()
SpawnPoolWorker-1071| 2026-06-21 23:59:03,643,643 multiprocessing INFO process shutting down
SpawnPoolWorker-1069| 2026-06-21 23:59:03,643,643 multiprocessing INFO process shutting down
SpawnPoolWorker-1071| 2026-06-21 23:59:03,643,643 multiprocessing INFO process exiting with exitcode 0
SpawnPoolWorker-1068| 2026-06-21 23:59:03,643,643 multiprocessing INFO process shutting down
SpawnPoolWorker-1069| 2026-06-21 23:59:03,643,643 multiprocessing INFO process exiting with exitcode 0
SpawnPoolWorker-1087| 2026-06-21 23:59:03,643,643 multiprocessing INFO process shutting down
SpawnPoolWorker-1068| 2026-06-21 23:59:03,643,643 multiprocessing INFO process exiting with exitcode 0
SpawnPoolWorker-1087| 2026-06-21 23:59:03,643,643 multiprocessing INFO process exiting with exitcode 0
SpawnPoolWorker-1081| 2026-06-21 23:59:03,643,643 multiprocessing INFO process shutting down
SpawnPoolWorker-1073| 2026-06-21 23:59:03,643,643 multiprocessing INFO process shutting down
SpawnPoolWorker-1077| 2026-06-21 23:59:03,643,643 multiprocessing INFO process shutting down
SpawnPoolWorker-1086| 2026-06-21 23:59:03,643,643 multiprocessing INFO process shutting down
SpawnPoolWorker-1074| 2026-06-21 23:59:03,643,643 multiprocessing INFO process shutting down
SpawnPoolWorker-1078| 2026-06-21 23:59:03,643,643 multiprocessing INFO process shutting down
SpawnPoolWorker-1079| 2026-06-21 23:59:03,643,643 multiprocessing INFO process shutting down
SpawnPoolWorker-1065| 2026-06-21 23:59:03,643,643 multiprocessing INFO process shutting down
SpawnPoolWorker-1082| 2026-06-21 23:59:03,644,644 multiprocessing INFO process shutting down
SpawnPoolWorker-1066| 2026-06-21 23:59:03,644,644 multiprocessing INFO process shutting down
SpawnPoolWorker-1088| 2026-06-21 23:59:03,644,644 multiprocessing INFO process shutting down
SpawnPoolWorker-1070| 2026-06-21 23:59:03,644,644 multiprocessing INFO process shutting down
SpawnPoolWorker-1083| 2026-06-21 23:59:03,644,644 multiprocessing INFO process shutting down
SpawnPoolWorker-1080| 2026-06-21 23:59:03,644,644 multiprocessing INFO process shutting down
SpawnPoolWorker-1076| 2026-06-21 23:59:03,644,644 multiprocessing INFO process shutting down
SpawnPoolWorker-1081| 2026-06-21 23:59:03,645,645 multiprocessing INFO process exiting with exitcode 0
SpawnPoolWorker-1076| 2026-06-21 23:59:03,645,645 multiprocessing INFO process exiting with exitcode 0
SpawnPoolWorker-1075| 2026-06-21 23:59:03,645,645 multiprocessing INFO process shutting down
SpawnPoolWorker-1084| 2026-06-21 23:59:03,645,645 multiprocessing INFO process shutting down
29
(50000, 6)
(50000,)
(50000, 6)
(50000,)

=======================Successfully Added (25000, 6) Counter Examples=======================


============None of the candidates fulfill the conditions. Training CONTINUES!=================

MainProcess| 2026-06-21 23:59:05,187,187 multiprocessing INFO 
============None of the candidates fulfill the conditions. Training CONTINUES!=================


============None of the candidates fulfill the conditions. Training CONTINUES!=================

(55, 108)
/users/9/chen8596/miniconda3/envs/alfd/lib/python3.9/site-packages/torch/nn/functional.py:4999: UserWarning: Support for mismatched key_padding_mask and attn_mask is deprecated. Use same type for both instead.
  warnings.warn(

==============Start Supervised Learning==============

MainProcess| 2026-06-21 23:59:08,855,855 multiprocessing INFO GP output mean: 0.530387515308119
GP output mean: 0.530387515308119
MainProcess| 2026-06-21 23:59:09,376,376 multiprocessing INFO GP output success rate: 0.0
GP output success rate: 0.0

==============End Supervised Learning==============

MainProcess| 2026-06-21 23:59:11,229,229 multiprocessing INFO [Test epoch=0032]  nevals=440920 	| train_loss=6336.70459 	| eqs_invalid %=0.00 	| r_best=0.98918 	| quantile=0.22842 	| r_quantile_mean=0.57741 	| r_raw_sum=34.94059 	|  r_raw_mean=0.22255 	| r2=nan 	| acc_iid=0.00000 	| acc_ood=0.00000 	| nmse_test=0.019462865729190225 	| true_equation_set_count=0 	| s/it=136.35308
[Test epoch=0032]  nevals=440920 	| train_loss=6336.70459 	| eqs_invalid %=0.00 	| r_best=0.98918 	| quantile=0.22842 	| r_quantile_mean=0.57741 	| r_raw_sum=34.94059 	|  r_raw_mean=0.22255 	| r2=nan 	| acc_iid=0.00000 	| acc_ood=0.00000 	| nmse_test=0.019462865729190225 	| true_equation_set_count=0 	| s/it=136.35308
MainProcess| 2026-06-22 00:00:21,947,947 multiprocessing INFO Genetic Porgramming Runtime 70.03218539105728
Genetic Porgramming Runtime 70.03218539105728

=========================PGD Collection Starts=========================

SpawnPoolWorker-1098| 2026-06-22 00:00:27,844,844 multiprocessing INFO STARTING NEW RUN ==========
SpawnPoolWorker-1098| 2026-06-22 00:00:27,844,844 multiprocessing INFO SEE LOG AT : ./logs/all_Lyapunov_test_dso-fn_d_all_z_01_log.txt
SpawnPoolWorker-1098| 2026-06-22 00:00:27,844,844 multiprocessing INFO See log at : ./logs/all_Lyapunov_test_dso-fn_d_all_z_01_log.txt
SpawnPoolWorker-1098| 2026-06-22 00:00:27,846,846 multiprocessing INFO child process calling self.run()
SpawnPoolWorker-1095| 2026-06-22 00:00:27,856,856 multiprocessing INFO STARTING NEW RUN ==========
SpawnPoolWorker-1095| 2026-06-22 00:00:27,856,856 multiprocessing INFO SEE LOG AT : ./logs/all_Lyapunov_test_dso-fn_d_all_z_01_log.txt
SpawnPoolWorker-1095| 2026-06-22 00:00:27,856,856 multiprocessing INFO See log at : ./logs/all_Lyapunov_test_dso-fn_d_all_z_01_log.txt
SpawnPoolWorker-1095| 2026-06-22 00:00:27,859,859 multiprocessing INFO child process calling self.run()
SpawnPoolWorker-1089| 2026-06-22 00:00:27,861,861 multiprocessing INFO STARTING NEW RUN ==========
SpawnPoolWorker-1089| 2026-06-22 00:00:27,861,861 multiprocessing INFO SEE LOG AT : ./logs/all_Lyapunov_test_dso-fn_d_all_z_01_log.txt
SpawnPoolWorker-1089| 2026-06-22 00:00:27,861,861 multiprocessing INFO See log at : ./logs/all_Lyapunov_test_dso-fn_d_all_z_01_log.txt
SpawnPoolWorker-1097| 2026-06-22 00:00:27,861,861 multiprocessing INFO STARTING NEW RUN ==========
SpawnPoolWorker-1097| 2026-06-22 00:00:27,861,861 multiprocessing INFO SEE LOG AT : ./logs/all_Lyapunov_test_dso-fn_d_all_z_01_log.txt
SpawnPoolWorker-1097| 2026-06-22 00:00:27,861,861 multiprocessing INFO See log at : ./logs/all_Lyapunov_test_dso-fn_d_all_z_01_log.txt
SpawnPoolWorker-1093| 2026-06-22 00:00:27,861,861 multiprocessing INFO STARTING NEW RUN ==========
SpawnPoolWorker-1094| 2026-06-22 00:00:27,861,861 multiprocessing INFO STARTING NEW RUN ==========
SpawnPoolWorker-1093| 2026-06-22 00:00:27,861,861 multiprocessing INFO SEE LOG AT : ./logs/all_Lyapunov_test_dso-fn_d_all_z_01_log.txt
SpawnPoolWorker-1094| 2026-06-22 00:00:27,861,861 multiprocessing INFO SEE LOG AT : ./logs/all_Lyapunov_test_dso-fn_d_all_z_01_log.txt
SpawnPoolWorker-1093| 2026-06-22 00:00:27,861,861 multiprocessing INFO See log at : ./logs/all_Lyapunov_test_dso-fn_d_all_z_01_log.txt
SpawnPoolWorker-1094| 2026-06-22 00:00:27,861,861 multiprocessing INFO See log at : ./logs/all_Lyapunov_test_dso-fn_d_all_z_01_log.txt
SpawnPoolWorker-1089| 2026-06-22 00:00:27,863,863 multiprocessing INFO child process calling self.run()
SpawnPoolWorker-1097| 2026-06-22 00:00:27,863,863 multiprocessing INFO child process calling self.run()
SpawnPoolWorker-1094| 2026-06-22 00:00:27,864,864 multiprocessing INFO child process calling self.run()
SpawnPoolWorker-1093| 2026-06-22 00:00:27,864,864 multiprocessing INFO child process calling self.run()
SpawnPoolWorker-1090| 2026-06-22 00:00:27,866,866 multiprocessing INFO STARTING NEW RUN ==========
SpawnPoolWorker-1090| 2026-06-22 00:00:27,867,867 multiprocessing INFO SEE LOG AT : ./logs/all_Lyapunov_test_dso-fn_d_all_z_01_log.txt
SpawnPoolWorker-1090| 2026-06-22 00:00:27,867,867 multiprocessing INFO See log at : ./logs/all_Lyapunov_test_dso-fn_d_all_z_01_log.txt
SpawnPoolWorker-1092| 2026-06-22 00:00:27,867,867 multiprocessing INFO STARTING NEW RUN ==========
SpawnPoolWorker-1092| 2026-06-22 00:00:27,867,867 multiprocessing INFO SEE LOG AT : ./logs/all_Lyapunov_test_dso-fn_d_all_z_01_log.txt
SpawnPoolWorker-1092| 2026-06-22 00:00:27,867,867 multiprocessing INFO See log at : ./logs/all_Lyapunov_test_dso-fn_d_all_z_01_log.txt
SpawnPoolWorker-1096| 2026-06-22 00:00:27,868,868 multiprocessing INFO STARTING NEW RUN ==========
SpawnPoolWorker-1096| 2026-06-22 00:00:27,868,868 multiprocessing INFO SEE LOG AT : ./logs/all_Lyapunov_test_dso-fn_d_all_z_01_log.txt
SpawnPoolWorker-1096| 2026-06-22 00:00:27,868,868 multiprocessing INFO See log at : ./logs/all_Lyapunov_test_dso-fn_d_all_z_01_log.txt
SpawnPoolWorker-1092| 2026-06-22 00:00:27,870,870 multiprocessing INFO child process calling self.run()
SpawnPoolWorker-1090| 2026-06-22 00:00:27,870,870 multiprocessing INFO child process calling self.run()
SpawnPoolWorker-1096| 2026-06-22 00:00:27,871,871 multiprocessing INFO child process calling self.run()
SpawnPoolWorker-1091| 2026-06-22 00:00:27,880,880 multiprocessing INFO STARTING NEW RUN ==========
SpawnPoolWorker-1091| 2026-06-22 00:00:27,880,880 multiprocessing INFO SEE LOG AT : ./logs/all_Lyapunov_test_dso-fn_d_all_z_01_log.txt
SpawnPoolWorker-1091| 2026-06-22 00:00:27,880,880 multiprocessing INFO See log at : ./logs/all_Lyapunov_test_dso-fn_d_all_z_01_log.txt
SpawnPoolWorker-1091| 2026-06-22 00:00:27,883,883 multiprocessing INFO child process calling self.run()
SpawnPoolWorker-1090| 2026-06-22 00:00:53,516,516 multiprocessing INFO process shutting down
SpawnPoolWorker-1089| 2026-06-22 00:00:53,516,516 multiprocessing INFO process shutting down
SpawnPoolWorker-1096| 2026-06-22 00:00:53,516,516 multiprocessing INFO process shutting down
SpawnPoolWorker-1090| 2026-06-22 00:00:53,517,517 multiprocessing INFO process exiting with exitcode 0
SpawnPoolWorker-1089| 2026-06-22 00:00:53,517,517 multiprocessing INFO process exiting with exitcode 0
SpawnPoolWorker-1096| 2026-06-22 00:00:53,517,517 multiprocessing INFO process exiting with exitcode 0
SpawnPoolWorker-1093| 2026-06-22 00:00:53,517,517 multiprocessing INFO process shutting down
SpawnPoolWorker-1094| 2026-06-22 00:00:53,518,518 multiprocessing INFO process shutting down
SpawnPoolWorker-1091| 2026-06-22 00:00:53,518,518 multiprocessing INFO process shutting down
SpawnPoolWorker-1097| 2026-06-22 00:00:53,518,518 multiprocessing INFO process shutting down
(10000,)

===================Collect 10000 Examples===================

Epsilon 0.1
500
(550,)
(550,)
(55,)
Number of Programs for Minimization: 29
SpawnPoolWorker-1109| 2026-06-22 00:01:10,383,383 multiprocessing INFO STARTING NEW RUN ==========
SpawnPoolWorker-1109| 2026-06-22 00:01:10,383,383 multiprocessing INFO SEE LOG AT : ./logs/all_Lyapunov_test_dso-fn_d_all_z_01_log.txt
SpawnPoolWorker-1109| 2026-06-22 00:01:10,383,383 multiprocessing INFO See log at : ./logs/all_Lyapunov_test_dso-fn_d_all_z_01_log.txt
SpawnPoolWorker-1109| 2026-06-22 00:01:10,386,386 multiprocessing INFO child process calling self.run()
SpawnPoolWorker-1114| 2026-06-22 00:01:10,395,395 multiprocessing INFO STARTING NEW RUN ==========
SpawnPoolWorker-1114| 2026-06-22 00:01:10,395,395 multiprocessing INFO SEE LOG AT : ./logs/all_Lyapunov_test_dso-fn_d_all_z_01_log.txt
SpawnPoolWorker-1114| 2026-06-22 00:01:10,395,395 multiprocessing INFO See log at : ./logs/all_Lyapunov_test_dso-fn_d_all_z_01_log.txt
SpawnPoolWorker-1114| 2026-06-22 00:01:10,404,404 multiprocessing INFO child process calling self.run()
SpawnPoolWorker-1103| 2026-06-22 00:01:10,970,970 multiprocessing INFO STARTING NEW RUN ==========
SpawnPoolWorker-1103| 2026-06-22 00:01:10,970,970 multiprocessing INFO SEE LOG AT : ./logs/all_Lyapunov_test_dso-fn_d_all_z_01_log.txt
SpawnPoolWorker-1103| 2026-06-22 00:01:10,970,970 multiprocessing INFO See log at : ./logs/all_Lyapunov_test_dso-fn_d_all_z_01_log.txt
SpawnPoolWorker-1103| 2026-06-22 00:01:10,972,972 multiprocessing INFO child process calling self.run()
SpawnPoolWorker-1100| 2026-06-22 00:01:11,069,69 multiprocessing INFO STARTING NEW RUN ==========
SpawnPoolWorker-1100| 2026-06-22 00:01:11,069,69 multiprocessing INFO SEE LOG AT : ./logs/all_Lyapunov_test_dso-fn_d_all_z_01_log.txt
SpawnPoolWorker-1100| 2026-06-22 00:01:11,069,69 multiprocessing INFO See log at : ./logs/all_Lyapunov_test_dso-fn_d_all_z_01_log.txt
SpawnPoolWorker-1100| 2026-06-22 00:01:11,071,71 multiprocessing INFO child process calling self.run()
SpawnPoolWorker-1099| 2026-06-22 00:01:11,083,83 multiprocessing INFO STARTING NEW RUN ==========
SpawnPoolWorker-1099| 2026-06-22 00:01:11,083,83 multiprocessing INFO SEE LOG AT : ./logs/all_Lyapunov_test_dso-fn_d_all_z_01_log.txt
SpawnPoolWorker-1099| 2026-06-22 00:01:11,083,83 multiprocessing INFO See log at : ./logs/all_Lyapunov_test_dso-fn_d_all_z_01_log.txt
SpawnPoolWorker-1099| 2026-06-22 00:01:11,088,88 multiprocessing INFO child process calling self.run()
SpawnPoolWorker-1102| 2026-06-22 00:01:11,364,364 multiprocessing INFO STARTING NEW RUN ==========
SpawnPoolWorker-1102| 2026-06-22 00:01:11,364,364 multiprocessing INFO SEE LOG AT : ./logs/all_Lyapunov_test_dso-fn_d_all_z_01_log.txt
SpawnPoolWorker-1102| 2026-06-22 00:01:11,364,364 multiprocessing INFO See log at : ./logs/all_Lyapunov_test_dso-fn_d_all_z_01_log.txt
SpawnPoolWorker-1102| 2026-06-22 00:01:11,367,367 multiprocessing INFO child process calling self.run()
SpawnPoolWorker-1108| 2026-06-22 00:01:11,618,618 multiprocessing INFO STARTING NEW RUN ==========
SpawnPoolWorker-1108| 2026-06-22 00:01:11,619,619 multiprocessing INFO SEE LOG AT : ./logs/all_Lyapunov_test_dso-fn_d_all_z_01_log.txt
SpawnPoolWorker-1108| 2026-06-22 00:01:11,619,619 multiprocessing INFO See log at : ./logs/all_Lyapunov_test_dso-fn_d_all_z_01_log.txt
SpawnPoolWorker-1108| 2026-06-22 00:01:11,625,625 multiprocessing INFO child process calling self.run()
SpawnPoolWorker-1104| 2026-06-22 00:01:11,749,749 multiprocessing INFO STARTING NEW RUN ==========
SpawnPoolWorker-1104| 2026-06-22 00:01:11,749,749 multiprocessing INFO SEE LOG AT : ./logs/all_Lyapunov_test_dso-fn_d_all_z_01_log.txt
SpawnPoolWorker-1104| 2026-06-22 00:01:11,749,749 multiprocessing INFO See log at : ./logs/all_Lyapunov_test_dso-fn_d_all_z_01_log.txt
SpawnPoolWorker-1104| 2026-06-22 00:01:11,753,753 multiprocessing INFO child process calling self.run()
SpawnPoolWorker-1113| 2026-06-22 00:01:11,812,812 multiprocessing INFO STARTING NEW RUN ==========
SpawnPoolWorker-1113| 2026-06-22 00:01:11,812,812 multiprocessing INFO SEE LOG AT : ./logs/all_Lyapunov_test_dso-fn_d_all_z_01_log.txt
SpawnPoolWorker-1113| 2026-06-22 00:01:11,812,812 multiprocessing INFO See log at : ./logs/all_Lyapunov_test_dso-fn_d_all_z_01_log.txt
SpawnPoolWorker-1113| 2026-06-22 00:01:11,816,816 multiprocessing INFO child process calling self.run()
SpawnPoolWorker-1101| 2026-06-22 00:01:11,844,844 multiprocessing INFO STARTING NEW RUN ==========
SpawnPoolWorker-1101| 2026-06-22 00:01:11,844,844 multiprocessing INFO SEE LOG AT : ./logs/all_Lyapunov_test_dso-fn_d_all_z_01_log.txt
SpawnPoolWorker-1101| 2026-06-22 00:01:11,844,844 multiprocessing INFO See log at : ./logs/all_Lyapunov_test_dso-fn_d_all_z_01_log.txt
SpawnPoolWorker-1101| 2026-06-22 00:01:11,846,846 multiprocessing INFO child process calling self.run()
SpawnPoolWorker-1105| 2026-06-22 00:01:11,949,949 multiprocessing INFO STARTING NEW RUN ==========
SpawnPoolWorker-1105| 2026-06-22 00:01:11,949,949 multiprocessing INFO SEE LOG AT : ./logs/all_Lyapunov_test_dso-fn_d_all_z_01_log.txt
SpawnPoolWorker-1105| 2026-06-22 00:01:11,949,949 multiprocessing INFO See log at : ./logs/all_Lyapunov_test_dso-fn_d_all_z_01_log.txt
SpawnPoolWorker-1105| 2026-06-22 00:01:11,953,953 multiprocessing INFO child process calling self.run()
SpawnPoolWorker-1107| 2026-06-22 00:01:12,191,191 multiprocessing INFO STARTING NEW RUN ==========
SpawnPoolWorker-1107| 2026-06-22 00:01:12,191,191 multiprocessing INFO SEE LOG AT : ./logs/all_Lyapunov_test_dso-fn_d_all_z_01_log.txt
SpawnPoolWorker-1107| 2026-06-22 00:01:12,191,191 multiprocessing INFO See log at : ./logs/all_Lyapunov_test_dso-fn_d_all_z_01_log.txt
SpawnPoolWorker-1107| 2026-06-22 00:01:12,193,193 multiprocessing INFO child process calling self.run()
SpawnPoolWorker-1120| 2026-06-22 00:01:12,270,270 multiprocessing INFO STARTING NEW RUN ==========
SpawnPoolWorker-1120| 2026-06-22 00:01:12,270,270 multiprocessing INFO SEE LOG AT : ./logs/all_Lyapunov_test_dso-fn_d_all_z_01_log.txt
SpawnPoolWorker-1120| 2026-06-22 00:01:12,270,270 multiprocessing INFO See log at : ./logs/all_Lyapunov_test_dso-fn_d_all_z_01_log.txt
SpawnPoolWorker-1120| 2026-06-22 00:01:12,273,273 multiprocessing INFO child process calling self.run()
SpawnPoolWorker-1110| 2026-06-22 00:01:12,403,403 multiprocessing INFO STARTING NEW RUN ==========
SpawnPoolWorker-1110| 2026-06-22 00:01:12,403,403 multiprocessing INFO SEE LOG AT : ./logs/all_Lyapunov_test_dso-fn_d_all_z_01_log.txt
SpawnPoolWorker-1110| 2026-06-22 00:01:12,403,403 multiprocessing INFO See log at : ./logs/all_Lyapunov_test_dso-fn_d_all_z_01_log.txt
SpawnPoolWorker-1110| 2026-06-22 00:01:12,410,410 multiprocessing INFO child process calling self.run()
SpawnPoolWorker-1118| 2026-06-22 00:01:12,412,412 multiprocessing INFO STARTING NEW RUN ==========
SpawnPoolWorker-1118| 2026-06-22 00:01:12,412,412 multiprocessing INFO SEE LOG AT : ./logs/all_Lyapunov_test_dso-fn_d_all_z_01_log.txt
SpawnPoolWorker-1118| 2026-06-22 00:01:12,412,412 multiprocessing INFO See log at : ./logs/all_Lyapunov_test_dso-fn_d_all_z_01_log.txt
SpawnPoolWorker-1118| 2026-06-22 00:01:12,415,415 multiprocessing INFO child process calling self.run()
SpawnPoolWorker-1106| 2026-06-22 00:01:12,507,507 multiprocessing INFO STARTING NEW RUN ==========
SpawnPoolWorker-1106| 2026-06-22 00:01:12,507,507 multiprocessing INFO SEE LOG AT : ./logs/all_Lyapunov_test_dso-fn_d_all_z_01_log.txt
SpawnPoolWorker-1106| 2026-06-22 00:01:12,507,507 multiprocessing INFO See log at : ./logs/all_Lyapunov_test_dso-fn_d_all_z_01_log.txt
SpawnPoolWorker-1106| 2026-06-22 00:01:12,519,519 multiprocessing INFO child process calling self.run()
SpawnPoolWorker-1111| 2026-06-22 00:01:13,308,308 multiprocessing INFO STARTING NEW RUN ==========
SpawnPoolWorker-1111| 2026-06-22 00:01:13,309,309 multiprocessing INFO SEE LOG AT : ./logs/all_Lyapunov_test_dso-fn_d_all_z_01_log.txt
SpawnPoolWorker-1111| 2026-06-22 00:01:13,309,309 multiprocessing INFO See log at : ./logs/all_Lyapunov_test_dso-fn_d_all_z_01_log.txt
SpawnPoolWorker-1111| 2026-06-22 00:01:13,321,321 multiprocessing INFO child process calling self.run()
SpawnPoolWorker-1119| 2026-06-22 00:01:13,467,467 multiprocessing INFO STARTING NEW RUN ==========
SpawnPoolWorker-1119| 2026-06-22 00:01:13,467,467 multiprocessing INFO SEE LOG AT : ./logs/all_Lyapunov_test_dso-fn_d_all_z_01_log.txt
SpawnPoolWorker-1119| 2026-06-22 00:01:13,467,467 multiprocessing INFO See log at : ./logs/all_Lyapunov_test_dso-fn_d_all_z_01_log.txt
SpawnPoolWorker-1119| 2026-06-22 00:01:13,472,472 multiprocessing INFO child process calling self.run()
SpawnPoolWorker-1116| 2026-06-22 00:01:13,673,673 multiprocessing INFO STARTING NEW RUN ==========
SpawnPoolWorker-1116| 2026-06-22 00:01:13,673,673 multiprocessing INFO SEE LOG AT : ./logs/all_Lyapunov_test_dso-fn_d_all_z_01_log.txt
SpawnPoolWorker-1116| 2026-06-22 00:01:13,673,673 multiprocessing INFO See log at : ./logs/all_Lyapunov_test_dso-fn_d_all_z_01_log.txt
SpawnPoolWorker-1116| 2026-06-22 00:01:13,676,676 multiprocessing INFO child process calling self.run()
SpawnPoolWorker-1112| 2026-06-22 00:01:13,689,689 multiprocessing INFO STARTING NEW RUN ==========
SpawnPoolWorker-1112| 2026-06-22 00:01:13,689,689 multiprocessing INFO SEE LOG AT : ./logs/all_Lyapunov_test_dso-fn_d_all_z_01_log.txt
SpawnPoolWorker-1112| 2026-06-22 00:01:13,689,689 multiprocessing INFO See log at : ./logs/all_Lyapunov_test_dso-fn_d_all_z_01_log.txt
SpawnPoolWorker-1112| 2026-06-22 00:01:13,694,694 multiprocessing INFO child process calling self.run()
SpawnPoolWorker-1121| 2026-06-22 00:01:13,799,799 multiprocessing INFO STARTING NEW RUN ==========
SpawnPoolWorker-1121| 2026-06-22 00:01:13,799,799 multiprocessing INFO SEE LOG AT : ./logs/all_Lyapunov_test_dso-fn_d_all_z_01_log.txt
SpawnPoolWorker-1121| 2026-06-22 00:01:13,799,799 multiprocessing INFO See log at : ./logs/all_Lyapunov_test_dso-fn_d_all_z_01_log.txt
SpawnPoolWorker-1121| 2026-06-22 00:01:13,803,803 multiprocessing INFO child process calling self.run()
SpawnPoolWorker-1122| 2026-06-22 00:01:14,321,321 multiprocessing INFO STARTING NEW RUN ==========
SpawnPoolWorker-1122| 2026-06-22 00:01:14,321,321 multiprocessing INFO SEE LOG AT : ./logs/all_Lyapunov_test_dso-fn_d_all_z_01_log.txt
SpawnPoolWorker-1122| 2026-06-22 00:01:14,321,321 multiprocessing INFO See log at : ./logs/all_Lyapunov_test_dso-fn_d_all_z_01_log.txt
SpawnPoolWorker-1122| 2026-06-22 00:01:14,328,328 multiprocessing INFO child process calling self.run()
SpawnPoolWorker-1115| 2026-06-22 00:01:14,385,385 multiprocessing INFO STARTING NEW RUN ==========
SpawnPoolWorker-1115| 2026-06-22 00:01:14,385,385 multiprocessing INFO SEE LOG AT : ./logs/all_Lyapunov_test_dso-fn_d_all_z_01_log.txt
SpawnPoolWorker-1115| 2026-06-22 00:01:14,385,385 multiprocessing INFO See log at : ./logs/all_Lyapunov_test_dso-fn_d_all_z_01_log.txt
SpawnPoolWorker-1115| 2026-06-22 00:01:14,391,391 multiprocessing INFO child process calling self.run()
SpawnPoolWorker-1117| 2026-06-22 00:01:14,736,736 multiprocessing INFO STARTING NEW RUN ==========
SpawnPoolWorker-1117| 2026-06-22 00:01:14,736,736 multiprocessing INFO SEE LOG AT : ./logs/all_Lyapunov_test_dso-fn_d_all_z_01_log.txt
SpawnPoolWorker-1117| 2026-06-22 00:01:14,736,736 multiprocessing INFO See log at : ./logs/all_Lyapunov_test_dso-fn_d_all_z_01_log.txt
SpawnPoolWorker-1117| 2026-06-22 00:01:14,738,738 multiprocessing INFO child process calling self.run()
SpawnPoolWorker-1116| 2026-06-22 00:01:15,227,227 multiprocessing INFO process shutting down
SpawnPoolWorker-1116| 2026-06-22 00:01:15,227,227 multiprocessing INFO process exiting with exitcode 0
SpawnPoolWorker-1112| 2026-06-22 00:01:15,228,228 multiprocessing INFO process shutting down
SpawnPoolWorker-1101| 2026-06-22 00:01:15,228,228 multiprocessing INFO process shutting down
SpawnPoolWorker-1121| 2026-06-22 00:01:15,228,228 multiprocessing INFO process shutting down
SpawnPoolWorker-1122| 2026-06-22 00:01:15,228,228 multiprocessing INFO process shutting down
SpawnPoolWorker-1115| 2026-06-22 00:01:15,228,228 multiprocessing INFO process shutting down
SpawnPoolWorker-1106| 2026-06-22 00:01:15,228,228 multiprocessing INFO process shutting down
SpawnPoolWorker-1108| 2026-06-22 00:01:15,228,228 multiprocessing INFO process shutting down
SpawnPoolWorker-1119| 2026-06-22 00:01:15,229,229 multiprocessing INFO process shutting down
SpawnPoolWorker-1103| 2026-06-22 00:01:15,229,229 multiprocessing INFO process shutting down
SpawnPoolWorker-1118| 2026-06-22 00:01:15,229,229 multiprocessing INFO process shutting down
SpawnPoolWorker-1107| 2026-06-22 00:01:15,229,229 multiprocessing INFO process shutting down
SpawnPoolWorker-1111| 2026-06-22 00:01:15,229,229 multiprocessing INFO process shutting down
SpawnPoolWorker-1112| 2026-06-22 00:01:15,230,230 multiprocessing INFO process exiting with exitcode 0
SpawnPoolWorker-1101| 2026-06-22 00:01:15,230,230 multiprocessing INFO process exiting with exitcode 0
SpawnPoolWorker-1107| 2026-06-22 00:01:15,230,230 multiprocessing INFO process exiting with exitcode 0
SpawnPoolWorker-1121| 2026-06-22 00:01:15,230,230 multiprocessing INFO process exiting with exitcode 0
SpawnPoolWorker-1117| 2026-06-22 00:01:15,230,230 multiprocessing INFO process shutting down
SpawnPoolWorker-1100| 2026-06-22 00:01:15,231,231 multiprocessing INFO process shutting down
SpawnPoolWorker-1102| 2026-06-22 00:01:15,231,231 multiprocessing INFO process shutting down
SpawnPoolWorker-1113| 2026-06-22 00:01:15,231,231 multiprocessing INFO process shutting down
SpawnPoolWorker-1104| 2026-06-22 00:01:15,231,231 multiprocessing INFO process shutting down
SpawnPoolWorker-1122| 2026-06-22 00:01:15,246,246 multiprocessing INFO process exiting with exitcode 0
SpawnPoolWorker-1115| 2026-06-22 00:01:15,254,254 multiprocessing INFO process exiting with exitcode 0
SpawnPoolWorker-1106| 2026-06-22 00:01:15,254,254 multiprocessing INFO process exiting with exitcode 0
SpawnPoolWorker-1099| 2026-06-22 00:01:15,254,254 multiprocessing INFO process shutting down
SpawnPoolWorker-1114| 2026-06-22 00:01:15,229,229 multiprocessing INFO process shutting down
SpawnPoolWorker-1110| 2026-06-22 00:01:15,254,254 multiprocessing INFO process shutting down
SpawnPoolWorker-1120| 2026-06-22 00:01:15,232,232 multiprocessing INFO process shutting down
SpawnPoolWorker-1105| 2026-06-22 00:01:15,255,255 multiprocessing INFO process shutting down
SpawnPoolWorker-1118| 2026-06-22 00:01:15,258,258 multiprocessing INFO process exiting with exitcode 0
29
(50000, 6)
(50000,)
(50000, 6)
(50000,)

=======================Successfully Added (25000, 6) Counter Examples=======================


============None of the candidates fulfill the conditions. Training CONTINUES!=================

MainProcess| 2026-06-22 00:01:16,567,567 multiprocessing INFO 
============None of the candidates fulfill the conditions. Training CONTINUES!=================


============None of the candidates fulfill the conditions. Training CONTINUES!=================

(55, 108)
/users/9/chen8596/miniconda3/envs/alfd/lib/python3.9/site-packages/torch/nn/functional.py:4999: UserWarning: Support for mismatched key_padding_mask and attn_mask is deprecated. Use same type for both instead.
  warnings.warn(

==============Start Supervised Learning==============

MainProcess| 2026-06-22 00:01:18,880,880 multiprocessing INFO GP output mean: 0.8341432007156111
GP output mean: 0.8341432007156111
MainProcess| 2026-06-22 00:01:19,145,145 multiprocessing INFO GP output success rate: 0.0
GP output success rate: 0.0

==============End Supervised Learning==============

MainProcess| 2026-06-22 00:01:21,964,964 multiprocessing INFO [Test epoch=0033]  nevals=454624 	| train_loss=10814.65723 	| eqs_invalid %=0.00 	| r_best=0.98918 	| quantile=0.10466 	| r_quantile_mean=0.34175 	| r_raw_sum=19.50763 	|  r_raw_mean=0.17112 	| r2=nan 	| acc_iid=0.00000 	| acc_ood=0.00000 	| nmse_test=0.019462865729190225 	| true_equation_set_count=0 	| s/it=130.73482
[Test epoch=0033]  nevals=454624 	| train_loss=10814.65723 	| eqs_invalid %=0.00 	| r_best=0.98918 	| quantile=0.10466 	| r_quantile_mean=0.34175 	| r_raw_sum=19.50763 	|  r_raw_mean=0.17112 	| r2=nan 	| acc_iid=0.00000 	| acc_ood=0.00000 	| nmse_test=0.019462865729190225 	| true_equation_set_count=0 	| s/it=130.73482
MainProcess| 2026-06-22 00:02:53,898,898 multiprocessing INFO Genetic Porgramming Runtime 90.74804883007891
Genetic Porgramming Runtime 90.74804883007891

=========================PGD Collection Starts=========================

SpawnPoolWorker-1131| 2026-06-22 00:03:00,756,756 multiprocessing INFO STARTING NEW RUN ==========
SpawnPoolWorker-1131| 2026-06-22 00:03:00,757,757 multiprocessing INFO SEE LOG AT : ./logs/all_Lyapunov_test_dso-fn_d_all_z_01_log.txt
SpawnPoolWorker-1131| 2026-06-22 00:03:00,757,757 multiprocessing INFO See log at : ./logs/all_Lyapunov_test_dso-fn_d_all_z_01_log.txt
SpawnPoolWorker-1131| 2026-06-22 00:03:00,759,759 multiprocessing INFO child process calling self.run()
SpawnPoolWorker-1123| 2026-06-22 00:03:00,759,759 multiprocessing INFO STARTING NEW RUN ==========
SpawnPoolWorker-1123| 2026-06-22 00:03:00,759,759 multiprocessing INFO SEE LOG AT : ./logs/all_Lyapunov_test_dso-fn_d_all_z_01_log.txt
SpawnPoolWorker-1123| 2026-06-22 00:03:00,759,759 multiprocessing INFO See log at : ./logs/all_Lyapunov_test_dso-fn_d_all_z_01_log.txt
SpawnPoolWorker-1123| 2026-06-22 00:03:00,761,761 multiprocessing INFO child process calling self.run()
SpawnPoolWorker-1129| 2026-06-22 00:03:00,764,764 multiprocessing INFO STARTING NEW RUN ==========
SpawnPoolWorker-1130| 2026-06-22 00:03:00,764,764 multiprocessing INFO STARTING NEW RUN ==========
SpawnPoolWorker-1129| 2026-06-22 00:03:00,764,764 multiprocessing INFO SEE LOG AT : ./logs/all_Lyapunov_test_dso-fn_d_all_z_01_log.txt
SpawnPoolWorker-1130| 2026-06-22 00:03:00,764,764 multiprocessing INFO SEE LOG AT : ./logs/all_Lyapunov_test_dso-fn_d_all_z_01_log.txt
SpawnPoolWorker-1129| 2026-06-22 00:03:00,764,764 multiprocessing INFO See log at : ./logs/all_Lyapunov_test_dso-fn_d_all_z_01_log.txt
SpawnPoolWorker-1130| 2026-06-22 00:03:00,764,764 multiprocessing INFO See log at : ./logs/all_Lyapunov_test_dso-fn_d_all_z_01_log.txt
SpawnPoolWorker-1124| 2026-06-22 00:03:00,764,764 multiprocessing INFO STARTING NEW RUN ==========
SpawnPoolWorker-1124| 2026-06-22 00:03:00,764,764 multiprocessing INFO SEE LOG AT : ./logs/all_Lyapunov_test_dso-fn_d_all_z_01_log.txt
SpawnPoolWorker-1132| 2026-06-22 00:03:00,765,765 multiprocessing INFO STARTING NEW RUN ==========
SpawnPoolWorker-1132| 2026-06-22 00:03:00,765,765 multiprocessing INFO SEE LOG AT : ./logs/all_Lyapunov_test_dso-fn_d_all_z_01_log.txt
SpawnPoolWorker-1132| 2026-06-22 00:03:00,765,765 multiprocessing INFO See log at : ./logs/all_Lyapunov_test_dso-fn_d_all_z_01_log.txt
SpawnPoolWorker-1130| 2026-06-22 00:03:00,765,765 multiprocessing INFO child process calling self.run()
SpawnPoolWorker-1129| 2026-06-22 00:03:00,766,766 multiprocessing INFO child process calling self.run()
SpawnPoolWorker-1132| 2026-06-22 00:03:00,767,767 multiprocessing INFO child process calling self.run()
SpawnPoolWorker-1124| 2026-06-22 00:03:00,767,767 multiprocessing INFO See log at : ./logs/all_Lyapunov_test_dso-fn_d_all_z_01_log.txt
SpawnPoolWorker-1124| 2026-06-22 00:03:00,769,769 multiprocessing INFO child process calling self.run()
SpawnPoolWorker-1128| 2026-06-22 00:03:00,770,770 multiprocessing INFO STARTING NEW RUN ==========
SpawnPoolWorker-1128| 2026-06-22 00:03:00,770,770 multiprocessing INFO SEE LOG AT : ./logs/all_Lyapunov_test_dso-fn_d_all_z_01_log.txt
SpawnPoolWorker-1128| 2026-06-22 00:03:00,770,770 multiprocessing INFO See log at : ./logs/all_Lyapunov_test_dso-fn_d_all_z_01_log.txt
SpawnPoolWorker-1128| 2026-06-22 00:03:00,773,773 multiprocessing INFO child process calling self.run()
SpawnPoolWorker-1126| 2026-06-22 00:03:00,774,774 multiprocessing INFO STARTING NEW RUN ==========
SpawnPoolWorker-1125| 2026-06-22 00:03:00,774,774 multiprocessing INFO STARTING NEW RUN ==========
SpawnPoolWorker-1126| 2026-06-22 00:03:00,774,774 multiprocessing INFO SEE LOG AT : ./logs/all_Lyapunov_test_dso-fn_d_all_z_01_log.txt
SpawnPoolWorker-1125| 2026-06-22 00:03:00,774,774 multiprocessing INFO SEE LOG AT : ./logs/all_Lyapunov_test_dso-fn_d_all_z_01_log.txt
SpawnPoolWorker-1126| 2026-06-22 00:03:00,774,774 multiprocessing INFO See log at : ./logs/all_Lyapunov_test_dso-fn_d_all_z_01_log.txt
SpawnPoolWorker-1125| 2026-06-22 00:03:00,774,774 multiprocessing INFO See log at : ./logs/all_Lyapunov_test_dso-fn_d_all_z_01_log.txt
SpawnPoolWorker-1126| 2026-06-22 00:03:00,776,776 multiprocessing INFO child process calling self.run()
SpawnPoolWorker-1125| 2026-06-22 00:03:00,776,776 multiprocessing INFO child process calling self.run()
SpawnPoolWorker-1127| 2026-06-22 00:03:00,810,810 multiprocessing INFO STARTING NEW RUN ==========
SpawnPoolWorker-1127| 2026-06-22 00:03:00,810,810 multiprocessing INFO SEE LOG AT : ./logs/all_Lyapunov_test_dso-fn_d_all_z_01_log.txt
SpawnPoolWorker-1127| 2026-06-22 00:03:00,810,810 multiprocessing INFO See log at : ./logs/all_Lyapunov_test_dso-fn_d_all_z_01_log.txt
SpawnPoolWorker-1127| 2026-06-22 00:03:00,812,812 multiprocessing INFO child process calling self.run()
SpawnPoolWorker-1127| 2026-06-22 00:03:14,171,171 multiprocessing INFO process shutting down
SpawnPoolWorker-1131| 2026-06-22 00:03:14,171,171 multiprocessing INFO process shutting down
SpawnPoolWorker-1124| 2026-06-22 00:03:14,171,171 multiprocessing INFO process shutting down
SpawnPoolWorker-1127| 2026-06-22 00:03:14,171,171 multiprocessing INFO process exiting with exitcode 0
SpawnPoolWorker-1131| 2026-06-22 00:03:14,171,171 multiprocessing INFO process exiting with exitcode 0
SpawnPoolWorker-1129| 2026-06-22 00:03:14,171,171 multiprocessing INFO process shutting down
SpawnPoolWorker-1123| 2026-06-22 00:03:14,171,171 multiprocessing INFO process shutting down
SpawnPoolWorker-1124| 2026-06-22 00:03:14,172,172 multiprocessing INFO process exiting with exitcode 0
SpawnPoolWorker-1125| 2026-06-22 00:03:14,171,171 multiprocessing INFO process shutting down
SpawnPoolWorker-1129| 2026-06-22 00:03:14,172,172 multiprocessing INFO process exiting with exitcode 0
SpawnPoolWorker-1123| 2026-06-22 00:03:14,172,172 multiprocessing INFO process exiting with exitcode 0
SpawnPoolWorker-1125| 2026-06-22 00:03:14,172,172 multiprocessing INFO process exiting with exitcode 0
SpawnPoolWorker-1132| 2026-06-22 00:03:14,172,172 multiprocessing INFO process shutting down
SpawnPoolWorker-1128| 2026-06-22 00:03:14,172,172 multiprocessing INFO process shutting down
(10000,)

===================Collect 10000 Examples===================

Epsilon 0.1
500
(550,)
(550,)
(55,)
Number of Programs for Minimization: 28
SpawnPoolWorker-1140| 2026-06-22 00:03:26,996,996 multiprocessing INFO STARTING NEW RUN ==========
SpawnPoolWorker-1140| 2026-06-22 00:03:26,996,996 multiprocessing INFO SEE LOG AT : ./logs/all_Lyapunov_test_dso-fn_d_all_z_01_log.txt
SpawnPoolWorker-1140| 2026-06-22 00:03:26,996,996 multiprocessing INFO See log at : ./logs/all_Lyapunov_test_dso-fn_d_all_z_01_log.txt
SpawnPoolWorker-1140| 2026-06-22 00:03:26,998,998 multiprocessing INFO child process calling self.run()
SpawnPoolWorker-1135| 2026-06-22 00:03:27,466,466 multiprocessing INFO STARTING NEW RUN ==========
SpawnPoolWorker-1135| 2026-06-22 00:03:27,466,466 multiprocessing INFO SEE LOG AT : ./logs/all_Lyapunov_test_dso-fn_d_all_z_01_log.txt
SpawnPoolWorker-1135| 2026-06-22 00:03:27,466,466 multiprocessing INFO See log at : ./logs/all_Lyapunov_test_dso-fn_d_all_z_01_log.txt
SpawnPoolWorker-1135| 2026-06-22 00:03:27,469,469 multiprocessing INFO child process calling self.run()
SpawnPoolWorker-1133| 2026-06-22 00:03:28,069,69 multiprocessing INFO STARTING NEW RUN ==========
SpawnPoolWorker-1133| 2026-06-22 00:03:28,069,69 multiprocessing INFO SEE LOG AT : ./logs/all_Lyapunov_test_dso-fn_d_all_z_01_log.txt
SpawnPoolWorker-1133| 2026-06-22 00:03:28,069,69 multiprocessing INFO See log at : ./logs/all_Lyapunov_test_dso-fn_d_all_z_01_log.txt
SpawnPoolWorker-1133| 2026-06-22 00:03:28,071,71 multiprocessing INFO child process calling self.run()
SpawnPoolWorker-1139| 2026-06-22 00:03:28,166,166 multiprocessing INFO STARTING NEW RUN ==========
SpawnPoolWorker-1139| 2026-06-22 00:03:28,166,166 multiprocessing INFO SEE LOG AT : ./logs/all_Lyapunov_test_dso-fn_d_all_z_01_log.txt
SpawnPoolWorker-1139| 2026-06-22 00:03:28,166,166 multiprocessing INFO See log at : ./logs/all_Lyapunov_test_dso-fn_d_all_z_01_log.txt
SpawnPoolWorker-1139| 2026-06-22 00:03:28,169,169 multiprocessing INFO child process calling self.run()
SpawnPoolWorker-1151| 2026-06-22 00:03:28,235,235 multiprocessing INFO STARTING NEW RUN ==========
SpawnPoolWorker-1151| 2026-06-22 00:03:28,235,235 multiprocessing INFO SEE LOG AT : ./logs/all_Lyapunov_test_dso-fn_d_all_z_01_log.txt
SpawnPoolWorker-1151| 2026-06-22 00:03:28,235,235 multiprocessing INFO See log at : ./logs/all_Lyapunov_test_dso-fn_d_all_z_01_log.txt
SpawnPoolWorker-1151| 2026-06-22 00:03:28,240,240 multiprocessing INFO child process calling self.run()
SpawnPoolWorker-1134| 2026-06-22 00:03:28,339,339 multiprocessing INFO STARTING NEW RUN ==========
SpawnPoolWorker-1134| 2026-06-22 00:03:28,339,339 multiprocessing INFO SEE LOG AT : ./logs/all_Lyapunov_test_dso-fn_d_all_z_01_log.txt
SpawnPoolWorker-1134| 2026-06-22 00:03:28,339,339 multiprocessing INFO See log at : ./logs/all_Lyapunov_test_dso-fn_d_all_z_01_log.txt
SpawnPoolWorker-1134| 2026-06-22 00:03:28,342,342 multiprocessing INFO child process calling self.run()
SpawnPoolWorker-1138| 2026-06-22 00:03:28,679,679 multiprocessing INFO STARTING NEW RUN ==========
SpawnPoolWorker-1138| 2026-06-22 00:03:28,679,679 multiprocessing INFO SEE LOG AT : ./logs/all_Lyapunov_test_dso-fn_d_all_z_01_log.txt
SpawnPoolWorker-1138| 2026-06-22 00:03:28,679,679 multiprocessing INFO See log at : ./logs/all_Lyapunov_test_dso-fn_d_all_z_01_log.txt
SpawnPoolWorker-1138| 2026-06-22 00:03:28,682,682 multiprocessing INFO child process calling self.run()
SpawnPoolWorker-1143| 2026-06-22 00:03:29,133,133 multiprocessing INFO STARTING NEW RUN ==========
SpawnPoolWorker-1143| 2026-06-22 00:03:29,133,133 multiprocessing INFO SEE LOG AT : ./logs/all_Lyapunov_test_dso-fn_d_all_z_01_log.txt
SpawnPoolWorker-1143| 2026-06-22 00:03:29,133,133 multiprocessing INFO See log at : ./logs/all_Lyapunov_test_dso-fn_d_all_z_01_log.txt
SpawnPoolWorker-1143| 2026-06-22 00:03:29,135,135 multiprocessing INFO child process calling self.run()
SpawnPoolWorker-1147| 2026-06-22 00:03:29,564,564 multiprocessing INFO STARTING NEW RUN ==========
SpawnPoolWorker-1147| 2026-06-22 00:03:29,564,564 multiprocessing INFO SEE LOG AT : ./logs/all_Lyapunov_test_dso-fn_d_all_z_01_log.txt
SpawnPoolWorker-1147| 2026-06-22 00:03:29,564,564 multiprocessing INFO See log at : ./logs/all_Lyapunov_test_dso-fn_d_all_z_01_log.txt
SpawnPoolWorker-1147| 2026-06-22 00:03:29,584,584 multiprocessing INFO child process calling self.run()
SpawnPoolWorker-1144| 2026-06-22 00:03:29,700,700 multiprocessing INFO STARTING NEW RUN ==========
SpawnPoolWorker-1144| 2026-06-22 00:03:29,700,700 multiprocessing INFO SEE LOG AT : ./logs/all_Lyapunov_test_dso-fn_d_all_z_01_log.txt
SpawnPoolWorker-1144| 2026-06-22 00:03:29,700,700 multiprocessing INFO See log at : ./logs/all_Lyapunov_test_dso-fn_d_all_z_01_log.txt
SpawnPoolWorker-1144| 2026-06-22 00:03:29,702,702 multiprocessing INFO child process calling self.run()
SpawnPoolWorker-1146| 2026-06-22 00:03:29,763,763 multiprocessing INFO STARTING NEW RUN ==========
SpawnPoolWorker-1146| 2026-06-22 00:03:29,763,763 multiprocessing INFO SEE LOG AT : ./logs/all_Lyapunov_test_dso-fn_d_all_z_01_log.txt
SpawnPoolWorker-1146| 2026-06-22 00:03:29,763,763 multiprocessing INFO See log at : ./logs/all_Lyapunov_test_dso-fn_d_all_z_01_log.txt
SpawnPoolWorker-1146| 2026-06-22 00:03:29,769,769 multiprocessing INFO child process calling self.run()
SpawnPoolWorker-1136| 2026-06-22 00:03:29,866,866 multiprocessing INFO STARTING NEW RUN ==========
SpawnPoolWorker-1136| 2026-06-22 00:03:29,867,867 multiprocessing INFO SEE LOG AT : ./logs/all_Lyapunov_test_dso-fn_d_all_z_01_log.txt
SpawnPoolWorker-1136| 2026-06-22 00:03:29,867,867 multiprocessing INFO See log at : ./logs/all_Lyapunov_test_dso-fn_d_all_z_01_log.txt
SpawnPoolWorker-1136| 2026-06-22 00:03:29,877,877 multiprocessing INFO child process calling self.run()
SpawnPoolWorker-1141| 2026-06-22 00:03:29,945,945 multiprocessing INFO STARTING NEW RUN ==========
SpawnPoolWorker-1141| 2026-06-22 00:03:29,945,945 multiprocessing INFO SEE LOG AT : ./logs/all_Lyapunov_test_dso-fn_d_all_z_01_log.txt
SpawnPoolWorker-1141| 2026-06-22 00:03:29,945,945 multiprocessing INFO See log at : ./logs/all_Lyapunov_test_dso-fn_d_all_z_01_log.txt
SpawnPoolWorker-1141| 2026-06-22 00:03:29,954,954 multiprocessing INFO child process calling self.run()
SpawnPoolWorker-1137| 2026-06-22 00:03:30,178,178 multiprocessing INFO STARTING NEW RUN ==========
SpawnPoolWorker-1137| 2026-06-22 00:03:30,178,178 multiprocessing INFO SEE LOG AT : ./logs/all_Lyapunov_test_dso-fn_d_all_z_01_log.txt
SpawnPoolWorker-1137| 2026-06-22 00:03:30,178,178 multiprocessing INFO See log at : ./logs/all_Lyapunov_test_dso-fn_d_all_z_01_log.txt
SpawnPoolWorker-1137| 2026-06-22 00:03:30,180,180 multiprocessing INFO child process calling self.run()
SpawnPoolWorker-1145| 2026-06-22 00:03:30,181,181 multiprocessing INFO STARTING NEW RUN ==========
SpawnPoolWorker-1145| 2026-06-22 00:03:30,181,181 multiprocessing INFO SEE LOG AT : ./logs/all_Lyapunov_test_dso-fn_d_all_z_01_log.txt
SpawnPoolWorker-1145| 2026-06-22 00:03:30,181,181 multiprocessing INFO See log at : ./logs/all_Lyapunov_test_dso-fn_d_all_z_01_log.txt
SpawnPoolWorker-1145| 2026-06-22 00:03:30,183,183 multiprocessing INFO child process calling self.run()
SpawnPoolWorker-1142| 2026-06-22 00:03:30,356,356 multiprocessing INFO STARTING NEW RUN ==========
SpawnPoolWorker-1142| 2026-06-22 00:03:30,356,356 multiprocessing INFO SEE LOG AT : ./logs/all_Lyapunov_test_dso-fn_d_all_z_01_log.txt
SpawnPoolWorker-1142| 2026-06-22 00:03:30,357,357 multiprocessing INFO See log at : ./logs/all_Lyapunov_test_dso-fn_d_all_z_01_log.txt
SpawnPoolWorker-1142| 2026-06-22 00:03:30,363,363 multiprocessing INFO child process calling self.run()
SpawnPoolWorker-1153| 2026-06-22 00:03:31,447,447 multiprocessing INFO STARTING NEW RUN ==========
SpawnPoolWorker-1153| 2026-06-22 00:03:31,447,447 multiprocessing INFO SEE LOG AT : ./logs/all_Lyapunov_test_dso-fn_d_all_z_01_log.txt
SpawnPoolWorker-1153| 2026-06-22 00:03:31,447,447 multiprocessing INFO See log at : ./logs/all_Lyapunov_test_dso-fn_d_all_z_01_log.txt
SpawnPoolWorker-1154| 2026-06-22 00:03:31,448,448 multiprocessing INFO STARTING NEW RUN ==========
SpawnPoolWorker-1154| 2026-06-22 00:03:31,448,448 multiprocessing INFO SEE LOG AT : ./logs/all_Lyapunov_test_dso-fn_d_all_z_01_log.txt
SpawnPoolWorker-1154| 2026-06-22 00:03:31,448,448 multiprocessing INFO See log at : ./logs/all_Lyapunov_test_dso-fn_d_all_z_01_log.txt
SpawnPoolWorker-1153| 2026-06-22 00:03:31,450,450 multiprocessing INFO child process calling self.run()
SpawnPoolWorker-1154| 2026-06-22 00:03:31,451,451 multiprocessing INFO child process calling self.run()
SpawnPoolWorker-1152| 2026-06-22 00:03:31,483,483 multiprocessing INFO STARTING NEW RUN ==========
SpawnPoolWorker-1152| 2026-06-22 00:03:31,483,483 multiprocessing INFO SEE LOG AT : ./logs/all_Lyapunov_test_dso-fn_d_all_z_01_log.txt
SpawnPoolWorker-1152| 2026-06-22 00:03:31,483,483 multiprocessing INFO See log at : ./logs/all_Lyapunov_test_dso-fn_d_all_z_01_log.txt
SpawnPoolWorker-1152| 2026-06-22 00:03:31,486,486 multiprocessing INFO child process calling self.run()
SpawnPoolWorker-1150| 2026-06-22 00:03:31,542,542 multiprocessing INFO STARTING NEW RUN ==========
SpawnPoolWorker-1150| 2026-06-22 00:03:31,542,542 multiprocessing INFO SEE LOG AT : ./logs/all_Lyapunov_test_dso-fn_d_all_z_01_log.txt
SpawnPoolWorker-1150| 2026-06-22 00:03:31,542,542 multiprocessing INFO See log at : ./logs/all_Lyapunov_test_dso-fn_d_all_z_01_log.txt
SpawnPoolWorker-1150| 2026-06-22 00:03:31,543,543 multiprocessing INFO child process calling self.run()
SpawnPoolWorker-1149| 2026-06-22 00:03:31,571,571 multiprocessing INFO STARTING NEW RUN ==========
SpawnPoolWorker-1149| 2026-06-22 00:03:31,571,571 multiprocessing INFO SEE LOG AT : ./logs/all_Lyapunov_test_dso-fn_d_all_z_01_log.txt
SpawnPoolWorker-1149| 2026-06-22 00:03:31,571,571 multiprocessing INFO See log at : ./logs/all_Lyapunov_test_dso-fn_d_all_z_01_log.txt
SpawnPoolWorker-1149| 2026-06-22 00:03:31,575,575 multiprocessing INFO child process calling self.run()
SpawnPoolWorker-1148| 2026-06-22 00:03:31,689,689 multiprocessing INFO STARTING NEW RUN ==========
SpawnPoolWorker-1148| 2026-06-22 00:03:31,689,689 multiprocessing INFO SEE LOG AT : ./logs/all_Lyapunov_test_dso-fn_d_all_z_01_log.txt
SpawnPoolWorker-1148| 2026-06-22 00:03:31,689,689 multiprocessing INFO See log at : ./logs/all_Lyapunov_test_dso-fn_d_all_z_01_log.txt
SpawnPoolWorker-1148| 2026-06-22 00:03:31,693,693 multiprocessing INFO child process calling self.run()
SpawnPoolWorker-1155| 2026-06-22 00:03:31,900,900 multiprocessing INFO STARTING NEW RUN ==========
SpawnPoolWorker-1155| 2026-06-22 00:03:31,900,900 multiprocessing INFO SEE LOG AT : ./logs/all_Lyapunov_test_dso-fn_d_all_z_01_log.txt
SpawnPoolWorker-1155| 2026-06-22 00:03:31,900,900 multiprocessing INFO See log at : ./logs/all_Lyapunov_test_dso-fn_d_all_z_01_log.txt
SpawnPoolWorker-1155| 2026-06-22 00:03:31,901,901 multiprocessing INFO child process calling self.run()
SpawnPoolWorker-1140| 2026-06-22 00:03:31,947,947 multiprocessing INFO process shutting down
SpawnPoolWorker-1140| 2026-06-22 00:03:31,947,947 multiprocessing INFO process exiting with exitcode 0
SpawnPoolWorker-1133| 2026-06-22 00:03:31,947,947 multiprocessing INFO process shutting down
SpawnPoolWorker-1143| 2026-06-22 00:03:31,947,947 multiprocessing INFO process shutting down
SpawnPoolWorker-1139| 2026-06-22 00:03:31,948,948 multiprocessing INFO process shutting down
SpawnPoolWorker-1153| 2026-06-22 00:03:31,948,948 multiprocessing INFO process shutting down
SpawnPoolWorker-1154| 2026-06-22 00:03:31,948,948 multiprocessing INFO process shutting down
SpawnPoolWorker-1152| 2026-06-22 00:03:31,948,948 multiprocessing INFO process shutting down
SpawnPoolWorker-1136| 2026-06-22 00:03:31,948,948 multiprocessing INFO process shutting down
SpawnPoolWorker-1151| 2026-06-22 00:03:31,948,948 multiprocessing INFO process shutting down
SpawnPoolWorker-1147| 2026-06-22 00:03:31,948,948 multiprocessing INFO process shutting down
SpawnPoolWorker-1150| 2026-06-22 00:03:31,948,948 multiprocessing INFO process shutting down
SpawnPoolWorker-1149| 2026-06-22 00:03:31,949,949 multiprocessing INFO process shutting down
SpawnPoolWorker-1148| 2026-06-22 00:03:31,949,949 multiprocessing INFO process shutting down
SpawnPoolWorker-1137| 2026-06-22 00:03:31,949,949 multiprocessing INFO process shutting down
SpawnPoolWorker-1138| 2026-06-22 00:03:31,949,949 multiprocessing INFO process shutting down
SpawnPoolWorker-1134| 2026-06-22 00:03:31,949,949 multiprocessing INFO process shutting down
SpawnPoolWorker-1146| 2026-06-22 00:03:31,949,949 multiprocessing INFO process shutting down
SpawnPoolWorker-1141| 2026-06-22 00:03:31,949,949 multiprocessing INFO process shutting down
SpawnPoolWorker-1155| 2026-06-22 00:03:31,949,949 multiprocessing INFO process shutting down
SpawnPoolWorker-1144| 2026-06-22 00:03:31,949,949 multiprocessing INFO process shutting down
SpawnPoolWorker-1142| 2026-06-22 00:03:31,949,949 multiprocessing INFO process shutting down
SpawnPoolWorker-1145| 2026-06-22 00:03:31,950,950 multiprocessing INFO process shutting down
28
(50000, 6)
(50000,)
(50000, 6)
(50000,)

=======================Successfully Added (22795, 6) Counter Examples=======================

Number of valid equations: 2. Program should stopped
x2**2 + x3**2 + x4**2 + x5**2 + x6**2 + (x1 + x2)**2
[x2**2 + x3**2 + x4**2 + x5**2 + x6**2 + (x1 + x2)**2, x1**2 + x2**2 + x3**2 + x4**2 + x5**2 + x6**2]
MainProcess| 2026-06-22 00:29:13,941,941 multiprocessing INFO Number of valid equations: 2. Program should stopped
Number of valid equations: 2. Program should stopped
MainProcess| 2026-06-22 00:29:13,942,942 multiprocessing INFO x2**2 + x3**2 + x4**2 + x5**2 + x6**2 + (x1 + x2)**2
x2**2 + x3**2 + x4**2 + x5**2 + x6**2 + (x1 + x2)**2
MainProcess| 2026-06-22 00:29:13,943,943 multiprocessing INFO [x2**2 + x3**2 + x4**2 + x5**2 + x6**2 + (x1 + x2)**2, x1**2 + x2**2 + x3**2 + x4**2 + x5**2 + x6**2]
[x2**2 + x3**2 + x4**2 + x5**2 + x6**2 + (x1 + x2)**2, x1**2 + x2**2 + x3**2 + x4**2 + x5**2 + x6**2]
(55, 108)
/users/9/chen8596/miniconda3/envs/alfd/lib/python3.9/site-packages/torch/nn/functional.py:4999: UserWarning: Support for mismatched key_padding_mask and attn_mask is deprecated. Use same type for both instead.
  warnings.warn(
/users/9/chen8596/LyaDis/repro/runs/quad6d/utils/train.py:971: RuntimeWarning: divide by zero encountered in divide
  error = np.abs(((y_hat - y) / y))
/users/9/chen8596/.local/lib/python3.9/site-packages/scipy/stats/_stats_py.py:4424: ConstantInputWarning: An input array is constant; the correlation coefficient is not defined.
  warnings.warn(stats.ConstantInputWarning(msg))
MainProcess| 2026-06-22 00:29:14,678,678 multiprocessing INFO [Test epoch=0034]  nevals=468326 	| train_loss=3803.59863 	| eqs_invalid %=0.55 	| r_best=0.99409 	| quantile=0.00037 	| r_quantile_mean=0.73718 	| r_raw_sum=40.54506 	|  r_raw_mean=0.63352 	| r2=nan 	| acc_iid=0.00000 	| acc_ood=0.00000 	| nmse_test=0.0 	| true_equation_set_count=0 	| s/it=1672.71371
[Test epoch=0034]  nevals=468326 	| train_loss=3803.59863 	| eqs_invalid %=0.55 	| r_best=0.99409 	| quantile=0.00037 	| r_quantile_mean=0.73718 	| r_raw_sum=40.54506 	|  r_raw_mean=0.63352 	| r2=nan 	| acc_iid=0.00000 	| acc_ood=0.00000 	| nmse_test=0.0 	| true_equation_set_count=0 	| s/it=1672.71371
MainProcess| 2026-06-22 00:29:14,678,678 multiprocessing INFO [00:01:36:54.76] Training epoch 34/4000, current best R: 0.9941
[00:01:36:54.76] Training epoch 34/4000, current best R: 0.9941
MainProcess| 2026-06-22 00:29:14,678,678 multiprocessing INFO 
	** New best

	** New best
MainProcess| 2026-06-22 00:29:14,678,678 multiprocessing INFO 	Reward: 0.9940865833758757
	Reward: 0.9940865833758757
MainProcess| 2026-06-22 00:29:14,678,678 multiprocessing INFO 	Count Off-policy: 1
	Count Off-policy: 1
MainProcess| 2026-06-22 00:29:14,678,678 multiprocessing INFO 	Count On-policy: 0
	Count On-policy: 0
MainProcess| 2026-06-22 00:29:14,679,679 multiprocessing INFO 	Originally on Policy: False
	Originally on Policy: False
MainProcess| 2026-06-22 00:29:14,679,679 multiprocessing INFO 	Invalid: False
	Invalid: False
MainProcess| 2026-06-22 00:29:14,679,679 multiprocessing INFO 	Traversal: add,add,n2,add,x2,x1,n2,x6,add,add,n2,x4,add,n2,x5,n2,x3,n2,x2
	Traversal: add,add,n2,add,x2,x1,n2,x6,add,add,n2,x4,add,n2,x5,n2,x3,n2,x2
MainProcess| 2026-06-22 00:29:14,679,679 multiprocessing INFO 	Expression:
	Expression:
MainProcess| 2026-06-22 00:29:14,681,681 multiprocessing INFO 
	    2     2     2     2     2            2
	  x₂  + x₃  + x₄  + x₅  + x₆  + (x₁ + x₂) 


	    2     2     2     2     2            2
	  x₂  + x₃  + x₄  + x₅  + x₆  + (x₁ + x₂) 

MainProcess| 2026-06-22 00:29:14,681,681 multiprocessing INFO [00:01:36:54.76] Early stopping criteria met; breaking early.
[00:01:36:54.76] Early stopping criteria met; breaking early.
MainProcess| 2026-06-22 00:29:14,681,681 multiprocessing INFO -- RUNNING EPOCHS END ---------------

-- RUNNING EPOCHS END ---------------

MainProcess| 2026-06-22 00:29:14,681,681 multiprocessing INFO -- EVALUATION START ----------------
-- EVALUATION START ----------------
Saving Hall of Fame to ./log/fn_d_all_z_5_2026-06-21-225218_1/dso_fn_d_all_z_5_13_hof.csv
Saving Pareto Front to ./log/fn_d_all_z_5_2026-06-21-225218_1/dso_fn_d_all_z_5_13_pf.csv
Invalid expressions: 31 of 468326 (0.0%).
Error type counts:
  square: 31 (100.0%)
Error node counts:
  underflow: 31 (100.0%)
MainProcess| 2026-06-22 00:29:19,486,486 multiprocessing INFO 
Priority queue entry 0:

Priority queue entry 0:
MainProcess| 2026-06-22 00:29:19,486,486 multiprocessing INFO 	Reward: 0.9940865833758757
	Reward: 0.9940865833758757
MainProcess| 2026-06-22 00:29:19,486,486 multiprocessing INFO 	Count Off-policy: 1
	Count Off-policy: 1
MainProcess| 2026-06-22 00:29:19,486,486 multiprocessing INFO 	Count On-policy: 0
	Count On-policy: 0
MainProcess| 2026-06-22 00:29:19,486,486 multiprocessing INFO 	Originally on Policy: False
	Originally on Policy: False
MainProcess| 2026-06-22 00:29:19,486,486 multiprocessing INFO 	Invalid: False
	Invalid: False
MainProcess| 2026-06-22 00:29:19,486,486 multiprocessing INFO 	Traversal: add,add,n2,add,x2,x1,n2,x6,add,add,n2,x4,add,n2,x5,n2,x3,n2,x2
	Traversal: add,add,n2,add,x2,x1,n2,x6,add,add,n2,x4,add,n2,x5,n2,x3,n2,x2
MainProcess| 2026-06-22 00:29:19,486,486 multiprocessing INFO 	Expression:
	Expression:
MainProcess| 2026-06-22 00:29:19,488,488 multiprocessing INFO 
	    2     2     2     2     2            2
	  x₂  + x₃  + x₄  + x₅  + x₆  + (x₁ + x₂) 


	    2     2     2     2     2            2
	  x₂  + x₃  + x₄  + x₅  + x₆  + (x₁ + x₂) 

MainProcess| 2026-06-22 00:29:19,488,488 multiprocessing INFO 
Priority queue entry 1:

Priority queue entry 1:
MainProcess| 2026-06-22 00:29:19,488,488 multiprocessing INFO 	Reward: 0.9891826562561427
	Reward: 0.9891826562561427
MainProcess| 2026-06-22 00:29:19,488,488 multiprocessing INFO 	Count Off-policy: 1
	Count Off-policy: 1
MainProcess| 2026-06-22 00:29:19,488,488 multiprocessing INFO 	Count On-policy: 0
	Count On-policy: 0
MainProcess| 2026-06-22 00:29:19,488,488 multiprocessing INFO 	Originally on Policy: False
	Originally on Policy: False
MainProcess| 2026-06-22 00:29:19,488,488 multiprocessing INFO 	Invalid: False
	Invalid: False
MainProcess| 2026-06-22 00:29:19,488,488 multiprocessing INFO 	Traversal: add,add,n2,x6,add,mul,x4,x4,n2,add,x2,x1,sub,n2,sub,sin,x3,x5,cos,x2
	Traversal: add,add,n2,x6,add,mul,x4,x4,n2,add,x2,x1,sub,n2,sub,sin,x3,x5,cos,x2
MainProcess| 2026-06-22 00:29:19,488,488 multiprocessing INFO 	Expression:
	Expression:
MainProcess| 2026-06-22 00:29:19,490,490 multiprocessing INFO 
	    2     2            2                  2          
	  x₄  + x₆  + (x₁ + x₂)  + (-x₅ + sin(x₃))  - cos(x₂)


	    2     2            2                  2          
	  x₄  + x₆  + (x₁ + x₂)  + (-x₅ + sin(x₃))  - cos(x₂)

MainProcess| 2026-06-22 00:29:19,490,490 multiprocessing INFO 
Priority queue entry 2:

Priority queue entry 2:
MainProcess| 2026-06-22 00:29:19,490,490 multiprocessing INFO 	Reward: 0.9781338973953123
	Reward: 0.9781338973953123
MainProcess| 2026-06-22 00:29:19,490,490 multiprocessing INFO 	Count Off-policy: 1
	Count Off-policy: 1
MainProcess| 2026-06-22 00:29:19,490,490 multiprocessing INFO 	Count On-policy: 0
	Count On-policy: 0
MainProcess| 2026-06-22 00:29:19,490,490 multiprocessing INFO 	Originally on Policy: False
	Originally on Policy: False
MainProcess| 2026-06-22 00:29:19,490,490 multiprocessing INFO 	Invalid: False
	Invalid: False
MainProcess| 2026-06-22 00:29:19,490,490 multiprocessing INFO 	Traversal: add,n2,add,x1,x2,add,n2,x2,sub,n2,x4,mul,sin,sub,add,x6,x5,x3,sin,x1
	Traversal: add,n2,add,x1,x2,add,n2,x2,sub,n2,x4,mul,sin,sub,add,x6,x5,x3,sin,x1
MainProcess| 2026-06-22 00:29:19,490,490 multiprocessing INFO 	Expression:
	Expression:
MainProcess| 2026-06-22 00:29:19,492,492 multiprocessing INFO 
	    2     2            2                             
	  x₂  + x₄  + (x₁ + x₂)  - sin(x₁)⋅sin(-x₃ + x₅ + x₆)


	    2     2            2                             
	  x₂  + x₄  + (x₁ + x₂)  - sin(x₁)⋅sin(-x₃ + x₅ + x₆)

MainProcess| 2026-06-22 00:29:19,492,492 multiprocessing INFO 
Priority queue entry 3:

Priority queue entry 3:
MainProcess| 2026-06-22 00:29:19,492,492 multiprocessing INFO 	Reward: 0.9617445244363375
	Reward: 0.9617445244363375
MainProcess| 2026-06-22 00:29:19,492,492 multiprocessing INFO 	Count Off-policy: 1
	Count Off-policy: 1
MainProcess| 2026-06-22 00:29:19,492,492 multiprocessing INFO 	Count On-policy: 0
	Count On-policy: 0
MainProcess| 2026-06-22 00:29:19,492,492 multiprocessing INFO 	Originally on Policy: False
	Originally on Policy: False
MainProcess| 2026-06-22 00:29:19,492,492 multiprocessing INFO 	Invalid: False
	Invalid: False
MainProcess| 2026-06-22 00:29:19,492,492 multiprocessing INFO 	Traversal: add,add,add,n2,x2,mul,x4,x4,n2,x1,n2,mul,cos,sub,x6,x5,mul,sin,x3,x4
	Traversal: add,add,add,n2,x2,mul,x4,x4,n2,x1,n2,mul,cos,sub,x6,x5,mul,sin,x3,x4
MainProcess| 2026-06-22 00:29:19,492,492 multiprocessing INFO 	Expression:
	Expression:
MainProcess| 2026-06-22 00:29:19,494,494 multiprocessing INFO 
	    2     2     2    2        2              2
	  x₁  + x₂  + x₄ ⋅sin (x₃)⋅cos (x₅ - x₆) + x₄ 


	    2     2     2    2        2              2
	  x₁  + x₂  + x₄ ⋅sin (x₃)⋅cos (x₅ - x₆) + x₄ 

MainProcess| 2026-06-22 00:29:19,494,494 multiprocessing INFO 
Priority queue entry 4:

Priority queue entry 4:
MainProcess| 2026-06-22 00:29:19,494,494 multiprocessing INFO 	Reward: 0.8160401946116139
	Reward: 0.8160401946116139
MainProcess| 2026-06-22 00:29:19,494,494 multiprocessing INFO 	Count Off-policy: 3
	Count Off-policy: 3
MainProcess| 2026-06-22 00:29:19,494,494 multiprocessing INFO 	Count On-policy: 0
	Count On-policy: 0
MainProcess| 2026-06-22 00:29:19,494,494 multiprocessing INFO 	Originally on Policy: False
	Originally on Policy: False
MainProcess| 2026-06-22 00:29:19,494,494 multiprocessing INFO 	Invalid: False
	Invalid: False
MainProcess| 2026-06-22 00:29:19,494,494 multiprocessing INFO 	Traversal: add,mul,x4,x4,n2,add,x2,n2,mul,cos,x1,sin,sub,x6,sub,x3,x5
	Traversal: add,mul,x4,x4,n2,add,x2,n2,mul,cos,x1,sin,sub,x6,sub,x3,x5
MainProcess| 2026-06-22 00:29:19,494,494 multiprocessing INFO 	Expression:
	Expression:
MainProcess| 2026-06-22 00:29:19,496,496 multiprocessing INFO 
	                                           2
	    2   ⎛        2                   2    ⎞ 
	  x₄  + ⎝x₂ + sin (-x₃ + x₅ + x₆)⋅cos (x₁)⎠ 


	                                           2
	    2   ⎛        2                   2    ⎞ 
	  x₄  + ⎝x₂ + sin (-x₃ + x₅ + x₆)⋅cos (x₁)⎠ 

MainProcess| 2026-06-22 00:29:19,496,496 multiprocessing INFO 
Priority queue entry 5:

Priority queue entry 5:
MainProcess| 2026-06-22 00:29:19,496,496 multiprocessing INFO 	Reward: 0.7152472707643341
	Reward: 0.7152472707643341
MainProcess| 2026-06-22 00:29:19,496,496 multiprocessing INFO 	Count Off-policy: 3
	Count Off-policy: 3
MainProcess| 2026-06-22 00:29:19,496,496 multiprocessing INFO 	Count On-policy: 0
	Count On-policy: 0
MainProcess| 2026-06-22 00:29:19,496,496 multiprocessing INFO 	Originally on Policy: False
	Originally on Policy: False
MainProcess| 2026-06-22 00:29:19,496,496 multiprocessing INFO 	Invalid: False
	Invalid: False
MainProcess| 2026-06-22 00:29:19,496,496 multiprocessing INFO 	Traversal: add,mul,x4,x4,n2,sub,x2,n2,mul,cos,x1,mul,sin,x1,sin,sub,x6,sub,x3,x5
	Traversal: add,mul,x4,x4,n2,sub,x2,n2,mul,cos,x1,mul,sin,x1,sin,sub,x6,sub,x3,x5
MainProcess| 2026-06-22 00:29:19,496,496 multiprocessing INFO 	Expression:
	Expression:
MainProcess| 2026-06-22 00:29:19,498,498 multiprocessing INFO 
	                                                    2
	    2   ⎛        2        2                   2    ⎞ 
	  x₄  + ⎝x₂ - sin (x₁)⋅sin (-x₃ + x₅ + x₆)⋅cos (x₁)⎠ 


	                                                    2
	    2   ⎛        2        2                   2    ⎞ 
	  x₄  + ⎝x₂ - sin (x₁)⋅sin (-x₃ + x₅ + x₆)⋅cos (x₁)⎠ 

MainProcess| 2026-06-22 00:29:19,498,498 multiprocessing INFO 
Priority queue entry 6:

Priority queue entry 6:
MainProcess| 2026-06-22 00:29:19,498,498 multiprocessing INFO 	Reward: 0.9314632935378638
	Reward: 0.9314632935378638
MainProcess| 2026-06-22 00:29:19,498,498 multiprocessing INFO 	Count Off-policy: 1
	Count Off-policy: 1
MainProcess| 2026-06-22 00:29:19,498,498 multiprocessing INFO 	Count On-policy: 0
	Count On-policy: 0
MainProcess| 2026-06-22 00:29:19,498,498 multiprocessing INFO 	Originally on Policy: False
	Originally on Policy: False
MainProcess| 2026-06-22 00:29:19,498,498 multiprocessing INFO 	Invalid: False
	Invalid: False
MainProcess| 2026-06-22 00:29:19,498,498 multiprocessing INFO 	Traversal: add,mul,x4,x4,n2,add,x2,n2,mul,n2,sin,x1,sin,sub,x6,sub,x3,x5
	Traversal: add,mul,x4,x4,n2,add,x2,n2,mul,n2,sin,x1,sin,sub,x6,sub,x3,x5
MainProcess| 2026-06-22 00:29:19,498,498 multiprocessing INFO 	Expression:
	Expression:
MainProcess| 2026-06-22 00:29:19,500,500 multiprocessing INFO 
	                                           2
	    2   ⎛        4        2               ⎞ 
	  x₄  + ⎝x₂ + sin (x₁)⋅sin (-x₃ + x₅ + x₆)⎠ 


	                                           2
	    2   ⎛        4        2               ⎞ 
	  x₄  + ⎝x₂ + sin (x₁)⋅sin (-x₃ + x₅ + x₆)⎠ 

MainProcess| 2026-06-22 00:29:19,500,500 multiprocessing INFO 
Priority queue entry 7:

Priority queue entry 7:
MainProcess| 2026-06-22 00:29:19,500,500 multiprocessing INFO 	Reward: 0.6204028026802898
	Reward: 0.6204028026802898
MainProcess| 2026-06-22 00:29:19,500,500 multiprocessing INFO 	Count Off-policy: 7
	Count Off-policy: 7
MainProcess| 2026-06-22 00:29:19,500,500 multiprocessing INFO 	Count On-policy: 0
	Count On-policy: 0
MainProcess| 2026-06-22 00:29:19,500,500 multiprocessing INFO 	Originally on Policy: False
	Originally on Policy: False
MainProcess| 2026-06-22 00:29:19,500,500 multiprocessing INFO 	Invalid: False
	Invalid: False
MainProcess| 2026-06-22 00:29:19,500,500 multiprocessing INFO 	Traversal: add,mul,x4,x4,n2,add,x2,n2,mul,cos,x1,mul,sin,x1,sin,sub,x6,sub,x3,x5
	Traversal: add,mul,x4,x4,n2,add,x2,n2,mul,cos,x1,mul,sin,x1,sin,sub,x6,sub,x3,x5
MainProcess| 2026-06-22 00:29:19,500,500 multiprocessing INFO 	Expression:
	Expression:
MainProcess| 2026-06-22 00:29:19,502,502 multiprocessing INFO 
	                                                    2
	    2   ⎛        2        2                   2    ⎞ 
	  x₄  + ⎝x₂ + sin (x₁)⋅sin (-x₃ + x₅ + x₆)⋅cos (x₁)⎠ 


	                                                    2
	    2   ⎛        2        2                   2    ⎞ 
	  x₄  + ⎝x₂ + sin (x₁)⋅sin (-x₃ + x₅ + x₆)⋅cos (x₁)⎠ 

MainProcess| 2026-06-22 00:29:19,502,502 multiprocessing INFO 
Priority queue entry 8:

Priority queue entry 8:
MainProcess| 2026-06-22 00:29:19,502,502 multiprocessing INFO 	Reward: 0.6727650493861697
	Reward: 0.6727650493861697
MainProcess| 2026-06-22 00:29:19,502,502 multiprocessing INFO 	Count Off-policy: 4
	Count Off-policy: 4
MainProcess| 2026-06-22 00:29:19,502,502 multiprocessing INFO 	Count On-policy: 0
	Count On-policy: 0
MainProcess| 2026-06-22 00:29:19,502,502 multiprocessing INFO 	Originally on Policy: False
	Originally on Policy: False
MainProcess| 2026-06-22 00:29:19,502,502 multiprocessing INFO 	Invalid: False
	Invalid: False
MainProcess| 2026-06-22 00:29:19,502,502 multiprocessing INFO 	Traversal: add,mul,x4,x4,n2,sub,x2,n2,mul,n2,cos,add,x3,x1,sin,sub,x6,sub,x3,x5
	Traversal: add,mul,x4,x4,n2,sub,x2,n2,mul,n2,cos,add,x3,x1,sin,sub,x6,sub,x3,x5
MainProcess| 2026-06-22 00:29:19,502,502 multiprocessing INFO 	Expression:
	Expression:
MainProcess| 2026-06-22 00:29:19,504,504 multiprocessing INFO 
	                                                2
	    2   ⎛        2                   4         ⎞ 
	  x₄  + ⎝x₂ - sin (-x₃ + x₅ + x₆)⋅cos (x₁ + x₃)⎠ 


	                                                2
	    2   ⎛        2                   4         ⎞ 
	  x₄  + ⎝x₂ - sin (-x₃ + x₅ + x₆)⋅cos (x₁ + x₃)⎠ 

MainProcess| 2026-06-22 00:29:19,504,504 multiprocessing INFO 
Priority queue entry 9:

Priority queue entry 9:
MainProcess| 2026-06-22 00:29:19,504,504 multiprocessing INFO 	Reward: 0.9134686933427745
	Reward: 0.9134686933427745
MainProcess| 2026-06-22 00:29:19,504,504 multiprocessing INFO 	Count Off-policy: 1
	Count Off-policy: 1
MainProcess| 2026-06-22 00:29:19,504,504 multiprocessing INFO 	Count On-policy: 0
	Count On-policy: 0
MainProcess| 2026-06-22 00:29:19,504,504 multiprocessing INFO 	Originally on Policy: False
	Originally on Policy: False
MainProcess| 2026-06-22 00:29:19,504,504 multiprocessing INFO 	Invalid: False
	Invalid: False
MainProcess| 2026-06-22 00:29:19,504,504 multiprocessing INFO 	Traversal: sub,add,add,mul,sin,x5,n2,sin,x3,mul,x2,sub,x2,sin,x1,n2,x4,cos,x6
	Traversal: sub,add,add,mul,sin,x5,n2,sin,x3,mul,x2,sub,x2,sin,x1,n2,x4,cos,x6
MainProcess| 2026-06-22 00:29:19,504,504 multiprocessing INFO 	Expression:
	Expression:
MainProcess| 2026-06-22 00:29:19,506,506 multiprocessing INFO 
	                        2      2                      
	  x₂⋅(x₂ - sin(x₁)) + x₄  + sin (x₃)⋅sin(x₅) - cos(x₆)


	                        2      2                      
	  x₂⋅(x₂ - sin(x₁)) + x₄  + sin (x₃)⋅sin(x₅) - cos(x₆)

MainProcess| 2026-06-22 00:29:19,506,506 multiprocessing INFO -- EVALUATION END ------------------
-- EVALUATION END ------------------
MainProcess| 2026-06-22 00:29:19,616,616 multiprocessing INFO == TRAINING SEED 13 END ==============
== TRAINING SEED 13 END ==============
MainProcess| 2026-06-22 00:29:19,629,629 multiprocessing INFO 
== POST-PROCESS START =================

== POST-PROCESS START =================
MainProcess| 2026-06-22 00:29:19,632,632 multiprocessing INFO -- LOADING LOGS START ----------------
-- LOADING LOGS START ----------------
MainProcess| 2026-06-22 00:29:19,697,697 multiprocessing INFO Successfully loaded Hall of Fame data
Successfully loaded Hall of Fame data
MainProcess| 2026-06-22 00:29:21,290,290 multiprocessing INFO Successfully loaded Pareto Front data
Successfully loaded Pareto Front data
MainProcess| 2026-06-22 00:29:21,290,290 multiprocessing INFO *** WARNING:
*** WARNING:
MainProcess| 2026-06-22 00:29:21,290,290 multiprocessing INFO     --> Can't load summary: [Errno 2] No such file or directory: './log/fn_d_all_z_5_2026-06-21-225218_1/summary.csv'
    --> Can't load summary: [Errno 2] No such file or directory: './log/fn_d_all_z_5_2026-06-21-225218_1/summary.csv'
MainProcess| 2026-06-22 00:29:21,290,290 multiprocessing INFO -- LOADING LOGS END ------------------
-- LOADING LOGS END ------------------
MainProcess| 2026-06-22 00:29:21,290,290 multiprocessing INFO 
-- ANALYZING LOG START --------------

-- ANALYZING LOG START --------------
MainProcess| 2026-06-22 00:29:21,290,290 multiprocessing INFO Task_____________regression
Task_____________regression
MainProcess| 2026-06-22 00:29:21,290,290 multiprocessing INFO Source path______./log/fn_d_all_z_5_2026-06-21-225218_1
Source path______./log/fn_d_all_z_5_2026-06-21-225218_1
MainProcess| 2026-06-22 00:29:21,290,290 multiprocessing INFO Runs_____________N/A
Runs_____________N/A
MainProcess| 2026-06-22 00:29:21,290,290 multiprocessing INFO Max Samples/run__2000000
Max Samples/run__2000000
MainProcess| 2026-06-22 00:29:21,290,290 multiprocessing INFO Found issues:
Found issues:
MainProcess| 2026-06-22 00:29:21,290,290 multiprocessing INFO   0
  0
MainProcess| 2026-06-22 00:29:21,290,290 multiprocessing INFO Hall of Fame (Top 5 of 100)____
Hall of Fame (Top 5 of 100)____
MainProcess| 2026-06-22 00:29:21,291,291 multiprocessing INFO     0: S=013 R=0.997487 <-- [x4**2 + x6**2 + (x1 + x2)**2 + (x5 + sin(x3))**2 - cos(x2)]
    0: S=013 R=0.997487 <-- [x4**2 + x6**2 + (x1 + x2)**2 + (x5 + sin(x3))**2 - cos(x2)]
MainProcess| 2026-06-22 00:29:21,291,291 multiprocessing INFO     1: S=013 R=0.997312 <-- [x4**2 + (x2 + sin(x1) + sin(x3)**8*cos(x5)**2)**2 - cos(x6)]
    1: S=013 R=0.997312 <-- [x4**2 + (x2 + sin(x1) + sin(x3)**8*cos(x5)**2)**2 - cos(x6)]
MainProcess| 2026-06-22 00:29:21,291,291 multiprocessing INFO     2: S=013 R=0.997090 <-- [x1**2 + x2**2 + x4**2 - sin(x1)*cos(x1 + x3 - x5 - x6)]
    2: S=013 R=0.997090 <-- [x1**2 + x2**2 + x4**2 - sin(x1)*cos(x1 + x3 - x5 - x6)]
MainProcess| 2026-06-22 00:29:21,291,291 multiprocessing INFO     3: S=013 R=0.997090 <-- [x1**2 + x2**2 + x4**2 - sin(x1)*cos(x1 + x3 - x5 - x6)]
    3: S=013 R=0.997090 <-- [x1**2 + x2**2 + x4**2 - sin(x1)*cos(x1 + x3 - x5 - x6)]
MainProcess| 2026-06-22 00:29:21,292,292 multiprocessing INFO     4: S=013 R=0.997044 <-- [x4**2 + (x2 + sin(x1) + sin(x3)**4*cos(x5)**2)**2 - cos(x6)]
    4: S=013 R=0.997044 <-- [x4**2 + (x2 + sin(x1) + sin(x3)**4*cos(x5)**2)**2 - cos(x6)]
MainProcess| 2026-06-22 00:29:21,292,292 multiprocessing INFO Pareto Front (5 of 9)____
Pareto Front (5 of 9)____
MainProcess| 2026-06-22 00:29:21,292,292 multiprocessing INFO     0: S=013 R=0.997487 C=22.00 <-- [x4**2 + x6**2 + (x1 + x2)**2 + (x5 + sin(x3))**2 - cos(x2)]
    0: S=013 R=0.997487 C=22.00 <-- [x4**2 + x6**2 + (x1 + x2)**2 + (x5 + sin(x3))**2 - cos(x2)]
MainProcess| 2026-06-22 00:29:21,293,293 multiprocessing INFO     1: S=013 R=0.996631 C=20.00 <-- [x1**2 + x2**2 + x4**2 + sin(x1)*sin(-x3 + x5 + x6)]
    1: S=013 R=0.996631 C=20.00 <-- [x1**2 + x2**2 + x4**2 + sin(x1)*sin(-x3 + x5 + x6)]
MainProcess| 2026-06-22 00:29:21,293,293 multiprocessing INFO     2: S=013 R=0.994484 C=19.00 <-- [x2**2 + x3**2 + x4**2 + x5**2 + x6**2 + (x1 + x2)**2]
    2: S=013 R=0.994484 C=19.00 <-- [x2**2 + x3**2 + x4**2 + x5**2 + x6**2 + (x1 + x2)**2]
MainProcess| 2026-06-22 00:29:21,293,293 multiprocessing INFO     3: S=013 R=0.993956 C=18.00 <-- [x2**2 + x3 + x4**2 + x5**2 + x6**2 + (x1 + x2)**2]
    3: S=013 R=0.993956 C=18.00 <-- [x2**2 + x3 + x4**2 + x5**2 + x6**2 + (x1 + x2)**2]
MainProcess| 2026-06-22 00:29:21,294,294 multiprocessing INFO     4: S=013 R=0.992249 C=16.00 <-- [x1**2 + x2**2 + x4**2 - cos(x3 + x5 + x6)]
    4: S=013 R=0.992249 C=16.00 <-- [x1**2 + x2**2 + x4**2 - cos(x3 + x5 + x6)]
MainProcess| 2026-06-22 00:29:21,294,294 multiprocessing INFO -- ANALYZING LOG END ----------------
-- ANALYZING LOG END ----------------
MainProcess| 2026-06-22 00:29:21,294,294 multiprocessing INFO == POST-PROCESS END ===================
== POST-PROCESS END ===================
MainProcess| 2026-06-22 00:29:21,297,297 multiprocessing INFO [TEST RESULT] {'seed': 1, 'r': 0.9940865833758757, 'nmse_test': 0.0, 'nmse_test_noiseless': 0.0, 'success': True, 'expression': '[x2**2 + x3**2 + x4**2 + x5**2 + x6**2 + (x1 + x2)**2]', 'traversal': 'add,add,n2,add,x2,x1,n2,x6,add,add,n2,x4,add,n2,x5,n2,x3,n2,x2', 'program': add,add,n2,add,x2,x1,n2,x6,add,add,n2,x4,add,n2,x5,n2,x3,n2,x2, 'error_square': 31, 'error_node_underflow': 31, 'n_epochs': 34, 'n_samples': 468326, 'n_cached': 143749, 't': 5819.7059445381165, 'baseline': 'transformer', 'run_seed': 1, 'dataset': 'fn_d_all_z_5'}
[TEST RESULT] {'seed': 1, 'r': 0.9940865833758757, 'nmse_test': 0.0, 'nmse_test_noiseless': 0.0, 'success': True, 'expression': '[x2**2 + x3**2 + x4**2 + x5**2 + x6**2 + (x1 + x2)**2]', 'traversal': 'add,add,n2,add,x2,x1,n2,x6,add,add,n2,x4,add,n2,x5,n2,x3,n2,x2', 'program': add,add,n2,add,x2,x1,n2,x6,add,add,n2,x4,add,n2,x5,n2,x3,n2,x2, 'error_square': 31, 'error_node_underflow': 31, 'n_epochs': 34, 'n_samples': 468326, 'n_cached': 143749, 't': 5819.7059445381165, 'baseline': 'transformer', 'run_seed': 1, 'dataset': 'fn_d_all_z_5'}
MainProcess| 2026-06-22 00:29:21,297,297 multiprocessing INFO INFO: Completed run 1 of 1 in 5820 s | LATEST TEST_RESULT {'seed': 1, 'r': 0.9940865833758757, 'nmse_test': 0.0, 'nmse_test_noiseless': 0.0, 'success': True, 'expression': '[x2**2 + x3**2 + x4**2 + x5**2 + x6**2 + (x1 + x2)**2]', 'traversal': 'add,add,n2,add,x2,x1,n2,x6,add,add,n2,x4,add,n2,x5,n2,x3,n2,x2', 'program': add,add,n2,add,x2,x1,n2,x6,add,add,n2,x4,add,n2,x5,n2,x3,n2,x2, 'error_square': 31, 'error_node_underflow': 31, 'n_epochs': 34, 'n_samples': 468326, 'n_cached': 143749, 't': 5819.7059445381165, 'baseline': 'transformer', 'run_seed': 1, 'dataset': 'fn_d_all_z_5'}
INFO: Completed run 1 of 1 in 5820 s | LATEST TEST_RESULT {'seed': 1, 'r': 0.9940865833758757, 'nmse_test': 0.0, 'nmse_test_noiseless': 0.0, 'success': True, 'expression': '[x2**2 + x3**2 + x4**2 + x5**2 + x6**2 + (x1 + x2)**2]', 'traversal': 'add,add,n2,add,x2,x1,n2,x6,add,add,n2,x4,add,n2,x5,n2,x3,n2,x2', 'program': add,add,n2,add,x2,x1,n2,x6,add,add,n2,x4,add,n2,x5,n2,x3,n2,x2, 'error_square': 31, 'error_node_underflow': 31, 'n_epochs': 34, 'n_samples': 468326, 'n_cached': 143749, 't': 5819.7059445381165, 'baseline': 'transformer', 'run_seed': 1, 'dataset': 'fn_d_all_z_5'}
MainProcess| 2026-06-22 00:29:21,297,297 multiprocessing INFO Fin.
MainProcess| 2026-06-22 00:29:21,299,299 multiprocessing INFO process shutting down
[job] done sys=quad6d seed=1 end=2026-06-22T00:29:30-05:00
