[job] sys=syn9d benchmark=fn_d_all_l seed=2 host=cn2102 gpu=0 start=2026-06-22T02:43:23-05:00
MainProcess| 2026-06-22 02:43:26,868,868 multiprocessing INFO STARTING NEW RUN ==========
MainProcess| 2026-06-22 02:43:26,868,868 multiprocessing INFO SEE LOG AT : ./logs/all_Lyapunov_test_dso-fn_d_all_l_01_log.txt
MainProcess| 2026-06-22 02:43:26,868,868 multiprocessing INFO See log at : ./logs/all_Lyapunov_test_dso-fn_d_all_l_01_log.txt
MainProcess| 2026-06-22 02:43:26,871,871 multiprocessing INFO               variables           expression                                                                                                                                                                                                                                                      train_spec test_spec function_set
name                                                                                                                                                                                                                                                                                                                               
fn_d_all_l_5          9  0*x1+0*x2+0*x3+0*x4  {"x1":{"U":[-1.5,1.5,50000]}, "x2":{"U":[-1.5,1.5,50000]},"x3":{"U":[-1.5,1.5,50000]},"x4":{"U":[-1.5,1.5,50000]},"x5":{"U":[-1.5,1.5,50000]},"x6":{"U":[-1.5,1.5,50000]},"x7":{"U":[-1.5,1.5,50000]},"x8":{"U":[-1.5,1.5,50000]},"x9":{"U":[-1.5,1.5,50000]}}      None         Koza
              variables           expression                                                                                                                                                                                                                                                      train_spec test_spec function_set
name                                                                                                                                                                                                                                                                                                                               
fn_d_all_l_5          9  0*x1+0*x2+0*x3+0*x4  {"x1":{"U":[-1.5,1.5,50000]}, "x2":{"U":[-1.5,1.5,50000]},"x3":{"U":[-1.5,1.5,50000]},"x4":{"U":[-1.5,1.5,50000]},"x5":{"U":[-1.5,1.5,50000]},"x6":{"U":[-1.5,1.5,50000]},"x7":{"U":[-1.5,1.5,50000]},"x8":{"U":[-1.5,1.5,50000]},"x9":{"U":[-1.5,1.5,50000]}}      None         Koza

-- BUILDING DATASET START -----------
Benchmark path                 : /users/9/chen8596/LyaDis/repro/runs/syn9d/libs/sd3/dso/dso/task/regression/benchmarks_bkup_1.csv
Generated data for benchmark   : fn_d_all_l_5
-- BUILDING DATASET END -------------

Function set                   : Koza --> ['add', 'sub', 'mul', 'sin', 'cos', 'n2']

MainProcess| 2026-06-22 02:43:26,984,984 multiprocessing INFO [BASELINE_TESTING NOW] dataset=fn_d_all_l_5 	| baseline=transformer 	| seed=2 	| data_samples=50000 	| noise=0.0
MainProcess| 2026-06-22 02:43:26,987,987 multiprocessing INFO [RUN SETTINGS]: test_dataset=fn_d_all_l_5  batch_outer_datasets=24 pre_train=False load_pre_trained_path= priority_queue_training=True gp_meld=True model=TransformerTreeEncoderController train_path= risk_seeking_pg_train=True
[RUN SETTINGS]: test_dataset=fn_d_all_l_5  batch_outer_datasets=24 pre_train=False load_pre_trained_path= priority_queue_training=True gp_meld=True model=TransformerTreeEncoderController train_path= risk_seeking_pg_train=True
MainProcess| 2026-06-22 02:43:27,043,43 multiprocessing INFO Running model : TransformerTreeEncoderController
Running model : TransformerTreeEncoderController

-- BUILDING DATASET START -----------
Benchmark path                 : /users/9/chen8596/LyaDis/repro/runs/syn9d/libs/sd3/dso/dso/task/regression/benchmarks_bkup_1.csv
Generated data for benchmark   : fn_d_all_l_5
-- BUILDING DATASET END -------------

Function set                   : Koza --> ['add', 'sub', 'mul', 'sin', 'cos', 'n2']

MainProcess| 2026-06-22 02:43:27,076,76 multiprocessing INFO Function set: ['x1', 'x2', 'x3', 'x4', 'x5', 'x6', 'x7', 'x8', 'x9', 'add', 'sub', 'mul', 'sin', 'cos', 'n2']

-- BUILDING DATASET START -----------
Benchmark path                 : /users/9/chen8596/LyaDis/repro/runs/syn9d/libs/sd3/dso/dso/task/regression/benchmarks_bkup_1.csv
Generated data for benchmark   : fn_d_all_l_5
-- BUILDING DATASET END -------------

Function set                   : Koza --> ['add', 'sub', 'mul', 'sin', 'cos', 'n2']

-- BUILDING PRIOR START -------------
WARNING: Skipping invalid 'RelationalConstraint' with arguments {'targets': [], 'effectors': [], 'relationship': None}. Reason: Prior disabled.
WARNING: Skipping invalid 'RepeatConstraint' with arguments {'tokens': 'const', 'min_': None, 'max_': 5}. Reason: Uses Tokens not in the Library.
WARNING: Skipping invalid 'InverseUnaryConstraint' with arguments {}. Reason: There are no inverse unary Token pairs in the Library.
WARNING: Skipping invalid 'ConstConstraint' with arguments {}. Reason: Prior disabled.
WARNING: Skipping invalid 'NoInputsConstraint' with arguments {}. Reason: All terminal tokens are input variables, so allsequences will have an input variable.
WARNING: Skipping invalid 'UniformArityPrior' with arguments {}. Reason: Prior disabled.
LengthConstraint: Sequences have minimum length 22.
                  Sequences have maximum length 29.
TrigConstraint: [sin, cos] cannot be a descendant of [sin, cos].
SoftLengthPrior: No description available.
-- BUILDING PRIOR END ---------------

MainProcess| 2026-06-22 02:43:27,322,322 multiprocessing INFO Transformer overwriting hidden size to input_dim 128
Transformer overwriting hidden size to input_dim 128
MainProcess| 2026-06-22 02:43:28,669,669 multiprocessing INFO Encoder params: {'sinuisodal_embeddings': False, 'dec_pf_dim': 32, 'dec_layers': 1, 'dim_hidden': 128, 'lr': 0.0001, 'dropout': 0, 'num_features': 1, 'ln': True, 'N_p': 0, 'num_inds': 64, 'activation': 'relu', 'bit16': False, 'norm': True, 'linear': True, 'input_normalization': False, 'src_pad_idx': 0, 'trg_pad_idx': 0, 'length_eq': 20, 'n_l_enc': 3, 'mean': 0.5, 'std': 0.5, 'dim_input': 64, 'num_heads': 2, 'output_dim': 10}
Encoder params: {'sinuisodal_embeddings': False, 'dec_pf_dim': 32, 'dec_layers': 1, 'dim_hidden': 128, 'lr': 0.0001, 'dropout': 0, 'num_features': 1, 'ln': True, 'N_p': 0, 'num_inds': 64, 'activation': 'relu', 'bit16': False, 'norm': True, 'linear': True, 'input_normalization': False, 'src_pad_idx': 0, 'trg_pad_idx': 0, 'length_eq': 20, 'n_l_enc': 3, 'mean': 0.5, 'std': 0.5, 'dim_input': 64, 'num_heads': 2, 'output_dim': 10}
MainProcess| 2026-06-22 02:43:28,818,818 multiprocessing INFO TransformerTreeEncoderController parameters: 4039915 	 | trainable : 4039915
TransformerTreeEncoderController parameters: 4039915 	 | trainable : 4039915
MainProcess| 2026-06-22 02:43:28,885,885 multiprocessing INFO GP CONFIG : {'verbose': False, 'generations': 35, 'p_crossover': 0.5, 'p_mutate': 0.5, 'tournament_size': 7, 'train_n': 50, 'mutate_tree_max': 3}
GP CONFIG : {'verbose': False, 'generations': 35, 'p_crossover': 0.5, 'p_mutate': 0.5, 'tournament_size': 7, 'train_n': 50, 'mutate_tree_max': 3}
MainProcess| 2026-06-22 02:43:28,939,939 multiprocessing INFO config: {'experiment': {'logdir': './log', 'seed': 13, 'timestamp': '2026-06-22-024327', 'task_name': 'fn_d_all_l_5', 'save_path': './log/fn_d_all_l_5_2026-06-22-024327_2'}, 'task': {'task_type': 'regression', 'dataset': 'fn_d_all_l_5', 'function_set': ['add', 'sub', 'mul', 'sin', 'cos', 'n2'], 'metric': 'lyapunov_risk', 'metric_params': [1.0], 'extra_metric_test': None, 'extra_metric_test_params': [], 'threshold': 1e-12, 'protected': False, 'reward_noise': 0.0, 'reward_noise_type': 'r', 'normalize_variance': False, 'decision_tree_threshold_set': []}, 'training': {'n_epochs': None, 'n_samples': 2000000, 'batch_size': 500, 'epsilon': 0.1, 'baseline': 'R_e', 'alpha': 0.5, 'b_jumpstart': False, 'n_cores_batch': 1, 'complexity': 'token', 'const_optimizer': 'scipy', 'const_params': {'method': 'L-BFGS-B', 'options': {'gtol': 0.001}}, 'verbose': True, 'debug': 0, 'early_stopping': True, 'hof': 100, 'use_memory': False, 'memory_capacity': 1000.0, 'warm_start': None, 'memory_threshold': None, 'save_all_epoch': False, 'save_summary': False, 'save_positional_entropy': False, 'save_pareto_front': True, 'save_cache': False, 'save_cache_r_min': 0.9, 'save_freq': 1, 'save_token_count': False}, 'state_manager': {'observe_action': False, 'observe_parent': True, 'observe_sibling': True, 'observe_dangling': False, 'embedding': True, 'embedding_size': 64}, 'controller': {'max_length': 64, 'cell': 'lstm', 'num_layers': 1, 'num_units': 64, 'initializer': 'zeros', 'learning_rate': 0.0003, 'optimizer': 'adam', 'entropy_weight': 0.005, 'entropy_gamma': 0.8, 'pqt': True, 'pqt_k': 10, 'pqt_batch_size': 1, 'pqt_weight': 200.0, 'pqt_use_pg': False, 'summary': False, 'rl_weight': 1.0}, 'gp_meld': {'generations': 35, 'p_crossover': 0.5, 'p_mutate': 0.5, 'tournament_size': 7, 'train_n': 50, 'mutate_tree_max': 3}, 'prior': {'relational': {'targets': [], 'effectors': [], 'relationship': None}, 'length': {'min_': 22, 'max_': 29}, 'repeat': {'tokens': 'const', 'min_': None, 'max_': 5}, 'inverse': {}, 'trig': {}, 'const': {}, 'no_inputs': {}, 'uniform_arity': {}, 'soft_length': {'loc': 25, 'scale': 5}}, 'postprocess': {'show_count': 5, 'save_plots': True}, 'model': 'TransformerTreeEncoderController', 'function_names_str': 'x1,x2,x3,x4,x5,x6,x7,x8,x9,add,sub,mul,sin,cos,n2', 'nesymres_train_config': {'architecture': {'sinuisodal_embeddings': False, 'dec_pf_dim': 32, 'dec_layers': 1, 'dim_hidden': 128, 'lr': 0.0001, 'dropout': 0, 'num_features': 1, 'ln': True, 'N_p': 0, 'num_inds': 64, 'activation': 'relu', 'bit16': False, 'norm': True, 'linear': True, 'input_normalization': False, 'src_pad_idx': 0, 'trg_pad_idx': 0, 'length_eq': 20, 'n_l_enc': 3, 'mean': 0.5, 'std': 0.5, 'dim_input': 64, 'num_heads': 2, 'output_dim': 10}}}

-- BUILDING DATASET START -----------
Benchmark path                 : /users/9/chen8596/LyaDis/repro/runs/syn9d/libs/sd3/dso/dso/task/regression/benchmarks_bkup_1.csv
Generated data for benchmark   : fn_d_all_l_5
-- BUILDING DATASET END -------------

Function set                   : Koza --> ['add', 'sub', 'mul', 'sin', 'cos', 'n2']

-- RUNNING EPOCHS START -------------
torch.Size([500, 171])
/users/9/chen8596/miniconda3/envs/alfd/lib/python3.9/site-packages/torch/nn/functional.py:4999: UserWarning: Support for mismatched key_padding_mask and attn_mask is deprecated. Use same type for both instead.
  warnings.warn(
/users/9/chen8596/miniconda3/envs/alfd/lib/python3.9/site-packages/torch/nn/functional.py:4999: UserWarning: Support for mismatched key_padding_mask and attn_mask is deprecated. Use same type for both instead.
  warnings.warn(
/users/9/chen8596/miniconda3/envs/alfd/lib/python3.9/site-packages/torch/nn/functional.py:4999: UserWarning: Support for mismatched key_padding_mask and attn_mask is deprecated. Use same type for both instead.
  warnings.warn(
MainProcess| 2026-06-22 02:47:10,199,199 multiprocessing INFO Genetic Porgramming Runtime 217.09667975315824
Genetic Porgramming Runtime 217.09667975315824

=========================PGD Collection Starts=========================

MainProcess| 2026-06-22 02:47:12,045,45 multiprocessing INFO created temp directory /tmp/pymp-eqjelb76
SpawnPoolWorker-10| 2026-06-22 02:47:15,422,422 multiprocessing INFO STARTING NEW RUN ==========
SpawnPoolWorker-10| 2026-06-22 02:47:15,422,422 multiprocessing INFO SEE LOG AT : ./logs/all_Lyapunov_test_dso-fn_d_all_l_01_log.txt
SpawnPoolWorker-10| 2026-06-22 02:47:15,422,422 multiprocessing INFO See log at : ./logs/all_Lyapunov_test_dso-fn_d_all_l_01_log.txt
SpawnPoolWorker-5| 2026-06-22 02:47:15,422,422 multiprocessing INFO STARTING NEW RUN ==========
SpawnPoolWorker-5| 2026-06-22 02:47:15,423,423 multiprocessing INFO SEE LOG AT : ./logs/all_Lyapunov_test_dso-fn_d_all_l_01_log.txt
SpawnPoolWorker-5| 2026-06-22 02:47:15,423,423 multiprocessing INFO See log at : ./logs/all_Lyapunov_test_dso-fn_d_all_l_01_log.txt
SpawnPoolWorker-5| 2026-06-22 02:47:15,425,425 multiprocessing INFO child process calling self.run()
SpawnPoolWorker-10| 2026-06-22 02:47:15,425,425 multiprocessing INFO child process calling self.run()
SpawnPoolWorker-3| 2026-06-22 02:47:15,426,426 multiprocessing INFO STARTING NEW RUN ==========
SpawnPoolWorker-9| 2026-06-22 02:47:15,426,426 multiprocessing INFO STARTING NEW RUN ==========
SpawnPoolWorker-4| 2026-06-22 02:47:15,426,426 multiprocessing INFO STARTING NEW RUN ==========
SpawnPoolWorker-1| 2026-06-22 02:47:15,426,426 multiprocessing INFO STARTING NEW RUN ==========
SpawnPoolWorker-3| 2026-06-22 02:47:15,427,427 multiprocessing INFO SEE LOG AT : ./logs/all_Lyapunov_test_dso-fn_d_all_l_01_log.txt
SpawnPoolWorker-9| 2026-06-22 02:47:15,427,427 multiprocessing INFO SEE LOG AT : ./logs/all_Lyapunov_test_dso-fn_d_all_l_01_log.txt
SpawnPoolWorker-3| 2026-06-22 02:47:15,427,427 multiprocessing INFO See log at : ./logs/all_Lyapunov_test_dso-fn_d_all_l_01_log.txt
SpawnPoolWorker-9| 2026-06-22 02:47:15,427,427 multiprocessing INFO See log at : ./logs/all_Lyapunov_test_dso-fn_d_all_l_01_log.txt
SpawnPoolWorker-1| 2026-06-22 02:47:15,427,427 multiprocessing INFO SEE LOG AT : ./logs/all_Lyapunov_test_dso-fn_d_all_l_01_log.txt
SpawnPoolWorker-1| 2026-06-22 02:47:15,427,427 multiprocessing INFO See log at : ./logs/all_Lyapunov_test_dso-fn_d_all_l_01_log.txt
SpawnPoolWorker-4| 2026-06-22 02:47:15,427,427 multiprocessing INFO SEE LOG AT : ./logs/all_Lyapunov_test_dso-fn_d_all_l_01_log.txt
SpawnPoolWorker-4| 2026-06-22 02:47:15,427,427 multiprocessing INFO See log at : ./logs/all_Lyapunov_test_dso-fn_d_all_l_01_log.txt
SpawnPoolWorker-6| 2026-06-22 02:47:15,427,427 multiprocessing INFO STARTING NEW RUN ==========
SpawnPoolWorker-6| 2026-06-22 02:47:15,427,427 multiprocessing INFO SEE LOG AT : ./logs/all_Lyapunov_test_dso-fn_d_all_l_01_log.txt
SpawnPoolWorker-6| 2026-06-22 02:47:15,427,427 multiprocessing INFO See log at : ./logs/all_Lyapunov_test_dso-fn_d_all_l_01_log.txt
SpawnPoolWorker-9| 2026-06-22 02:47:15,429,429 multiprocessing INFO child process calling self.run()
SpawnPoolWorker-3| 2026-06-22 02:47:15,429,429 multiprocessing INFO child process calling self.run()
SpawnPoolWorker-4| 2026-06-22 02:47:15,430,430 multiprocessing INFO child process calling self.run()
SpawnPoolWorker-1| 2026-06-22 02:47:15,430,430 multiprocessing INFO child process calling self.run()
SpawnPoolWorker-6| 2026-06-22 02:47:15,432,432 multiprocessing INFO child process calling self.run()
SpawnPoolWorker-2| 2026-06-22 02:47:15,456,456 multiprocessing INFO STARTING NEW RUN ==========
SpawnPoolWorker-2| 2026-06-22 02:47:15,456,456 multiprocessing INFO SEE LOG AT : ./logs/all_Lyapunov_test_dso-fn_d_all_l_01_log.txt
SpawnPoolWorker-2| 2026-06-22 02:47:15,456,456 multiprocessing INFO See log at : ./logs/all_Lyapunov_test_dso-fn_d_all_l_01_log.txt
SpawnPoolWorker-8| 2026-06-22 02:47:15,456,456 multiprocessing INFO STARTING NEW RUN ==========
SpawnPoolWorker-8| 2026-06-22 02:47:15,456,456 multiprocessing INFO SEE LOG AT : ./logs/all_Lyapunov_test_dso-fn_d_all_l_01_log.txt
SpawnPoolWorker-8| 2026-06-22 02:47:15,456,456 multiprocessing INFO See log at : ./logs/all_Lyapunov_test_dso-fn_d_all_l_01_log.txt
SpawnPoolWorker-2| 2026-06-22 02:47:15,459,459 multiprocessing INFO child process calling self.run()
SpawnPoolWorker-8| 2026-06-22 02:47:15,459,459 multiprocessing INFO child process calling self.run()
SpawnPoolWorker-7| 2026-06-22 02:47:15,516,516 multiprocessing INFO STARTING NEW RUN ==========
SpawnPoolWorker-7| 2026-06-22 02:47:15,517,517 multiprocessing INFO SEE LOG AT : ./logs/all_Lyapunov_test_dso-fn_d_all_l_01_log.txt
SpawnPoolWorker-7| 2026-06-22 02:47:15,517,517 multiprocessing INFO See log at : ./logs/all_Lyapunov_test_dso-fn_d_all_l_01_log.txt
SpawnPoolWorker-7| 2026-06-22 02:47:15,521,521 multiprocessing INFO child process calling self.run()
SpawnPoolWorker-10| 2026-06-22 02:47:34,034,34 multiprocessing INFO process shutting down
SpawnPoolWorker-5| 2026-06-22 02:47:34,034,34 multiprocessing INFO process shutting down
SpawnPoolWorker-6| 2026-06-22 02:47:34,034,34 multiprocessing INFO process shutting down
SpawnPoolWorker-7| 2026-06-22 02:47:34,034,34 multiprocessing INFO process shutting down
SpawnPoolWorker-10| 2026-06-22 02:47:34,035,35 multiprocessing INFO process exiting with exitcode 0
SpawnPoolWorker-9| 2026-06-22 02:47:34,035,35 multiprocessing INFO process shutting down
SpawnPoolWorker-3| 2026-06-22 02:47:34,035,35 multiprocessing INFO process shutting down
SpawnPoolWorker-4| 2026-06-22 02:47:34,035,35 multiprocessing INFO process shutting down
SpawnPoolWorker-6| 2026-06-22 02:47:34,035,35 multiprocessing INFO process exiting with exitcode 0
SpawnPoolWorker-9| 2026-06-22 02:47:34,035,35 multiprocessing INFO process exiting with exitcode 0
SpawnPoolWorker-1| 2026-06-22 02:47:34,035,35 multiprocessing INFO process shutting down
SpawnPoolWorker-3| 2026-06-22 02:47:34,035,35 multiprocessing INFO process exiting with exitcode 0
(10000,)

===================Collect 10000 Examples===================

Epsilon 0.1
500
(550,)
(550,)
(550,)
Number of Programs for Minimization: 29
SpawnPoolWorker-16| 2026-06-22 02:47:49,926,926 multiprocessing INFO STARTING NEW RUN ==========
SpawnPoolWorker-16| 2026-06-22 02:47:49,926,926 multiprocessing INFO SEE LOG AT : ./logs/all_Lyapunov_test_dso-fn_d_all_l_01_log.txt
SpawnPoolWorker-16| 2026-06-22 02:47:49,926,926 multiprocessing INFO See log at : ./logs/all_Lyapunov_test_dso-fn_d_all_l_01_log.txt
SpawnPoolWorker-16| 2026-06-22 02:47:49,928,928 multiprocessing INFO child process calling self.run()
SpawnPoolWorker-15| 2026-06-22 02:47:50,983,983 multiprocessing INFO STARTING NEW RUN ==========
SpawnPoolWorker-15| 2026-06-22 02:47:50,983,983 multiprocessing INFO SEE LOG AT : ./logs/all_Lyapunov_test_dso-fn_d_all_l_01_log.txt
SpawnPoolWorker-15| 2026-06-22 02:47:50,983,983 multiprocessing INFO See log at : ./logs/all_Lyapunov_test_dso-fn_d_all_l_01_log.txt
SpawnPoolWorker-15| 2026-06-22 02:47:50,986,986 multiprocessing INFO child process calling self.run()
SpawnPoolWorker-14| 2026-06-22 02:47:53,080,80 multiprocessing INFO STARTING NEW RUN ==========
SpawnPoolWorker-14| 2026-06-22 02:47:53,080,80 multiprocessing INFO SEE LOG AT : ./logs/all_Lyapunov_test_dso-fn_d_all_l_01_log.txt
SpawnPoolWorker-14| 2026-06-22 02:47:53,080,80 multiprocessing INFO See log at : ./logs/all_Lyapunov_test_dso-fn_d_all_l_01_log.txt
SpawnPoolWorker-14| 2026-06-22 02:47:53,096,96 multiprocessing INFO child process calling self.run()
SpawnPoolWorker-27| 2026-06-22 02:47:53,595,595 multiprocessing INFO STARTING NEW RUN ==========
SpawnPoolWorker-27| 2026-06-22 02:47:53,595,595 multiprocessing INFO SEE LOG AT : ./logs/all_Lyapunov_test_dso-fn_d_all_l_01_log.txt
SpawnPoolWorker-27| 2026-06-22 02:47:53,595,595 multiprocessing INFO See log at : ./logs/all_Lyapunov_test_dso-fn_d_all_l_01_log.txt
SpawnPoolWorker-27| 2026-06-22 02:47:53,614,614 multiprocessing INFO child process calling self.run()
SpawnPoolWorker-30| 2026-06-22 02:47:53,615,615 multiprocessing INFO STARTING NEW RUN ==========
SpawnPoolWorker-30| 2026-06-22 02:47:53,615,615 multiprocessing INFO SEE LOG AT : ./logs/all_Lyapunov_test_dso-fn_d_all_l_01_log.txt
SpawnPoolWorker-30| 2026-06-22 02:47:53,615,615 multiprocessing INFO See log at : ./logs/all_Lyapunov_test_dso-fn_d_all_l_01_log.txt
SpawnPoolWorker-30| 2026-06-22 02:47:53,621,621 multiprocessing INFO child process calling self.run()
SpawnPoolWorker-18| 2026-06-22 02:47:53,718,718 multiprocessing INFO STARTING NEW RUN ==========
SpawnPoolWorker-18| 2026-06-22 02:47:53,718,718 multiprocessing INFO SEE LOG AT : ./logs/all_Lyapunov_test_dso-fn_d_all_l_01_log.txt
SpawnPoolWorker-18| 2026-06-22 02:47:53,718,718 multiprocessing INFO See log at : ./logs/all_Lyapunov_test_dso-fn_d_all_l_01_log.txt
SpawnPoolWorker-18| 2026-06-22 02:47:53,721,721 multiprocessing INFO child process calling self.run()
SpawnPoolWorker-23| 2026-06-22 02:47:53,739,739 multiprocessing INFO STARTING NEW RUN ==========
SpawnPoolWorker-23| 2026-06-22 02:47:53,739,739 multiprocessing INFO SEE LOG AT : ./logs/all_Lyapunov_test_dso-fn_d_all_l_01_log.txt
SpawnPoolWorker-23| 2026-06-22 02:47:53,739,739 multiprocessing INFO See log at : ./logs/all_Lyapunov_test_dso-fn_d_all_l_01_log.txt
SpawnPoolWorker-23| 2026-06-22 02:47:53,742,742 multiprocessing INFO child process calling self.run()
SpawnPoolWorker-19| 2026-06-22 02:47:53,746,746 multiprocessing INFO STARTING NEW RUN ==========
SpawnPoolWorker-19| 2026-06-22 02:47:53,753,753 multiprocessing INFO SEE LOG AT : ./logs/all_Lyapunov_test_dso-fn_d_all_l_01_log.txt
SpawnPoolWorker-19| 2026-06-22 02:47:53,753,753 multiprocessing INFO See log at : ./logs/all_Lyapunov_test_dso-fn_d_all_l_01_log.txt
SpawnPoolWorker-19| 2026-06-22 02:47:53,757,757 multiprocessing INFO child process calling self.run()
SpawnPoolWorker-24| 2026-06-22 02:47:53,942,942 multiprocessing INFO STARTING NEW RUN ==========
SpawnPoolWorker-24| 2026-06-22 02:47:53,942,942 multiprocessing INFO SEE LOG AT : ./logs/all_Lyapunov_test_dso-fn_d_all_l_01_log.txt
SpawnPoolWorker-24| 2026-06-22 02:47:53,942,942 multiprocessing INFO See log at : ./logs/all_Lyapunov_test_dso-fn_d_all_l_01_log.txt
SpawnPoolWorker-24| 2026-06-22 02:47:53,951,951 multiprocessing INFO child process calling self.run()
SpawnPoolWorker-28| 2026-06-22 02:47:54,032,32 multiprocessing INFO STARTING NEW RUN ==========
SpawnPoolWorker-28| 2026-06-22 02:47:54,032,32 multiprocessing INFO SEE LOG AT : ./logs/all_Lyapunov_test_dso-fn_d_all_l_01_log.txt
SpawnPoolWorker-28| 2026-06-22 02:47:54,032,32 multiprocessing INFO See log at : ./logs/all_Lyapunov_test_dso-fn_d_all_l_01_log.txt
SpawnPoolWorker-28| 2026-06-22 02:47:54,036,36 multiprocessing INFO child process calling self.run()
SpawnPoolWorker-34| 2026-06-22 02:47:54,179,179 multiprocessing INFO STARTING NEW RUN ==========
SpawnPoolWorker-34| 2026-06-22 02:47:54,179,179 multiprocessing INFO SEE LOG AT : ./logs/all_Lyapunov_test_dso-fn_d_all_l_01_log.txt
SpawnPoolWorker-34| 2026-06-22 02:47:54,179,179 multiprocessing INFO See log at : ./logs/all_Lyapunov_test_dso-fn_d_all_l_01_log.txt
SpawnPoolWorker-34| 2026-06-22 02:47:54,190,190 multiprocessing INFO child process calling self.run()
SpawnPoolWorker-26| 2026-06-22 02:47:54,286,286 multiprocessing INFO STARTING NEW RUN ==========
SpawnPoolWorker-26| 2026-06-22 02:47:54,286,286 multiprocessing INFO SEE LOG AT : ./logs/all_Lyapunov_test_dso-fn_d_all_l_01_log.txt
SpawnPoolWorker-26| 2026-06-22 02:47:54,286,286 multiprocessing INFO See log at : ./logs/all_Lyapunov_test_dso-fn_d_all_l_01_log.txt
SpawnPoolWorker-26| 2026-06-22 02:47:54,292,292 multiprocessing INFO child process calling self.run()
SpawnPoolWorker-13| 2026-06-22 02:47:54,364,364 multiprocessing INFO STARTING NEW RUN ==========
SpawnPoolWorker-13| 2026-06-22 02:47:54,364,364 multiprocessing INFO SEE LOG AT : ./logs/all_Lyapunov_test_dso-fn_d_all_l_01_log.txt
SpawnPoolWorker-13| 2026-06-22 02:47:54,364,364 multiprocessing INFO See log at : ./logs/all_Lyapunov_test_dso-fn_d_all_l_01_log.txt
SpawnPoolWorker-13| 2026-06-22 02:47:54,366,366 multiprocessing INFO child process calling self.run()
SpawnPoolWorker-21| 2026-06-22 02:47:54,401,401 multiprocessing INFO STARTING NEW RUN ==========
SpawnPoolWorker-21| 2026-06-22 02:47:54,401,401 multiprocessing INFO SEE LOG AT : ./logs/all_Lyapunov_test_dso-fn_d_all_l_01_log.txt
SpawnPoolWorker-21| 2026-06-22 02:47:54,401,401 multiprocessing INFO See log at : ./logs/all_Lyapunov_test_dso-fn_d_all_l_01_log.txt
SpawnPoolWorker-12| 2026-06-22 02:47:54,404,404 multiprocessing INFO STARTING NEW RUN ==========
SpawnPoolWorker-12| 2026-06-22 02:47:54,405,405 multiprocessing INFO SEE LOG AT : ./logs/all_Lyapunov_test_dso-fn_d_all_l_01_log.txt
SpawnPoolWorker-12| 2026-06-22 02:47:54,405,405 multiprocessing INFO See log at : ./logs/all_Lyapunov_test_dso-fn_d_all_l_01_log.txt
SpawnPoolWorker-21| 2026-06-22 02:47:54,406,406 multiprocessing INFO child process calling self.run()
SpawnPoolWorker-12| 2026-06-22 02:47:54,416,416 multiprocessing INFO child process calling self.run()
SpawnPoolWorker-11| 2026-06-22 02:47:54,519,519 multiprocessing INFO STARTING NEW RUN ==========
SpawnPoolWorker-11| 2026-06-22 02:47:54,520,520 multiprocessing INFO SEE LOG AT : ./logs/all_Lyapunov_test_dso-fn_d_all_l_01_log.txt
SpawnPoolWorker-11| 2026-06-22 02:47:54,520,520 multiprocessing INFO See log at : ./logs/all_Lyapunov_test_dso-fn_d_all_l_01_log.txt
SpawnPoolWorker-11| 2026-06-22 02:47:54,531,531 multiprocessing INFO child process calling self.run()
SpawnPoolWorker-17| 2026-06-22 02:47:54,533,533 multiprocessing INFO STARTING NEW RUN ==========
SpawnPoolWorker-17| 2026-06-22 02:47:54,533,533 multiprocessing INFO SEE LOG AT : ./logs/all_Lyapunov_test_dso-fn_d_all_l_01_log.txt
SpawnPoolWorker-17| 2026-06-22 02:47:54,533,533 multiprocessing INFO See log at : ./logs/all_Lyapunov_test_dso-fn_d_all_l_01_log.txt
SpawnPoolWorker-17| 2026-06-22 02:47:54,537,537 multiprocessing INFO child process calling self.run()
SpawnPoolWorker-29| 2026-06-22 02:47:54,830,830 multiprocessing INFO STARTING NEW RUN ==========
SpawnPoolWorker-29| 2026-06-22 02:47:54,830,830 multiprocessing INFO SEE LOG AT : ./logs/all_Lyapunov_test_dso-fn_d_all_l_01_log.txt
SpawnPoolWorker-29| 2026-06-22 02:47:54,830,830 multiprocessing INFO See log at : ./logs/all_Lyapunov_test_dso-fn_d_all_l_01_log.txt
SpawnPoolWorker-29| 2026-06-22 02:47:54,835,835 multiprocessing INFO child process calling self.run()
SpawnPoolWorker-22| 2026-06-22 02:47:54,903,903 multiprocessing INFO STARTING NEW RUN ==========
SpawnPoolWorker-22| 2026-06-22 02:47:54,904,904 multiprocessing INFO SEE LOG AT : ./logs/all_Lyapunov_test_dso-fn_d_all_l_01_log.txt
SpawnPoolWorker-22| 2026-06-22 02:47:54,904,904 multiprocessing INFO See log at : ./logs/all_Lyapunov_test_dso-fn_d_all_l_01_log.txt
SpawnPoolWorker-22| 2026-06-22 02:47:54,916,916 multiprocessing INFO child process calling self.run()
SpawnPoolWorker-31| 2026-06-22 02:47:55,002,2 multiprocessing INFO STARTING NEW RUN ==========
SpawnPoolWorker-31| 2026-06-22 02:47:55,002,2 multiprocessing INFO SEE LOG AT : ./logs/all_Lyapunov_test_dso-fn_d_all_l_01_log.txt
SpawnPoolWorker-31| 2026-06-22 02:47:55,002,2 multiprocessing INFO See log at : ./logs/all_Lyapunov_test_dso-fn_d_all_l_01_log.txt
SpawnPoolWorker-31| 2026-06-22 02:47:55,011,11 multiprocessing INFO child process calling self.run()
SpawnPoolWorker-20| 2026-06-22 02:47:55,037,37 multiprocessing INFO STARTING NEW RUN ==========
SpawnPoolWorker-20| 2026-06-22 02:47:55,037,37 multiprocessing INFO SEE LOG AT : ./logs/all_Lyapunov_test_dso-fn_d_all_l_01_log.txt
SpawnPoolWorker-20| 2026-06-22 02:47:55,037,37 multiprocessing INFO See log at : ./logs/all_Lyapunov_test_dso-fn_d_all_l_01_log.txt
SpawnPoolWorker-20| 2026-06-22 02:47:55,040,40 multiprocessing INFO child process calling self.run()
SpawnPoolWorker-32| 2026-06-22 02:47:55,050,50 multiprocessing INFO STARTING NEW RUN ==========
SpawnPoolWorker-32| 2026-06-22 02:47:55,050,50 multiprocessing INFO SEE LOG AT : ./logs/all_Lyapunov_test_dso-fn_d_all_l_01_log.txt
SpawnPoolWorker-32| 2026-06-22 02:47:55,050,50 multiprocessing INFO See log at : ./logs/all_Lyapunov_test_dso-fn_d_all_l_01_log.txt
SpawnPoolWorker-32| 2026-06-22 02:47:55,058,58 multiprocessing INFO child process calling self.run()
SpawnPoolWorker-25| 2026-06-22 02:47:55,518,518 multiprocessing INFO STARTING NEW RUN ==========
SpawnPoolWorker-25| 2026-06-22 02:47:55,518,518 multiprocessing INFO SEE LOG AT : ./logs/all_Lyapunov_test_dso-fn_d_all_l_01_log.txt
SpawnPoolWorker-25| 2026-06-22 02:47:55,518,518 multiprocessing INFO See log at : ./logs/all_Lyapunov_test_dso-fn_d_all_l_01_log.txt
SpawnPoolWorker-25| 2026-06-22 02:47:55,520,520 multiprocessing INFO child process calling self.run()
SpawnPoolWorker-33| 2026-06-22 02:47:55,576,576 multiprocessing INFO STARTING NEW RUN ==========
SpawnPoolWorker-33| 2026-06-22 02:47:55,576,576 multiprocessing INFO SEE LOG AT : ./logs/all_Lyapunov_test_dso-fn_d_all_l_01_log.txt
SpawnPoolWorker-33| 2026-06-22 02:47:55,576,576 multiprocessing INFO See log at : ./logs/all_Lyapunov_test_dso-fn_d_all_l_01_log.txt
SpawnPoolWorker-33| 2026-06-22 02:47:55,602,602 multiprocessing INFO child process calling self.run()
SpawnPoolWorker-16| 2026-06-22 02:55:18,904,904 multiprocessing INFO process shutting down
SpawnPoolWorker-29| 2026-06-22 02:55:18,904,904 multiprocessing INFO process shutting down
SpawnPoolWorker-12| 2026-06-22 02:55:18,905,905 multiprocessing INFO process shutting down
SpawnPoolWorker-28| 2026-06-22 02:55:18,904,904 multiprocessing INFO process shutting down
SpawnPoolWorker-14| 2026-06-22 02:55:18,904,904 multiprocessing INFO process shutting down
SpawnPoolWorker-15| 2026-06-22 02:55:18,905,905 multiprocessing INFO process shutting down
SpawnPoolWorker-25| 2026-06-22 02:55:18,905,905 multiprocessing INFO process shutting down
SpawnPoolWorker-16| 2026-06-22 02:55:18,905,905 multiprocessing INFO process exiting with exitcode 0
SpawnPoolWorker-19| 2026-06-22 02:55:18,905,905 multiprocessing INFO process shutting down
SpawnPoolWorker-15| 2026-06-22 02:55:18,905,905 multiprocessing INFO process exiting with exitcode 0
SpawnPoolWorker-34| 2026-06-22 02:55:18,905,905 multiprocessing INFO process shutting down
SpawnPoolWorker-22| 2026-06-22 02:55:18,905,905 multiprocessing INFO process shutting down
SpawnPoolWorker-29| 2026-06-22 02:55:18,906,906 multiprocessing INFO process exiting with exitcode 0
SpawnPoolWorker-34| 2026-06-22 02:55:18,906,906 multiprocessing INFO process exiting with exitcode 0
SpawnPoolWorker-22| 2026-06-22 02:55:18,906,906 multiprocessing INFO process exiting with exitcode 0
SpawnPoolWorker-19| 2026-06-22 02:55:18,906,906 multiprocessing INFO process exiting with exitcode 0
SpawnPoolWorker-33| 2026-06-22 02:55:18,906,906 multiprocessing INFO process shutting down
SpawnPoolWorker-26| 2026-06-22 02:55:18,907,907 multiprocessing INFO process shutting down
SpawnPoolWorker-23| 2026-06-22 02:55:18,907,907 multiprocessing INFO process shutting down
SpawnPoolWorker-11| 2026-06-22 02:55:18,907,907 multiprocessing INFO process shutting down
SpawnPoolWorker-17| 2026-06-22 02:55:18,907,907 multiprocessing INFO process shutting down
SpawnPoolWorker-28| 2026-06-22 02:55:18,908,908 multiprocessing INFO process exiting with exitcode 0
SpawnPoolWorker-17| 2026-06-22 02:55:18,908,908 multiprocessing INFO process exiting with exitcode 0
SpawnPoolWorker-32| 2026-06-22 02:55:18,908,908 multiprocessing INFO process shutting down
SpawnPoolWorker-21| 2026-06-22 02:55:18,907,907 multiprocessing INFO process shutting down
SpawnPoolWorker-18| 2026-06-22 02:55:18,908,908 multiprocessing INFO process shutting down
SpawnPoolWorker-27| 2026-06-22 02:55:18,908,908 multiprocessing INFO process shutting down
SpawnPoolWorker-14| 2026-06-22 02:55:18,910,910 multiprocessing INFO process exiting with exitcode 0
SpawnPoolWorker-13| 2026-06-22 02:55:18,911,911 multiprocessing INFO process shutting down
SpawnPoolWorker-20| 2026-06-22 02:55:18,911,911 multiprocessing INFO process shutting down
SpawnPoolWorker-25| 2026-06-22 02:55:18,912,912 multiprocessing INFO process exiting with exitcode 0
SpawnPoolWorker-30| 2026-06-22 02:55:18,913,913 multiprocessing INFO process shutting down
SpawnPoolWorker-31| 2026-06-22 02:55:18,928,928 multiprocessing INFO process shutting down
SpawnPoolWorker-24| 2026-06-22 02:55:18,928,928 multiprocessing INFO process shutting down
SpawnPoolWorker-26| 2026-06-22 02:55:18,930,930 multiprocessing INFO process exiting with exitcode 0
SpawnPoolWorker-33| 2026-06-22 02:55:18,931,931 multiprocessing INFO process exiting with exitcode 0
29
(100000, 9)
(100000,)
(100000, 9)
(100000,)

=======================Successfully Added (50000, 9) Counter Examples=======================


============None of the candidates fulfill the conditions. Training CONTINUES!=================

MainProcess| 2026-06-22 02:55:30,603,603 multiprocessing INFO 
============None of the candidates fulfill the conditions. Training CONTINUES!=================


============None of the candidates fulfill the conditions. Training CONTINUES!=================

(550, 171)
/users/9/chen8596/miniconda3/envs/alfd/lib/python3.9/site-packages/torch/nn/functional.py:4999: UserWarning: Support for mismatched key_padding_mask and attn_mask is deprecated. Use same type for both instead.
  warnings.warn(

==============Start Supervised Learning==============

MainProcess| 2026-06-22 02:55:48,640,640 multiprocessing INFO GP output mean: 0.5277656170214973
GP output mean: 0.5277656170214973
MainProcess| 2026-06-22 02:55:50,319,319 multiprocessing INFO GP output success rate: 0.0
GP output success rate: 0.0

==============End Supervised Learning==============

/users/9/chen8596/LyaDis/repro/runs/syn9d/utils/train.py:971: RuntimeWarning: divide by zero encountered in divide
  error = np.abs(((y_hat - y) / y))
/users/9/chen8596/.local/lib/python3.9/site-packages/scipy/stats/_stats_py.py:4424: ConstantInputWarning: An input array is constant; the correlation coefficient is not defined.
  warnings.warn(stats.ConstantInputWarning(msg))
MainProcess| 2026-06-22 02:55:53,844,844 multiprocessing INFO [Test epoch=0001]  nevals=13742 	| train_loss=14680.87988 	| eqs_invalid %=0.00 	| r_best=0.92817 	| quantile=0.00000 	| r_quantile_mean=0.05043 	| r_raw_sum=27.73644 	|  r_raw_mean=0.55473 	| r2=nan 	| acc_iid=0.00000 	| acc_ood=0.00000 	| nmse_test=0.05921942334812633 	| true_equation_set_count=0 	| s/it=744.85691
[Test epoch=0001]  nevals=13742 	| train_loss=14680.87988 	| eqs_invalid %=0.00 	| r_best=0.92817 	| quantile=0.00000 	| r_quantile_mean=0.05043 	| r_raw_sum=27.73644 	|  r_raw_mean=0.55473 	| r2=nan 	| acc_iid=0.00000 	| acc_ood=0.00000 	| nmse_test=0.05921942334812633 	| true_equation_set_count=0 	| s/it=744.85691
MainProcess| 2026-06-22 02:55:53,844,844 multiprocessing INFO [00:00:12:24.87] Training epoch 1/4000, current best R: 0.9282
[00:00:12:24.87] Training epoch 1/4000, current best R: 0.9282
MainProcess| 2026-06-22 02:55:53,844,844 multiprocessing INFO 
	** New best

	** New best
MainProcess| 2026-06-22 02:55:53,844,844 multiprocessing INFO 	Reward: 0.9281749444333132
	Reward: 0.9281749444333132
MainProcess| 2026-06-22 02:55:53,844,844 multiprocessing INFO 	Count Off-policy: 1
	Count Off-policy: 1
MainProcess| 2026-06-22 02:55:53,844,844 multiprocessing INFO 	Count On-policy: 0
	Count On-policy: 0
MainProcess| 2026-06-22 02:55:53,844,844 multiprocessing INFO 	Originally on Policy: False
	Originally on Policy: False
MainProcess| 2026-06-22 02:55:53,844,844 multiprocessing INFO 	Invalid: False
	Invalid: False
MainProcess| 2026-06-22 02:55:53,844,844 multiprocessing INFO 	Traversal: n2,add,n2,x5,sub,n2,add,x6,x6,mul,x4,sub,x6,add,x2,mul,x4,n2,mul,x1,add,x7,add,x3,sub,x8,sub,x9,x5
	Traversal: n2,add,n2,x5,sub,n2,add,x6,x6,mul,x4,sub,x6,add,x2,mul,x4,n2,mul,x1,add,x7,add,x3,sub,x8,sub,x9,x5
MainProcess| 2026-06-22 02:55:53,844,844 multiprocessing INFO 	Expression:
	Expression:
MainProcess| 2026-06-22 02:55:53,967,967 multiprocessing INFO 
	                                                                     2
	  ⎛     ⎛    2                            2          ⎞     2       2⎞ 
	  ⎝- x₄⋅⎝- x₁ ⋅x₄⋅(x₃ + x₅ + x₇ + x₈ - x₉)  - x₂ + x₆⎠ + x₅  + 4⋅x₆ ⎠ 


	                                                                     2
	  ⎛     ⎛    2                            2          ⎞     2       2⎞ 
	  ⎝- x₄⋅⎝- x₁ ⋅x₄⋅(x₃ + x₅ + x₇ + x₈ - x₉)  - x₂ + x₆⎠ + x₅  + 4⋅x₆ ⎠ 

MainProcess| 2026-06-22 02:59:50,458,458 multiprocessing INFO Genetic Porgramming Runtime 234.95362939103507
Genetic Porgramming Runtime 234.95362939103507

=========================PGD Collection Starts=========================

SpawnPoolWorker-36| 2026-06-22 02:59:55,651,651 multiprocessing INFO STARTING NEW RUN ==========
SpawnPoolWorker-36| 2026-06-22 02:59:55,652,652 multiprocessing INFO SEE LOG AT : ./logs/all_Lyapunov_test_dso-fn_d_all_l_01_log.txt
SpawnPoolWorker-36| 2026-06-22 02:59:55,652,652 multiprocessing INFO See log at : ./logs/all_Lyapunov_test_dso-fn_d_all_l_01_log.txt
SpawnPoolWorker-36| 2026-06-22 02:59:55,654,654 multiprocessing INFO child process calling self.run()
SpawnPoolWorker-37| 2026-06-22 02:59:55,783,783 multiprocessing INFO STARTING NEW RUN ==========
SpawnPoolWorker-37| 2026-06-22 02:59:55,783,783 multiprocessing INFO SEE LOG AT : ./logs/all_Lyapunov_test_dso-fn_d_all_l_01_log.txt
SpawnPoolWorker-37| 2026-06-22 02:59:55,783,783 multiprocessing INFO See log at : ./logs/all_Lyapunov_test_dso-fn_d_all_l_01_log.txt
SpawnPoolWorker-37| 2026-06-22 02:59:55,785,785 multiprocessing INFO child process calling self.run()
SpawnPoolWorker-41| 2026-06-22 02:59:55,797,797 multiprocessing INFO STARTING NEW RUN ==========
SpawnPoolWorker-41| 2026-06-22 02:59:55,797,797 multiprocessing INFO SEE LOG AT : ./logs/all_Lyapunov_test_dso-fn_d_all_l_01_log.txt
SpawnPoolWorker-41| 2026-06-22 02:59:55,797,797 multiprocessing INFO See log at : ./logs/all_Lyapunov_test_dso-fn_d_all_l_01_log.txt
SpawnPoolWorker-41| 2026-06-22 02:59:55,800,800 multiprocessing INFO child process calling self.run()
SpawnPoolWorker-42| 2026-06-22 02:59:55,949,949 multiprocessing INFO STARTING NEW RUN ==========
SpawnPoolWorker-42| 2026-06-22 02:59:55,949,949 multiprocessing INFO SEE LOG AT : ./logs/all_Lyapunov_test_dso-fn_d_all_l_01_log.txt
SpawnPoolWorker-42| 2026-06-22 02:59:55,949,949 multiprocessing INFO See log at : ./logs/all_Lyapunov_test_dso-fn_d_all_l_01_log.txt
SpawnPoolWorker-42| 2026-06-22 02:59:55,951,951 multiprocessing INFO child process calling self.run()
SpawnPoolWorker-39| 2026-06-22 02:59:56,002,2 multiprocessing INFO STARTING NEW RUN ==========
SpawnPoolWorker-39| 2026-06-22 02:59:56,002,2 multiprocessing INFO SEE LOG AT : ./logs/all_Lyapunov_test_dso-fn_d_all_l_01_log.txt
SpawnPoolWorker-39| 2026-06-22 02:59:56,002,2 multiprocessing INFO See log at : ./logs/all_Lyapunov_test_dso-fn_d_all_l_01_log.txt
SpawnPoolWorker-39| 2026-06-22 02:59:56,015,15 multiprocessing INFO child process calling self.run()
SpawnPoolWorker-44| 2026-06-22 02:59:56,020,20 multiprocessing INFO STARTING NEW RUN ==========
SpawnPoolWorker-44| 2026-06-22 02:59:56,020,20 multiprocessing INFO SEE LOG AT : ./logs/all_Lyapunov_test_dso-fn_d_all_l_01_log.txt
SpawnPoolWorker-44| 2026-06-22 02:59:56,020,20 multiprocessing INFO See log at : ./logs/all_Lyapunov_test_dso-fn_d_all_l_01_log.txt
SpawnPoolWorker-44| 2026-06-22 02:59:56,026,26 multiprocessing INFO child process calling self.run()
SpawnPoolWorker-35| 2026-06-22 02:59:56,070,70 multiprocessing INFO STARTING NEW RUN ==========
SpawnPoolWorker-35| 2026-06-22 02:59:56,071,71 multiprocessing INFO SEE LOG AT : ./logs/all_Lyapunov_test_dso-fn_d_all_l_01_log.txt
SpawnPoolWorker-35| 2026-06-22 02:59:56,071,71 multiprocessing INFO See log at : ./logs/all_Lyapunov_test_dso-fn_d_all_l_01_log.txt
SpawnPoolWorker-35| 2026-06-22 02:59:56,072,72 multiprocessing INFO child process calling self.run()
SpawnPoolWorker-40| 2026-06-22 02:59:56,102,102 multiprocessing INFO STARTING NEW RUN ==========
SpawnPoolWorker-40| 2026-06-22 02:59:56,102,102 multiprocessing INFO SEE LOG AT : ./logs/all_Lyapunov_test_dso-fn_d_all_l_01_log.txt
SpawnPoolWorker-40| 2026-06-22 02:59:56,102,102 multiprocessing INFO See log at : ./logs/all_Lyapunov_test_dso-fn_d_all_l_01_log.txt
SpawnPoolWorker-40| 2026-06-22 02:59:56,104,104 multiprocessing INFO child process calling self.run()
SpawnPoolWorker-38| 2026-06-22 02:59:56,161,161 multiprocessing INFO STARTING NEW RUN ==========
SpawnPoolWorker-38| 2026-06-22 02:59:56,161,161 multiprocessing INFO SEE LOG AT : ./logs/all_Lyapunov_test_dso-fn_d_all_l_01_log.txt
SpawnPoolWorker-38| 2026-06-22 02:59:56,161,161 multiprocessing INFO See log at : ./logs/all_Lyapunov_test_dso-fn_d_all_l_01_log.txt
SpawnPoolWorker-38| 2026-06-22 02:59:56,179,179 multiprocessing INFO child process calling self.run()
SpawnPoolWorker-43| 2026-06-22 02:59:56,241,241 multiprocessing INFO STARTING NEW RUN ==========
SpawnPoolWorker-43| 2026-06-22 02:59:56,241,241 multiprocessing INFO SEE LOG AT : ./logs/all_Lyapunov_test_dso-fn_d_all_l_01_log.txt
SpawnPoolWorker-43| 2026-06-22 02:59:56,241,241 multiprocessing INFO See log at : ./logs/all_Lyapunov_test_dso-fn_d_all_l_01_log.txt
SpawnPoolWorker-43| 2026-06-22 02:59:56,243,243 multiprocessing INFO child process calling self.run()
SpawnPoolWorker-38| 2026-06-22 03:00:15,306,306 multiprocessing INFO process shutting down
SpawnPoolWorker-37| 2026-06-22 03:00:15,306,306 multiprocessing INFO process shutting down
SpawnPoolWorker-38| 2026-06-22 03:00:15,307,307 multiprocessing INFO process exiting with exitcode 0
SpawnPoolWorker-37| 2026-06-22 03:00:15,307,307 multiprocessing INFO process exiting with exitcode 0
SpawnPoolWorker-44| 2026-06-22 03:00:15,307,307 multiprocessing INFO process shutting down
SpawnPoolWorker-44| 2026-06-22 03:00:15,307,307 multiprocessing INFO process exiting with exitcode 0
SpawnPoolWorker-39| 2026-06-22 03:00:15,307,307 multiprocessing INFO process shutting down
SpawnPoolWorker-43| 2026-06-22 03:00:15,307,307 multiprocessing INFO process shutting down
SpawnPoolWorker-41| 2026-06-22 03:00:15,307,307 multiprocessing INFO process shutting down
SpawnPoolWorker-42| 2026-06-22 03:00:15,307,307 multiprocessing INFO process shutting down
(20000,)

===================Collect 20000 Examples===================

Epsilon 0.1
500
(550,)
(550,)
(550,)
Number of Programs for Minimization: 28
SpawnPoolWorker-51| 2026-06-22 03:00:35,292,292 multiprocessing INFO STARTING NEW RUN ==========
SpawnPoolWorker-51| 2026-06-22 03:00:35,292,292 multiprocessing INFO SEE LOG AT : ./logs/all_Lyapunov_test_dso-fn_d_all_l_01_log.txt
SpawnPoolWorker-51| 2026-06-22 03:00:35,292,292 multiprocessing INFO See log at : ./logs/all_Lyapunov_test_dso-fn_d_all_l_01_log.txt
SpawnPoolWorker-51| 2026-06-22 03:00:35,310,310 multiprocessing INFO child process calling self.run()
SpawnPoolWorker-54| 2026-06-22 03:00:36,625,625 multiprocessing INFO STARTING NEW RUN ==========
SpawnPoolWorker-54| 2026-06-22 03:00:36,625,625 multiprocessing INFO SEE LOG AT : ./logs/all_Lyapunov_test_dso-fn_d_all_l_01_log.txt
SpawnPoolWorker-54| 2026-06-22 03:00:36,625,625 multiprocessing INFO See log at : ./logs/all_Lyapunov_test_dso-fn_d_all_l_01_log.txt
SpawnPoolWorker-54| 2026-06-22 03:00:36,627,627 multiprocessing INFO child process calling self.run()
SpawnPoolWorker-45| 2026-06-22 03:00:37,754,754 multiprocessing INFO STARTING NEW RUN ==========
SpawnPoolWorker-45| 2026-06-22 03:00:37,754,754 multiprocessing INFO SEE LOG AT : ./logs/all_Lyapunov_test_dso-fn_d_all_l_01_log.txt
SpawnPoolWorker-45| 2026-06-22 03:00:37,754,754 multiprocessing INFO See log at : ./logs/all_Lyapunov_test_dso-fn_d_all_l_01_log.txt
SpawnPoolWorker-45| 2026-06-22 03:00:37,765,765 multiprocessing INFO child process calling self.run()
SpawnPoolWorker-49| 2026-06-22 03:00:38,062,62 multiprocessing INFO STARTING NEW RUN ==========
SpawnPoolWorker-49| 2026-06-22 03:00:38,062,62 multiprocessing INFO SEE LOG AT : ./logs/all_Lyapunov_test_dso-fn_d_all_l_01_log.txt
SpawnPoolWorker-49| 2026-06-22 03:00:38,062,62 multiprocessing INFO See log at : ./logs/all_Lyapunov_test_dso-fn_d_all_l_01_log.txt
SpawnPoolWorker-60| 2026-06-22 03:00:38,064,64 multiprocessing INFO STARTING NEW RUN ==========
SpawnPoolWorker-60| 2026-06-22 03:00:38,064,64 multiprocessing INFO SEE LOG AT : ./logs/all_Lyapunov_test_dso-fn_d_all_l_01_log.txt
SpawnPoolWorker-60| 2026-06-22 03:00:38,064,64 multiprocessing INFO See log at : ./logs/all_Lyapunov_test_dso-fn_d_all_l_01_log.txt
SpawnPoolWorker-49| 2026-06-22 03:00:38,070,70 multiprocessing INFO child process calling self.run()
SpawnPoolWorker-60| 2026-06-22 03:00:38,071,71 multiprocessing INFO child process calling self.run()
SpawnPoolWorker-56| 2026-06-22 03:00:38,888,888 multiprocessing INFO STARTING NEW RUN ==========
SpawnPoolWorker-56| 2026-06-22 03:00:38,888,888 multiprocessing INFO SEE LOG AT : ./logs/all_Lyapunov_test_dso-fn_d_all_l_01_log.txt
SpawnPoolWorker-56| 2026-06-22 03:00:38,888,888 multiprocessing INFO See log at : ./logs/all_Lyapunov_test_dso-fn_d_all_l_01_log.txt
SpawnPoolWorker-56| 2026-06-22 03:00:38,896,896 multiprocessing INFO child process calling self.run()
SpawnPoolWorker-66| 2026-06-22 03:00:39,105,105 multiprocessing INFO STARTING NEW RUN ==========
SpawnPoolWorker-66| 2026-06-22 03:00:39,105,105 multiprocessing INFO SEE LOG AT : ./logs/all_Lyapunov_test_dso-fn_d_all_l_01_log.txt
SpawnPoolWorker-66| 2026-06-22 03:00:39,105,105 multiprocessing INFO See log at : ./logs/all_Lyapunov_test_dso-fn_d_all_l_01_log.txt
SpawnPoolWorker-66| 2026-06-22 03:00:39,110,110 multiprocessing INFO child process calling self.run()
SpawnPoolWorker-52| 2026-06-22 03:00:39,650,650 multiprocessing INFO STARTING NEW RUN ==========
SpawnPoolWorker-52| 2026-06-22 03:00:39,650,650 multiprocessing INFO SEE LOG AT : ./logs/all_Lyapunov_test_dso-fn_d_all_l_01_log.txt
SpawnPoolWorker-52| 2026-06-22 03:00:39,650,650 multiprocessing INFO See log at : ./logs/all_Lyapunov_test_dso-fn_d_all_l_01_log.txt
SpawnPoolWorker-52| 2026-06-22 03:00:39,654,654 multiprocessing INFO child process calling self.run()
SpawnPoolWorker-65| 2026-06-22 03:00:39,677,677 multiprocessing INFO STARTING NEW RUN ==========
SpawnPoolWorker-65| 2026-06-22 03:00:39,677,677 multiprocessing INFO SEE LOG AT : ./logs/all_Lyapunov_test_dso-fn_d_all_l_01_log.txt
SpawnPoolWorker-65| 2026-06-22 03:00:39,677,677 multiprocessing INFO See log at : ./logs/all_Lyapunov_test_dso-fn_d_all_l_01_log.txt
SpawnPoolWorker-65| 2026-06-22 03:00:39,689,689 multiprocessing INFO child process calling self.run()
SpawnPoolWorker-50| 2026-06-22 03:00:39,774,774 multiprocessing INFO STARTING NEW RUN ==========
SpawnPoolWorker-50| 2026-06-22 03:00:39,774,774 multiprocessing INFO SEE LOG AT : ./logs/all_Lyapunov_test_dso-fn_d_all_l_01_log.txt
SpawnPoolWorker-50| 2026-06-22 03:00:39,774,774 multiprocessing INFO See log at : ./logs/all_Lyapunov_test_dso-fn_d_all_l_01_log.txt
SpawnPoolWorker-50| 2026-06-22 03:00:39,784,784 multiprocessing INFO child process calling self.run()
SpawnPoolWorker-61| 2026-06-22 03:00:40,219,219 multiprocessing INFO STARTING NEW RUN ==========
SpawnPoolWorker-61| 2026-06-22 03:00:40,219,219 multiprocessing INFO SEE LOG AT : ./logs/all_Lyapunov_test_dso-fn_d_all_l_01_log.txt
SpawnPoolWorker-61| 2026-06-22 03:00:40,219,219 multiprocessing INFO See log at : ./logs/all_Lyapunov_test_dso-fn_d_all_l_01_log.txt
SpawnPoolWorker-61| 2026-06-22 03:00:40,222,222 multiprocessing INFO child process calling self.run()
SpawnPoolWorker-59| 2026-06-22 03:00:40,278,278 multiprocessing INFO STARTING NEW RUN ==========
SpawnPoolWorker-59| 2026-06-22 03:00:40,279,279 multiprocessing INFO SEE LOG AT : ./logs/all_Lyapunov_test_dso-fn_d_all_l_01_log.txt
SpawnPoolWorker-59| 2026-06-22 03:00:40,279,279 multiprocessing INFO See log at : ./logs/all_Lyapunov_test_dso-fn_d_all_l_01_log.txt
SpawnPoolWorker-59| 2026-06-22 03:00:40,282,282 multiprocessing INFO child process calling self.run()
SpawnPoolWorker-53| 2026-06-22 03:00:40,308,308 multiprocessing INFO STARTING NEW RUN ==========
SpawnPoolWorker-53| 2026-06-22 03:00:40,308,308 multiprocessing INFO SEE LOG AT : ./logs/all_Lyapunov_test_dso-fn_d_all_l_01_log.txt
SpawnPoolWorker-53| 2026-06-22 03:00:40,308,308 multiprocessing INFO See log at : ./logs/all_Lyapunov_test_dso-fn_d_all_l_01_log.txt
SpawnPoolWorker-53| 2026-06-22 03:00:40,312,312 multiprocessing INFO child process calling self.run()
SpawnPoolWorker-46| 2026-06-22 03:00:40,356,356 multiprocessing INFO STARTING NEW RUN ==========
SpawnPoolWorker-46| 2026-06-22 03:00:40,356,356 multiprocessing INFO SEE LOG AT : ./logs/all_Lyapunov_test_dso-fn_d_all_l_01_log.txt
SpawnPoolWorker-46| 2026-06-22 03:00:40,356,356 multiprocessing INFO See log at : ./logs/all_Lyapunov_test_dso-fn_d_all_l_01_log.txt
SpawnPoolWorker-46| 2026-06-22 03:00:40,363,363 multiprocessing INFO child process calling self.run()
SpawnPoolWorker-64| 2026-06-22 03:00:40,500,500 multiprocessing INFO STARTING NEW RUN ==========
SpawnPoolWorker-64| 2026-06-22 03:00:40,501,501 multiprocessing INFO SEE LOG AT : ./logs/all_Lyapunov_test_dso-fn_d_all_l_01_log.txt
SpawnPoolWorker-64| 2026-06-22 03:00:40,501,501 multiprocessing INFO See log at : ./logs/all_Lyapunov_test_dso-fn_d_all_l_01_log.txt
SpawnPoolWorker-64| 2026-06-22 03:00:40,510,510 multiprocessing INFO child process calling self.run()
SpawnPoolWorker-47| 2026-06-22 03:00:40,866,866 multiprocessing INFO STARTING NEW RUN ==========
SpawnPoolWorker-47| 2026-06-22 03:00:40,866,866 multiprocessing INFO SEE LOG AT : ./logs/all_Lyapunov_test_dso-fn_d_all_l_01_log.txt
SpawnPoolWorker-47| 2026-06-22 03:00:40,866,866 multiprocessing INFO See log at : ./logs/all_Lyapunov_test_dso-fn_d_all_l_01_log.txt
SpawnPoolWorker-47| 2026-06-22 03:00:40,869,869 multiprocessing INFO child process calling self.run()
SpawnPoolWorker-62| 2026-06-22 03:00:41,067,67 multiprocessing INFO STARTING NEW RUN ==========
SpawnPoolWorker-62| 2026-06-22 03:00:41,067,67 multiprocessing INFO SEE LOG AT : ./logs/all_Lyapunov_test_dso-fn_d_all_l_01_log.txt
SpawnPoolWorker-62| 2026-06-22 03:00:41,067,67 multiprocessing INFO See log at : ./logs/all_Lyapunov_test_dso-fn_d_all_l_01_log.txt
SpawnPoolWorker-62| 2026-06-22 03:00:41,075,75 multiprocessing INFO child process calling self.run()
SpawnPoolWorker-58| 2026-06-22 03:00:41,402,402 multiprocessing INFO STARTING NEW RUN ==========
SpawnPoolWorker-58| 2026-06-22 03:00:41,402,402 multiprocessing INFO SEE LOG AT : ./logs/all_Lyapunov_test_dso-fn_d_all_l_01_log.txt
SpawnPoolWorker-58| 2026-06-22 03:00:41,402,402 multiprocessing INFO See log at : ./logs/all_Lyapunov_test_dso-fn_d_all_l_01_log.txt
SpawnPoolWorker-58| 2026-06-22 03:00:41,405,405 multiprocessing INFO child process calling self.run()
SpawnPoolWorker-57| 2026-06-22 03:00:41,708,708 multiprocessing INFO STARTING NEW RUN ==========
SpawnPoolWorker-57| 2026-06-22 03:00:41,708,708 multiprocessing INFO SEE LOG AT : ./logs/all_Lyapunov_test_dso-fn_d_all_l_01_log.txt
SpawnPoolWorker-57| 2026-06-22 03:00:41,708,708 multiprocessing INFO See log at : ./logs/all_Lyapunov_test_dso-fn_d_all_l_01_log.txt
SpawnPoolWorker-57| 2026-06-22 03:00:41,719,719 multiprocessing INFO child process calling self.run()
SpawnPoolWorker-48| 2026-06-22 03:00:42,177,177 multiprocessing INFO STARTING NEW RUN ==========
SpawnPoolWorker-48| 2026-06-22 03:00:42,177,177 multiprocessing INFO SEE LOG AT : ./logs/all_Lyapunov_test_dso-fn_d_all_l_01_log.txt
SpawnPoolWorker-48| 2026-06-22 03:00:42,177,177 multiprocessing INFO See log at : ./logs/all_Lyapunov_test_dso-fn_d_all_l_01_log.txt
SpawnPoolWorker-48| 2026-06-22 03:00:42,185,185 multiprocessing INFO child process calling self.run()
SpawnPoolWorker-63| 2026-06-22 03:00:42,239,239 multiprocessing INFO STARTING NEW RUN ==========
SpawnPoolWorker-63| 2026-06-22 03:00:42,240,240 multiprocessing INFO SEE LOG AT : ./logs/all_Lyapunov_test_dso-fn_d_all_l_01_log.txt
SpawnPoolWorker-63| 2026-06-22 03:00:42,240,240 multiprocessing INFO See log at : ./logs/all_Lyapunov_test_dso-fn_d_all_l_01_log.txt
SpawnPoolWorker-63| 2026-06-22 03:00:42,243,243 multiprocessing INFO child process calling self.run()
SpawnPoolWorker-67| 2026-06-22 03:00:42,902,902 multiprocessing INFO STARTING NEW RUN ==========
SpawnPoolWorker-67| 2026-06-22 03:00:42,902,902 multiprocessing INFO SEE LOG AT : ./logs/all_Lyapunov_test_dso-fn_d_all_l_01_log.txt
SpawnPoolWorker-67| 2026-06-22 03:00:42,902,902 multiprocessing INFO See log at : ./logs/all_Lyapunov_test_dso-fn_d_all_l_01_log.txt
SpawnPoolWorker-67| 2026-06-22 03:00:42,904,904 multiprocessing INFO child process calling self.run()
SpawnPoolWorker-55| 2026-06-22 03:00:43,062,62 multiprocessing INFO STARTING NEW RUN ==========
SpawnPoolWorker-55| 2026-06-22 03:00:43,062,62 multiprocessing INFO SEE LOG AT : ./logs/all_Lyapunov_test_dso-fn_d_all_l_01_log.txt
SpawnPoolWorker-55| 2026-06-22 03:00:43,062,62 multiprocessing INFO See log at : ./logs/all_Lyapunov_test_dso-fn_d_all_l_01_log.txt
SpawnPoolWorker-55| 2026-06-22 03:00:43,069,69 multiprocessing INFO child process calling self.run()
SpawnPoolWorker-68| 2026-06-22 03:00:43,579,579 multiprocessing INFO STARTING NEW RUN ==========
SpawnPoolWorker-68| 2026-06-22 03:00:43,579,579 multiprocessing INFO SEE LOG AT : ./logs/all_Lyapunov_test_dso-fn_d_all_l_01_log.txt
SpawnPoolWorker-68| 2026-06-22 03:00:43,579,579 multiprocessing INFO See log at : ./logs/all_Lyapunov_test_dso-fn_d_all_l_01_log.txt
SpawnPoolWorker-68| 2026-06-22 03:00:43,588,588 multiprocessing INFO child process calling self.run()
SpawnPoolWorker-61| 2026-06-22 03:07:56,011,11 multiprocessing INFO process shutting down
SpawnPoolWorker-55| 2026-06-22 03:07:56,011,11 multiprocessing INFO process shutting down
SpawnPoolWorker-65| 2026-06-22 03:07:56,011,11 multiprocessing INFO process shutting down
SpawnPoolWorker-61| 2026-06-22 03:07:56,012,12 multiprocessing INFO process exiting with exitcode 0
SpawnPoolWorker-55| 2026-06-22 03:07:56,012,12 multiprocessing INFO process exiting with exitcode 0
SpawnPoolWorker-59| 2026-06-22 03:07:56,012,12 multiprocessing INFO process shutting down
SpawnPoolWorker-56| 2026-06-22 03:07:56,013,13 multiprocessing INFO process shutting down
SpawnPoolWorker-59| 2026-06-22 03:07:56,014,14 multiprocessing INFO process exiting with exitcode 0
SpawnPoolWorker-45| 2026-06-22 03:07:56,012,12 multiprocessing INFO process shutting down
SpawnPoolWorker-45| 2026-06-22 03:07:56,015,15 multiprocessing INFO process exiting with exitcode 0
SpawnPoolWorker-52| 2026-06-22 03:07:56,016,16 multiprocessing INFO process shutting down
SpawnPoolWorker-54| 2026-06-22 03:07:56,017,17 multiprocessing INFO process shutting down
SpawnPoolWorker-58| 2026-06-22 03:07:56,017,17 multiprocessing INFO process shutting down
SpawnPoolWorker-66| 2026-06-22 03:07:56,017,17 multiprocessing INFO process shutting down
SpawnPoolWorker-67| 2026-06-22 03:07:56,017,17 multiprocessing INFO process shutting down
SpawnPoolWorker-60| 2026-06-22 03:07:56,018,18 multiprocessing INFO process shutting down
SpawnPoolWorker-68| 2026-06-22 03:07:56,019,19 multiprocessing INFO process shutting down
SpawnPoolWorker-63| 2026-06-22 03:07:56,019,19 multiprocessing INFO process shutting down
SpawnPoolWorker-48| 2026-06-22 03:07:56,019,19 multiprocessing INFO process shutting down
SpawnPoolWorker-51| 2026-06-22 03:07:56,020,20 multiprocessing INFO process shutting down
SpawnPoolWorker-65| 2026-06-22 03:07:56,021,21 multiprocessing INFO process exiting with exitcode 0
SpawnPoolWorker-51| 2026-06-22 03:07:56,022,22 multiprocessing INFO process exiting with exitcode 0
SpawnPoolWorker-53| 2026-06-22 03:07:56,021,21 multiprocessing INFO process shutting down
SpawnPoolWorker-57| 2026-06-22 03:07:56,026,26 multiprocessing INFO process shutting down
SpawnPoolWorker-56| 2026-06-22 03:07:56,032,32 multiprocessing INFO process exiting with exitcode 0
SpawnPoolWorker-57| 2026-06-22 03:07:56,032,32 multiprocessing INFO process exiting with exitcode 0
SpawnPoolWorker-58| 2026-06-22 03:07:56,034,34 multiprocessing INFO process exiting with exitcode 0
SpawnPoolWorker-52| 2026-06-22 03:07:56,034,34 multiprocessing INFO process exiting with exitcode 0
SpawnPoolWorker-54| 2026-06-22 03:07:56,036,36 multiprocessing INFO process exiting with exitcode 0
SpawnPoolWorker-47| 2026-06-22 03:07:56,036,36 multiprocessing INFO process shutting down
SpawnPoolWorker-64| 2026-06-22 03:07:56,036,36 multiprocessing INFO process shutting down
SpawnPoolWorker-47| 2026-06-22 03:07:56,041,41 multiprocessing INFO process exiting with exitcode 0
SpawnPoolWorker-67| 2026-06-22 03:07:56,042,42 multiprocessing INFO process exiting with exitcode 0
SpawnPoolWorker-66| 2026-06-22 03:07:56,042,42 multiprocessing INFO process exiting with exitcode 0
SpawnPoolWorker-63| 2026-06-22 03:07:56,052,52 multiprocessing INFO process exiting with exitcode 0
SpawnPoolWorker-60| 2026-06-22 03:07:56,052,52 multiprocessing INFO process exiting with exitcode 0
SpawnPoolWorker-68| 2026-06-22 03:07:56,053,53 multiprocessing INFO process exiting with exitcode 0
SpawnPoolWorker-48| 2026-06-22 03:07:56,056,56 multiprocessing INFO process exiting with exitcode 0
SpawnPoolWorker-46| 2026-06-22 03:07:56,057,57 multiprocessing INFO process shutting down
SpawnPoolWorker-62| 2026-06-22 03:07:56,058,58 multiprocessing INFO process shutting down
SpawnPoolWorker-49| 2026-06-22 03:07:56,060,60 multiprocessing INFO process shutting down
SpawnPoolWorker-64| 2026-06-22 03:07:56,061,61 multiprocessing INFO process exiting with exitcode 0
SpawnPoolWorker-53| 2026-06-22 03:07:56,061,61 multiprocessing INFO process exiting with exitcode 0
SpawnPoolWorker-49| 2026-06-22 03:07:56,061,61 multiprocessing INFO process exiting with exitcode 0
28
(100000, 9)
(100000,)
(100000, 9)
(100000,)

=======================Successfully Added (50000, 9) Counter Examples=======================


============None of the candidates fulfill the conditions. Training CONTINUES!=================

MainProcess| 2026-06-22 03:08:06,121,121 multiprocessing INFO 
============None of the candidates fulfill the conditions. Training CONTINUES!=================


============None of the candidates fulfill the conditions. Training CONTINUES!=================

(550, 171)
/users/9/chen8596/miniconda3/envs/alfd/lib/python3.9/site-packages/torch/nn/functional.py:4999: UserWarning: Support for mismatched key_padding_mask and attn_mask is deprecated. Use same type for both instead.
  warnings.warn(

==============Start Supervised Learning==============

MainProcess| 2026-06-22 03:08:21,163,163 multiprocessing INFO GP output mean: 0.9758733868250971
GP output mean: 0.9758733868250971
MainProcess| 2026-06-22 03:08:22,417,417 multiprocessing INFO GP output success rate: 0.0
GP output success rate: 0.0

==============End Supervised Learning==============

/users/9/chen8596/LyaDis/repro/runs/syn9d/utils/train.py:971: RuntimeWarning: divide by zero encountered in divide
  error = np.abs(((y_hat - y) / y))
/users/9/chen8596/.local/lib/python3.9/site-packages/scipy/stats/_stats_py.py:4424: ConstantInputWarning: An input array is constant; the correlation coefficient is not defined.
  warnings.warn(stats.ConstantInputWarning(msg))
MainProcess| 2026-06-22 03:08:27,495,495 multiprocessing INFO [Test epoch=0002]  nevals=27599 	| train_loss=11591.65918 	| eqs_invalid %=0.91 	| r_best=0.99187 	| quantile=0.00000 	| r_quantile_mean=0.08689 	| r_raw_sum=47.78774 	|  r_raw_mean=0.88496 	| r2=nan 	| acc_iid=0.00000 	| acc_ood=0.00000 	| nmse_test=0.0004946498451338008 	| true_equation_set_count=0 	| s/it=753.52814
[Test epoch=0002]  nevals=27599 	| train_loss=11591.65918 	| eqs_invalid %=0.91 	| r_best=0.99187 	| quantile=0.00000 	| r_quantile_mean=0.08689 	| r_raw_sum=47.78774 	|  r_raw_mean=0.88496 	| r2=nan 	| acc_iid=0.00000 	| acc_ood=0.00000 	| nmse_test=0.0004946498451338008 	| true_equation_set_count=0 	| s/it=753.52814
MainProcess| 2026-06-22 03:08:27,496,496 multiprocessing INFO [00:00:24:58.52] Training epoch 2/4000, current best R: 0.9919
[00:00:24:58.52] Training epoch 2/4000, current best R: 0.9919
MainProcess| 2026-06-22 03:08:27,496,496 multiprocessing INFO 
	** New best

	** New best
MainProcess| 2026-06-22 03:08:27,496,496 multiprocessing INFO 	Reward: 0.9918717609054135
	Reward: 0.9918717609054135
MainProcess| 2026-06-22 03:08:27,496,496 multiprocessing INFO 	Count Off-policy: 1
	Count Off-policy: 1
MainProcess| 2026-06-22 03:08:27,496,496 multiprocessing INFO 	Count On-policy: 0
	Count On-policy: 0
MainProcess| 2026-06-22 03:08:27,496,496 multiprocessing INFO 	Originally on Policy: False
	Originally on Policy: False
MainProcess| 2026-06-22 03:08:27,496,496 multiprocessing INFO 	Invalid: False
	Invalid: False
MainProcess| 2026-06-22 03:08:27,496,496 multiprocessing INFO 	Traversal: add,add,n2,sub,n2,x4,sub,sub,x2,n2,x6,n2,x2,n2,x1,mul,n2,x6,n2,sin,sub,add,sub,x5,x8,add,x3,x7,x9
	Traversal: add,add,n2,sub,n2,x4,sub,sub,x2,n2,x6,n2,x2,n2,x1,mul,n2,x6,n2,sin,sub,add,sub,x5,x8,add,x3,x7,x9
MainProcess| 2026-06-22 03:08:27,496,496 multiprocessing INFO 	Expression:
	Expression:
MainProcess| 2026-06-22 03:08:27,500,500 multiprocessing INFO 
	                                                                 2
	    2     2    2                           ⎛  2          2     2⎞ 
	  x₁  + x₆ ⋅sin (x₃ + x₅ + x₇ - x₈ - x₉) + ⎝x₂  - x₂ + x₄  + x₆ ⎠ 


	                                                                 2
	    2     2    2                           ⎛  2          2     2⎞ 
	  x₁  + x₆ ⋅sin (x₃ + x₅ + x₇ - x₈ - x₉) + ⎝x₂  - x₂ + x₄  + x₆ ⎠ 

MainProcess| 2026-06-22 03:13:19,228,228 multiprocessing INFO Genetic Porgramming Runtime 289.76163585693575
Genetic Porgramming Runtime 289.76163585693575

=========================PGD Collection Starts=========================

SpawnPoolWorker-73| 2026-06-22 03:13:24,516,516 multiprocessing INFO STARTING NEW RUN ==========
SpawnPoolWorker-73| 2026-06-22 03:13:24,516,516 multiprocessing INFO SEE LOG AT : ./logs/all_Lyapunov_test_dso-fn_d_all_l_01_log.txt
SpawnPoolWorker-73| 2026-06-22 03:13:24,516,516 multiprocessing INFO See log at : ./logs/all_Lyapunov_test_dso-fn_d_all_l_01_log.txt
SpawnPoolWorker-73| 2026-06-22 03:13:24,518,518 multiprocessing INFO child process calling self.run()
SpawnPoolWorker-78| 2026-06-22 03:13:24,525,525 multiprocessing INFO STARTING NEW RUN ==========
SpawnPoolWorker-78| 2026-06-22 03:13:24,525,525 multiprocessing INFO SEE LOG AT : ./logs/all_Lyapunov_test_dso-fn_d_all_l_01_log.txt
SpawnPoolWorker-78| 2026-06-22 03:13:24,525,525 multiprocessing INFO See log at : ./logs/all_Lyapunov_test_dso-fn_d_all_l_01_log.txt
SpawnPoolWorker-78| 2026-06-22 03:13:24,527,527 multiprocessing INFO child process calling self.run()
SpawnPoolWorker-75| 2026-06-22 03:13:24,534,534 multiprocessing INFO STARTING NEW RUN ==========
SpawnPoolWorker-75| 2026-06-22 03:13:24,534,534 multiprocessing INFO SEE LOG AT : ./logs/all_Lyapunov_test_dso-fn_d_all_l_01_log.txt
SpawnPoolWorker-75| 2026-06-22 03:13:24,534,534 multiprocessing INFO See log at : ./logs/all_Lyapunov_test_dso-fn_d_all_l_01_log.txt
SpawnPoolWorker-75| 2026-06-22 03:13:24,535,535 multiprocessing INFO child process calling self.run()
SpawnPoolWorker-74| 2026-06-22 03:13:24,566,566 multiprocessing INFO STARTING NEW RUN ==========
SpawnPoolWorker-74| 2026-06-22 03:13:24,566,566 multiprocessing INFO SEE LOG AT : ./logs/all_Lyapunov_test_dso-fn_d_all_l_01_log.txt
SpawnPoolWorker-74| 2026-06-22 03:13:24,566,566 multiprocessing INFO See log at : ./logs/all_Lyapunov_test_dso-fn_d_all_l_01_log.txt
SpawnPoolWorker-74| 2026-06-22 03:13:24,568,568 multiprocessing INFO child process calling self.run()
SpawnPoolWorker-77| 2026-06-22 03:13:24,580,580 multiprocessing INFO STARTING NEW RUN ==========
SpawnPoolWorker-77| 2026-06-22 03:13:24,581,581 multiprocessing INFO SEE LOG AT : ./logs/all_Lyapunov_test_dso-fn_d_all_l_01_log.txt
SpawnPoolWorker-77| 2026-06-22 03:13:24,581,581 multiprocessing INFO See log at : ./logs/all_Lyapunov_test_dso-fn_d_all_l_01_log.txt
SpawnPoolWorker-77| 2026-06-22 03:13:24,582,582 multiprocessing INFO child process calling self.run()
SpawnPoolWorker-76| 2026-06-22 03:13:24,586,586 multiprocessing INFO STARTING NEW RUN ==========
SpawnPoolWorker-76| 2026-06-22 03:13:24,586,586 multiprocessing INFO SEE LOG AT : ./logs/all_Lyapunov_test_dso-fn_d_all_l_01_log.txt
SpawnPoolWorker-76| 2026-06-22 03:13:24,586,586 multiprocessing INFO See log at : ./logs/all_Lyapunov_test_dso-fn_d_all_l_01_log.txt
SpawnPoolWorker-76| 2026-06-22 03:13:24,588,588 multiprocessing INFO child process calling self.run()
SpawnPoolWorker-72| 2026-06-22 03:13:24,597,597 multiprocessing INFO STARTING NEW RUN ==========
SpawnPoolWorker-72| 2026-06-22 03:13:24,597,597 multiprocessing INFO SEE LOG AT : ./logs/all_Lyapunov_test_dso-fn_d_all_l_01_log.txt
SpawnPoolWorker-72| 2026-06-22 03:13:24,597,597 multiprocessing INFO See log at : ./logs/all_Lyapunov_test_dso-fn_d_all_l_01_log.txt
SpawnPoolWorker-72| 2026-06-22 03:13:24,599,599 multiprocessing INFO child process calling self.run()
SpawnPoolWorker-70| 2026-06-22 03:13:24,647,647 multiprocessing INFO STARTING NEW RUN ==========
SpawnPoolWorker-70| 2026-06-22 03:13:24,648,648 multiprocessing INFO SEE LOG AT : ./logs/all_Lyapunov_test_dso-fn_d_all_l_01_log.txt
SpawnPoolWorker-70| 2026-06-22 03:13:24,648,648 multiprocessing INFO See log at : ./logs/all_Lyapunov_test_dso-fn_d_all_l_01_log.txt
SpawnPoolWorker-69| 2026-06-22 03:13:24,648,648 multiprocessing INFO STARTING NEW RUN ==========
SpawnPoolWorker-69| 2026-06-22 03:13:24,648,648 multiprocessing INFO SEE LOG AT : ./logs/all_Lyapunov_test_dso-fn_d_all_l_01_log.txt
SpawnPoolWorker-69| 2026-06-22 03:13:24,648,648 multiprocessing INFO See log at : ./logs/all_Lyapunov_test_dso-fn_d_all_l_01_log.txt
SpawnPoolWorker-70| 2026-06-22 03:13:24,649,649 multiprocessing INFO child process calling self.run()
SpawnPoolWorker-69| 2026-06-22 03:13:24,650,650 multiprocessing INFO child process calling self.run()
SpawnPoolWorker-71| 2026-06-22 03:13:24,710,710 multiprocessing INFO STARTING NEW RUN ==========
SpawnPoolWorker-71| 2026-06-22 03:13:24,711,711 multiprocessing INFO SEE LOG AT : ./logs/all_Lyapunov_test_dso-fn_d_all_l_01_log.txt
SpawnPoolWorker-71| 2026-06-22 03:13:24,711,711 multiprocessing INFO See log at : ./logs/all_Lyapunov_test_dso-fn_d_all_l_01_log.txt
SpawnPoolWorker-71| 2026-06-22 03:13:24,713,713 multiprocessing INFO child process calling self.run()
SpawnPoolWorker-76| 2026-06-22 03:13:43,002,2 multiprocessing INFO process shutting down
SpawnPoolWorker-70| 2026-06-22 03:13:43,002,2 multiprocessing INFO process shutting down
SpawnPoolWorker-70| 2026-06-22 03:13:43,002,2 multiprocessing INFO process exiting with exitcode 0
SpawnPoolWorker-76| 2026-06-22 03:13:43,002,2 multiprocessing INFO process exiting with exitcode 0
SpawnPoolWorker-71| 2026-06-22 03:13:43,002,2 multiprocessing INFO process shutting down
SpawnPoolWorker-72| 2026-06-22 03:13:43,002,2 multiprocessing INFO process shutting down
SpawnPoolWorker-71| 2026-06-22 03:13:43,003,3 multiprocessing INFO process exiting with exitcode 0
SpawnPoolWorker-77| 2026-06-22 03:13:43,003,3 multiprocessing INFO process shutting down
SpawnPoolWorker-69| 2026-06-22 03:13:43,003,3 multiprocessing INFO process shutting down
SpawnPoolWorker-78| 2026-06-22 03:13:43,003,3 multiprocessing INFO process shutting down
SpawnPoolWorker-75| 2026-06-22 03:13:43,003,3 multiprocessing INFO process shutting down
SpawnPoolWorker-74| 2026-06-22 03:13:43,003,3 multiprocessing INFO process shutting down
SpawnPoolWorker-72| 2026-06-22 03:13:43,004,4 multiprocessing INFO process exiting with exitcode 0
(20000,)

===================Collect 20000 Examples===================

Epsilon 0.1
500
(550,)
(550,)
(550,)
Number of Programs for Minimization: 28
SpawnPoolWorker-90| 2026-06-22 03:14:03,253,253 multiprocessing INFO STARTING NEW RUN ==========
SpawnPoolWorker-90| 2026-06-22 03:14:03,253,253 multiprocessing INFO SEE LOG AT : ./logs/all_Lyapunov_test_dso-fn_d_all_l_01_log.txt
SpawnPoolWorker-90| 2026-06-22 03:14:03,254,254 multiprocessing INFO See log at : ./logs/all_Lyapunov_test_dso-fn_d_all_l_01_log.txt
SpawnPoolWorker-90| 2026-06-22 03:14:03,255,255 multiprocessing INFO child process calling self.run()
SpawnPoolWorker-85| 2026-06-22 03:14:03,264,264 multiprocessing INFO STARTING NEW RUN ==========
SpawnPoolWorker-85| 2026-06-22 03:14:03,265,265 multiprocessing INFO SEE LOG AT : ./logs/all_Lyapunov_test_dso-fn_d_all_l_01_log.txt
SpawnPoolWorker-85| 2026-06-22 03:14:03,265,265 multiprocessing INFO See log at : ./logs/all_Lyapunov_test_dso-fn_d_all_l_01_log.txt
SpawnPoolWorker-98| 2026-06-22 03:14:03,265,265 multiprocessing INFO STARTING NEW RUN ==========
SpawnPoolWorker-98| 2026-06-22 03:14:03,265,265 multiprocessing INFO SEE LOG AT : ./logs/all_Lyapunov_test_dso-fn_d_all_l_01_log.txt
SpawnPoolWorker-98| 2026-06-22 03:14:03,265,265 multiprocessing INFO See log at : ./logs/all_Lyapunov_test_dso-fn_d_all_l_01_log.txt
SpawnPoolWorker-85| 2026-06-22 03:14:03,266,266 multiprocessing INFO child process calling self.run()
SpawnPoolWorker-98| 2026-06-22 03:14:03,267,267 multiprocessing INFO child process calling self.run()
SpawnPoolWorker-81| 2026-06-22 03:14:08,051,51 multiprocessing INFO STARTING NEW RUN ==========
SpawnPoolWorker-81| 2026-06-22 03:14:08,051,51 multiprocessing INFO SEE LOG AT : ./logs/all_Lyapunov_test_dso-fn_d_all_l_01_log.txt
SpawnPoolWorker-81| 2026-06-22 03:14:08,051,51 multiprocessing INFO See log at : ./logs/all_Lyapunov_test_dso-fn_d_all_l_01_log.txt
SpawnPoolWorker-81| 2026-06-22 03:14:08,061,61 multiprocessing INFO child process calling self.run()
SpawnPoolWorker-95| 2026-06-22 03:14:08,474,474 multiprocessing INFO STARTING NEW RUN ==========
SpawnPoolWorker-95| 2026-06-22 03:14:08,474,474 multiprocessing INFO SEE LOG AT : ./logs/all_Lyapunov_test_dso-fn_d_all_l_01_log.txt
SpawnPoolWorker-95| 2026-06-22 03:14:08,474,474 multiprocessing INFO See log at : ./logs/all_Lyapunov_test_dso-fn_d_all_l_01_log.txt
SpawnPoolWorker-83| 2026-06-22 03:14:08,480,480 multiprocessing INFO STARTING NEW RUN ==========
SpawnPoolWorker-83| 2026-06-22 03:14:08,480,480 multiprocessing INFO SEE LOG AT : ./logs/all_Lyapunov_test_dso-fn_d_all_l_01_log.txt
SpawnPoolWorker-83| 2026-06-22 03:14:08,480,480 multiprocessing INFO See log at : ./logs/all_Lyapunov_test_dso-fn_d_all_l_01_log.txt
SpawnPoolWorker-95| 2026-06-22 03:14:08,480,480 multiprocessing INFO child process calling self.run()
SpawnPoolWorker-83| 2026-06-22 03:14:08,486,486 multiprocessing INFO child process calling self.run()
SpawnPoolWorker-82| 2026-06-22 03:14:08,545,545 multiprocessing INFO STARTING NEW RUN ==========
SpawnPoolWorker-82| 2026-06-22 03:14:08,545,545 multiprocessing INFO SEE LOG AT : ./logs/all_Lyapunov_test_dso-fn_d_all_l_01_log.txt
SpawnPoolWorker-82| 2026-06-22 03:14:08,545,545 multiprocessing INFO See log at : ./logs/all_Lyapunov_test_dso-fn_d_all_l_01_log.txt
SpawnPoolWorker-82| 2026-06-22 03:14:08,548,548 multiprocessing INFO child process calling self.run()
SpawnPoolWorker-99| 2026-06-22 03:14:08,644,644 multiprocessing INFO STARTING NEW RUN ==========
SpawnPoolWorker-99| 2026-06-22 03:14:08,644,644 multiprocessing INFO SEE LOG AT : ./logs/all_Lyapunov_test_dso-fn_d_all_l_01_log.txt
SpawnPoolWorker-99| 2026-06-22 03:14:08,645,645 multiprocessing INFO See log at : ./logs/all_Lyapunov_test_dso-fn_d_all_l_01_log.txt
SpawnPoolWorker-99| 2026-06-22 03:14:08,669,669 multiprocessing INFO child process calling self.run()
SpawnPoolWorker-84| 2026-06-22 03:14:08,670,670 multiprocessing INFO STARTING NEW RUN ==========
SpawnPoolWorker-84| 2026-06-22 03:14:08,678,678 multiprocessing INFO SEE LOG AT : ./logs/all_Lyapunov_test_dso-fn_d_all_l_01_log.txt
SpawnPoolWorker-84| 2026-06-22 03:14:08,678,678 multiprocessing INFO See log at : ./logs/all_Lyapunov_test_dso-fn_d_all_l_01_log.txt
SpawnPoolWorker-84| 2026-06-22 03:14:08,680,680 multiprocessing INFO child process calling self.run()
SpawnPoolWorker-88| 2026-06-22 03:14:08,693,693 multiprocessing INFO STARTING NEW RUN ==========
SpawnPoolWorker-88| 2026-06-22 03:14:08,694,694 multiprocessing INFO SEE LOG AT : ./logs/all_Lyapunov_test_dso-fn_d_all_l_01_log.txt
SpawnPoolWorker-88| 2026-06-22 03:14:08,694,694 multiprocessing INFO See log at : ./logs/all_Lyapunov_test_dso-fn_d_all_l_01_log.txt
SpawnPoolWorker-88| 2026-06-22 03:14:08,709,709 multiprocessing INFO child process calling self.run()
SpawnPoolWorker-94| 2026-06-22 03:14:08,763,763 multiprocessing INFO STARTING NEW RUN ==========
SpawnPoolWorker-94| 2026-06-22 03:14:08,764,764 multiprocessing INFO SEE LOG AT : ./logs/all_Lyapunov_test_dso-fn_d_all_l_01_log.txt
SpawnPoolWorker-94| 2026-06-22 03:14:08,764,764 multiprocessing INFO See log at : ./logs/all_Lyapunov_test_dso-fn_d_all_l_01_log.txt
SpawnPoolWorker-94| 2026-06-22 03:14:08,768,768 multiprocessing INFO child process calling self.run()
SpawnPoolWorker-93| 2026-06-22 03:14:08,806,806 multiprocessing INFO STARTING NEW RUN ==========
SpawnPoolWorker-93| 2026-06-22 03:14:08,806,806 multiprocessing INFO SEE LOG AT : ./logs/all_Lyapunov_test_dso-fn_d_all_l_01_log.txt
SpawnPoolWorker-93| 2026-06-22 03:14:08,806,806 multiprocessing INFO See log at : ./logs/all_Lyapunov_test_dso-fn_d_all_l_01_log.txt
SpawnPoolWorker-93| 2026-06-22 03:14:08,808,808 multiprocessing INFO child process calling self.run()
SpawnPoolWorker-80| 2026-06-22 03:14:08,818,818 multiprocessing INFO STARTING NEW RUN ==========
SpawnPoolWorker-80| 2026-06-22 03:14:08,819,819 multiprocessing INFO SEE LOG AT : ./logs/all_Lyapunov_test_dso-fn_d_all_l_01_log.txt
SpawnPoolWorker-80| 2026-06-22 03:14:08,819,819 multiprocessing INFO See log at : ./logs/all_Lyapunov_test_dso-fn_d_all_l_01_log.txt
SpawnPoolWorker-80| 2026-06-22 03:14:08,825,825 multiprocessing INFO child process calling self.run()
SpawnPoolWorker-97| 2026-06-22 03:14:08,929,929 multiprocessing INFO STARTING NEW RUN ==========
SpawnPoolWorker-97| 2026-06-22 03:14:08,929,929 multiprocessing INFO SEE LOG AT : ./logs/all_Lyapunov_test_dso-fn_d_all_l_01_log.txt
SpawnPoolWorker-97| 2026-06-22 03:14:08,930,930 multiprocessing INFO See log at : ./logs/all_Lyapunov_test_dso-fn_d_all_l_01_log.txt
SpawnPoolWorker-97| 2026-06-22 03:14:08,943,943 multiprocessing INFO child process calling self.run()
SpawnPoolWorker-79| 2026-06-22 03:14:09,015,15 multiprocessing INFO STARTING NEW RUN ==========
SpawnPoolWorker-79| 2026-06-22 03:14:09,015,15 multiprocessing INFO SEE LOG AT : ./logs/all_Lyapunov_test_dso-fn_d_all_l_01_log.txt
SpawnPoolWorker-79| 2026-06-22 03:14:09,015,15 multiprocessing INFO See log at : ./logs/all_Lyapunov_test_dso-fn_d_all_l_01_log.txt
SpawnPoolWorker-79| 2026-06-22 03:14:09,030,30 multiprocessing INFO child process calling self.run()
SpawnPoolWorker-101| 2026-06-22 03:14:09,038,38 multiprocessing INFO STARTING NEW RUN ==========
SpawnPoolWorker-101| 2026-06-22 03:14:09,038,38 multiprocessing INFO SEE LOG AT : ./logs/all_Lyapunov_test_dso-fn_d_all_l_01_log.txt
SpawnPoolWorker-101| 2026-06-22 03:14:09,038,38 multiprocessing INFO See log at : ./logs/all_Lyapunov_test_dso-fn_d_all_l_01_log.txt
SpawnPoolWorker-101| 2026-06-22 03:14:09,046,46 multiprocessing INFO child process calling self.run()
SpawnPoolWorker-96| 2026-06-22 03:14:09,100,100 multiprocessing INFO STARTING NEW RUN ==========
SpawnPoolWorker-96| 2026-06-22 03:14:09,100,100 multiprocessing INFO SEE LOG AT : ./logs/all_Lyapunov_test_dso-fn_d_all_l_01_log.txt
SpawnPoolWorker-96| 2026-06-22 03:14:09,100,100 multiprocessing INFO See log at : ./logs/all_Lyapunov_test_dso-fn_d_all_l_01_log.txt
SpawnPoolWorker-96| 2026-06-22 03:14:09,113,113 multiprocessing INFO child process calling self.run()
SpawnPoolWorker-86| 2026-06-22 03:14:09,183,183 multiprocessing INFO STARTING NEW RUN ==========
SpawnPoolWorker-86| 2026-06-22 03:14:09,183,183 multiprocessing INFO SEE LOG AT : ./logs/all_Lyapunov_test_dso-fn_d_all_l_01_log.txt
SpawnPoolWorker-86| 2026-06-22 03:14:09,183,183 multiprocessing INFO See log at : ./logs/all_Lyapunov_test_dso-fn_d_all_l_01_log.txt
SpawnPoolWorker-86| 2026-06-22 03:14:09,189,189 multiprocessing INFO child process calling self.run()
SpawnPoolWorker-102| 2026-06-22 03:14:09,211,211 multiprocessing INFO STARTING NEW RUN ==========
SpawnPoolWorker-102| 2026-06-22 03:14:09,211,211 multiprocessing INFO SEE LOG AT : ./logs/all_Lyapunov_test_dso-fn_d_all_l_01_log.txt
SpawnPoolWorker-102| 2026-06-22 03:14:09,211,211 multiprocessing INFO See log at : ./logs/all_Lyapunov_test_dso-fn_d_all_l_01_log.txt
SpawnPoolWorker-102| 2026-06-22 03:14:09,217,217 multiprocessing INFO child process calling self.run()
SpawnPoolWorker-87| 2026-06-22 03:14:09,287,287 multiprocessing INFO STARTING NEW RUN ==========
SpawnPoolWorker-87| 2026-06-22 03:14:09,287,287 multiprocessing INFO SEE LOG AT : ./logs/all_Lyapunov_test_dso-fn_d_all_l_01_log.txt
SpawnPoolWorker-87| 2026-06-22 03:14:09,287,287 multiprocessing INFO See log at : ./logs/all_Lyapunov_test_dso-fn_d_all_l_01_log.txt
SpawnPoolWorker-100| 2026-06-22 03:14:09,296,296 multiprocessing INFO STARTING NEW RUN ==========
SpawnPoolWorker-100| 2026-06-22 03:14:09,296,296 multiprocessing INFO SEE LOG AT : ./logs/all_Lyapunov_test_dso-fn_d_all_l_01_log.txt
SpawnPoolWorker-100| 2026-06-22 03:14:09,296,296 multiprocessing INFO See log at : ./logs/all_Lyapunov_test_dso-fn_d_all_l_01_log.txt
SpawnPoolWorker-100| 2026-06-22 03:14:09,309,309 multiprocessing INFO child process calling self.run()
SpawnPoolWorker-87| 2026-06-22 03:14:09,314,314 multiprocessing INFO child process calling self.run()
SpawnPoolWorker-89| 2026-06-22 03:14:09,633,633 multiprocessing INFO STARTING NEW RUN ==========
SpawnPoolWorker-89| 2026-06-22 03:14:09,633,633 multiprocessing INFO SEE LOG AT : ./logs/all_Lyapunov_test_dso-fn_d_all_l_01_log.txt
SpawnPoolWorker-89| 2026-06-22 03:14:09,633,633 multiprocessing INFO See log at : ./logs/all_Lyapunov_test_dso-fn_d_all_l_01_log.txt
SpawnPoolWorker-89| 2026-06-22 03:14:09,640,640 multiprocessing INFO child process calling self.run()
SpawnPoolWorker-92| 2026-06-22 03:14:09,887,887 multiprocessing INFO STARTING NEW RUN ==========
SpawnPoolWorker-92| 2026-06-22 03:14:09,887,887 multiprocessing INFO SEE LOG AT : ./logs/all_Lyapunov_test_dso-fn_d_all_l_01_log.txt
SpawnPoolWorker-92| 2026-06-22 03:14:09,887,887 multiprocessing INFO See log at : ./logs/all_Lyapunov_test_dso-fn_d_all_l_01_log.txt
SpawnPoolWorker-92| 2026-06-22 03:14:09,897,897 multiprocessing INFO child process calling self.run()
SpawnPoolWorker-91| 2026-06-22 03:14:10,037,37 multiprocessing INFO STARTING NEW RUN ==========
SpawnPoolWorker-91| 2026-06-22 03:14:10,037,37 multiprocessing INFO SEE LOG AT : ./logs/all_Lyapunov_test_dso-fn_d_all_l_01_log.txt
SpawnPoolWorker-91| 2026-06-22 03:14:10,037,37 multiprocessing INFO See log at : ./logs/all_Lyapunov_test_dso-fn_d_all_l_01_log.txt
SpawnPoolWorker-91| 2026-06-22 03:14:10,048,48 multiprocessing INFO child process calling self.run()
SpawnPoolWorker-86| 2026-06-22 03:21:18,091,91 multiprocessing INFO process shutting down
SpawnPoolWorker-100| 2026-06-22 03:21:18,091,91 multiprocessing INFO process shutting down
SpawnPoolWorker-97| 2026-06-22 03:21:18,091,91 multiprocessing INFO process shutting down
SpawnPoolWorker-79| 2026-06-22 03:21:18,092,92 multiprocessing INFO process shutting down
SpawnPoolWorker-100| 2026-06-22 03:21:18,092,92 multiprocessing INFO process exiting with exitcode 0
SpawnPoolWorker-91| 2026-06-22 03:21:18,092,92 multiprocessing INFO process shutting down
SpawnPoolWorker-86| 2026-06-22 03:21:18,092,92 multiprocessing INFO process exiting with exitcode 0
SpawnPoolWorker-79| 2026-06-22 03:21:18,092,92 multiprocessing INFO process exiting with exitcode 0
SpawnPoolWorker-91| 2026-06-22 03:21:18,092,92 multiprocessing INFO process exiting with exitcode 0
SpawnPoolWorker-97| 2026-06-22 03:21:18,092,92 multiprocessing INFO process exiting with exitcode 0
SpawnPoolWorker-96| 2026-06-22 03:21:18,091,91 multiprocessing INFO process shutting down
SpawnPoolWorker-92| 2026-06-22 03:21:18,093,93 multiprocessing INFO process shutting down
SpawnPoolWorker-101| 2026-06-22 03:21:18,093,93 multiprocessing INFO process shutting down
SpawnPoolWorker-83| 2026-06-22 03:21:18,094,94 multiprocessing INFO process shutting down
SpawnPoolWorker-93| 2026-06-22 03:21:18,094,94 multiprocessing INFO process shutting down
SpawnPoolWorker-95| 2026-06-22 03:21:18,092,92 multiprocessing INFO process shutting down
SpawnPoolWorker-96| 2026-06-22 03:21:18,094,94 multiprocessing INFO process exiting with exitcode 0
SpawnPoolWorker-95| 2026-06-22 03:21:18,095,95 multiprocessing INFO process exiting with exitcode 0
SpawnPoolWorker-90| 2026-06-22 03:21:18,094,94 multiprocessing INFO process shutting down
SpawnPoolWorker-89| 2026-06-22 03:21:18,094,94 multiprocessing INFO process shutting down
SpawnPoolWorker-90| 2026-06-22 03:21:18,095,95 multiprocessing INFO process exiting with exitcode 0
SpawnPoolWorker-89| 2026-06-22 03:21:18,095,95 multiprocessing INFO process exiting with exitcode 0
SpawnPoolWorker-102| 2026-06-22 03:21:18,095,95 multiprocessing INFO process shutting down
SpawnPoolWorker-81| 2026-06-22 03:21:18,095,95 multiprocessing INFO process shutting down
SpawnPoolWorker-88| 2026-06-22 03:21:18,096,96 multiprocessing INFO process shutting down
SpawnPoolWorker-92| 2026-06-22 03:21:18,097,97 multiprocessing INFO process exiting with exitcode 0
SpawnPoolWorker-99| 2026-06-22 03:21:18,096,96 multiprocessing INFO process shutting down
SpawnPoolWorker-99| 2026-06-22 03:21:18,097,97 multiprocessing INFO process exiting with exitcode 0
SpawnPoolWorker-80| 2026-06-22 03:21:18,098,98 multiprocessing INFO process shutting down
SpawnPoolWorker-94| 2026-06-22 03:21:18,098,98 multiprocessing INFO process shutting down
SpawnPoolWorker-84| 2026-06-22 03:21:18,098,98 multiprocessing INFO process shutting down
SpawnPoolWorker-84| 2026-06-22 03:21:18,098,98 multiprocessing INFO process exiting with exitcode 0
SpawnPoolWorker-93| 2026-06-22 03:21:18,106,106 multiprocessing INFO process exiting with exitcode 0
SpawnPoolWorker-101| 2026-06-22 03:21:18,106,106 multiprocessing INFO process exiting with exitcode 0
SpawnPoolWorker-85| 2026-06-22 03:21:18,109,109 multiprocessing INFO process shutting down
SpawnPoolWorker-98| 2026-06-22 03:21:18,110,110 multiprocessing INFO process shutting down
SpawnPoolWorker-83| 2026-06-22 03:21:18,113,113 multiprocessing INFO process exiting with exitcode 0
SpawnPoolWorker-102| 2026-06-22 03:21:18,126,126 multiprocessing INFO process exiting with exitcode 0
SpawnPoolWorker-81| 2026-06-22 03:21:18,126,126 multiprocessing INFO process exiting with exitcode 0
SpawnPoolWorker-88| 2026-06-22 03:21:18,134,134 multiprocessing INFO process exiting with exitcode 0
28
(100000, 9)
(100000,)
(100000, 9)
(100000,)

=======================Successfully Added (50000, 9) Counter Examples=======================


============None of the candidates fulfill the conditions. Training CONTINUES!=================

MainProcess| 2026-06-22 03:21:28,529,529 multiprocessing INFO 
============None of the candidates fulfill the conditions. Training CONTINUES!=================


============None of the candidates fulfill the conditions. Training CONTINUES!=================

(550, 171)
/users/9/chen8596/miniconda3/envs/alfd/lib/python3.9/site-packages/torch/nn/functional.py:4999: UserWarning: Support for mismatched key_padding_mask and attn_mask is deprecated. Use same type for both instead.
  warnings.warn(

==============Start Supervised Learning==============

MainProcess| 2026-06-22 03:21:43,790,790 multiprocessing INFO GP output mean: 0.933231280245112
GP output mean: 0.933231280245112
MainProcess| 2026-06-22 03:21:44,956,956 multiprocessing INFO GP output success rate: 0.0
GP output success rate: 0.0

==============End Supervised Learning==============

MainProcess| 2026-06-22 03:21:48,294,294 multiprocessing INFO [Test epoch=0003]  nevals=41423 	| train_loss=14025.80762 	| eqs_invalid %=8.91 	| r_best=0.99187 	| quantile=0.00000 	| r_quantile_mean=0.08855 	| r_raw_sum=48.70455 	|  r_raw_mean=0.91895 	| r2=nan 	| acc_iid=0.00000 	| acc_ood=0.00000 	| nmse_test=0.0004946498451338008 	| true_equation_set_count=0 	| s/it=800.79401
[Test epoch=0003]  nevals=41423 	| train_loss=14025.80762 	| eqs_invalid %=8.91 	| r_best=0.99187 	| quantile=0.00000 	| r_quantile_mean=0.08855 	| r_raw_sum=48.70455 	|  r_raw_mean=0.91895 	| r2=nan 	| acc_iid=0.00000 	| acc_ood=0.00000 	| nmse_test=0.0004946498451338008 	| true_equation_set_count=0 	| s/it=800.79401
MainProcess| 2026-06-22 03:26:19,842,842 multiprocessing INFO Genetic Porgramming Runtime 269.9869366781786
Genetic Porgramming Runtime 269.9869366781786

=========================PGD Collection Starts=========================

SpawnPoolWorker-103| 2026-06-22 03:26:25,053,53 multiprocessing INFO STARTING NEW RUN ==========
SpawnPoolWorker-103| 2026-06-22 03:26:25,053,53 multiprocessing INFO SEE LOG AT : ./logs/all_Lyapunov_test_dso-fn_d_all_l_01_log.txt
SpawnPoolWorker-103| 2026-06-22 03:26:25,053,53 multiprocessing INFO See log at : ./logs/all_Lyapunov_test_dso-fn_d_all_l_01_log.txt
SpawnPoolWorker-103| 2026-06-22 03:26:25,054,54 multiprocessing INFO child process calling self.run()
SpawnPoolWorker-107| 2026-06-22 03:26:25,095,95 multiprocessing INFO STARTING NEW RUN ==========
SpawnPoolWorker-107| 2026-06-22 03:26:25,095,95 multiprocessing INFO SEE LOG AT : ./logs/all_Lyapunov_test_dso-fn_d_all_l_01_log.txt
SpawnPoolWorker-107| 2026-06-22 03:26:25,095,95 multiprocessing INFO See log at : ./logs/all_Lyapunov_test_dso-fn_d_all_l_01_log.txt
SpawnPoolWorker-107| 2026-06-22 03:26:25,097,97 multiprocessing INFO child process calling self.run()
SpawnPoolWorker-106| 2026-06-22 03:26:25,103,103 multiprocessing INFO STARTING NEW RUN ==========
SpawnPoolWorker-106| 2026-06-22 03:26:25,104,104 multiprocessing INFO SEE LOG AT : ./logs/all_Lyapunov_test_dso-fn_d_all_l_01_log.txt
SpawnPoolWorker-106| 2026-06-22 03:26:25,104,104 multiprocessing INFO See log at : ./logs/all_Lyapunov_test_dso-fn_d_all_l_01_log.txt
SpawnPoolWorker-106| 2026-06-22 03:26:25,105,105 multiprocessing INFO child process calling self.run()
SpawnPoolWorker-105| 2026-06-22 03:26:25,132,132 multiprocessing INFO STARTING NEW RUN ==========
SpawnPoolWorker-105| 2026-06-22 03:26:25,132,132 multiprocessing INFO SEE LOG AT : ./logs/all_Lyapunov_test_dso-fn_d_all_l_01_log.txt
SpawnPoolWorker-105| 2026-06-22 03:26:25,132,132 multiprocessing INFO See log at : ./logs/all_Lyapunov_test_dso-fn_d_all_l_01_log.txt
SpawnPoolWorker-105| 2026-06-22 03:26:25,135,135 multiprocessing INFO child process calling self.run()
SpawnPoolWorker-108| 2026-06-22 03:26:25,230,230 multiprocessing INFO STARTING NEW RUN ==========
SpawnPoolWorker-108| 2026-06-22 03:26:25,231,231 multiprocessing INFO SEE LOG AT : ./logs/all_Lyapunov_test_dso-fn_d_all_l_01_log.txt
SpawnPoolWorker-108| 2026-06-22 03:26:25,231,231 multiprocessing INFO See log at : ./logs/all_Lyapunov_test_dso-fn_d_all_l_01_log.txt
SpawnPoolWorker-108| 2026-06-22 03:26:25,232,232 multiprocessing INFO child process calling self.run()
SpawnPoolWorker-104| 2026-06-22 03:26:25,336,336 multiprocessing INFO STARTING NEW RUN ==========
SpawnPoolWorker-104| 2026-06-22 03:26:25,336,336 multiprocessing INFO SEE LOG AT : ./logs/all_Lyapunov_test_dso-fn_d_all_l_01_log.txt
SpawnPoolWorker-104| 2026-06-22 03:26:25,336,336 multiprocessing INFO See log at : ./logs/all_Lyapunov_test_dso-fn_d_all_l_01_log.txt
SpawnPoolWorker-104| 2026-06-22 03:26:25,338,338 multiprocessing INFO child process calling self.run()
SpawnPoolWorker-111| 2026-06-22 03:26:25,362,362 multiprocessing INFO STARTING NEW RUN ==========
SpawnPoolWorker-111| 2026-06-22 03:26:25,362,362 multiprocessing INFO SEE LOG AT : ./logs/all_Lyapunov_test_dso-fn_d_all_l_01_log.txt
SpawnPoolWorker-111| 2026-06-22 03:26:25,362,362 multiprocessing INFO See log at : ./logs/all_Lyapunov_test_dso-fn_d_all_l_01_log.txt
SpawnPoolWorker-111| 2026-06-22 03:26:25,364,364 multiprocessing INFO child process calling self.run()
SpawnPoolWorker-112| 2026-06-22 03:26:25,606,606 multiprocessing INFO STARTING NEW RUN ==========
SpawnPoolWorker-112| 2026-06-22 03:26:25,606,606 multiprocessing INFO SEE LOG AT : ./logs/all_Lyapunov_test_dso-fn_d_all_l_01_log.txt
SpawnPoolWorker-112| 2026-06-22 03:26:25,606,606 multiprocessing INFO See log at : ./logs/all_Lyapunov_test_dso-fn_d_all_l_01_log.txt
SpawnPoolWorker-112| 2026-06-22 03:26:25,609,609 multiprocessing INFO child process calling self.run()
SpawnPoolWorker-110| 2026-06-22 03:26:25,614,614 multiprocessing INFO STARTING NEW RUN ==========
SpawnPoolWorker-110| 2026-06-22 03:26:25,614,614 multiprocessing INFO SEE LOG AT : ./logs/all_Lyapunov_test_dso-fn_d_all_l_01_log.txt
SpawnPoolWorker-110| 2026-06-22 03:26:25,614,614 multiprocessing INFO See log at : ./logs/all_Lyapunov_test_dso-fn_d_all_l_01_log.txt
SpawnPoolWorker-110| 2026-06-22 03:26:25,616,616 multiprocessing INFO child process calling self.run()
SpawnPoolWorker-109| 2026-06-22 03:26:25,636,636 multiprocessing INFO STARTING NEW RUN ==========
SpawnPoolWorker-109| 2026-06-22 03:26:25,636,636 multiprocessing INFO SEE LOG AT : ./logs/all_Lyapunov_test_dso-fn_d_all_l_01_log.txt
SpawnPoolWorker-109| 2026-06-22 03:26:25,636,636 multiprocessing INFO See log at : ./logs/all_Lyapunov_test_dso-fn_d_all_l_01_log.txt
SpawnPoolWorker-109| 2026-06-22 03:26:25,649,649 multiprocessing INFO child process calling self.run()
SpawnPoolWorker-112| 2026-06-22 03:26:42,184,184 multiprocessing INFO process shutting down
SpawnPoolWorker-110| 2026-06-22 03:26:42,184,184 multiprocessing INFO process shutting down
SpawnPoolWorker-112| 2026-06-22 03:26:42,184,184 multiprocessing INFO process exiting with exitcode 0
SpawnPoolWorker-109| 2026-06-22 03:26:42,184,184 multiprocessing INFO process shutting down
SpawnPoolWorker-110| 2026-06-22 03:26:42,184,184 multiprocessing INFO process exiting with exitcode 0
SpawnPoolWorker-109| 2026-06-22 03:26:42,184,184 multiprocessing INFO process exiting with exitcode 0
SpawnPoolWorker-108| 2026-06-22 03:26:42,184,184 multiprocessing INFO process shutting down
SpawnPoolWorker-106| 2026-06-22 03:26:42,185,185 multiprocessing INFO process shutting down
SpawnPoolWorker-107| 2026-06-22 03:26:42,185,185 multiprocessing INFO process shutting down
(20000,)

===================Collect 20000 Examples===================

Epsilon 0.1
500
(550,)
(550,)
(550,)
Number of Programs for Minimization: 28
SpawnPoolWorker-133| 2026-06-22 03:27:01,230,230 multiprocessing INFO STARTING NEW RUN ==========
SpawnPoolWorker-133| 2026-06-22 03:27:01,230,230 multiprocessing INFO SEE LOG AT : ./logs/all_Lyapunov_test_dso-fn_d_all_l_01_log.txt
SpawnPoolWorker-133| 2026-06-22 03:27:01,230,230 multiprocessing INFO See log at : ./logs/all_Lyapunov_test_dso-fn_d_all_l_01_log.txt
SpawnPoolWorker-133| 2026-06-22 03:27:01,239,239 multiprocessing INFO child process calling self.run()
SpawnPoolWorker-134| 2026-06-22 03:27:01,539,539 multiprocessing INFO STARTING NEW RUN ==========
SpawnPoolWorker-134| 2026-06-22 03:27:01,539,539 multiprocessing INFO SEE LOG AT : ./logs/all_Lyapunov_test_dso-fn_d_all_l_01_log.txt
SpawnPoolWorker-134| 2026-06-22 03:27:01,539,539 multiprocessing INFO See log at : ./logs/all_Lyapunov_test_dso-fn_d_all_l_01_log.txt
SpawnPoolWorker-134| 2026-06-22 03:27:01,541,541 multiprocessing INFO child process calling self.run()
SpawnPoolWorker-113| 2026-06-22 03:27:03,560,560 multiprocessing INFO STARTING NEW RUN ==========
SpawnPoolWorker-113| 2026-06-22 03:27:03,560,560 multiprocessing INFO SEE LOG AT : ./logs/all_Lyapunov_test_dso-fn_d_all_l_01_log.txt
SpawnPoolWorker-113| 2026-06-22 03:27:03,560,560 multiprocessing INFO See log at : ./logs/all_Lyapunov_test_dso-fn_d_all_l_01_log.txt
SpawnPoolWorker-113| 2026-06-22 03:27:03,573,573 multiprocessing INFO child process calling self.run()
SpawnPoolWorker-114| 2026-06-22 03:27:04,239,239 multiprocessing INFO STARTING NEW RUN ==========
SpawnPoolWorker-114| 2026-06-22 03:27:04,239,239 multiprocessing INFO SEE LOG AT : ./logs/all_Lyapunov_test_dso-fn_d_all_l_01_log.txt
SpawnPoolWorker-114| 2026-06-22 03:27:04,239,239 multiprocessing INFO See log at : ./logs/all_Lyapunov_test_dso-fn_d_all_l_01_log.txt
SpawnPoolWorker-114| 2026-06-22 03:27:04,242,242 multiprocessing INFO child process calling self.run()
SpawnPoolWorker-132| 2026-06-22 03:27:04,303,303 multiprocessing INFO STARTING NEW RUN ==========
SpawnPoolWorker-132| 2026-06-22 03:27:04,303,303 multiprocessing INFO SEE LOG AT : ./logs/all_Lyapunov_test_dso-fn_d_all_l_01_log.txt
SpawnPoolWorker-132| 2026-06-22 03:27:04,303,303 multiprocessing INFO See log at : ./logs/all_Lyapunov_test_dso-fn_d_all_l_01_log.txt
SpawnPoolWorker-132| 2026-06-22 03:27:04,307,307 multiprocessing INFO child process calling self.run()
SpawnPoolWorker-117| 2026-06-22 03:27:04,450,450 multiprocessing INFO STARTING NEW RUN ==========
SpawnPoolWorker-117| 2026-06-22 03:27:04,450,450 multiprocessing INFO SEE LOG AT : ./logs/all_Lyapunov_test_dso-fn_d_all_l_01_log.txt
SpawnPoolWorker-117| 2026-06-22 03:27:04,450,450 multiprocessing INFO See log at : ./logs/all_Lyapunov_test_dso-fn_d_all_l_01_log.txt
SpawnPoolWorker-117| 2026-06-22 03:27:04,464,464 multiprocessing INFO child process calling self.run()
SpawnPoolWorker-135| 2026-06-22 03:27:04,939,939 multiprocessing INFO STARTING NEW RUN ==========
SpawnPoolWorker-135| 2026-06-22 03:27:04,939,939 multiprocessing INFO SEE LOG AT : ./logs/all_Lyapunov_test_dso-fn_d_all_l_01_log.txt
SpawnPoolWorker-135| 2026-06-22 03:27:04,939,939 multiprocessing INFO See log at : ./logs/all_Lyapunov_test_dso-fn_d_all_l_01_log.txt
SpawnPoolWorker-135| 2026-06-22 03:27:04,947,947 multiprocessing INFO child process calling self.run()
SpawnPoolWorker-131| 2026-06-22 03:27:04,982,982 multiprocessing INFO STARTING NEW RUN ==========
SpawnPoolWorker-131| 2026-06-22 03:27:04,982,982 multiprocessing INFO SEE LOG AT : ./logs/all_Lyapunov_test_dso-fn_d_all_l_01_log.txt
SpawnPoolWorker-131| 2026-06-22 03:27:04,982,982 multiprocessing INFO See log at : ./logs/all_Lyapunov_test_dso-fn_d_all_l_01_log.txt
SpawnPoolWorker-131| 2026-06-22 03:27:04,995,995 multiprocessing INFO child process calling self.run()
SpawnPoolWorker-130| 2026-06-22 03:27:05,144,144 multiprocessing INFO STARTING NEW RUN ==========
SpawnPoolWorker-130| 2026-06-22 03:27:05,144,144 multiprocessing INFO SEE LOG AT : ./logs/all_Lyapunov_test_dso-fn_d_all_l_01_log.txt
SpawnPoolWorker-130| 2026-06-22 03:27:05,144,144 multiprocessing INFO See log at : ./logs/all_Lyapunov_test_dso-fn_d_all_l_01_log.txt
SpawnPoolWorker-130| 2026-06-22 03:27:05,152,152 multiprocessing INFO child process calling self.run()
SpawnPoolWorker-119| 2026-06-22 03:27:05,168,168 multiprocessing INFO STARTING NEW RUN ==========
SpawnPoolWorker-119| 2026-06-22 03:27:05,168,168 multiprocessing INFO SEE LOG AT : ./logs/all_Lyapunov_test_dso-fn_d_all_l_01_log.txt
SpawnPoolWorker-119| 2026-06-22 03:27:05,168,168 multiprocessing INFO See log at : ./logs/all_Lyapunov_test_dso-fn_d_all_l_01_log.txt
SpawnPoolWorker-119| 2026-06-22 03:27:05,172,172 multiprocessing INFO child process calling self.run()
SpawnPoolWorker-115| 2026-06-22 03:27:05,256,256 multiprocessing INFO STARTING NEW RUN ==========
SpawnPoolWorker-115| 2026-06-22 03:27:05,257,257 multiprocessing INFO SEE LOG AT : ./logs/all_Lyapunov_test_dso-fn_d_all_l_01_log.txt
SpawnPoolWorker-115| 2026-06-22 03:27:05,257,257 multiprocessing INFO See log at : ./logs/all_Lyapunov_test_dso-fn_d_all_l_01_log.txt
SpawnPoolWorker-115| 2026-06-22 03:27:05,266,266 multiprocessing INFO child process calling self.run()
SpawnPoolWorker-126| 2026-06-22 03:27:05,390,390 multiprocessing INFO STARTING NEW RUN ==========
SpawnPoolWorker-126| 2026-06-22 03:27:05,390,390 multiprocessing INFO SEE LOG AT : ./logs/all_Lyapunov_test_dso-fn_d_all_l_01_log.txt
SpawnPoolWorker-126| 2026-06-22 03:27:05,390,390 multiprocessing INFO See log at : ./logs/all_Lyapunov_test_dso-fn_d_all_l_01_log.txt
SpawnPoolWorker-126| 2026-06-22 03:27:05,393,393 multiprocessing INFO child process calling self.run()
SpawnPoolWorker-129| 2026-06-22 03:27:05,402,402 multiprocessing INFO STARTING NEW RUN ==========
SpawnPoolWorker-129| 2026-06-22 03:27:05,402,402 multiprocessing INFO SEE LOG AT : ./logs/all_Lyapunov_test_dso-fn_d_all_l_01_log.txt
SpawnPoolWorker-129| 2026-06-22 03:27:05,402,402 multiprocessing INFO See log at : ./logs/all_Lyapunov_test_dso-fn_d_all_l_01_log.txt
SpawnPoolWorker-129| 2026-06-22 03:27:05,415,415 multiprocessing INFO child process calling self.run()
SpawnPoolWorker-123| 2026-06-22 03:27:05,430,430 multiprocessing INFO STARTING NEW RUN ==========
SpawnPoolWorker-123| 2026-06-22 03:27:05,430,430 multiprocessing INFO SEE LOG AT : ./logs/all_Lyapunov_test_dso-fn_d_all_l_01_log.txt
SpawnPoolWorker-123| 2026-06-22 03:27:05,430,430 multiprocessing INFO See log at : ./logs/all_Lyapunov_test_dso-fn_d_all_l_01_log.txt
SpawnPoolWorker-123| 2026-06-22 03:27:05,440,440 multiprocessing INFO child process calling self.run()
SpawnPoolWorker-122| 2026-06-22 03:27:05,592,592 multiprocessing INFO STARTING NEW RUN ==========
SpawnPoolWorker-122| 2026-06-22 03:27:05,592,592 multiprocessing INFO SEE LOG AT : ./logs/all_Lyapunov_test_dso-fn_d_all_l_01_log.txt
SpawnPoolWorker-122| 2026-06-22 03:27:05,592,592 multiprocessing INFO See log at : ./logs/all_Lyapunov_test_dso-fn_d_all_l_01_log.txt
SpawnPoolWorker-122| 2026-06-22 03:27:05,593,593 multiprocessing INFO child process calling self.run()
SpawnPoolWorker-124| 2026-06-22 03:27:05,677,677 multiprocessing INFO STARTING NEW RUN ==========
SpawnPoolWorker-124| 2026-06-22 03:27:05,677,677 multiprocessing INFO SEE LOG AT : ./logs/all_Lyapunov_test_dso-fn_d_all_l_01_log.txt
SpawnPoolWorker-124| 2026-06-22 03:27:05,677,677 multiprocessing INFO See log at : ./logs/all_Lyapunov_test_dso-fn_d_all_l_01_log.txt
SpawnPoolWorker-124| 2026-06-22 03:27:05,684,684 multiprocessing INFO child process calling self.run()
SpawnPoolWorker-127| 2026-06-22 03:27:05,967,967 multiprocessing INFO STARTING NEW RUN ==========
SpawnPoolWorker-127| 2026-06-22 03:27:05,967,967 multiprocessing INFO SEE LOG AT : ./logs/all_Lyapunov_test_dso-fn_d_all_l_01_log.txt
SpawnPoolWorker-127| 2026-06-22 03:27:05,967,967 multiprocessing INFO See log at : ./logs/all_Lyapunov_test_dso-fn_d_all_l_01_log.txt
SpawnPoolWorker-127| 2026-06-22 03:27:05,968,968 multiprocessing INFO child process calling self.run()
SpawnPoolWorker-125| 2026-06-22 03:27:06,047,47 multiprocessing INFO STARTING NEW RUN ==========
SpawnPoolWorker-125| 2026-06-22 03:27:06,047,47 multiprocessing INFO SEE LOG AT : ./logs/all_Lyapunov_test_dso-fn_d_all_l_01_log.txt
SpawnPoolWorker-125| 2026-06-22 03:27:06,047,47 multiprocessing INFO See log at : ./logs/all_Lyapunov_test_dso-fn_d_all_l_01_log.txt
SpawnPoolWorker-120| 2026-06-22 03:27:06,048,48 multiprocessing INFO STARTING NEW RUN ==========
SpawnPoolWorker-120| 2026-06-22 03:27:06,048,48 multiprocessing INFO SEE LOG AT : ./logs/all_Lyapunov_test_dso-fn_d_all_l_01_log.txt
SpawnPoolWorker-120| 2026-06-22 03:27:06,048,48 multiprocessing INFO See log at : ./logs/all_Lyapunov_test_dso-fn_d_all_l_01_log.txt
SpawnPoolWorker-125| 2026-06-22 03:27:06,050,50 multiprocessing INFO child process calling self.run()
SpawnPoolWorker-120| 2026-06-22 03:27:06,051,51 multiprocessing INFO child process calling self.run()
SpawnPoolWorker-118| 2026-06-22 03:27:06,156,156 multiprocessing INFO STARTING NEW RUN ==========
SpawnPoolWorker-118| 2026-06-22 03:27:06,157,157 multiprocessing INFO SEE LOG AT : ./logs/all_Lyapunov_test_dso-fn_d_all_l_01_log.txt
SpawnPoolWorker-118| 2026-06-22 03:27:06,157,157 multiprocessing INFO See log at : ./logs/all_Lyapunov_test_dso-fn_d_all_l_01_log.txt
SpawnPoolWorker-118| 2026-06-22 03:27:06,158,158 multiprocessing INFO child process calling self.run()
SpawnPoolWorker-116| 2026-06-22 03:27:06,243,243 multiprocessing INFO STARTING NEW RUN ==========
SpawnPoolWorker-116| 2026-06-22 03:27:06,243,243 multiprocessing INFO SEE LOG AT : ./logs/all_Lyapunov_test_dso-fn_d_all_l_01_log.txt
SpawnPoolWorker-116| 2026-06-22 03:27:06,243,243 multiprocessing INFO See log at : ./logs/all_Lyapunov_test_dso-fn_d_all_l_01_log.txt
SpawnPoolWorker-116| 2026-06-22 03:27:06,246,246 multiprocessing INFO child process calling self.run()
SpawnPoolWorker-121| 2026-06-22 03:27:06,258,258 multiprocessing INFO STARTING NEW RUN ==========
SpawnPoolWorker-121| 2026-06-22 03:27:06,258,258 multiprocessing INFO SEE LOG AT : ./logs/all_Lyapunov_test_dso-fn_d_all_l_01_log.txt
SpawnPoolWorker-121| 2026-06-22 03:27:06,258,258 multiprocessing INFO See log at : ./logs/all_Lyapunov_test_dso-fn_d_all_l_01_log.txt
SpawnPoolWorker-121| 2026-06-22 03:27:06,267,267 multiprocessing INFO child process calling self.run()
SpawnPoolWorker-128| 2026-06-22 03:27:06,507,507 multiprocessing INFO STARTING NEW RUN ==========
SpawnPoolWorker-128| 2026-06-22 03:27:06,507,507 multiprocessing INFO SEE LOG AT : ./logs/all_Lyapunov_test_dso-fn_d_all_l_01_log.txt
SpawnPoolWorker-128| 2026-06-22 03:27:06,507,507 multiprocessing INFO See log at : ./logs/all_Lyapunov_test_dso-fn_d_all_l_01_log.txt
SpawnPoolWorker-128| 2026-06-22 03:27:06,529,529 multiprocessing INFO child process calling self.run()
SpawnPoolWorker-136| 2026-06-22 03:27:07,407,407 multiprocessing INFO STARTING NEW RUN ==========
SpawnPoolWorker-136| 2026-06-22 03:27:07,407,407 multiprocessing INFO SEE LOG AT : ./logs/all_Lyapunov_test_dso-fn_d_all_l_01_log.txt
SpawnPoolWorker-136| 2026-06-22 03:27:07,407,407 multiprocessing INFO See log at : ./logs/all_Lyapunov_test_dso-fn_d_all_l_01_log.txt
SpawnPoolWorker-136| 2026-06-22 03:27:07,415,415 multiprocessing INFO child process calling self.run()
SpawnPoolWorker-130| 2026-06-22 03:34:04,439,439 multiprocessing INFO process shutting down
SpawnPoolWorker-113| 2026-06-22 03:34:04,440,440 multiprocessing INFO process shutting down
SpawnPoolWorker-130| 2026-06-22 03:34:04,441,441 multiprocessing INFO process exiting with exitcode 0
SpawnPoolWorker-117| 2026-06-22 03:34:04,440,440 multiprocessing INFO process shutting down
SpawnPoolWorker-117| 2026-06-22 03:34:04,441,441 multiprocessing INFO process exiting with exitcode 0
SpawnPoolWorker-116| 2026-06-22 03:34:04,441,441 multiprocessing INFO process shutting down
SpawnPoolWorker-127| 2026-06-22 03:34:04,441,441 multiprocessing INFO process shutting down
SpawnPoolWorker-114| 2026-06-22 03:34:04,440,440 multiprocessing INFO process shutting down
SpawnPoolWorker-133| 2026-06-22 03:34:04,442,442 multiprocessing INFO process shutting down
SpawnPoolWorker-132| 2026-06-22 03:34:04,442,442 multiprocessing INFO process shutting down
SpawnPoolWorker-119| 2026-06-22 03:34:04,442,442 multiprocessing INFO process shutting down
SpawnPoolWorker-118| 2026-06-22 03:34:04,443,443 multiprocessing INFO process shutting down
SpawnPoolWorker-116| 2026-06-22 03:34:04,443,443 multiprocessing INFO process exiting with exitcode 0
SpawnPoolWorker-118| 2026-06-22 03:34:04,443,443 multiprocessing INFO process exiting with exitcode 0
SpawnPoolWorker-123| 2026-06-22 03:34:04,443,443 multiprocessing INFO process shutting down
SpawnPoolWorker-123| 2026-06-22 03:34:04,444,444 multiprocessing INFO process exiting with exitcode 0
SpawnPoolWorker-122| 2026-06-22 03:34:04,444,444 multiprocessing INFO process shutting down
SpawnPoolWorker-124| 2026-06-22 03:34:04,444,444 multiprocessing INFO process shutting down
SpawnPoolWorker-136| 2026-06-22 03:34:04,445,445 multiprocessing INFO process shutting down
SpawnPoolWorker-128| 2026-06-22 03:34:04,445,445 multiprocessing INFO process shutting down
SpawnPoolWorker-128| 2026-06-22 03:34:04,446,446 multiprocessing INFO process exiting with exitcode 0
SpawnPoolWorker-127| 2026-06-22 03:34:04,446,446 multiprocessing INFO process exiting with exitcode 0
SpawnPoolWorker-129| 2026-06-22 03:34:04,446,446 multiprocessing INFO process shutting down
SpawnPoolWorker-134| 2026-06-22 03:34:04,447,447 multiprocessing INFO process shutting down
SpawnPoolWorker-126| 2026-06-22 03:34:04,448,448 multiprocessing INFO process shutting down
SpawnPoolWorker-121| 2026-06-22 03:34:04,449,449 multiprocessing INFO process shutting down
SpawnPoolWorker-115| 2026-06-22 03:34:04,446,446 multiprocessing INFO process shutting down
SpawnPoolWorker-135| 2026-06-22 03:34:04,451,451 multiprocessing INFO process shutting down
SpawnPoolWorker-129| 2026-06-22 03:34:04,452,452 multiprocessing INFO process exiting with exitcode 0
SpawnPoolWorker-114| 2026-06-22 03:34:04,461,461 multiprocessing INFO process exiting with exitcode 0
SpawnPoolWorker-120| 2026-06-22 03:34:04,461,461 multiprocessing INFO process shutting down
SpawnPoolWorker-125| 2026-06-22 03:34:04,463,463 multiprocessing INFO process shutting down
SpawnPoolWorker-133| 2026-06-22 03:34:04,464,464 multiprocessing INFO process exiting with exitcode 0
28
(100000, 9)
(100000,)
(100000, 9)
(100000,)

=======================Successfully Added (50000, 9) Counter Examples=======================


============None of the candidates fulfill the conditions. Training CONTINUES!=================

MainProcess| 2026-06-22 03:34:15,007,7 multiprocessing INFO 
============None of the candidates fulfill the conditions. Training CONTINUES!=================


============None of the candidates fulfill the conditions. Training CONTINUES!=================

(550, 171)
/users/9/chen8596/miniconda3/envs/alfd/lib/python3.9/site-packages/torch/nn/functional.py:4999: UserWarning: Support for mismatched key_padding_mask and attn_mask is deprecated. Use same type for both instead.
  warnings.warn(

==============Start Supervised Learning==============

MainProcess| 2026-06-22 03:34:30,627,627 multiprocessing INFO GP output mean: 0.6287000428096924
GP output mean: 0.6287000428096924
MainProcess| 2026-06-22 03:34:31,965,965 multiprocessing INFO GP output success rate: 0.0
GP output success rate: 0.0

==============End Supervised Learning==============

MainProcess| 2026-06-22 03:34:34,520,520 multiprocessing INFO [Test epoch=0004]  nevals=55227 	| train_loss=9846.31836 	| eqs_invalid %=0.00 	| r_best=0.99187 	| quantile=0.00000 	| r_quantile_mean=0.06481 	| r_raw_sum=35.64732 	|  r_raw_mean=0.68553 	| r2=nan 	| acc_iid=0.00000 	| acc_ood=0.00000 	| nmse_test=0.0004946498451338008 	| true_equation_set_count=0 	| s/it=766.22498
[Test epoch=0004]  nevals=55227 	| train_loss=9846.31836 	| eqs_invalid %=0.00 	| r_best=0.99187 	| quantile=0.00000 	| r_quantile_mean=0.06481 	| r_raw_sum=35.64732 	|  r_raw_mean=0.68553 	| r2=nan 	| acc_iid=0.00000 	| acc_ood=0.00000 	| nmse_test=0.0004946498451338008 	| true_equation_set_count=0 	| s/it=766.22498
MainProcess| 2026-06-22 03:38:36,802,802 multiprocessing INFO Genetic Porgramming Runtime 241.12923667603172
Genetic Porgramming Runtime 241.12923667603172

=========================PGD Collection Starts=========================

SpawnPoolWorker-137| 2026-06-22 03:38:41,760,760 multiprocessing INFO STARTING NEW RUN ==========
SpawnPoolWorker-137| 2026-06-22 03:38:41,760,760 multiprocessing INFO SEE LOG AT : ./logs/all_Lyapunov_test_dso-fn_d_all_l_01_log.txt
SpawnPoolWorker-137| 2026-06-22 03:38:41,760,760 multiprocessing INFO See log at : ./logs/all_Lyapunov_test_dso-fn_d_all_l_01_log.txt
SpawnPoolWorker-137| 2026-06-22 03:38:41,762,762 multiprocessing INFO child process calling self.run()
SpawnPoolWorker-141| 2026-06-22 03:38:41,762,762 multiprocessing INFO STARTING NEW RUN ==========
SpawnPoolWorker-141| 2026-06-22 03:38:41,762,762 multiprocessing INFO SEE LOG AT : ./logs/all_Lyapunov_test_dso-fn_d_all_l_01_log.txt
SpawnPoolWorker-141| 2026-06-22 03:38:41,762,762 multiprocessing INFO See log at : ./logs/all_Lyapunov_test_dso-fn_d_all_l_01_log.txt
SpawnPoolWorker-140| 2026-06-22 03:38:41,762,762 multiprocessing INFO STARTING NEW RUN ==========
SpawnPoolWorker-140| 2026-06-22 03:38:41,762,762 multiprocessing INFO SEE LOG AT : ./logs/all_Lyapunov_test_dso-fn_d_all_l_01_log.txt
SpawnPoolWorker-140| 2026-06-22 03:38:41,762,762 multiprocessing INFO See log at : ./logs/all_Lyapunov_test_dso-fn_d_all_l_01_log.txt
SpawnPoolWorker-141| 2026-06-22 03:38:41,764,764 multiprocessing INFO child process calling self.run()
SpawnPoolWorker-140| 2026-06-22 03:38:41,765,765 multiprocessing INFO child process calling self.run()
SpawnPoolWorker-139| 2026-06-22 03:38:41,768,768 multiprocessing INFO STARTING NEW RUN ==========
SpawnPoolWorker-139| 2026-06-22 03:38:41,768,768 multiprocessing INFO SEE LOG AT : ./logs/all_Lyapunov_test_dso-fn_d_all_l_01_log.txt
SpawnPoolWorker-139| 2026-06-22 03:38:41,768,768 multiprocessing INFO See log at : ./logs/all_Lyapunov_test_dso-fn_d_all_l_01_log.txt
SpawnPoolWorker-139| 2026-06-22 03:38:41,769,769 multiprocessing INFO child process calling self.run()
SpawnPoolWorker-138| 2026-06-22 03:38:41,798,798 multiprocessing INFO STARTING NEW RUN ==========
SpawnPoolWorker-138| 2026-06-22 03:38:41,798,798 multiprocessing INFO SEE LOG AT : ./logs/all_Lyapunov_test_dso-fn_d_all_l_01_log.txt
SpawnPoolWorker-138| 2026-06-22 03:38:41,798,798 multiprocessing INFO See log at : ./logs/all_Lyapunov_test_dso-fn_d_all_l_01_log.txt
SpawnPoolWorker-138| 2026-06-22 03:38:41,800,800 multiprocessing INFO child process calling self.run()
SpawnPoolWorker-142| 2026-06-22 03:38:41,868,868 multiprocessing INFO STARTING NEW RUN ==========
SpawnPoolWorker-142| 2026-06-22 03:38:41,868,868 multiprocessing INFO SEE LOG AT : ./logs/all_Lyapunov_test_dso-fn_d_all_l_01_log.txt
SpawnPoolWorker-142| 2026-06-22 03:38:41,868,868 multiprocessing INFO See log at : ./logs/all_Lyapunov_test_dso-fn_d_all_l_01_log.txt
SpawnPoolWorker-142| 2026-06-22 03:38:41,870,870 multiprocessing INFO child process calling self.run()
SpawnPoolWorker-143| 2026-06-22 03:38:41,948,948 multiprocessing INFO STARTING NEW RUN ==========
SpawnPoolWorker-143| 2026-06-22 03:38:41,948,948 multiprocessing INFO SEE LOG AT : ./logs/all_Lyapunov_test_dso-fn_d_all_l_01_log.txt
SpawnPoolWorker-143| 2026-06-22 03:38:41,948,948 multiprocessing INFO See log at : ./logs/all_Lyapunov_test_dso-fn_d_all_l_01_log.txt
SpawnPoolWorker-143| 2026-06-22 03:38:41,950,950 multiprocessing INFO child process calling self.run()
SpawnPoolWorker-145| 2026-06-22 03:38:42,039,39 multiprocessing INFO STARTING NEW RUN ==========
SpawnPoolWorker-145| 2026-06-22 03:38:42,039,39 multiprocessing INFO SEE LOG AT : ./logs/all_Lyapunov_test_dso-fn_d_all_l_01_log.txt
SpawnPoolWorker-145| 2026-06-22 03:38:42,039,39 multiprocessing INFO See log at : ./logs/all_Lyapunov_test_dso-fn_d_all_l_01_log.txt
SpawnPoolWorker-145| 2026-06-22 03:38:42,041,41 multiprocessing INFO child process calling self.run()
SpawnPoolWorker-144| 2026-06-22 03:38:42,107,107 multiprocessing INFO STARTING NEW RUN ==========
SpawnPoolWorker-144| 2026-06-22 03:38:42,107,107 multiprocessing INFO SEE LOG AT : ./logs/all_Lyapunov_test_dso-fn_d_all_l_01_log.txt
SpawnPoolWorker-144| 2026-06-22 03:38:42,107,107 multiprocessing INFO See log at : ./logs/all_Lyapunov_test_dso-fn_d_all_l_01_log.txt
SpawnPoolWorker-144| 2026-06-22 03:38:42,108,108 multiprocessing INFO child process calling self.run()
SpawnPoolWorker-146| 2026-06-22 03:38:42,159,159 multiprocessing INFO STARTING NEW RUN ==========
SpawnPoolWorker-146| 2026-06-22 03:38:42,159,159 multiprocessing INFO SEE LOG AT : ./logs/all_Lyapunov_test_dso-fn_d_all_l_01_log.txt
SpawnPoolWorker-146| 2026-06-22 03:38:42,159,159 multiprocessing INFO See log at : ./logs/all_Lyapunov_test_dso-fn_d_all_l_01_log.txt
SpawnPoolWorker-146| 2026-06-22 03:38:42,161,161 multiprocessing INFO child process calling self.run()
SpawnPoolWorker-142| 2026-06-22 03:39:00,914,914 multiprocessing INFO process shutting down
SpawnPoolWorker-142| 2026-06-22 03:39:00,914,914 multiprocessing INFO process exiting with exitcode 0
SpawnPoolWorker-143| 2026-06-22 03:39:00,914,914 multiprocessing INFO process shutting down
SpawnPoolWorker-140| 2026-06-22 03:39:00,914,914 multiprocessing INFO process shutting down
SpawnPoolWorker-139| 2026-06-22 03:39:00,914,914 multiprocessing INFO process shutting down
SpawnPoolWorker-145| 2026-06-22 03:39:00,914,914 multiprocessing INFO process shutting down
SpawnPoolWorker-144| 2026-06-22 03:39:00,914,914 multiprocessing INFO process shutting down
SpawnPoolWorker-143| 2026-06-22 03:39:00,915,915 multiprocessing INFO process exiting with exitcode 0
SpawnPoolWorker-140| 2026-06-22 03:39:00,915,915 multiprocessing INFO process exiting with exitcode 0
SpawnPoolWorker-137| 2026-06-22 03:39:00,915,915 multiprocessing INFO process shutting down
SpawnPoolWorker-138| 2026-06-22 03:39:00,915,915 multiprocessing INFO process shutting down
SpawnPoolWorker-145| 2026-06-22 03:39:00,915,915 multiprocessing INFO process exiting with exitcode 0
SpawnPoolWorker-139| 2026-06-22 03:39:00,915,915 multiprocessing INFO process exiting with exitcode 0
SpawnPoolWorker-144| 2026-06-22 03:39:00,915,915 multiprocessing INFO process exiting with exitcode 0
(20000,)

===================Collect 20000 Examples===================

Epsilon 0.1
500
(550,)
(550,)
(55,)
Number of Programs for Minimization: 28
SpawnPoolWorker-147| 2026-06-22 03:39:18,337,337 multiprocessing INFO STARTING NEW RUN ==========
SpawnPoolWorker-147| 2026-06-22 03:39:18,337,337 multiprocessing INFO SEE LOG AT : ./logs/all_Lyapunov_test_dso-fn_d_all_l_01_log.txt
SpawnPoolWorker-147| 2026-06-22 03:39:18,337,337 multiprocessing INFO See log at : ./logs/all_Lyapunov_test_dso-fn_d_all_l_01_log.txt
SpawnPoolWorker-147| 2026-06-22 03:39:18,341,341 multiprocessing INFO child process calling self.run()
SpawnPoolWorker-148| 2026-06-22 03:39:18,459,459 multiprocessing INFO STARTING NEW RUN ==========
SpawnPoolWorker-148| 2026-06-22 03:39:18,459,459 multiprocessing INFO SEE LOG AT : ./logs/all_Lyapunov_test_dso-fn_d_all_l_01_log.txt
SpawnPoolWorker-148| 2026-06-22 03:39:18,460,460 multiprocessing INFO See log at : ./logs/all_Lyapunov_test_dso-fn_d_all_l_01_log.txt
SpawnPoolWorker-148| 2026-06-22 03:39:18,462,462 multiprocessing INFO child process calling self.run()
SpawnPoolWorker-152| 2026-06-22 03:39:19,086,86 multiprocessing INFO STARTING NEW RUN ==========
SpawnPoolWorker-152| 2026-06-22 03:39:19,088,88 multiprocessing INFO SEE LOG AT : ./logs/all_Lyapunov_test_dso-fn_d_all_l_01_log.txt
SpawnPoolWorker-152| 2026-06-22 03:39:19,088,88 multiprocessing INFO See log at : ./logs/all_Lyapunov_test_dso-fn_d_all_l_01_log.txt
SpawnPoolWorker-152| 2026-06-22 03:39:19,096,96 multiprocessing INFO child process calling self.run()
SpawnPoolWorker-155| 2026-06-22 03:39:19,153,153 multiprocessing INFO STARTING NEW RUN ==========
SpawnPoolWorker-155| 2026-06-22 03:39:19,153,153 multiprocessing INFO SEE LOG AT : ./logs/all_Lyapunov_test_dso-fn_d_all_l_01_log.txt
SpawnPoolWorker-155| 2026-06-22 03:39:19,154,154 multiprocessing INFO See log at : ./logs/all_Lyapunov_test_dso-fn_d_all_l_01_log.txt
SpawnPoolWorker-155| 2026-06-22 03:39:19,160,160 multiprocessing INFO child process calling self.run()
SpawnPoolWorker-159| 2026-06-22 03:39:19,357,357 multiprocessing INFO STARTING NEW RUN ==========
SpawnPoolWorker-159| 2026-06-22 03:39:19,357,357 multiprocessing INFO SEE LOG AT : ./logs/all_Lyapunov_test_dso-fn_d_all_l_01_log.txt
SpawnPoolWorker-159| 2026-06-22 03:39:19,358,358 multiprocessing INFO See log at : ./logs/all_Lyapunov_test_dso-fn_d_all_l_01_log.txt
SpawnPoolWorker-159| 2026-06-22 03:39:19,359,359 multiprocessing INFO child process calling self.run()
SpawnPoolWorker-154| 2026-06-22 03:39:19,521,521 multiprocessing INFO STARTING NEW RUN ==========
SpawnPoolWorker-154| 2026-06-22 03:39:19,521,521 multiprocessing INFO SEE LOG AT : ./logs/all_Lyapunov_test_dso-fn_d_all_l_01_log.txt
SpawnPoolWorker-154| 2026-06-22 03:39:19,521,521 multiprocessing INFO See log at : ./logs/all_Lyapunov_test_dso-fn_d_all_l_01_log.txt
SpawnPoolWorker-154| 2026-06-22 03:39:19,523,523 multiprocessing INFO child process calling self.run()
SpawnPoolWorker-158| 2026-06-22 03:39:19,726,726 multiprocessing INFO STARTING NEW RUN ==========
SpawnPoolWorker-158| 2026-06-22 03:39:19,726,726 multiprocessing INFO SEE LOG AT : ./logs/all_Lyapunov_test_dso-fn_d_all_l_01_log.txt
SpawnPoolWorker-158| 2026-06-22 03:39:19,726,726 multiprocessing INFO See log at : ./logs/all_Lyapunov_test_dso-fn_d_all_l_01_log.txt
SpawnPoolWorker-158| 2026-06-22 03:39:19,728,728 multiprocessing INFO child process calling self.run()
SpawnPoolWorker-162| 2026-06-22 03:39:19,786,786 multiprocessing INFO STARTING NEW RUN ==========
SpawnPoolWorker-162| 2026-06-22 03:39:19,786,786 multiprocessing INFO SEE LOG AT : ./logs/all_Lyapunov_test_dso-fn_d_all_l_01_log.txt
SpawnPoolWorker-162| 2026-06-22 03:39:19,786,786 multiprocessing INFO See log at : ./logs/all_Lyapunov_test_dso-fn_d_all_l_01_log.txt
SpawnPoolWorker-162| 2026-06-22 03:39:19,797,797 multiprocessing INFO child process calling self.run()
SpawnPoolWorker-161| 2026-06-22 03:39:20,430,430 multiprocessing INFO STARTING NEW RUN ==========
SpawnPoolWorker-161| 2026-06-22 03:39:20,430,430 multiprocessing INFO SEE LOG AT : ./logs/all_Lyapunov_test_dso-fn_d_all_l_01_log.txt
SpawnPoolWorker-161| 2026-06-22 03:39:20,430,430 multiprocessing INFO See log at : ./logs/all_Lyapunov_test_dso-fn_d_all_l_01_log.txt
SpawnPoolWorker-161| 2026-06-22 03:39:20,433,433 multiprocessing INFO child process calling self.run()
SpawnPoolWorker-157| 2026-06-22 03:39:20,567,567 multiprocessing INFO STARTING NEW RUN ==========
SpawnPoolWorker-157| 2026-06-22 03:39:20,567,567 multiprocessing INFO SEE LOG AT : ./logs/all_Lyapunov_test_dso-fn_d_all_l_01_log.txt
SpawnPoolWorker-157| 2026-06-22 03:39:20,567,567 multiprocessing INFO See log at : ./logs/all_Lyapunov_test_dso-fn_d_all_l_01_log.txt
SpawnPoolWorker-157| 2026-06-22 03:39:20,573,573 multiprocessing INFO child process calling self.run()
SpawnPoolWorker-150| 2026-06-22 03:39:21,678,678 multiprocessing INFO STARTING NEW RUN ==========
SpawnPoolWorker-150| 2026-06-22 03:39:21,678,678 multiprocessing INFO SEE LOG AT : ./logs/all_Lyapunov_test_dso-fn_d_all_l_01_log.txt
SpawnPoolWorker-150| 2026-06-22 03:39:21,678,678 multiprocessing INFO See log at : ./logs/all_Lyapunov_test_dso-fn_d_all_l_01_log.txt
SpawnPoolWorker-150| 2026-06-22 03:39:21,682,682 multiprocessing INFO child process calling self.run()
SpawnPoolWorker-169| 2026-06-22 03:39:21,970,970 multiprocessing INFO STARTING NEW RUN ==========
SpawnPoolWorker-169| 2026-06-22 03:39:21,970,970 multiprocessing INFO SEE LOG AT : ./logs/all_Lyapunov_test_dso-fn_d_all_l_01_log.txt
SpawnPoolWorker-169| 2026-06-22 03:39:21,970,970 multiprocessing INFO See log at : ./logs/all_Lyapunov_test_dso-fn_d_all_l_01_log.txt
SpawnPoolWorker-164| 2026-06-22 03:39:21,983,983 multiprocessing INFO STARTING NEW RUN ==========
SpawnPoolWorker-164| 2026-06-22 03:39:21,983,983 multiprocessing INFO SEE LOG AT : ./logs/all_Lyapunov_test_dso-fn_d_all_l_01_log.txt
SpawnPoolWorker-164| 2026-06-22 03:39:21,983,983 multiprocessing INFO See log at : ./logs/all_Lyapunov_test_dso-fn_d_all_l_01_log.txt
SpawnPoolWorker-169| 2026-06-22 03:39:21,984,984 multiprocessing INFO child process calling self.run()
SpawnPoolWorker-164| 2026-06-22 03:39:22,003,3 multiprocessing INFO child process calling self.run()
SpawnPoolWorker-168| 2026-06-22 03:39:22,101,101 multiprocessing INFO STARTING NEW RUN ==========
SpawnPoolWorker-168| 2026-06-22 03:39:22,101,101 multiprocessing INFO SEE LOG AT : ./logs/all_Lyapunov_test_dso-fn_d_all_l_01_log.txt
SpawnPoolWorker-168| 2026-06-22 03:39:22,101,101 multiprocessing INFO See log at : ./logs/all_Lyapunov_test_dso-fn_d_all_l_01_log.txt
SpawnPoolWorker-166| 2026-06-22 03:39:22,108,108 multiprocessing INFO STARTING NEW RUN ==========
SpawnPoolWorker-166| 2026-06-22 03:39:22,108,108 multiprocessing INFO SEE LOG AT : ./logs/all_Lyapunov_test_dso-fn_d_all_l_01_log.txt
SpawnPoolWorker-166| 2026-06-22 03:39:22,108,108 multiprocessing INFO See log at : ./logs/all_Lyapunov_test_dso-fn_d_all_l_01_log.txt
SpawnPoolWorker-168| 2026-06-22 03:39:22,108,108 multiprocessing INFO child process calling self.run()
SpawnPoolWorker-166| 2026-06-22 03:39:22,111,111 multiprocessing INFO child process calling self.run()
SpawnPoolWorker-160| 2026-06-22 03:39:22,138,138 multiprocessing INFO STARTING NEW RUN ==========
SpawnPoolWorker-160| 2026-06-22 03:39:22,138,138 multiprocessing INFO SEE LOG AT : ./logs/all_Lyapunov_test_dso-fn_d_all_l_01_log.txt
SpawnPoolWorker-160| 2026-06-22 03:39:22,138,138 multiprocessing INFO See log at : ./logs/all_Lyapunov_test_dso-fn_d_all_l_01_log.txt
SpawnPoolWorker-160| 2026-06-22 03:39:22,148,148 multiprocessing INFO child process calling self.run()
SpawnPoolWorker-149| 2026-06-22 03:39:22,364,364 multiprocessing INFO STARTING NEW RUN ==========
SpawnPoolWorker-149| 2026-06-22 03:39:22,364,364 multiprocessing INFO SEE LOG AT : ./logs/all_Lyapunov_test_dso-fn_d_all_l_01_log.txt
SpawnPoolWorker-149| 2026-06-22 03:39:22,364,364 multiprocessing INFO See log at : ./logs/all_Lyapunov_test_dso-fn_d_all_l_01_log.txt
SpawnPoolWorker-149| 2026-06-22 03:39:22,372,372 multiprocessing INFO child process calling self.run()
SpawnPoolWorker-156| 2026-06-22 03:39:22,683,683 multiprocessing INFO STARTING NEW RUN ==========
SpawnPoolWorker-156| 2026-06-22 03:39:22,683,683 multiprocessing INFO SEE LOG AT : ./logs/all_Lyapunov_test_dso-fn_d_all_l_01_log.txt
SpawnPoolWorker-156| 2026-06-22 03:39:22,683,683 multiprocessing INFO See log at : ./logs/all_Lyapunov_test_dso-fn_d_all_l_01_log.txt
SpawnPoolWorker-156| 2026-06-22 03:39:22,698,698 multiprocessing INFO child process calling self.run()
SpawnPoolWorker-151| 2026-06-22 03:39:23,084,84 multiprocessing INFO STARTING NEW RUN ==========
SpawnPoolWorker-151| 2026-06-22 03:39:23,084,84 multiprocessing INFO SEE LOG AT : ./logs/all_Lyapunov_test_dso-fn_d_all_l_01_log.txt
SpawnPoolWorker-151| 2026-06-22 03:39:23,084,84 multiprocessing INFO See log at : ./logs/all_Lyapunov_test_dso-fn_d_all_l_01_log.txt
SpawnPoolWorker-151| 2026-06-22 03:39:23,089,89 multiprocessing INFO child process calling self.run()
SpawnPoolWorker-167| 2026-06-22 03:39:23,129,129 multiprocessing INFO STARTING NEW RUN ==========
SpawnPoolWorker-167| 2026-06-22 03:39:23,129,129 multiprocessing INFO SEE LOG AT : ./logs/all_Lyapunov_test_dso-fn_d_all_l_01_log.txt
SpawnPoolWorker-167| 2026-06-22 03:39:23,129,129 multiprocessing INFO See log at : ./logs/all_Lyapunov_test_dso-fn_d_all_l_01_log.txt
SpawnPoolWorker-167| 2026-06-22 03:39:23,131,131 multiprocessing INFO child process calling self.run()
SpawnPoolWorker-165| 2026-06-22 03:39:23,176,176 multiprocessing INFO STARTING NEW RUN ==========
SpawnPoolWorker-165| 2026-06-22 03:39:23,177,177 multiprocessing INFO SEE LOG AT : ./logs/all_Lyapunov_test_dso-fn_d_all_l_01_log.txt
SpawnPoolWorker-165| 2026-06-22 03:39:23,177,177 multiprocessing INFO See log at : ./logs/all_Lyapunov_test_dso-fn_d_all_l_01_log.txt
SpawnPoolWorker-165| 2026-06-22 03:39:23,181,181 multiprocessing INFO child process calling self.run()
SpawnPoolWorker-153| 2026-06-22 03:39:23,256,256 multiprocessing INFO STARTING NEW RUN ==========
SpawnPoolWorker-153| 2026-06-22 03:39:23,256,256 multiprocessing INFO SEE LOG AT : ./logs/all_Lyapunov_test_dso-fn_d_all_l_01_log.txt
SpawnPoolWorker-153| 2026-06-22 03:39:23,256,256 multiprocessing INFO See log at : ./logs/all_Lyapunov_test_dso-fn_d_all_l_01_log.txt
SpawnPoolWorker-153| 2026-06-22 03:39:23,263,263 multiprocessing INFO child process calling self.run()
SpawnPoolWorker-163| 2026-06-22 03:39:23,404,404 multiprocessing INFO STARTING NEW RUN ==========
SpawnPoolWorker-163| 2026-06-22 03:39:23,404,404 multiprocessing INFO SEE LOG AT : ./logs/all_Lyapunov_test_dso-fn_d_all_l_01_log.txt
SpawnPoolWorker-163| 2026-06-22 03:39:23,404,404 multiprocessing INFO See log at : ./logs/all_Lyapunov_test_dso-fn_d_all_l_01_log.txt
SpawnPoolWorker-163| 2026-06-22 03:39:23,416,416 multiprocessing INFO child process calling self.run()
SpawnPoolWorker-170| 2026-06-22 03:39:23,508,508 multiprocessing INFO STARTING NEW RUN ==========
SpawnPoolWorker-170| 2026-06-22 03:39:23,508,508 multiprocessing INFO SEE LOG AT : ./logs/all_Lyapunov_test_dso-fn_d_all_l_01_log.txt
SpawnPoolWorker-170| 2026-06-22 03:39:23,508,508 multiprocessing INFO See log at : ./logs/all_Lyapunov_test_dso-fn_d_all_l_01_log.txt
SpawnPoolWorker-170| 2026-06-22 03:39:23,517,517 multiprocessing INFO child process calling self.run()
SpawnPoolWorker-159| 2026-06-22 03:46:13,961,961 multiprocessing INFO process shutting down
SpawnPoolWorker-161| 2026-06-22 03:46:13,961,961 multiprocessing INFO process shutting down
SpawnPoolWorker-152| 2026-06-22 03:46:13,961,961 multiprocessing INFO process shutting down
SpawnPoolWorker-157| 2026-06-22 03:46:13,961,961 multiprocessing INFO process shutting down
SpawnPoolWorker-150| 2026-06-22 03:46:13,961,961 multiprocessing INFO process shutting down
SpawnPoolWorker-162| 2026-06-22 03:46:13,961,961 multiprocessing INFO process shutting down
SpawnPoolWorker-170| 2026-06-22 03:46:13,961,961 multiprocessing INFO process shutting down
SpawnPoolWorker-159| 2026-06-22 03:46:13,962,962 multiprocessing INFO process exiting with exitcode 0
SpawnPoolWorker-170| 2026-06-22 03:46:13,962,962 multiprocessing INFO process exiting with exitcode 0
SpawnPoolWorker-157| 2026-06-22 03:46:13,962,962 multiprocessing INFO process exiting with exitcode 0
SpawnPoolWorker-162| 2026-06-22 03:46:13,962,962 multiprocessing INFO process exiting with exitcode 0
SpawnPoolWorker-150| 2026-06-22 03:46:13,962,962 multiprocessing INFO process exiting with exitcode 0
SpawnPoolWorker-163| 2026-06-22 03:46:13,962,962 multiprocessing INFO process shutting down
SpawnPoolWorker-167| 2026-06-22 03:46:13,960,960 multiprocessing INFO process shutting down
SpawnPoolWorker-163| 2026-06-22 03:46:13,962,962 multiprocessing INFO process exiting with exitcode 0
SpawnPoolWorker-164| 2026-06-22 03:46:13,963,963 multiprocessing INFO process shutting down
SpawnPoolWorker-154| 2026-06-22 03:46:13,963,963 multiprocessing INFO process shutting down
SpawnPoolWorker-147| 2026-06-22 03:46:13,963,963 multiprocessing INFO process shutting down
SpawnPoolWorker-149| 2026-06-22 03:46:13,963,963 multiprocessing INFO process shutting down
SpawnPoolWorker-166| 2026-06-22 03:46:13,963,963 multiprocessing INFO process shutting down
SpawnPoolWorker-166| 2026-06-22 03:46:13,964,964 multiprocessing INFO process exiting with exitcode 0
SpawnPoolWorker-149| 2026-06-22 03:46:13,964,964 multiprocessing INFO process exiting with exitcode 0
SpawnPoolWorker-167| 2026-06-22 03:46:13,964,964 multiprocessing INFO process exiting with exitcode 0
SpawnPoolWorker-165| 2026-06-22 03:46:13,963,963 multiprocessing INFO process shutting down
SpawnPoolWorker-161| 2026-06-22 03:46:13,966,966 multiprocessing INFO process exiting with exitcode 0
SpawnPoolWorker-155| 2026-06-22 03:46:13,966,966 multiprocessing INFO process shutting down
SpawnPoolWorker-155| 2026-06-22 03:46:13,967,967 multiprocessing INFO process exiting with exitcode 0
SpawnPoolWorker-152| 2026-06-22 03:46:13,968,968 multiprocessing INFO process exiting with exitcode 0
SpawnPoolWorker-154| 2026-06-22 03:46:13,974,974 multiprocessing INFO process exiting with exitcode 0
SpawnPoolWorker-164| 2026-06-22 03:46:13,976,976 multiprocessing INFO process exiting with exitcode 0
SpawnPoolWorker-156| 2026-06-22 03:46:13,979,979 multiprocessing INFO process shutting down
SpawnPoolWorker-158| 2026-06-22 03:46:13,980,980 multiprocessing INFO process shutting down
SpawnPoolWorker-148| 2026-06-22 03:46:13,980,980 multiprocessing INFO process shutting down
SpawnPoolWorker-153| 2026-06-22 03:46:13,981,981 multiprocessing INFO process shutting down
SpawnPoolWorker-151| 2026-06-22 03:46:13,982,982 multiprocessing INFO process shutting down
SpawnPoolWorker-147| 2026-06-22 03:46:13,983,983 multiprocessing INFO process exiting with exitcode 0
SpawnPoolWorker-165| 2026-06-22 03:46:13,983,983 multiprocessing INFO process exiting with exitcode 0
SpawnPoolWorker-156| 2026-06-22 03:46:13,995,995 multiprocessing INFO process exiting with exitcode 0
SpawnPoolWorker-158| 2026-06-22 03:46:14,002,2 multiprocessing INFO process exiting with exitcode 0
SpawnPoolWorker-148| 2026-06-22 03:46:14,002,2 multiprocessing INFO process exiting with exitcode 0
SpawnPoolWorker-151| 2026-06-22 03:46:14,013,13 multiprocessing INFO process exiting with exitcode 0
SpawnPoolWorker-153| 2026-06-22 03:46:14,013,13 multiprocessing INFO process exiting with exitcode 0
SpawnPoolWorker-168| 2026-06-22 03:46:14,043,43 multiprocessing INFO process shutting down
SpawnPoolWorker-169| 2026-06-22 03:46:14,043,43 multiprocessing INFO process shutting down
SpawnPoolWorker-168| 2026-06-22 03:46:14,043,43 multiprocessing INFO process exiting with exitcode 0
SpawnPoolWorker-160| 2026-06-22 03:46:14,043,43 multiprocessing INFO process shutting down
SpawnPoolWorker-169| 2026-06-22 03:46:14,043,43 multiprocessing INFO process exiting with exitcode 0
SpawnPoolWorker-160| 2026-06-22 03:46:14,044,44 multiprocessing INFO process exiting with exitcode 0
28
(100000, 9)
(100000,)
(100000, 9)
(100000,)

=======================Successfully Added (31716, 9) Counter Examples=======================


============None of the candidates fulfill the conditions. Training CONTINUES!=================

MainProcess| 2026-06-22 03:46:17,354,354 multiprocessing INFO 
============None of the candidates fulfill the conditions. Training CONTINUES!=================


============None of the candidates fulfill the conditions. Training CONTINUES!=================

(55, 171)
/users/9/chen8596/miniconda3/envs/alfd/lib/python3.9/site-packages/torch/nn/functional.py:4999: UserWarning: Support for mismatched key_padding_mask and attn_mask is deprecated. Use same type for both instead.
  warnings.warn(

==============Start Supervised Learning==============

MainProcess| 2026-06-22 03:46:24,119,119 multiprocessing INFO GP output mean: 0.9999993185408567
GP output mean: 0.9999993185408567
MainProcess| 2026-06-22 03:46:24,877,877 multiprocessing INFO GP output success rate: 0.0
GP output success rate: 0.0

==============End Supervised Learning==============

/users/9/chen8596/LyaDis/repro/runs/syn9d/utils/train.py:971: RuntimeWarning: divide by zero encountered in divide
  error = np.abs(((y_hat - y) / y))
/users/9/chen8596/.local/lib/python3.9/site-packages/scipy/stats/_stats_py.py:4424: ConstantInputWarning: An input array is constant; the correlation coefficient is not defined.
  warnings.warn(stats.ConstantInputWarning(msg))
MainProcess| 2026-06-22 03:46:28,105,105 multiprocessing INFO [Test epoch=0005]  nevals=69025 	| train_loss=10684.20312 	| eqs_invalid %=0.18 	| r_best=0.99621 	| quantile=0.25091 	| r_quantile_mean=0.87416 	| r_raw_sum=48.14861 	|  r_raw_mean=0.84471 	| r2=nan 	| acc_iid=0.00000 	| acc_ood=0.00000 	| nmse_test=0.0578906255800643 	| true_equation_set_count=0 	| s/it=713.58467
[Test epoch=0005]  nevals=69025 	| train_loss=10684.20312 	| eqs_invalid %=0.18 	| r_best=0.99621 	| quantile=0.25091 	| r_quantile_mean=0.87416 	| r_raw_sum=48.14861 	|  r_raw_mean=0.84471 	| r2=nan 	| acc_iid=0.00000 	| acc_ood=0.00000 	| nmse_test=0.0578906255800643 	| true_equation_set_count=0 	| s/it=713.58467
MainProcess| 2026-06-22 03:46:28,105,105 multiprocessing INFO [00:01:02:59.13] Training epoch 5/4000, current best R: 0.9962
[00:01:02:59.13] Training epoch 5/4000, current best R: 0.9962
MainProcess| 2026-06-22 03:46:28,105,105 multiprocessing INFO 
	** New best

	** New best
MainProcess| 2026-06-22 03:46:28,105,105 multiprocessing INFO 	Reward: 0.9962137917872869
	Reward: 0.9962137917872869
MainProcess| 2026-06-22 03:46:28,105,105 multiprocessing INFO 	Count Off-policy: 1
	Count Off-policy: 1
MainProcess| 2026-06-22 03:46:28,105,105 multiprocessing INFO 	Count On-policy: 0
	Count On-policy: 0
MainProcess| 2026-06-22 03:46:28,105,105 multiprocessing INFO 	Originally on Policy: False
	Originally on Policy: False
MainProcess| 2026-06-22 03:46:28,105,105 multiprocessing INFO 	Invalid: False
	Invalid: False
MainProcess| 2026-06-22 03:46:28,105,105 multiprocessing INFO 	Traversal: add,n2,n2,x4,add,n2,x5,add,add,add,n2,n2,x8,n2,x2,n2,x9,n2,sub,add,add,x1,sin,x7,add,x3,x6,x7
	Traversal: add,n2,n2,x4,add,n2,x5,add,add,add,n2,n2,x8,n2,x2,n2,x9,n2,sub,add,add,x1,sin,x7,add,x3,x6,x7
MainProcess| 2026-06-22 03:46:28,105,105 multiprocessing INFO 	Expression:
	Expression:
MainProcess| 2026-06-22 03:46:28,109,109 multiprocessing INFO 
	    2     4     2     4     2                                2
	  x₂  + x₄  + x₅  + x₈  + x₉  + (x₁ + x₃ + x₆ - x₇ + sin(x₇)) 


	    2     4     2     4     2                                2
	  x₂  + x₄  + x₅  + x₈  + x₉  + (x₁ + x₃ + x₆ - x₇ + sin(x₇)) 

MainProcess| 2026-06-22 03:46:28,109,109 multiprocessing INFO [00:01:02:59.14] Training epoch 5/4000, current best R: 0.9962
[00:01:02:59.14] Training epoch 5/4000, current best R: 0.9962
MainProcess| 2026-06-22 03:50:50,575,575 multiprocessing INFO Genetic Porgramming Runtime 260.8846862378996
Genetic Porgramming Runtime 260.8846862378996

=========================PGD Collection Starts=========================

SpawnPoolWorker-173| 2026-06-22 03:50:56,076,76 multiprocessing INFO STARTING NEW RUN ==========
SpawnPoolWorker-173| 2026-06-22 03:50:56,077,77 multiprocessing INFO SEE LOG AT : ./logs/all_Lyapunov_test_dso-fn_d_all_l_01_log.txt
SpawnPoolWorker-173| 2026-06-22 03:50:56,077,77 multiprocessing INFO See log at : ./logs/all_Lyapunov_test_dso-fn_d_all_l_01_log.txt
SpawnPoolWorker-173| 2026-06-22 03:50:56,078,78 multiprocessing INFO child process calling self.run()
SpawnPoolWorker-172| 2026-06-22 03:50:56,163,163 multiprocessing INFO STARTING NEW RUN ==========
SpawnPoolWorker-172| 2026-06-22 03:50:56,163,163 multiprocessing INFO SEE LOG AT : ./logs/all_Lyapunov_test_dso-fn_d_all_l_01_log.txt
SpawnPoolWorker-172| 2026-06-22 03:50:56,163,163 multiprocessing INFO See log at : ./logs/all_Lyapunov_test_dso-fn_d_all_l_01_log.txt
SpawnPoolWorker-172| 2026-06-22 03:50:56,166,166 multiprocessing INFO child process calling self.run()
SpawnPoolWorker-177| 2026-06-22 03:50:56,179,179 multiprocessing INFO STARTING NEW RUN ==========
SpawnPoolWorker-177| 2026-06-22 03:50:56,180,180 multiprocessing INFO SEE LOG AT : ./logs/all_Lyapunov_test_dso-fn_d_all_l_01_log.txt
SpawnPoolWorker-177| 2026-06-22 03:50:56,180,180 multiprocessing INFO See log at : ./logs/all_Lyapunov_test_dso-fn_d_all_l_01_log.txt
SpawnPoolWorker-177| 2026-06-22 03:50:56,182,182 multiprocessing INFO child process calling self.run()
SpawnPoolWorker-174| 2026-06-22 03:50:56,249,249 multiprocessing INFO STARTING NEW RUN ==========
SpawnPoolWorker-174| 2026-06-22 03:50:56,249,249 multiprocessing INFO SEE LOG AT : ./logs/all_Lyapunov_test_dso-fn_d_all_l_01_log.txt
SpawnPoolWorker-174| 2026-06-22 03:50:56,249,249 multiprocessing INFO See log at : ./logs/all_Lyapunov_test_dso-fn_d_all_l_01_log.txt
SpawnPoolWorker-174| 2026-06-22 03:50:56,251,251 multiprocessing INFO child process calling self.run()
SpawnPoolWorker-171| 2026-06-22 03:50:56,263,263 multiprocessing INFO STARTING NEW RUN ==========
SpawnPoolWorker-171| 2026-06-22 03:50:56,263,263 multiprocessing INFO SEE LOG AT : ./logs/all_Lyapunov_test_dso-fn_d_all_l_01_log.txt
SpawnPoolWorker-171| 2026-06-22 03:50:56,263,263 multiprocessing INFO See log at : ./logs/all_Lyapunov_test_dso-fn_d_all_l_01_log.txt
SpawnPoolWorker-171| 2026-06-22 03:50:56,265,265 multiprocessing INFO child process calling self.run()
SpawnPoolWorker-175| 2026-06-22 03:50:56,455,455 multiprocessing INFO STARTING NEW RUN ==========
SpawnPoolWorker-175| 2026-06-22 03:50:56,455,455 multiprocessing INFO SEE LOG AT : ./logs/all_Lyapunov_test_dso-fn_d_all_l_01_log.txt
SpawnPoolWorker-175| 2026-06-22 03:50:56,455,455 multiprocessing INFO See log at : ./logs/all_Lyapunov_test_dso-fn_d_all_l_01_log.txt
SpawnPoolWorker-175| 2026-06-22 03:50:56,457,457 multiprocessing INFO child process calling self.run()
SpawnPoolWorker-176| 2026-06-22 03:50:56,526,526 multiprocessing INFO STARTING NEW RUN ==========
SpawnPoolWorker-176| 2026-06-22 03:50:56,526,526 multiprocessing INFO SEE LOG AT : ./logs/all_Lyapunov_test_dso-fn_d_all_l_01_log.txt
SpawnPoolWorker-176| 2026-06-22 03:50:56,526,526 multiprocessing INFO See log at : ./logs/all_Lyapunov_test_dso-fn_d_all_l_01_log.txt
SpawnPoolWorker-176| 2026-06-22 03:50:56,528,528 multiprocessing INFO child process calling self.run()
SpawnPoolWorker-179| 2026-06-22 03:50:56,573,573 multiprocessing INFO STARTING NEW RUN ==========
SpawnPoolWorker-179| 2026-06-22 03:50:56,573,573 multiprocessing INFO SEE LOG AT : ./logs/all_Lyapunov_test_dso-fn_d_all_l_01_log.txt
SpawnPoolWorker-179| 2026-06-22 03:50:56,573,573 multiprocessing INFO See log at : ./logs/all_Lyapunov_test_dso-fn_d_all_l_01_log.txt
SpawnPoolWorker-179| 2026-06-22 03:50:56,583,583 multiprocessing INFO child process calling self.run()
SpawnPoolWorker-180| 2026-06-22 03:50:56,646,646 multiprocessing INFO STARTING NEW RUN ==========
SpawnPoolWorker-180| 2026-06-22 03:50:56,646,646 multiprocessing INFO SEE LOG AT : ./logs/all_Lyapunov_test_dso-fn_d_all_l_01_log.txt
SpawnPoolWorker-180| 2026-06-22 03:50:56,646,646 multiprocessing INFO See log at : ./logs/all_Lyapunov_test_dso-fn_d_all_l_01_log.txt
SpawnPoolWorker-180| 2026-06-22 03:50:56,649,649 multiprocessing INFO child process calling self.run()
SpawnPoolWorker-178| 2026-06-22 03:50:56,772,772 multiprocessing INFO STARTING NEW RUN ==========
SpawnPoolWorker-178| 2026-06-22 03:50:56,772,772 multiprocessing INFO SEE LOG AT : ./logs/all_Lyapunov_test_dso-fn_d_all_l_01_log.txt
SpawnPoolWorker-178| 2026-06-22 03:50:56,772,772 multiprocessing INFO See log at : ./logs/all_Lyapunov_test_dso-fn_d_all_l_01_log.txt
SpawnPoolWorker-178| 2026-06-22 03:50:56,773,773 multiprocessing INFO child process calling self.run()
SpawnPoolWorker-180| 2026-06-22 03:51:16,090,90 multiprocessing INFO process shutting down
SpawnPoolWorker-176| 2026-06-22 03:51:16,090,90 multiprocessing INFO process shutting down
SpawnPoolWorker-179| 2026-06-22 03:51:16,090,90 multiprocessing INFO process shutting down
SpawnPoolWorker-178| 2026-06-22 03:51:16,090,90 multiprocessing INFO process shutting down
SpawnPoolWorker-180| 2026-06-22 03:51:16,090,90 multiprocessing INFO process exiting with exitcode 0
SpawnPoolWorker-176| 2026-06-22 03:51:16,090,90 multiprocessing INFO process exiting with exitcode 0
SpawnPoolWorker-179| 2026-06-22 03:51:16,090,90 multiprocessing INFO process exiting with exitcode 0
SpawnPoolWorker-178| 2026-06-22 03:51:16,090,90 multiprocessing INFO process exiting with exitcode 0
SpawnPoolWorker-173| 2026-06-22 03:51:16,090,90 multiprocessing INFO process shutting down
SpawnPoolWorker-172| 2026-06-22 03:51:16,091,91 multiprocessing INFO process shutting down
SpawnPoolWorker-175| 2026-06-22 03:51:16,091,91 multiprocessing INFO process shutting down
SpawnPoolWorker-173| 2026-06-22 03:51:16,091,91 multiprocessing INFO process exiting with exitcode 0
SpawnPoolWorker-171| 2026-06-22 03:51:16,091,91 multiprocessing INFO process shutting down
SpawnPoolWorker-175| 2026-06-22 03:51:16,092,92 multiprocessing INFO process exiting with exitcode 0
(20000,)

===================Collect 20000 Examples===================

Epsilon 0.1
500
(550,)
(550,)
(550,)
Number of Programs for Minimization: 28
SpawnPoolWorker-201| 2026-06-22 03:51:35,105,105 multiprocessing INFO STARTING NEW RUN ==========
SpawnPoolWorker-201| 2026-06-22 03:51:35,105,105 multiprocessing INFO SEE LOG AT : ./logs/all_Lyapunov_test_dso-fn_d_all_l_01_log.txt
SpawnPoolWorker-201| 2026-06-22 03:51:35,105,105 multiprocessing INFO See log at : ./logs/all_Lyapunov_test_dso-fn_d_all_l_01_log.txt
SpawnPoolWorker-201| 2026-06-22 03:51:35,110,110 multiprocessing INFO child process calling self.run()
SpawnPoolWorker-181| 2026-06-22 03:51:35,251,251 multiprocessing INFO STARTING NEW RUN ==========
SpawnPoolWorker-181| 2026-06-22 03:51:35,251,251 multiprocessing INFO SEE LOG AT : ./logs/all_Lyapunov_test_dso-fn_d_all_l_01_log.txt
SpawnPoolWorker-181| 2026-06-22 03:51:35,251,251 multiprocessing INFO See log at : ./logs/all_Lyapunov_test_dso-fn_d_all_l_01_log.txt
SpawnPoolWorker-181| 2026-06-22 03:51:35,259,259 multiprocessing INFO child process calling self.run()
SpawnPoolWorker-190| 2026-06-22 03:51:35,307,307 multiprocessing INFO STARTING NEW RUN ==========
SpawnPoolWorker-190| 2026-06-22 03:51:35,307,307 multiprocessing INFO SEE LOG AT : ./logs/all_Lyapunov_test_dso-fn_d_all_l_01_log.txt
SpawnPoolWorker-190| 2026-06-22 03:51:35,307,307 multiprocessing INFO See log at : ./logs/all_Lyapunov_test_dso-fn_d_all_l_01_log.txt
SpawnPoolWorker-190| 2026-06-22 03:51:35,321,321 multiprocessing INFO child process calling self.run()
SpawnPoolWorker-191| 2026-06-22 03:51:35,342,342 multiprocessing INFO STARTING NEW RUN ==========
SpawnPoolWorker-191| 2026-06-22 03:51:35,343,343 multiprocessing INFO SEE LOG AT : ./logs/all_Lyapunov_test_dso-fn_d_all_l_01_log.txt
SpawnPoolWorker-191| 2026-06-22 03:51:35,343,343 multiprocessing INFO See log at : ./logs/all_Lyapunov_test_dso-fn_d_all_l_01_log.txt
SpawnPoolWorker-191| 2026-06-22 03:51:35,361,361 multiprocessing INFO child process calling self.run()
SpawnPoolWorker-182| 2026-06-22 03:51:35,524,524 multiprocessing INFO STARTING NEW RUN ==========
SpawnPoolWorker-182| 2026-06-22 03:51:35,524,524 multiprocessing INFO SEE LOG AT : ./logs/all_Lyapunov_test_dso-fn_d_all_l_01_log.txt
SpawnPoolWorker-182| 2026-06-22 03:51:35,524,524 multiprocessing INFO See log at : ./logs/all_Lyapunov_test_dso-fn_d_all_l_01_log.txt
SpawnPoolWorker-182| 2026-06-22 03:51:35,532,532 multiprocessing INFO child process calling self.run()
SpawnPoolWorker-202| 2026-06-22 03:51:35,711,711 multiprocessing INFO STARTING NEW RUN ==========
SpawnPoolWorker-202| 2026-06-22 03:51:35,711,711 multiprocessing INFO SEE LOG AT : ./logs/all_Lyapunov_test_dso-fn_d_all_l_01_log.txt
SpawnPoolWorker-202| 2026-06-22 03:51:35,711,711 multiprocessing INFO See log at : ./logs/all_Lyapunov_test_dso-fn_d_all_l_01_log.txt
SpawnPoolWorker-202| 2026-06-22 03:51:35,712,712 multiprocessing INFO child process calling self.run()
SpawnPoolWorker-183| 2026-06-22 03:51:35,821,821 multiprocessing INFO STARTING NEW RUN ==========
SpawnPoolWorker-183| 2026-06-22 03:51:35,822,822 multiprocessing INFO SEE LOG AT : ./logs/all_Lyapunov_test_dso-fn_d_all_l_01_log.txt
SpawnPoolWorker-183| 2026-06-22 03:51:35,822,822 multiprocessing INFO See log at : ./logs/all_Lyapunov_test_dso-fn_d_all_l_01_log.txt
SpawnPoolWorker-183| 2026-06-22 03:51:35,827,827 multiprocessing INFO child process calling self.run()
SpawnPoolWorker-196| 2026-06-22 03:51:35,890,890 multiprocessing INFO STARTING NEW RUN ==========
SpawnPoolWorker-196| 2026-06-22 03:51:35,890,890 multiprocessing INFO SEE LOG AT : ./logs/all_Lyapunov_test_dso-fn_d_all_l_01_log.txt
SpawnPoolWorker-196| 2026-06-22 03:51:35,890,890 multiprocessing INFO See log at : ./logs/all_Lyapunov_test_dso-fn_d_all_l_01_log.txt
SpawnPoolWorker-196| 2026-06-22 03:51:35,899,899 multiprocessing INFO child process calling self.run()
SpawnPoolWorker-204| 2026-06-22 03:51:35,975,975 multiprocessing INFO STARTING NEW RUN ==========
SpawnPoolWorker-204| 2026-06-22 03:51:35,975,975 multiprocessing INFO SEE LOG AT : ./logs/all_Lyapunov_test_dso-fn_d_all_l_01_log.txt
SpawnPoolWorker-204| 2026-06-22 03:51:35,975,975 multiprocessing INFO See log at : ./logs/all_Lyapunov_test_dso-fn_d_all_l_01_log.txt
SpawnPoolWorker-204| 2026-06-22 03:51:35,983,983 multiprocessing INFO child process calling self.run()
SpawnPoolWorker-199| 2026-06-22 03:51:36,108,108 multiprocessing INFO STARTING NEW RUN ==========
SpawnPoolWorker-199| 2026-06-22 03:51:36,108,108 multiprocessing INFO SEE LOG AT : ./logs/all_Lyapunov_test_dso-fn_d_all_l_01_log.txt
SpawnPoolWorker-199| 2026-06-22 03:51:36,108,108 multiprocessing INFO See log at : ./logs/all_Lyapunov_test_dso-fn_d_all_l_01_log.txt
SpawnPoolWorker-199| 2026-06-22 03:51:36,118,118 multiprocessing INFO child process calling self.run()
SpawnPoolWorker-184| 2026-06-22 03:51:36,189,189 multiprocessing INFO STARTING NEW RUN ==========
SpawnPoolWorker-184| 2026-06-22 03:51:36,189,189 multiprocessing INFO SEE LOG AT : ./logs/all_Lyapunov_test_dso-fn_d_all_l_01_log.txt
SpawnPoolWorker-184| 2026-06-22 03:51:36,189,189 multiprocessing INFO See log at : ./logs/all_Lyapunov_test_dso-fn_d_all_l_01_log.txt
SpawnPoolWorker-184| 2026-06-22 03:51:36,201,201 multiprocessing INFO child process calling self.run()
SpawnPoolWorker-186| 2026-06-22 03:51:36,295,295 multiprocessing INFO STARTING NEW RUN ==========
SpawnPoolWorker-186| 2026-06-22 03:51:36,296,296 multiprocessing INFO SEE LOG AT : ./logs/all_Lyapunov_test_dso-fn_d_all_l_01_log.txt
SpawnPoolWorker-186| 2026-06-22 03:51:36,296,296 multiprocessing INFO See log at : ./logs/all_Lyapunov_test_dso-fn_d_all_l_01_log.txt
SpawnPoolWorker-186| 2026-06-22 03:51:36,298,298 multiprocessing INFO child process calling self.run()
SpawnPoolWorker-189| 2026-06-22 03:51:36,582,582 multiprocessing INFO STARTING NEW RUN ==========
SpawnPoolWorker-189| 2026-06-22 03:51:36,582,582 multiprocessing INFO SEE LOG AT : ./logs/all_Lyapunov_test_dso-fn_d_all_l_01_log.txt
SpawnPoolWorker-189| 2026-06-22 03:51:36,582,582 multiprocessing INFO See log at : ./logs/all_Lyapunov_test_dso-fn_d_all_l_01_log.txt
SpawnPoolWorker-189| 2026-06-22 03:51:36,588,588 multiprocessing INFO child process calling self.run()
SpawnPoolWorker-195| 2026-06-22 03:51:36,668,668 multiprocessing INFO STARTING NEW RUN ==========
SpawnPoolWorker-195| 2026-06-22 03:51:36,668,668 multiprocessing INFO SEE LOG AT : ./logs/all_Lyapunov_test_dso-fn_d_all_l_01_log.txt
SpawnPoolWorker-195| 2026-06-22 03:51:36,668,668 multiprocessing INFO See log at : ./logs/all_Lyapunov_test_dso-fn_d_all_l_01_log.txt
SpawnPoolWorker-195| 2026-06-22 03:51:36,671,671 multiprocessing INFO child process calling self.run()
SpawnPoolWorker-192| 2026-06-22 03:51:36,859,859 multiprocessing INFO STARTING NEW RUN ==========
SpawnPoolWorker-192| 2026-06-22 03:51:36,859,859 multiprocessing INFO SEE LOG AT : ./logs/all_Lyapunov_test_dso-fn_d_all_l_01_log.txt
SpawnPoolWorker-192| 2026-06-22 03:51:36,859,859 multiprocessing INFO See log at : ./logs/all_Lyapunov_test_dso-fn_d_all_l_01_log.txt
SpawnPoolWorker-192| 2026-06-22 03:51:36,860,860 multiprocessing INFO child process calling self.run()
SpawnPoolWorker-200| 2026-06-22 03:51:36,990,990 multiprocessing INFO STARTING NEW RUN ==========
SpawnPoolWorker-200| 2026-06-22 03:51:36,990,990 multiprocessing INFO SEE LOG AT : ./logs/all_Lyapunov_test_dso-fn_d_all_l_01_log.txt
SpawnPoolWorker-200| 2026-06-22 03:51:36,990,990 multiprocessing INFO See log at : ./logs/all_Lyapunov_test_dso-fn_d_all_l_01_log.txt
SpawnPoolWorker-200| 2026-06-22 03:51:36,997,997 multiprocessing INFO child process calling self.run()
SpawnPoolWorker-188| 2026-06-22 03:51:37,059,59 multiprocessing INFO STARTING NEW RUN ==========
SpawnPoolWorker-188| 2026-06-22 03:51:37,059,59 multiprocessing INFO SEE LOG AT : ./logs/all_Lyapunov_test_dso-fn_d_all_l_01_log.txt
SpawnPoolWorker-188| 2026-06-22 03:51:37,059,59 multiprocessing INFO See log at : ./logs/all_Lyapunov_test_dso-fn_d_all_l_01_log.txt
SpawnPoolWorker-188| 2026-06-22 03:51:37,068,68 multiprocessing INFO child process calling self.run()
SpawnPoolWorker-203| 2026-06-22 03:51:37,150,150 multiprocessing INFO STARTING NEW RUN ==========
SpawnPoolWorker-203| 2026-06-22 03:51:37,150,150 multiprocessing INFO SEE LOG AT : ./logs/all_Lyapunov_test_dso-fn_d_all_l_01_log.txt
SpawnPoolWorker-203| 2026-06-22 03:51:37,150,150 multiprocessing INFO See log at : ./logs/all_Lyapunov_test_dso-fn_d_all_l_01_log.txt
SpawnPoolWorker-203| 2026-06-22 03:51:37,156,156 multiprocessing INFO child process calling self.run()
SpawnPoolWorker-185| 2026-06-22 03:51:37,310,310 multiprocessing INFO STARTING NEW RUN ==========
SpawnPoolWorker-185| 2026-06-22 03:51:37,310,310 multiprocessing INFO SEE LOG AT : ./logs/all_Lyapunov_test_dso-fn_d_all_l_01_log.txt
SpawnPoolWorker-185| 2026-06-22 03:51:37,310,310 multiprocessing INFO See log at : ./logs/all_Lyapunov_test_dso-fn_d_all_l_01_log.txt
SpawnPoolWorker-185| 2026-06-22 03:51:37,317,317 multiprocessing INFO child process calling self.run()
SpawnPoolWorker-193| 2026-06-22 03:51:37,437,437 multiprocessing INFO STARTING NEW RUN ==========
SpawnPoolWorker-193| 2026-06-22 03:51:37,437,437 multiprocessing INFO SEE LOG AT : ./logs/all_Lyapunov_test_dso-fn_d_all_l_01_log.txt
SpawnPoolWorker-193| 2026-06-22 03:51:37,437,437 multiprocessing INFO See log at : ./logs/all_Lyapunov_test_dso-fn_d_all_l_01_log.txt
SpawnPoolWorker-193| 2026-06-22 03:51:37,438,438 multiprocessing INFO child process calling self.run()
SpawnPoolWorker-198| 2026-06-22 03:51:37,839,839 multiprocessing INFO STARTING NEW RUN ==========
SpawnPoolWorker-198| 2026-06-22 03:51:37,839,839 multiprocessing INFO SEE LOG AT : ./logs/all_Lyapunov_test_dso-fn_d_all_l_01_log.txt
SpawnPoolWorker-198| 2026-06-22 03:51:37,839,839 multiprocessing INFO See log at : ./logs/all_Lyapunov_test_dso-fn_d_all_l_01_log.txt
SpawnPoolWorker-198| 2026-06-22 03:51:37,850,850 multiprocessing INFO child process calling self.run()
SpawnPoolWorker-194| 2026-06-22 03:51:38,483,483 multiprocessing INFO STARTING NEW RUN ==========
SpawnPoolWorker-194| 2026-06-22 03:51:38,483,483 multiprocessing INFO SEE LOG AT : ./logs/all_Lyapunov_test_dso-fn_d_all_l_01_log.txt
SpawnPoolWorker-194| 2026-06-22 03:51:38,483,483 multiprocessing INFO See log at : ./logs/all_Lyapunov_test_dso-fn_d_all_l_01_log.txt
SpawnPoolWorker-194| 2026-06-22 03:51:38,491,491 multiprocessing INFO child process calling self.run()
SpawnPoolWorker-187| 2026-06-22 03:51:38,913,913 multiprocessing INFO STARTING NEW RUN ==========
SpawnPoolWorker-187| 2026-06-22 03:51:38,913,913 multiprocessing INFO SEE LOG AT : ./logs/all_Lyapunov_test_dso-fn_d_all_l_01_log.txt
SpawnPoolWorker-187| 2026-06-22 03:51:38,913,913 multiprocessing INFO See log at : ./logs/all_Lyapunov_test_dso-fn_d_all_l_01_log.txt
SpawnPoolWorker-187| 2026-06-22 03:51:38,918,918 multiprocessing INFO child process calling self.run()
SpawnPoolWorker-197| 2026-06-22 03:51:39,081,81 multiprocessing INFO STARTING NEW RUN ==========
SpawnPoolWorker-197| 2026-06-22 03:51:39,081,81 multiprocessing INFO SEE LOG AT : ./logs/all_Lyapunov_test_dso-fn_d_all_l_01_log.txt
SpawnPoolWorker-197| 2026-06-22 03:51:39,081,81 multiprocessing INFO See log at : ./logs/all_Lyapunov_test_dso-fn_d_all_l_01_log.txt
SpawnPoolWorker-197| 2026-06-22 03:51:39,091,91 multiprocessing INFO child process calling self.run()
SpawnPoolWorker-183| 2026-06-22 03:58:24,251,251 multiprocessing INFO process shutting down
SpawnPoolWorker-193| 2026-06-22 03:58:24,252,252 multiprocessing INFO process shutting down
SpawnPoolWorker-192| 2026-06-22 03:58:24,252,252 multiprocessing INFO process shutting down
SpawnPoolWorker-194| 2026-06-22 03:58:24,252,252 multiprocessing INFO process shutting down
SpawnPoolWorker-189| 2026-06-22 03:58:24,251,251 multiprocessing INFO process shutting down
SpawnPoolWorker-203| 2026-06-22 03:58:24,251,251 multiprocessing INFO process shutting down
SpawnPoolWorker-201| 2026-06-22 03:58:24,252,252 multiprocessing INFO process shutting down
SpawnPoolWorker-198| 2026-06-22 03:58:24,252,252 multiprocessing INFO process shutting down
SpawnPoolWorker-192| 2026-06-22 03:58:24,253,253 multiprocessing INFO process exiting with exitcode 0
SpawnPoolWorker-183| 2026-06-22 03:58:24,253,253 multiprocessing INFO process exiting with exitcode 0
SpawnPoolWorker-181| 2026-06-22 03:58:24,252,252 multiprocessing INFO process shutting down
SpawnPoolWorker-193| 2026-06-22 03:58:24,253,253 multiprocessing INFO process exiting with exitcode 0
SpawnPoolWorker-185| 2026-06-22 03:58:24,253,253 multiprocessing INFO process shutting down
SpawnPoolWorker-203| 2026-06-22 03:58:24,253,253 multiprocessing INFO process exiting with exitcode 0
SpawnPoolWorker-191| 2026-06-22 03:58:24,253,253 multiprocessing INFO process shutting down
SpawnPoolWorker-199| 2026-06-22 03:58:24,253,253 multiprocessing INFO process shutting down
SpawnPoolWorker-185| 2026-06-22 03:58:24,253,253 multiprocessing INFO process exiting with exitcode 0
SpawnPoolWorker-191| 2026-06-22 03:58:24,253,253 multiprocessing INFO process exiting with exitcode 0
SpawnPoolWorker-181| 2026-06-22 03:58:24,254,254 multiprocessing INFO process exiting with exitcode 0
SpawnPoolWorker-200| 2026-06-22 03:58:24,254,254 multiprocessing INFO process shutting down
SpawnPoolWorker-195| 2026-06-22 03:58:24,254,254 multiprocessing INFO process shutting down
SpawnPoolWorker-188| 2026-06-22 03:58:24,254,254 multiprocessing INFO process shutting down
SpawnPoolWorker-186| 2026-06-22 03:58:24,255,255 multiprocessing INFO process shutting down
SpawnPoolWorker-197| 2026-06-22 03:58:24,255,255 multiprocessing INFO process shutting down
SpawnPoolWorker-186| 2026-06-22 03:58:24,255,255 multiprocessing INFO process exiting with exitcode 0
SpawnPoolWorker-197| 2026-06-22 03:58:24,256,256 multiprocessing INFO process exiting with exitcode 0
SpawnPoolWorker-184| 2026-06-22 03:58:24,255,255 multiprocessing INFO process shutting down
SpawnPoolWorker-199| 2026-06-22 03:58:24,257,257 multiprocessing INFO process exiting with exitcode 0
SpawnPoolWorker-190| 2026-06-22 03:58:24,256,256 multiprocessing INFO process shutting down
SpawnPoolWorker-190| 2026-06-22 03:58:24,257,257 multiprocessing INFO process exiting with exitcode 0
SpawnPoolWorker-204| 2026-06-22 03:58:24,256,256 multiprocessing INFO process shutting down
SpawnPoolWorker-204| 2026-06-22 03:58:24,257,257 multiprocessing INFO process exiting with exitcode 0
SpawnPoolWorker-202| 2026-06-22 03:58:24,258,258 multiprocessing INFO process shutting down
SpawnPoolWorker-189| 2026-06-22 03:58:24,258,258 multiprocessing INFO process exiting with exitcode 0
SpawnPoolWorker-196| 2026-06-22 03:58:24,258,258 multiprocessing INFO process shutting down
SpawnPoolWorker-202| 2026-06-22 03:58:24,260,260 multiprocessing INFO process exiting with exitcode 0
SpawnPoolWorker-196| 2026-06-22 03:58:24,262,262 multiprocessing INFO process exiting with exitcode 0
SpawnPoolWorker-194| 2026-06-22 03:58:24,270,270 multiprocessing INFO process exiting with exitcode 0
28
(100000, 9)
(100000,)
(100000, 9)
(100000,)

=======================Successfully Added (23587, 9) Counter Examples=======================


============None of the candidates fulfill the conditions. Training CONTINUES!=================

MainProcess| 2026-06-22 03:58:32,470,470 multiprocessing INFO 
============None of the candidates fulfill the conditions. Training CONTINUES!=================


============None of the candidates fulfill the conditions. Training CONTINUES!=================

(550, 171)
/users/9/chen8596/miniconda3/envs/alfd/lib/python3.9/site-packages/torch/nn/functional.py:4999: UserWarning: Support for mismatched key_padding_mask and attn_mask is deprecated. Use same type for both instead.
  warnings.warn(

==============Start Supervised Learning==============

MainProcess| 2026-06-22 03:58:46,564,564 multiprocessing INFO GP output mean: 0.999998249142062
GP output mean: 0.999998249142062
MainProcess| 2026-06-22 03:58:47,369,369 multiprocessing INFO GP output success rate: 0.0
GP output success rate: 0.0

==============End Supervised Learning==============

MainProcess| 2026-06-22 03:58:49,835,835 multiprocessing INFO [Test epoch=0006]  nevals=82732 	| train_loss=7906.96387 	| eqs_invalid %=1.82 	| r_best=0.99621 	| quantile=0.00000 	| r_quantile_mean=0.08473 	| r_raw_sum=46.59937 	|  r_raw_mean=0.89614 	| r2=nan 	| acc_iid=0.00000 	| acc_ood=0.00000 	| nmse_test=0.0578906255800643 	| true_equation_set_count=0 	| s/it=741.72603
[Test epoch=0006]  nevals=82732 	| train_loss=7906.96387 	| eqs_invalid %=1.82 	| r_best=0.99621 	| quantile=0.00000 	| r_quantile_mean=0.08473 	| r_raw_sum=46.59937 	|  r_raw_mean=0.89614 	| r2=nan 	| acc_iid=0.00000 	| acc_ood=0.00000 	| nmse_test=0.0578906255800643 	| true_equation_set_count=0 	| s/it=741.72603
MainProcess| 2026-06-22 04:01:45,129,129 multiprocessing INFO Genetic Porgramming Runtime 174.0341177219525
Genetic Porgramming Runtime 174.0341177219525

=========================PGD Collection Starts=========================

SpawnPoolWorker-212| 2026-06-22 04:01:50,673,673 multiprocessing INFO STARTING NEW RUN ==========
SpawnPoolWorker-212| 2026-06-22 04:01:50,673,673 multiprocessing INFO SEE LOG AT : ./logs/all_Lyapunov_test_dso-fn_d_all_l_01_log.txt
SpawnPoolWorker-212| 2026-06-22 04:01:50,673,673 multiprocessing INFO See log at : ./logs/all_Lyapunov_test_dso-fn_d_all_l_01_log.txt
SpawnPoolWorker-212| 2026-06-22 04:01:50,675,675 multiprocessing INFO child process calling self.run()
SpawnPoolWorker-211| 2026-06-22 04:01:50,676,676 multiprocessing INFO STARTING NEW RUN ==========
SpawnPoolWorker-208| 2026-06-22 04:01:50,676,676 multiprocessing INFO STARTING NEW RUN ==========
SpawnPoolWorker-211| 2026-06-22 04:01:50,676,676 multiprocessing INFO SEE LOG AT : ./logs/all_Lyapunov_test_dso-fn_d_all_l_01_log.txt
SpawnPoolWorker-208| 2026-06-22 04:01:50,676,676 multiprocessing INFO SEE LOG AT : ./logs/all_Lyapunov_test_dso-fn_d_all_l_01_log.txt
SpawnPoolWorker-211| 2026-06-22 04:01:50,676,676 multiprocessing INFO See log at : ./logs/all_Lyapunov_test_dso-fn_d_all_l_01_log.txt
SpawnPoolWorker-208| 2026-06-22 04:01:50,676,676 multiprocessing INFO See log at : ./logs/all_Lyapunov_test_dso-fn_d_all_l_01_log.txt
SpawnPoolWorker-206| 2026-06-22 04:01:50,676,676 multiprocessing INFO STARTING NEW RUN ==========
SpawnPoolWorker-206| 2026-06-22 04:01:50,676,676 multiprocessing INFO SEE LOG AT : ./logs/all_Lyapunov_test_dso-fn_d_all_l_01_log.txt
SpawnPoolWorker-206| 2026-06-22 04:01:50,676,676 multiprocessing INFO See log at : ./logs/all_Lyapunov_test_dso-fn_d_all_l_01_log.txt
SpawnPoolWorker-211| 2026-06-22 04:01:50,677,677 multiprocessing INFO child process calling self.run()
SpawnPoolWorker-208| 2026-06-22 04:01:50,677,677 multiprocessing INFO child process calling self.run()
SpawnPoolWorker-206| 2026-06-22 04:01:50,678,678 multiprocessing INFO child process calling self.run()
SpawnPoolWorker-213| 2026-06-22 04:01:50,678,678 multiprocessing INFO STARTING NEW RUN ==========
SpawnPoolWorker-213| 2026-06-22 04:01:50,678,678 multiprocessing INFO SEE LOG AT : ./logs/all_Lyapunov_test_dso-fn_d_all_l_01_log.txt
SpawnPoolWorker-213| 2026-06-22 04:01:50,678,678 multiprocessing INFO See log at : ./logs/all_Lyapunov_test_dso-fn_d_all_l_01_log.txt
SpawnPoolWorker-207| 2026-06-22 04:01:50,679,679 multiprocessing INFO STARTING NEW RUN ==========
SpawnPoolWorker-207| 2026-06-22 04:01:50,679,679 multiprocessing INFO SEE LOG AT : ./logs/all_Lyapunov_test_dso-fn_d_all_l_01_log.txt
SpawnPoolWorker-207| 2026-06-22 04:01:50,679,679 multiprocessing INFO See log at : ./logs/all_Lyapunov_test_dso-fn_d_all_l_01_log.txt
SpawnPoolWorker-205| 2026-06-22 04:01:50,679,679 multiprocessing INFO STARTING NEW RUN ==========
SpawnPoolWorker-205| 2026-06-22 04:01:50,679,679 multiprocessing INFO SEE LOG AT : ./logs/all_Lyapunov_test_dso-fn_d_all_l_01_log.txt
SpawnPoolWorker-205| 2026-06-22 04:01:50,679,679 multiprocessing INFO See log at : ./logs/all_Lyapunov_test_dso-fn_d_all_l_01_log.txt
SpawnPoolWorker-213| 2026-06-22 04:01:50,680,680 multiprocessing INFO child process calling self.run()
SpawnPoolWorker-207| 2026-06-22 04:01:50,680,680 multiprocessing INFO child process calling self.run()
SpawnPoolWorker-205| 2026-06-22 04:01:50,681,681 multiprocessing INFO child process calling self.run()
SpawnPoolWorker-210| 2026-06-22 04:01:50,686,686 multiprocessing INFO STARTING NEW RUN ==========
SpawnPoolWorker-210| 2026-06-22 04:01:50,686,686 multiprocessing INFO SEE LOG AT : ./logs/all_Lyapunov_test_dso-fn_d_all_l_01_log.txt
SpawnPoolWorker-210| 2026-06-22 04:01:50,686,686 multiprocessing INFO See log at : ./logs/all_Lyapunov_test_dso-fn_d_all_l_01_log.txt
SpawnPoolWorker-210| 2026-06-22 04:01:50,687,687 multiprocessing INFO child process calling self.run()
SpawnPoolWorker-214| 2026-06-22 04:01:50,697,697 multiprocessing INFO STARTING NEW RUN ==========
SpawnPoolWorker-214| 2026-06-22 04:01:50,697,697 multiprocessing INFO SEE LOG AT : ./logs/all_Lyapunov_test_dso-fn_d_all_l_01_log.txt
SpawnPoolWorker-214| 2026-06-22 04:01:50,697,697 multiprocessing INFO See log at : ./logs/all_Lyapunov_test_dso-fn_d_all_l_01_log.txt
SpawnPoolWorker-214| 2026-06-22 04:01:50,700,700 multiprocessing INFO child process calling self.run()
SpawnPoolWorker-209| 2026-06-22 04:01:50,719,719 multiprocessing INFO STARTING NEW RUN ==========
SpawnPoolWorker-209| 2026-06-22 04:01:50,719,719 multiprocessing INFO SEE LOG AT : ./logs/all_Lyapunov_test_dso-fn_d_all_l_01_log.txt
SpawnPoolWorker-209| 2026-06-22 04:01:50,719,719 multiprocessing INFO See log at : ./logs/all_Lyapunov_test_dso-fn_d_all_l_01_log.txt
SpawnPoolWorker-209| 2026-06-22 04:01:50,721,721 multiprocessing INFO child process calling self.run()
SpawnPoolWorker-207| 2026-06-22 04:02:07,678,678 multiprocessing INFO process shutting down
SpawnPoolWorker-207| 2026-06-22 04:02:07,678,678 multiprocessing INFO process exiting with exitcode 0
SpawnPoolWorker-206| 2026-06-22 04:02:07,678,678 multiprocessing INFO process shutting down
SpawnPoolWorker-210| 2026-06-22 04:02:07,678,678 multiprocessing INFO process shutting down
SpawnPoolWorker-206| 2026-06-22 04:02:07,678,678 multiprocessing INFO process exiting with exitcode 0
SpawnPoolWorker-210| 2026-06-22 04:02:07,678,678 multiprocessing INFO process exiting with exitcode 0
SpawnPoolWorker-208| 2026-06-22 04:02:07,678,678 multiprocessing INFO process shutting down
SpawnPoolWorker-213| 2026-06-22 04:02:07,679,679 multiprocessing INFO process shutting down
SpawnPoolWorker-211| 2026-06-22 04:02:07,679,679 multiprocessing INFO process shutting down
SpawnPoolWorker-214| 2026-06-22 04:02:07,679,679 multiprocessing INFO process shutting down
(20000,)

===================Collect 20000 Examples===================

Epsilon 0.1
500
(550,)
(550,)
(55,)
Number of Programs for Minimization: 28
SpawnPoolWorker-221| 2026-06-22 04:02:23,942,942 multiprocessing INFO STARTING NEW RUN ==========
SpawnPoolWorker-221| 2026-06-22 04:02:23,942,942 multiprocessing INFO SEE LOG AT : ./logs/all_Lyapunov_test_dso-fn_d_all_l_01_log.txt
SpawnPoolWorker-221| 2026-06-22 04:02:23,942,942 multiprocessing INFO See log at : ./logs/all_Lyapunov_test_dso-fn_d_all_l_01_log.txt
SpawnPoolWorker-221| 2026-06-22 04:02:23,955,955 multiprocessing INFO child process calling self.run()
SpawnPoolWorker-215| 2026-06-22 04:02:24,539,539 multiprocessing INFO STARTING NEW RUN ==========
SpawnPoolWorker-215| 2026-06-22 04:02:24,540,540 multiprocessing INFO SEE LOG AT : ./logs/all_Lyapunov_test_dso-fn_d_all_l_01_log.txt
SpawnPoolWorker-215| 2026-06-22 04:02:24,540,540 multiprocessing INFO See log at : ./logs/all_Lyapunov_test_dso-fn_d_all_l_01_log.txt
SpawnPoolWorker-215| 2026-06-22 04:02:24,581,581 multiprocessing INFO child process calling self.run()
SpawnPoolWorker-225| 2026-06-22 04:02:24,748,748 multiprocessing INFO STARTING NEW RUN ==========
SpawnPoolWorker-225| 2026-06-22 04:02:24,748,748 multiprocessing INFO SEE LOG AT : ./logs/all_Lyapunov_test_dso-fn_d_all_l_01_log.txt
SpawnPoolWorker-225| 2026-06-22 04:02:24,748,748 multiprocessing INFO See log at : ./logs/all_Lyapunov_test_dso-fn_d_all_l_01_log.txt
SpawnPoolWorker-225| 2026-06-22 04:02:24,752,752 multiprocessing INFO child process calling self.run()
SpawnPoolWorker-220| 2026-06-22 04:02:25,287,287 multiprocessing INFO STARTING NEW RUN ==========
SpawnPoolWorker-220| 2026-06-22 04:02:25,287,287 multiprocessing INFO SEE LOG AT : ./logs/all_Lyapunov_test_dso-fn_d_all_l_01_log.txt
SpawnPoolWorker-220| 2026-06-22 04:02:25,287,287 multiprocessing INFO See log at : ./logs/all_Lyapunov_test_dso-fn_d_all_l_01_log.txt
SpawnPoolWorker-220| 2026-06-22 04:02:25,301,301 multiprocessing INFO child process calling self.run()
SpawnPoolWorker-222| 2026-06-22 04:02:25,318,318 multiprocessing INFO STARTING NEW RUN ==========
SpawnPoolWorker-222| 2026-06-22 04:02:25,318,318 multiprocessing INFO SEE LOG AT : ./logs/all_Lyapunov_test_dso-fn_d_all_l_01_log.txt
SpawnPoolWorker-222| 2026-06-22 04:02:25,318,318 multiprocessing INFO See log at : ./logs/all_Lyapunov_test_dso-fn_d_all_l_01_log.txt
SpawnPoolWorker-222| 2026-06-22 04:02:25,320,320 multiprocessing INFO child process calling self.run()
SpawnPoolWorker-224| 2026-06-22 04:02:25,702,702 multiprocessing INFO STARTING NEW RUN ==========
SpawnPoolWorker-224| 2026-06-22 04:02:25,702,702 multiprocessing INFO SEE LOG AT : ./logs/all_Lyapunov_test_dso-fn_d_all_l_01_log.txt
SpawnPoolWorker-224| 2026-06-22 04:02:25,702,702 multiprocessing INFO See log at : ./logs/all_Lyapunov_test_dso-fn_d_all_l_01_log.txt
SpawnPoolWorker-224| 2026-06-22 04:02:25,715,715 multiprocessing INFO child process calling self.run()
SpawnPoolWorker-223| 2026-06-22 04:02:25,898,898 multiprocessing INFO STARTING NEW RUN ==========
SpawnPoolWorker-223| 2026-06-22 04:02:25,899,899 multiprocessing INFO SEE LOG AT : ./logs/all_Lyapunov_test_dso-fn_d_all_l_01_log.txt
SpawnPoolWorker-223| 2026-06-22 04:02:25,899,899 multiprocessing INFO See log at : ./logs/all_Lyapunov_test_dso-fn_d_all_l_01_log.txt
SpawnPoolWorker-223| 2026-06-22 04:02:25,901,901 multiprocessing INFO child process calling self.run()
SpawnPoolWorker-227| 2026-06-22 04:02:26,003,3 multiprocessing INFO STARTING NEW RUN ==========
SpawnPoolWorker-227| 2026-06-22 04:02:26,003,3 multiprocessing INFO SEE LOG AT : ./logs/all_Lyapunov_test_dso-fn_d_all_l_01_log.txt
SpawnPoolWorker-227| 2026-06-22 04:02:26,003,3 multiprocessing INFO See log at : ./logs/all_Lyapunov_test_dso-fn_d_all_l_01_log.txt
SpawnPoolWorker-227| 2026-06-22 04:02:26,011,11 multiprocessing INFO child process calling self.run()
SpawnPoolWorker-226| 2026-06-22 04:02:26,022,22 multiprocessing INFO STARTING NEW RUN ==========
SpawnPoolWorker-226| 2026-06-22 04:02:26,022,22 multiprocessing INFO SEE LOG AT : ./logs/all_Lyapunov_test_dso-fn_d_all_l_01_log.txt
SpawnPoolWorker-226| 2026-06-22 04:02:26,022,22 multiprocessing INFO See log at : ./logs/all_Lyapunov_test_dso-fn_d_all_l_01_log.txt
SpawnPoolWorker-226| 2026-06-22 04:02:26,041,41 multiprocessing INFO child process calling self.run()
SpawnPoolWorker-238| 2026-06-22 04:02:26,133,133 multiprocessing INFO STARTING NEW RUN ==========
SpawnPoolWorker-238| 2026-06-22 04:02:26,133,133 multiprocessing INFO SEE LOG AT : ./logs/all_Lyapunov_test_dso-fn_d_all_l_01_log.txt
SpawnPoolWorker-238| 2026-06-22 04:02:26,133,133 multiprocessing INFO See log at : ./logs/all_Lyapunov_test_dso-fn_d_all_l_01_log.txt
SpawnPoolWorker-238| 2026-06-22 04:02:26,134,134 multiprocessing INFO child process calling self.run()
SpawnPoolWorker-236| 2026-06-22 04:02:26,166,166 multiprocessing INFO STARTING NEW RUN ==========
SpawnPoolWorker-236| 2026-06-22 04:02:26,166,166 multiprocessing INFO SEE LOG AT : ./logs/all_Lyapunov_test_dso-fn_d_all_l_01_log.txt
SpawnPoolWorker-236| 2026-06-22 04:02:26,166,166 multiprocessing INFO See log at : ./logs/all_Lyapunov_test_dso-fn_d_all_l_01_log.txt
SpawnPoolWorker-236| 2026-06-22 04:02:26,173,173 multiprocessing INFO child process calling self.run()
SpawnPoolWorker-231| 2026-06-22 04:02:26,635,635 multiprocessing INFO STARTING NEW RUN ==========
SpawnPoolWorker-231| 2026-06-22 04:02:26,636,636 multiprocessing INFO SEE LOG AT : ./logs/all_Lyapunov_test_dso-fn_d_all_l_01_log.txt
SpawnPoolWorker-231| 2026-06-22 04:02:26,636,636 multiprocessing INFO See log at : ./logs/all_Lyapunov_test_dso-fn_d_all_l_01_log.txt
SpawnPoolWorker-231| 2026-06-22 04:02:26,644,644 multiprocessing INFO child process calling self.run()
SpawnPoolWorker-219| 2026-06-22 04:02:26,719,719 multiprocessing INFO STARTING NEW RUN ==========
SpawnPoolWorker-219| 2026-06-22 04:02:26,719,719 multiprocessing INFO SEE LOG AT : ./logs/all_Lyapunov_test_dso-fn_d_all_l_01_log.txt
SpawnPoolWorker-219| 2026-06-22 04:02:26,719,719 multiprocessing INFO See log at : ./logs/all_Lyapunov_test_dso-fn_d_all_l_01_log.txt
SpawnPoolWorker-219| 2026-06-22 04:02:26,735,735 multiprocessing INFO child process calling self.run()
SpawnPoolWorker-230| 2026-06-22 04:02:26,792,792 multiprocessing INFO STARTING NEW RUN ==========
SpawnPoolWorker-230| 2026-06-22 04:02:26,792,792 multiprocessing INFO SEE LOG AT : ./logs/all_Lyapunov_test_dso-fn_d_all_l_01_log.txt
SpawnPoolWorker-230| 2026-06-22 04:02:26,792,792 multiprocessing INFO See log at : ./logs/all_Lyapunov_test_dso-fn_d_all_l_01_log.txt
SpawnPoolWorker-230| 2026-06-22 04:02:26,798,798 multiprocessing INFO child process calling self.run()
SpawnPoolWorker-217| 2026-06-22 04:02:27,057,57 multiprocessing INFO STARTING NEW RUN ==========
SpawnPoolWorker-217| 2026-06-22 04:02:27,057,57 multiprocessing INFO SEE LOG AT : ./logs/all_Lyapunov_test_dso-fn_d_all_l_01_log.txt
SpawnPoolWorker-217| 2026-06-22 04:02:27,057,57 multiprocessing INFO See log at : ./logs/all_Lyapunov_test_dso-fn_d_all_l_01_log.txt
SpawnPoolWorker-217| 2026-06-22 04:02:27,067,67 multiprocessing INFO child process calling self.run()
SpawnPoolWorker-228| 2026-06-22 04:02:27,290,290 multiprocessing INFO STARTING NEW RUN ==========
SpawnPoolWorker-228| 2026-06-22 04:02:27,290,290 multiprocessing INFO SEE LOG AT : ./logs/all_Lyapunov_test_dso-fn_d_all_l_01_log.txt
SpawnPoolWorker-228| 2026-06-22 04:02:27,290,290 multiprocessing INFO See log at : ./logs/all_Lyapunov_test_dso-fn_d_all_l_01_log.txt
SpawnPoolWorker-228| 2026-06-22 04:02:27,297,297 multiprocessing INFO child process calling self.run()
SpawnPoolWorker-218| 2026-06-22 04:02:27,706,706 multiprocessing INFO STARTING NEW RUN ==========
SpawnPoolWorker-218| 2026-06-22 04:02:27,706,706 multiprocessing INFO SEE LOG AT : ./logs/all_Lyapunov_test_dso-fn_d_all_l_01_log.txt
SpawnPoolWorker-218| 2026-06-22 04:02:27,706,706 multiprocessing INFO See log at : ./logs/all_Lyapunov_test_dso-fn_d_all_l_01_log.txt
SpawnPoolWorker-218| 2026-06-22 04:02:27,726,726 multiprocessing INFO child process calling self.run()
SpawnPoolWorker-229| 2026-06-22 04:02:27,761,761 multiprocessing INFO STARTING NEW RUN ==========
SpawnPoolWorker-229| 2026-06-22 04:02:27,761,761 multiprocessing INFO SEE LOG AT : ./logs/all_Lyapunov_test_dso-fn_d_all_l_01_log.txt
SpawnPoolWorker-229| 2026-06-22 04:02:27,761,761 multiprocessing INFO See log at : ./logs/all_Lyapunov_test_dso-fn_d_all_l_01_log.txt
SpawnPoolWorker-229| 2026-06-22 04:02:27,771,771 multiprocessing INFO child process calling self.run()
SpawnPoolWorker-216| 2026-06-22 04:02:27,984,984 multiprocessing INFO STARTING NEW RUN ==========
SpawnPoolWorker-216| 2026-06-22 04:02:27,984,984 multiprocessing INFO SEE LOG AT : ./logs/all_Lyapunov_test_dso-fn_d_all_l_01_log.txt
SpawnPoolWorker-216| 2026-06-22 04:02:27,984,984 multiprocessing INFO See log at : ./logs/all_Lyapunov_test_dso-fn_d_all_l_01_log.txt
SpawnPoolWorker-216| 2026-06-22 04:02:27,992,992 multiprocessing INFO child process calling self.run()
SpawnPoolWorker-235| 2026-06-22 04:02:28,310,310 multiprocessing INFO STARTING NEW RUN ==========
SpawnPoolWorker-235| 2026-06-22 04:02:28,310,310 multiprocessing INFO SEE LOG AT : ./logs/all_Lyapunov_test_dso-fn_d_all_l_01_log.txt
SpawnPoolWorker-235| 2026-06-22 04:02:28,310,310 multiprocessing INFO See log at : ./logs/all_Lyapunov_test_dso-fn_d_all_l_01_log.txt
SpawnPoolWorker-235| 2026-06-22 04:02:28,316,316 multiprocessing INFO child process calling self.run()
SpawnPoolWorker-233| 2026-06-22 04:02:28,380,380 multiprocessing INFO STARTING NEW RUN ==========
SpawnPoolWorker-233| 2026-06-22 04:02:28,380,380 multiprocessing INFO SEE LOG AT : ./logs/all_Lyapunov_test_dso-fn_d_all_l_01_log.txt
SpawnPoolWorker-233| 2026-06-22 04:02:28,380,380 multiprocessing INFO See log at : ./logs/all_Lyapunov_test_dso-fn_d_all_l_01_log.txt
SpawnPoolWorker-233| 2026-06-22 04:02:28,388,388 multiprocessing INFO child process calling self.run()
SpawnPoolWorker-237| 2026-06-22 04:02:28,502,502 multiprocessing INFO STARTING NEW RUN ==========
SpawnPoolWorker-237| 2026-06-22 04:02:28,503,503 multiprocessing INFO SEE LOG AT : ./logs/all_Lyapunov_test_dso-fn_d_all_l_01_log.txt
SpawnPoolWorker-237| 2026-06-22 04:02:28,503,503 multiprocessing INFO See log at : ./logs/all_Lyapunov_test_dso-fn_d_all_l_01_log.txt
SpawnPoolWorker-237| 2026-06-22 04:02:28,504,504 multiprocessing INFO child process calling self.run()
SpawnPoolWorker-232| 2026-06-22 04:02:29,527,527 multiprocessing INFO STARTING NEW RUN ==========
SpawnPoolWorker-232| 2026-06-22 04:02:29,527,527 multiprocessing INFO SEE LOG AT : ./logs/all_Lyapunov_test_dso-fn_d_all_l_01_log.txt
SpawnPoolWorker-232| 2026-06-22 04:02:29,527,527 multiprocessing INFO See log at : ./logs/all_Lyapunov_test_dso-fn_d_all_l_01_log.txt
SpawnPoolWorker-232| 2026-06-22 04:02:29,536,536 multiprocessing INFO child process calling self.run()
SpawnPoolWorker-234| 2026-06-22 04:02:30,430,430 multiprocessing INFO STARTING NEW RUN ==========
SpawnPoolWorker-234| 2026-06-22 04:02:30,430,430 multiprocessing INFO SEE LOG AT : ./logs/all_Lyapunov_test_dso-fn_d_all_l_01_log.txt
SpawnPoolWorker-234| 2026-06-22 04:02:30,430,430 multiprocessing INFO See log at : ./logs/all_Lyapunov_test_dso-fn_d_all_l_01_log.txt
SpawnPoolWorker-234| 2026-06-22 04:02:30,436,436 multiprocessing INFO child process calling self.run()
SpawnPoolWorker-221| 2026-06-22 04:11:52,818,818 multiprocessing INFO process shutting down
SpawnPoolWorker-225| 2026-06-22 04:11:52,819,819 multiprocessing INFO process shutting down
SpawnPoolWorker-224| 2026-06-22 04:11:52,819,819 multiprocessing INFO process shutting down
SpawnPoolWorker-218| 2026-06-22 04:11:52,820,820 multiprocessing INFO process shutting down
SpawnPoolWorker-221| 2026-06-22 04:11:52,820,820 multiprocessing INFO process exiting with exitcode 0
SpawnPoolWorker-224| 2026-06-22 04:11:52,820,820 multiprocessing INFO process exiting with exitcode 0
SpawnPoolWorker-238| 2026-06-22 04:11:52,819,819 multiprocessing INFO process shutting down
SpawnPoolWorker-218| 2026-06-22 04:11:52,820,820 multiprocessing INFO process exiting with exitcode 0
SpawnPoolWorker-227| 2026-06-22 04:11:52,820,820 multiprocessing INFO process shutting down
SpawnPoolWorker-231| 2026-06-22 04:11:52,820,820 multiprocessing INFO process shutting down
SpawnPoolWorker-238| 2026-06-22 04:11:52,820,820 multiprocessing INFO process exiting with exitcode 0
SpawnPoolWorker-227| 2026-06-22 04:11:52,821,821 multiprocessing INFO process exiting with exitcode 0
SpawnPoolWorker-215| 2026-06-22 04:11:52,820,820 multiprocessing INFO process shutting down
SpawnPoolWorker-228| 2026-06-22 04:11:52,821,821 multiprocessing INFO process shutting down
SpawnPoolWorker-219| 2026-06-22 04:11:52,819,819 multiprocessing INFO process shutting down
SpawnPoolWorker-237| 2026-06-22 04:11:52,819,819 multiprocessing INFO process shutting down
SpawnPoolWorker-226| 2026-06-22 04:11:52,821,821 multiprocessing INFO process shutting down
SpawnPoolWorker-229| 2026-06-22 04:11:52,819,819 multiprocessing INFO process shutting down
SpawnPoolWorker-217| 2026-06-22 04:11:52,819,819 multiprocessing INFO process shutting down
SpawnPoolWorker-235| 2026-06-22 04:11:52,819,819 multiprocessing INFO process shutting down
SpawnPoolWorker-236| 2026-06-22 04:11:52,822,822 multiprocessing INFO process shutting down
SpawnPoolWorker-216| 2026-06-22 04:11:52,821,821 multiprocessing INFO process shutting down
SpawnPoolWorker-222| 2026-06-22 04:11:52,822,822 multiprocessing INFO process shutting down
SpawnPoolWorker-230| 2026-06-22 04:11:52,822,822 multiprocessing INFO process shutting down
SpawnPoolWorker-233| 2026-06-22 04:11:52,823,823 multiprocessing INFO process shutting down
SpawnPoolWorker-220| 2026-06-22 04:11:52,823,823 multiprocessing INFO process shutting down
SpawnPoolWorker-232| 2026-06-22 04:11:52,823,823 multiprocessing INFO process shutting down
28
(100000, 9)
(100000,)
(100000, 9)
(100000,)

=======================Successfully Added (7921, 9) Counter Examples=======================


============None of the candidates fulfill the conditions. Training CONTINUES!=================

MainProcess| 2026-06-22 04:11:55,544,544 multiprocessing INFO 
============None of the candidates fulfill the conditions. Training CONTINUES!=================


============None of the candidates fulfill the conditions. Training CONTINUES!=================

(55, 171)
/users/9/chen8596/miniconda3/envs/alfd/lib/python3.9/site-packages/torch/nn/functional.py:4999: UserWarning: Support for mismatched key_padding_mask and attn_mask is deprecated. Use same type for both instead.
  warnings.warn(

==============Start Supervised Learning==============

MainProcess| 2026-06-22 04:11:59,777,777 multiprocessing INFO GP output mean: 0.9999999412535406
GP output mean: 0.9999999412535406
MainProcess| 2026-06-22 04:12:00,274,274 multiprocessing INFO GP output success rate: 0.0
GP output success rate: 0.0

==============End Supervised Learning==============

/users/9/chen8596/LyaDis/repro/runs/syn9d/utils/train.py:971: RuntimeWarning: divide by zero encountered in divide
  error = np.abs(((y_hat - y) / y))
/users/9/chen8596/.local/lib/python3.9/site-packages/scipy/stats/_stats_py.py:4424: ConstantInputWarning: An input array is constant; the correlation coefficient is not defined.
  warnings.warn(stats.ConstantInputWarning(msg))
MainProcess| 2026-06-22 04:12:03,284,284 multiprocessing INFO [Test epoch=0007]  nevals=96558 	| train_loss=4904.81201 	| eqs_invalid %=0.18 	| r_best=0.99729 	| quantile=0.02797 	| r_quantile_mean=0.78775 	| r_raw_sum=43.32626 	|  r_raw_mean=0.78775 	| r2=nan 	| acc_iid=0.00000 	| acc_ood=0.00000 	| nmse_test=3.829226402053804e-08 	| true_equation_set_count=0 	| s/it=793.44845
[Test epoch=0007]  nevals=96558 	| train_loss=4904.81201 	| eqs_invalid %=0.18 	| r_best=0.99729 	| quantile=0.02797 	| r_quantile_mean=0.78775 	| r_raw_sum=43.32626 	|  r_raw_mean=0.78775 	| r2=nan 	| acc_iid=0.00000 	| acc_ood=0.00000 	| nmse_test=3.829226402053804e-08 	| true_equation_set_count=0 	| s/it=793.44845
MainProcess| 2026-06-22 04:12:03,284,284 multiprocessing INFO [00:01:28:34.31] Training epoch 7/4000, current best R: 0.9973
[00:01:28:34.31] Training epoch 7/4000, current best R: 0.9973
MainProcess| 2026-06-22 04:12:03,284,284 multiprocessing INFO 
	** New best

	** New best
MainProcess| 2026-06-22 04:12:03,284,284 multiprocessing INFO 	Reward: 0.9972876573173326
	Reward: 0.9972876573173326
MainProcess| 2026-06-22 04:12:03,284,284 multiprocessing INFO 	Count Off-policy: 1
	Count Off-policy: 1
MainProcess| 2026-06-22 04:12:03,284,284 multiprocessing INFO 	Count On-policy: 0
	Count On-policy: 0
MainProcess| 2026-06-22 04:12:03,284,284 multiprocessing INFO 	Originally on Policy: False
	Originally on Policy: False
MainProcess| 2026-06-22 04:12:03,284,284 multiprocessing INFO 	Invalid: False
	Invalid: False
MainProcess| 2026-06-22 04:12:03,284,284 multiprocessing INFO 	Traversal: add,add,add,n2,mul,x1,x7,add,n2,x6,n2,x4,add,n2,x5,sub,add,n2,x8,n2,add,x3,x5,cos,x9,n2,x2
	Traversal: add,add,add,n2,mul,x1,x7,add,n2,x6,n2,x4,add,n2,x5,sub,add,n2,x8,n2,add,x3,x5,cos,x9,n2,x2
MainProcess| 2026-06-22 04:12:03,284,284 multiprocessing INFO 	Expression:
	Expression:
MainProcess| 2026-06-22 04:12:03,288,288 multiprocessing INFO 
	    2   2     2     2     2     2     2            2          
	  x₁ ⋅x₇  + x₂  + x₄  + x₅  + x₆  + x₈  + (x₃ + x₅)  - cos(x₉)


	    2   2     2     2     2     2     2            2          
	  x₁ ⋅x₇  + x₂  + x₄  + x₅  + x₆  + x₈  + (x₃ + x₅)  - cos(x₉)

MainProcess| 2026-06-22 04:16:06,205,205 multiprocessing INFO Genetic Porgramming Runtime 241.7401240381878
Genetic Porgramming Runtime 241.7401240381878

=========================PGD Collection Starts=========================

SpawnPoolWorker-242| 2026-06-22 04:16:11,210,210 multiprocessing INFO STARTING NEW RUN ==========
SpawnPoolWorker-242| 2026-06-22 04:16:11,210,210 multiprocessing INFO SEE LOG AT : ./logs/all_Lyapunov_test_dso-fn_d_all_l_01_log.txt
SpawnPoolWorker-242| 2026-06-22 04:16:11,210,210 multiprocessing INFO See log at : ./logs/all_Lyapunov_test_dso-fn_d_all_l_01_log.txt
SpawnPoolWorker-242| 2026-06-22 04:16:11,212,212 multiprocessing INFO child process calling self.run()
SpawnPoolWorker-240| 2026-06-22 04:16:11,224,224 multiprocessing INFO STARTING NEW RUN ==========
SpawnPoolWorker-240| 2026-06-22 04:16:11,224,224 multiprocessing INFO SEE LOG AT : ./logs/all_Lyapunov_test_dso-fn_d_all_l_01_log.txt
SpawnPoolWorker-240| 2026-06-22 04:16:11,224,224 multiprocessing INFO See log at : ./logs/all_Lyapunov_test_dso-fn_d_all_l_01_log.txt
SpawnPoolWorker-240| 2026-06-22 04:16:11,225,225 multiprocessing INFO child process calling self.run()
SpawnPoolWorker-243| 2026-06-22 04:16:11,248,248 multiprocessing INFO STARTING NEW RUN ==========
SpawnPoolWorker-243| 2026-06-22 04:16:11,248,248 multiprocessing INFO SEE LOG AT : ./logs/all_Lyapunov_test_dso-fn_d_all_l_01_log.txt
SpawnPoolWorker-243| 2026-06-22 04:16:11,248,248 multiprocessing INFO See log at : ./logs/all_Lyapunov_test_dso-fn_d_all_l_01_log.txt
SpawnPoolWorker-243| 2026-06-22 04:16:11,250,250 multiprocessing INFO child process calling self.run()
SpawnPoolWorker-239| 2026-06-22 04:16:11,264,264 multiprocessing INFO STARTING NEW RUN ==========
SpawnPoolWorker-239| 2026-06-22 04:16:11,264,264 multiprocessing INFO SEE LOG AT : ./logs/all_Lyapunov_test_dso-fn_d_all_l_01_log.txt
SpawnPoolWorker-239| 2026-06-22 04:16:11,264,264 multiprocessing INFO See log at : ./logs/all_Lyapunov_test_dso-fn_d_all_l_01_log.txt
SpawnPoolWorker-239| 2026-06-22 04:16:11,266,266 multiprocessing INFO child process calling self.run()
SpawnPoolWorker-246| 2026-06-22 04:16:11,273,273 multiprocessing INFO STARTING NEW RUN ==========
SpawnPoolWorker-246| 2026-06-22 04:16:11,274,274 multiprocessing INFO SEE LOG AT : ./logs/all_Lyapunov_test_dso-fn_d_all_l_01_log.txt
SpawnPoolWorker-246| 2026-06-22 04:16:11,274,274 multiprocessing INFO See log at : ./logs/all_Lyapunov_test_dso-fn_d_all_l_01_log.txt
SpawnPoolWorker-246| 2026-06-22 04:16:11,275,275 multiprocessing INFO child process calling self.run()
SpawnPoolWorker-241| 2026-06-22 04:16:11,283,283 multiprocessing INFO STARTING NEW RUN ==========
SpawnPoolWorker-241| 2026-06-22 04:16:11,283,283 multiprocessing INFO SEE LOG AT : ./logs/all_Lyapunov_test_dso-fn_d_all_l_01_log.txt
SpawnPoolWorker-241| 2026-06-22 04:16:11,283,283 multiprocessing INFO See log at : ./logs/all_Lyapunov_test_dso-fn_d_all_l_01_log.txt
SpawnPoolWorker-241| 2026-06-22 04:16:11,284,284 multiprocessing INFO child process calling self.run()
SpawnPoolWorker-247| 2026-06-22 04:16:11,316,316 multiprocessing INFO STARTING NEW RUN ==========
SpawnPoolWorker-247| 2026-06-22 04:16:11,316,316 multiprocessing INFO SEE LOG AT : ./logs/all_Lyapunov_test_dso-fn_d_all_l_01_log.txt
SpawnPoolWorker-247| 2026-06-22 04:16:11,316,316 multiprocessing INFO See log at : ./logs/all_Lyapunov_test_dso-fn_d_all_l_01_log.txt
SpawnPoolWorker-247| 2026-06-22 04:16:11,318,318 multiprocessing INFO child process calling self.run()
SpawnPoolWorker-248| 2026-06-22 04:16:11,345,345 multiprocessing INFO STARTING NEW RUN ==========
SpawnPoolWorker-248| 2026-06-22 04:16:11,345,345 multiprocessing INFO SEE LOG AT : ./logs/all_Lyapunov_test_dso-fn_d_all_l_01_log.txt
SpawnPoolWorker-248| 2026-06-22 04:16:11,345,345 multiprocessing INFO See log at : ./logs/all_Lyapunov_test_dso-fn_d_all_l_01_log.txt
SpawnPoolWorker-245| 2026-06-22 04:16:11,348,348 multiprocessing INFO STARTING NEW RUN ==========
SpawnPoolWorker-245| 2026-06-22 04:16:11,348,348 multiprocessing INFO SEE LOG AT : ./logs/all_Lyapunov_test_dso-fn_d_all_l_01_log.txt
SpawnPoolWorker-245| 2026-06-22 04:16:11,348,348 multiprocessing INFO See log at : ./logs/all_Lyapunov_test_dso-fn_d_all_l_01_log.txt
SpawnPoolWorker-245| 2026-06-22 04:16:11,350,350 multiprocessing INFO child process calling self.run()
SpawnPoolWorker-248| 2026-06-22 04:16:11,350,350 multiprocessing INFO child process calling self.run()
SpawnPoolWorker-244| 2026-06-22 04:16:11,395,395 multiprocessing INFO STARTING NEW RUN ==========
SpawnPoolWorker-244| 2026-06-22 04:16:11,395,395 multiprocessing INFO SEE LOG AT : ./logs/all_Lyapunov_test_dso-fn_d_all_l_01_log.txt
SpawnPoolWorker-244| 2026-06-22 04:16:11,395,395 multiprocessing INFO See log at : ./logs/all_Lyapunov_test_dso-fn_d_all_l_01_log.txt
SpawnPoolWorker-244| 2026-06-22 04:16:11,397,397 multiprocessing INFO child process calling self.run()
SpawnPoolWorker-242| 2026-06-22 04:16:30,336,336 multiprocessing INFO process shutting down
SpawnPoolWorker-245| 2026-06-22 04:16:30,336,336 multiprocessing INFO process shutting down
SpawnPoolWorker-241| 2026-06-22 04:16:30,336,336 multiprocessing INFO process shutting down
SpawnPoolWorker-247| 2026-06-22 04:16:30,336,336 multiprocessing INFO process shutting down
SpawnPoolWorker-245| 2026-06-22 04:16:30,337,337 multiprocessing INFO process exiting with exitcode 0
SpawnPoolWorker-240| 2026-06-22 04:16:30,336,336 multiprocessing INFO process shutting down
SpawnPoolWorker-242| 2026-06-22 04:16:30,337,337 multiprocessing INFO process exiting with exitcode 0
SpawnPoolWorker-239| 2026-06-22 04:16:30,337,337 multiprocessing INFO process shutting down
SpawnPoolWorker-241| 2026-06-22 04:16:30,337,337 multiprocessing INFO process exiting with exitcode 0
SpawnPoolWorker-240| 2026-06-22 04:16:30,337,337 multiprocessing INFO process exiting with exitcode 0
SpawnPoolWorker-247| 2026-06-22 04:16:30,337,337 multiprocessing INFO process exiting with exitcode 0
SpawnPoolWorker-244| 2026-06-22 04:16:30,337,337 multiprocessing INFO process shutting down
(20000,)

===================Collect 20000 Examples===================

Epsilon 0.1
500
(550,)
(550,)
(55,)
Number of Programs for Minimization: 28
SpawnPoolWorker-272| 2026-06-22 04:16:51,284,284 multiprocessing INFO STARTING NEW RUN ==========
SpawnPoolWorker-272| 2026-06-22 04:16:51,284,284 multiprocessing INFO SEE LOG AT : ./logs/all_Lyapunov_test_dso-fn_d_all_l_01_log.txt
SpawnPoolWorker-272| 2026-06-22 04:16:51,284,284 multiprocessing INFO See log at : ./logs/all_Lyapunov_test_dso-fn_d_all_l_01_log.txt
SpawnPoolWorker-272| 2026-06-22 04:16:51,285,285 multiprocessing INFO child process calling self.run()
SpawnPoolWorker-269| 2026-06-22 04:16:51,796,796 multiprocessing INFO STARTING NEW RUN ==========
SpawnPoolWorker-269| 2026-06-22 04:16:51,796,796 multiprocessing INFO SEE LOG AT : ./logs/all_Lyapunov_test_dso-fn_d_all_l_01_log.txt
SpawnPoolWorker-269| 2026-06-22 04:16:51,796,796 multiprocessing INFO See log at : ./logs/all_Lyapunov_test_dso-fn_d_all_l_01_log.txt
SpawnPoolWorker-269| 2026-06-22 04:16:51,798,798 multiprocessing INFO child process calling self.run()
SpawnPoolWorker-267| 2026-06-22 04:16:51,867,867 multiprocessing INFO STARTING NEW RUN ==========
SpawnPoolWorker-267| 2026-06-22 04:16:51,867,867 multiprocessing INFO SEE LOG AT : ./logs/all_Lyapunov_test_dso-fn_d_all_l_01_log.txt
SpawnPoolWorker-267| 2026-06-22 04:16:51,867,867 multiprocessing INFO See log at : ./logs/all_Lyapunov_test_dso-fn_d_all_l_01_log.txt
SpawnPoolWorker-267| 2026-06-22 04:16:51,871,871 multiprocessing INFO child process calling self.run()
SpawnPoolWorker-260| 2026-06-22 04:16:52,137,137 multiprocessing INFO STARTING NEW RUN ==========
SpawnPoolWorker-260| 2026-06-22 04:16:52,137,137 multiprocessing INFO SEE LOG AT : ./logs/all_Lyapunov_test_dso-fn_d_all_l_01_log.txt
SpawnPoolWorker-260| 2026-06-22 04:16:52,137,137 multiprocessing INFO See log at : ./logs/all_Lyapunov_test_dso-fn_d_all_l_01_log.txt
SpawnPoolWorker-260| 2026-06-22 04:16:52,140,140 multiprocessing INFO child process calling self.run()
SpawnPoolWorker-252| 2026-06-22 04:16:52,961,961 multiprocessing INFO STARTING NEW RUN ==========
SpawnPoolWorker-252| 2026-06-22 04:16:52,961,961 multiprocessing INFO SEE LOG AT : ./logs/all_Lyapunov_test_dso-fn_d_all_l_01_log.txt
SpawnPoolWorker-252| 2026-06-22 04:16:52,961,961 multiprocessing INFO See log at : ./logs/all_Lyapunov_test_dso-fn_d_all_l_01_log.txt
SpawnPoolWorker-252| 2026-06-22 04:16:52,971,971 multiprocessing INFO child process calling self.run()
SpawnPoolWorker-257| 2026-06-22 04:16:53,134,134 multiprocessing INFO STARTING NEW RUN ==========
SpawnPoolWorker-257| 2026-06-22 04:16:53,135,135 multiprocessing INFO SEE LOG AT : ./logs/all_Lyapunov_test_dso-fn_d_all_l_01_log.txt
SpawnPoolWorker-257| 2026-06-22 04:16:53,135,135 multiprocessing INFO See log at : ./logs/all_Lyapunov_test_dso-fn_d_all_l_01_log.txt
SpawnPoolWorker-257| 2026-06-22 04:16:53,144,144 multiprocessing INFO child process calling self.run()
SpawnPoolWorker-253| 2026-06-22 04:16:53,346,346 multiprocessing INFO STARTING NEW RUN ==========
SpawnPoolWorker-253| 2026-06-22 04:16:53,346,346 multiprocessing INFO SEE LOG AT : ./logs/all_Lyapunov_test_dso-fn_d_all_l_01_log.txt
SpawnPoolWorker-253| 2026-06-22 04:16:53,346,346 multiprocessing INFO See log at : ./logs/all_Lyapunov_test_dso-fn_d_all_l_01_log.txt
SpawnPoolWorker-253| 2026-06-22 04:16:53,355,355 multiprocessing INFO child process calling self.run()
SpawnPoolWorker-256| 2026-06-22 04:16:53,356,356 multiprocessing INFO STARTING NEW RUN ==========
SpawnPoolWorker-256| 2026-06-22 04:16:53,357,357 multiprocessing INFO SEE LOG AT : ./logs/all_Lyapunov_test_dso-fn_d_all_l_01_log.txt
SpawnPoolWorker-256| 2026-06-22 04:16:53,357,357 multiprocessing INFO See log at : ./logs/all_Lyapunov_test_dso-fn_d_all_l_01_log.txt
SpawnPoolWorker-256| 2026-06-22 04:16:53,374,374 multiprocessing INFO child process calling self.run()
SpawnPoolWorker-258| 2026-06-22 04:16:53,379,379 multiprocessing INFO STARTING NEW RUN ==========
SpawnPoolWorker-258| 2026-06-22 04:16:53,379,379 multiprocessing INFO SEE LOG AT : ./logs/all_Lyapunov_test_dso-fn_d_all_l_01_log.txt
SpawnPoolWorker-258| 2026-06-22 04:16:53,379,379 multiprocessing INFO See log at : ./logs/all_Lyapunov_test_dso-fn_d_all_l_01_log.txt
SpawnPoolWorker-258| 2026-06-22 04:16:53,397,397 multiprocessing INFO child process calling self.run()
SpawnPoolWorker-263| 2026-06-22 04:16:53,486,486 multiprocessing INFO STARTING NEW RUN ==========
SpawnPoolWorker-263| 2026-06-22 04:16:53,486,486 multiprocessing INFO SEE LOG AT : ./logs/all_Lyapunov_test_dso-fn_d_all_l_01_log.txt
SpawnPoolWorker-263| 2026-06-22 04:16:53,486,486 multiprocessing INFO See log at : ./logs/all_Lyapunov_test_dso-fn_d_all_l_01_log.txt
SpawnPoolWorker-263| 2026-06-22 04:16:53,490,490 multiprocessing INFO child process calling self.run()
SpawnPoolWorker-259| 2026-06-22 04:16:53,591,591 multiprocessing INFO STARTING NEW RUN ==========
SpawnPoolWorker-259| 2026-06-22 04:16:53,591,591 multiprocessing INFO SEE LOG AT : ./logs/all_Lyapunov_test_dso-fn_d_all_l_01_log.txt
SpawnPoolWorker-259| 2026-06-22 04:16:53,591,591 multiprocessing INFO See log at : ./logs/all_Lyapunov_test_dso-fn_d_all_l_01_log.txt
SpawnPoolWorker-259| 2026-06-22 04:16:53,601,601 multiprocessing INFO child process calling self.run()
SpawnPoolWorker-261| 2026-06-22 04:16:53,693,693 multiprocessing INFO STARTING NEW RUN ==========
SpawnPoolWorker-261| 2026-06-22 04:16:53,693,693 multiprocessing INFO SEE LOG AT : ./logs/all_Lyapunov_test_dso-fn_d_all_l_01_log.txt
SpawnPoolWorker-261| 2026-06-22 04:16:53,693,693 multiprocessing INFO See log at : ./logs/all_Lyapunov_test_dso-fn_d_all_l_01_log.txt
SpawnPoolWorker-261| 2026-06-22 04:16:53,703,703 multiprocessing INFO child process calling self.run()
SpawnPoolWorker-264| 2026-06-22 04:16:53,706,706 multiprocessing INFO STARTING NEW RUN ==========
SpawnPoolWorker-264| 2026-06-22 04:16:53,706,706 multiprocessing INFO SEE LOG AT : ./logs/all_Lyapunov_test_dso-fn_d_all_l_01_log.txt
SpawnPoolWorker-264| 2026-06-22 04:16:53,706,706 multiprocessing INFO See log at : ./logs/all_Lyapunov_test_dso-fn_d_all_l_01_log.txt
SpawnPoolWorker-264| 2026-06-22 04:16:53,717,717 multiprocessing INFO child process calling self.run()
SpawnPoolWorker-262| 2026-06-22 04:16:53,842,842 multiprocessing INFO STARTING NEW RUN ==========
SpawnPoolWorker-262| 2026-06-22 04:16:53,842,842 multiprocessing INFO SEE LOG AT : ./logs/all_Lyapunov_test_dso-fn_d_all_l_01_log.txt
SpawnPoolWorker-262| 2026-06-22 04:16:53,842,842 multiprocessing INFO See log at : ./logs/all_Lyapunov_test_dso-fn_d_all_l_01_log.txt
SpawnPoolWorker-265| 2026-06-22 04:16:53,855,855 multiprocessing INFO STARTING NEW RUN ==========
SpawnPoolWorker-265| 2026-06-22 04:16:53,855,855 multiprocessing INFO SEE LOG AT : ./logs/all_Lyapunov_test_dso-fn_d_all_l_01_log.txt
SpawnPoolWorker-265| 2026-06-22 04:16:53,855,855 multiprocessing INFO See log at : ./logs/all_Lyapunov_test_dso-fn_d_all_l_01_log.txt
SpawnPoolWorker-265| 2026-06-22 04:16:53,864,864 multiprocessing INFO child process calling self.run()
SpawnPoolWorker-262| 2026-06-22 04:16:53,880,880 multiprocessing INFO child process calling self.run()
SpawnPoolWorker-270| 2026-06-22 04:16:54,499,499 multiprocessing INFO STARTING NEW RUN ==========
SpawnPoolWorker-270| 2026-06-22 04:16:54,500,500 multiprocessing INFO SEE LOG AT : ./logs/all_Lyapunov_test_dso-fn_d_all_l_01_log.txt
SpawnPoolWorker-270| 2026-06-22 04:16:54,500,500 multiprocessing INFO See log at : ./logs/all_Lyapunov_test_dso-fn_d_all_l_01_log.txt
SpawnPoolWorker-270| 2026-06-22 04:16:54,506,506 multiprocessing INFO child process calling self.run()
SpawnPoolWorker-268| 2026-06-22 04:16:55,255,255 multiprocessing INFO STARTING NEW RUN ==========
SpawnPoolWorker-268| 2026-06-22 04:16:55,256,256 multiprocessing INFO SEE LOG AT : ./logs/all_Lyapunov_test_dso-fn_d_all_l_01_log.txt
SpawnPoolWorker-268| 2026-06-22 04:16:55,256,256 multiprocessing INFO See log at : ./logs/all_Lyapunov_test_dso-fn_d_all_l_01_log.txt
SpawnPoolWorker-268| 2026-06-22 04:16:55,265,265 multiprocessing INFO child process calling self.run()
SpawnPoolWorker-271| 2026-06-22 04:16:55,318,318 multiprocessing INFO STARTING NEW RUN ==========
SpawnPoolWorker-271| 2026-06-22 04:16:55,318,318 multiprocessing INFO SEE LOG AT : ./logs/all_Lyapunov_test_dso-fn_d_all_l_01_log.txt
SpawnPoolWorker-271| 2026-06-22 04:16:55,318,318 multiprocessing INFO See log at : ./logs/all_Lyapunov_test_dso-fn_d_all_l_01_log.txt
SpawnPoolWorker-271| 2026-06-22 04:16:55,322,322 multiprocessing INFO child process calling self.run()
SpawnPoolWorker-251| 2026-06-22 04:16:55,328,328 multiprocessing INFO STARTING NEW RUN ==========
SpawnPoolWorker-251| 2026-06-22 04:16:55,328,328 multiprocessing INFO SEE LOG AT : ./logs/all_Lyapunov_test_dso-fn_d_all_l_01_log.txt
SpawnPoolWorker-251| 2026-06-22 04:16:55,328,328 multiprocessing INFO See log at : ./logs/all_Lyapunov_test_dso-fn_d_all_l_01_log.txt
SpawnPoolWorker-251| 2026-06-22 04:16:55,333,333 multiprocessing INFO child process calling self.run()
SpawnPoolWorker-254| 2026-06-22 04:16:55,411,411 multiprocessing INFO STARTING NEW RUN ==========
SpawnPoolWorker-254| 2026-06-22 04:16:55,411,411 multiprocessing INFO SEE LOG AT : ./logs/all_Lyapunov_test_dso-fn_d_all_l_01_log.txt
SpawnPoolWorker-254| 2026-06-22 04:16:55,411,411 multiprocessing INFO See log at : ./logs/all_Lyapunov_test_dso-fn_d_all_l_01_log.txt
SpawnPoolWorker-254| 2026-06-22 04:16:55,421,421 multiprocessing INFO child process calling self.run()
SpawnPoolWorker-249| 2026-06-22 04:16:55,675,675 multiprocessing INFO STARTING NEW RUN ==========
SpawnPoolWorker-249| 2026-06-22 04:16:55,675,675 multiprocessing INFO SEE LOG AT : ./logs/all_Lyapunov_test_dso-fn_d_all_l_01_log.txt
SpawnPoolWorker-249| 2026-06-22 04:16:55,675,675 multiprocessing INFO See log at : ./logs/all_Lyapunov_test_dso-fn_d_all_l_01_log.txt
SpawnPoolWorker-249| 2026-06-22 04:16:55,684,684 multiprocessing INFO child process calling self.run()
SpawnPoolWorker-250| 2026-06-22 04:16:55,932,932 multiprocessing INFO STARTING NEW RUN ==========
SpawnPoolWorker-250| 2026-06-22 04:16:55,932,932 multiprocessing INFO SEE LOG AT : ./logs/all_Lyapunov_test_dso-fn_d_all_l_01_log.txt
SpawnPoolWorker-250| 2026-06-22 04:16:55,932,932 multiprocessing INFO See log at : ./logs/all_Lyapunov_test_dso-fn_d_all_l_01_log.txt
SpawnPoolWorker-250| 2026-06-22 04:16:55,943,943 multiprocessing INFO child process calling self.run()
SpawnPoolWorker-255| 2026-06-22 04:16:56,617,617 multiprocessing INFO STARTING NEW RUN ==========
SpawnPoolWorker-255| 2026-06-22 04:16:56,618,618 multiprocessing INFO SEE LOG AT : ./logs/all_Lyapunov_test_dso-fn_d_all_l_01_log.txt
SpawnPoolWorker-255| 2026-06-22 04:16:56,618,618 multiprocessing INFO See log at : ./logs/all_Lyapunov_test_dso-fn_d_all_l_01_log.txt
SpawnPoolWorker-255| 2026-06-22 04:16:56,628,628 multiprocessing INFO child process calling self.run()
SpawnPoolWorker-266| 2026-06-22 04:16:57,058,58 multiprocessing INFO STARTING NEW RUN ==========
SpawnPoolWorker-266| 2026-06-22 04:16:57,058,58 multiprocessing INFO SEE LOG AT : ./logs/all_Lyapunov_test_dso-fn_d_all_l_01_log.txt
SpawnPoolWorker-266| 2026-06-22 04:16:57,058,58 multiprocessing INFO See log at : ./logs/all_Lyapunov_test_dso-fn_d_all_l_01_log.txt
SpawnPoolWorker-266| 2026-06-22 04:16:57,066,66 multiprocessing INFO child process calling self.run()
SpawnPoolWorker-258| 2026-06-22 04:24:46,457,457 multiprocessing INFO process shutting down
SpawnPoolWorker-266| 2026-06-22 04:24:46,458,458 multiprocessing INFO process shutting down
SpawnPoolWorker-252| 2026-06-22 04:24:46,458,458 multiprocessing INFO process shutting down
SpawnPoolWorker-254| 2026-06-22 04:24:46,458,458 multiprocessing INFO process shutting down
SpawnPoolWorker-265| 2026-06-22 04:24:46,458,458 multiprocessing INFO process shutting down
SpawnPoolWorker-258| 2026-06-22 04:24:46,459,459 multiprocessing INFO process exiting with exitcode 0
SpawnPoolWorker-265| 2026-06-22 04:24:46,459,459 multiprocessing INFO process exiting with exitcode 0
SpawnPoolWorker-272| 2026-06-22 04:24:46,459,459 multiprocessing INFO process shutting down
SpawnPoolWorker-252| 2026-06-22 04:24:46,459,459 multiprocessing INFO process exiting with exitcode 0
SpawnPoolWorker-266| 2026-06-22 04:24:46,459,459 multiprocessing INFO process exiting with exitcode 0
SpawnPoolWorker-254| 2026-06-22 04:24:46,459,459 multiprocessing INFO process exiting with exitcode 0
SpawnPoolWorker-272| 2026-06-22 04:24:46,459,459 multiprocessing INFO process exiting with exitcode 0
SpawnPoolWorker-256| 2026-06-22 04:24:46,458,458 multiprocessing INFO process shutting down
SpawnPoolWorker-253| 2026-06-22 04:24:46,460,460 multiprocessing INFO process shutting down
SpawnPoolWorker-260| 2026-06-22 04:24:46,460,460 multiprocessing INFO process shutting down
SpawnPoolWorker-263| 2026-06-22 04:24:46,460,460 multiprocessing INFO process shutting down
SpawnPoolWorker-259| 2026-06-22 04:24:46,460,460 multiprocessing INFO process shutting down
SpawnPoolWorker-250| 2026-06-22 04:24:46,460,460 multiprocessing INFO process shutting down
SpawnPoolWorker-270| 2026-06-22 04:24:46,461,461 multiprocessing INFO process shutting down
SpawnPoolWorker-257| 2026-06-22 04:24:46,461,461 multiprocessing INFO process shutting down
SpawnPoolWorker-256| 2026-06-22 04:24:46,462,462 multiprocessing INFO process exiting with exitcode 0
SpawnPoolWorker-257| 2026-06-22 04:24:46,462,462 multiprocessing INFO process exiting with exitcode 0
SpawnPoolWorker-268| 2026-06-22 04:24:46,471,471 multiprocessing INFO process shutting down
SpawnPoolWorker-271| 2026-06-22 04:24:46,472,472 multiprocessing INFO process shutting down
SpawnPoolWorker-253| 2026-06-22 04:24:46,474,474 multiprocessing INFO process exiting with exitcode 0
SpawnPoolWorker-255| 2026-06-22 04:24:46,473,473 multiprocessing INFO process shutting down
SpawnPoolWorker-261| 2026-06-22 04:24:46,473,473 multiprocessing INFO process shutting down
SpawnPoolWorker-255| 2026-06-22 04:24:46,474,474 multiprocessing INFO process exiting with exitcode 0
SpawnPoolWorker-261| 2026-06-22 04:24:46,474,474 multiprocessing INFO process exiting with exitcode 0
SpawnPoolWorker-269| 2026-06-22 04:24:46,475,475 multiprocessing INFO process shutting down
SpawnPoolWorker-267| 2026-06-22 04:24:46,472,472 multiprocessing INFO process shutting down
SpawnPoolWorker-251| 2026-06-22 04:24:46,487,487 multiprocessing INFO process shutting down
SpawnPoolWorker-249| 2026-06-22 04:24:46,487,487 multiprocessing INFO process shutting down
SpawnPoolWorker-260| 2026-06-22 04:24:46,489,489 multiprocessing INFO process exiting with exitcode 0
SpawnPoolWorker-263| 2026-06-22 04:24:46,489,489 multiprocessing INFO process exiting with exitcode 0
SpawnPoolWorker-250| 2026-06-22 04:24:46,489,489 multiprocessing INFO process exiting with exitcode 0
SpawnPoolWorker-259| 2026-06-22 04:24:46,489,489 multiprocessing INFO process exiting with exitcode 0
SpawnPoolWorker-262| 2026-06-22 04:24:46,490,490 multiprocessing INFO process shutting down
SpawnPoolWorker-270| 2026-06-22 04:24:46,492,492 multiprocessing INFO process exiting with exitcode 0
SpawnPoolWorker-268| 2026-06-22 04:24:46,492,492 multiprocessing INFO process exiting with exitcode 0
SpawnPoolWorker-264| 2026-06-22 04:24:46,493,493 multiprocessing INFO process shutting down
28
(100000, 9)
(100000,)
(100000, 9)
(100000,)

=======================Successfully Added (6605, 9) Counter Examples=======================


============None of the candidates fulfill the conditions. Training CONTINUES!=================

MainProcess| 2026-06-22 04:24:49,280,280 multiprocessing INFO 
============None of the candidates fulfill the conditions. Training CONTINUES!=================


============None of the candidates fulfill the conditions. Training CONTINUES!=================

(55, 171)
/users/9/chen8596/miniconda3/envs/alfd/lib/python3.9/site-packages/torch/nn/functional.py:4999: UserWarning: Support for mismatched key_padding_mask and attn_mask is deprecated. Use same type for both instead.
  warnings.warn(

==============Start Supervised Learning==============

MainProcess| 2026-06-22 04:24:55,244,244 multiprocessing INFO GP output mean: 0.9999997423926785
GP output mean: 0.9999997423926785
MainProcess| 2026-06-22 04:24:55,822,822 multiprocessing INFO GP output success rate: 0.0
GP output success rate: 0.0

==============End Supervised Learning==============

MainProcess| 2026-06-22 04:24:58,883,883 multiprocessing INFO [Test epoch=0008]  nevals=110351 	| train_loss=3239.76685 	| eqs_invalid %=0.36 	| r_best=0.99729 	| quantile=0.20700 	| r_quantile_mean=0.89276 	| r_raw_sum=49.60494 	|  r_raw_mean=0.84076 	| r2=nan 	| acc_iid=0.00000 	| acc_ood=0.00000 	| nmse_test=3.829226402053804e-08 	| true_equation_set_count=0 	| s/it=775.59443
[Test epoch=0008]  nevals=110351 	| train_loss=3239.76685 	| eqs_invalid %=0.36 	| r_best=0.99729 	| quantile=0.20700 	| r_quantile_mean=0.89276 	| r_raw_sum=49.60494 	|  r_raw_mean=0.84076 	| r2=nan 	| acc_iid=0.00000 	| acc_ood=0.00000 	| nmse_test=3.829226402053804e-08 	| true_equation_set_count=0 	| s/it=775.59443
MainProcess| 2026-06-22 04:27:58,197,197 multiprocessing INFO Genetic Porgramming Runtime 177.79028603085317
Genetic Porgramming Runtime 177.79028603085317

=========================PGD Collection Starts=========================

SpawnPoolWorker-274| 2026-06-22 04:28:04,267,267 multiprocessing INFO STARTING NEW RUN ==========
SpawnPoolWorker-274| 2026-06-22 04:28:04,267,267 multiprocessing INFO SEE LOG AT : ./logs/all_Lyapunov_test_dso-fn_d_all_l_01_log.txt
SpawnPoolWorker-274| 2026-06-22 04:28:04,267,267 multiprocessing INFO See log at : ./logs/all_Lyapunov_test_dso-fn_d_all_l_01_log.txt
SpawnPoolWorker-274| 2026-06-22 04:28:04,269,269 multiprocessing INFO child process calling self.run()
SpawnPoolWorker-280| 2026-06-22 04:28:04,271,271 multiprocessing INFO STARTING NEW RUN ==========
SpawnPoolWorker-280| 2026-06-22 04:28:04,272,272 multiprocessing INFO SEE LOG AT : ./logs/all_Lyapunov_test_dso-fn_d_all_l_01_log.txt
SpawnPoolWorker-280| 2026-06-22 04:28:04,272,272 multiprocessing INFO See log at : ./logs/all_Lyapunov_test_dso-fn_d_all_l_01_log.txt
SpawnPoolWorker-282| 2026-06-22 04:28:04,272,272 multiprocessing INFO STARTING NEW RUN ==========
SpawnPoolWorker-282| 2026-06-22 04:28:04,272,272 multiprocessing INFO SEE LOG AT : ./logs/all_Lyapunov_test_dso-fn_d_all_l_01_log.txt
SpawnPoolWorker-282| 2026-06-22 04:28:04,272,272 multiprocessing INFO See log at : ./logs/all_Lyapunov_test_dso-fn_d_all_l_01_log.txt
SpawnPoolWorker-275| 2026-06-22 04:28:04,272,272 multiprocessing INFO STARTING NEW RUN ==========
SpawnPoolWorker-275| 2026-06-22 04:28:04,272,272 multiprocessing INFO SEE LOG AT : ./logs/all_Lyapunov_test_dso-fn_d_all_l_01_log.txt
SpawnPoolWorker-275| 2026-06-22 04:28:04,272,272 multiprocessing INFO See log at : ./logs/all_Lyapunov_test_dso-fn_d_all_l_01_log.txt
SpawnPoolWorker-282| 2026-06-22 04:28:04,274,274 multiprocessing INFO child process calling self.run()
SpawnPoolWorker-280| 2026-06-22 04:28:04,275,275 multiprocessing INFO child process calling self.run()
SpawnPoolWorker-275| 2026-06-22 04:28:04,275,275 multiprocessing INFO child process calling self.run()
SpawnPoolWorker-273| 2026-06-22 04:28:04,275,275 multiprocessing INFO STARTING NEW RUN ==========
SpawnPoolWorker-273| 2026-06-22 04:28:04,275,275 multiprocessing INFO SEE LOG AT : ./logs/all_Lyapunov_test_dso-fn_d_all_l_01_log.txt
SpawnPoolWorker-273| 2026-06-22 04:28:04,275,275 multiprocessing INFO See log at : ./logs/all_Lyapunov_test_dso-fn_d_all_l_01_log.txt
SpawnPoolWorker-279| 2026-06-22 04:28:04,281,281 multiprocessing INFO STARTING NEW RUN ==========
SpawnPoolWorker-279| 2026-06-22 04:28:04,281,281 multiprocessing INFO SEE LOG AT : ./logs/all_Lyapunov_test_dso-fn_d_all_l_01_log.txt
SpawnPoolWorker-279| 2026-06-22 04:28:04,281,281 multiprocessing INFO See log at : ./logs/all_Lyapunov_test_dso-fn_d_all_l_01_log.txt
SpawnPoolWorker-279| 2026-06-22 04:28:04,283,283 multiprocessing INFO child process calling self.run()
SpawnPoolWorker-276| 2026-06-22 04:28:04,284,284 multiprocessing INFO STARTING NEW RUN ==========
SpawnPoolWorker-276| 2026-06-22 04:28:04,284,284 multiprocessing INFO SEE LOG AT : ./logs/all_Lyapunov_test_dso-fn_d_all_l_01_log.txt
SpawnPoolWorker-276| 2026-06-22 04:28:04,284,284 multiprocessing INFO See log at : ./logs/all_Lyapunov_test_dso-fn_d_all_l_01_log.txt
SpawnPoolWorker-276| 2026-06-22 04:28:04,286,286 multiprocessing INFO child process calling self.run()
SpawnPoolWorker-273| 2026-06-22 04:28:04,286,286 multiprocessing INFO child process calling self.run()
SpawnPoolWorker-278| 2026-06-22 04:28:04,287,287 multiprocessing INFO STARTING NEW RUN ==========
SpawnPoolWorker-278| 2026-06-22 04:28:04,287,287 multiprocessing INFO SEE LOG AT : ./logs/all_Lyapunov_test_dso-fn_d_all_l_01_log.txt
SpawnPoolWorker-278| 2026-06-22 04:28:04,287,287 multiprocessing INFO See log at : ./logs/all_Lyapunov_test_dso-fn_d_all_l_01_log.txt
SpawnPoolWorker-281| 2026-06-22 04:28:04,289,289 multiprocessing INFO STARTING NEW RUN ==========
SpawnPoolWorker-281| 2026-06-22 04:28:04,289,289 multiprocessing INFO SEE LOG AT : ./logs/all_Lyapunov_test_dso-fn_d_all_l_01_log.txt
SpawnPoolWorker-281| 2026-06-22 04:28:04,289,289 multiprocessing INFO See log at : ./logs/all_Lyapunov_test_dso-fn_d_all_l_01_log.txt
SpawnPoolWorker-278| 2026-06-22 04:28:04,290,290 multiprocessing INFO child process calling self.run()
SpawnPoolWorker-281| 2026-06-22 04:28:04,292,292 multiprocessing INFO child process calling self.run()
SpawnPoolWorker-277| 2026-06-22 04:28:04,302,302 multiprocessing INFO STARTING NEW RUN ==========
SpawnPoolWorker-277| 2026-06-22 04:28:04,302,302 multiprocessing INFO SEE LOG AT : ./logs/all_Lyapunov_test_dso-fn_d_all_l_01_log.txt
SpawnPoolWorker-277| 2026-06-22 04:28:04,302,302 multiprocessing INFO See log at : ./logs/all_Lyapunov_test_dso-fn_d_all_l_01_log.txt
SpawnPoolWorker-277| 2026-06-22 04:28:04,304,304 multiprocessing INFO child process calling self.run()
SpawnPoolWorker-274| 2026-06-22 04:28:22,901,901 multiprocessing INFO process shutting down
SpawnPoolWorker-280| 2026-06-22 04:28:22,901,901 multiprocessing INFO process shutting down
SpawnPoolWorker-274| 2026-06-22 04:28:22,902,902 multiprocessing INFO process exiting with exitcode 0
SpawnPoolWorker-275| 2026-06-22 04:28:22,901,901 multiprocessing INFO process shutting down
SpawnPoolWorker-280| 2026-06-22 04:28:22,902,902 multiprocessing INFO process exiting with exitcode 0
SpawnPoolWorker-278| 2026-06-22 04:28:22,901,901 multiprocessing INFO process shutting down
SpawnPoolWorker-275| 2026-06-22 04:28:22,902,902 multiprocessing INFO process exiting with exitcode 0
SpawnPoolWorker-282| 2026-06-22 04:28:22,902,902 multiprocessing INFO process shutting down
SpawnPoolWorker-276| 2026-06-22 04:28:22,902,902 multiprocessing INFO process shutting down
(20000,)

===================Collect 20000 Examples===================

Epsilon 0.1
500
(550,)
(550,)
(55,)
Number of Programs for Minimization: 28
SpawnPoolWorker-286| 2026-06-22 04:28:40,575,575 multiprocessing INFO STARTING NEW RUN ==========
SpawnPoolWorker-286| 2026-06-22 04:28:40,576,576 multiprocessing INFO SEE LOG AT : ./logs/all_Lyapunov_test_dso-fn_d_all_l_01_log.txt
SpawnPoolWorker-286| 2026-06-22 04:28:40,584,584 multiprocessing INFO See log at : ./logs/all_Lyapunov_test_dso-fn_d_all_l_01_log.txt
SpawnPoolWorker-286| 2026-06-22 04:28:40,587,587 multiprocessing INFO child process calling self.run()
SpawnPoolWorker-285| 2026-06-22 04:28:40,819,819 multiprocessing INFO STARTING NEW RUN ==========
SpawnPoolWorker-285| 2026-06-22 04:28:40,819,819 multiprocessing INFO SEE LOG AT : ./logs/all_Lyapunov_test_dso-fn_d_all_l_01_log.txt
SpawnPoolWorker-285| 2026-06-22 04:28:40,819,819 multiprocessing INFO See log at : ./logs/all_Lyapunov_test_dso-fn_d_all_l_01_log.txt
SpawnPoolWorker-285| 2026-06-22 04:28:40,822,822 multiprocessing INFO child process calling self.run()
SpawnPoolWorker-283| 2026-06-22 04:28:41,111,111 multiprocessing INFO STARTING NEW RUN ==========
SpawnPoolWorker-283| 2026-06-22 04:28:41,111,111 multiprocessing INFO SEE LOG AT : ./logs/all_Lyapunov_test_dso-fn_d_all_l_01_log.txt
SpawnPoolWorker-283| 2026-06-22 04:28:41,111,111 multiprocessing INFO See log at : ./logs/all_Lyapunov_test_dso-fn_d_all_l_01_log.txt
SpawnPoolWorker-283| 2026-06-22 04:28:41,115,115 multiprocessing INFO child process calling self.run()
SpawnPoolWorker-301| 2026-06-22 04:28:41,304,304 multiprocessing INFO STARTING NEW RUN ==========
SpawnPoolWorker-301| 2026-06-22 04:28:41,304,304 multiprocessing INFO SEE LOG AT : ./logs/all_Lyapunov_test_dso-fn_d_all_l_01_log.txt
SpawnPoolWorker-301| 2026-06-22 04:28:41,304,304 multiprocessing INFO See log at : ./logs/all_Lyapunov_test_dso-fn_d_all_l_01_log.txt
SpawnPoolWorker-301| 2026-06-22 04:28:41,314,314 multiprocessing INFO child process calling self.run()
SpawnPoolWorker-290| 2026-06-22 04:28:41,468,468 multiprocessing INFO STARTING NEW RUN ==========
SpawnPoolWorker-290| 2026-06-22 04:28:41,469,469 multiprocessing INFO SEE LOG AT : ./logs/all_Lyapunov_test_dso-fn_d_all_l_01_log.txt
SpawnPoolWorker-290| 2026-06-22 04:28:41,469,469 multiprocessing INFO See log at : ./logs/all_Lyapunov_test_dso-fn_d_all_l_01_log.txt
SpawnPoolWorker-290| 2026-06-22 04:28:41,482,482 multiprocessing INFO child process calling self.run()
SpawnPoolWorker-291| 2026-06-22 04:28:41,553,553 multiprocessing INFO STARTING NEW RUN ==========
SpawnPoolWorker-291| 2026-06-22 04:28:41,554,554 multiprocessing INFO SEE LOG AT : ./logs/all_Lyapunov_test_dso-fn_d_all_l_01_log.txt
SpawnPoolWorker-291| 2026-06-22 04:28:41,554,554 multiprocessing INFO See log at : ./logs/all_Lyapunov_test_dso-fn_d_all_l_01_log.txt
SpawnPoolWorker-291| 2026-06-22 04:28:41,556,556 multiprocessing INFO child process calling self.run()
SpawnPoolWorker-303| 2026-06-22 04:28:41,938,938 multiprocessing INFO STARTING NEW RUN ==========
SpawnPoolWorker-303| 2026-06-22 04:28:41,938,938 multiprocessing INFO SEE LOG AT : ./logs/all_Lyapunov_test_dso-fn_d_all_l_01_log.txt
SpawnPoolWorker-303| 2026-06-22 04:28:41,938,938 multiprocessing INFO See log at : ./logs/all_Lyapunov_test_dso-fn_d_all_l_01_log.txt
SpawnPoolWorker-303| 2026-06-22 04:28:41,951,951 multiprocessing INFO child process calling self.run()
SpawnPoolWorker-289| 2026-06-22 04:28:41,963,963 multiprocessing INFO STARTING NEW RUN ==========
SpawnPoolWorker-289| 2026-06-22 04:28:41,963,963 multiprocessing INFO SEE LOG AT : ./logs/all_Lyapunov_test_dso-fn_d_all_l_01_log.txt
SpawnPoolWorker-289| 2026-06-22 04:28:41,963,963 multiprocessing INFO See log at : ./logs/all_Lyapunov_test_dso-fn_d_all_l_01_log.txt
SpawnPoolWorker-289| 2026-06-22 04:28:41,973,973 multiprocessing INFO child process calling self.run()
SpawnPoolWorker-284| 2026-06-22 04:28:42,162,162 multiprocessing INFO STARTING NEW RUN ==========
SpawnPoolWorker-284| 2026-06-22 04:28:42,162,162 multiprocessing INFO SEE LOG AT : ./logs/all_Lyapunov_test_dso-fn_d_all_l_01_log.txt
SpawnPoolWorker-284| 2026-06-22 04:28:42,162,162 multiprocessing INFO See log at : ./logs/all_Lyapunov_test_dso-fn_d_all_l_01_log.txt
SpawnPoolWorker-284| 2026-06-22 04:28:42,165,165 multiprocessing INFO child process calling self.run()
SpawnPoolWorker-299| 2026-06-22 04:28:42,409,409 multiprocessing INFO STARTING NEW RUN ==========
SpawnPoolWorker-299| 2026-06-22 04:28:42,409,409 multiprocessing INFO SEE LOG AT : ./logs/all_Lyapunov_test_dso-fn_d_all_l_01_log.txt
SpawnPoolWorker-299| 2026-06-22 04:28:42,409,409 multiprocessing INFO See log at : ./logs/all_Lyapunov_test_dso-fn_d_all_l_01_log.txt
SpawnPoolWorker-299| 2026-06-22 04:28:42,411,411 multiprocessing INFO child process calling self.run()
SpawnPoolWorker-296| 2026-06-22 04:28:43,071,71 multiprocessing INFO STARTING NEW RUN ==========
SpawnPoolWorker-296| 2026-06-22 04:28:43,071,71 multiprocessing INFO SEE LOG AT : ./logs/all_Lyapunov_test_dso-fn_d_all_l_01_log.txt
SpawnPoolWorker-296| 2026-06-22 04:28:43,071,71 multiprocessing INFO See log at : ./logs/all_Lyapunov_test_dso-fn_d_all_l_01_log.txt
SpawnPoolWorker-296| 2026-06-22 04:28:43,074,74 multiprocessing INFO child process calling self.run()
SpawnPoolWorker-302| 2026-06-22 04:28:43,092,92 multiprocessing INFO STARTING NEW RUN ==========
SpawnPoolWorker-302| 2026-06-22 04:28:43,092,92 multiprocessing INFO SEE LOG AT : ./logs/all_Lyapunov_test_dso-fn_d_all_l_01_log.txt
SpawnPoolWorker-302| 2026-06-22 04:28:43,092,92 multiprocessing INFO See log at : ./logs/all_Lyapunov_test_dso-fn_d_all_l_01_log.txt
SpawnPoolWorker-302| 2026-06-22 04:28:43,095,95 multiprocessing INFO child process calling self.run()
SpawnPoolWorker-304| 2026-06-22 04:28:43,537,537 multiprocessing INFO STARTING NEW RUN ==========
SpawnPoolWorker-304| 2026-06-22 04:28:43,537,537 multiprocessing INFO SEE LOG AT : ./logs/all_Lyapunov_test_dso-fn_d_all_l_01_log.txt
SpawnPoolWorker-304| 2026-06-22 04:28:43,537,537 multiprocessing INFO See log at : ./logs/all_Lyapunov_test_dso-fn_d_all_l_01_log.txt
SpawnPoolWorker-304| 2026-06-22 04:28:43,545,545 multiprocessing INFO child process calling self.run()
SpawnPoolWorker-294| 2026-06-22 04:28:43,623,623 multiprocessing INFO STARTING NEW RUN ==========
SpawnPoolWorker-294| 2026-06-22 04:28:43,623,623 multiprocessing INFO SEE LOG AT : ./logs/all_Lyapunov_test_dso-fn_d_all_l_01_log.txt
SpawnPoolWorker-294| 2026-06-22 04:28:43,623,623 multiprocessing INFO See log at : ./logs/all_Lyapunov_test_dso-fn_d_all_l_01_log.txt
SpawnPoolWorker-294| 2026-06-22 04:28:43,627,627 multiprocessing INFO child process calling self.run()
SpawnPoolWorker-293| 2026-06-22 04:28:43,702,702 multiprocessing INFO STARTING NEW RUN ==========
SpawnPoolWorker-293| 2026-06-22 04:28:43,703,703 multiprocessing INFO SEE LOG AT : ./logs/all_Lyapunov_test_dso-fn_d_all_l_01_log.txt
SpawnPoolWorker-293| 2026-06-22 04:28:43,703,703 multiprocessing INFO See log at : ./logs/all_Lyapunov_test_dso-fn_d_all_l_01_log.txt
SpawnPoolWorker-293| 2026-06-22 04:28:43,714,714 multiprocessing INFO child process calling self.run()
SpawnPoolWorker-292| 2026-06-22 04:28:43,751,751 multiprocessing INFO STARTING NEW RUN ==========
SpawnPoolWorker-292| 2026-06-22 04:28:43,751,751 multiprocessing INFO SEE LOG AT : ./logs/all_Lyapunov_test_dso-fn_d_all_l_01_log.txt
SpawnPoolWorker-292| 2026-06-22 04:28:43,751,751 multiprocessing INFO See log at : ./logs/all_Lyapunov_test_dso-fn_d_all_l_01_log.txt
SpawnPoolWorker-292| 2026-06-22 04:28:43,766,766 multiprocessing INFO child process calling self.run()
SpawnPoolWorker-287| 2026-06-22 04:28:44,083,83 multiprocessing INFO STARTING NEW RUN ==========
SpawnPoolWorker-287| 2026-06-22 04:28:44,083,83 multiprocessing INFO SEE LOG AT : ./logs/all_Lyapunov_test_dso-fn_d_all_l_01_log.txt
SpawnPoolWorker-287| 2026-06-22 04:28:44,083,83 multiprocessing INFO See log at : ./logs/all_Lyapunov_test_dso-fn_d_all_l_01_log.txt
SpawnPoolWorker-287| 2026-06-22 04:28:44,084,84 multiprocessing INFO child process calling self.run()
SpawnPoolWorker-297| 2026-06-22 04:28:44,295,295 multiprocessing INFO STARTING NEW RUN ==========
SpawnPoolWorker-297| 2026-06-22 04:28:44,295,295 multiprocessing INFO SEE LOG AT : ./logs/all_Lyapunov_test_dso-fn_d_all_l_01_log.txt
SpawnPoolWorker-297| 2026-06-22 04:28:44,295,295 multiprocessing INFO See log at : ./logs/all_Lyapunov_test_dso-fn_d_all_l_01_log.txt
SpawnPoolWorker-297| 2026-06-22 04:28:44,301,301 multiprocessing INFO child process calling self.run()
SpawnPoolWorker-300| 2026-06-22 04:28:44,912,912 multiprocessing INFO STARTING NEW RUN ==========
SpawnPoolWorker-300| 2026-06-22 04:28:44,912,912 multiprocessing INFO SEE LOG AT : ./logs/all_Lyapunov_test_dso-fn_d_all_l_01_log.txt
SpawnPoolWorker-300| 2026-06-22 04:28:44,912,912 multiprocessing INFO See log at : ./logs/all_Lyapunov_test_dso-fn_d_all_l_01_log.txt
SpawnPoolWorker-300| 2026-06-22 04:28:44,924,924 multiprocessing INFO child process calling self.run()
SpawnPoolWorker-306| 2026-06-22 04:28:44,933,933 multiprocessing INFO STARTING NEW RUN ==========
SpawnPoolWorker-306| 2026-06-22 04:28:44,933,933 multiprocessing INFO SEE LOG AT : ./logs/all_Lyapunov_test_dso-fn_d_all_l_01_log.txt
SpawnPoolWorker-306| 2026-06-22 04:28:44,933,933 multiprocessing INFO See log at : ./logs/all_Lyapunov_test_dso-fn_d_all_l_01_log.txt
SpawnPoolWorker-306| 2026-06-22 04:28:44,946,946 multiprocessing INFO child process calling self.run()
SpawnPoolWorker-305| 2026-06-22 04:28:45,276,276 multiprocessing INFO STARTING NEW RUN ==========
SpawnPoolWorker-305| 2026-06-22 04:28:45,276,276 multiprocessing INFO SEE LOG AT : ./logs/all_Lyapunov_test_dso-fn_d_all_l_01_log.txt
SpawnPoolWorker-305| 2026-06-22 04:28:45,276,276 multiprocessing INFO See log at : ./logs/all_Lyapunov_test_dso-fn_d_all_l_01_log.txt
SpawnPoolWorker-305| 2026-06-22 04:28:45,286,286 multiprocessing INFO child process calling self.run()
SpawnPoolWorker-288| 2026-06-22 04:28:45,702,702 multiprocessing INFO STARTING NEW RUN ==========
SpawnPoolWorker-288| 2026-06-22 04:28:45,702,702 multiprocessing INFO SEE LOG AT : ./logs/all_Lyapunov_test_dso-fn_d_all_l_01_log.txt
SpawnPoolWorker-288| 2026-06-22 04:28:45,702,702 multiprocessing INFO See log at : ./logs/all_Lyapunov_test_dso-fn_d_all_l_01_log.txt
SpawnPoolWorker-288| 2026-06-22 04:28:45,711,711 multiprocessing INFO child process calling self.run()
SpawnPoolWorker-295| 2026-06-22 04:28:45,729,729 multiprocessing INFO STARTING NEW RUN ==========
SpawnPoolWorker-295| 2026-06-22 04:28:45,729,729 multiprocessing INFO SEE LOG AT : ./logs/all_Lyapunov_test_dso-fn_d_all_l_01_log.txt
SpawnPoolWorker-295| 2026-06-22 04:28:45,729,729 multiprocessing INFO See log at : ./logs/all_Lyapunov_test_dso-fn_d_all_l_01_log.txt
SpawnPoolWorker-295| 2026-06-22 04:28:45,737,737 multiprocessing INFO child process calling self.run()
SpawnPoolWorker-298| 2026-06-22 04:28:46,040,40 multiprocessing INFO STARTING NEW RUN ==========
SpawnPoolWorker-298| 2026-06-22 04:28:46,040,40 multiprocessing INFO SEE LOG AT : ./logs/all_Lyapunov_test_dso-fn_d_all_l_01_log.txt
SpawnPoolWorker-298| 2026-06-22 04:28:46,040,40 multiprocessing INFO See log at : ./logs/all_Lyapunov_test_dso-fn_d_all_l_01_log.txt
SpawnPoolWorker-298| 2026-06-22 04:28:46,046,46 multiprocessing INFO child process calling self.run()
SpawnPoolWorker-292| 2026-06-22 04:35:50,843,843 multiprocessing INFO process shutting down
SpawnPoolWorker-287| 2026-06-22 04:35:50,843,843 multiprocessing INFO process shutting down
SpawnPoolWorker-286| 2026-06-22 04:35:50,843,843 multiprocessing INFO process shutting down
SpawnPoolWorker-305| 2026-06-22 04:35:50,843,843 multiprocessing INFO process shutting down
SpawnPoolWorker-301| 2026-06-22 04:35:50,844,844 multiprocessing INFO process shutting down
SpawnPoolWorker-291| 2026-06-22 04:35:50,844,844 multiprocessing INFO process shutting down
SpawnPoolWorker-292| 2026-06-22 04:35:50,844,844 multiprocessing INFO process exiting with exitcode 0
SpawnPoolWorker-290| 2026-06-22 04:35:50,844,844 multiprocessing INFO process shutting down
SpawnPoolWorker-286| 2026-06-22 04:35:50,845,845 multiprocessing INFO process exiting with exitcode 0
SpawnPoolWorker-301| 2026-06-22 04:35:50,845,845 multiprocessing INFO process exiting with exitcode 0
SpawnPoolWorker-284| 2026-06-22 04:35:50,844,844 multiprocessing INFO process shutting down
SpawnPoolWorker-290| 2026-06-22 04:35:50,845,845 multiprocessing INFO process exiting with exitcode 0
SpawnPoolWorker-291| 2026-06-22 04:35:50,845,845 multiprocessing INFO process exiting with exitcode 0
SpawnPoolWorker-284| 2026-06-22 04:35:50,845,845 multiprocessing INFO process exiting with exitcode 0
SpawnPoolWorker-303| 2026-06-22 04:35:50,845,845 multiprocessing INFO process shutting down
SpawnPoolWorker-304| 2026-06-22 04:35:50,846,846 multiprocessing INFO process shutting down
SpawnPoolWorker-293| 2026-06-22 04:35:50,846,846 multiprocessing INFO process shutting down
SpawnPoolWorker-293| 2026-06-22 04:35:50,846,846 multiprocessing INFO process exiting with exitcode 0
SpawnPoolWorker-304| 2026-06-22 04:35:50,846,846 multiprocessing INFO process exiting with exitcode 0
SpawnPoolWorker-299| 2026-06-22 04:35:50,846,846 multiprocessing INFO process shutting down
SpawnPoolWorker-296| 2026-06-22 04:35:50,847,847 multiprocessing INFO process shutting down
SpawnPoolWorker-283| 2026-06-22 04:35:50,847,847 multiprocessing INFO process shutting down
SpawnPoolWorker-302| 2026-06-22 04:35:50,848,848 multiprocessing INFO process shutting down
SpawnPoolWorker-289| 2026-06-22 04:35:50,848,848 multiprocessing INFO process shutting down
SpawnPoolWorker-294| 2026-06-22 04:35:50,847,847 multiprocessing INFO process shutting down
SpawnPoolWorker-298| 2026-06-22 04:35:50,850,850 multiprocessing INFO process shutting down
SpawnPoolWorker-295| 2026-06-22 04:35:50,851,851 multiprocessing INFO process shutting down
SpawnPoolWorker-299| 2026-06-22 04:35:50,861,861 multiprocessing INFO process exiting with exitcode 0
SpawnPoolWorker-285| 2026-06-22 04:35:50,861,861 multiprocessing INFO process shutting down
SpawnPoolWorker-285| 2026-06-22 04:35:50,862,862 multiprocessing INFO process exiting with exitcode 0
SpawnPoolWorker-306| 2026-06-22 04:35:50,864,864 multiprocessing INFO process shutting down
SpawnPoolWorker-297| 2026-06-22 04:35:50,864,864 multiprocessing INFO process shutting down
28
(100000, 9)
(100000,)
(100000, 9)
(100000,)

=======================Successfully Added (50000, 9) Counter Examples=======================


============None of the candidates fulfill the conditions. Training CONTINUES!=================

MainProcess| 2026-06-22 04:35:54,088,88 multiprocessing INFO 
============None of the candidates fulfill the conditions. Training CONTINUES!=================


============None of the candidates fulfill the conditions. Training CONTINUES!=================

(55, 171)
/users/9/chen8596/miniconda3/envs/alfd/lib/python3.9/site-packages/torch/nn/functional.py:4999: UserWarning: Support for mismatched key_padding_mask and attn_mask is deprecated. Use same type for both instead.
  warnings.warn(

==============Start Supervised Learning==============

MainProcess| 2026-06-22 04:36:00,098,98 multiprocessing INFO GP output mean: 0.9560357122480122
GP output mean: 0.9560357122480122
MainProcess| 2026-06-22 04:36:00,853,853 multiprocessing INFO GP output success rate: 0.0
GP output success rate: 0.0

==============End Supervised Learning==============

MainProcess| 2026-06-22 04:36:03,922,922 multiprocessing INFO [Test epoch=0009]  nevals=124191 	| train_loss=10714.82520 	| eqs_invalid %=0.00 	| r_best=0.99729 	| quantile=0.32996 	| r_quantile_mean=0.86270 	| r_raw_sum=47.95107 	|  r_raw_mean=0.84125 	| r2=nan 	| acc_iid=0.00000 	| acc_ood=0.00000 	| nmse_test=3.829226402053804e-08 	| true_equation_set_count=0 	| s/it=665.03905
[Test epoch=0009]  nevals=124191 	| train_loss=10714.82520 	| eqs_invalid %=0.00 	| r_best=0.99729 	| quantile=0.32996 	| r_quantile_mean=0.86270 	| r_raw_sum=47.95107 	|  r_raw_mean=0.84125 	| r2=nan 	| acc_iid=0.00000 	| acc_ood=0.00000 	| nmse_test=3.829226402053804e-08 	| true_equation_set_count=0 	| s/it=665.03905
MainProcess| 2026-06-22 04:39:55,542,542 multiprocessing INFO Genetic Porgramming Runtime 230.0304428609088
Genetic Porgramming Runtime 230.0304428609088

=========================PGD Collection Starts=========================

SpawnPoolWorker-314| 2026-06-22 04:40:01,272,272 multiprocessing INFO STARTING NEW RUN ==========
SpawnPoolWorker-314| 2026-06-22 04:40:01,273,273 multiprocessing INFO SEE LOG AT : ./logs/all_Lyapunov_test_dso-fn_d_all_l_01_log.txt
SpawnPoolWorker-308| 2026-06-22 04:40:01,273,273 multiprocessing INFO STARTING NEW RUN ==========
SpawnPoolWorker-314| 2026-06-22 04:40:01,274,274 multiprocessing INFO See log at : ./logs/all_Lyapunov_test_dso-fn_d_all_l_01_log.txt
SpawnPoolWorker-308| 2026-06-22 04:40:01,274,274 multiprocessing INFO SEE LOG AT : ./logs/all_Lyapunov_test_dso-fn_d_all_l_01_log.txt
SpawnPoolWorker-308| 2026-06-22 04:40:01,274,274 multiprocessing INFO See log at : ./logs/all_Lyapunov_test_dso-fn_d_all_l_01_log.txt
SpawnPoolWorker-307| 2026-06-22 04:40:01,274,274 multiprocessing INFO STARTING NEW RUN ==========
SpawnPoolWorker-307| 2026-06-22 04:40:01,274,274 multiprocessing INFO SEE LOG AT : ./logs/all_Lyapunov_test_dso-fn_d_all_l_01_log.txt
SpawnPoolWorker-307| 2026-06-22 04:40:01,274,274 multiprocessing INFO See log at : ./logs/all_Lyapunov_test_dso-fn_d_all_l_01_log.txt
SpawnPoolWorker-310| 2026-06-22 04:40:01,274,274 multiprocessing INFO STARTING NEW RUN ==========
SpawnPoolWorker-310| 2026-06-22 04:40:01,274,274 multiprocessing INFO SEE LOG AT : ./logs/all_Lyapunov_test_dso-fn_d_all_l_01_log.txt
SpawnPoolWorker-310| 2026-06-22 04:40:01,275,275 multiprocessing INFO See log at : ./logs/all_Lyapunov_test_dso-fn_d_all_l_01_log.txt
SpawnPoolWorker-314| 2026-06-22 04:40:01,276,276 multiprocessing INFO child process calling self.run()
SpawnPoolWorker-307| 2026-06-22 04:40:01,276,276 multiprocessing INFO child process calling self.run()
SpawnPoolWorker-310| 2026-06-22 04:40:01,276,276 multiprocessing INFO child process calling self.run()
SpawnPoolWorker-308| 2026-06-22 04:40:01,276,276 multiprocessing INFO child process calling self.run()
SpawnPoolWorker-313| 2026-06-22 04:40:01,302,302 multiprocessing INFO STARTING NEW RUN ==========
SpawnPoolWorker-313| 2026-06-22 04:40:01,302,302 multiprocessing INFO SEE LOG AT : ./logs/all_Lyapunov_test_dso-fn_d_all_l_01_log.txt
SpawnPoolWorker-313| 2026-06-22 04:40:01,302,302 multiprocessing INFO See log at : ./logs/all_Lyapunov_test_dso-fn_d_all_l_01_log.txt
SpawnPoolWorker-313| 2026-06-22 04:40:01,303,303 multiprocessing INFO child process calling self.run()
SpawnPoolWorker-316| 2026-06-22 04:40:01,339,339 multiprocessing INFO STARTING NEW RUN ==========
SpawnPoolWorker-316| 2026-06-22 04:40:01,339,339 multiprocessing INFO SEE LOG AT : ./logs/all_Lyapunov_test_dso-fn_d_all_l_01_log.txt
SpawnPoolWorker-316| 2026-06-22 04:40:01,339,339 multiprocessing INFO See log at : ./logs/all_Lyapunov_test_dso-fn_d_all_l_01_log.txt
SpawnPoolWorker-316| 2026-06-22 04:40:01,341,341 multiprocessing INFO child process calling self.run()
SpawnPoolWorker-315| 2026-06-22 04:40:01,371,371 multiprocessing INFO STARTING NEW RUN ==========
SpawnPoolWorker-315| 2026-06-22 04:40:01,371,371 multiprocessing INFO SEE LOG AT : ./logs/all_Lyapunov_test_dso-fn_d_all_l_01_log.txt
SpawnPoolWorker-315| 2026-06-22 04:40:01,371,371 multiprocessing INFO See log at : ./logs/all_Lyapunov_test_dso-fn_d_all_l_01_log.txt
SpawnPoolWorker-315| 2026-06-22 04:40:01,373,373 multiprocessing INFO child process calling self.run()
SpawnPoolWorker-312| 2026-06-22 04:40:01,381,381 multiprocessing INFO STARTING NEW RUN ==========
SpawnPoolWorker-312| 2026-06-22 04:40:01,381,381 multiprocessing INFO SEE LOG AT : ./logs/all_Lyapunov_test_dso-fn_d_all_l_01_log.txt
SpawnPoolWorker-312| 2026-06-22 04:40:01,381,381 multiprocessing INFO See log at : ./logs/all_Lyapunov_test_dso-fn_d_all_l_01_log.txt
SpawnPoolWorker-311| 2026-06-22 04:40:01,383,383 multiprocessing INFO STARTING NEW RUN ==========
SpawnPoolWorker-311| 2026-06-22 04:40:01,383,383 multiprocessing INFO SEE LOG AT : ./logs/all_Lyapunov_test_dso-fn_d_all_l_01_log.txt
SpawnPoolWorker-312| 2026-06-22 04:40:01,383,383 multiprocessing INFO child process calling self.run()
SpawnPoolWorker-311| 2026-06-22 04:40:01,383,383 multiprocessing INFO See log at : ./logs/all_Lyapunov_test_dso-fn_d_all_l_01_log.txt
SpawnPoolWorker-311| 2026-06-22 04:40:01,386,386 multiprocessing INFO child process calling self.run()
SpawnPoolWorker-309| 2026-06-22 04:40:01,428,428 multiprocessing INFO STARTING NEW RUN ==========
SpawnPoolWorker-309| 2026-06-22 04:40:01,428,428 multiprocessing INFO SEE LOG AT : ./logs/all_Lyapunov_test_dso-fn_d_all_l_01_log.txt
SpawnPoolWorker-309| 2026-06-22 04:40:01,428,428 multiprocessing INFO See log at : ./logs/all_Lyapunov_test_dso-fn_d_all_l_01_log.txt
SpawnPoolWorker-309| 2026-06-22 04:40:01,434,434 multiprocessing INFO child process calling self.run()
SpawnPoolWorker-309| 2026-06-22 04:40:20,468,468 multiprocessing INFO process shutting down
SpawnPoolWorker-316| 2026-06-22 04:40:20,468,468 multiprocessing INFO process shutting down
SpawnPoolWorker-316| 2026-06-22 04:40:20,468,468 multiprocessing INFO process exiting with exitcode 0
SpawnPoolWorker-309| 2026-06-22 04:40:20,468,468 multiprocessing INFO process exiting with exitcode 0
SpawnPoolWorker-313| 2026-06-22 04:40:20,468,468 multiprocessing INFO process shutting down
SpawnPoolWorker-312| 2026-06-22 04:40:20,468,468 multiprocessing INFO process shutting down
SpawnPoolWorker-310| 2026-06-22 04:40:20,468,468 multiprocessing INFO process shutting down
SpawnPoolWorker-311| 2026-06-22 04:40:20,469,469 multiprocessing INFO process shutting down
SpawnPoolWorker-314| 2026-06-22 04:40:20,468,468 multiprocessing INFO process shutting down
(20000,)

===================Collect 20000 Examples===================

Epsilon 0.1
500
(550,)
(550,)
(55,)
Number of Programs for Minimization: 28
SpawnPoolWorker-317| 2026-06-22 04:40:40,682,682 multiprocessing INFO STARTING NEW RUN ==========
SpawnPoolWorker-317| 2026-06-22 04:40:40,683,683 multiprocessing INFO SEE LOG AT : ./logs/all_Lyapunov_test_dso-fn_d_all_l_01_log.txt
SpawnPoolWorker-317| 2026-06-22 04:40:40,683,683 multiprocessing INFO See log at : ./logs/all_Lyapunov_test_dso-fn_d_all_l_01_log.txt
SpawnPoolWorker-317| 2026-06-22 04:40:40,695,695 multiprocessing INFO child process calling self.run()
SpawnPoolWorker-319| 2026-06-22 04:40:40,894,894 multiprocessing INFO STARTING NEW RUN ==========
SpawnPoolWorker-319| 2026-06-22 04:40:40,894,894 multiprocessing INFO SEE LOG AT : ./logs/all_Lyapunov_test_dso-fn_d_all_l_01_log.txt
SpawnPoolWorker-319| 2026-06-22 04:40:40,895,895 multiprocessing INFO See log at : ./logs/all_Lyapunov_test_dso-fn_d_all_l_01_log.txt
SpawnPoolWorker-319| 2026-06-22 04:40:40,903,903 multiprocessing INFO child process calling self.run()
SpawnPoolWorker-337| 2026-06-22 04:40:42,083,83 multiprocessing INFO STARTING NEW RUN ==========
SpawnPoolWorker-337| 2026-06-22 04:40:42,083,83 multiprocessing INFO SEE LOG AT : ./logs/all_Lyapunov_test_dso-fn_d_all_l_01_log.txt
SpawnPoolWorker-337| 2026-06-22 04:40:42,083,83 multiprocessing INFO See log at : ./logs/all_Lyapunov_test_dso-fn_d_all_l_01_log.txt
SpawnPoolWorker-337| 2026-06-22 04:40:42,088,88 multiprocessing INFO child process calling self.run()
SpawnPoolWorker-318| 2026-06-22 04:40:42,131,131 multiprocessing INFO STARTING NEW RUN ==========
SpawnPoolWorker-318| 2026-06-22 04:40:42,131,131 multiprocessing INFO SEE LOG AT : ./logs/all_Lyapunov_test_dso-fn_d_all_l_01_log.txt
SpawnPoolWorker-318| 2026-06-22 04:40:42,131,131 multiprocessing INFO See log at : ./logs/all_Lyapunov_test_dso-fn_d_all_l_01_log.txt
SpawnPoolWorker-318| 2026-06-22 04:40:42,135,135 multiprocessing INFO child process calling self.run()
SpawnPoolWorker-325| 2026-06-22 04:40:42,176,176 multiprocessing INFO STARTING NEW RUN ==========
SpawnPoolWorker-325| 2026-06-22 04:40:42,176,176 multiprocessing INFO SEE LOG AT : ./logs/all_Lyapunov_test_dso-fn_d_all_l_01_log.txt
SpawnPoolWorker-325| 2026-06-22 04:40:42,176,176 multiprocessing INFO See log at : ./logs/all_Lyapunov_test_dso-fn_d_all_l_01_log.txt
SpawnPoolWorker-325| 2026-06-22 04:40:42,184,184 multiprocessing INFO child process calling self.run()
SpawnPoolWorker-332| 2026-06-22 04:40:42,564,564 multiprocessing INFO STARTING NEW RUN ==========
SpawnPoolWorker-332| 2026-06-22 04:40:42,564,564 multiprocessing INFO SEE LOG AT : ./logs/all_Lyapunov_test_dso-fn_d_all_l_01_log.txt
SpawnPoolWorker-332| 2026-06-22 04:40:42,564,564 multiprocessing INFO See log at : ./logs/all_Lyapunov_test_dso-fn_d_all_l_01_log.txt
SpawnPoolWorker-340| 2026-06-22 04:40:42,579,579 multiprocessing INFO STARTING NEW RUN ==========
SpawnPoolWorker-340| 2026-06-22 04:40:42,579,579 multiprocessing INFO SEE LOG AT : ./logs/all_Lyapunov_test_dso-fn_d_all_l_01_log.txt
SpawnPoolWorker-340| 2026-06-22 04:40:42,579,579 multiprocessing INFO See log at : ./logs/all_Lyapunov_test_dso-fn_d_all_l_01_log.txt
SpawnPoolWorker-332| 2026-06-22 04:40:42,580,580 multiprocessing INFO child process calling self.run()
SpawnPoolWorker-340| 2026-06-22 04:40:42,581,581 multiprocessing INFO child process calling self.run()
SpawnPoolWorker-322| 2026-06-22 04:40:42,776,776 multiprocessing INFO STARTING NEW RUN ==========
SpawnPoolWorker-322| 2026-06-22 04:40:42,776,776 multiprocessing INFO SEE LOG AT : ./logs/all_Lyapunov_test_dso-fn_d_all_l_01_log.txt
SpawnPoolWorker-322| 2026-06-22 04:40:42,776,776 multiprocessing INFO See log at : ./logs/all_Lyapunov_test_dso-fn_d_all_l_01_log.txt
SpawnPoolWorker-322| 2026-06-22 04:40:42,778,778 multiprocessing INFO child process calling self.run()
SpawnPoolWorker-331| 2026-06-22 04:40:42,817,817 multiprocessing INFO STARTING NEW RUN ==========
SpawnPoolWorker-331| 2026-06-22 04:40:42,817,817 multiprocessing INFO SEE LOG AT : ./logs/all_Lyapunov_test_dso-fn_d_all_l_01_log.txt
SpawnPoolWorker-331| 2026-06-22 04:40:42,817,817 multiprocessing INFO See log at : ./logs/all_Lyapunov_test_dso-fn_d_all_l_01_log.txt
SpawnPoolWorker-331| 2026-06-22 04:40:42,819,819 multiprocessing INFO child process calling self.run()
SpawnPoolWorker-329| 2026-06-22 04:40:43,008,8 multiprocessing INFO STARTING NEW RUN ==========
SpawnPoolWorker-329| 2026-06-22 04:40:43,008,8 multiprocessing INFO SEE LOG AT : ./logs/all_Lyapunov_test_dso-fn_d_all_l_01_log.txt
SpawnPoolWorker-329| 2026-06-22 04:40:43,009,9 multiprocessing INFO See log at : ./logs/all_Lyapunov_test_dso-fn_d_all_l_01_log.txt
SpawnPoolWorker-329| 2026-06-22 04:40:43,012,12 multiprocessing INFO child process calling self.run()
SpawnPoolWorker-324| 2026-06-22 04:40:43,042,42 multiprocessing INFO STARTING NEW RUN ==========
SpawnPoolWorker-324| 2026-06-22 04:40:43,042,42 multiprocessing INFO SEE LOG AT : ./logs/all_Lyapunov_test_dso-fn_d_all_l_01_log.txt
SpawnPoolWorker-324| 2026-06-22 04:40:43,042,42 multiprocessing INFO See log at : ./logs/all_Lyapunov_test_dso-fn_d_all_l_01_log.txt
SpawnPoolWorker-324| 2026-06-22 04:40:43,050,50 multiprocessing INFO child process calling self.run()
SpawnPoolWorker-328| 2026-06-22 04:40:43,218,218 multiprocessing INFO STARTING NEW RUN ==========
SpawnPoolWorker-328| 2026-06-22 04:40:43,218,218 multiprocessing INFO SEE LOG AT : ./logs/all_Lyapunov_test_dso-fn_d_all_l_01_log.txt
SpawnPoolWorker-328| 2026-06-22 04:40:43,218,218 multiprocessing INFO See log at : ./logs/all_Lyapunov_test_dso-fn_d_all_l_01_log.txt
SpawnPoolWorker-328| 2026-06-22 04:40:43,222,222 multiprocessing INFO child process calling self.run()
SpawnPoolWorker-336| 2026-06-22 04:40:43,264,264 multiprocessing INFO STARTING NEW RUN ==========
SpawnPoolWorker-336| 2026-06-22 04:40:43,264,264 multiprocessing INFO SEE LOG AT : ./logs/all_Lyapunov_test_dso-fn_d_all_l_01_log.txt
SpawnPoolWorker-336| 2026-06-22 04:40:43,264,264 multiprocessing INFO See log at : ./logs/all_Lyapunov_test_dso-fn_d_all_l_01_log.txt
SpawnPoolWorker-336| 2026-06-22 04:40:43,266,266 multiprocessing INFO child process calling self.run()
SpawnPoolWorker-320| 2026-06-22 04:40:43,466,466 multiprocessing INFO STARTING NEW RUN ==========
SpawnPoolWorker-320| 2026-06-22 04:40:43,466,466 multiprocessing INFO SEE LOG AT : ./logs/all_Lyapunov_test_dso-fn_d_all_l_01_log.txt
SpawnPoolWorker-320| 2026-06-22 04:40:43,466,466 multiprocessing INFO See log at : ./logs/all_Lyapunov_test_dso-fn_d_all_l_01_log.txt
SpawnPoolWorker-320| 2026-06-22 04:40:43,485,485 multiprocessing INFO child process calling self.run()
SpawnPoolWorker-333| 2026-06-22 04:40:43,676,676 multiprocessing INFO STARTING NEW RUN ==========
SpawnPoolWorker-333| 2026-06-22 04:40:43,676,676 multiprocessing INFO SEE LOG AT : ./logs/all_Lyapunov_test_dso-fn_d_all_l_01_log.txt
SpawnPoolWorker-333| 2026-06-22 04:40:43,676,676 multiprocessing INFO See log at : ./logs/all_Lyapunov_test_dso-fn_d_all_l_01_log.txt
SpawnPoolWorker-333| 2026-06-22 04:40:43,684,684 multiprocessing INFO child process calling self.run()
SpawnPoolWorker-334| 2026-06-22 04:40:43,699,699 multiprocessing INFO STARTING NEW RUN ==========
SpawnPoolWorker-334| 2026-06-22 04:40:43,699,699 multiprocessing INFO SEE LOG AT : ./logs/all_Lyapunov_test_dso-fn_d_all_l_01_log.txt
SpawnPoolWorker-334| 2026-06-22 04:40:43,699,699 multiprocessing INFO See log at : ./logs/all_Lyapunov_test_dso-fn_d_all_l_01_log.txt
SpawnPoolWorker-334| 2026-06-22 04:40:43,712,712 multiprocessing INFO child process calling self.run()
SpawnPoolWorker-321| 2026-06-22 04:40:44,140,140 multiprocessing INFO STARTING NEW RUN ==========
SpawnPoolWorker-321| 2026-06-22 04:40:44,140,140 multiprocessing INFO SEE LOG AT : ./logs/all_Lyapunov_test_dso-fn_d_all_l_01_log.txt
SpawnPoolWorker-321| 2026-06-22 04:40:44,140,140 multiprocessing INFO See log at : ./logs/all_Lyapunov_test_dso-fn_d_all_l_01_log.txt
SpawnPoolWorker-321| 2026-06-22 04:40:44,142,142 multiprocessing INFO child process calling self.run()
SpawnPoolWorker-338| 2026-06-22 04:40:44,413,413 multiprocessing INFO STARTING NEW RUN ==========
SpawnPoolWorker-338| 2026-06-22 04:40:44,413,413 multiprocessing INFO SEE LOG AT : ./logs/all_Lyapunov_test_dso-fn_d_all_l_01_log.txt
SpawnPoolWorker-338| 2026-06-22 04:40:44,413,413 multiprocessing INFO See log at : ./logs/all_Lyapunov_test_dso-fn_d_all_l_01_log.txt
SpawnPoolWorker-338| 2026-06-22 04:40:44,415,415 multiprocessing INFO child process calling self.run()
SpawnPoolWorker-327| 2026-06-22 04:40:45,070,70 multiprocessing INFO STARTING NEW RUN ==========
SpawnPoolWorker-327| 2026-06-22 04:40:45,070,70 multiprocessing INFO SEE LOG AT : ./logs/all_Lyapunov_test_dso-fn_d_all_l_01_log.txt
SpawnPoolWorker-327| 2026-06-22 04:40:45,070,70 multiprocessing INFO See log at : ./logs/all_Lyapunov_test_dso-fn_d_all_l_01_log.txt
SpawnPoolWorker-327| 2026-06-22 04:40:45,078,78 multiprocessing INFO child process calling self.run()
SpawnPoolWorker-323| 2026-06-22 04:40:45,543,543 multiprocessing INFO STARTING NEW RUN ==========
SpawnPoolWorker-323| 2026-06-22 04:40:45,543,543 multiprocessing INFO SEE LOG AT : ./logs/all_Lyapunov_test_dso-fn_d_all_l_01_log.txt
SpawnPoolWorker-323| 2026-06-22 04:40:45,543,543 multiprocessing INFO See log at : ./logs/all_Lyapunov_test_dso-fn_d_all_l_01_log.txt
SpawnPoolWorker-323| 2026-06-22 04:40:45,552,552 multiprocessing INFO child process calling self.run()
SpawnPoolWorker-335| 2026-06-22 04:40:45,597,597 multiprocessing INFO STARTING NEW RUN ==========
SpawnPoolWorker-335| 2026-06-22 04:40:45,597,597 multiprocessing INFO SEE LOG AT : ./logs/all_Lyapunov_test_dso-fn_d_all_l_01_log.txt
SpawnPoolWorker-335| 2026-06-22 04:40:45,597,597 multiprocessing INFO See log at : ./logs/all_Lyapunov_test_dso-fn_d_all_l_01_log.txt
SpawnPoolWorker-335| 2026-06-22 04:40:45,603,603 multiprocessing INFO child process calling self.run()
SpawnPoolWorker-330| 2026-06-22 04:40:45,616,616 multiprocessing INFO STARTING NEW RUN ==========
SpawnPoolWorker-330| 2026-06-22 04:40:45,616,616 multiprocessing INFO SEE LOG AT : ./logs/all_Lyapunov_test_dso-fn_d_all_l_01_log.txt
SpawnPoolWorker-330| 2026-06-22 04:40:45,616,616 multiprocessing INFO See log at : ./logs/all_Lyapunov_test_dso-fn_d_all_l_01_log.txt
SpawnPoolWorker-330| 2026-06-22 04:40:45,622,622 multiprocessing INFO child process calling self.run()
SpawnPoolWorker-339| 2026-06-22 04:40:46,161,161 multiprocessing INFO STARTING NEW RUN ==========
SpawnPoolWorker-339| 2026-06-22 04:40:46,161,161 multiprocessing INFO SEE LOG AT : ./logs/all_Lyapunov_test_dso-fn_d_all_l_01_log.txt
SpawnPoolWorker-339| 2026-06-22 04:40:46,161,161 multiprocessing INFO See log at : ./logs/all_Lyapunov_test_dso-fn_d_all_l_01_log.txt
SpawnPoolWorker-339| 2026-06-22 04:40:46,167,167 multiprocessing INFO child process calling self.run()
SpawnPoolWorker-326| 2026-06-22 04:40:46,306,306 multiprocessing INFO STARTING NEW RUN ==========
SpawnPoolWorker-326| 2026-06-22 04:40:46,306,306 multiprocessing INFO SEE LOG AT : ./logs/all_Lyapunov_test_dso-fn_d_all_l_01_log.txt
SpawnPoolWorker-326| 2026-06-22 04:40:46,306,306 multiprocessing INFO See log at : ./logs/all_Lyapunov_test_dso-fn_d_all_l_01_log.txt
SpawnPoolWorker-326| 2026-06-22 04:40:46,315,315 multiprocessing INFO child process calling self.run()
SpawnPoolWorker-322| 2026-06-22 04:47:32,105,105 multiprocessing INFO process shutting down
SpawnPoolWorker-330| 2026-06-22 04:47:32,105,105 multiprocessing INFO process shutting down
SpawnPoolWorker-329| 2026-06-22 04:47:32,105,105 multiprocessing INFO process shutting down
SpawnPoolWorker-323| 2026-06-22 04:47:32,105,105 multiprocessing INFO process shutting down
SpawnPoolWorker-335| 2026-06-22 04:47:32,105,105 multiprocessing INFO process shutting down
SpawnPoolWorker-318| 2026-06-22 04:47:32,106,106 multiprocessing INFO process shutting down
SpawnPoolWorker-339| 2026-06-22 04:47:32,106,106 multiprocessing INFO process shutting down
SpawnPoolWorker-329| 2026-06-22 04:47:32,107,107 multiprocessing INFO process exiting with exitcode 0
SpawnPoolWorker-322| 2026-06-22 04:47:32,107,107 multiprocessing INFO process exiting with exitcode 0
SpawnPoolWorker-332| 2026-06-22 04:47:32,106,106 multiprocessing INFO process shutting down
SpawnPoolWorker-334| 2026-06-22 04:47:32,106,106 multiprocessing INFO process shutting down
SpawnPoolWorker-319| 2026-06-22 04:47:32,107,107 multiprocessing INFO process shutting down
SpawnPoolWorker-337| 2026-06-22 04:47:32,107,107 multiprocessing INFO process shutting down
SpawnPoolWorker-339| 2026-06-22 04:47:32,107,107 multiprocessing INFO process exiting with exitcode 0
SpawnPoolWorker-334| 2026-06-22 04:47:32,107,107 multiprocessing INFO process exiting with exitcode 0
SpawnPoolWorker-332| 2026-06-22 04:47:32,107,107 multiprocessing INFO process exiting with exitcode 0
SpawnPoolWorker-319| 2026-06-22 04:47:32,107,107 multiprocessing INFO process exiting with exitcode 0
SpawnPoolWorker-338| 2026-06-22 04:47:32,107,107 multiprocessing INFO process shutting down
SpawnPoolWorker-318| 2026-06-22 04:47:32,109,109 multiprocessing INFO process exiting with exitcode 0
SpawnPoolWorker-328| 2026-06-22 04:47:32,110,110 multiprocessing INFO process shutting down
SpawnPoolWorker-331| 2026-06-22 04:47:32,110,110 multiprocessing INFO process shutting down
SpawnPoolWorker-324| 2026-06-22 04:47:32,110,110 multiprocessing INFO process shutting down
SpawnPoolWorker-325| 2026-06-22 04:47:32,110,110 multiprocessing INFO process shutting down
SpawnPoolWorker-336| 2026-06-22 04:47:32,111,111 multiprocessing INFO process shutting down
SpawnPoolWorker-333| 2026-06-22 04:47:32,111,111 multiprocessing INFO process shutting down
SpawnPoolWorker-337| 2026-06-22 04:47:32,112,112 multiprocessing INFO process exiting with exitcode 0
SpawnPoolWorker-327| 2026-06-22 04:47:32,113,113 multiprocessing INFO process shutting down
SpawnPoolWorker-317| 2026-06-22 04:47:32,113,113 multiprocessing INFO process shutting down
SpawnPoolWorker-320| 2026-06-22 04:47:32,111,111 multiprocessing INFO process shutting down
SpawnPoolWorker-326| 2026-06-22 04:47:32,113,113 multiprocessing INFO process shutting down
SpawnPoolWorker-321| 2026-06-22 04:47:32,114,114 multiprocessing INFO process shutting down
SpawnPoolWorker-321| 2026-06-22 04:47:32,115,115 multiprocessing INFO process exiting with exitcode 0
SpawnPoolWorker-340| 2026-06-22 04:47:32,114,114 multiprocessing INFO process shutting down
SpawnPoolWorker-340| 2026-06-22 04:47:32,115,115 multiprocessing INFO process exiting with exitcode 0
SpawnPoolWorker-335| 2026-06-22 04:47:32,117,117 multiprocessing INFO process exiting with exitcode 0
SpawnPoolWorker-323| 2026-06-22 04:47:32,117,117 multiprocessing INFO process exiting with exitcode 0
SpawnPoolWorker-330| 2026-06-22 04:47:32,117,117 multiprocessing INFO process exiting with exitcode 0
28
(100000, 9)
(100000,)
(100000, 9)
(100000,)

=======================Successfully Added (50000, 9) Counter Examples=======================


============None of the candidates fulfill the conditions. Training CONTINUES!=================

MainProcess| 2026-06-22 04:47:36,675,675 multiprocessing INFO 
============None of the candidates fulfill the conditions. Training CONTINUES!=================


============None of the candidates fulfill the conditions. Training CONTINUES!=================

(55, 171)
/users/9/chen8596/miniconda3/envs/alfd/lib/python3.9/site-packages/torch/nn/functional.py:4999: UserWarning: Support for mismatched key_padding_mask and attn_mask is deprecated. Use same type for both instead.
  warnings.warn(

==============Start Supervised Learning==============

MainProcess| 2026-06-22 04:47:44,255,255 multiprocessing INFO GP output mean: 0.9376259116151257
GP output mean: 0.9376259116151257
MainProcess| 2026-06-22 04:47:45,218,218 multiprocessing INFO GP output success rate: 0.0
GP output success rate: 0.0

==============End Supervised Learning==============

MainProcess| 2026-06-22 04:47:47,652,652 multiprocessing INFO [Test epoch=0010]  nevals=137971 	| train_loss=17182.06641 	| eqs_invalid %=0.00 	| r_best=0.99729 	| quantile=0.02428 	| r_quantile_mean=0.83430 	| r_raw_sum=45.88663 	|  r_raw_mean=0.83430 	| r2=nan 	| acc_iid=0.00000 	| acc_ood=0.00000 	| nmse_test=3.829226402053804e-08 	| true_equation_set_count=0 	| s/it=703.72946
[Test epoch=0010]  nevals=137971 	| train_loss=17182.06641 	| eqs_invalid %=0.00 	| r_best=0.99729 	| quantile=0.02428 	| r_quantile_mean=0.83430 	| r_raw_sum=45.88663 	|  r_raw_mean=0.83430 	| r2=nan 	| acc_iid=0.00000 	| acc_ood=0.00000 	| nmse_test=3.829226402053804e-08 	| true_equation_set_count=0 	| s/it=703.72946
MainProcess| 2026-06-22 04:47:47,652,652 multiprocessing INFO [00:02:04:18.68] Training epoch 10/4000, current best R: 0.9973
[00:02:04:18.68] Training epoch 10/4000, current best R: 0.9973
MainProcess| 2026-06-22 04:49:33,063,63 multiprocessing INFO Genetic Porgramming Runtime 104.14821303496137
Genetic Porgramming Runtime 104.14821303496137

=========================PGD Collection Starts=========================

SpawnPoolWorker-344| 2026-06-22 04:49:39,067,67 multiprocessing INFO STARTING NEW RUN ==========
SpawnPoolWorker-344| 2026-06-22 04:49:39,067,67 multiprocessing INFO SEE LOG AT : ./logs/all_Lyapunov_test_dso-fn_d_all_l_01_log.txt
SpawnPoolWorker-344| 2026-06-22 04:49:39,067,67 multiprocessing INFO See log at : ./logs/all_Lyapunov_test_dso-fn_d_all_l_01_log.txt
SpawnPoolWorker-347| 2026-06-22 04:49:39,067,67 multiprocessing INFO STARTING NEW RUN ==========
SpawnPoolWorker-348| 2026-06-22 04:49:39,069,69 multiprocessing INFO STARTING NEW RUN ==========
SpawnPoolWorker-343| 2026-06-22 04:49:39,069,69 multiprocessing INFO STARTING NEW RUN ==========
SpawnPoolWorker-342| 2026-06-22 04:49:39,071,71 multiprocessing INFO STARTING NEW RUN ==========
SpawnPoolWorker-347| 2026-06-22 04:49:39,071,71 multiprocessing INFO SEE LOG AT : ./logs/all_Lyapunov_test_dso-fn_d_all_l_01_log.txt
SpawnPoolWorker-348| 2026-06-22 04:49:39,071,71 multiprocessing INFO SEE LOG AT : ./logs/all_Lyapunov_test_dso-fn_d_all_l_01_log.txt
SpawnPoolWorker-343| 2026-06-22 04:49:39,071,71 multiprocessing INFO SEE LOG AT : ./logs/all_Lyapunov_test_dso-fn_d_all_l_01_log.txt
SpawnPoolWorker-342| 2026-06-22 04:49:39,071,71 multiprocessing INFO SEE LOG AT : ./logs/all_Lyapunov_test_dso-fn_d_all_l_01_log.txt
SpawnPoolWorker-347| 2026-06-22 04:49:39,071,71 multiprocessing INFO See log at : ./logs/all_Lyapunov_test_dso-fn_d_all_l_01_log.txt
SpawnPoolWorker-348| 2026-06-22 04:49:39,071,71 multiprocessing INFO See log at : ./logs/all_Lyapunov_test_dso-fn_d_all_l_01_log.txt
SpawnPoolWorker-342| 2026-06-22 04:49:39,071,71 multiprocessing INFO See log at : ./logs/all_Lyapunov_test_dso-fn_d_all_l_01_log.txt
SpawnPoolWorker-343| 2026-06-22 04:49:39,071,71 multiprocessing INFO See log at : ./logs/all_Lyapunov_test_dso-fn_d_all_l_01_log.txt
SpawnPoolWorker-350| 2026-06-22 04:49:39,073,73 multiprocessing INFO STARTING NEW RUN ==========
SpawnPoolWorker-350| 2026-06-22 04:49:39,073,73 multiprocessing INFO SEE LOG AT : ./logs/all_Lyapunov_test_dso-fn_d_all_l_01_log.txt
SpawnPoolWorker-350| 2026-06-22 04:49:39,073,73 multiprocessing INFO See log at : ./logs/all_Lyapunov_test_dso-fn_d_all_l_01_log.txt
SpawnPoolWorker-347| 2026-06-22 04:49:39,073,73 multiprocessing INFO child process calling self.run()
SpawnPoolWorker-348| 2026-06-22 04:49:39,073,73 multiprocessing INFO child process calling self.run()
SpawnPoolWorker-344| 2026-06-22 04:49:39,073,73 multiprocessing INFO child process calling self.run()
SpawnPoolWorker-342| 2026-06-22 04:49:39,074,74 multiprocessing INFO child process calling self.run()
SpawnPoolWorker-343| 2026-06-22 04:49:39,074,74 multiprocessing INFO child process calling self.run()
SpawnPoolWorker-350| 2026-06-22 04:49:39,077,77 multiprocessing INFO child process calling self.run()
SpawnPoolWorker-345| 2026-06-22 04:49:39,077,77 multiprocessing INFO STARTING NEW RUN ==========
SpawnPoolWorker-345| 2026-06-22 04:49:39,077,77 multiprocessing INFO SEE LOG AT : ./logs/all_Lyapunov_test_dso-fn_d_all_l_01_log.txt
SpawnPoolWorker-345| 2026-06-22 04:49:39,077,77 multiprocessing INFO See log at : ./logs/all_Lyapunov_test_dso-fn_d_all_l_01_log.txt
SpawnPoolWorker-345| 2026-06-22 04:49:39,079,79 multiprocessing INFO child process calling self.run()
SpawnPoolWorker-346| 2026-06-22 04:49:39,081,81 multiprocessing INFO STARTING NEW RUN ==========
SpawnPoolWorker-346| 2026-06-22 04:49:39,081,81 multiprocessing INFO SEE LOG AT : ./logs/all_Lyapunov_test_dso-fn_d_all_l_01_log.txt
SpawnPoolWorker-346| 2026-06-22 04:49:39,081,81 multiprocessing INFO See log at : ./logs/all_Lyapunov_test_dso-fn_d_all_l_01_log.txt
SpawnPoolWorker-346| 2026-06-22 04:49:39,082,82 multiprocessing INFO child process calling self.run()
SpawnPoolWorker-341| 2026-06-22 04:49:39,085,85 multiprocessing INFO STARTING NEW RUN ==========
SpawnPoolWorker-341| 2026-06-22 04:49:39,086,86 multiprocessing INFO SEE LOG AT : ./logs/all_Lyapunov_test_dso-fn_d_all_l_01_log.txt
SpawnPoolWorker-341| 2026-06-22 04:49:39,086,86 multiprocessing INFO See log at : ./logs/all_Lyapunov_test_dso-fn_d_all_l_01_log.txt
SpawnPoolWorker-349| 2026-06-22 04:49:39,087,87 multiprocessing INFO STARTING NEW RUN ==========
SpawnPoolWorker-349| 2026-06-22 04:49:39,088,88 multiprocessing INFO SEE LOG AT : ./logs/all_Lyapunov_test_dso-fn_d_all_l_01_log.txt
SpawnPoolWorker-349| 2026-06-22 04:49:39,088,88 multiprocessing INFO See log at : ./logs/all_Lyapunov_test_dso-fn_d_all_l_01_log.txt
SpawnPoolWorker-341| 2026-06-22 04:49:39,090,90 multiprocessing INFO child process calling self.run()
SpawnPoolWorker-349| 2026-06-22 04:49:39,095,95 multiprocessing INFO child process calling self.run()
SpawnPoolWorker-342| 2026-06-22 04:49:57,203,203 multiprocessing INFO process shutting down
SpawnPoolWorker-342| 2026-06-22 04:49:57,203,203 multiprocessing INFO process exiting with exitcode 0
SpawnPoolWorker-350| 2026-06-22 04:49:57,203,203 multiprocessing INFO process shutting down
SpawnPoolWorker-343| 2026-06-22 04:49:57,203,203 multiprocessing INFO process shutting down
SpawnPoolWorker-350| 2026-06-22 04:49:57,204,204 multiprocessing INFO process exiting with exitcode 0
SpawnPoolWorker-347| 2026-06-22 04:49:57,203,203 multiprocessing INFO process shutting down
SpawnPoolWorker-344| 2026-06-22 04:49:57,203,203 multiprocessing INFO process shutting down
SpawnPoolWorker-341| 2026-06-22 04:49:57,204,204 multiprocessing INFO process shutting down
SpawnPoolWorker-349| 2026-06-22 04:49:57,204,204 multiprocessing INFO process shutting down
(20000,)

===================Collect 20000 Examples===================

Epsilon 0.1
500
(550,)
(550,)
(550,)
Number of Programs for Minimization: 28
SpawnPoolWorker-359| 2026-06-22 04:50:15,953,953 multiprocessing INFO STARTING NEW RUN ==========
SpawnPoolWorker-359| 2026-06-22 04:50:15,953,953 multiprocessing INFO SEE LOG AT : ./logs/all_Lyapunov_test_dso-fn_d_all_l_01_log.txt
SpawnPoolWorker-359| 2026-06-22 04:50:15,953,953 multiprocessing INFO See log at : ./logs/all_Lyapunov_test_dso-fn_d_all_l_01_log.txt
SpawnPoolWorker-359| 2026-06-22 04:50:15,972,972 multiprocessing INFO child process calling self.run()
SpawnPoolWorker-358| 2026-06-22 04:50:16,147,147 multiprocessing INFO STARTING NEW RUN ==========
SpawnPoolWorker-358| 2026-06-22 04:50:16,147,147 multiprocessing INFO SEE LOG AT : ./logs/all_Lyapunov_test_dso-fn_d_all_l_01_log.txt
SpawnPoolWorker-358| 2026-06-22 04:50:16,147,147 multiprocessing INFO See log at : ./logs/all_Lyapunov_test_dso-fn_d_all_l_01_log.txt
SpawnPoolWorker-358| 2026-06-22 04:50:16,151,151 multiprocessing INFO child process calling self.run()
SpawnPoolWorker-361| 2026-06-22 04:50:16,488,488 multiprocessing INFO STARTING NEW RUN ==========
SpawnPoolWorker-361| 2026-06-22 04:50:16,488,488 multiprocessing INFO SEE LOG AT : ./logs/all_Lyapunov_test_dso-fn_d_all_l_01_log.txt
SpawnPoolWorker-361| 2026-06-22 04:50:16,488,488 multiprocessing INFO See log at : ./logs/all_Lyapunov_test_dso-fn_d_all_l_01_log.txt
SpawnPoolWorker-361| 2026-06-22 04:50:16,490,490 multiprocessing INFO child process calling self.run()
SpawnPoolWorker-355| 2026-06-22 04:50:16,567,567 multiprocessing INFO STARTING NEW RUN ==========
SpawnPoolWorker-355| 2026-06-22 04:50:16,567,567 multiprocessing INFO SEE LOG AT : ./logs/all_Lyapunov_test_dso-fn_d_all_l_01_log.txt
SpawnPoolWorker-355| 2026-06-22 04:50:16,567,567 multiprocessing INFO See log at : ./logs/all_Lyapunov_test_dso-fn_d_all_l_01_log.txt
SpawnPoolWorker-355| 2026-06-22 04:50:16,575,575 multiprocessing INFO child process calling self.run()
SpawnPoolWorker-353| 2026-06-22 04:50:16,774,774 multiprocessing INFO STARTING NEW RUN ==========
SpawnPoolWorker-353| 2026-06-22 04:50:16,775,775 multiprocessing INFO SEE LOG AT : ./logs/all_Lyapunov_test_dso-fn_d_all_l_01_log.txt
SpawnPoolWorker-353| 2026-06-22 04:50:16,775,775 multiprocessing INFO See log at : ./logs/all_Lyapunov_test_dso-fn_d_all_l_01_log.txt
SpawnPoolWorker-353| 2026-06-22 04:50:16,779,779 multiprocessing INFO child process calling self.run()
SpawnPoolWorker-351| 2026-06-22 04:50:16,934,934 multiprocessing INFO STARTING NEW RUN ==========
SpawnPoolWorker-351| 2026-06-22 04:50:16,934,934 multiprocessing INFO SEE LOG AT : ./logs/all_Lyapunov_test_dso-fn_d_all_l_01_log.txt
SpawnPoolWorker-351| 2026-06-22 04:50:16,934,934 multiprocessing INFO See log at : ./logs/all_Lyapunov_test_dso-fn_d_all_l_01_log.txt
SpawnPoolWorker-351| 2026-06-22 04:50:16,947,947 multiprocessing INFO child process calling self.run()
SpawnPoolWorker-352| 2026-06-22 04:50:17,448,448 multiprocessing INFO STARTING NEW RUN ==========
SpawnPoolWorker-352| 2026-06-22 04:50:17,448,448 multiprocessing INFO SEE LOG AT : ./logs/all_Lyapunov_test_dso-fn_d_all_l_01_log.txt
SpawnPoolWorker-352| 2026-06-22 04:50:17,448,448 multiprocessing INFO See log at : ./logs/all_Lyapunov_test_dso-fn_d_all_l_01_log.txt
SpawnPoolWorker-352| 2026-06-22 04:50:17,450,450 multiprocessing INFO child process calling self.run()
SpawnPoolWorker-357| 2026-06-22 04:50:17,490,490 multiprocessing INFO STARTING NEW RUN ==========
SpawnPoolWorker-357| 2026-06-22 04:50:17,490,490 multiprocessing INFO SEE LOG AT : ./logs/all_Lyapunov_test_dso-fn_d_all_l_01_log.txt
SpawnPoolWorker-357| 2026-06-22 04:50:17,490,490 multiprocessing INFO See log at : ./logs/all_Lyapunov_test_dso-fn_d_all_l_01_log.txt
SpawnPoolWorker-357| 2026-06-22 04:50:17,492,492 multiprocessing INFO child process calling self.run()
SpawnPoolWorker-363| 2026-06-22 04:50:17,610,610 multiprocessing INFO STARTING NEW RUN ==========
SpawnPoolWorker-363| 2026-06-22 04:50:17,610,610 multiprocessing INFO SEE LOG AT : ./logs/all_Lyapunov_test_dso-fn_d_all_l_01_log.txt
SpawnPoolWorker-363| 2026-06-22 04:50:17,610,610 multiprocessing INFO See log at : ./logs/all_Lyapunov_test_dso-fn_d_all_l_01_log.txt
SpawnPoolWorker-363| 2026-06-22 04:50:17,612,612 multiprocessing INFO child process calling self.run()
SpawnPoolWorker-362| 2026-06-22 04:50:17,768,768 multiprocessing INFO STARTING NEW RUN ==========
SpawnPoolWorker-362| 2026-06-22 04:50:17,768,768 multiprocessing INFO SEE LOG AT : ./logs/all_Lyapunov_test_dso-fn_d_all_l_01_log.txt
SpawnPoolWorker-362| 2026-06-22 04:50:17,768,768 multiprocessing INFO See log at : ./logs/all_Lyapunov_test_dso-fn_d_all_l_01_log.txt
SpawnPoolWorker-362| 2026-06-22 04:50:17,771,771 multiprocessing INFO child process calling self.run()
SpawnPoolWorker-371| 2026-06-22 04:50:17,811,811 multiprocessing INFO STARTING NEW RUN ==========
SpawnPoolWorker-371| 2026-06-22 04:50:17,811,811 multiprocessing INFO SEE LOG AT : ./logs/all_Lyapunov_test_dso-fn_d_all_l_01_log.txt
SpawnPoolWorker-371| 2026-06-22 04:50:17,811,811 multiprocessing INFO See log at : ./logs/all_Lyapunov_test_dso-fn_d_all_l_01_log.txt
SpawnPoolWorker-371| 2026-06-22 04:50:17,818,818 multiprocessing INFO child process calling self.run()
SpawnPoolWorker-370| 2026-06-22 04:50:17,944,944 multiprocessing INFO STARTING NEW RUN ==========
SpawnPoolWorker-370| 2026-06-22 04:50:17,944,944 multiprocessing INFO SEE LOG AT : ./logs/all_Lyapunov_test_dso-fn_d_all_l_01_log.txt
SpawnPoolWorker-370| 2026-06-22 04:50:17,944,944 multiprocessing INFO See log at : ./logs/all_Lyapunov_test_dso-fn_d_all_l_01_log.txt
SpawnPoolWorker-370| 2026-06-22 04:50:17,971,971 multiprocessing INFO child process calling self.run()
SpawnPoolWorker-356| 2026-06-22 04:50:18,428,428 multiprocessing INFO STARTING NEW RUN ==========
SpawnPoolWorker-356| 2026-06-22 04:50:18,428,428 multiprocessing INFO SEE LOG AT : ./logs/all_Lyapunov_test_dso-fn_d_all_l_01_log.txt
SpawnPoolWorker-356| 2026-06-22 04:50:18,428,428 multiprocessing INFO See log at : ./logs/all_Lyapunov_test_dso-fn_d_all_l_01_log.txt
SpawnPoolWorker-356| 2026-06-22 04:50:18,440,440 multiprocessing INFO child process calling self.run()
SpawnPoolWorker-374| 2026-06-22 04:50:18,550,550 multiprocessing INFO STARTING NEW RUN ==========
SpawnPoolWorker-374| 2026-06-22 04:50:18,550,550 multiprocessing INFO SEE LOG AT : ./logs/all_Lyapunov_test_dso-fn_d_all_l_01_log.txt
SpawnPoolWorker-374| 2026-06-22 04:50:18,550,550 multiprocessing INFO See log at : ./logs/all_Lyapunov_test_dso-fn_d_all_l_01_log.txt
SpawnPoolWorker-374| 2026-06-22 04:50:18,552,552 multiprocessing INFO child process calling self.run()
SpawnPoolWorker-367| 2026-06-22 04:50:18,923,923 multiprocessing INFO STARTING NEW RUN ==========
SpawnPoolWorker-367| 2026-06-22 04:50:18,923,923 multiprocessing INFO SEE LOG AT : ./logs/all_Lyapunov_test_dso-fn_d_all_l_01_log.txt
SpawnPoolWorker-367| 2026-06-22 04:50:18,923,923 multiprocessing INFO See log at : ./logs/all_Lyapunov_test_dso-fn_d_all_l_01_log.txt
SpawnPoolWorker-367| 2026-06-22 04:50:18,930,930 multiprocessing INFO child process calling self.run()
SpawnPoolWorker-364| 2026-06-22 04:50:19,129,129 multiprocessing INFO STARTING NEW RUN ==========
SpawnPoolWorker-364| 2026-06-22 04:50:19,129,129 multiprocessing INFO SEE LOG AT : ./logs/all_Lyapunov_test_dso-fn_d_all_l_01_log.txt
SpawnPoolWorker-364| 2026-06-22 04:50:19,129,129 multiprocessing INFO See log at : ./logs/all_Lyapunov_test_dso-fn_d_all_l_01_log.txt
SpawnPoolWorker-364| 2026-06-22 04:50:19,140,140 multiprocessing INFO child process calling self.run()
SpawnPoolWorker-366| 2026-06-22 04:50:19,157,157 multiprocessing INFO STARTING NEW RUN ==========
SpawnPoolWorker-366| 2026-06-22 04:50:19,157,157 multiprocessing INFO SEE LOG AT : ./logs/all_Lyapunov_test_dso-fn_d_all_l_01_log.txt
SpawnPoolWorker-366| 2026-06-22 04:50:19,157,157 multiprocessing INFO See log at : ./logs/all_Lyapunov_test_dso-fn_d_all_l_01_log.txt
SpawnPoolWorker-366| 2026-06-22 04:50:19,165,165 multiprocessing INFO child process calling self.run()
SpawnPoolWorker-369| 2026-06-22 04:50:19,390,390 multiprocessing INFO STARTING NEW RUN ==========
SpawnPoolWorker-369| 2026-06-22 04:50:19,390,390 multiprocessing INFO SEE LOG AT : ./logs/all_Lyapunov_test_dso-fn_d_all_l_01_log.txt
SpawnPoolWorker-369| 2026-06-22 04:50:19,390,390 multiprocessing INFO See log at : ./logs/all_Lyapunov_test_dso-fn_d_all_l_01_log.txt
SpawnPoolWorker-369| 2026-06-22 04:50:19,393,393 multiprocessing INFO child process calling self.run()
SpawnPoolWorker-372| 2026-06-22 04:50:19,396,396 multiprocessing INFO STARTING NEW RUN ==========
SpawnPoolWorker-372| 2026-06-22 04:50:19,396,396 multiprocessing INFO SEE LOG AT : ./logs/all_Lyapunov_test_dso-fn_d_all_l_01_log.txt
SpawnPoolWorker-372| 2026-06-22 04:50:19,396,396 multiprocessing INFO See log at : ./logs/all_Lyapunov_test_dso-fn_d_all_l_01_log.txt
SpawnPoolWorker-372| 2026-06-22 04:50:19,400,400 multiprocessing INFO child process calling self.run()
SpawnPoolWorker-354| 2026-06-22 04:50:19,539,539 multiprocessing INFO STARTING NEW RUN ==========
SpawnPoolWorker-354| 2026-06-22 04:50:19,539,539 multiprocessing INFO SEE LOG AT : ./logs/all_Lyapunov_test_dso-fn_d_all_l_01_log.txt
SpawnPoolWorker-354| 2026-06-22 04:50:19,540,540 multiprocessing INFO See log at : ./logs/all_Lyapunov_test_dso-fn_d_all_l_01_log.txt
SpawnPoolWorker-354| 2026-06-22 04:50:19,547,547 multiprocessing INFO child process calling self.run()
SpawnPoolWorker-368| 2026-06-22 04:50:19,788,788 multiprocessing INFO STARTING NEW RUN ==========
SpawnPoolWorker-368| 2026-06-22 04:50:19,788,788 multiprocessing INFO SEE LOG AT : ./logs/all_Lyapunov_test_dso-fn_d_all_l_01_log.txt
SpawnPoolWorker-368| 2026-06-22 04:50:19,788,788 multiprocessing INFO See log at : ./logs/all_Lyapunov_test_dso-fn_d_all_l_01_log.txt
SpawnPoolWorker-368| 2026-06-22 04:50:19,799,799 multiprocessing INFO child process calling self.run()
SpawnPoolWorker-365| 2026-06-22 04:50:19,933,933 multiprocessing INFO STARTING NEW RUN ==========
SpawnPoolWorker-365| 2026-06-22 04:50:19,933,933 multiprocessing INFO SEE LOG AT : ./logs/all_Lyapunov_test_dso-fn_d_all_l_01_log.txt
SpawnPoolWorker-365| 2026-06-22 04:50:19,933,933 multiprocessing INFO See log at : ./logs/all_Lyapunov_test_dso-fn_d_all_l_01_log.txt
SpawnPoolWorker-365| 2026-06-22 04:50:19,939,939 multiprocessing INFO child process calling self.run()
SpawnPoolWorker-360| 2026-06-22 04:50:20,020,20 multiprocessing INFO STARTING NEW RUN ==========
SpawnPoolWorker-360| 2026-06-22 04:50:20,020,20 multiprocessing INFO SEE LOG AT : ./logs/all_Lyapunov_test_dso-fn_d_all_l_01_log.txt
SpawnPoolWorker-360| 2026-06-22 04:50:20,020,20 multiprocessing INFO See log at : ./logs/all_Lyapunov_test_dso-fn_d_all_l_01_log.txt
SpawnPoolWorker-360| 2026-06-22 04:50:20,026,26 multiprocessing INFO child process calling self.run()
SpawnPoolWorker-373| 2026-06-22 04:50:20,344,344 multiprocessing INFO STARTING NEW RUN ==========
SpawnPoolWorker-373| 2026-06-22 04:50:20,344,344 multiprocessing INFO SEE LOG AT : ./logs/all_Lyapunov_test_dso-fn_d_all_l_01_log.txt
SpawnPoolWorker-373| 2026-06-22 04:50:20,344,344 multiprocessing INFO See log at : ./logs/all_Lyapunov_test_dso-fn_d_all_l_01_log.txt
SpawnPoolWorker-373| 2026-06-22 04:50:20,351,351 multiprocessing INFO child process calling self.run()
SpawnPoolWorker-371| 2026-06-22 04:57:22,258,258 multiprocessing INFO process shutting down
SpawnPoolWorker-352| 2026-06-22 04:57:22,259,259 multiprocessing INFO process shutting down
SpawnPoolWorker-374| 2026-06-22 04:57:22,259,259 multiprocessing INFO process shutting down
SpawnPoolWorker-362| 2026-06-22 04:57:22,258,258 multiprocessing INFO process shutting down
SpawnPoolWorker-353| 2026-06-22 04:57:22,258,258 multiprocessing INFO process shutting down
SpawnPoolWorker-357| 2026-06-22 04:57:22,259,259 multiprocessing INFO process shutting down
SpawnPoolWorker-374| 2026-06-22 04:57:22,260,260 multiprocessing INFO process exiting with exitcode 0
SpawnPoolWorker-353| 2026-06-22 04:57:22,260,260 multiprocessing INFO process exiting with exitcode 0
SpawnPoolWorker-357| 2026-06-22 04:57:22,260,260 multiprocessing INFO process exiting with exitcode 0
SpawnPoolWorker-371| 2026-06-22 04:57:22,260,260 multiprocessing INFO process exiting with exitcode 0
SpawnPoolWorker-355| 2026-06-22 04:57:22,258,258 multiprocessing INFO process shutting down
SpawnPoolWorker-361| 2026-06-22 04:57:22,260,260 multiprocessing INFO process shutting down
SpawnPoolWorker-351| 2026-06-22 04:57:22,260,260 multiprocessing INFO process shutting down
SpawnPoolWorker-354| 2026-06-22 04:57:22,261,261 multiprocessing INFO process shutting down
SpawnPoolWorker-366| 2026-06-22 04:57:22,261,261 multiprocessing INFO process shutting down
SpawnPoolWorker-365| 2026-06-22 04:57:22,261,261 multiprocessing INFO process shutting down
SpawnPoolWorker-364| 2026-06-22 04:57:22,262,262 multiprocessing INFO process shutting down
SpawnPoolWorker-368| 2026-06-22 04:57:22,263,263 multiprocessing INFO process shutting down
SpawnPoolWorker-362| 2026-06-22 04:57:22,264,264 multiprocessing INFO process exiting with exitcode 0
SpawnPoolWorker-373| 2026-06-22 04:57:22,264,264 multiprocessing INFO process shutting down
SpawnPoolWorker-356| 2026-06-22 04:57:22,265,265 multiprocessing INFO process shutting down
SpawnPoolWorker-363| 2026-06-22 04:57:22,265,265 multiprocessing INFO process shutting down
SpawnPoolWorker-372| 2026-06-22 04:57:22,267,267 multiprocessing INFO process shutting down
SpawnPoolWorker-359| 2026-06-22 04:57:22,268,268 multiprocessing INFO process shutting down
SpawnPoolWorker-352| 2026-06-22 04:57:22,272,272 multiprocessing INFO process exiting with exitcode 0
SpawnPoolWorker-355| 2026-06-22 04:57:22,279,279 multiprocessing INFO process exiting with exitcode 0
SpawnPoolWorker-361| 2026-06-22 04:57:22,289,289 multiprocessing INFO process exiting with exitcode 0
SpawnPoolWorker-351| 2026-06-22 04:57:22,289,289 multiprocessing INFO process exiting with exitcode 0
SpawnPoolWorker-354| 2026-06-22 04:57:22,289,289 multiprocessing INFO process exiting with exitcode 0
SpawnPoolWorker-366| 2026-06-22 04:57:22,289,289 multiprocessing INFO process exiting with exitcode 0
SpawnPoolWorker-365| 2026-06-22 04:57:22,289,289 multiprocessing INFO process exiting with exitcode 0
SpawnPoolWorker-364| 2026-06-22 04:57:22,301,301 multiprocessing INFO process exiting with exitcode 0
SpawnPoolWorker-368| 2026-06-22 04:57:22,309,309 multiprocessing INFO process exiting with exitcode 0
SpawnPoolWorker-373| 2026-06-22 04:57:22,309,309 multiprocessing INFO process exiting with exitcode 0
SpawnPoolWorker-356| 2026-06-22 04:57:22,321,321 multiprocessing INFO process exiting with exitcode 0
SpawnPoolWorker-370| 2026-06-22 04:57:22,329,329 multiprocessing INFO process shutting down
SpawnPoolWorker-370| 2026-06-22 04:57:22,331,331 multiprocessing INFO process exiting with exitcode 0
SpawnPoolWorker-367| 2026-06-22 04:57:22,332,332 multiprocessing INFO process shutting down
SpawnPoolWorker-367| 2026-06-22 04:57:22,337,337 multiprocessing INFO process exiting with exitcode 0
SpawnPoolWorker-360| 2026-06-22 04:57:22,339,339 multiprocessing INFO process shutting down
SpawnPoolWorker-369| 2026-06-22 04:57:22,339,339 multiprocessing INFO process shutting down
28
(100000, 9)
(100000,)
(100000, 9)
(100000,)

=======================Successfully Added (50000, 9) Counter Examples=======================


============None of the candidates fulfill the conditions. Training CONTINUES!=================

MainProcess| 2026-06-22 04:57:30,159,159 multiprocessing INFO 
============None of the candidates fulfill the conditions. Training CONTINUES!=================


============None of the candidates fulfill the conditions. Training CONTINUES!=================

(550, 171)
/users/9/chen8596/miniconda3/envs/alfd/lib/python3.9/site-packages/torch/nn/functional.py:4999: UserWarning: Support for mismatched key_padding_mask and attn_mask is deprecated. Use same type for both instead.
  warnings.warn(

==============Start Supervised Learning==============

MainProcess| 2026-06-22 04:57:42,918,918 multiprocessing INFO GP output mean: 0.8933353085618603
GP output mean: 0.8933353085618603
MainProcess| 2026-06-22 04:57:43,566,566 multiprocessing INFO GP output success rate: 0.0
GP output success rate: 0.0

==============End Supervised Learning==============

MainProcess| 2026-06-22 04:57:46,716,716 multiprocessing INFO [Test epoch=0011]  nevals=151671 	| train_loss=13420.06543 	| eqs_invalid %=0.00 	| r_best=0.99729 	| quantile=0.00000 	| r_quantile_mean=0.07931 	| r_raw_sum=43.62269 	|  r_raw_mean=0.80783 	| r2=nan 	| acc_iid=0.00000 	| acc_ood=0.00000 	| nmse_test=3.829226402053804e-08 	| true_equation_set_count=0 	| s/it=599.06444
[Test epoch=0011]  nevals=151671 	| train_loss=13420.06543 	| eqs_invalid %=0.00 	| r_best=0.99729 	| quantile=0.00000 	| r_quantile_mean=0.07931 	| r_raw_sum=43.62269 	|  r_raw_mean=0.80783 	| r2=nan 	| acc_iid=0.00000 	| acc_ood=0.00000 	| nmse_test=3.829226402053804e-08 	| true_equation_set_count=0 	| s/it=599.06444
MainProcess| 2026-06-22 05:02:46,983,983 multiprocessing INFO Genetic Porgramming Runtime 298.65134113118984
Genetic Porgramming Runtime 298.65134113118984

=========================PGD Collection Starts=========================

SpawnPoolWorker-375| 2026-06-22 05:02:54,445,445 multiprocessing INFO STARTING NEW RUN ==========
SpawnPoolWorker-375| 2026-06-22 05:02:54,445,445 multiprocessing INFO SEE LOG AT : ./logs/all_Lyapunov_test_dso-fn_d_all_l_01_log.txt
SpawnPoolWorker-375| 2026-06-22 05:02:54,445,445 multiprocessing INFO See log at : ./logs/all_Lyapunov_test_dso-fn_d_all_l_01_log.txt
SpawnPoolWorker-384| 2026-06-22 05:02:54,445,445 multiprocessing INFO STARTING NEW RUN ==========
SpawnPoolWorker-384| 2026-06-22 05:02:54,445,445 multiprocessing INFO SEE LOG AT : ./logs/all_Lyapunov_test_dso-fn_d_all_l_01_log.txt
SpawnPoolWorker-384| 2026-06-22 05:02:54,445,445 multiprocessing INFO See log at : ./logs/all_Lyapunov_test_dso-fn_d_all_l_01_log.txt
SpawnPoolWorker-375| 2026-06-22 05:02:54,447,447 multiprocessing INFO child process calling self.run()
SpawnPoolWorker-384| 2026-06-22 05:02:54,447,447 multiprocessing INFO child process calling self.run()
SpawnPoolWorker-383| 2026-06-22 05:02:54,451,451 multiprocessing INFO STARTING NEW RUN ==========
SpawnPoolWorker-383| 2026-06-22 05:02:54,452,452 multiprocessing INFO SEE LOG AT : ./logs/all_Lyapunov_test_dso-fn_d_all_l_01_log.txt
SpawnPoolWorker-383| 2026-06-22 05:02:54,452,452 multiprocessing INFO See log at : ./logs/all_Lyapunov_test_dso-fn_d_all_l_01_log.txt
SpawnPoolWorker-383| 2026-06-22 05:02:54,453,453 multiprocessing INFO child process calling self.run()
SpawnPoolWorker-378| 2026-06-22 05:02:54,456,456 multiprocessing INFO STARTING NEW RUN ==========
SpawnPoolWorker-378| 2026-06-22 05:02:54,456,456 multiprocessing INFO SEE LOG AT : ./logs/all_Lyapunov_test_dso-fn_d_all_l_01_log.txt
SpawnPoolWorker-378| 2026-06-22 05:02:54,456,456 multiprocessing INFO See log at : ./logs/all_Lyapunov_test_dso-fn_d_all_l_01_log.txt
SpawnPoolWorker-378| 2026-06-22 05:02:54,458,458 multiprocessing INFO child process calling self.run()
SpawnPoolWorker-379| 2026-06-22 05:02:54,462,462 multiprocessing INFO STARTING NEW RUN ==========
SpawnPoolWorker-379| 2026-06-22 05:02:54,462,462 multiprocessing INFO SEE LOG AT : ./logs/all_Lyapunov_test_dso-fn_d_all_l_01_log.txt
SpawnPoolWorker-379| 2026-06-22 05:02:54,462,462 multiprocessing INFO See log at : ./logs/all_Lyapunov_test_dso-fn_d_all_l_01_log.txt
SpawnPoolWorker-379| 2026-06-22 05:02:54,464,464 multiprocessing INFO child process calling self.run()
SpawnPoolWorker-382| 2026-06-22 05:02:54,469,469 multiprocessing INFO STARTING NEW RUN ==========
SpawnPoolWorker-382| 2026-06-22 05:02:54,469,469 multiprocessing INFO SEE LOG AT : ./logs/all_Lyapunov_test_dso-fn_d_all_l_01_log.txt
SpawnPoolWorker-382| 2026-06-22 05:02:54,469,469 multiprocessing INFO See log at : ./logs/all_Lyapunov_test_dso-fn_d_all_l_01_log.txt
SpawnPoolWorker-382| 2026-06-22 05:02:54,470,470 multiprocessing INFO child process calling self.run()
SpawnPoolWorker-377| 2026-06-22 05:02:54,500,500 multiprocessing INFO STARTING NEW RUN ==========
SpawnPoolWorker-377| 2026-06-22 05:02:54,500,500 multiprocessing INFO SEE LOG AT : ./logs/all_Lyapunov_test_dso-fn_d_all_l_01_log.txt
SpawnPoolWorker-377| 2026-06-22 05:02:54,500,500 multiprocessing INFO See log at : ./logs/all_Lyapunov_test_dso-fn_d_all_l_01_log.txt
SpawnPoolWorker-377| 2026-06-22 05:02:54,505,505 multiprocessing INFO child process calling self.run()
SpawnPoolWorker-381| 2026-06-22 05:02:54,545,545 multiprocessing INFO STARTING NEW RUN ==========
SpawnPoolWorker-381| 2026-06-22 05:02:54,545,545 multiprocessing INFO SEE LOG AT : ./logs/all_Lyapunov_test_dso-fn_d_all_l_01_log.txt
SpawnPoolWorker-381| 2026-06-22 05:02:54,545,545 multiprocessing INFO See log at : ./logs/all_Lyapunov_test_dso-fn_d_all_l_01_log.txt
SpawnPoolWorker-381| 2026-06-22 05:02:54,557,557 multiprocessing INFO child process calling self.run()
SpawnPoolWorker-376| 2026-06-22 05:02:54,560,560 multiprocessing INFO STARTING NEW RUN ==========
SpawnPoolWorker-376| 2026-06-22 05:02:54,560,560 multiprocessing INFO SEE LOG AT : ./logs/all_Lyapunov_test_dso-fn_d_all_l_01_log.txt
SpawnPoolWorker-376| 2026-06-22 05:02:54,561,561 multiprocessing INFO See log at : ./logs/all_Lyapunov_test_dso-fn_d_all_l_01_log.txt
SpawnPoolWorker-376| 2026-06-22 05:02:54,562,562 multiprocessing INFO child process calling self.run()
SpawnPoolWorker-380| 2026-06-22 05:02:54,599,599 multiprocessing INFO STARTING NEW RUN ==========
SpawnPoolWorker-380| 2026-06-22 05:02:54,599,599 multiprocessing INFO SEE LOG AT : ./logs/all_Lyapunov_test_dso-fn_d_all_l_01_log.txt
SpawnPoolWorker-380| 2026-06-22 05:02:54,599,599 multiprocessing INFO See log at : ./logs/all_Lyapunov_test_dso-fn_d_all_l_01_log.txt
SpawnPoolWorker-380| 2026-06-22 05:02:54,602,602 multiprocessing INFO child process calling self.run()
SpawnPoolWorker-376| 2026-06-22 05:03:13,454,454 multiprocessing INFO process shutting down
SpawnPoolWorker-384| 2026-06-22 05:03:13,454,454 multiprocessing INFO process shutting down
SpawnPoolWorker-379| 2026-06-22 05:03:13,455,455 multiprocessing INFO process shutting down
SpawnPoolWorker-376| 2026-06-22 05:03:13,455,455 multiprocessing INFO process exiting with exitcode 0
SpawnPoolWorker-378| 2026-06-22 05:03:13,455,455 multiprocessing INFO process shutting down
SpawnPoolWorker-384| 2026-06-22 05:03:13,455,455 multiprocessing INFO process exiting with exitcode 0
SpawnPoolWorker-377| 2026-06-22 05:03:13,455,455 multiprocessing INFO process shutting down
SpawnPoolWorker-378| 2026-06-22 05:03:13,455,455 multiprocessing INFO process exiting with exitcode 0
SpawnPoolWorker-379| 2026-06-22 05:03:13,455,455 multiprocessing INFO process exiting with exitcode 0
SpawnPoolWorker-377| 2026-06-22 05:03:13,455,455 multiprocessing INFO process exiting with exitcode 0
SpawnPoolWorker-381| 2026-06-22 05:03:13,455,455 multiprocessing INFO process shutting down
SpawnPoolWorker-383| 2026-06-22 05:03:13,455,455 multiprocessing INFO process shutting down
(20000,)

===================Collect 20000 Examples===================

Epsilon 0.1
500
(550,)
(550,)
(550,)
Number of Programs for Minimization: 28
SpawnPoolWorker-403| 2026-06-22 05:03:34,812,812 multiprocessing INFO STARTING NEW RUN ==========
SpawnPoolWorker-403| 2026-06-22 05:03:34,813,813 multiprocessing INFO SEE LOG AT : ./logs/all_Lyapunov_test_dso-fn_d_all_l_01_log.txt
SpawnPoolWorker-403| 2026-06-22 05:03:34,813,813 multiprocessing INFO See log at : ./logs/all_Lyapunov_test_dso-fn_d_all_l_01_log.txt
SpawnPoolWorker-403| 2026-06-22 05:03:34,814,814 multiprocessing INFO child process calling self.run()
SpawnPoolWorker-399| 2026-06-22 05:03:34,873,873 multiprocessing INFO STARTING NEW RUN ==========
SpawnPoolWorker-399| 2026-06-22 05:03:34,873,873 multiprocessing INFO SEE LOG AT : ./logs/all_Lyapunov_test_dso-fn_d_all_l_01_log.txt
SpawnPoolWorker-399| 2026-06-22 05:03:34,873,873 multiprocessing INFO See log at : ./logs/all_Lyapunov_test_dso-fn_d_all_l_01_log.txt
SpawnPoolWorker-399| 2026-06-22 05:03:34,875,875 multiprocessing INFO child process calling self.run()
SpawnPoolWorker-391| 2026-06-22 05:03:35,058,58 multiprocessing INFO STARTING NEW RUN ==========
SpawnPoolWorker-391| 2026-06-22 05:03:35,058,58 multiprocessing INFO SEE LOG AT : ./logs/all_Lyapunov_test_dso-fn_d_all_l_01_log.txt
SpawnPoolWorker-391| 2026-06-22 05:03:35,058,58 multiprocessing INFO See log at : ./logs/all_Lyapunov_test_dso-fn_d_all_l_01_log.txt
SpawnPoolWorker-391| 2026-06-22 05:03:35,074,74 multiprocessing INFO child process calling self.run()
SpawnPoolWorker-394| 2026-06-22 05:03:35,427,427 multiprocessing INFO STARTING NEW RUN ==========
SpawnPoolWorker-394| 2026-06-22 05:03:35,427,427 multiprocessing INFO SEE LOG AT : ./logs/all_Lyapunov_test_dso-fn_d_all_l_01_log.txt
SpawnPoolWorker-394| 2026-06-22 05:03:35,427,427 multiprocessing INFO See log at : ./logs/all_Lyapunov_test_dso-fn_d_all_l_01_log.txt
SpawnPoolWorker-394| 2026-06-22 05:03:35,429,429 multiprocessing INFO child process calling self.run()
SpawnPoolWorker-393| 2026-06-22 05:03:35,588,588 multiprocessing INFO STARTING NEW RUN ==========
SpawnPoolWorker-393| 2026-06-22 05:03:35,588,588 multiprocessing INFO SEE LOG AT : ./logs/all_Lyapunov_test_dso-fn_d_all_l_01_log.txt
SpawnPoolWorker-393| 2026-06-22 05:03:35,588,588 multiprocessing INFO See log at : ./logs/all_Lyapunov_test_dso-fn_d_all_l_01_log.txt
SpawnPoolWorker-393| 2026-06-22 05:03:35,590,590 multiprocessing INFO child process calling self.run()
SpawnPoolWorker-386| 2026-06-22 05:03:35,617,617 multiprocessing INFO STARTING NEW RUN ==========
SpawnPoolWorker-386| 2026-06-22 05:03:35,618,618 multiprocessing INFO SEE LOG AT : ./logs/all_Lyapunov_test_dso-fn_d_all_l_01_log.txt
SpawnPoolWorker-386| 2026-06-22 05:03:35,618,618 multiprocessing INFO See log at : ./logs/all_Lyapunov_test_dso-fn_d_all_l_01_log.txt
SpawnPoolWorker-386| 2026-06-22 05:03:35,620,620 multiprocessing INFO child process calling self.run()
SpawnPoolWorker-388| 2026-06-22 05:03:36,398,398 multiprocessing INFO STARTING NEW RUN ==========
SpawnPoolWorker-388| 2026-06-22 05:03:36,398,398 multiprocessing INFO SEE LOG AT : ./logs/all_Lyapunov_test_dso-fn_d_all_l_01_log.txt
SpawnPoolWorker-388| 2026-06-22 05:03:36,398,398 multiprocessing INFO See log at : ./logs/all_Lyapunov_test_dso-fn_d_all_l_01_log.txt
SpawnPoolWorker-388| 2026-06-22 05:03:36,404,404 multiprocessing INFO child process calling self.run()
SpawnPoolWorker-385| 2026-06-22 05:03:36,924,924 multiprocessing INFO STARTING NEW RUN ==========
SpawnPoolWorker-385| 2026-06-22 05:03:36,924,924 multiprocessing INFO SEE LOG AT : ./logs/all_Lyapunov_test_dso-fn_d_all_l_01_log.txt
SpawnPoolWorker-385| 2026-06-22 05:03:36,924,924 multiprocessing INFO See log at : ./logs/all_Lyapunov_test_dso-fn_d_all_l_01_log.txt
SpawnPoolWorker-385| 2026-06-22 05:03:36,928,928 multiprocessing INFO child process calling self.run()
SpawnPoolWorker-387| 2026-06-22 05:03:37,015,15 multiprocessing INFO STARTING NEW RUN ==========
SpawnPoolWorker-387| 2026-06-22 05:03:37,015,15 multiprocessing INFO SEE LOG AT : ./logs/all_Lyapunov_test_dso-fn_d_all_l_01_log.txt
SpawnPoolWorker-387| 2026-06-22 05:03:37,015,15 multiprocessing INFO See log at : ./logs/all_Lyapunov_test_dso-fn_d_all_l_01_log.txt
SpawnPoolWorker-387| 2026-06-22 05:03:37,018,18 multiprocessing INFO child process calling self.run()
SpawnPoolWorker-389| 2026-06-22 05:03:37,338,338 multiprocessing INFO STARTING NEW RUN ==========
SpawnPoolWorker-389| 2026-06-22 05:03:37,338,338 multiprocessing INFO SEE LOG AT : ./logs/all_Lyapunov_test_dso-fn_d_all_l_01_log.txt
SpawnPoolWorker-389| 2026-06-22 05:03:37,338,338 multiprocessing INFO See log at : ./logs/all_Lyapunov_test_dso-fn_d_all_l_01_log.txt
SpawnPoolWorker-389| 2026-06-22 05:03:37,340,340 multiprocessing INFO child process calling self.run()
SpawnPoolWorker-392| 2026-06-22 05:03:37,471,471 multiprocessing INFO STARTING NEW RUN ==========
SpawnPoolWorker-392| 2026-06-22 05:03:37,471,471 multiprocessing INFO SEE LOG AT : ./logs/all_Lyapunov_test_dso-fn_d_all_l_01_log.txt
SpawnPoolWorker-392| 2026-06-22 05:03:37,471,471 multiprocessing INFO See log at : ./logs/all_Lyapunov_test_dso-fn_d_all_l_01_log.txt
SpawnPoolWorker-392| 2026-06-22 05:03:37,475,475 multiprocessing INFO child process calling self.run()
SpawnPoolWorker-407| 2026-06-22 05:03:38,279,279 multiprocessing INFO STARTING NEW RUN ==========
SpawnPoolWorker-407| 2026-06-22 05:03:38,279,279 multiprocessing INFO SEE LOG AT : ./logs/all_Lyapunov_test_dso-fn_d_all_l_01_log.txt
SpawnPoolWorker-407| 2026-06-22 05:03:38,279,279 multiprocessing INFO See log at : ./logs/all_Lyapunov_test_dso-fn_d_all_l_01_log.txt
SpawnPoolWorker-407| 2026-06-22 05:03:38,281,281 multiprocessing INFO child process calling self.run()
SpawnPoolWorker-396| 2026-06-22 05:03:38,468,468 multiprocessing INFO STARTING NEW RUN ==========
SpawnPoolWorker-396| 2026-06-22 05:03:38,468,468 multiprocessing INFO SEE LOG AT : ./logs/all_Lyapunov_test_dso-fn_d_all_l_01_log.txt
SpawnPoolWorker-396| 2026-06-22 05:03:38,468,468 multiprocessing INFO See log at : ./logs/all_Lyapunov_test_dso-fn_d_all_l_01_log.txt
SpawnPoolWorker-396| 2026-06-22 05:03:38,476,476 multiprocessing INFO child process calling self.run()
SpawnPoolWorker-395| 2026-06-22 05:03:38,481,481 multiprocessing INFO STARTING NEW RUN ==========
SpawnPoolWorker-395| 2026-06-22 05:03:38,481,481 multiprocessing INFO SEE LOG AT : ./logs/all_Lyapunov_test_dso-fn_d_all_l_01_log.txt
SpawnPoolWorker-395| 2026-06-22 05:03:38,481,481 multiprocessing INFO See log at : ./logs/all_Lyapunov_test_dso-fn_d_all_l_01_log.txt
SpawnPoolWorker-395| 2026-06-22 05:03:38,486,486 multiprocessing INFO child process calling self.run()
SpawnPoolWorker-402| 2026-06-22 05:03:38,646,646 multiprocessing INFO STARTING NEW RUN ==========
SpawnPoolWorker-402| 2026-06-22 05:03:38,647,647 multiprocessing INFO SEE LOG AT : ./logs/all_Lyapunov_test_dso-fn_d_all_l_01_log.txt
SpawnPoolWorker-402| 2026-06-22 05:03:38,647,647 multiprocessing INFO See log at : ./logs/all_Lyapunov_test_dso-fn_d_all_l_01_log.txt
SpawnPoolWorker-402| 2026-06-22 05:03:38,649,649 multiprocessing INFO child process calling self.run()
SpawnPoolWorker-397| 2026-06-22 05:03:38,755,755 multiprocessing INFO STARTING NEW RUN ==========
SpawnPoolWorker-397| 2026-06-22 05:03:38,755,755 multiprocessing INFO SEE LOG AT : ./logs/all_Lyapunov_test_dso-fn_d_all_l_01_log.txt
SpawnPoolWorker-397| 2026-06-22 05:03:38,755,755 multiprocessing INFO See log at : ./logs/all_Lyapunov_test_dso-fn_d_all_l_01_log.txt
SpawnPoolWorker-397| 2026-06-22 05:03:38,757,757 multiprocessing INFO child process calling self.run()
SpawnPoolWorker-400| 2026-06-22 05:03:38,797,797 multiprocessing INFO STARTING NEW RUN ==========
SpawnPoolWorker-400| 2026-06-22 05:03:38,797,797 multiprocessing INFO SEE LOG AT : ./logs/all_Lyapunov_test_dso-fn_d_all_l_01_log.txt
SpawnPoolWorker-400| 2026-06-22 05:03:38,797,797 multiprocessing INFO See log at : ./logs/all_Lyapunov_test_dso-fn_d_all_l_01_log.txt
SpawnPoolWorker-400| 2026-06-22 05:03:38,805,805 multiprocessing INFO child process calling self.run()
SpawnPoolWorker-390| 2026-06-22 05:03:38,872,872 multiprocessing INFO STARTING NEW RUN ==========
SpawnPoolWorker-390| 2026-06-22 05:03:38,872,872 multiprocessing INFO SEE LOG AT : ./logs/all_Lyapunov_test_dso-fn_d_all_l_01_log.txt
SpawnPoolWorker-390| 2026-06-22 05:03:38,872,872 multiprocessing INFO See log at : ./logs/all_Lyapunov_test_dso-fn_d_all_l_01_log.txt
SpawnPoolWorker-390| 2026-06-22 05:03:38,874,874 multiprocessing INFO child process calling self.run()
SpawnPoolWorker-404| 2026-06-22 05:03:39,652,652 multiprocessing INFO STARTING NEW RUN ==========
SpawnPoolWorker-404| 2026-06-22 05:03:39,652,652 multiprocessing INFO SEE LOG AT : ./logs/all_Lyapunov_test_dso-fn_d_all_l_01_log.txt
SpawnPoolWorker-404| 2026-06-22 05:03:39,652,652 multiprocessing INFO See log at : ./logs/all_Lyapunov_test_dso-fn_d_all_l_01_log.txt
SpawnPoolWorker-404| 2026-06-22 05:03:39,654,654 multiprocessing INFO child process calling self.run()
SpawnPoolWorker-398| 2026-06-22 05:03:39,730,730 multiprocessing INFO STARTING NEW RUN ==========
SpawnPoolWorker-398| 2026-06-22 05:03:39,730,730 multiprocessing INFO SEE LOG AT : ./logs/all_Lyapunov_test_dso-fn_d_all_l_01_log.txt
SpawnPoolWorker-398| 2026-06-22 05:03:39,730,730 multiprocessing INFO See log at : ./logs/all_Lyapunov_test_dso-fn_d_all_l_01_log.txt
SpawnPoolWorker-398| 2026-06-22 05:03:39,739,739 multiprocessing INFO child process calling self.run()
SpawnPoolWorker-408| 2026-06-22 05:03:39,748,748 multiprocessing INFO STARTING NEW RUN ==========
SpawnPoolWorker-408| 2026-06-22 05:03:39,748,748 multiprocessing INFO SEE LOG AT : ./logs/all_Lyapunov_test_dso-fn_d_all_l_01_log.txt
SpawnPoolWorker-408| 2026-06-22 05:03:39,748,748 multiprocessing INFO See log at : ./logs/all_Lyapunov_test_dso-fn_d_all_l_01_log.txt
SpawnPoolWorker-408| 2026-06-22 05:03:39,751,751 multiprocessing INFO child process calling self.run()
SpawnPoolWorker-405| 2026-06-22 05:03:39,772,772 multiprocessing INFO STARTING NEW RUN ==========
SpawnPoolWorker-405| 2026-06-22 05:03:39,772,772 multiprocessing INFO SEE LOG AT : ./logs/all_Lyapunov_test_dso-fn_d_all_l_01_log.txt
SpawnPoolWorker-405| 2026-06-22 05:03:39,772,772 multiprocessing INFO See log at : ./logs/all_Lyapunov_test_dso-fn_d_all_l_01_log.txt
SpawnPoolWorker-405| 2026-06-22 05:03:39,784,784 multiprocessing INFO child process calling self.run()
SpawnPoolWorker-406| 2026-06-22 05:03:39,996,996 multiprocessing INFO STARTING NEW RUN ==========
SpawnPoolWorker-406| 2026-06-22 05:03:39,996,996 multiprocessing INFO SEE LOG AT : ./logs/all_Lyapunov_test_dso-fn_d_all_l_01_log.txt
SpawnPoolWorker-406| 2026-06-22 05:03:39,996,996 multiprocessing INFO See log at : ./logs/all_Lyapunov_test_dso-fn_d_all_l_01_log.txt
SpawnPoolWorker-406| 2026-06-22 05:03:40,004,4 multiprocessing INFO child process calling self.run()
SpawnPoolWorker-401| 2026-06-22 05:03:40,174,174 multiprocessing INFO STARTING NEW RUN ==========
SpawnPoolWorker-401| 2026-06-22 05:03:40,174,174 multiprocessing INFO SEE LOG AT : ./logs/all_Lyapunov_test_dso-fn_d_all_l_01_log.txt
SpawnPoolWorker-401| 2026-06-22 05:03:40,174,174 multiprocessing INFO See log at : ./logs/all_Lyapunov_test_dso-fn_d_all_l_01_log.txt
SpawnPoolWorker-401| 2026-06-22 05:03:40,188,188 multiprocessing INFO child process calling self.run()
SpawnPoolWorker-386| 2026-06-22 05:11:09,386,386 multiprocessing INFO process shutting down
SpawnPoolWorker-385| 2026-06-22 05:11:09,387,387 multiprocessing INFO process shutting down
SpawnPoolWorker-391| 2026-06-22 05:11:09,386,386 multiprocessing INFO process shutting down
SpawnPoolWorker-399| 2026-06-22 05:11:09,387,387 multiprocessing INFO process shutting down
SpawnPoolWorker-403| 2026-06-22 05:11:09,387,387 multiprocessing INFO process shutting down
SpawnPoolWorker-394| 2026-06-22 05:11:09,387,387 multiprocessing INFO process shutting down
SpawnPoolWorker-402| 2026-06-22 05:11:09,387,387 multiprocessing INFO process shutting down
SpawnPoolWorker-390| 2026-06-22 05:11:09,387,387 multiprocessing INFO process shutting down
SpawnPoolWorker-398| 2026-06-22 05:11:09,387,387 multiprocessing INFO process shutting down
SpawnPoolWorker-393| 2026-06-22 05:11:09,387,387 multiprocessing INFO process shutting down
SpawnPoolWorker-398| 2026-06-22 05:11:09,388,388 multiprocessing INFO process exiting with exitcode 0
SpawnPoolWorker-386| 2026-06-22 05:11:09,388,388 multiprocessing INFO process exiting with exitcode 0
SpawnPoolWorker-399| 2026-06-22 05:11:09,388,388 multiprocessing INFO process exiting with exitcode 0
SpawnPoolWorker-397| 2026-06-22 05:11:09,388,388 multiprocessing INFO process shutting down
SpawnPoolWorker-393| 2026-06-22 05:11:09,388,388 multiprocessing INFO process exiting with exitcode 0
SpawnPoolWorker-408| 2026-06-22 05:11:09,388,388 multiprocessing INFO process shutting down
SpawnPoolWorker-397| 2026-06-22 05:11:09,388,388 multiprocessing INFO process exiting with exitcode 0
SpawnPoolWorker-403| 2026-06-22 05:11:09,389,389 multiprocessing INFO process exiting with exitcode 0
SpawnPoolWorker-385| 2026-06-22 05:11:09,389,389 multiprocessing INFO process exiting with exitcode 0
SpawnPoolWorker-406| 2026-06-22 05:11:09,389,389 multiprocessing INFO process shutting down
SpawnPoolWorker-387| 2026-06-22 05:11:09,389,389 multiprocessing INFO process shutting down
SpawnPoolWorker-395| 2026-06-22 05:11:09,389,389 multiprocessing INFO process shutting down
SpawnPoolWorker-404| 2026-06-22 05:11:09,389,389 multiprocessing INFO process shutting down
SpawnPoolWorker-400| 2026-06-22 05:11:09,389,389 multiprocessing INFO process shutting down
SpawnPoolWorker-392| 2026-06-22 05:11:09,390,390 multiprocessing INFO process shutting down
SpawnPoolWorker-407| 2026-06-22 05:11:09,390,390 multiprocessing INFO process shutting down
SpawnPoolWorker-389| 2026-06-22 05:11:09,390,390 multiprocessing INFO process shutting down
SpawnPoolWorker-401| 2026-06-22 05:11:09,390,390 multiprocessing INFO process shutting down
SpawnPoolWorker-388| 2026-06-22 05:11:09,390,390 multiprocessing INFO process shutting down
SpawnPoolWorker-402| 2026-06-22 05:11:09,388,388 multiprocessing INFO process exiting with exitcode 0
28
(100000, 9)
(100000,)
(100000, 9)
(100000,)

=======================Successfully Added (15017, 9) Counter Examples=======================


============None of the candidates fulfill the conditions. Training CONTINUES!=================

MainProcess| 2026-06-22 05:11:19,632,632 multiprocessing INFO 
============None of the candidates fulfill the conditions. Training CONTINUES!=================


============None of the candidates fulfill the conditions. Training CONTINUES!=================

(550, 171)
/users/9/chen8596/miniconda3/envs/alfd/lib/python3.9/site-packages/torch/nn/functional.py:4999: UserWarning: Support for mismatched key_padding_mask and attn_mask is deprecated. Use same type for both instead.
  warnings.warn(

==============Start Supervised Learning==============

MainProcess| 2026-06-22 05:11:36,680,680 multiprocessing INFO GP output mean: 0.9999619686376497
GP output mean: 0.9999619686376497
MainProcess| 2026-06-22 05:11:38,089,89 multiprocessing INFO GP output success rate: 0.0
GP output success rate: 0.0

==============End Supervised Learning==============

MainProcess| 2026-06-22 05:11:41,293,293 multiprocessing INFO [Test epoch=0012]  nevals=165412 	| train_loss=11348.23633 	| eqs_invalid %=1.09 	| r_best=0.99729 	| quantile=0.00000 	| r_quantile_mean=0.07583 	| r_raw_sum=41.70725 	|  r_raw_mean=0.83414 	| r2=nan 	| acc_iid=0.00000 	| acc_ood=0.00000 	| nmse_test=3.829226402053804e-08 	| true_equation_set_count=0 	| s/it=834.57621
[Test epoch=0012]  nevals=165412 	| train_loss=11348.23633 	| eqs_invalid %=1.09 	| r_best=0.99729 	| quantile=0.00000 	| r_quantile_mean=0.07583 	| r_raw_sum=41.70725 	|  r_raw_mean=0.83414 	| r2=nan 	| acc_iid=0.00000 	| acc_ood=0.00000 	| nmse_test=3.829226402053804e-08 	| true_equation_set_count=0 	| s/it=834.57621
MainProcess| 2026-06-22 05:15:23,845,845 multiprocessing INFO Genetic Porgramming Runtime 220.93619498214684
Genetic Porgramming Runtime 220.93619498214684

=========================PGD Collection Starts=========================

SpawnPoolWorker-418| 2026-06-22 05:15:29,704,704 multiprocessing INFO STARTING NEW RUN ==========
SpawnPoolWorker-418| 2026-06-22 05:15:29,704,704 multiprocessing INFO SEE LOG AT : ./logs/all_Lyapunov_test_dso-fn_d_all_l_01_log.txt
SpawnPoolWorker-418| 2026-06-22 05:15:29,704,704 multiprocessing INFO See log at : ./logs/all_Lyapunov_test_dso-fn_d_all_l_01_log.txt
SpawnPoolWorker-414| 2026-06-22 05:15:29,704,704 multiprocessing INFO STARTING NEW RUN ==========
SpawnPoolWorker-414| 2026-06-22 05:15:29,704,704 multiprocessing INFO SEE LOG AT : ./logs/all_Lyapunov_test_dso-fn_d_all_l_01_log.txt
SpawnPoolWorker-414| 2026-06-22 05:15:29,704,704 multiprocessing INFO See log at : ./logs/all_Lyapunov_test_dso-fn_d_all_l_01_log.txt
SpawnPoolWorker-411| 2026-06-22 05:15:29,706,706 multiprocessing INFO STARTING NEW RUN ==========
SpawnPoolWorker-411| 2026-06-22 05:15:29,706,706 multiprocessing INFO SEE LOG AT : ./logs/all_Lyapunov_test_dso-fn_d_all_l_01_log.txt
SpawnPoolWorker-411| 2026-06-22 05:15:29,706,706 multiprocessing INFO See log at : ./logs/all_Lyapunov_test_dso-fn_d_all_l_01_log.txt
SpawnPoolWorker-414| 2026-06-22 05:15:29,707,707 multiprocessing INFO child process calling self.run()
SpawnPoolWorker-418| 2026-06-22 05:15:29,707,707 multiprocessing INFO child process calling self.run()
SpawnPoolWorker-411| 2026-06-22 05:15:29,708,708 multiprocessing INFO child process calling self.run()
SpawnPoolWorker-409| 2026-06-22 05:15:29,749,749 multiprocessing INFO STARTING NEW RUN ==========
SpawnPoolWorker-409| 2026-06-22 05:15:29,749,749 multiprocessing INFO SEE LOG AT : ./logs/all_Lyapunov_test_dso-fn_d_all_l_01_log.txt
SpawnPoolWorker-409| 2026-06-22 05:15:29,749,749 multiprocessing INFO See log at : ./logs/all_Lyapunov_test_dso-fn_d_all_l_01_log.txt
SpawnPoolWorker-409| 2026-06-22 05:15:29,751,751 multiprocessing INFO child process calling self.run()
SpawnPoolWorker-415| 2026-06-22 05:15:29,754,754 multiprocessing INFO STARTING NEW RUN ==========
SpawnPoolWorker-415| 2026-06-22 05:15:29,754,754 multiprocessing INFO SEE LOG AT : ./logs/all_Lyapunov_test_dso-fn_d_all_l_01_log.txt
SpawnPoolWorker-415| 2026-06-22 05:15:29,754,754 multiprocessing INFO See log at : ./logs/all_Lyapunov_test_dso-fn_d_all_l_01_log.txt
SpawnPoolWorker-415| 2026-06-22 05:15:29,756,756 multiprocessing INFO child process calling self.run()
SpawnPoolWorker-412| 2026-06-22 05:15:29,778,778 multiprocessing INFO STARTING NEW RUN ==========
SpawnPoolWorker-412| 2026-06-22 05:15:29,778,778 multiprocessing INFO SEE LOG AT : ./logs/all_Lyapunov_test_dso-fn_d_all_l_01_log.txt
SpawnPoolWorker-412| 2026-06-22 05:15:29,778,778 multiprocessing INFO See log at : ./logs/all_Lyapunov_test_dso-fn_d_all_l_01_log.txt
SpawnPoolWorker-412| 2026-06-22 05:15:29,781,781 multiprocessing INFO child process calling self.run()
SpawnPoolWorker-417| 2026-06-22 05:15:29,798,798 multiprocessing INFO STARTING NEW RUN ==========
SpawnPoolWorker-417| 2026-06-22 05:15:29,799,799 multiprocessing INFO SEE LOG AT : ./logs/all_Lyapunov_test_dso-fn_d_all_l_01_log.txt
SpawnPoolWorker-417| 2026-06-22 05:15:29,799,799 multiprocessing INFO See log at : ./logs/all_Lyapunov_test_dso-fn_d_all_l_01_log.txt
SpawnPoolWorker-417| 2026-06-22 05:15:29,806,806 multiprocessing INFO child process calling self.run()
SpawnPoolWorker-413| 2026-06-22 05:15:29,834,834 multiprocessing INFO STARTING NEW RUN ==========
SpawnPoolWorker-413| 2026-06-22 05:15:29,839,839 multiprocessing INFO SEE LOG AT : ./logs/all_Lyapunov_test_dso-fn_d_all_l_01_log.txt
SpawnPoolWorker-413| 2026-06-22 05:15:29,839,839 multiprocessing INFO See log at : ./logs/all_Lyapunov_test_dso-fn_d_all_l_01_log.txt
SpawnPoolWorker-413| 2026-06-22 05:15:29,856,856 multiprocessing INFO child process calling self.run()
SpawnPoolWorker-410| 2026-06-22 05:15:29,860,860 multiprocessing INFO STARTING NEW RUN ==========
SpawnPoolWorker-410| 2026-06-22 05:15:29,860,860 multiprocessing INFO SEE LOG AT : ./logs/all_Lyapunov_test_dso-fn_d_all_l_01_log.txt
SpawnPoolWorker-410| 2026-06-22 05:15:29,860,860 multiprocessing INFO See log at : ./logs/all_Lyapunov_test_dso-fn_d_all_l_01_log.txt
SpawnPoolWorker-410| 2026-06-22 05:15:29,875,875 multiprocessing INFO child process calling self.run()
SpawnPoolWorker-416| 2026-06-22 05:15:29,889,889 multiprocessing INFO STARTING NEW RUN ==========
SpawnPoolWorker-416| 2026-06-22 05:15:29,889,889 multiprocessing INFO SEE LOG AT : ./logs/all_Lyapunov_test_dso-fn_d_all_l_01_log.txt
SpawnPoolWorker-416| 2026-06-22 05:15:29,889,889 multiprocessing INFO See log at : ./logs/all_Lyapunov_test_dso-fn_d_all_l_01_log.txt
SpawnPoolWorker-416| 2026-06-22 05:15:29,891,891 multiprocessing INFO child process calling self.run()
SpawnPoolWorker-411| 2026-06-22 05:15:49,784,784 multiprocessing INFO process shutting down
SpawnPoolWorker-416| 2026-06-22 05:15:49,784,784 multiprocessing INFO process shutting down
SpawnPoolWorker-413| 2026-06-22 05:15:49,785,785 multiprocessing INFO process shutting down
SpawnPoolWorker-411| 2026-06-22 05:15:49,785,785 multiprocessing INFO process exiting with exitcode 0
SpawnPoolWorker-416| 2026-06-22 05:15:49,785,785 multiprocessing INFO process exiting with exitcode 0
SpawnPoolWorker-412| 2026-06-22 05:15:49,785,785 multiprocessing INFO process shutting down
SpawnPoolWorker-413| 2026-06-22 05:15:49,785,785 multiprocessing INFO process exiting with exitcode 0
SpawnPoolWorker-412| 2026-06-22 05:15:49,786,786 multiprocessing INFO process exiting with exitcode 0
SpawnPoolWorker-418| 2026-06-22 05:15:49,785,785 multiprocessing INFO process shutting down
SpawnPoolWorker-415| 2026-06-22 05:15:49,786,786 multiprocessing INFO process shutting down
SpawnPoolWorker-414| 2026-06-22 05:15:49,786,786 multiprocessing INFO process shutting down
(20000,)

===================Collect 20000 Examples===================

Epsilon 0.1
500
(550,)
(550,)
(55,)
Number of Programs for Minimization: 28
SpawnPoolWorker-420| 2026-06-22 05:16:08,460,460 multiprocessing INFO STARTING NEW RUN ==========
SpawnPoolWorker-420| 2026-06-22 05:16:08,460,460 multiprocessing INFO SEE LOG AT : ./logs/all_Lyapunov_test_dso-fn_d_all_l_01_log.txt
SpawnPoolWorker-420| 2026-06-22 05:16:08,460,460 multiprocessing INFO See log at : ./logs/all_Lyapunov_test_dso-fn_d_all_l_01_log.txt
SpawnPoolWorker-420| 2026-06-22 05:16:08,463,463 multiprocessing INFO child process calling self.run()
SpawnPoolWorker-419| 2026-06-22 05:16:08,711,711 multiprocessing INFO STARTING NEW RUN ==========
SpawnPoolWorker-419| 2026-06-22 05:16:08,711,711 multiprocessing INFO SEE LOG AT : ./logs/all_Lyapunov_test_dso-fn_d_all_l_01_log.txt
SpawnPoolWorker-419| 2026-06-22 05:16:08,711,711 multiprocessing INFO See log at : ./logs/all_Lyapunov_test_dso-fn_d_all_l_01_log.txt
SpawnPoolWorker-419| 2026-06-22 05:16:08,715,715 multiprocessing INFO child process calling self.run()
SpawnPoolWorker-426| 2026-06-22 05:16:09,083,83 multiprocessing INFO STARTING NEW RUN ==========
SpawnPoolWorker-426| 2026-06-22 05:16:09,083,83 multiprocessing INFO SEE LOG AT : ./logs/all_Lyapunov_test_dso-fn_d_all_l_01_log.txt
SpawnPoolWorker-426| 2026-06-22 05:16:09,083,83 multiprocessing INFO See log at : ./logs/all_Lyapunov_test_dso-fn_d_all_l_01_log.txt
SpawnPoolWorker-426| 2026-06-22 05:16:09,085,85 multiprocessing INFO child process calling self.run()
SpawnPoolWorker-427| 2026-06-22 05:16:09,087,87 multiprocessing INFO STARTING NEW RUN ==========
SpawnPoolWorker-427| 2026-06-22 05:16:09,087,87 multiprocessing INFO SEE LOG AT : ./logs/all_Lyapunov_test_dso-fn_d_all_l_01_log.txt
SpawnPoolWorker-427| 2026-06-22 05:16:09,087,87 multiprocessing INFO See log at : ./logs/all_Lyapunov_test_dso-fn_d_all_l_01_log.txt
SpawnPoolWorker-427| 2026-06-22 05:16:09,091,91 multiprocessing INFO child process calling self.run()
SpawnPoolWorker-430| 2026-06-22 05:16:09,277,277 multiprocessing INFO STARTING NEW RUN ==========
SpawnPoolWorker-430| 2026-06-22 05:16:09,277,277 multiprocessing INFO SEE LOG AT : ./logs/all_Lyapunov_test_dso-fn_d_all_l_01_log.txt
SpawnPoolWorker-430| 2026-06-22 05:16:09,277,277 multiprocessing INFO See log at : ./logs/all_Lyapunov_test_dso-fn_d_all_l_01_log.txt
SpawnPoolWorker-430| 2026-06-22 05:16:09,281,281 multiprocessing INFO child process calling self.run()
SpawnPoolWorker-431| 2026-06-22 05:16:09,701,701 multiprocessing INFO STARTING NEW RUN ==========
SpawnPoolWorker-431| 2026-06-22 05:16:09,701,701 multiprocessing INFO SEE LOG AT : ./logs/all_Lyapunov_test_dso-fn_d_all_l_01_log.txt
SpawnPoolWorker-431| 2026-06-22 05:16:09,701,701 multiprocessing INFO See log at : ./logs/all_Lyapunov_test_dso-fn_d_all_l_01_log.txt
SpawnPoolWorker-431| 2026-06-22 05:16:09,703,703 multiprocessing INFO child process calling self.run()
SpawnPoolWorker-421| 2026-06-22 05:16:09,741,741 multiprocessing INFO STARTING NEW RUN ==========
SpawnPoolWorker-421| 2026-06-22 05:16:09,741,741 multiprocessing INFO SEE LOG AT : ./logs/all_Lyapunov_test_dso-fn_d_all_l_01_log.txt
SpawnPoolWorker-421| 2026-06-22 05:16:09,741,741 multiprocessing INFO See log at : ./logs/all_Lyapunov_test_dso-fn_d_all_l_01_log.txt
SpawnPoolWorker-421| 2026-06-22 05:16:09,744,744 multiprocessing INFO child process calling self.run()
SpawnPoolWorker-429| 2026-06-22 05:16:10,013,13 multiprocessing INFO STARTING NEW RUN ==========
SpawnPoolWorker-429| 2026-06-22 05:16:10,013,13 multiprocessing INFO SEE LOG AT : ./logs/all_Lyapunov_test_dso-fn_d_all_l_01_log.txt
SpawnPoolWorker-429| 2026-06-22 05:16:10,013,13 multiprocessing INFO See log at : ./logs/all_Lyapunov_test_dso-fn_d_all_l_01_log.txt
SpawnPoolWorker-429| 2026-06-22 05:16:10,019,19 multiprocessing INFO child process calling self.run()
SpawnPoolWorker-436| 2026-06-22 05:16:10,158,158 multiprocessing INFO STARTING NEW RUN ==========
SpawnPoolWorker-436| 2026-06-22 05:16:10,158,158 multiprocessing INFO SEE LOG AT : ./logs/all_Lyapunov_test_dso-fn_d_all_l_01_log.txt
SpawnPoolWorker-436| 2026-06-22 05:16:10,158,158 multiprocessing INFO See log at : ./logs/all_Lyapunov_test_dso-fn_d_all_l_01_log.txt
SpawnPoolWorker-436| 2026-06-22 05:16:10,165,165 multiprocessing INFO child process calling self.run()
SpawnPoolWorker-425| 2026-06-22 05:16:10,362,362 multiprocessing INFO STARTING NEW RUN ==========
SpawnPoolWorker-425| 2026-06-22 05:16:10,362,362 multiprocessing INFO SEE LOG AT : ./logs/all_Lyapunov_test_dso-fn_d_all_l_01_log.txt
SpawnPoolWorker-425| 2026-06-22 05:16:10,362,362 multiprocessing INFO See log at : ./logs/all_Lyapunov_test_dso-fn_d_all_l_01_log.txt
SpawnPoolWorker-425| 2026-06-22 05:16:10,372,372 multiprocessing INFO child process calling self.run()
SpawnPoolWorker-423| 2026-06-22 05:16:10,458,458 multiprocessing INFO STARTING NEW RUN ==========
SpawnPoolWorker-423| 2026-06-22 05:16:10,458,458 multiprocessing INFO SEE LOG AT : ./logs/all_Lyapunov_test_dso-fn_d_all_l_01_log.txt
SpawnPoolWorker-423| 2026-06-22 05:16:10,458,458 multiprocessing INFO See log at : ./logs/all_Lyapunov_test_dso-fn_d_all_l_01_log.txt
SpawnPoolWorker-423| 2026-06-22 05:16:10,460,460 multiprocessing INFO child process calling self.run()
SpawnPoolWorker-438| 2026-06-22 05:16:10,489,489 multiprocessing INFO STARTING NEW RUN ==========
SpawnPoolWorker-438| 2026-06-22 05:16:10,490,490 multiprocessing INFO SEE LOG AT : ./logs/all_Lyapunov_test_dso-fn_d_all_l_01_log.txt
SpawnPoolWorker-438| 2026-06-22 05:16:10,490,490 multiprocessing INFO See log at : ./logs/all_Lyapunov_test_dso-fn_d_all_l_01_log.txt
SpawnPoolWorker-438| 2026-06-22 05:16:10,501,501 multiprocessing INFO child process calling self.run()
SpawnPoolWorker-433| 2026-06-22 05:16:10,508,508 multiprocessing INFO STARTING NEW RUN ==========
SpawnPoolWorker-433| 2026-06-22 05:16:10,511,511 multiprocessing INFO SEE LOG AT : ./logs/all_Lyapunov_test_dso-fn_d_all_l_01_log.txt
SpawnPoolWorker-433| 2026-06-22 05:16:10,511,511 multiprocessing INFO See log at : ./logs/all_Lyapunov_test_dso-fn_d_all_l_01_log.txt
SpawnPoolWorker-433| 2026-06-22 05:16:10,513,513 multiprocessing INFO child process calling self.run()
SpawnPoolWorker-440| 2026-06-22 05:16:10,663,663 multiprocessing INFO STARTING NEW RUN ==========
SpawnPoolWorker-440| 2026-06-22 05:16:10,663,663 multiprocessing INFO SEE LOG AT : ./logs/all_Lyapunov_test_dso-fn_d_all_l_01_log.txt
SpawnPoolWorker-440| 2026-06-22 05:16:10,663,663 multiprocessing INFO See log at : ./logs/all_Lyapunov_test_dso-fn_d_all_l_01_log.txt
SpawnPoolWorker-440| 2026-06-22 05:16:10,667,667 multiprocessing INFO child process calling self.run()
SpawnPoolWorker-441| 2026-06-22 05:16:10,729,729 multiprocessing INFO STARTING NEW RUN ==========
SpawnPoolWorker-441| 2026-06-22 05:16:10,730,730 multiprocessing INFO SEE LOG AT : ./logs/all_Lyapunov_test_dso-fn_d_all_l_01_log.txt
SpawnPoolWorker-441| 2026-06-22 05:16:10,730,730 multiprocessing INFO See log at : ./logs/all_Lyapunov_test_dso-fn_d_all_l_01_log.txt
SpawnPoolWorker-441| 2026-06-22 05:16:10,731,731 multiprocessing INFO child process calling self.run()
SpawnPoolWorker-422| 2026-06-22 05:16:10,866,866 multiprocessing INFO STARTING NEW RUN ==========
SpawnPoolWorker-422| 2026-06-22 05:16:10,866,866 multiprocessing INFO SEE LOG AT : ./logs/all_Lyapunov_test_dso-fn_d_all_l_01_log.txt
SpawnPoolWorker-422| 2026-06-22 05:16:10,866,866 multiprocessing INFO See log at : ./logs/all_Lyapunov_test_dso-fn_d_all_l_01_log.txt
SpawnPoolWorker-422| 2026-06-22 05:16:10,868,868 multiprocessing INFO child process calling self.run()
SpawnPoolWorker-428| 2026-06-22 05:16:11,170,170 multiprocessing INFO STARTING NEW RUN ==========
SpawnPoolWorker-428| 2026-06-22 05:16:11,170,170 multiprocessing INFO SEE LOG AT : ./logs/all_Lyapunov_test_dso-fn_d_all_l_01_log.txt
SpawnPoolWorker-428| 2026-06-22 05:16:11,170,170 multiprocessing INFO See log at : ./logs/all_Lyapunov_test_dso-fn_d_all_l_01_log.txt
SpawnPoolWorker-428| 2026-06-22 05:16:11,180,180 multiprocessing INFO child process calling self.run()
SpawnPoolWorker-435| 2026-06-22 05:16:11,364,364 multiprocessing INFO STARTING NEW RUN ==========
SpawnPoolWorker-435| 2026-06-22 05:16:11,364,364 multiprocessing INFO SEE LOG AT : ./logs/all_Lyapunov_test_dso-fn_d_all_l_01_log.txt
SpawnPoolWorker-435| 2026-06-22 05:16:11,364,364 multiprocessing INFO See log at : ./logs/all_Lyapunov_test_dso-fn_d_all_l_01_log.txt
SpawnPoolWorker-435| 2026-06-22 05:16:11,378,378 multiprocessing INFO child process calling self.run()
SpawnPoolWorker-424| 2026-06-22 05:16:11,526,526 multiprocessing INFO STARTING NEW RUN ==========
SpawnPoolWorker-424| 2026-06-22 05:16:11,526,526 multiprocessing INFO SEE LOG AT : ./logs/all_Lyapunov_test_dso-fn_d_all_l_01_log.txt
SpawnPoolWorker-424| 2026-06-22 05:16:11,526,526 multiprocessing INFO See log at : ./logs/all_Lyapunov_test_dso-fn_d_all_l_01_log.txt
SpawnPoolWorker-424| 2026-06-22 05:16:11,533,533 multiprocessing INFO child process calling self.run()
SpawnPoolWorker-437| 2026-06-22 05:16:12,106,106 multiprocessing INFO STARTING NEW RUN ==========
SpawnPoolWorker-437| 2026-06-22 05:16:12,106,106 multiprocessing INFO SEE LOG AT : ./logs/all_Lyapunov_test_dso-fn_d_all_l_01_log.txt
SpawnPoolWorker-437| 2026-06-22 05:16:12,106,106 multiprocessing INFO See log at : ./logs/all_Lyapunov_test_dso-fn_d_all_l_01_log.txt
SpawnPoolWorker-437| 2026-06-22 05:16:12,117,117 multiprocessing INFO child process calling self.run()
SpawnPoolWorker-432| 2026-06-22 05:16:12,161,161 multiprocessing INFO STARTING NEW RUN ==========
SpawnPoolWorker-432| 2026-06-22 05:16:12,161,161 multiprocessing INFO SEE LOG AT : ./logs/all_Lyapunov_test_dso-fn_d_all_l_01_log.txt
SpawnPoolWorker-432| 2026-06-22 05:16:12,161,161 multiprocessing INFO See log at : ./logs/all_Lyapunov_test_dso-fn_d_all_l_01_log.txt
SpawnPoolWorker-432| 2026-06-22 05:16:12,169,169 multiprocessing INFO child process calling self.run()
SpawnPoolWorker-434| 2026-06-22 05:16:12,299,299 multiprocessing INFO STARTING NEW RUN ==========
SpawnPoolWorker-434| 2026-06-22 05:16:12,299,299 multiprocessing INFO SEE LOG AT : ./logs/all_Lyapunov_test_dso-fn_d_all_l_01_log.txt
SpawnPoolWorker-434| 2026-06-22 05:16:12,299,299 multiprocessing INFO See log at : ./logs/all_Lyapunov_test_dso-fn_d_all_l_01_log.txt
SpawnPoolWorker-434| 2026-06-22 05:16:12,305,305 multiprocessing INFO child process calling self.run()
SpawnPoolWorker-442| 2026-06-22 05:16:12,868,868 multiprocessing INFO STARTING NEW RUN ==========
SpawnPoolWorker-442| 2026-06-22 05:16:12,868,868 multiprocessing INFO SEE LOG AT : ./logs/all_Lyapunov_test_dso-fn_d_all_l_01_log.txt
SpawnPoolWorker-442| 2026-06-22 05:16:12,868,868 multiprocessing INFO See log at : ./logs/all_Lyapunov_test_dso-fn_d_all_l_01_log.txt
SpawnPoolWorker-442| 2026-06-22 05:16:12,874,874 multiprocessing INFO child process calling self.run()
SpawnPoolWorker-439| 2026-06-22 05:16:12,879,879 multiprocessing INFO STARTING NEW RUN ==========
SpawnPoolWorker-439| 2026-06-22 05:16:12,879,879 multiprocessing INFO SEE LOG AT : ./logs/all_Lyapunov_test_dso-fn_d_all_l_01_log.txt
SpawnPoolWorker-439| 2026-06-22 05:16:12,879,879 multiprocessing INFO See log at : ./logs/all_Lyapunov_test_dso-fn_d_all_l_01_log.txt
SpawnPoolWorker-439| 2026-06-22 05:16:12,890,890 multiprocessing INFO child process calling self.run()
SpawnPoolWorker-427| 2026-06-22 05:23:51,854,854 multiprocessing INFO process shutting down
SpawnPoolWorker-423| 2026-06-22 05:23:51,854,854 multiprocessing INFO process shutting down
SpawnPoolWorker-429| 2026-06-22 05:23:51,855,855 multiprocessing INFO process shutting down
SpawnPoolWorker-436| 2026-06-22 05:23:51,855,855 multiprocessing INFO process shutting down
SpawnPoolWorker-431| 2026-06-22 05:23:51,854,854 multiprocessing INFO process shutting down
SpawnPoolWorker-434| 2026-06-22 05:23:51,855,855 multiprocessing INFO process shutting down
SpawnPoolWorker-425| 2026-06-22 05:23:51,854,854 multiprocessing INFO process shutting down
SpawnPoolWorker-420| 2026-06-22 05:23:51,855,855 multiprocessing INFO process shutting down
SpawnPoolWorker-442| 2026-06-22 05:23:51,855,855 multiprocessing INFO process shutting down
SpawnPoolWorker-432| 2026-06-22 05:23:51,855,855 multiprocessing INFO process shutting down
SpawnPoolWorker-442| 2026-06-22 05:23:51,855,855 multiprocessing INFO process exiting with exitcode 0
SpawnPoolWorker-434| 2026-06-22 05:23:51,855,855 multiprocessing INFO process exiting with exitcode 0
SpawnPoolWorker-427| 2026-06-22 05:23:51,856,856 multiprocessing INFO process exiting with exitcode 0
SpawnPoolWorker-432| 2026-06-22 05:23:51,856,856 multiprocessing INFO process exiting with exitcode 0
SpawnPoolWorker-423| 2026-06-22 05:23:51,856,856 multiprocessing INFO process exiting with exitcode 0
SpawnPoolWorker-439| 2026-06-22 05:23:51,855,855 multiprocessing INFO process shutting down
SpawnPoolWorker-422| 2026-06-22 05:23:51,856,856 multiprocessing INFO process shutting down
SpawnPoolWorker-439| 2026-06-22 05:23:51,856,856 multiprocessing INFO process exiting with exitcode 0
SpawnPoolWorker-428| 2026-06-22 05:23:51,855,855 multiprocessing INFO process shutting down
SpawnPoolWorker-425| 2026-06-22 05:23:51,856,856 multiprocessing INFO process exiting with exitcode 0
SpawnPoolWorker-421| 2026-06-22 05:23:51,856,856 multiprocessing INFO process shutting down
SpawnPoolWorker-430| 2026-06-22 05:23:51,856,856 multiprocessing INFO process shutting down
SpawnPoolWorker-437| 2026-06-22 05:23:51,856,856 multiprocessing INFO process shutting down
SpawnPoolWorker-433| 2026-06-22 05:23:51,857,857 multiprocessing INFO process shutting down
SpawnPoolWorker-440| 2026-06-22 05:23:51,857,857 multiprocessing INFO process shutting down
SpawnPoolWorker-435| 2026-06-22 05:23:51,858,858 multiprocessing INFO process shutting down
SpawnPoolWorker-438| 2026-06-22 05:23:51,858,858 multiprocessing INFO process shutting down
SpawnPoolWorker-441| 2026-06-22 05:23:51,858,858 multiprocessing INFO process shutting down
28
(100000, 9)
(100000,)
(100000, 9)
(100000,)

=======================Successfully Added (26022, 9) Counter Examples=======================


============None of the candidates fulfill the conditions. Training CONTINUES!=================

MainProcess| 2026-06-22 05:23:55,003,3 multiprocessing INFO 
============None of the candidates fulfill the conditions. Training CONTINUES!=================


============None of the candidates fulfill the conditions. Training CONTINUES!=================

(55, 171)
/users/9/chen8596/miniconda3/envs/alfd/lib/python3.9/site-packages/torch/nn/functional.py:4999: UserWarning: Support for mismatched key_padding_mask and attn_mask is deprecated. Use same type for both instead.
  warnings.warn(

==============Start Supervised Learning==============

MainProcess| 2026-06-22 05:24:00,466,466 multiprocessing INFO GP output mean: 0.9998735350279617
GP output mean: 0.9998735350279617
MainProcess| 2026-06-22 05:24:01,176,176 multiprocessing INFO GP output success rate: 0.0
GP output success rate: 0.0

==============End Supervised Learning==============

MainProcess| 2026-06-22 05:24:04,072,72 multiprocessing INFO [Test epoch=0013]  nevals=179259 	| train_loss=11587.08887 	| eqs_invalid %=0.00 	| r_best=0.99729 	| quantile=0.11413 	| r_quantile_mean=0.87031 	| r_raw_sum=47.91167 	|  r_raw_mean=0.84056 	| r2=nan 	| acc_iid=0.00000 	| acc_ood=0.00000 	| nmse_test=3.829226402053804e-08 	| true_equation_set_count=0 	| s/it=742.77909
[Test epoch=0013]  nevals=179259 	| train_loss=11587.08887 	| eqs_invalid %=0.00 	| r_best=0.99729 	| quantile=0.11413 	| r_quantile_mean=0.87031 	| r_raw_sum=47.91167 	|  r_raw_mean=0.84056 	| r2=nan 	| acc_iid=0.00000 	| acc_ood=0.00000 	| nmse_test=3.829226402053804e-08 	| true_equation_set_count=0 	| s/it=742.77909
MainProcess| 2026-06-22 05:28:14,976,976 multiprocessing INFO Genetic Porgramming Runtime 249.32412923197262
Genetic Porgramming Runtime 249.32412923197262

=========================PGD Collection Starts=========================

SpawnPoolWorker-447| 2026-06-22 05:28:20,805,805 multiprocessing INFO STARTING NEW RUN ==========
SpawnPoolWorker-447| 2026-06-22 05:28:20,805,805 multiprocessing INFO SEE LOG AT : ./logs/all_Lyapunov_test_dso-fn_d_all_l_01_log.txt
SpawnPoolWorker-447| 2026-06-22 05:28:20,805,805 multiprocessing INFO See log at : ./logs/all_Lyapunov_test_dso-fn_d_all_l_01_log.txt
SpawnPoolWorker-444| 2026-06-22 05:28:20,807,807 multiprocessing INFO STARTING NEW RUN ==========
SpawnPoolWorker-444| 2026-06-22 05:28:20,807,807 multiprocessing INFO SEE LOG AT : ./logs/all_Lyapunov_test_dso-fn_d_all_l_01_log.txt
SpawnPoolWorker-444| 2026-06-22 05:28:20,807,807 multiprocessing INFO See log at : ./logs/all_Lyapunov_test_dso-fn_d_all_l_01_log.txt
SpawnPoolWorker-444| 2026-06-22 05:28:20,809,809 multiprocessing INFO child process calling self.run()
SpawnPoolWorker-447| 2026-06-22 05:28:20,809,809 multiprocessing INFO child process calling self.run()
SpawnPoolWorker-443| 2026-06-22 05:28:20,810,810 multiprocessing INFO STARTING NEW RUN ==========
SpawnPoolWorker-449| 2026-06-22 05:28:20,810,810 multiprocessing INFO STARTING NEW RUN ==========
SpawnPoolWorker-443| 2026-06-22 05:28:20,811,811 multiprocessing INFO SEE LOG AT : ./logs/all_Lyapunov_test_dso-fn_d_all_l_01_log.txt
SpawnPoolWorker-449| 2026-06-22 05:28:20,811,811 multiprocessing INFO SEE LOG AT : ./logs/all_Lyapunov_test_dso-fn_d_all_l_01_log.txt
SpawnPoolWorker-443| 2026-06-22 05:28:20,811,811 multiprocessing INFO See log at : ./logs/all_Lyapunov_test_dso-fn_d_all_l_01_log.txt
SpawnPoolWorker-449| 2026-06-22 05:28:20,811,811 multiprocessing INFO See log at : ./logs/all_Lyapunov_test_dso-fn_d_all_l_01_log.txt
SpawnPoolWorker-443| 2026-06-22 05:28:20,812,812 multiprocessing INFO child process calling self.run()
SpawnPoolWorker-449| 2026-06-22 05:28:20,812,812 multiprocessing INFO child process calling self.run()
SpawnPoolWorker-452| 2026-06-22 05:28:20,814,814 multiprocessing INFO STARTING NEW RUN ==========
SpawnPoolWorker-452| 2026-06-22 05:28:20,814,814 multiprocessing INFO SEE LOG AT : ./logs/all_Lyapunov_test_dso-fn_d_all_l_01_log.txt
SpawnPoolWorker-452| 2026-06-22 05:28:20,814,814 multiprocessing INFO See log at : ./logs/all_Lyapunov_test_dso-fn_d_all_l_01_log.txt
SpawnPoolWorker-452| 2026-06-22 05:28:20,816,816 multiprocessing INFO child process calling self.run()
SpawnPoolWorker-450| 2026-06-22 05:28:20,819,819 multiprocessing INFO STARTING NEW RUN ==========
SpawnPoolWorker-450| 2026-06-22 05:28:20,819,819 multiprocessing INFO SEE LOG AT : ./logs/all_Lyapunov_test_dso-fn_d_all_l_01_log.txt
SpawnPoolWorker-450| 2026-06-22 05:28:20,819,819 multiprocessing INFO See log at : ./logs/all_Lyapunov_test_dso-fn_d_all_l_01_log.txt
SpawnPoolWorker-450| 2026-06-22 05:28:20,821,821 multiprocessing INFO child process calling self.run()
SpawnPoolWorker-451| 2026-06-22 05:28:20,823,823 multiprocessing INFO STARTING NEW RUN ==========
SpawnPoolWorker-451| 2026-06-22 05:28:20,823,823 multiprocessing INFO SEE LOG AT : ./logs/all_Lyapunov_test_dso-fn_d_all_l_01_log.txt
SpawnPoolWorker-451| 2026-06-22 05:28:20,823,823 multiprocessing INFO See log at : ./logs/all_Lyapunov_test_dso-fn_d_all_l_01_log.txt
SpawnPoolWorker-451| 2026-06-22 05:28:20,825,825 multiprocessing INFO child process calling self.run()
SpawnPoolWorker-445| 2026-06-22 05:28:20,862,862 multiprocessing INFO STARTING NEW RUN ==========
SpawnPoolWorker-445| 2026-06-22 05:28:20,862,862 multiprocessing INFO SEE LOG AT : ./logs/all_Lyapunov_test_dso-fn_d_all_l_01_log.txt
SpawnPoolWorker-445| 2026-06-22 05:28:20,862,862 multiprocessing INFO See log at : ./logs/all_Lyapunov_test_dso-fn_d_all_l_01_log.txt
SpawnPoolWorker-446| 2026-06-22 05:28:20,865,865 multiprocessing INFO STARTING NEW RUN ==========
SpawnPoolWorker-446| 2026-06-22 05:28:20,865,865 multiprocessing INFO SEE LOG AT : ./logs/all_Lyapunov_test_dso-fn_d_all_l_01_log.txt
SpawnPoolWorker-446| 2026-06-22 05:28:20,865,865 multiprocessing INFO See log at : ./logs/all_Lyapunov_test_dso-fn_d_all_l_01_log.txt
SpawnPoolWorker-446| 2026-06-22 05:28:20,868,868 multiprocessing INFO child process calling self.run()
SpawnPoolWorker-445| 2026-06-22 05:28:20,872,872 multiprocessing INFO child process calling self.run()
SpawnPoolWorker-448| 2026-06-22 05:28:20,941,941 multiprocessing INFO STARTING NEW RUN ==========
SpawnPoolWorker-448| 2026-06-22 05:28:20,941,941 multiprocessing INFO SEE LOG AT : ./logs/all_Lyapunov_test_dso-fn_d_all_l_01_log.txt
SpawnPoolWorker-448| 2026-06-22 05:28:20,941,941 multiprocessing INFO See log at : ./logs/all_Lyapunov_test_dso-fn_d_all_l_01_log.txt
SpawnPoolWorker-448| 2026-06-22 05:28:20,943,943 multiprocessing INFO child process calling self.run()
SpawnPoolWorker-445| 2026-06-22 05:28:37,870,870 multiprocessing INFO process shutting down
SpawnPoolWorker-445| 2026-06-22 05:28:37,871,871 multiprocessing INFO process exiting with exitcode 0
SpawnPoolWorker-448| 2026-06-22 05:28:37,871,871 multiprocessing INFO process shutting down
SpawnPoolWorker-447| 2026-06-22 05:28:37,871,871 multiprocessing INFO process shutting down
SpawnPoolWorker-452| 2026-06-22 05:28:37,871,871 multiprocessing INFO process shutting down
SpawnPoolWorker-446| 2026-06-22 05:28:37,871,871 multiprocessing INFO process shutting down
SpawnPoolWorker-451| 2026-06-22 05:28:37,872,872 multiprocessing INFO process shutting down
SpawnPoolWorker-443| 2026-06-22 05:28:37,871,871 multiprocessing INFO process shutting down
SpawnPoolWorker-450| 2026-06-22 05:28:37,872,872 multiprocessing INFO process shutting down
SpawnPoolWorker-450| 2026-06-22 05:28:37,873,873 multiprocessing INFO process exiting with exitcode 0
SpawnPoolWorker-451| 2026-06-22 05:28:37,874,874 multiprocessing INFO process exiting with exitcode 0
SpawnPoolWorker-452| 2026-06-22 05:28:37,874,874 multiprocessing INFO process exiting with exitcode 0
(20000,)

===================Collect 20000 Examples===================

Epsilon 0.1
500
(550,)
(550,)
(550,)
Number of Programs for Minimization: 28
SpawnPoolWorker-455| 2026-06-22 05:28:55,134,134 multiprocessing INFO STARTING NEW RUN ==========
SpawnPoolWorker-455| 2026-06-22 05:28:55,134,134 multiprocessing INFO SEE LOG AT : ./logs/all_Lyapunov_test_dso-fn_d_all_l_01_log.txt
SpawnPoolWorker-455| 2026-06-22 05:28:55,134,134 multiprocessing INFO See log at : ./logs/all_Lyapunov_test_dso-fn_d_all_l_01_log.txt
SpawnPoolWorker-455| 2026-06-22 05:28:55,139,139 multiprocessing INFO child process calling self.run()
SpawnPoolWorker-462| 2026-06-22 05:28:55,208,208 multiprocessing INFO STARTING NEW RUN ==========
SpawnPoolWorker-462| 2026-06-22 05:28:55,208,208 multiprocessing INFO SEE LOG AT : ./logs/all_Lyapunov_test_dso-fn_d_all_l_01_log.txt
SpawnPoolWorker-462| 2026-06-22 05:28:55,208,208 multiprocessing INFO See log at : ./logs/all_Lyapunov_test_dso-fn_d_all_l_01_log.txt
SpawnPoolWorker-462| 2026-06-22 05:28:55,219,219 multiprocessing INFO child process calling self.run()
SpawnPoolWorker-453| 2026-06-22 05:28:55,477,477 multiprocessing INFO STARTING NEW RUN ==========
SpawnPoolWorker-453| 2026-06-22 05:28:55,477,477 multiprocessing INFO SEE LOG AT : ./logs/all_Lyapunov_test_dso-fn_d_all_l_01_log.txt
SpawnPoolWorker-453| 2026-06-22 05:28:55,477,477 multiprocessing INFO See log at : ./logs/all_Lyapunov_test_dso-fn_d_all_l_01_log.txt
SpawnPoolWorker-453| 2026-06-22 05:28:55,482,482 multiprocessing INFO child process calling self.run()
SpawnPoolWorker-473| 2026-06-22 05:28:55,525,525 multiprocessing INFO STARTING NEW RUN ==========
SpawnPoolWorker-473| 2026-06-22 05:28:55,525,525 multiprocessing INFO SEE LOG AT : ./logs/all_Lyapunov_test_dso-fn_d_all_l_01_log.txt
SpawnPoolWorker-473| 2026-06-22 05:28:55,525,525 multiprocessing INFO See log at : ./logs/all_Lyapunov_test_dso-fn_d_all_l_01_log.txt
SpawnPoolWorker-473| 2026-06-22 05:28:55,531,531 multiprocessing INFO child process calling self.run()
SpawnPoolWorker-472| 2026-06-22 05:28:55,956,956 multiprocessing INFO STARTING NEW RUN ==========
SpawnPoolWorker-472| 2026-06-22 05:28:55,956,956 multiprocessing INFO SEE LOG AT : ./logs/all_Lyapunov_test_dso-fn_d_all_l_01_log.txt
SpawnPoolWorker-472| 2026-06-22 05:28:55,956,956 multiprocessing INFO See log at : ./logs/all_Lyapunov_test_dso-fn_d_all_l_01_log.txt
SpawnPoolWorker-472| 2026-06-22 05:28:55,964,964 multiprocessing INFO child process calling self.run()
SpawnPoolWorker-461| 2026-06-22 05:28:56,280,280 multiprocessing INFO STARTING NEW RUN ==========
SpawnPoolWorker-461| 2026-06-22 05:28:56,280,280 multiprocessing INFO SEE LOG AT : ./logs/all_Lyapunov_test_dso-fn_d_all_l_01_log.txt
SpawnPoolWorker-461| 2026-06-22 05:28:56,280,280 multiprocessing INFO See log at : ./logs/all_Lyapunov_test_dso-fn_d_all_l_01_log.txt
SpawnPoolWorker-461| 2026-06-22 05:28:56,287,287 multiprocessing INFO child process calling self.run()
SpawnPoolWorker-474| 2026-06-22 05:28:56,566,566 multiprocessing INFO STARTING NEW RUN ==========
SpawnPoolWorker-474| 2026-06-22 05:28:56,567,567 multiprocessing INFO SEE LOG AT : ./logs/all_Lyapunov_test_dso-fn_d_all_l_01_log.txt
SpawnPoolWorker-474| 2026-06-22 05:28:56,567,567 multiprocessing INFO See log at : ./logs/all_Lyapunov_test_dso-fn_d_all_l_01_log.txt
SpawnPoolWorker-474| 2026-06-22 05:28:56,576,576 multiprocessing INFO child process calling self.run()
SpawnPoolWorker-468| 2026-06-22 05:28:56,834,834 multiprocessing INFO STARTING NEW RUN ==========
SpawnPoolWorker-468| 2026-06-22 05:28:56,834,834 multiprocessing INFO SEE LOG AT : ./logs/all_Lyapunov_test_dso-fn_d_all_l_01_log.txt
SpawnPoolWorker-468| 2026-06-22 05:28:56,834,834 multiprocessing INFO See log at : ./logs/all_Lyapunov_test_dso-fn_d_all_l_01_log.txt
SpawnPoolWorker-463| 2026-06-22 05:28:56,835,835 multiprocessing INFO STARTING NEW RUN ==========
SpawnPoolWorker-463| 2026-06-22 05:28:56,835,835 multiprocessing INFO SEE LOG AT : ./logs/all_Lyapunov_test_dso-fn_d_all_l_01_log.txt
SpawnPoolWorker-463| 2026-06-22 05:28:56,835,835 multiprocessing INFO See log at : ./logs/all_Lyapunov_test_dso-fn_d_all_l_01_log.txt
SpawnPoolWorker-463| 2026-06-22 05:28:56,837,837 multiprocessing INFO child process calling self.run()
SpawnPoolWorker-468| 2026-06-22 05:28:56,840,840 multiprocessing INFO child process calling self.run()
SpawnPoolWorker-467| 2026-06-22 05:28:56,903,903 multiprocessing INFO STARTING NEW RUN ==========
SpawnPoolWorker-467| 2026-06-22 05:28:56,903,903 multiprocessing INFO SEE LOG AT : ./logs/all_Lyapunov_test_dso-fn_d_all_l_01_log.txt
SpawnPoolWorker-467| 2026-06-22 05:28:56,904,904 multiprocessing INFO See log at : ./logs/all_Lyapunov_test_dso-fn_d_all_l_01_log.txt
SpawnPoolWorker-467| 2026-06-22 05:28:56,906,906 multiprocessing INFO child process calling self.run()
SpawnPoolWorker-460| 2026-06-22 05:28:56,952,952 multiprocessing INFO STARTING NEW RUN ==========
SpawnPoolWorker-460| 2026-06-22 05:28:56,952,952 multiprocessing INFO SEE LOG AT : ./logs/all_Lyapunov_test_dso-fn_d_all_l_01_log.txt
SpawnPoolWorker-460| 2026-06-22 05:28:56,952,952 multiprocessing INFO See log at : ./logs/all_Lyapunov_test_dso-fn_d_all_l_01_log.txt
SpawnPoolWorker-460| 2026-06-22 05:28:56,958,958 multiprocessing INFO child process calling self.run()
SpawnPoolWorker-459| 2026-06-22 05:28:57,088,88 multiprocessing INFO STARTING NEW RUN ==========
SpawnPoolWorker-459| 2026-06-22 05:28:57,088,88 multiprocessing INFO SEE LOG AT : ./logs/all_Lyapunov_test_dso-fn_d_all_l_01_log.txt
SpawnPoolWorker-459| 2026-06-22 05:28:57,088,88 multiprocessing INFO See log at : ./logs/all_Lyapunov_test_dso-fn_d_all_l_01_log.txt
SpawnPoolWorker-459| 2026-06-22 05:28:57,093,93 multiprocessing INFO child process calling self.run()
SpawnPoolWorker-458| 2026-06-22 05:28:57,203,203 multiprocessing INFO STARTING NEW RUN ==========
SpawnPoolWorker-458| 2026-06-22 05:28:57,203,203 multiprocessing INFO SEE LOG AT : ./logs/all_Lyapunov_test_dso-fn_d_all_l_01_log.txt
SpawnPoolWorker-458| 2026-06-22 05:28:57,203,203 multiprocessing INFO See log at : ./logs/all_Lyapunov_test_dso-fn_d_all_l_01_log.txt
SpawnPoolWorker-458| 2026-06-22 05:28:57,206,206 multiprocessing INFO child process calling self.run()
SpawnPoolWorker-465| 2026-06-22 05:28:57,293,293 multiprocessing INFO STARTING NEW RUN ==========
SpawnPoolWorker-465| 2026-06-22 05:28:57,293,293 multiprocessing INFO SEE LOG AT : ./logs/all_Lyapunov_test_dso-fn_d_all_l_01_log.txt
SpawnPoolWorker-465| 2026-06-22 05:28:57,293,293 multiprocessing INFO See log at : ./logs/all_Lyapunov_test_dso-fn_d_all_l_01_log.txt
SpawnPoolWorker-465| 2026-06-22 05:28:57,295,295 multiprocessing INFO child process calling self.run()
SpawnPoolWorker-454| 2026-06-22 05:28:57,390,390 multiprocessing INFO STARTING NEW RUN ==========
SpawnPoolWorker-454| 2026-06-22 05:28:57,390,390 multiprocessing INFO SEE LOG AT : ./logs/all_Lyapunov_test_dso-fn_d_all_l_01_log.txt
SpawnPoolWorker-454| 2026-06-22 05:28:57,390,390 multiprocessing INFO See log at : ./logs/all_Lyapunov_test_dso-fn_d_all_l_01_log.txt
SpawnPoolWorker-454| 2026-06-22 05:28:57,398,398 multiprocessing INFO child process calling self.run()
SpawnPoolWorker-469| 2026-06-22 05:28:57,464,464 multiprocessing INFO STARTING NEW RUN ==========
SpawnPoolWorker-469| 2026-06-22 05:28:57,464,464 multiprocessing INFO SEE LOG AT : ./logs/all_Lyapunov_test_dso-fn_d_all_l_01_log.txt
SpawnPoolWorker-469| 2026-06-22 05:28:57,464,464 multiprocessing INFO See log at : ./logs/all_Lyapunov_test_dso-fn_d_all_l_01_log.txt
SpawnPoolWorker-469| 2026-06-22 05:28:57,469,469 multiprocessing INFO child process calling self.run()
SpawnPoolWorker-471| 2026-06-22 05:28:57,697,697 multiprocessing INFO STARTING NEW RUN ==========
SpawnPoolWorker-471| 2026-06-22 05:28:57,697,697 multiprocessing INFO SEE LOG AT : ./logs/all_Lyapunov_test_dso-fn_d_all_l_01_log.txt
SpawnPoolWorker-471| 2026-06-22 05:28:57,697,697 multiprocessing INFO See log at : ./logs/all_Lyapunov_test_dso-fn_d_all_l_01_log.txt
SpawnPoolWorker-471| 2026-06-22 05:28:57,707,707 multiprocessing INFO child process calling self.run()
SpawnPoolWorker-457| 2026-06-22 05:28:57,747,747 multiprocessing INFO STARTING NEW RUN ==========
SpawnPoolWorker-457| 2026-06-22 05:28:57,747,747 multiprocessing INFO SEE LOG AT : ./logs/all_Lyapunov_test_dso-fn_d_all_l_01_log.txt
SpawnPoolWorker-457| 2026-06-22 05:28:57,747,747 multiprocessing INFO See log at : ./logs/all_Lyapunov_test_dso-fn_d_all_l_01_log.txt
SpawnPoolWorker-457| 2026-06-22 05:28:57,753,753 multiprocessing INFO child process calling self.run()
SpawnPoolWorker-470| 2026-06-22 05:28:58,049,49 multiprocessing INFO STARTING NEW RUN ==========
SpawnPoolWorker-470| 2026-06-22 05:28:58,049,49 multiprocessing INFO SEE LOG AT : ./logs/all_Lyapunov_test_dso-fn_d_all_l_01_log.txt
SpawnPoolWorker-470| 2026-06-22 05:28:58,049,49 multiprocessing INFO See log at : ./logs/all_Lyapunov_test_dso-fn_d_all_l_01_log.txt
SpawnPoolWorker-470| 2026-06-22 05:28:58,059,59 multiprocessing INFO child process calling self.run()
SpawnPoolWorker-475| 2026-06-22 05:28:58,676,676 multiprocessing INFO STARTING NEW RUN ==========
SpawnPoolWorker-475| 2026-06-22 05:28:58,676,676 multiprocessing INFO SEE LOG AT : ./logs/all_Lyapunov_test_dso-fn_d_all_l_01_log.txt
SpawnPoolWorker-475| 2026-06-22 05:28:58,676,676 multiprocessing INFO See log at : ./logs/all_Lyapunov_test_dso-fn_d_all_l_01_log.txt
SpawnPoolWorker-475| 2026-06-22 05:28:58,682,682 multiprocessing INFO child process calling self.run()
SpawnPoolWorker-456| 2026-06-22 05:28:58,744,744 multiprocessing INFO STARTING NEW RUN ==========
SpawnPoolWorker-456| 2026-06-22 05:28:58,745,745 multiprocessing INFO SEE LOG AT : ./logs/all_Lyapunov_test_dso-fn_d_all_l_01_log.txt
SpawnPoolWorker-456| 2026-06-22 05:28:58,745,745 multiprocessing INFO See log at : ./logs/all_Lyapunov_test_dso-fn_d_all_l_01_log.txt
SpawnPoolWorker-456| 2026-06-22 05:28:58,758,758 multiprocessing INFO child process calling self.run()
SpawnPoolWorker-464| 2026-06-22 05:28:58,850,850 multiprocessing INFO STARTING NEW RUN ==========
SpawnPoolWorker-464| 2026-06-22 05:28:58,850,850 multiprocessing INFO SEE LOG AT : ./logs/all_Lyapunov_test_dso-fn_d_all_l_01_log.txt
SpawnPoolWorker-464| 2026-06-22 05:28:58,850,850 multiprocessing INFO See log at : ./logs/all_Lyapunov_test_dso-fn_d_all_l_01_log.txt
SpawnPoolWorker-464| 2026-06-22 05:28:58,859,859 multiprocessing INFO child process calling self.run()
SpawnPoolWorker-466| 2026-06-22 05:28:59,039,39 multiprocessing INFO STARTING NEW RUN ==========
SpawnPoolWorker-466| 2026-06-22 05:28:59,039,39 multiprocessing INFO SEE LOG AT : ./logs/all_Lyapunov_test_dso-fn_d_all_l_01_log.txt
SpawnPoolWorker-466| 2026-06-22 05:28:59,039,39 multiprocessing INFO See log at : ./logs/all_Lyapunov_test_dso-fn_d_all_l_01_log.txt
SpawnPoolWorker-466| 2026-06-22 05:28:59,049,49 multiprocessing INFO child process calling self.run()
SpawnPoolWorker-476| 2026-06-22 05:29:00,218,218 multiprocessing INFO STARTING NEW RUN ==========
SpawnPoolWorker-476| 2026-06-22 05:29:00,218,218 multiprocessing INFO SEE LOG AT : ./logs/all_Lyapunov_test_dso-fn_d_all_l_01_log.txt
SpawnPoolWorker-476| 2026-06-22 05:29:00,218,218 multiprocessing INFO See log at : ./logs/all_Lyapunov_test_dso-fn_d_all_l_01_log.txt
SpawnPoolWorker-476| 2026-06-22 05:29:00,224,224 multiprocessing INFO child process calling self.run()
SpawnPoolWorker-453| 2026-06-22 05:35:34,182,182 multiprocessing INFO process shutting down
SpawnPoolWorker-474| 2026-06-22 05:35:34,183,183 multiprocessing INFO process shutting down
SpawnPoolWorker-459| 2026-06-22 05:35:34,183,183 multiprocessing INFO process shutting down
SpawnPoolWorker-473| 2026-06-22 05:35:34,183,183 multiprocessing INFO process shutting down
SpawnPoolWorker-455| 2026-06-22 05:35:34,183,183 multiprocessing INFO process shutting down
SpawnPoolWorker-459| 2026-06-22 05:35:34,183,183 multiprocessing INFO process exiting with exitcode 0
SpawnPoolWorker-474| 2026-06-22 05:35:34,183,183 multiprocessing INFO process exiting with exitcode 0
SpawnPoolWorker-453| 2026-06-22 05:35:34,183,183 multiprocessing INFO process exiting with exitcode 0
SpawnPoolWorker-473| 2026-06-22 05:35:34,183,183 multiprocessing INFO process exiting with exitcode 0
SpawnPoolWorker-455| 2026-06-22 05:35:34,183,183 multiprocessing INFO process exiting with exitcode 0
SpawnPoolWorker-471| 2026-06-22 05:35:34,182,182 multiprocessing INFO process shutting down
SpawnPoolWorker-467| 2026-06-22 05:35:34,182,182 multiprocessing INFO process shutting down
SpawnPoolWorker-465| 2026-06-22 05:35:34,182,182 multiprocessing INFO process shutting down
SpawnPoolWorker-466| 2026-06-22 05:35:34,184,184 multiprocessing INFO process shutting down
SpawnPoolWorker-463| 2026-06-22 05:35:34,184,184 multiprocessing INFO process shutting down
SpawnPoolWorker-454| 2026-06-22 05:35:34,184,184 multiprocessing INFO process shutting down
SpawnPoolWorker-461| 2026-06-22 05:35:34,185,185 multiprocessing INFO process shutting down
SpawnPoolWorker-460| 2026-06-22 05:35:34,183,183 multiprocessing INFO process shutting down
SpawnPoolWorker-462| 2026-06-22 05:35:34,186,186 multiprocessing INFO process shutting down
SpawnPoolWorker-470| 2026-06-22 05:35:34,185,185 multiprocessing INFO process shutting down
SpawnPoolWorker-468| 2026-06-22 05:35:34,188,188 multiprocessing INFO process shutting down
SpawnPoolWorker-472| 2026-06-22 05:35:34,189,189 multiprocessing INFO process shutting down
SpawnPoolWorker-456| 2026-06-22 05:35:34,189,189 multiprocessing INFO process shutting down
SpawnPoolWorker-458| 2026-06-22 05:35:34,189,189 multiprocessing INFO process shutting down
SpawnPoolWorker-475| 2026-06-22 05:35:34,189,189 multiprocessing INFO process shutting down
SpawnPoolWorker-476| 2026-06-22 05:35:34,190,190 multiprocessing INFO process shutting down
SpawnPoolWorker-476| 2026-06-22 05:35:34,191,191 multiprocessing INFO process exiting with exitcode 0
SpawnPoolWorker-471| 2026-06-22 05:35:34,191,191 multiprocessing INFO process exiting with exitcode 0
28
(100000, 9)
(100000,)
(100000, 9)
(100000,)

=======================Successfully Added (32314, 9) Counter Examples=======================


============None of the candidates fulfill the conditions. Training CONTINUES!=================

MainProcess| 2026-06-22 05:35:42,504,504 multiprocessing INFO 
============None of the candidates fulfill the conditions. Training CONTINUES!=================


============None of the candidates fulfill the conditions. Training CONTINUES!=================

(550, 171)
/users/9/chen8596/miniconda3/envs/alfd/lib/python3.9/site-packages/torch/nn/functional.py:4999: UserWarning: Support for mismatched key_padding_mask and attn_mask is deprecated. Use same type for both instead.
  warnings.warn(

==============Start Supervised Learning==============

MainProcess| 2026-06-22 05:35:56,550,550 multiprocessing INFO GP output mean: 0.9999993840994391
GP output mean: 0.9999993840994391
MainProcess| 2026-06-22 05:35:57,257,257 multiprocessing INFO GP output success rate: 0.0
GP output success rate: 0.0

==============End Supervised Learning==============

MainProcess| 2026-06-22 05:36:00,401,401 multiprocessing INFO [Test epoch=0014]  nevals=192937 	| train_loss=11836.34570 	| eqs_invalid %=0.36 	| r_best=0.99729 	| quantile=0.00000 	| r_quantile_mean=0.08443 	| r_raw_sum=46.43770 	|  r_raw_mean=0.87618 	| r2=nan 	| acc_iid=0.00000 	| acc_ood=0.00000 	| nmse_test=3.829226402053804e-08 	| true_equation_set_count=0 	| s/it=716.32793
[Test epoch=0014]  nevals=192937 	| train_loss=11836.34570 	| eqs_invalid %=0.36 	| r_best=0.99729 	| quantile=0.00000 	| r_quantile_mean=0.08443 	| r_raw_sum=46.43770 	|  r_raw_mean=0.87618 	| r2=nan 	| acc_iid=0.00000 	| acc_ood=0.00000 	| nmse_test=3.829226402053804e-08 	| true_equation_set_count=0 	| s/it=716.32793
MainProcess| 2026-06-22 05:38:47,387,387 multiprocessing INFO Genetic Porgramming Runtime 165.42284496384673
Genetic Porgramming Runtime 165.42284496384673

=========================PGD Collection Starts=========================

SpawnPoolWorker-477| 2026-06-22 05:38:53,498,498 multiprocessing INFO STARTING NEW RUN ==========
SpawnPoolWorker-477| 2026-06-22 05:38:53,498,498 multiprocessing INFO SEE LOG AT : ./logs/all_Lyapunov_test_dso-fn_d_all_l_01_log.txt
SpawnPoolWorker-477| 2026-06-22 05:38:53,498,498 multiprocessing INFO See log at : ./logs/all_Lyapunov_test_dso-fn_d_all_l_01_log.txt
SpawnPoolWorker-477| 2026-06-22 05:38:53,500,500 multiprocessing INFO child process calling self.run()
SpawnPoolWorker-482| 2026-06-22 05:38:53,502,502 multiprocessing INFO STARTING NEW RUN ==========
SpawnPoolWorker-482| 2026-06-22 05:38:53,502,502 multiprocessing INFO SEE LOG AT : ./logs/all_Lyapunov_test_dso-fn_d_all_l_01_log.txt
SpawnPoolWorker-482| 2026-06-22 05:38:53,502,502 multiprocessing INFO See log at : ./logs/all_Lyapunov_test_dso-fn_d_all_l_01_log.txt
SpawnPoolWorker-483| 2026-06-22 05:38:53,502,502 multiprocessing INFO STARTING NEW RUN ==========
SpawnPoolWorker-483| 2026-06-22 05:38:53,502,502 multiprocessing INFO SEE LOG AT : ./logs/all_Lyapunov_test_dso-fn_d_all_l_01_log.txt
SpawnPoolWorker-483| 2026-06-22 05:38:53,502,502 multiprocessing INFO See log at : ./logs/all_Lyapunov_test_dso-fn_d_all_l_01_log.txt
SpawnPoolWorker-482| 2026-06-22 05:38:53,504,504 multiprocessing INFO child process calling self.run()
SpawnPoolWorker-483| 2026-06-22 05:38:53,505,505 multiprocessing INFO child process calling self.run()
SpawnPoolWorker-480| 2026-06-22 05:38:53,527,527 multiprocessing INFO STARTING NEW RUN ==========
SpawnPoolWorker-480| 2026-06-22 05:38:53,527,527 multiprocessing INFO SEE LOG AT : ./logs/all_Lyapunov_test_dso-fn_d_all_l_01_log.txt
SpawnPoolWorker-480| 2026-06-22 05:38:53,527,527 multiprocessing INFO See log at : ./logs/all_Lyapunov_test_dso-fn_d_all_l_01_log.txt
SpawnPoolWorker-480| 2026-06-22 05:38:53,528,528 multiprocessing INFO child process calling self.run()
SpawnPoolWorker-485| 2026-06-22 05:38:53,539,539 multiprocessing INFO STARTING NEW RUN ==========
SpawnPoolWorker-485| 2026-06-22 05:38:53,539,539 multiprocessing INFO SEE LOG AT : ./logs/all_Lyapunov_test_dso-fn_d_all_l_01_log.txt
SpawnPoolWorker-485| 2026-06-22 05:38:53,539,539 multiprocessing INFO See log at : ./logs/all_Lyapunov_test_dso-fn_d_all_l_01_log.txt
SpawnPoolWorker-485| 2026-06-22 05:38:53,540,540 multiprocessing INFO child process calling self.run()
SpawnPoolWorker-481| 2026-06-22 05:38:53,544,544 multiprocessing INFO STARTING NEW RUN ==========
SpawnPoolWorker-481| 2026-06-22 05:38:53,544,544 multiprocessing INFO SEE LOG AT : ./logs/all_Lyapunov_test_dso-fn_d_all_l_01_log.txt
SpawnPoolWorker-481| 2026-06-22 05:38:53,544,544 multiprocessing INFO See log at : ./logs/all_Lyapunov_test_dso-fn_d_all_l_01_log.txt
SpawnPoolWorker-481| 2026-06-22 05:38:53,545,545 multiprocessing INFO child process calling self.run()
SpawnPoolWorker-486| 2026-06-22 05:38:53,587,587 multiprocessing INFO STARTING NEW RUN ==========
SpawnPoolWorker-486| 2026-06-22 05:38:53,588,588 multiprocessing INFO SEE LOG AT : ./logs/all_Lyapunov_test_dso-fn_d_all_l_01_log.txt
SpawnPoolWorker-486| 2026-06-22 05:38:53,588,588 multiprocessing INFO See log at : ./logs/all_Lyapunov_test_dso-fn_d_all_l_01_log.txt
SpawnPoolWorker-486| 2026-06-22 05:38:53,589,589 multiprocessing INFO child process calling self.run()
SpawnPoolWorker-479| 2026-06-22 05:38:53,590,590 multiprocessing INFO STARTING NEW RUN ==========
SpawnPoolWorker-478| 2026-06-22 05:38:53,591,591 multiprocessing INFO STARTING NEW RUN ==========
SpawnPoolWorker-479| 2026-06-22 05:38:53,592,592 multiprocessing INFO SEE LOG AT : ./logs/all_Lyapunov_test_dso-fn_d_all_l_01_log.txt
SpawnPoolWorker-479| 2026-06-22 05:38:53,592,592 multiprocessing INFO See log at : ./logs/all_Lyapunov_test_dso-fn_d_all_l_01_log.txt
SpawnPoolWorker-478| 2026-06-22 05:38:53,592,592 multiprocessing INFO SEE LOG AT : ./logs/all_Lyapunov_test_dso-fn_d_all_l_01_log.txt
SpawnPoolWorker-478| 2026-06-22 05:38:53,592,592 multiprocessing INFO See log at : ./logs/all_Lyapunov_test_dso-fn_d_all_l_01_log.txt
SpawnPoolWorker-478| 2026-06-22 05:38:53,593,593 multiprocessing INFO child process calling self.run()
SpawnPoolWorker-479| 2026-06-22 05:38:53,597,597 multiprocessing INFO child process calling self.run()
SpawnPoolWorker-484| 2026-06-22 05:38:53,630,630 multiprocessing INFO STARTING NEW RUN ==========
SpawnPoolWorker-484| 2026-06-22 05:38:53,630,630 multiprocessing INFO SEE LOG AT : ./logs/all_Lyapunov_test_dso-fn_d_all_l_01_log.txt
SpawnPoolWorker-484| 2026-06-22 05:38:53,630,630 multiprocessing INFO See log at : ./logs/all_Lyapunov_test_dso-fn_d_all_l_01_log.txt
SpawnPoolWorker-484| 2026-06-22 05:38:53,643,643 multiprocessing INFO child process calling self.run()
SpawnPoolWorker-479| 2026-06-22 05:39:12,494,494 multiprocessing INFO process shutting down
SpawnPoolWorker-486| 2026-06-22 05:39:12,494,494 multiprocessing INFO process shutting down
SpawnPoolWorker-486| 2026-06-22 05:39:12,495,495 multiprocessing INFO process exiting with exitcode 0
SpawnPoolWorker-479| 2026-06-22 05:39:12,495,495 multiprocessing INFO process exiting with exitcode 0
SpawnPoolWorker-484| 2026-06-22 05:39:12,495,495 multiprocessing INFO process shutting down
SpawnPoolWorker-482| 2026-06-22 05:39:12,495,495 multiprocessing INFO process shutting down
SpawnPoolWorker-478| 2026-06-22 05:39:12,495,495 multiprocessing INFO process shutting down
SpawnPoolWorker-477| 2026-06-22 05:39:12,495,495 multiprocessing INFO process shutting down
SpawnPoolWorker-483| 2026-06-22 05:39:12,496,496 multiprocessing INFO process shutting down
(20000,)

===================Collect 20000 Examples===================

Epsilon 0.1
500
(550,)
(550,)
(550,)
Number of Programs for Minimization: 28
SpawnPoolWorker-503| 2026-06-22 05:39:30,880,880 multiprocessing INFO STARTING NEW RUN ==========
SpawnPoolWorker-503| 2026-06-22 05:39:30,880,880 multiprocessing INFO SEE LOG AT : ./logs/all_Lyapunov_test_dso-fn_d_all_l_01_log.txt
SpawnPoolWorker-503| 2026-06-22 05:39:30,880,880 multiprocessing INFO See log at : ./logs/all_Lyapunov_test_dso-fn_d_all_l_01_log.txt
SpawnPoolWorker-503| 2026-06-22 05:39:30,882,882 multiprocessing INFO child process calling self.run()
SpawnPoolWorker-504| 2026-06-22 05:39:35,132,132 multiprocessing INFO STARTING NEW RUN ==========
SpawnPoolWorker-504| 2026-06-22 05:39:35,132,132 multiprocessing INFO SEE LOG AT : ./logs/all_Lyapunov_test_dso-fn_d_all_l_01_log.txt
SpawnPoolWorker-504| 2026-06-22 05:39:35,132,132 multiprocessing INFO See log at : ./logs/all_Lyapunov_test_dso-fn_d_all_l_01_log.txt
SpawnPoolWorker-504| 2026-06-22 05:39:35,134,134 multiprocessing INFO child process calling self.run()
SpawnPoolWorker-493| 2026-06-22 05:39:35,810,810 multiprocessing INFO STARTING NEW RUN ==========
SpawnPoolWorker-493| 2026-06-22 05:39:35,810,810 multiprocessing INFO SEE LOG AT : ./logs/all_Lyapunov_test_dso-fn_d_all_l_01_log.txt
SpawnPoolWorker-493| 2026-06-22 05:39:35,810,810 multiprocessing INFO See log at : ./logs/all_Lyapunov_test_dso-fn_d_all_l_01_log.txt
SpawnPoolWorker-493| 2026-06-22 05:39:35,814,814 multiprocessing INFO child process calling self.run()
SpawnPoolWorker-489| 2026-06-22 05:39:35,934,934 multiprocessing INFO STARTING NEW RUN ==========
SpawnPoolWorker-489| 2026-06-22 05:39:35,934,934 multiprocessing INFO SEE LOG AT : ./logs/all_Lyapunov_test_dso-fn_d_all_l_01_log.txt
SpawnPoolWorker-489| 2026-06-22 05:39:35,934,934 multiprocessing INFO See log at : ./logs/all_Lyapunov_test_dso-fn_d_all_l_01_log.txt
SpawnPoolWorker-489| 2026-06-22 05:39:35,945,945 multiprocessing INFO child process calling self.run()
SpawnPoolWorker-509| 2026-06-22 05:39:36,011,11 multiprocessing INFO STARTING NEW RUN ==========
SpawnPoolWorker-509| 2026-06-22 05:39:36,012,12 multiprocessing INFO SEE LOG AT : ./logs/all_Lyapunov_test_dso-fn_d_all_l_01_log.txt
SpawnPoolWorker-509| 2026-06-22 05:39:36,012,12 multiprocessing INFO See log at : ./logs/all_Lyapunov_test_dso-fn_d_all_l_01_log.txt
SpawnPoolWorker-509| 2026-06-22 05:39:36,022,22 multiprocessing INFO child process calling self.run()
SpawnPoolWorker-495| 2026-06-22 05:39:36,182,182 multiprocessing INFO STARTING NEW RUN ==========
SpawnPoolWorker-495| 2026-06-22 05:39:36,182,182 multiprocessing INFO SEE LOG AT : ./logs/all_Lyapunov_test_dso-fn_d_all_l_01_log.txt
SpawnPoolWorker-495| 2026-06-22 05:39:36,183,183 multiprocessing INFO See log at : ./logs/all_Lyapunov_test_dso-fn_d_all_l_01_log.txt
SpawnPoolWorker-495| 2026-06-22 05:39:36,184,184 multiprocessing INFO child process calling self.run()
SpawnPoolWorker-494| 2026-06-22 05:39:36,455,455 multiprocessing INFO STARTING NEW RUN ==========
SpawnPoolWorker-494| 2026-06-22 05:39:36,455,455 multiprocessing INFO SEE LOG AT : ./logs/all_Lyapunov_test_dso-fn_d_all_l_01_log.txt
SpawnPoolWorker-494| 2026-06-22 05:39:36,455,455 multiprocessing INFO See log at : ./logs/all_Lyapunov_test_dso-fn_d_all_l_01_log.txt
SpawnPoolWorker-494| 2026-06-22 05:39:36,462,462 multiprocessing INFO child process calling self.run()
SpawnPoolWorker-497| 2026-06-22 05:39:36,471,471 multiprocessing INFO STARTING NEW RUN ==========
SpawnPoolWorker-497| 2026-06-22 05:39:36,480,480 multiprocessing INFO SEE LOG AT : ./logs/all_Lyapunov_test_dso-fn_d_all_l_01_log.txt
SpawnPoolWorker-497| 2026-06-22 05:39:36,480,480 multiprocessing INFO See log at : ./logs/all_Lyapunov_test_dso-fn_d_all_l_01_log.txt
SpawnPoolWorker-487| 2026-06-22 05:39:36,487,487 multiprocessing INFO STARTING NEW RUN ==========
SpawnPoolWorker-487| 2026-06-22 05:39:36,487,487 multiprocessing INFO SEE LOG AT : ./logs/all_Lyapunov_test_dso-fn_d_all_l_01_log.txt
SpawnPoolWorker-487| 2026-06-22 05:39:36,487,487 multiprocessing INFO See log at : ./logs/all_Lyapunov_test_dso-fn_d_all_l_01_log.txt
SpawnPoolWorker-497| 2026-06-22 05:39:36,488,488 multiprocessing INFO child process calling self.run()
SpawnPoolWorker-487| 2026-06-22 05:39:36,490,490 multiprocessing INFO child process calling self.run()
SpawnPoolWorker-502| 2026-06-22 05:39:36,520,520 multiprocessing INFO STARTING NEW RUN ==========
SpawnPoolWorker-502| 2026-06-22 05:39:36,520,520 multiprocessing INFO SEE LOG AT : ./logs/all_Lyapunov_test_dso-fn_d_all_l_01_log.txt
SpawnPoolWorker-502| 2026-06-22 05:39:36,520,520 multiprocessing INFO See log at : ./logs/all_Lyapunov_test_dso-fn_d_all_l_01_log.txt
SpawnPoolWorker-502| 2026-06-22 05:39:36,532,532 multiprocessing INFO child process calling self.run()
SpawnPoolWorker-499| 2026-06-22 05:39:36,718,718 multiprocessing INFO STARTING NEW RUN ==========
SpawnPoolWorker-499| 2026-06-22 05:39:36,718,718 multiprocessing INFO SEE LOG AT : ./logs/all_Lyapunov_test_dso-fn_d_all_l_01_log.txt
SpawnPoolWorker-499| 2026-06-22 05:39:36,718,718 multiprocessing INFO See log at : ./logs/all_Lyapunov_test_dso-fn_d_all_l_01_log.txt
SpawnPoolWorker-510| 2026-06-22 05:39:36,727,727 multiprocessing INFO STARTING NEW RUN ==========
SpawnPoolWorker-510| 2026-06-22 05:39:36,727,727 multiprocessing INFO SEE LOG AT : ./logs/all_Lyapunov_test_dso-fn_d_all_l_01_log.txt
SpawnPoolWorker-510| 2026-06-22 05:39:36,727,727 multiprocessing INFO See log at : ./logs/all_Lyapunov_test_dso-fn_d_all_l_01_log.txt
SpawnPoolWorker-499| 2026-06-22 05:39:36,732,732 multiprocessing INFO child process calling self.run()
SpawnPoolWorker-510| 2026-06-22 05:39:36,738,738 multiprocessing INFO child process calling self.run()
SpawnPoolWorker-501| 2026-06-22 05:39:36,761,761 multiprocessing INFO STARTING NEW RUN ==========
SpawnPoolWorker-501| 2026-06-22 05:39:36,762,762 multiprocessing INFO SEE LOG AT : ./logs/all_Lyapunov_test_dso-fn_d_all_l_01_log.txt
SpawnPoolWorker-501| 2026-06-22 05:39:36,762,762 multiprocessing INFO See log at : ./logs/all_Lyapunov_test_dso-fn_d_all_l_01_log.txt
SpawnPoolWorker-501| 2026-06-22 05:39:36,768,768 multiprocessing INFO child process calling self.run()
SpawnPoolWorker-488| 2026-06-22 05:39:36,918,918 multiprocessing INFO STARTING NEW RUN ==========
SpawnPoolWorker-488| 2026-06-22 05:39:36,918,918 multiprocessing INFO SEE LOG AT : ./logs/all_Lyapunov_test_dso-fn_d_all_l_01_log.txt
SpawnPoolWorker-488| 2026-06-22 05:39:36,918,918 multiprocessing INFO See log at : ./logs/all_Lyapunov_test_dso-fn_d_all_l_01_log.txt
SpawnPoolWorker-488| 2026-06-22 05:39:36,925,925 multiprocessing INFO child process calling self.run()
SpawnPoolWorker-500| 2026-06-22 05:39:37,034,34 multiprocessing INFO STARTING NEW RUN ==========
SpawnPoolWorker-500| 2026-06-22 05:39:37,034,34 multiprocessing INFO SEE LOG AT : ./logs/all_Lyapunov_test_dso-fn_d_all_l_01_log.txt
SpawnPoolWorker-500| 2026-06-22 05:39:37,034,34 multiprocessing INFO See log at : ./logs/all_Lyapunov_test_dso-fn_d_all_l_01_log.txt
SpawnPoolWorker-500| 2026-06-22 05:39:37,039,39 multiprocessing INFO child process calling self.run()
SpawnPoolWorker-505| 2026-06-22 05:39:37,061,61 multiprocessing INFO STARTING NEW RUN ==========
SpawnPoolWorker-505| 2026-06-22 05:39:37,061,61 multiprocessing INFO SEE LOG AT : ./logs/all_Lyapunov_test_dso-fn_d_all_l_01_log.txt
SpawnPoolWorker-505| 2026-06-22 05:39:37,061,61 multiprocessing INFO See log at : ./logs/all_Lyapunov_test_dso-fn_d_all_l_01_log.txt
SpawnPoolWorker-505| 2026-06-22 05:39:37,066,66 multiprocessing INFO child process calling self.run()
SpawnPoolWorker-496| 2026-06-22 05:39:37,362,362 multiprocessing INFO STARTING NEW RUN ==========
SpawnPoolWorker-496| 2026-06-22 05:39:37,362,362 multiprocessing INFO SEE LOG AT : ./logs/all_Lyapunov_test_dso-fn_d_all_l_01_log.txt
SpawnPoolWorker-496| 2026-06-22 05:39:37,362,362 multiprocessing INFO See log at : ./logs/all_Lyapunov_test_dso-fn_d_all_l_01_log.txt
SpawnPoolWorker-496| 2026-06-22 05:39:37,365,365 multiprocessing INFO child process calling self.run()
SpawnPoolWorker-508| 2026-06-22 05:39:37,584,584 multiprocessing INFO STARTING NEW RUN ==========
SpawnPoolWorker-508| 2026-06-22 05:39:37,584,584 multiprocessing INFO SEE LOG AT : ./logs/all_Lyapunov_test_dso-fn_d_all_l_01_log.txt
SpawnPoolWorker-508| 2026-06-22 05:39:37,584,584 multiprocessing INFO See log at : ./logs/all_Lyapunov_test_dso-fn_d_all_l_01_log.txt
SpawnPoolWorker-491| 2026-06-22 05:39:37,585,585 multiprocessing INFO STARTING NEW RUN ==========
SpawnPoolWorker-491| 2026-06-22 05:39:37,585,585 multiprocessing INFO SEE LOG AT : ./logs/all_Lyapunov_test_dso-fn_d_all_l_01_log.txt
SpawnPoolWorker-491| 2026-06-22 05:39:37,585,585 multiprocessing INFO See log at : ./logs/all_Lyapunov_test_dso-fn_d_all_l_01_log.txt
SpawnPoolWorker-491| 2026-06-22 05:39:37,590,590 multiprocessing INFO child process calling self.run()
SpawnPoolWorker-508| 2026-06-22 05:39:37,599,599 multiprocessing INFO child process calling self.run()
SpawnPoolWorker-506| 2026-06-22 05:39:37,800,800 multiprocessing INFO STARTING NEW RUN ==========
SpawnPoolWorker-506| 2026-06-22 05:39:37,800,800 multiprocessing INFO SEE LOG AT : ./logs/all_Lyapunov_test_dso-fn_d_all_l_01_log.txt
SpawnPoolWorker-506| 2026-06-22 05:39:37,800,800 multiprocessing INFO See log at : ./logs/all_Lyapunov_test_dso-fn_d_all_l_01_log.txt
SpawnPoolWorker-506| 2026-06-22 05:39:37,808,808 multiprocessing INFO child process calling self.run()
SpawnPoolWorker-492| 2026-06-22 05:39:38,554,554 multiprocessing INFO STARTING NEW RUN ==========
SpawnPoolWorker-492| 2026-06-22 05:39:38,554,554 multiprocessing INFO SEE LOG AT : ./logs/all_Lyapunov_test_dso-fn_d_all_l_01_log.txt
SpawnPoolWorker-492| 2026-06-22 05:39:38,554,554 multiprocessing INFO See log at : ./logs/all_Lyapunov_test_dso-fn_d_all_l_01_log.txt
SpawnPoolWorker-492| 2026-06-22 05:39:38,568,568 multiprocessing INFO child process calling self.run()
SpawnPoolWorker-498| 2026-06-22 05:39:38,665,665 multiprocessing INFO STARTING NEW RUN ==========
SpawnPoolWorker-498| 2026-06-22 05:39:38,665,665 multiprocessing INFO SEE LOG AT : ./logs/all_Lyapunov_test_dso-fn_d_all_l_01_log.txt
SpawnPoolWorker-498| 2026-06-22 05:39:38,665,665 multiprocessing INFO See log at : ./logs/all_Lyapunov_test_dso-fn_d_all_l_01_log.txt
SpawnPoolWorker-498| 2026-06-22 05:39:38,675,675 multiprocessing INFO child process calling self.run()
SpawnPoolWorker-507| 2026-06-22 05:39:38,686,686 multiprocessing INFO STARTING NEW RUN ==========
SpawnPoolWorker-507| 2026-06-22 05:39:38,686,686 multiprocessing INFO SEE LOG AT : ./logs/all_Lyapunov_test_dso-fn_d_all_l_01_log.txt
SpawnPoolWorker-507| 2026-06-22 05:39:38,686,686 multiprocessing INFO See log at : ./logs/all_Lyapunov_test_dso-fn_d_all_l_01_log.txt
SpawnPoolWorker-507| 2026-06-22 05:39:38,695,695 multiprocessing INFO child process calling self.run()
SpawnPoolWorker-490| 2026-06-22 05:39:39,070,70 multiprocessing INFO STARTING NEW RUN ==========
SpawnPoolWorker-490| 2026-06-22 05:39:39,070,70 multiprocessing INFO SEE LOG AT : ./logs/all_Lyapunov_test_dso-fn_d_all_l_01_log.txt
SpawnPoolWorker-490| 2026-06-22 05:39:39,070,70 multiprocessing INFO See log at : ./logs/all_Lyapunov_test_dso-fn_d_all_l_01_log.txt
SpawnPoolWorker-490| 2026-06-22 05:39:39,076,76 multiprocessing INFO child process calling self.run()
SpawnPoolWorker-503| 2026-06-22 05:49:30,084,84 multiprocessing INFO process shutting down
SpawnPoolWorker-491| 2026-06-22 05:49:30,084,84 multiprocessing INFO process shutting down
SpawnPoolWorker-505| 2026-06-22 05:49:30,084,84 multiprocessing INFO process shutting down
SpawnPoolWorker-500| 2026-06-22 05:49:30,084,84 multiprocessing INFO process shutting down
SpawnPoolWorker-490| 2026-06-22 05:49:30,084,84 multiprocessing INFO process shutting down
SpawnPoolWorker-500| 2026-06-22 05:49:30,085,85 multiprocessing INFO process exiting with exitcode 0
SpawnPoolWorker-505| 2026-06-22 05:49:30,085,85 multiprocessing INFO process exiting with exitcode 0
SpawnPoolWorker-491| 2026-06-22 05:49:30,085,85 multiprocessing INFO process exiting with exitcode 0
SpawnPoolWorker-503| 2026-06-22 05:49:30,085,85 multiprocessing INFO process exiting with exitcode 0
SpawnPoolWorker-490| 2026-06-22 05:49:30,085,85 multiprocessing INFO process exiting with exitcode 0
SpawnPoolWorker-507| 2026-06-22 05:49:30,087,87 multiprocessing INFO process shutting down
SpawnPoolWorker-510| 2026-06-22 05:49:30,087,87 multiprocessing INFO process shutting down
SpawnPoolWorker-487| 2026-06-22 05:49:30,087,87 multiprocessing INFO process shutting down
SpawnPoolWorker-496| 2026-06-22 05:49:30,087,87 multiprocessing INFO process shutting down
SpawnPoolWorker-488| 2026-06-22 05:49:30,087,87 multiprocessing INFO process shutting down
SpawnPoolWorker-506| 2026-06-22 05:49:30,088,88 multiprocessing INFO process shutting down
SpawnPoolWorker-507| 2026-06-22 05:49:30,089,89 multiprocessing INFO process exiting with exitcode 0
SpawnPoolWorker-497| 2026-06-22 05:49:30,089,89 multiprocessing INFO process shutting down
SpawnPoolWorker-509| 2026-06-22 05:49:30,090,90 multiprocessing INFO process shutting down
SpawnPoolWorker-508| 2026-06-22 05:49:30,091,91 multiprocessing INFO process shutting down
SpawnPoolWorker-497| 2026-06-22 05:49:30,092,92 multiprocessing INFO process exiting with exitcode 0
SpawnPoolWorker-508| 2026-06-22 05:49:30,093,93 multiprocessing INFO process exiting with exitcode 0
SpawnPoolWorker-493| 2026-06-22 05:49:30,090,90 multiprocessing INFO process shutting down
SpawnPoolWorker-498| 2026-06-22 05:49:30,102,102 multiprocessing INFO process shutting down
SpawnPoolWorker-493| 2026-06-22 05:49:30,107,107 multiprocessing INFO process exiting with exitcode 0
SpawnPoolWorker-510| 2026-06-22 05:49:30,107,107 multiprocessing INFO process exiting with exitcode 0
SpawnPoolWorker-487| 2026-06-22 05:49:30,109,109 multiprocessing INFO process exiting with exitcode 0
SpawnPoolWorker-496| 2026-06-22 05:49:30,109,109 multiprocessing INFO process exiting with exitcode 0
SpawnPoolWorker-506| 2026-06-22 05:49:30,118,118 multiprocessing INFO process exiting with exitcode 0
SpawnPoolWorker-488| 2026-06-22 05:49:30,118,118 multiprocessing INFO process exiting with exitcode 0
SpawnPoolWorker-509| 2026-06-22 05:49:30,128,128 multiprocessing INFO process exiting with exitcode 0
SpawnPoolWorker-498| 2026-06-22 05:49:30,128,128 multiprocessing INFO process exiting with exitcode 0
SpawnPoolWorker-492| 2026-06-22 05:49:30,129,129 multiprocessing INFO process shutting down
SpawnPoolWorker-504| 2026-06-22 05:49:30,129,129 multiprocessing INFO process shutting down
SpawnPoolWorker-492| 2026-06-22 05:49:30,130,130 multiprocessing INFO process exiting with exitcode 0
SpawnPoolWorker-495| 2026-06-22 05:49:30,129,129 multiprocessing INFO process shutting down
SpawnPoolWorker-495| 2026-06-22 05:49:30,130,130 multiprocessing INFO process exiting with exitcode 0
SpawnPoolWorker-494| 2026-06-22 05:49:30,129,129 multiprocessing INFO process shutting down
SpawnPoolWorker-489| 2026-06-22 05:49:30,130,130 multiprocessing INFO process shutting down
SpawnPoolWorker-502| 2026-06-22 05:49:30,130,130 multiprocessing INFO process shutting down
SpawnPoolWorker-501| 2026-06-22 05:49:30,131,131 multiprocessing INFO process shutting down
SpawnPoolWorker-501| 2026-06-22 05:49:30,131,131 multiprocessing INFO process exiting with exitcode 0
SpawnPoolWorker-499| 2026-06-22 05:49:30,131,131 multiprocessing INFO process shutting down
SpawnPoolWorker-504| 2026-06-22 05:49:30,133,133 multiprocessing INFO process exiting with exitcode 0
28
(100000, 9)
(100000,)
(100000, 9)
(100000,)

=======================Successfully Added (50000, 9) Counter Examples=======================


============None of the candidates fulfill the conditions. Training CONTINUES!=================

MainProcess| 2026-06-22 05:49:38,967,967 multiprocessing INFO 
============None of the candidates fulfill the conditions. Training CONTINUES!=================


============None of the candidates fulfill the conditions. Training CONTINUES!=================

(550, 171)
/users/9/chen8596/miniconda3/envs/alfd/lib/python3.9/site-packages/torch/nn/functional.py:4999: UserWarning: Support for mismatched key_padding_mask and attn_mask is deprecated. Use same type for both instead.
  warnings.warn(

==============Start Supervised Learning==============

MainProcess| 2026-06-22 05:49:51,677,677 multiprocessing INFO GP output mean: 0.8385844540733769
GP output mean: 0.8385844540733769
MainProcess| 2026-06-22 05:49:52,760,760 multiprocessing INFO GP output success rate: 0.0
GP output success rate: 0.0

==============End Supervised Learning==============

MainProcess| 2026-06-22 05:49:55,907,907 multiprocessing INFO [Test epoch=0015]  nevals=206727 	| train_loss=13617.56641 	| eqs_invalid %=0.00 	| r_best=0.99729 	| quantile=0.00000 	| r_quantile_mean=0.06681 	| r_raw_sum=36.74643 	|  r_raw_mean=0.69333 	| r2=nan 	| acc_iid=0.00000 	| acc_ood=0.00000 	| nmse_test=3.829226402053804e-08 	| true_equation_set_count=0 	| s/it=835.50639
[Test epoch=0015]  nevals=206727 	| train_loss=13617.56641 	| eqs_invalid %=0.00 	| r_best=0.99729 	| quantile=0.00000 	| r_quantile_mean=0.06681 	| r_raw_sum=36.74643 	|  r_raw_mean=0.69333 	| r2=nan 	| acc_iid=0.00000 	| acc_ood=0.00000 	| nmse_test=3.829226402053804e-08 	| true_equation_set_count=0 	| s/it=835.50639
MainProcess| 2026-06-22 05:49:55,908,908 multiprocessing INFO [00:03:06:26.94] Training epoch 15/4000, current best R: 0.9973
[00:03:06:26.94] Training epoch 15/4000, current best R: 0.9973
MainProcess| 2026-06-22 05:52:33,319,319 multiprocessing INFO Genetic Porgramming Runtime 155.8407021490857
Genetic Porgramming Runtime 155.8407021490857

=========================PGD Collection Starts=========================

SpawnPoolWorker-517| 2026-06-22 05:52:38,269,269 multiprocessing INFO STARTING NEW RUN ==========
SpawnPoolWorker-517| 2026-06-22 05:52:38,270,270 multiprocessing INFO SEE LOG AT : ./logs/all_Lyapunov_test_dso-fn_d_all_l_01_log.txt
SpawnPoolWorker-517| 2026-06-22 05:52:38,270,270 multiprocessing INFO See log at : ./logs/all_Lyapunov_test_dso-fn_d_all_l_01_log.txt
SpawnPoolWorker-517| 2026-06-22 05:52:38,271,271 multiprocessing INFO child process calling self.run()
SpawnPoolWorker-512| 2026-06-22 05:52:38,276,276 multiprocessing INFO STARTING NEW RUN ==========
SpawnPoolWorker-512| 2026-06-22 05:52:38,276,276 multiprocessing INFO SEE LOG AT : ./logs/all_Lyapunov_test_dso-fn_d_all_l_01_log.txt
SpawnPoolWorker-512| 2026-06-22 05:52:38,276,276 multiprocessing INFO See log at : ./logs/all_Lyapunov_test_dso-fn_d_all_l_01_log.txt
SpawnPoolWorker-512| 2026-06-22 05:52:38,277,277 multiprocessing INFO child process calling self.run()
SpawnPoolWorker-514| 2026-06-22 05:52:38,822,822 multiprocessing INFO STARTING NEW RUN ==========
SpawnPoolWorker-514| 2026-06-22 05:52:38,822,822 multiprocessing INFO SEE LOG AT : ./logs/all_Lyapunov_test_dso-fn_d_all_l_01_log.txt
SpawnPoolWorker-514| 2026-06-22 05:52:38,822,822 multiprocessing INFO See log at : ./logs/all_Lyapunov_test_dso-fn_d_all_l_01_log.txt
SpawnPoolWorker-514| 2026-06-22 05:52:38,830,830 multiprocessing INFO child process calling self.run()
SpawnPoolWorker-511| 2026-06-22 05:52:39,346,346 multiprocessing INFO STARTING NEW RUN ==========
SpawnPoolWorker-511| 2026-06-22 05:52:39,346,346 multiprocessing INFO SEE LOG AT : ./logs/all_Lyapunov_test_dso-fn_d_all_l_01_log.txt
SpawnPoolWorker-511| 2026-06-22 05:52:39,346,346 multiprocessing INFO See log at : ./logs/all_Lyapunov_test_dso-fn_d_all_l_01_log.txt
SpawnPoolWorker-511| 2026-06-22 05:52:39,349,349 multiprocessing INFO child process calling self.run()
SpawnPoolWorker-513| 2026-06-22 05:52:39,536,536 multiprocessing INFO STARTING NEW RUN ==========
SpawnPoolWorker-513| 2026-06-22 05:52:39,537,537 multiprocessing INFO SEE LOG AT : ./logs/all_Lyapunov_test_dso-fn_d_all_l_01_log.txt
SpawnPoolWorker-513| 2026-06-22 05:52:39,537,537 multiprocessing INFO See log at : ./logs/all_Lyapunov_test_dso-fn_d_all_l_01_log.txt
SpawnPoolWorker-513| 2026-06-22 05:52:39,538,538 multiprocessing INFO child process calling self.run()
SpawnPoolWorker-518| 2026-06-22 05:52:39,639,639 multiprocessing INFO STARTING NEW RUN ==========
SpawnPoolWorker-518| 2026-06-22 05:52:39,639,639 multiprocessing INFO SEE LOG AT : ./logs/all_Lyapunov_test_dso-fn_d_all_l_01_log.txt
SpawnPoolWorker-518| 2026-06-22 05:52:39,639,639 multiprocessing INFO See log at : ./logs/all_Lyapunov_test_dso-fn_d_all_l_01_log.txt
SpawnPoolWorker-518| 2026-06-22 05:52:39,643,643 multiprocessing INFO child process calling self.run()
SpawnPoolWorker-516| 2026-06-22 05:52:39,676,676 multiprocessing INFO STARTING NEW RUN ==========
SpawnPoolWorker-516| 2026-06-22 05:52:39,676,676 multiprocessing INFO SEE LOG AT : ./logs/all_Lyapunov_test_dso-fn_d_all_l_01_log.txt
SpawnPoolWorker-516| 2026-06-22 05:52:39,676,676 multiprocessing INFO See log at : ./logs/all_Lyapunov_test_dso-fn_d_all_l_01_log.txt
SpawnPoolWorker-516| 2026-06-22 05:52:39,678,678 multiprocessing INFO child process calling self.run()
SpawnPoolWorker-515| 2026-06-22 05:52:39,733,733 multiprocessing INFO STARTING NEW RUN ==========
SpawnPoolWorker-515| 2026-06-22 05:52:39,734,734 multiprocessing INFO SEE LOG AT : ./logs/all_Lyapunov_test_dso-fn_d_all_l_01_log.txt
SpawnPoolWorker-515| 2026-06-22 05:52:39,734,734 multiprocessing INFO See log at : ./logs/all_Lyapunov_test_dso-fn_d_all_l_01_log.txt
SpawnPoolWorker-515| 2026-06-22 05:52:39,735,735 multiprocessing INFO child process calling self.run()
SpawnPoolWorker-520| 2026-06-22 05:52:39,780,780 multiprocessing INFO STARTING NEW RUN ==========
SpawnPoolWorker-520| 2026-06-22 05:52:39,780,780 multiprocessing INFO SEE LOG AT : ./logs/all_Lyapunov_test_dso-fn_d_all_l_01_log.txt
SpawnPoolWorker-520| 2026-06-22 05:52:39,780,780 multiprocessing INFO See log at : ./logs/all_Lyapunov_test_dso-fn_d_all_l_01_log.txt
SpawnPoolWorker-520| 2026-06-22 05:52:39,784,784 multiprocessing INFO child process calling self.run()
SpawnPoolWorker-519| 2026-06-22 05:52:39,848,848 multiprocessing INFO STARTING NEW RUN ==========
SpawnPoolWorker-519| 2026-06-22 05:52:39,848,848 multiprocessing INFO SEE LOG AT : ./logs/all_Lyapunov_test_dso-fn_d_all_l_01_log.txt
SpawnPoolWorker-519| 2026-06-22 05:52:39,848,848 multiprocessing INFO See log at : ./logs/all_Lyapunov_test_dso-fn_d_all_l_01_log.txt
SpawnPoolWorker-519| 2026-06-22 05:52:39,850,850 multiprocessing INFO child process calling self.run()
SpawnPoolWorker-519| 2026-06-22 05:52:56,057,57 multiprocessing INFO process shutting down
SpawnPoolWorker-519| 2026-06-22 05:52:56,057,57 multiprocessing INFO process exiting with exitcode 0
SpawnPoolWorker-514| 2026-06-22 05:52:56,058,58 multiprocessing INFO process shutting down
SpawnPoolWorker-511| 2026-06-22 05:52:56,058,58 multiprocessing INFO process shutting down
SpawnPoolWorker-512| 2026-06-22 05:52:56,058,58 multiprocessing INFO process shutting down
SpawnPoolWorker-520| 2026-06-22 05:52:56,058,58 multiprocessing INFO process shutting down
SpawnPoolWorker-517| 2026-06-22 05:52:56,058,58 multiprocessing INFO process shutting down
SpawnPoolWorker-515| 2026-06-22 05:52:56,058,58 multiprocessing INFO process shutting down
SpawnPoolWorker-513| 2026-06-22 05:52:56,058,58 multiprocessing INFO process shutting down
SpawnPoolWorker-518| 2026-06-22 05:52:56,058,58 multiprocessing INFO process shutting down
SpawnPoolWorker-516| 2026-06-22 05:52:56,059,59 multiprocessing INFO process shutting down
(20000,)

===================Collect 20000 Examples===================

Epsilon 0.1
500
(550,)
(550,)
(55,)
Number of Programs for Minimization: 28
SpawnPoolWorker-521| 2026-06-22 05:53:20,324,324 multiprocessing INFO STARTING NEW RUN ==========
SpawnPoolWorker-521| 2026-06-22 05:53:20,324,324 multiprocessing INFO SEE LOG AT : ./logs/all_Lyapunov_test_dso-fn_d_all_l_01_log.txt
SpawnPoolWorker-521| 2026-06-22 05:53:20,324,324 multiprocessing INFO See log at : ./logs/all_Lyapunov_test_dso-fn_d_all_l_01_log.txt
SpawnPoolWorker-521| 2026-06-22 05:53:20,343,343 multiprocessing INFO child process calling self.run()
SpawnPoolWorker-528| 2026-06-22 05:53:20,583,583 multiprocessing INFO STARTING NEW RUN ==========
SpawnPoolWorker-528| 2026-06-22 05:53:20,583,583 multiprocessing INFO SEE LOG AT : ./logs/all_Lyapunov_test_dso-fn_d_all_l_01_log.txt
SpawnPoolWorker-528| 2026-06-22 05:53:20,583,583 multiprocessing INFO See log at : ./logs/all_Lyapunov_test_dso-fn_d_all_l_01_log.txt
SpawnPoolWorker-528| 2026-06-22 05:53:20,593,593 multiprocessing INFO child process calling self.run()
SpawnPoolWorker-522| 2026-06-22 05:53:20,873,873 multiprocessing INFO STARTING NEW RUN ==========
SpawnPoolWorker-522| 2026-06-22 05:53:20,873,873 multiprocessing INFO SEE LOG AT : ./logs/all_Lyapunov_test_dso-fn_d_all_l_01_log.txt
SpawnPoolWorker-522| 2026-06-22 05:53:20,873,873 multiprocessing INFO See log at : ./logs/all_Lyapunov_test_dso-fn_d_all_l_01_log.txt
SpawnPoolWorker-522| 2026-06-22 05:53:20,882,882 multiprocessing INFO child process calling self.run()
SpawnPoolWorker-526| 2026-06-22 05:53:20,946,946 multiprocessing INFO STARTING NEW RUN ==========
SpawnPoolWorker-526| 2026-06-22 05:53:20,946,946 multiprocessing INFO SEE LOG AT : ./logs/all_Lyapunov_test_dso-fn_d_all_l_01_log.txt
SpawnPoolWorker-526| 2026-06-22 05:53:20,946,946 multiprocessing INFO See log at : ./logs/all_Lyapunov_test_dso-fn_d_all_l_01_log.txt
SpawnPoolWorker-526| 2026-06-22 05:53:20,949,949 multiprocessing INFO child process calling self.run()
SpawnPoolWorker-525| 2026-06-22 05:53:22,411,411 multiprocessing INFO STARTING NEW RUN ==========
SpawnPoolWorker-525| 2026-06-22 05:53:22,411,411 multiprocessing INFO SEE LOG AT : ./logs/all_Lyapunov_test_dso-fn_d_all_l_01_log.txt
SpawnPoolWorker-525| 2026-06-22 05:53:22,412,412 multiprocessing INFO See log at : ./logs/all_Lyapunov_test_dso-fn_d_all_l_01_log.txt
SpawnPoolWorker-525| 2026-06-22 05:53:22,428,428 multiprocessing INFO child process calling self.run()
SpawnPoolWorker-523| 2026-06-22 05:53:22,667,667 multiprocessing INFO STARTING NEW RUN ==========
SpawnPoolWorker-523| 2026-06-22 05:53:22,667,667 multiprocessing INFO SEE LOG AT : ./logs/all_Lyapunov_test_dso-fn_d_all_l_01_log.txt
SpawnPoolWorker-523| 2026-06-22 05:53:22,667,667 multiprocessing INFO See log at : ./logs/all_Lyapunov_test_dso-fn_d_all_l_01_log.txt
SpawnPoolWorker-523| 2026-06-22 05:53:22,680,680 multiprocessing INFO child process calling self.run()
SpawnPoolWorker-534| 2026-06-22 05:53:23,431,431 multiprocessing INFO STARTING NEW RUN ==========
SpawnPoolWorker-534| 2026-06-22 05:53:23,431,431 multiprocessing INFO SEE LOG AT : ./logs/all_Lyapunov_test_dso-fn_d_all_l_01_log.txt
SpawnPoolWorker-534| 2026-06-22 05:53:23,431,431 multiprocessing INFO See log at : ./logs/all_Lyapunov_test_dso-fn_d_all_l_01_log.txt
SpawnPoolWorker-524| 2026-06-22 05:53:23,434,434 multiprocessing INFO STARTING NEW RUN ==========
SpawnPoolWorker-524| 2026-06-22 05:53:23,434,434 multiprocessing INFO SEE LOG AT : ./logs/all_Lyapunov_test_dso-fn_d_all_l_01_log.txt
SpawnPoolWorker-524| 2026-06-22 05:53:23,434,434 multiprocessing INFO See log at : ./logs/all_Lyapunov_test_dso-fn_d_all_l_01_log.txt
SpawnPoolWorker-524| 2026-06-22 05:53:23,443,443 multiprocessing INFO child process calling self.run()
SpawnPoolWorker-534| 2026-06-22 05:53:23,440,440 multiprocessing INFO child process calling self.run()
SpawnPoolWorker-530| 2026-06-22 05:53:23,589,589 multiprocessing INFO STARTING NEW RUN ==========
SpawnPoolWorker-530| 2026-06-22 05:53:23,589,589 multiprocessing INFO SEE LOG AT : ./logs/all_Lyapunov_test_dso-fn_d_all_l_01_log.txt
SpawnPoolWorker-530| 2026-06-22 05:53:23,589,589 multiprocessing INFO See log at : ./logs/all_Lyapunov_test_dso-fn_d_all_l_01_log.txt
SpawnPoolWorker-530| 2026-06-22 05:53:23,591,591 multiprocessing INFO child process calling self.run()
SpawnPoolWorker-529| 2026-06-22 05:53:23,674,674 multiprocessing INFO STARTING NEW RUN ==========
SpawnPoolWorker-529| 2026-06-22 05:53:23,674,674 multiprocessing INFO SEE LOG AT : ./logs/all_Lyapunov_test_dso-fn_d_all_l_01_log.txt
SpawnPoolWorker-529| 2026-06-22 05:53:23,674,674 multiprocessing INFO See log at : ./logs/all_Lyapunov_test_dso-fn_d_all_l_01_log.txt
SpawnPoolWorker-537| 2026-06-22 05:53:23,682,682 multiprocessing INFO STARTING NEW RUN ==========
SpawnPoolWorker-537| 2026-06-22 05:53:23,682,682 multiprocessing INFO SEE LOG AT : ./logs/all_Lyapunov_test_dso-fn_d_all_l_01_log.txt
SpawnPoolWorker-537| 2026-06-22 05:53:23,682,682 multiprocessing INFO See log at : ./logs/all_Lyapunov_test_dso-fn_d_all_l_01_log.txt
SpawnPoolWorker-537| 2026-06-22 05:53:23,687,687 multiprocessing INFO child process calling self.run()
SpawnPoolWorker-529| 2026-06-22 05:53:23,689,689 multiprocessing INFO child process calling self.run()
SpawnPoolWorker-531| 2026-06-22 05:53:23,716,716 multiprocessing INFO STARTING NEW RUN ==========
SpawnPoolWorker-531| 2026-06-22 05:53:23,716,716 multiprocessing INFO SEE LOG AT : ./logs/all_Lyapunov_test_dso-fn_d_all_l_01_log.txt
SpawnPoolWorker-531| 2026-06-22 05:53:23,716,716 multiprocessing INFO See log at : ./logs/all_Lyapunov_test_dso-fn_d_all_l_01_log.txt
SpawnPoolWorker-531| 2026-06-22 05:53:23,720,720 multiprocessing INFO child process calling self.run()
SpawnPoolWorker-535| 2026-06-22 05:53:23,843,843 multiprocessing INFO STARTING NEW RUN ==========
SpawnPoolWorker-535| 2026-06-22 05:53:23,845,845 multiprocessing INFO SEE LOG AT : ./logs/all_Lyapunov_test_dso-fn_d_all_l_01_log.txt
SpawnPoolWorker-535| 2026-06-22 05:53:23,846,846 multiprocessing INFO See log at : ./logs/all_Lyapunov_test_dso-fn_d_all_l_01_log.txt
SpawnPoolWorker-535| 2026-06-22 05:53:23,857,857 multiprocessing INFO child process calling self.run()
SpawnPoolWorker-527| 2026-06-22 05:53:23,948,948 multiprocessing INFO STARTING NEW RUN ==========
SpawnPoolWorker-527| 2026-06-22 05:53:23,948,948 multiprocessing INFO SEE LOG AT : ./logs/all_Lyapunov_test_dso-fn_d_all_l_01_log.txt
SpawnPoolWorker-527| 2026-06-22 05:53:23,948,948 multiprocessing INFO See log at : ./logs/all_Lyapunov_test_dso-fn_d_all_l_01_log.txt
SpawnPoolWorker-527| 2026-06-22 05:53:23,951,951 multiprocessing INFO child process calling self.run()
SpawnPoolWorker-533| 2026-06-22 05:53:24,164,164 multiprocessing INFO STARTING NEW RUN ==========
SpawnPoolWorker-533| 2026-06-22 05:53:24,164,164 multiprocessing INFO SEE LOG AT : ./logs/all_Lyapunov_test_dso-fn_d_all_l_01_log.txt
SpawnPoolWorker-533| 2026-06-22 05:53:24,164,164 multiprocessing INFO See log at : ./logs/all_Lyapunov_test_dso-fn_d_all_l_01_log.txt
SpawnPoolWorker-533| 2026-06-22 05:53:24,182,182 multiprocessing INFO child process calling self.run()
SpawnPoolWorker-538| 2026-06-22 05:53:24,304,304 multiprocessing INFO STARTING NEW RUN ==========
SpawnPoolWorker-538| 2026-06-22 05:53:24,304,304 multiprocessing INFO SEE LOG AT : ./logs/all_Lyapunov_test_dso-fn_d_all_l_01_log.txt
SpawnPoolWorker-538| 2026-06-22 05:53:24,304,304 multiprocessing INFO See log at : ./logs/all_Lyapunov_test_dso-fn_d_all_l_01_log.txt
SpawnPoolWorker-538| 2026-06-22 05:53:24,314,314 multiprocessing INFO child process calling self.run()
SpawnPoolWorker-532| 2026-06-22 05:53:24,346,346 multiprocessing INFO STARTING NEW RUN ==========
SpawnPoolWorker-532| 2026-06-22 05:53:24,346,346 multiprocessing INFO SEE LOG AT : ./logs/all_Lyapunov_test_dso-fn_d_all_l_01_log.txt
SpawnPoolWorker-532| 2026-06-22 05:53:24,346,346 multiprocessing INFO See log at : ./logs/all_Lyapunov_test_dso-fn_d_all_l_01_log.txt
SpawnPoolWorker-532| 2026-06-22 05:53:24,368,368 multiprocessing INFO child process calling self.run()
SpawnPoolWorker-536| 2026-06-22 05:53:24,523,523 multiprocessing INFO STARTING NEW RUN ==========
SpawnPoolWorker-536| 2026-06-22 05:53:24,523,523 multiprocessing INFO SEE LOG AT : ./logs/all_Lyapunov_test_dso-fn_d_all_l_01_log.txt
SpawnPoolWorker-536| 2026-06-22 05:53:24,523,523 multiprocessing INFO See log at : ./logs/all_Lyapunov_test_dso-fn_d_all_l_01_log.txt
SpawnPoolWorker-536| 2026-06-22 05:53:24,528,528 multiprocessing INFO child process calling self.run()
SpawnPoolWorker-543| 2026-06-22 05:53:24,647,647 multiprocessing INFO STARTING NEW RUN ==========
SpawnPoolWorker-543| 2026-06-22 05:53:24,647,647 multiprocessing INFO SEE LOG AT : ./logs/all_Lyapunov_test_dso-fn_d_all_l_01_log.txt
SpawnPoolWorker-543| 2026-06-22 05:53:24,647,647 multiprocessing INFO See log at : ./logs/all_Lyapunov_test_dso-fn_d_all_l_01_log.txt
SpawnPoolWorker-543| 2026-06-22 05:53:24,662,662 multiprocessing INFO child process calling self.run()
SpawnPoolWorker-541| 2026-06-22 05:53:24,870,870 multiprocessing INFO STARTING NEW RUN ==========
SpawnPoolWorker-541| 2026-06-22 05:53:24,870,870 multiprocessing INFO SEE LOG AT : ./logs/all_Lyapunov_test_dso-fn_d_all_l_01_log.txt
SpawnPoolWorker-541| 2026-06-22 05:53:24,870,870 multiprocessing INFO See log at : ./logs/all_Lyapunov_test_dso-fn_d_all_l_01_log.txt
SpawnPoolWorker-541| 2026-06-22 05:53:24,883,883 multiprocessing INFO child process calling self.run()
SpawnPoolWorker-539| 2026-06-22 05:53:25,034,34 multiprocessing INFO STARTING NEW RUN ==========
SpawnPoolWorker-539| 2026-06-22 05:53:25,034,34 multiprocessing INFO SEE LOG AT : ./logs/all_Lyapunov_test_dso-fn_d_all_l_01_log.txt
SpawnPoolWorker-539| 2026-06-22 05:53:25,034,34 multiprocessing INFO See log at : ./logs/all_Lyapunov_test_dso-fn_d_all_l_01_log.txt
SpawnPoolWorker-539| 2026-06-22 05:53:25,037,37 multiprocessing INFO child process calling self.run()
SpawnPoolWorker-542| 2026-06-22 05:53:25,196,196 multiprocessing INFO STARTING NEW RUN ==========
SpawnPoolWorker-542| 2026-06-22 05:53:25,196,196 multiprocessing INFO SEE LOG AT : ./logs/all_Lyapunov_test_dso-fn_d_all_l_01_log.txt
SpawnPoolWorker-542| 2026-06-22 05:53:25,196,196 multiprocessing INFO See log at : ./logs/all_Lyapunov_test_dso-fn_d_all_l_01_log.txt
SpawnPoolWorker-542| 2026-06-22 05:53:25,203,203 multiprocessing INFO child process calling self.run()
SpawnPoolWorker-544| 2026-06-22 05:53:25,620,620 multiprocessing INFO STARTING NEW RUN ==========
SpawnPoolWorker-544| 2026-06-22 05:53:25,620,620 multiprocessing INFO SEE LOG AT : ./logs/all_Lyapunov_test_dso-fn_d_all_l_01_log.txt
SpawnPoolWorker-544| 2026-06-22 05:53:25,622,622 multiprocessing INFO See log at : ./logs/all_Lyapunov_test_dso-fn_d_all_l_01_log.txt
SpawnPoolWorker-544| 2026-06-22 05:53:25,628,628 multiprocessing INFO child process calling self.run()
SpawnPoolWorker-540| 2026-06-22 05:53:25,764,764 multiprocessing INFO STARTING NEW RUN ==========
SpawnPoolWorker-540| 2026-06-22 05:53:25,764,764 multiprocessing INFO SEE LOG AT : ./logs/all_Lyapunov_test_dso-fn_d_all_l_01_log.txt
SpawnPoolWorker-540| 2026-06-22 05:53:25,764,764 multiprocessing INFO See log at : ./logs/all_Lyapunov_test_dso-fn_d_all_l_01_log.txt
SpawnPoolWorker-540| 2026-06-22 05:53:25,766,766 multiprocessing INFO child process calling self.run()
SpawnPoolWorker-538| 2026-06-22 06:06:10,890,890 multiprocessing INFO process shutting down
SpawnPoolWorker-529| 2026-06-22 06:06:10,891,891 multiprocessing INFO process shutting down
SpawnPoolWorker-526| 2026-06-22 06:06:10,890,890 multiprocessing INFO process shutting down
SpawnPoolWorker-524| 2026-06-22 06:06:10,890,890 multiprocessing INFO process shutting down
SpawnPoolWorker-531| 2026-06-22 06:06:10,891,891 multiprocessing INFO process shutting down
SpawnPoolWorker-532| 2026-06-22 06:06:10,890,890 multiprocessing INFO process shutting down
SpawnPoolWorker-539| 2026-06-22 06:06:10,891,891 multiprocessing INFO process shutting down
SpawnPoolWorker-534| 2026-06-22 06:06:10,890,890 multiprocessing INFO process shutting down
SpawnPoolWorker-544| 2026-06-22 06:06:10,890,890 multiprocessing INFO process shutting down
SpawnPoolWorker-528| 2026-06-22 06:06:10,892,892 multiprocessing INFO process shutting down
SpawnPoolWorker-530| 2026-06-22 06:06:10,892,892 multiprocessing INFO process shutting down
SpawnPoolWorker-538| 2026-06-22 06:06:10,892,892 multiprocessing INFO process exiting with exitcode 0
SpawnPoolWorker-525| 2026-06-22 06:06:10,892,892 multiprocessing INFO process shutting down
SpawnPoolWorker-528| 2026-06-22 06:06:10,892,892 multiprocessing INFO process exiting with exitcode 0
SpawnPoolWorker-530| 2026-06-22 06:06:10,892,892 multiprocessing INFO process exiting with exitcode 0
SpawnPoolWorker-525| 2026-06-22 06:06:10,892,892 multiprocessing INFO process exiting with exitcode 0
SpawnPoolWorker-531| 2026-06-22 06:06:10,892,892 multiprocessing INFO process exiting with exitcode 0
SpawnPoolWorker-535| 2026-06-22 06:06:10,890,890 multiprocessing INFO process shutting down
SpawnPoolWorker-536| 2026-06-22 06:06:10,891,891 multiprocessing INFO process shutting down
SpawnPoolWorker-540| 2026-06-22 06:06:10,892,892 multiprocessing INFO process shutting down
SpawnPoolWorker-541| 2026-06-22 06:06:10,892,892 multiprocessing INFO process shutting down
SpawnPoolWorker-526| 2026-06-22 06:06:10,894,894 multiprocessing INFO process exiting with exitcode 0
SpawnPoolWorker-542| 2026-06-22 06:06:10,895,895 multiprocessing INFO process shutting down
SpawnPoolWorker-542| 2026-06-22 06:06:10,896,896 multiprocessing INFO process exiting with exitcode 0
SpawnPoolWorker-529| 2026-06-22 06:06:10,895,895 multiprocessing INFO process exiting with exitcode 0
SpawnPoolWorker-543| 2026-06-22 06:06:10,895,895 multiprocessing INFO process shutting down
SpawnPoolWorker-527| 2026-06-22 06:06:10,895,895 multiprocessing INFO process shutting down
SpawnPoolWorker-537| 2026-06-22 06:06:10,896,896 multiprocessing INFO process shutting down
SpawnPoolWorker-523| 2026-06-22 06:06:10,899,899 multiprocessing INFO process shutting down
SpawnPoolWorker-523| 2026-06-22 06:06:10,900,900 multiprocessing INFO process exiting with exitcode 0
SpawnPoolWorker-534| 2026-06-22 06:06:10,903,903 multiprocessing INFO process exiting with exitcode 0
SpawnPoolWorker-539| 2026-06-22 06:06:10,916,916 multiprocessing INFO process exiting with exitcode 0
SpawnPoolWorker-535| 2026-06-22 06:06:10,922,922 multiprocessing INFO process exiting with exitcode 0
SpawnPoolWorker-544| 2026-06-22 06:06:10,922,922 multiprocessing INFO process exiting with exitcode 0
SpawnPoolWorker-536| 2026-06-22 06:06:10,924,924 multiprocessing INFO process exiting with exitcode 0
SpawnPoolWorker-524| 2026-06-22 06:06:10,931,931 multiprocessing INFO process exiting with exitcode 0
SpawnPoolWorker-532| 2026-06-22 06:06:10,931,931 multiprocessing INFO process exiting with exitcode 0
SpawnPoolWorker-540| 2026-06-22 06:06:10,931,931 multiprocessing INFO process exiting with exitcode 0
SpawnPoolWorker-541| 2026-06-22 06:06:10,944,944 multiprocessing INFO process exiting with exitcode 0
SpawnPoolWorker-527| 2026-06-22 06:06:10,960,960 multiprocessing INFO process exiting with exitcode 0
SpawnPoolWorker-543| 2026-06-22 06:06:10,962,962 multiprocessing INFO process exiting with exitcode 0
SpawnPoolWorker-533| 2026-06-22 06:06:10,966,966 multiprocessing INFO process shutting down
SpawnPoolWorker-537| 2026-06-22 06:06:10,968,968 multiprocessing INFO process exiting with exitcode 0
28
(100000, 9)
(100000,)
(100000, 9)
(100000,)

=======================Successfully Added (50000, 9) Counter Examples=======================

MainProcess| 2026-06-22 06:15:52,921,921 multiprocessing INFO Number of potential valid equations: 0
Number of potential valid equations: 0
(55, 171)
/users/9/chen8596/miniconda3/envs/alfd/lib/python3.9/site-packages/torch/nn/functional.py:4999: UserWarning: Support for mismatched key_padding_mask and attn_mask is deprecated. Use same type for both instead.
  warnings.warn(

==============Start Supervised Learning==============

MainProcess| 2026-06-22 06:15:57,749,749 multiprocessing INFO GP output mean: 0.9999999868304443
GP output mean: 0.9999999868304443
MainProcess| 2026-06-22 06:15:58,384,384 multiprocessing INFO GP output success rate: 0.3125
GP output success rate: 0.3125
MainProcess| 2026-06-22 06:15:58,384,384 multiprocessing INFO [x1**2 + x4**2 + x6**2 + x8**2 + (x9 + sin(x7))**2 + (-x2 + x3 - 2*x5 - x6)**2, x1**2 + x4**2 + x6**2 + x8**2 + (x9 + sin(x7))**2 + (-x2 + x3 - 2*x5 - x6)**2, x1**2 + x4**2 + x6**2 + x8**2 + (x9 + sin(x7))**2 + (-x2 + x3 - 2*x5 - sin(x6))**2, x1**2 + x4**2 + x6**2 + x8**2 + (x9 + sin(x7))**2 + (-x2 + x3 - x5 - x6 - sin(x5))**2, x1**2 + x4**2 + x6**2 + x8**2 + (x9 + sin(x7))**2 + (-x2 + x3 - x5 - x6 - sin(x5))**2]
[x1**2 + x4**2 + x6**2 + x8**2 + (x9 + sin(x7))**2 + (-x2 + x3 - 2*x5 - x6)**2, x1**2 + x4**2 + x6**2 + x8**2 + (x9 + sin(x7))**2 + (-x2 + x3 - 2*x5 - x6)**2, x1**2 + x4**2 + x6**2 + x8**2 + (x9 + sin(x7))**2 + (-x2 + x3 - 2*x5 - sin(x6))**2, x1**2 + x4**2 + x6**2 + x8**2 + (x9 + sin(x7))**2 + (-x2 + x3 - x5 - x6 - sin(x5))**2, x1**2 + x4**2 + x6**2 + x8**2 + (x9 + sin(x7))**2 + (-x2 + x3 - x5 - x6 - sin(x5))**2]
/users/9/chen8596/.local/lib/python3.9/site-packages/scipy/optimize/_optimize.py:353: RuntimeWarning: Values in x were outside bounds during a minimize step, clipping to bounds
  warnings.warn("Values in x were outside bounds during a "
[2026-06-22T06:24:11.465] error: *** JOB 11510863 ON cn2102 CANCELLED AT 2026-06-22T06:24:11 DUE to SIGNAL Terminated ***
