[job] sys=syn9d benchmark=fn_d_all_l seed=1 host=cn2105 gpu=0 start=2026-06-21T23:22:28-05:00
MainProcess| 2026-06-21 23:22:34,510,510 multiprocessing INFO STARTING NEW RUN ==========
MainProcess| 2026-06-21 23:22:34,511,511 multiprocessing INFO SEE LOG AT : ./logs/all_Lyapunov_test_dso-fn_d_all_l_01_log.txt
MainProcess| 2026-06-21 23:22:34,511,511 multiprocessing INFO See log at : ./logs/all_Lyapunov_test_dso-fn_d_all_l_01_log.txt
MainProcess| 2026-06-21 23:22:34,513,513 multiprocessing INFO               variables           expression                                                                                                                                                                                                                                                      train_spec test_spec function_set
name                                                                                                                                                                                                                                                                                                                               
fn_d_all_l_5          9  0*x1+0*x2+0*x3+0*x4  {"x1":{"U":[-1.5,1.5,50000]}, "x2":{"U":[-1.5,1.5,50000]},"x3":{"U":[-1.5,1.5,50000]},"x4":{"U":[-1.5,1.5,50000]},"x5":{"U":[-1.5,1.5,50000]},"x6":{"U":[-1.5,1.5,50000]},"x7":{"U":[-1.5,1.5,50000]},"x8":{"U":[-1.5,1.5,50000]},"x9":{"U":[-1.5,1.5,50000]}}      None         Koza
              variables           expression                                                                                                                                                                                                                                                      train_spec test_spec function_set
name                                                                                                                                                                                                                                                                                                                               
fn_d_all_l_5          9  0*x1+0*x2+0*x3+0*x4  {"x1":{"U":[-1.5,1.5,50000]}, "x2":{"U":[-1.5,1.5,50000]},"x3":{"U":[-1.5,1.5,50000]},"x4":{"U":[-1.5,1.5,50000]},"x5":{"U":[-1.5,1.5,50000]},"x6":{"U":[-1.5,1.5,50000]},"x7":{"U":[-1.5,1.5,50000]},"x8":{"U":[-1.5,1.5,50000]},"x9":{"U":[-1.5,1.5,50000]}}      None         Koza

-- BUILDING DATASET START -----------
Benchmark path                 : /users/9/chen8596/LyaDis/repro/runs/syn9d/libs/sd3/dso/dso/task/regression/benchmarks_bkup_1.csv
Generated data for benchmark   : fn_d_all_l_5
-- BUILDING DATASET END -------------

Function set                   : Koza --> ['add', 'sub', 'mul', 'sin', 'cos', 'n2']

MainProcess| 2026-06-21 23:22:34,613,613 multiprocessing INFO [BASELINE_TESTING NOW] dataset=fn_d_all_l_5 	| baseline=transformer 	| seed=1 	| data_samples=50000 	| noise=0.0
MainProcess| 2026-06-21 23:22:34,619,619 multiprocessing INFO [RUN SETTINGS]: test_dataset=fn_d_all_l_5  batch_outer_datasets=24 pre_train=False load_pre_trained_path= priority_queue_training=True gp_meld=True model=TransformerTreeEncoderController train_path= risk_seeking_pg_train=True
[RUN SETTINGS]: test_dataset=fn_d_all_l_5  batch_outer_datasets=24 pre_train=False load_pre_trained_path= priority_queue_training=True gp_meld=True model=TransformerTreeEncoderController train_path= risk_seeking_pg_train=True
MainProcess| 2026-06-21 23:22:34,671,671 multiprocessing INFO Running model : TransformerTreeEncoderController
Running model : TransformerTreeEncoderController

-- BUILDING DATASET START -----------
Benchmark path                 : /users/9/chen8596/LyaDis/repro/runs/syn9d/libs/sd3/dso/dso/task/regression/benchmarks_bkup_1.csv
Generated data for benchmark   : fn_d_all_l_5
-- BUILDING DATASET END -------------

Function set                   : Koza --> ['add', 'sub', 'mul', 'sin', 'cos', 'n2']

MainProcess| 2026-06-21 23:22:34,699,699 multiprocessing INFO Function set: ['x1', 'x2', 'x3', 'x4', 'x5', 'x6', 'x7', 'x8', 'x9', 'add', 'sub', 'mul', 'sin', 'cos', 'n2']

-- BUILDING DATASET START -----------
Benchmark path                 : /users/9/chen8596/LyaDis/repro/runs/syn9d/libs/sd3/dso/dso/task/regression/benchmarks_bkup_1.csv
Generated data for benchmark   : fn_d_all_l_5
-- BUILDING DATASET END -------------

Function set                   : Koza --> ['add', 'sub', 'mul', 'sin', 'cos', 'n2']

-- BUILDING PRIOR START -------------
WARNING: Skipping invalid 'RelationalConstraint' with arguments {'targets': [], 'effectors': [], 'relationship': None}. Reason: Prior disabled.
WARNING: Skipping invalid 'RepeatConstraint' with arguments {'tokens': 'const', 'min_': None, 'max_': 5}. Reason: Uses Tokens not in the Library.
WARNING: Skipping invalid 'InverseUnaryConstraint' with arguments {}. Reason: There are no inverse unary Token pairs in the Library.
WARNING: Skipping invalid 'ConstConstraint' with arguments {}. Reason: Prior disabled.
WARNING: Skipping invalid 'NoInputsConstraint' with arguments {}. Reason: All terminal tokens are input variables, so allsequences will have an input variable.
WARNING: Skipping invalid 'UniformArityPrior' with arguments {}. Reason: Prior disabled.
LengthConstraint: Sequences have minimum length 22.
                  Sequences have maximum length 29.
TrigConstraint: [sin, cos] cannot be a descendant of [sin, cos].
SoftLengthPrior: No description available.
-- BUILDING PRIOR END ---------------

MainProcess| 2026-06-21 23:22:34,926,926 multiprocessing INFO Transformer overwriting hidden size to input_dim 128
Transformer overwriting hidden size to input_dim 128
MainProcess| 2026-06-21 23:22:35,099,99 multiprocessing INFO Encoder params: {'sinuisodal_embeddings': False, 'dec_pf_dim': 32, 'dec_layers': 1, 'dim_hidden': 128, 'lr': 0.0001, 'dropout': 0, 'num_features': 1, 'ln': True, 'N_p': 0, 'num_inds': 64, 'activation': 'relu', 'bit16': False, 'norm': True, 'linear': True, 'input_normalization': False, 'src_pad_idx': 0, 'trg_pad_idx': 0, 'length_eq': 20, 'n_l_enc': 3, 'mean': 0.5, 'std': 0.5, 'dim_input': 64, 'num_heads': 2, 'output_dim': 10}
Encoder params: {'sinuisodal_embeddings': False, 'dec_pf_dim': 32, 'dec_layers': 1, 'dim_hidden': 128, 'lr': 0.0001, 'dropout': 0, 'num_features': 1, 'ln': True, 'N_p': 0, 'num_inds': 64, 'activation': 'relu', 'bit16': False, 'norm': True, 'linear': True, 'input_normalization': False, 'src_pad_idx': 0, 'trg_pad_idx': 0, 'length_eq': 20, 'n_l_enc': 3, 'mean': 0.5, 'std': 0.5, 'dim_input': 64, 'num_heads': 2, 'output_dim': 10}
MainProcess| 2026-06-21 23:22:35,115,115 multiprocessing INFO TransformerTreeEncoderController parameters: 4039915 	 | trainable : 4039915
TransformerTreeEncoderController parameters: 4039915 	 | trainable : 4039915
MainProcess| 2026-06-21 23:22:35,180,180 multiprocessing INFO GP CONFIG : {'verbose': False, 'generations': 35, 'p_crossover': 0.5, 'p_mutate': 0.5, 'tournament_size': 7, 'train_n': 50, 'mutate_tree_max': 3}
GP CONFIG : {'verbose': False, 'generations': 35, 'p_crossover': 0.5, 'p_mutate': 0.5, 'tournament_size': 7, 'train_n': 50, 'mutate_tree_max': 3}
MainProcess| 2026-06-21 23:22:35,274,274 multiprocessing INFO config: {'experiment': {'logdir': './log', 'seed': 13, 'timestamp': '2026-06-21-232234', 'task_name': 'fn_d_all_l_5', 'save_path': './log/fn_d_all_l_5_2026-06-21-232234_1'}, 'task': {'task_type': 'regression', 'dataset': 'fn_d_all_l_5', 'function_set': ['add', 'sub', 'mul', 'sin', 'cos', 'n2'], 'metric': 'lyapunov_risk', 'metric_params': [1.0], 'extra_metric_test': None, 'extra_metric_test_params': [], 'threshold': 1e-12, 'protected': False, 'reward_noise': 0.0, 'reward_noise_type': 'r', 'normalize_variance': False, 'decision_tree_threshold_set': []}, 'training': {'n_epochs': None, 'n_samples': 2000000, 'batch_size': 500, 'epsilon': 0.1, 'baseline': 'R_e', 'alpha': 0.5, 'b_jumpstart': False, 'n_cores_batch': 1, 'complexity': 'token', 'const_optimizer': 'scipy', 'const_params': {'method': 'L-BFGS-B', 'options': {'gtol': 0.001}}, 'verbose': True, 'debug': 0, 'early_stopping': True, 'hof': 100, 'use_memory': False, 'memory_capacity': 1000.0, 'warm_start': None, 'memory_threshold': None, 'save_all_epoch': False, 'save_summary': False, 'save_positional_entropy': False, 'save_pareto_front': True, 'save_cache': False, 'save_cache_r_min': 0.9, 'save_freq': 1, 'save_token_count': False}, 'state_manager': {'observe_action': False, 'observe_parent': True, 'observe_sibling': True, 'observe_dangling': False, 'embedding': True, 'embedding_size': 64}, 'controller': {'max_length': 64, 'cell': 'lstm', 'num_layers': 1, 'num_units': 64, 'initializer': 'zeros', 'learning_rate': 0.0003, 'optimizer': 'adam', 'entropy_weight': 0.005, 'entropy_gamma': 0.8, 'pqt': True, 'pqt_k': 10, 'pqt_batch_size': 1, 'pqt_weight': 200.0, 'pqt_use_pg': False, 'summary': False, 'rl_weight': 1.0}, 'gp_meld': {'generations': 35, 'p_crossover': 0.5, 'p_mutate': 0.5, 'tournament_size': 7, 'train_n': 50, 'mutate_tree_max': 3}, 'prior': {'relational': {'targets': [], 'effectors': [], 'relationship': None}, 'length': {'min_': 22, 'max_': 29}, 'repeat': {'tokens': 'const', 'min_': None, 'max_': 5}, 'inverse': {}, 'trig': {}, 'const': {}, 'no_inputs': {}, 'uniform_arity': {}, 'soft_length': {'loc': 25, 'scale': 5}}, 'postprocess': {'show_count': 5, 'save_plots': True}, 'model': 'TransformerTreeEncoderController', 'function_names_str': 'x1,x2,x3,x4,x5,x6,x7,x8,x9,add,sub,mul,sin,cos,n2', 'nesymres_train_config': {'architecture': {'sinuisodal_embeddings': False, 'dec_pf_dim': 32, 'dec_layers': 1, 'dim_hidden': 128, 'lr': 0.0001, 'dropout': 0, 'num_features': 1, 'ln': True, 'N_p': 0, 'num_inds': 64, 'activation': 'relu', 'bit16': False, 'norm': True, 'linear': True, 'input_normalization': False, 'src_pad_idx': 0, 'trg_pad_idx': 0, 'length_eq': 20, 'n_l_enc': 3, 'mean': 0.5, 'std': 0.5, 'dim_input': 64, 'num_heads': 2, 'output_dim': 10}}}

-- BUILDING DATASET START -----------
Benchmark path                 : /users/9/chen8596/LyaDis/repro/runs/syn9d/libs/sd3/dso/dso/task/regression/benchmarks_bkup_1.csv
Generated data for benchmark   : fn_d_all_l_5
-- BUILDING DATASET END -------------

Function set                   : Koza --> ['add', 'sub', 'mul', 'sin', 'cos', 'n2']

-- RUNNING EPOCHS START -------------
torch.Size([500, 171])
/users/9/chen8596/miniconda3/envs/alfd/lib/python3.9/site-packages/torch/nn/functional.py:4999: UserWarning: Support for mismatched key_padding_mask and attn_mask is deprecated. Use same type for both instead.
  warnings.warn(
/users/9/chen8596/miniconda3/envs/alfd/lib/python3.9/site-packages/torch/nn/functional.py:4999: UserWarning: Support for mismatched key_padding_mask and attn_mask is deprecated. Use same type for both instead.
  warnings.warn(
/users/9/chen8596/miniconda3/envs/alfd/lib/python3.9/site-packages/torch/nn/functional.py:4999: UserWarning: Support for mismatched key_padding_mask and attn_mask is deprecated. Use same type for both instead.
  warnings.warn(
MainProcess| 2026-06-21 23:27:15,187,187 multiprocessing INFO Genetic Porgramming Runtime 276.14716308703646
Genetic Porgramming Runtime 276.14716308703646

=========================PGD Collection Starts=========================

MainProcess| 2026-06-21 23:27:16,469,469 multiprocessing INFO created temp directory /tmp/pymp-dr2mnyfz
SpawnPoolWorker-2| 2026-06-21 23:27:21,564,564 multiprocessing INFO STARTING NEW RUN ==========
SpawnPoolWorker-2| 2026-06-21 23:27:21,565,565 multiprocessing INFO SEE LOG AT : ./logs/all_Lyapunov_test_dso-fn_d_all_l_01_log.txt
SpawnPoolWorker-2| 2026-06-21 23:27:21,565,565 multiprocessing INFO See log at : ./logs/all_Lyapunov_test_dso-fn_d_all_l_01_log.txt
SpawnPoolWorker-2| 2026-06-21 23:27:21,566,566 multiprocessing INFO child process calling self.run()
SpawnPoolWorker-5| 2026-06-21 23:27:21,577,577 multiprocessing INFO STARTING NEW RUN ==========
SpawnPoolWorker-6| 2026-06-21 23:27:21,577,577 multiprocessing INFO STARTING NEW RUN ==========
SpawnPoolWorker-8| 2026-06-21 23:27:21,577,577 multiprocessing INFO STARTING NEW RUN ==========
SpawnPoolWorker-5| 2026-06-21 23:27:21,577,577 multiprocessing INFO SEE LOG AT : ./logs/all_Lyapunov_test_dso-fn_d_all_l_01_log.txt
SpawnPoolWorker-6| 2026-06-21 23:27:21,577,577 multiprocessing INFO SEE LOG AT : ./logs/all_Lyapunov_test_dso-fn_d_all_l_01_log.txt
SpawnPoolWorker-8| 2026-06-21 23:27:21,577,577 multiprocessing INFO SEE LOG AT : ./logs/all_Lyapunov_test_dso-fn_d_all_l_01_log.txt
SpawnPoolWorker-5| 2026-06-21 23:27:21,577,577 multiprocessing INFO See log at : ./logs/all_Lyapunov_test_dso-fn_d_all_l_01_log.txt
SpawnPoolWorker-6| 2026-06-21 23:27:21,577,577 multiprocessing INFO See log at : ./logs/all_Lyapunov_test_dso-fn_d_all_l_01_log.txt
SpawnPoolWorker-8| 2026-06-21 23:27:21,577,577 multiprocessing INFO See log at : ./logs/all_Lyapunov_test_dso-fn_d_all_l_01_log.txt
SpawnPoolWorker-5| 2026-06-21 23:27:21,579,579 multiprocessing INFO child process calling self.run()
SpawnPoolWorker-6| 2026-06-21 23:27:21,579,579 multiprocessing INFO child process calling self.run()
SpawnPoolWorker-8| 2026-06-21 23:27:21,579,579 multiprocessing INFO child process calling self.run()
SpawnPoolWorker-9| 2026-06-21 23:27:21,584,584 multiprocessing INFO STARTING NEW RUN ==========
SpawnPoolWorker-10| 2026-06-21 23:27:21,584,584 multiprocessing INFO STARTING NEW RUN ==========
SpawnPoolWorker-9| 2026-06-21 23:27:21,584,584 multiprocessing INFO SEE LOG AT : ./logs/all_Lyapunov_test_dso-fn_d_all_l_01_log.txt
SpawnPoolWorker-9| 2026-06-21 23:27:21,584,584 multiprocessing INFO See log at : ./logs/all_Lyapunov_test_dso-fn_d_all_l_01_log.txt
SpawnPoolWorker-10| 2026-06-21 23:27:21,584,584 multiprocessing INFO SEE LOG AT : ./logs/all_Lyapunov_test_dso-fn_d_all_l_01_log.txt
SpawnPoolWorker-10| 2026-06-21 23:27:21,584,584 multiprocessing INFO See log at : ./logs/all_Lyapunov_test_dso-fn_d_all_l_01_log.txt
SpawnPoolWorker-7| 2026-06-21 23:27:21,585,585 multiprocessing INFO STARTING NEW RUN ==========
SpawnPoolWorker-7| 2026-06-21 23:27:21,585,585 multiprocessing INFO SEE LOG AT : ./logs/all_Lyapunov_test_dso-fn_d_all_l_01_log.txt
SpawnPoolWorker-7| 2026-06-21 23:27:21,585,585 multiprocessing INFO See log at : ./logs/all_Lyapunov_test_dso-fn_d_all_l_01_log.txt
SpawnPoolWorker-9| 2026-06-21 23:27:21,586,586 multiprocessing INFO child process calling self.run()
SpawnPoolWorker-4| 2026-06-21 23:27:21,586,586 multiprocessing INFO STARTING NEW RUN ==========
SpawnPoolWorker-4| 2026-06-21 23:27:21,586,586 multiprocessing INFO SEE LOG AT : ./logs/all_Lyapunov_test_dso-fn_d_all_l_01_log.txt
SpawnPoolWorker-4| 2026-06-21 23:27:21,586,586 multiprocessing INFO See log at : ./logs/all_Lyapunov_test_dso-fn_d_all_l_01_log.txt
SpawnPoolWorker-7| 2026-06-21 23:27:21,586,586 multiprocessing INFO child process calling self.run()
SpawnPoolWorker-10| 2026-06-21 23:27:21,588,588 multiprocessing INFO child process calling self.run()
SpawnPoolWorker-4| 2026-06-21 23:27:21,588,588 multiprocessing INFO child process calling self.run()
SpawnPoolWorker-1| 2026-06-21 23:27:21,589,589 multiprocessing INFO STARTING NEW RUN ==========
SpawnPoolWorker-1| 2026-06-21 23:27:21,589,589 multiprocessing INFO SEE LOG AT : ./logs/all_Lyapunov_test_dso-fn_d_all_l_01_log.txt
SpawnPoolWorker-1| 2026-06-21 23:27:21,589,589 multiprocessing INFO See log at : ./logs/all_Lyapunov_test_dso-fn_d_all_l_01_log.txt
SpawnPoolWorker-1| 2026-06-21 23:27:21,591,591 multiprocessing INFO child process calling self.run()
SpawnPoolWorker-3| 2026-06-21 23:27:21,592,592 multiprocessing INFO STARTING NEW RUN ==========
SpawnPoolWorker-3| 2026-06-21 23:27:21,593,593 multiprocessing INFO SEE LOG AT : ./logs/all_Lyapunov_test_dso-fn_d_all_l_01_log.txt
SpawnPoolWorker-3| 2026-06-21 23:27:21,593,593 multiprocessing INFO See log at : ./logs/all_Lyapunov_test_dso-fn_d_all_l_01_log.txt
SpawnPoolWorker-3| 2026-06-21 23:27:21,596,596 multiprocessing INFO child process calling self.run()
SpawnPoolWorker-9| 2026-06-21 23:27:41,388,388 multiprocessing INFO process shutting down
SpawnPoolWorker-3| 2026-06-21 23:27:41,388,388 multiprocessing INFO process shutting down
SpawnPoolWorker-2| 2026-06-21 23:27:41,388,388 multiprocessing INFO process shutting down
SpawnPoolWorker-5| 2026-06-21 23:27:41,388,388 multiprocessing INFO process shutting down
SpawnPoolWorker-4| 2026-06-21 23:27:41,388,388 multiprocessing INFO process shutting down
SpawnPoolWorker-10| 2026-06-21 23:27:41,389,389 multiprocessing INFO process shutting down
SpawnPoolWorker-10| 2026-06-21 23:27:41,389,389 multiprocessing INFO process exiting with exitcode 0
SpawnPoolWorker-9| 2026-06-21 23:27:41,389,389 multiprocessing INFO process exiting with exitcode 0
(10000,)

===================Collect 10000 Examples===================

Epsilon 0.1
500
(550,)
(550,)
(550,)
Number of Programs for Minimization: 28
SpawnPoolWorker-19| 2026-06-21 23:27:58,185,185 multiprocessing INFO STARTING NEW RUN ==========
SpawnPoolWorker-19| 2026-06-21 23:27:58,185,185 multiprocessing INFO SEE LOG AT : ./logs/all_Lyapunov_test_dso-fn_d_all_l_01_log.txt
SpawnPoolWorker-19| 2026-06-21 23:27:58,185,185 multiprocessing INFO See log at : ./logs/all_Lyapunov_test_dso-fn_d_all_l_01_log.txt
SpawnPoolWorker-19| 2026-06-21 23:27:58,191,191 multiprocessing INFO child process calling self.run()
SpawnPoolWorker-11| 2026-06-21 23:27:58,218,218 multiprocessing INFO STARTING NEW RUN ==========
SpawnPoolWorker-11| 2026-06-21 23:27:58,218,218 multiprocessing INFO SEE LOG AT : ./logs/all_Lyapunov_test_dso-fn_d_all_l_01_log.txt
SpawnPoolWorker-11| 2026-06-21 23:27:58,218,218 multiprocessing INFO See log at : ./logs/all_Lyapunov_test_dso-fn_d_all_l_01_log.txt
SpawnPoolWorker-11| 2026-06-21 23:27:58,221,221 multiprocessing INFO child process calling self.run()
SpawnPoolWorker-12| 2026-06-21 23:27:58,378,378 multiprocessing INFO STARTING NEW RUN ==========
SpawnPoolWorker-12| 2026-06-21 23:27:58,378,378 multiprocessing INFO SEE LOG AT : ./logs/all_Lyapunov_test_dso-fn_d_all_l_01_log.txt
SpawnPoolWorker-12| 2026-06-21 23:27:58,378,378 multiprocessing INFO See log at : ./logs/all_Lyapunov_test_dso-fn_d_all_l_01_log.txt
SpawnPoolWorker-12| 2026-06-21 23:27:58,382,382 multiprocessing INFO child process calling self.run()
SpawnPoolWorker-32| 2026-06-21 23:27:59,347,347 multiprocessing INFO STARTING NEW RUN ==========
SpawnPoolWorker-32| 2026-06-21 23:27:59,347,347 multiprocessing INFO SEE LOG AT : ./logs/all_Lyapunov_test_dso-fn_d_all_l_01_log.txt
SpawnPoolWorker-32| 2026-06-21 23:27:59,347,347 multiprocessing INFO See log at : ./logs/all_Lyapunov_test_dso-fn_d_all_l_01_log.txt
SpawnPoolWorker-32| 2026-06-21 23:27:59,353,353 multiprocessing INFO child process calling self.run()
SpawnPoolWorker-17| 2026-06-21 23:27:59,388,388 multiprocessing INFO STARTING NEW RUN ==========
SpawnPoolWorker-17| 2026-06-21 23:27:59,388,388 multiprocessing INFO SEE LOG AT : ./logs/all_Lyapunov_test_dso-fn_d_all_l_01_log.txt
SpawnPoolWorker-17| 2026-06-21 23:27:59,388,388 multiprocessing INFO See log at : ./logs/all_Lyapunov_test_dso-fn_d_all_l_01_log.txt
SpawnPoolWorker-17| 2026-06-21 23:27:59,395,395 multiprocessing INFO child process calling self.run()
SpawnPoolWorker-13| 2026-06-21 23:27:59,408,408 multiprocessing INFO STARTING NEW RUN ==========
SpawnPoolWorker-13| 2026-06-21 23:27:59,413,413 multiprocessing INFO SEE LOG AT : ./logs/all_Lyapunov_test_dso-fn_d_all_l_01_log.txt
SpawnPoolWorker-13| 2026-06-21 23:27:59,413,413 multiprocessing INFO See log at : ./logs/all_Lyapunov_test_dso-fn_d_all_l_01_log.txt
SpawnPoolWorker-13| 2026-06-21 23:27:59,419,419 multiprocessing INFO child process calling self.run()
SpawnPoolWorker-34| 2026-06-21 23:27:59,637,637 multiprocessing INFO STARTING NEW RUN ==========
SpawnPoolWorker-34| 2026-06-21 23:27:59,637,637 multiprocessing INFO SEE LOG AT : ./logs/all_Lyapunov_test_dso-fn_d_all_l_01_log.txt
SpawnPoolWorker-34| 2026-06-21 23:27:59,637,637 multiprocessing INFO See log at : ./logs/all_Lyapunov_test_dso-fn_d_all_l_01_log.txt
SpawnPoolWorker-34| 2026-06-21 23:27:59,640,640 multiprocessing INFO child process calling self.run()
SpawnPoolWorker-14| 2026-06-21 23:27:59,687,687 multiprocessing INFO STARTING NEW RUN ==========
SpawnPoolWorker-14| 2026-06-21 23:27:59,687,687 multiprocessing INFO SEE LOG AT : ./logs/all_Lyapunov_test_dso-fn_d_all_l_01_log.txt
SpawnPoolWorker-14| 2026-06-21 23:27:59,687,687 multiprocessing INFO See log at : ./logs/all_Lyapunov_test_dso-fn_d_all_l_01_log.txt
SpawnPoolWorker-14| 2026-06-21 23:27:59,691,691 multiprocessing INFO child process calling self.run()
SpawnPoolWorker-28| 2026-06-21 23:27:59,745,745 multiprocessing INFO STARTING NEW RUN ==========
SpawnPoolWorker-28| 2026-06-21 23:27:59,745,745 multiprocessing INFO SEE LOG AT : ./logs/all_Lyapunov_test_dso-fn_d_all_l_01_log.txt
SpawnPoolWorker-28| 2026-06-21 23:27:59,745,745 multiprocessing INFO See log at : ./logs/all_Lyapunov_test_dso-fn_d_all_l_01_log.txt
SpawnPoolWorker-16| 2026-06-21 23:27:59,750,750 multiprocessing INFO STARTING NEW RUN ==========
SpawnPoolWorker-16| 2026-06-21 23:27:59,750,750 multiprocessing INFO SEE LOG AT : ./logs/all_Lyapunov_test_dso-fn_d_all_l_01_log.txt
SpawnPoolWorker-16| 2026-06-21 23:27:59,750,750 multiprocessing INFO See log at : ./logs/all_Lyapunov_test_dso-fn_d_all_l_01_log.txt
SpawnPoolWorker-28| 2026-06-21 23:27:59,754,754 multiprocessing INFO child process calling self.run()
SpawnPoolWorker-16| 2026-06-21 23:27:59,758,758 multiprocessing INFO child process calling self.run()
SpawnPoolWorker-22| 2026-06-21 23:27:59,760,760 multiprocessing INFO STARTING NEW RUN ==========
SpawnPoolWorker-22| 2026-06-21 23:27:59,760,760 multiprocessing INFO SEE LOG AT : ./logs/all_Lyapunov_test_dso-fn_d_all_l_01_log.txt
SpawnPoolWorker-22| 2026-06-21 23:27:59,760,760 multiprocessing INFO See log at : ./logs/all_Lyapunov_test_dso-fn_d_all_l_01_log.txt
SpawnPoolWorker-22| 2026-06-21 23:27:59,765,765 multiprocessing INFO child process calling self.run()
SpawnPoolWorker-30| 2026-06-21 23:27:59,782,782 multiprocessing INFO STARTING NEW RUN ==========
SpawnPoolWorker-30| 2026-06-21 23:27:59,782,782 multiprocessing INFO SEE LOG AT : ./logs/all_Lyapunov_test_dso-fn_d_all_l_01_log.txt
SpawnPoolWorker-30| 2026-06-21 23:27:59,782,782 multiprocessing INFO See log at : ./logs/all_Lyapunov_test_dso-fn_d_all_l_01_log.txt
SpawnPoolWorker-30| 2026-06-21 23:27:59,791,791 multiprocessing INFO child process calling self.run()
SpawnPoolWorker-29| 2026-06-21 23:27:59,823,823 multiprocessing INFO STARTING NEW RUN ==========
SpawnPoolWorker-29| 2026-06-21 23:27:59,823,823 multiprocessing INFO SEE LOG AT : ./logs/all_Lyapunov_test_dso-fn_d_all_l_01_log.txt
SpawnPoolWorker-29| 2026-06-21 23:27:59,823,823 multiprocessing INFO See log at : ./logs/all_Lyapunov_test_dso-fn_d_all_l_01_log.txt
SpawnPoolWorker-29| 2026-06-21 23:27:59,832,832 multiprocessing INFO child process calling self.run()
SpawnPoolWorker-15| 2026-06-21 23:28:00,064,64 multiprocessing INFO STARTING NEW RUN ==========
SpawnPoolWorker-15| 2026-06-21 23:28:00,064,64 multiprocessing INFO SEE LOG AT : ./logs/all_Lyapunov_test_dso-fn_d_all_l_01_log.txt
SpawnPoolWorker-15| 2026-06-21 23:28:00,064,64 multiprocessing INFO See log at : ./logs/all_Lyapunov_test_dso-fn_d_all_l_01_log.txt
SpawnPoolWorker-15| 2026-06-21 23:28:00,068,68 multiprocessing INFO child process calling self.run()
SpawnPoolWorker-33| 2026-06-21 23:28:00,127,127 multiprocessing INFO STARTING NEW RUN ==========
SpawnPoolWorker-33| 2026-06-21 23:28:00,127,127 multiprocessing INFO SEE LOG AT : ./logs/all_Lyapunov_test_dso-fn_d_all_l_01_log.txt
SpawnPoolWorker-33| 2026-06-21 23:28:00,127,127 multiprocessing INFO See log at : ./logs/all_Lyapunov_test_dso-fn_d_all_l_01_log.txt
SpawnPoolWorker-33| 2026-06-21 23:28:00,130,130 multiprocessing INFO child process calling self.run()
SpawnPoolWorker-24| 2026-06-21 23:28:00,212,212 multiprocessing INFO STARTING NEW RUN ==========
SpawnPoolWorker-24| 2026-06-21 23:28:00,212,212 multiprocessing INFO SEE LOG AT : ./logs/all_Lyapunov_test_dso-fn_d_all_l_01_log.txt
SpawnPoolWorker-24| 2026-06-21 23:28:00,212,212 multiprocessing INFO See log at : ./logs/all_Lyapunov_test_dso-fn_d_all_l_01_log.txt
SpawnPoolWorker-24| 2026-06-21 23:28:00,216,216 multiprocessing INFO child process calling self.run()
SpawnPoolWorker-27| 2026-06-21 23:28:00,250,250 multiprocessing INFO STARTING NEW RUN ==========
SpawnPoolWorker-27| 2026-06-21 23:28:00,250,250 multiprocessing INFO SEE LOG AT : ./logs/all_Lyapunov_test_dso-fn_d_all_l_01_log.txt
SpawnPoolWorker-27| 2026-06-21 23:28:00,250,250 multiprocessing INFO See log at : ./logs/all_Lyapunov_test_dso-fn_d_all_l_01_log.txt
SpawnPoolWorker-27| 2026-06-21 23:28:00,257,257 multiprocessing INFO child process calling self.run()
SpawnPoolWorker-21| 2026-06-21 23:28:00,380,380 multiprocessing INFO STARTING NEW RUN ==========
SpawnPoolWorker-21| 2026-06-21 23:28:00,380,380 multiprocessing INFO SEE LOG AT : ./logs/all_Lyapunov_test_dso-fn_d_all_l_01_log.txt
SpawnPoolWorker-21| 2026-06-21 23:28:00,380,380 multiprocessing INFO See log at : ./logs/all_Lyapunov_test_dso-fn_d_all_l_01_log.txt
SpawnPoolWorker-21| 2026-06-21 23:28:00,387,387 multiprocessing INFO child process calling self.run()
SpawnPoolWorker-26| 2026-06-21 23:28:00,392,392 multiprocessing INFO STARTING NEW RUN ==========
SpawnPoolWorker-26| 2026-06-21 23:28:00,392,392 multiprocessing INFO SEE LOG AT : ./logs/all_Lyapunov_test_dso-fn_d_all_l_01_log.txt
SpawnPoolWorker-26| 2026-06-21 23:28:00,392,392 multiprocessing INFO See log at : ./logs/all_Lyapunov_test_dso-fn_d_all_l_01_log.txt
SpawnPoolWorker-26| 2026-06-21 23:28:00,403,403 multiprocessing INFO child process calling self.run()
SpawnPoolWorker-23| 2026-06-21 23:28:00,645,645 multiprocessing INFO STARTING NEW RUN ==========
SpawnPoolWorker-23| 2026-06-21 23:28:00,646,646 multiprocessing INFO SEE LOG AT : ./logs/all_Lyapunov_test_dso-fn_d_all_l_01_log.txt
SpawnPoolWorker-23| 2026-06-21 23:28:00,646,646 multiprocessing INFO See log at : ./logs/all_Lyapunov_test_dso-fn_d_all_l_01_log.txt
SpawnPoolWorker-23| 2026-06-21 23:28:00,648,648 multiprocessing INFO child process calling self.run()
SpawnPoolWorker-25| 2026-06-21 23:28:00,884,884 multiprocessing INFO STARTING NEW RUN ==========
SpawnPoolWorker-25| 2026-06-21 23:28:00,884,884 multiprocessing INFO SEE LOG AT : ./logs/all_Lyapunov_test_dso-fn_d_all_l_01_log.txt
SpawnPoolWorker-25| 2026-06-21 23:28:00,884,884 multiprocessing INFO See log at : ./logs/all_Lyapunov_test_dso-fn_d_all_l_01_log.txt
SpawnPoolWorker-25| 2026-06-21 23:28:00,886,886 multiprocessing INFO child process calling self.run()
SpawnPoolWorker-18| 2026-06-21 23:28:00,945,945 multiprocessing INFO STARTING NEW RUN ==========
SpawnPoolWorker-18| 2026-06-21 23:28:00,945,945 multiprocessing INFO SEE LOG AT : ./logs/all_Lyapunov_test_dso-fn_d_all_l_01_log.txt
SpawnPoolWorker-18| 2026-06-21 23:28:00,945,945 multiprocessing INFO See log at : ./logs/all_Lyapunov_test_dso-fn_d_all_l_01_log.txt
SpawnPoolWorker-18| 2026-06-21 23:28:00,954,954 multiprocessing INFO child process calling self.run()
SpawnPoolWorker-20| 2026-06-21 23:28:00,972,972 multiprocessing INFO STARTING NEW RUN ==========
SpawnPoolWorker-20| 2026-06-21 23:28:00,972,972 multiprocessing INFO SEE LOG AT : ./logs/all_Lyapunov_test_dso-fn_d_all_l_01_log.txt
SpawnPoolWorker-20| 2026-06-21 23:28:00,972,972 multiprocessing INFO See log at : ./logs/all_Lyapunov_test_dso-fn_d_all_l_01_log.txt
SpawnPoolWorker-20| 2026-06-21 23:28:00,977,977 multiprocessing INFO child process calling self.run()
SpawnPoolWorker-31| 2026-06-21 23:28:01,456,456 multiprocessing INFO STARTING NEW RUN ==========
SpawnPoolWorker-31| 2026-06-21 23:28:01,457,457 multiprocessing INFO SEE LOG AT : ./logs/all_Lyapunov_test_dso-fn_d_all_l_01_log.txt
SpawnPoolWorker-31| 2026-06-21 23:28:01,457,457 multiprocessing INFO See log at : ./logs/all_Lyapunov_test_dso-fn_d_all_l_01_log.txt
SpawnPoolWorker-31| 2026-06-21 23:28:01,459,459 multiprocessing INFO child process calling self.run()
SpawnPoolWorker-21| 2026-06-21 23:34:46,931,931 multiprocessing INFO process shutting down
SpawnPoolWorker-33| 2026-06-21 23:34:46,931,931 multiprocessing INFO process shutting down
SpawnPoolWorker-20| 2026-06-21 23:34:46,932,932 multiprocessing INFO process shutting down
SpawnPoolWorker-13| 2026-06-21 23:34:46,932,932 multiprocessing INFO process shutting down
SpawnPoolWorker-32| 2026-06-21 23:34:46,932,932 multiprocessing INFO process shutting down
SpawnPoolWorker-14| 2026-06-21 23:34:46,932,932 multiprocessing INFO process shutting down
SpawnPoolWorker-27| 2026-06-21 23:34:46,931,931 multiprocessing INFO process shutting down
SpawnPoolWorker-18| 2026-06-21 23:34:46,931,931 multiprocessing INFO process shutting down
SpawnPoolWorker-26| 2026-06-21 23:34:46,932,932 multiprocessing INFO process shutting down
SpawnPoolWorker-34| 2026-06-21 23:34:46,931,931 multiprocessing INFO process shutting down
SpawnPoolWorker-24| 2026-06-21 23:34:46,932,932 multiprocessing INFO process shutting down
SpawnPoolWorker-25| 2026-06-21 23:34:46,932,932 multiprocessing INFO process shutting down
SpawnPoolWorker-30| 2026-06-21 23:34:46,932,932 multiprocessing INFO process shutting down
SpawnPoolWorker-20| 2026-06-21 23:34:46,932,932 multiprocessing INFO process exiting with exitcode 0
SpawnPoolWorker-34| 2026-06-21 23:34:46,932,932 multiprocessing INFO process exiting with exitcode 0
SpawnPoolWorker-12| 2026-06-21 23:34:46,932,932 multiprocessing INFO process shutting down
SpawnPoolWorker-24| 2026-06-21 23:34:46,932,932 multiprocessing INFO process exiting with exitcode 0
SpawnPoolWorker-28| 2026-06-21 23:34:46,932,932 multiprocessing INFO process shutting down
SpawnPoolWorker-29| 2026-06-21 23:34:46,932,932 multiprocessing INFO process shutting down
SpawnPoolWorker-25| 2026-06-21 23:34:46,932,932 multiprocessing INFO process exiting with exitcode 0
SpawnPoolWorker-30| 2026-06-21 23:34:46,932,932 multiprocessing INFO process exiting with exitcode 0
SpawnPoolWorker-28| 2026-06-21 23:34:46,933,933 multiprocessing INFO process exiting with exitcode 0
SpawnPoolWorker-13| 2026-06-21 23:34:46,933,933 multiprocessing INFO process exiting with exitcode 0
SpawnPoolWorker-29| 2026-06-21 23:34:46,933,933 multiprocessing INFO process exiting with exitcode 0
SpawnPoolWorker-22| 2026-06-21 23:34:46,933,933 multiprocessing INFO process shutting down
SpawnPoolWorker-19| 2026-06-21 23:34:46,933,933 multiprocessing INFO process shutting down
SpawnPoolWorker-12| 2026-06-21 23:34:46,933,933 multiprocessing INFO process exiting with exitcode 0
SpawnPoolWorker-15| 2026-06-21 23:34:46,933,933 multiprocessing INFO process shutting down
SpawnPoolWorker-17| 2026-06-21 23:34:46,933,933 multiprocessing INFO process shutting down
28
(99667, 9)
(99667,)
(99667, 9)
(99667,)

=======================Successfully Added (49667, 9) Counter Examples=======================


============None of the candidates fulfill the conditions. Training CONTINUES!=================

MainProcess| 2026-06-21 23:34:57,104,104 multiprocessing INFO 
============None of the candidates fulfill the conditions. Training CONTINUES!=================


============None of the candidates fulfill the conditions. Training CONTINUES!=================

(550, 171)
/users/9/chen8596/miniconda3/envs/alfd/lib/python3.9/site-packages/torch/nn/functional.py:4999: UserWarning: Support for mismatched key_padding_mask and attn_mask is deprecated. Use same type for both instead.
  warnings.warn(

==============Start Supervised Learning==============

MainProcess| 2026-06-21 23:35:14,067,67 multiprocessing INFO GP output mean: 0.9934930624368887
GP output mean: 0.9934930624368887
MainProcess| 2026-06-21 23:35:15,813,813 multiprocessing INFO GP output success rate: 0.0
GP output success rate: 0.0

==============End Supervised Learning==============

/users/9/chen8596/LyaDis/repro/runs/syn9d/utils/train.py:971: RuntimeWarning: divide by zero encountered in divide
  error = np.abs(((y_hat - y) / y))
/users/9/chen8596/.local/lib/python3.9/site-packages/scipy/stats/_stats_py.py:4424: ConstantInputWarning: An input array is constant; the correlation coefficient is not defined.
  warnings.warn(stats.ConstantInputWarning(msg))
MainProcess| 2026-06-21 23:35:18,075,75 multiprocessing INFO [Test epoch=0001]  nevals=13756 	| train_loss=14121.62207 	| eqs_invalid %=1.09 	| r_best=0.80069 	| quantile=0.00000 	| r_quantile_mean=0.06333 	| r_raw_sum=34.83263 	|  r_raw_mean=0.68299 	| r2=nan 	| acc_iid=0.00000 	| acc_ood=0.00000 	| nmse_test=0.006510949460337791 	| true_equation_set_count=0 	| s/it=762.74943
[Test epoch=0001]  nevals=13756 	| train_loss=14121.62207 	| eqs_invalid %=1.09 	| r_best=0.80069 	| quantile=0.00000 	| r_quantile_mean=0.06333 	| r_raw_sum=34.83263 	|  r_raw_mean=0.68299 	| r2=nan 	| acc_iid=0.00000 	| acc_ood=0.00000 	| nmse_test=0.006510949460337791 	| true_equation_set_count=0 	| s/it=762.74943
MainProcess| 2026-06-21 23:35:18,075,75 multiprocessing INFO [00:00:12:42.76] Training epoch 1/4000, current best R: 0.8007
[00:00:12:42.76] Training epoch 1/4000, current best R: 0.8007
MainProcess| 2026-06-21 23:35:18,075,75 multiprocessing INFO 
	** New best

	** New best
MainProcess| 2026-06-21 23:35:18,075,75 multiprocessing INFO 	Reward: 0.8006900316379157
	Reward: 0.8006900316379157
MainProcess| 2026-06-21 23:35:18,076,76 multiprocessing INFO 	Count Off-policy: 1
	Count Off-policy: 1
MainProcess| 2026-06-21 23:35:18,076,76 multiprocessing INFO 	Count On-policy: 0
	Count On-policy: 0
MainProcess| 2026-06-21 23:35:18,076,76 multiprocessing INFO 	Originally on Policy: False
	Originally on Policy: False
MainProcess| 2026-06-21 23:35:18,076,76 multiprocessing INFO 	Invalid: False
	Invalid: False
MainProcess| 2026-06-21 23:35:18,076,76 multiprocessing INFO 	Traversal: add,n2,x9,n2,mul,x5,mul,x8,sub,sin,x1,add,add,mul,cos,x4,mul,sin,sub,x2,add,x7,x6,sin,x3,x8,x8
	Traversal: add,n2,x9,n2,mul,x5,mul,x8,sub,sin,x1,add,add,mul,cos,x4,mul,sin,sub,x2,add,x7,x6,sin,x3,x8,x8
MainProcess| 2026-06-21 23:35:18,076,76 multiprocessing INFO 	Expression:
	Expression:
MainProcess| 2026-06-21 23:35:18,189,189 multiprocessing INFO 
	    2   2                                                       2     2
	  x₅ ⋅x₈ ⋅(-2⋅x₈ + sin(x₁) + sin(x₃)⋅sin(-x₂ + x₆ + x₇)⋅cos(x₄))  + x₉ 


	    2   2                                                       2     2
	  x₅ ⋅x₈ ⋅(-2⋅x₈ + sin(x₁) + sin(x₃)⋅sin(-x₂ + x₆ + x₇)⋅cos(x₄))  + x₉ 

MainProcess| 2026-06-21 23:40:02,091,91 multiprocessing INFO Genetic Porgramming Runtime 282.77999810804613
Genetic Porgramming Runtime 282.77999810804613

=========================PGD Collection Starts=========================

SpawnPoolWorker-37| 2026-06-21 23:40:08,585,585 multiprocessing INFO STARTING NEW RUN ==========
SpawnPoolWorker-37| 2026-06-21 23:40:08,585,585 multiprocessing INFO SEE LOG AT : ./logs/all_Lyapunov_test_dso-fn_d_all_l_01_log.txt
SpawnPoolWorker-37| 2026-06-21 23:40:08,585,585 multiprocessing INFO See log at : ./logs/all_Lyapunov_test_dso-fn_d_all_l_01_log.txt
SpawnPoolWorker-35| 2026-06-21 23:40:08,585,585 multiprocessing INFO STARTING NEW RUN ==========
SpawnPoolWorker-35| 2026-06-21 23:40:08,586,586 multiprocessing INFO SEE LOG AT : ./logs/all_Lyapunov_test_dso-fn_d_all_l_01_log.txt
SpawnPoolWorker-35| 2026-06-21 23:40:08,586,586 multiprocessing INFO See log at : ./logs/all_Lyapunov_test_dso-fn_d_all_l_01_log.txt
SpawnPoolWorker-43| 2026-06-21 23:40:08,586,586 multiprocessing INFO STARTING NEW RUN ==========
SpawnPoolWorker-40| 2026-06-21 23:40:08,586,586 multiprocessing INFO STARTING NEW RUN ==========
SpawnPoolWorker-42| 2026-06-21 23:40:08,586,586 multiprocessing INFO STARTING NEW RUN ==========
SpawnPoolWorker-43| 2026-06-21 23:40:08,586,586 multiprocessing INFO SEE LOG AT : ./logs/all_Lyapunov_test_dso-fn_d_all_l_01_log.txt
SpawnPoolWorker-40| 2026-06-21 23:40:08,586,586 multiprocessing INFO SEE LOG AT : ./logs/all_Lyapunov_test_dso-fn_d_all_l_01_log.txt
SpawnPoolWorker-42| 2026-06-21 23:40:08,586,586 multiprocessing INFO SEE LOG AT : ./logs/all_Lyapunov_test_dso-fn_d_all_l_01_log.txt
SpawnPoolWorker-43| 2026-06-21 23:40:08,586,586 multiprocessing INFO See log at : ./logs/all_Lyapunov_test_dso-fn_d_all_l_01_log.txt
SpawnPoolWorker-40| 2026-06-21 23:40:08,586,586 multiprocessing INFO See log at : ./logs/all_Lyapunov_test_dso-fn_d_all_l_01_log.txt
SpawnPoolWorker-42| 2026-06-21 23:40:08,586,586 multiprocessing INFO See log at : ./logs/all_Lyapunov_test_dso-fn_d_all_l_01_log.txt
SpawnPoolWorker-35| 2026-06-21 23:40:08,588,588 multiprocessing INFO child process calling self.run()
SpawnPoolWorker-37| 2026-06-21 23:40:08,588,588 multiprocessing INFO child process calling self.run()
SpawnPoolWorker-41| 2026-06-21 23:40:08,588,588 multiprocessing INFO STARTING NEW RUN ==========
SpawnPoolWorker-40| 2026-06-21 23:40:08,588,588 multiprocessing INFO child process calling self.run()
SpawnPoolWorker-41| 2026-06-21 23:40:08,588,588 multiprocessing INFO SEE LOG AT : ./logs/all_Lyapunov_test_dso-fn_d_all_l_01_log.txt
SpawnPoolWorker-41| 2026-06-21 23:40:08,588,588 multiprocessing INFO See log at : ./logs/all_Lyapunov_test_dso-fn_d_all_l_01_log.txt
SpawnPoolWorker-43| 2026-06-21 23:40:08,588,588 multiprocessing INFO child process calling self.run()
SpawnPoolWorker-42| 2026-06-21 23:40:08,588,588 multiprocessing INFO child process calling self.run()
SpawnPoolWorker-36| 2026-06-21 23:40:08,589,589 multiprocessing INFO STARTING NEW RUN ==========
SpawnPoolWorker-44| 2026-06-21 23:40:08,589,589 multiprocessing INFO STARTING NEW RUN ==========
SpawnPoolWorker-38| 2026-06-21 23:40:08,589,589 multiprocessing INFO STARTING NEW RUN ==========
SpawnPoolWorker-36| 2026-06-21 23:40:08,589,589 multiprocessing INFO SEE LOG AT : ./logs/all_Lyapunov_test_dso-fn_d_all_l_01_log.txt
SpawnPoolWorker-44| 2026-06-21 23:40:08,589,589 multiprocessing INFO SEE LOG AT : ./logs/all_Lyapunov_test_dso-fn_d_all_l_01_log.txt
SpawnPoolWorker-38| 2026-06-21 23:40:08,589,589 multiprocessing INFO SEE LOG AT : ./logs/all_Lyapunov_test_dso-fn_d_all_l_01_log.txt
SpawnPoolWorker-36| 2026-06-21 23:40:08,589,589 multiprocessing INFO See log at : ./logs/all_Lyapunov_test_dso-fn_d_all_l_01_log.txt
SpawnPoolWorker-44| 2026-06-21 23:40:08,589,589 multiprocessing INFO See log at : ./logs/all_Lyapunov_test_dso-fn_d_all_l_01_log.txt
SpawnPoolWorker-38| 2026-06-21 23:40:08,589,589 multiprocessing INFO See log at : ./logs/all_Lyapunov_test_dso-fn_d_all_l_01_log.txt
SpawnPoolWorker-41| 2026-06-21 23:40:08,589,589 multiprocessing INFO child process calling self.run()
SpawnPoolWorker-38| 2026-06-21 23:40:08,591,591 multiprocessing INFO child process calling self.run()
SpawnPoolWorker-44| 2026-06-21 23:40:08,592,592 multiprocessing INFO child process calling self.run()
SpawnPoolWorker-36| 2026-06-21 23:40:08,593,593 multiprocessing INFO child process calling self.run()
SpawnPoolWorker-39| 2026-06-21 23:40:08,604,604 multiprocessing INFO STARTING NEW RUN ==========
SpawnPoolWorker-39| 2026-06-21 23:40:08,605,605 multiprocessing INFO SEE LOG AT : ./logs/all_Lyapunov_test_dso-fn_d_all_l_01_log.txt
SpawnPoolWorker-39| 2026-06-21 23:40:08,605,605 multiprocessing INFO See log at : ./logs/all_Lyapunov_test_dso-fn_d_all_l_01_log.txt
SpawnPoolWorker-39| 2026-06-21 23:40:08,606,606 multiprocessing INFO child process calling self.run()
SpawnPoolWorker-39| 2026-06-21 23:40:29,289,289 multiprocessing INFO process shutting down
SpawnPoolWorker-39| 2026-06-21 23:40:29,290,290 multiprocessing INFO process exiting with exitcode 0
SpawnPoolWorker-41| 2026-06-21 23:40:29,290,290 multiprocessing INFO process shutting down
SpawnPoolWorker-38| 2026-06-21 23:40:29,290,290 multiprocessing INFO process shutting down
SpawnPoolWorker-37| 2026-06-21 23:40:29,290,290 multiprocessing INFO process shutting down
SpawnPoolWorker-42| 2026-06-21 23:40:29,290,290 multiprocessing INFO process shutting down
SpawnPoolWorker-40| 2026-06-21 23:40:29,290,290 multiprocessing INFO process shutting down
SpawnPoolWorker-44| 2026-06-21 23:40:29,290,290 multiprocessing INFO process shutting down
(19933,)

===================Collect 19933 Examples===================

Epsilon 0.1
500
(550,)
(550,)
(550,)
Number of Programs for Minimization: 28
SpawnPoolWorker-55| 2026-06-21 23:40:47,935,935 multiprocessing INFO STARTING NEW RUN ==========
SpawnPoolWorker-55| 2026-06-21 23:40:47,935,935 multiprocessing INFO SEE LOG AT : ./logs/all_Lyapunov_test_dso-fn_d_all_l_01_log.txt
SpawnPoolWorker-55| 2026-06-21 23:40:47,935,935 multiprocessing INFO See log at : ./logs/all_Lyapunov_test_dso-fn_d_all_l_01_log.txt
SpawnPoolWorker-55| 2026-06-21 23:40:47,942,942 multiprocessing INFO child process calling self.run()
SpawnPoolWorker-48| 2026-06-21 23:40:48,014,14 multiprocessing INFO STARTING NEW RUN ==========
SpawnPoolWorker-48| 2026-06-21 23:40:48,015,15 multiprocessing INFO SEE LOG AT : ./logs/all_Lyapunov_test_dso-fn_d_all_l_01_log.txt
SpawnPoolWorker-48| 2026-06-21 23:40:48,015,15 multiprocessing INFO See log at : ./logs/all_Lyapunov_test_dso-fn_d_all_l_01_log.txt
SpawnPoolWorker-48| 2026-06-21 23:40:48,025,25 multiprocessing INFO child process calling self.run()
SpawnPoolWorker-49| 2026-06-21 23:40:48,388,388 multiprocessing INFO STARTING NEW RUN ==========
SpawnPoolWorker-49| 2026-06-21 23:40:48,389,389 multiprocessing INFO SEE LOG AT : ./logs/all_Lyapunov_test_dso-fn_d_all_l_01_log.txt
SpawnPoolWorker-49| 2026-06-21 23:40:48,389,389 multiprocessing INFO See log at : ./logs/all_Lyapunov_test_dso-fn_d_all_l_01_log.txt
SpawnPoolWorker-49| 2026-06-21 23:40:48,396,396 multiprocessing INFO child process calling self.run()
SpawnPoolWorker-45| 2026-06-21 23:40:48,443,443 multiprocessing INFO STARTING NEW RUN ==========
SpawnPoolWorker-45| 2026-06-21 23:40:48,443,443 multiprocessing INFO SEE LOG AT : ./logs/all_Lyapunov_test_dso-fn_d_all_l_01_log.txt
SpawnPoolWorker-45| 2026-06-21 23:40:48,443,443 multiprocessing INFO See log at : ./logs/all_Lyapunov_test_dso-fn_d_all_l_01_log.txt
SpawnPoolWorker-45| 2026-06-21 23:40:48,446,446 multiprocessing INFO child process calling self.run()
SpawnPoolWorker-57| 2026-06-21 23:40:48,684,684 multiprocessing INFO STARTING NEW RUN ==========
SpawnPoolWorker-57| 2026-06-21 23:40:48,684,684 multiprocessing INFO SEE LOG AT : ./logs/all_Lyapunov_test_dso-fn_d_all_l_01_log.txt
SpawnPoolWorker-57| 2026-06-21 23:40:48,684,684 multiprocessing INFO See log at : ./logs/all_Lyapunov_test_dso-fn_d_all_l_01_log.txt
SpawnPoolWorker-57| 2026-06-21 23:40:48,690,690 multiprocessing INFO child process calling self.run()
SpawnPoolWorker-47| 2026-06-21 23:40:48,746,746 multiprocessing INFO STARTING NEW RUN ==========
SpawnPoolWorker-47| 2026-06-21 23:40:48,746,746 multiprocessing INFO SEE LOG AT : ./logs/all_Lyapunov_test_dso-fn_d_all_l_01_log.txt
SpawnPoolWorker-47| 2026-06-21 23:40:48,746,746 multiprocessing INFO See log at : ./logs/all_Lyapunov_test_dso-fn_d_all_l_01_log.txt
SpawnPoolWorker-47| 2026-06-21 23:40:48,751,751 multiprocessing INFO child process calling self.run()
SpawnPoolWorker-46| 2026-06-21 23:40:48,752,752 multiprocessing INFO STARTING NEW RUN ==========
SpawnPoolWorker-46| 2026-06-21 23:40:48,752,752 multiprocessing INFO SEE LOG AT : ./logs/all_Lyapunov_test_dso-fn_d_all_l_01_log.txt
SpawnPoolWorker-46| 2026-06-21 23:40:48,752,752 multiprocessing INFO See log at : ./logs/all_Lyapunov_test_dso-fn_d_all_l_01_log.txt
SpawnPoolWorker-46| 2026-06-21 23:40:48,758,758 multiprocessing INFO child process calling self.run()
SpawnPoolWorker-54| 2026-06-21 23:40:48,797,797 multiprocessing INFO STARTING NEW RUN ==========
SpawnPoolWorker-54| 2026-06-21 23:40:48,797,797 multiprocessing INFO SEE LOG AT : ./logs/all_Lyapunov_test_dso-fn_d_all_l_01_log.txt
SpawnPoolWorker-54| 2026-06-21 23:40:48,797,797 multiprocessing INFO See log at : ./logs/all_Lyapunov_test_dso-fn_d_all_l_01_log.txt
SpawnPoolWorker-54| 2026-06-21 23:40:48,799,799 multiprocessing INFO child process calling self.run()
SpawnPoolWorker-56| 2026-06-21 23:40:48,802,802 multiprocessing INFO STARTING NEW RUN ==========
SpawnPoolWorker-56| 2026-06-21 23:40:48,803,803 multiprocessing INFO SEE LOG AT : ./logs/all_Lyapunov_test_dso-fn_d_all_l_01_log.txt
SpawnPoolWorker-56| 2026-06-21 23:40:48,803,803 multiprocessing INFO See log at : ./logs/all_Lyapunov_test_dso-fn_d_all_l_01_log.txt
SpawnPoolWorker-56| 2026-06-21 23:40:48,812,812 multiprocessing INFO child process calling self.run()
SpawnPoolWorker-64| 2026-06-21 23:40:48,883,883 multiprocessing INFO STARTING NEW RUN ==========
SpawnPoolWorker-64| 2026-06-21 23:40:48,883,883 multiprocessing INFO SEE LOG AT : ./logs/all_Lyapunov_test_dso-fn_d_all_l_01_log.txt
SpawnPoolWorker-64| 2026-06-21 23:40:48,883,883 multiprocessing INFO See log at : ./logs/all_Lyapunov_test_dso-fn_d_all_l_01_log.txt
SpawnPoolWorker-64| 2026-06-21 23:40:48,890,890 multiprocessing INFO child process calling self.run()
SpawnPoolWorker-52| 2026-06-21 23:40:48,961,961 multiprocessing INFO STARTING NEW RUN ==========
SpawnPoolWorker-52| 2026-06-21 23:40:48,961,961 multiprocessing INFO SEE LOG AT : ./logs/all_Lyapunov_test_dso-fn_d_all_l_01_log.txt
SpawnPoolWorker-52| 2026-06-21 23:40:48,961,961 multiprocessing INFO See log at : ./logs/all_Lyapunov_test_dso-fn_d_all_l_01_log.txt
SpawnPoolWorker-52| 2026-06-21 23:40:48,965,965 multiprocessing INFO child process calling self.run()
SpawnPoolWorker-53| 2026-06-21 23:40:49,063,63 multiprocessing INFO STARTING NEW RUN ==========
SpawnPoolWorker-53| 2026-06-21 23:40:49,063,63 multiprocessing INFO SEE LOG AT : ./logs/all_Lyapunov_test_dso-fn_d_all_l_01_log.txt
SpawnPoolWorker-53| 2026-06-21 23:40:49,063,63 multiprocessing INFO See log at : ./logs/all_Lyapunov_test_dso-fn_d_all_l_01_log.txt
SpawnPoolWorker-53| 2026-06-21 23:40:49,067,67 multiprocessing INFO child process calling self.run()
SpawnPoolWorker-62| 2026-06-21 23:40:49,085,85 multiprocessing INFO STARTING NEW RUN ==========
SpawnPoolWorker-62| 2026-06-21 23:40:49,085,85 multiprocessing INFO SEE LOG AT : ./logs/all_Lyapunov_test_dso-fn_d_all_l_01_log.txt
SpawnPoolWorker-62| 2026-06-21 23:40:49,085,85 multiprocessing INFO See log at : ./logs/all_Lyapunov_test_dso-fn_d_all_l_01_log.txt
SpawnPoolWorker-50| 2026-06-21 23:40:49,086,86 multiprocessing INFO STARTING NEW RUN ==========
SpawnPoolWorker-50| 2026-06-21 23:40:49,086,86 multiprocessing INFO SEE LOG AT : ./logs/all_Lyapunov_test_dso-fn_d_all_l_01_log.txt
SpawnPoolWorker-50| 2026-06-21 23:40:49,086,86 multiprocessing INFO See log at : ./logs/all_Lyapunov_test_dso-fn_d_all_l_01_log.txt
SpawnPoolWorker-62| 2026-06-21 23:40:49,089,89 multiprocessing INFO child process calling self.run()
SpawnPoolWorker-50| 2026-06-21 23:40:49,090,90 multiprocessing INFO child process calling self.run()
SpawnPoolWorker-68| 2026-06-21 23:40:49,147,147 multiprocessing INFO STARTING NEW RUN ==========
SpawnPoolWorker-68| 2026-06-21 23:40:49,147,147 multiprocessing INFO SEE LOG AT : ./logs/all_Lyapunov_test_dso-fn_d_all_l_01_log.txt
SpawnPoolWorker-68| 2026-06-21 23:40:49,147,147 multiprocessing INFO See log at : ./logs/all_Lyapunov_test_dso-fn_d_all_l_01_log.txt
SpawnPoolWorker-68| 2026-06-21 23:40:49,152,152 multiprocessing INFO child process calling self.run()
SpawnPoolWorker-67| 2026-06-21 23:40:49,160,160 multiprocessing INFO STARTING NEW RUN ==========
SpawnPoolWorker-67| 2026-06-21 23:40:49,160,160 multiprocessing INFO SEE LOG AT : ./logs/all_Lyapunov_test_dso-fn_d_all_l_01_log.txt
SpawnPoolWorker-67| 2026-06-21 23:40:49,160,160 multiprocessing INFO See log at : ./logs/all_Lyapunov_test_dso-fn_d_all_l_01_log.txt
SpawnPoolWorker-67| 2026-06-21 23:40:49,163,163 multiprocessing INFO child process calling self.run()
SpawnPoolWorker-51| 2026-06-21 23:40:49,192,192 multiprocessing INFO STARTING NEW RUN ==========
SpawnPoolWorker-51| 2026-06-21 23:40:49,193,193 multiprocessing INFO SEE LOG AT : ./logs/all_Lyapunov_test_dso-fn_d_all_l_01_log.txt
SpawnPoolWorker-51| 2026-06-21 23:40:49,193,193 multiprocessing INFO See log at : ./logs/all_Lyapunov_test_dso-fn_d_all_l_01_log.txt
SpawnPoolWorker-51| 2026-06-21 23:40:49,194,194 multiprocessing INFO child process calling self.run()
SpawnPoolWorker-60| 2026-06-21 23:40:49,305,305 multiprocessing INFO STARTING NEW RUN ==========
SpawnPoolWorker-60| 2026-06-21 23:40:49,305,305 multiprocessing INFO SEE LOG AT : ./logs/all_Lyapunov_test_dso-fn_d_all_l_01_log.txt
SpawnPoolWorker-60| 2026-06-21 23:40:49,305,305 multiprocessing INFO See log at : ./logs/all_Lyapunov_test_dso-fn_d_all_l_01_log.txt
SpawnPoolWorker-60| 2026-06-21 23:40:49,311,311 multiprocessing INFO child process calling self.run()
SpawnPoolWorker-61| 2026-06-21 23:40:49,635,635 multiprocessing INFO STARTING NEW RUN ==========
SpawnPoolWorker-61| 2026-06-21 23:40:49,635,635 multiprocessing INFO SEE LOG AT : ./logs/all_Lyapunov_test_dso-fn_d_all_l_01_log.txt
SpawnPoolWorker-61| 2026-06-21 23:40:49,635,635 multiprocessing INFO See log at : ./logs/all_Lyapunov_test_dso-fn_d_all_l_01_log.txt
SpawnPoolWorker-61| 2026-06-21 23:40:49,637,637 multiprocessing INFO child process calling self.run()
SpawnPoolWorker-65| 2026-06-21 23:40:49,849,849 multiprocessing INFO STARTING NEW RUN ==========
SpawnPoolWorker-65| 2026-06-21 23:40:49,849,849 multiprocessing INFO SEE LOG AT : ./logs/all_Lyapunov_test_dso-fn_d_all_l_01_log.txt
SpawnPoolWorker-65| 2026-06-21 23:40:49,849,849 multiprocessing INFO See log at : ./logs/all_Lyapunov_test_dso-fn_d_all_l_01_log.txt
SpawnPoolWorker-65| 2026-06-21 23:40:49,851,851 multiprocessing INFO child process calling self.run()
SpawnPoolWorker-63| 2026-06-21 23:40:49,878,878 multiprocessing INFO STARTING NEW RUN ==========
SpawnPoolWorker-63| 2026-06-21 23:40:49,878,878 multiprocessing INFO SEE LOG AT : ./logs/all_Lyapunov_test_dso-fn_d_all_l_01_log.txt
SpawnPoolWorker-63| 2026-06-21 23:40:49,878,878 multiprocessing INFO See log at : ./logs/all_Lyapunov_test_dso-fn_d_all_l_01_log.txt
SpawnPoolWorker-63| 2026-06-21 23:40:49,881,881 multiprocessing INFO child process calling self.run()
SpawnPoolWorker-58| 2026-06-21 23:40:50,192,192 multiprocessing INFO STARTING NEW RUN ==========
SpawnPoolWorker-58| 2026-06-21 23:40:50,192,192 multiprocessing INFO SEE LOG AT : ./logs/all_Lyapunov_test_dso-fn_d_all_l_01_log.txt
SpawnPoolWorker-58| 2026-06-21 23:40:50,192,192 multiprocessing INFO See log at : ./logs/all_Lyapunov_test_dso-fn_d_all_l_01_log.txt
SpawnPoolWorker-58| 2026-06-21 23:40:50,193,193 multiprocessing INFO child process calling self.run()
SpawnPoolWorker-59| 2026-06-21 23:40:50,682,682 multiprocessing INFO STARTING NEW RUN ==========
SpawnPoolWorker-59| 2026-06-21 23:40:50,682,682 multiprocessing INFO SEE LOG AT : ./logs/all_Lyapunov_test_dso-fn_d_all_l_01_log.txt
SpawnPoolWorker-59| 2026-06-21 23:40:50,682,682 multiprocessing INFO See log at : ./logs/all_Lyapunov_test_dso-fn_d_all_l_01_log.txt
SpawnPoolWorker-59| 2026-06-21 23:40:50,689,689 multiprocessing INFO child process calling self.run()
SpawnPoolWorker-66| 2026-06-21 23:40:51,248,248 multiprocessing INFO STARTING NEW RUN ==========
SpawnPoolWorker-66| 2026-06-21 23:40:51,248,248 multiprocessing INFO SEE LOG AT : ./logs/all_Lyapunov_test_dso-fn_d_all_l_01_log.txt
SpawnPoolWorker-66| 2026-06-21 23:40:51,248,248 multiprocessing INFO See log at : ./logs/all_Lyapunov_test_dso-fn_d_all_l_01_log.txt
SpawnPoolWorker-66| 2026-06-21 23:40:51,250,250 multiprocessing INFO child process calling self.run()
SpawnPoolWorker-59| 2026-06-21 23:47:33,894,894 multiprocessing INFO process shutting down
SpawnPoolWorker-60| 2026-06-21 23:47:33,894,894 multiprocessing INFO process shutting down
SpawnPoolWorker-56| 2026-06-21 23:47:33,894,894 multiprocessing INFO process shutting down
SpawnPoolWorker-46| 2026-06-21 23:47:33,894,894 multiprocessing INFO process shutting down
SpawnPoolWorker-65| 2026-06-21 23:47:33,894,894 multiprocessing INFO process shutting down
SpawnPoolWorker-63| 2026-06-21 23:47:33,894,894 multiprocessing INFO process shutting down
SpawnPoolWorker-64| 2026-06-21 23:47:33,894,894 multiprocessing INFO process shutting down
SpawnPoolWorker-61| 2026-06-21 23:47:33,894,894 multiprocessing INFO process shutting down
SpawnPoolWorker-54| 2026-06-21 23:47:33,894,894 multiprocessing INFO process shutting down
SpawnPoolWorker-50| 2026-06-21 23:47:33,894,894 multiprocessing INFO process shutting down
SpawnPoolWorker-58| 2026-06-21 23:47:33,894,894 multiprocessing INFO process shutting down
SpawnPoolWorker-49| 2026-06-21 23:47:33,894,894 multiprocessing INFO process shutting down
SpawnPoolWorker-47| 2026-06-21 23:47:33,895,895 multiprocessing INFO process shutting down
SpawnPoolWorker-55| 2026-06-21 23:47:33,895,895 multiprocessing INFO process shutting down
SpawnPoolWorker-68| 2026-06-21 23:47:33,895,895 multiprocessing INFO process shutting down
SpawnPoolWorker-60| 2026-06-21 23:47:33,895,895 multiprocessing INFO process exiting with exitcode 0
SpawnPoolWorker-59| 2026-06-21 23:47:33,895,895 multiprocessing INFO process exiting with exitcode 0
SpawnPoolWorker-52| 2026-06-21 23:47:33,895,895 multiprocessing INFO process shutting down
SpawnPoolWorker-47| 2026-06-21 23:47:33,895,895 multiprocessing INFO process exiting with exitcode 0
SpawnPoolWorker-46| 2026-06-21 23:47:33,895,895 multiprocessing INFO process exiting with exitcode 0
SpawnPoolWorker-55| 2026-06-21 23:47:33,895,895 multiprocessing INFO process exiting with exitcode 0
SpawnPoolWorker-68| 2026-06-21 23:47:33,895,895 multiprocessing INFO process exiting with exitcode 0
SpawnPoolWorker-61| 2026-06-21 23:47:33,895,895 multiprocessing INFO process exiting with exitcode 0
SpawnPoolWorker-52| 2026-06-21 23:47:33,895,895 multiprocessing INFO process exiting with exitcode 0
SpawnPoolWorker-57| 2026-06-21 23:47:33,895,895 multiprocessing INFO process shutting down
SpawnPoolWorker-53| 2026-06-21 23:47:33,895,895 multiprocessing INFO process shutting down
SpawnPoolWorker-45| 2026-06-21 23:47:33,896,896 multiprocessing INFO process shutting down
SpawnPoolWorker-51| 2026-06-21 23:47:33,896,896 multiprocessing INFO process shutting down
SpawnPoolWorker-66| 2026-06-21 23:47:33,896,896 multiprocessing INFO process shutting down
SpawnPoolWorker-62| 2026-06-21 23:47:33,896,896 multiprocessing INFO process shutting down
28
(100000, 9)
(100000,)
(100000, 9)
(100000,)

=======================Successfully Added (50000, 9) Counter Examples=======================


============None of the candidates fulfill the conditions. Training CONTINUES!=================

MainProcess| 2026-06-21 23:47:42,025,25 multiprocessing INFO 
============None of the candidates fulfill the conditions. Training CONTINUES!=================


============None of the candidates fulfill the conditions. Training CONTINUES!=================

(550, 171)
/users/9/chen8596/miniconda3/envs/alfd/lib/python3.9/site-packages/torch/nn/functional.py:4999: UserWarning: Support for mismatched key_padding_mask and attn_mask is deprecated. Use same type for both instead.
  warnings.warn(

==============Start Supervised Learning==============

MainProcess| 2026-06-21 23:47:54,318,318 multiprocessing INFO GP output mean: 0.8756638537196544
GP output mean: 0.8756638537196544
MainProcess| 2026-06-21 23:47:55,275,275 multiprocessing INFO GP output success rate: 0.0
GP output success rate: 0.0

==============End Supervised Learning==============

/users/9/chen8596/LyaDis/repro/runs/syn9d/utils/train.py:971: RuntimeWarning: divide by zero encountered in divide
  error = np.abs(((y_hat - y) / y))
/users/9/chen8596/.local/lib/python3.9/site-packages/scipy/stats/_stats_py.py:4424: ConstantInputWarning: An input array is constant; the correlation coefficient is not defined.
  warnings.warn(stats.ConstantInputWarning(msg))
MainProcess| 2026-06-21 23:47:57,532,532 multiprocessing INFO [Test epoch=0002]  nevals=27582 	| train_loss=12127.08008 	| eqs_invalid %=0.55 	| r_best=0.95236 	| quantile=0.00000 	| r_quantile_mean=0.07622 	| r_raw_sum=41.92061 	|  r_raw_mean=0.77631 	| r2=nan 	| acc_iid=0.00000 	| acc_ood=0.00000 	| nmse_test=0.10155589862003357 	| true_equation_set_count=0 	| s/it=759.34277
[Test epoch=0002]  nevals=27582 	| train_loss=12127.08008 	| eqs_invalid %=0.55 	| r_best=0.95236 	| quantile=0.00000 	| r_quantile_mean=0.07622 	| r_raw_sum=41.92061 	|  r_raw_mean=0.77631 	| r2=nan 	| acc_iid=0.00000 	| acc_ood=0.00000 	| nmse_test=0.10155589862003357 	| true_equation_set_count=0 	| s/it=759.34277
MainProcess| 2026-06-21 23:47:57,532,532 multiprocessing INFO [00:00:25:22.22] Training epoch 2/4000, current best R: 0.9524
[00:00:25:22.22] Training epoch 2/4000, current best R: 0.9524
MainProcess| 2026-06-21 23:47:57,532,532 multiprocessing INFO 
	** New best

	** New best
MainProcess| 2026-06-21 23:47:57,532,532 multiprocessing INFO 	Reward: 0.952358084539083
	Reward: 0.952358084539083
MainProcess| 2026-06-21 23:47:57,532,532 multiprocessing INFO 	Count Off-policy: 1
	Count Off-policy: 1
MainProcess| 2026-06-21 23:47:57,533,533 multiprocessing INFO 	Count On-policy: 0
	Count On-policy: 0
MainProcess| 2026-06-21 23:47:57,533,533 multiprocessing INFO 	Originally on Policy: False
	Originally on Policy: False
MainProcess| 2026-06-21 23:47:57,533,533 multiprocessing INFO 	Invalid: False
	Invalid: False
MainProcess| 2026-06-21 23:47:57,533,533 multiprocessing INFO 	Traversal: add,n2,mul,add,add,n2,x9,n2,x4,n2,x6,x2,n2,add,add,x5,x8,sub,x1,mul,mul,mul,sin,x7,x3,sin,x2,sin,x2
	Traversal: add,n2,mul,add,add,n2,x9,n2,x4,n2,x6,x2,n2,add,add,x5,x8,sub,x1,mul,mul,mul,sin,x7,x3,sin,x2,sin,x2
MainProcess| 2026-06-21 23:47:57,533,533 multiprocessing INFO 	Expression:
	Expression:
MainProcess| 2026-06-21 23:47:57,535,535 multiprocessing INFO 
	                       2                                       2
	    2 ⎛  2     2     2⎞    ⎛           2                      ⎞ 
	  x₂ ⋅⎝x₄  + x₆  + x₉ ⎠  + ⎝x₁ - x₃⋅sin (x₂)⋅sin(x₇) + x₅ + x₈⎠ 


	                       2                                       2
	    2 ⎛  2     2     2⎞    ⎛           2                      ⎞ 
	  x₂ ⋅⎝x₄  + x₆  + x₉ ⎠  + ⎝x₁ - x₃⋅sin (x₂)⋅sin(x₇) + x₅ + x₈⎠ 

MainProcess| 2026-06-21 23:51:15,611,611 multiprocessing INFO Genetic Porgramming Runtime 196.94964003306814
Genetic Porgramming Runtime 196.94964003306814

=========================PGD Collection Starts=========================

SpawnPoolWorker-77| 2026-06-21 23:51:20,952,952 multiprocessing INFO STARTING NEW RUN ==========
SpawnPoolWorker-77| 2026-06-21 23:51:20,952,952 multiprocessing INFO SEE LOG AT : ./logs/all_Lyapunov_test_dso-fn_d_all_l_01_log.txt
SpawnPoolWorker-77| 2026-06-21 23:51:20,952,952 multiprocessing INFO See log at : ./logs/all_Lyapunov_test_dso-fn_d_all_l_01_log.txt
SpawnPoolWorker-76| 2026-06-21 23:51:20,952,952 multiprocessing INFO STARTING NEW RUN ==========
SpawnPoolWorker-76| 2026-06-21 23:51:20,952,952 multiprocessing INFO SEE LOG AT : ./logs/all_Lyapunov_test_dso-fn_d_all_l_01_log.txt
SpawnPoolWorker-76| 2026-06-21 23:51:20,952,952 multiprocessing INFO See log at : ./logs/all_Lyapunov_test_dso-fn_d_all_l_01_log.txt
SpawnPoolWorker-77| 2026-06-21 23:51:20,956,956 multiprocessing INFO child process calling self.run()
SpawnPoolWorker-76| 2026-06-21 23:51:20,956,956 multiprocessing INFO child process calling self.run()
SpawnPoolWorker-71| 2026-06-21 23:51:20,956,956 multiprocessing INFO STARTING NEW RUN ==========
SpawnPoolWorker-71| 2026-06-21 23:51:20,956,956 multiprocessing INFO SEE LOG AT : ./logs/all_Lyapunov_test_dso-fn_d_all_l_01_log.txt
SpawnPoolWorker-71| 2026-06-21 23:51:20,956,956 multiprocessing INFO See log at : ./logs/all_Lyapunov_test_dso-fn_d_all_l_01_log.txt
SpawnPoolWorker-71| 2026-06-21 23:51:20,957,957 multiprocessing INFO child process calling self.run()
SpawnPoolWorker-78| 2026-06-21 23:51:20,958,958 multiprocessing INFO STARTING NEW RUN ==========
SpawnPoolWorker-70| 2026-06-21 23:51:20,958,958 multiprocessing INFO STARTING NEW RUN ==========
SpawnPoolWorker-72| 2026-06-21 23:51:20,958,958 multiprocessing INFO STARTING NEW RUN ==========
SpawnPoolWorker-78| 2026-06-21 23:51:20,958,958 multiprocessing INFO SEE LOG AT : ./logs/all_Lyapunov_test_dso-fn_d_all_l_01_log.txt
SpawnPoolWorker-70| 2026-06-21 23:51:20,959,959 multiprocessing INFO SEE LOG AT : ./logs/all_Lyapunov_test_dso-fn_d_all_l_01_log.txt
SpawnPoolWorker-72| 2026-06-21 23:51:20,959,959 multiprocessing INFO SEE LOG AT : ./logs/all_Lyapunov_test_dso-fn_d_all_l_01_log.txt
SpawnPoolWorker-78| 2026-06-21 23:51:20,959,959 multiprocessing INFO See log at : ./logs/all_Lyapunov_test_dso-fn_d_all_l_01_log.txt
SpawnPoolWorker-70| 2026-06-21 23:51:20,959,959 multiprocessing INFO See log at : ./logs/all_Lyapunov_test_dso-fn_d_all_l_01_log.txt
SpawnPoolWorker-72| 2026-06-21 23:51:20,959,959 multiprocessing INFO See log at : ./logs/all_Lyapunov_test_dso-fn_d_all_l_01_log.txt
SpawnPoolWorker-78| 2026-06-21 23:51:20,960,960 multiprocessing INFO child process calling self.run()
SpawnPoolWorker-70| 2026-06-21 23:51:20,960,960 multiprocessing INFO child process calling self.run()
SpawnPoolWorker-72| 2026-06-21 23:51:20,960,960 multiprocessing INFO child process calling self.run()
SpawnPoolWorker-74| 2026-06-21 23:51:20,961,961 multiprocessing INFO STARTING NEW RUN ==========
SpawnPoolWorker-75| 2026-06-21 23:51:20,961,961 multiprocessing INFO STARTING NEW RUN ==========
SpawnPoolWorker-74| 2026-06-21 23:51:20,961,961 multiprocessing INFO SEE LOG AT : ./logs/all_Lyapunov_test_dso-fn_d_all_l_01_log.txt
SpawnPoolWorker-75| 2026-06-21 23:51:20,961,961 multiprocessing INFO SEE LOG AT : ./logs/all_Lyapunov_test_dso-fn_d_all_l_01_log.txt
SpawnPoolWorker-74| 2026-06-21 23:51:20,961,961 multiprocessing INFO See log at : ./logs/all_Lyapunov_test_dso-fn_d_all_l_01_log.txt
SpawnPoolWorker-75| 2026-06-21 23:51:20,961,961 multiprocessing INFO See log at : ./logs/all_Lyapunov_test_dso-fn_d_all_l_01_log.txt
SpawnPoolWorker-74| 2026-06-21 23:51:20,962,962 multiprocessing INFO child process calling self.run()
SpawnPoolWorker-75| 2026-06-21 23:51:20,962,962 multiprocessing INFO child process calling self.run()
SpawnPoolWorker-69| 2026-06-21 23:51:20,967,967 multiprocessing INFO STARTING NEW RUN ==========
SpawnPoolWorker-69| 2026-06-21 23:51:20,967,967 multiprocessing INFO SEE LOG AT : ./logs/all_Lyapunov_test_dso-fn_d_all_l_01_log.txt
SpawnPoolWorker-69| 2026-06-21 23:51:20,967,967 multiprocessing INFO See log at : ./logs/all_Lyapunov_test_dso-fn_d_all_l_01_log.txt
SpawnPoolWorker-73| 2026-06-21 23:51:20,968,968 multiprocessing INFO STARTING NEW RUN ==========
SpawnPoolWorker-73| 2026-06-21 23:51:20,968,968 multiprocessing INFO SEE LOG AT : ./logs/all_Lyapunov_test_dso-fn_d_all_l_01_log.txt
SpawnPoolWorker-73| 2026-06-21 23:51:20,968,968 multiprocessing INFO See log at : ./logs/all_Lyapunov_test_dso-fn_d_all_l_01_log.txt
SpawnPoolWorker-69| 2026-06-21 23:51:20,968,968 multiprocessing INFO child process calling self.run()
SpawnPoolWorker-73| 2026-06-21 23:51:20,969,969 multiprocessing INFO child process calling self.run()
SpawnPoolWorker-75| 2026-06-21 23:51:38,661,661 multiprocessing INFO process shutting down
SpawnPoolWorker-77| 2026-06-21 23:51:38,661,661 multiprocessing INFO process shutting down
SpawnPoolWorker-78| 2026-06-21 23:51:38,662,662 multiprocessing INFO process shutting down
SpawnPoolWorker-75| 2026-06-21 23:51:38,662,662 multiprocessing INFO process exiting with exitcode 0
SpawnPoolWorker-72| 2026-06-21 23:51:38,662,662 multiprocessing INFO process shutting down
SpawnPoolWorker-71| 2026-06-21 23:51:38,662,662 multiprocessing INFO process shutting down
SpawnPoolWorker-77| 2026-06-21 23:51:38,662,662 multiprocessing INFO process exiting with exitcode 0
SpawnPoolWorker-73| 2026-06-21 23:51:38,662,662 multiprocessing INFO process shutting down
SpawnPoolWorker-78| 2026-06-21 23:51:38,662,662 multiprocessing INFO process exiting with exitcode 0
SpawnPoolWorker-74| 2026-06-21 23:51:38,662,662 multiprocessing INFO process shutting down
SpawnPoolWorker-72| 2026-06-21 23:51:38,662,662 multiprocessing INFO process exiting with exitcode 0
SpawnPoolWorker-70| 2026-06-21 23:51:38,662,662 multiprocessing INFO process shutting down
SpawnPoolWorker-71| 2026-06-21 23:51:38,662,662 multiprocessing INFO process exiting with exitcode 0
SpawnPoolWorker-73| 2026-06-21 23:51:38,662,662 multiprocessing INFO process exiting with exitcode 0
SpawnPoolWorker-74| 2026-06-21 23:51:38,662,662 multiprocessing INFO process exiting with exitcode 0
(20000,)

===================Collect 20000 Examples===================

Epsilon 0.1
500
(550,)
(550,)
(55,)
Number of Programs for Minimization: 29
SpawnPoolWorker-84| 2026-06-21 23:51:55,691,691 multiprocessing INFO STARTING NEW RUN ==========
SpawnPoolWorker-84| 2026-06-21 23:51:55,691,691 multiprocessing INFO SEE LOG AT : ./logs/all_Lyapunov_test_dso-fn_d_all_l_01_log.txt
SpawnPoolWorker-84| 2026-06-21 23:51:55,691,691 multiprocessing INFO See log at : ./logs/all_Lyapunov_test_dso-fn_d_all_l_01_log.txt
SpawnPoolWorker-84| 2026-06-21 23:51:55,693,693 multiprocessing INFO child process calling self.run()
SpawnPoolWorker-87| 2026-06-21 23:51:55,938,938 multiprocessing INFO STARTING NEW RUN ==========
SpawnPoolWorker-87| 2026-06-21 23:51:55,938,938 multiprocessing INFO SEE LOG AT : ./logs/all_Lyapunov_test_dso-fn_d_all_l_01_log.txt
SpawnPoolWorker-87| 2026-06-21 23:51:55,938,938 multiprocessing INFO See log at : ./logs/all_Lyapunov_test_dso-fn_d_all_l_01_log.txt
SpawnPoolWorker-87| 2026-06-21 23:51:55,941,941 multiprocessing INFO child process calling self.run()
SpawnPoolWorker-98| 2026-06-21 23:51:56,255,255 multiprocessing INFO STARTING NEW RUN ==========
SpawnPoolWorker-98| 2026-06-21 23:51:56,255,255 multiprocessing INFO SEE LOG AT : ./logs/all_Lyapunov_test_dso-fn_d_all_l_01_log.txt
SpawnPoolWorker-98| 2026-06-21 23:51:56,255,255 multiprocessing INFO See log at : ./logs/all_Lyapunov_test_dso-fn_d_all_l_01_log.txt
SpawnPoolWorker-98| 2026-06-21 23:51:56,264,264 multiprocessing INFO child process calling self.run()
SpawnPoolWorker-93| 2026-06-21 23:51:56,346,346 multiprocessing INFO STARTING NEW RUN ==========
SpawnPoolWorker-93| 2026-06-21 23:51:56,346,346 multiprocessing INFO SEE LOG AT : ./logs/all_Lyapunov_test_dso-fn_d_all_l_01_log.txt
SpawnPoolWorker-93| 2026-06-21 23:51:56,346,346 multiprocessing INFO See log at : ./logs/all_Lyapunov_test_dso-fn_d_all_l_01_log.txt
SpawnPoolWorker-93| 2026-06-21 23:51:56,349,349 multiprocessing INFO child process calling self.run()
SpawnPoolWorker-81| 2026-06-21 23:51:56,431,431 multiprocessing INFO STARTING NEW RUN ==========
SpawnPoolWorker-81| 2026-06-21 23:51:56,431,431 multiprocessing INFO SEE LOG AT : ./logs/all_Lyapunov_test_dso-fn_d_all_l_01_log.txt
SpawnPoolWorker-81| 2026-06-21 23:51:56,431,431 multiprocessing INFO See log at : ./logs/all_Lyapunov_test_dso-fn_d_all_l_01_log.txt
SpawnPoolWorker-81| 2026-06-21 23:51:56,444,444 multiprocessing INFO child process calling self.run()
SpawnPoolWorker-92| 2026-06-21 23:51:56,465,465 multiprocessing INFO STARTING NEW RUN ==========
SpawnPoolWorker-92| 2026-06-21 23:51:56,465,465 multiprocessing INFO SEE LOG AT : ./logs/all_Lyapunov_test_dso-fn_d_all_l_01_log.txt
SpawnPoolWorker-92| 2026-06-21 23:51:56,465,465 multiprocessing INFO See log at : ./logs/all_Lyapunov_test_dso-fn_d_all_l_01_log.txt
SpawnPoolWorker-92| 2026-06-21 23:51:56,467,467 multiprocessing INFO child process calling self.run()
SpawnPoolWorker-90| 2026-06-21 23:51:56,468,468 multiprocessing INFO STARTING NEW RUN ==========
SpawnPoolWorker-90| 2026-06-21 23:51:56,468,468 multiprocessing INFO SEE LOG AT : ./logs/all_Lyapunov_test_dso-fn_d_all_l_01_log.txt
SpawnPoolWorker-90| 2026-06-21 23:51:56,468,468 multiprocessing INFO See log at : ./logs/all_Lyapunov_test_dso-fn_d_all_l_01_log.txt
SpawnPoolWorker-90| 2026-06-21 23:51:56,472,472 multiprocessing INFO child process calling self.run()
SpawnPoolWorker-102| 2026-06-21 23:51:56,485,485 multiprocessing INFO STARTING NEW RUN ==========
SpawnPoolWorker-102| 2026-06-21 23:51:56,485,485 multiprocessing INFO SEE LOG AT : ./logs/all_Lyapunov_test_dso-fn_d_all_l_01_log.txt
SpawnPoolWorker-102| 2026-06-21 23:51:56,485,485 multiprocessing INFO See log at : ./logs/all_Lyapunov_test_dso-fn_d_all_l_01_log.txt
SpawnPoolWorker-102| 2026-06-21 23:51:56,488,488 multiprocessing INFO child process calling self.run()
SpawnPoolWorker-86| 2026-06-21 23:51:56,638,638 multiprocessing INFO STARTING NEW RUN ==========
SpawnPoolWorker-86| 2026-06-21 23:51:56,638,638 multiprocessing INFO SEE LOG AT : ./logs/all_Lyapunov_test_dso-fn_d_all_l_01_log.txt
SpawnPoolWorker-86| 2026-06-21 23:51:56,638,638 multiprocessing INFO See log at : ./logs/all_Lyapunov_test_dso-fn_d_all_l_01_log.txt
SpawnPoolWorker-86| 2026-06-21 23:51:56,642,642 multiprocessing INFO child process calling self.run()
SpawnPoolWorker-80| 2026-06-21 23:51:56,704,704 multiprocessing INFO STARTING NEW RUN ==========
SpawnPoolWorker-80| 2026-06-21 23:51:56,705,705 multiprocessing INFO SEE LOG AT : ./logs/all_Lyapunov_test_dso-fn_d_all_l_01_log.txt
SpawnPoolWorker-80| 2026-06-21 23:51:56,705,705 multiprocessing INFO See log at : ./logs/all_Lyapunov_test_dso-fn_d_all_l_01_log.txt
SpawnPoolWorker-80| 2026-06-21 23:51:56,706,706 multiprocessing INFO child process calling self.run()
SpawnPoolWorker-96| 2026-06-21 23:51:56,861,861 multiprocessing INFO STARTING NEW RUN ==========
SpawnPoolWorker-96| 2026-06-21 23:51:56,861,861 multiprocessing INFO SEE LOG AT : ./logs/all_Lyapunov_test_dso-fn_d_all_l_01_log.txt
SpawnPoolWorker-96| 2026-06-21 23:51:56,861,861 multiprocessing INFO See log at : ./logs/all_Lyapunov_test_dso-fn_d_all_l_01_log.txt
SpawnPoolWorker-96| 2026-06-21 23:51:56,865,865 multiprocessing INFO child process calling self.run()
SpawnPoolWorker-97| 2026-06-21 23:51:56,906,906 multiprocessing INFO STARTING NEW RUN ==========
SpawnPoolWorker-97| 2026-06-21 23:51:56,906,906 multiprocessing INFO SEE LOG AT : ./logs/all_Lyapunov_test_dso-fn_d_all_l_01_log.txt
SpawnPoolWorker-97| 2026-06-21 23:51:56,906,906 multiprocessing INFO See log at : ./logs/all_Lyapunov_test_dso-fn_d_all_l_01_log.txt
SpawnPoolWorker-97| 2026-06-21 23:51:56,913,913 multiprocessing INFO child process calling self.run()
SpawnPoolWorker-83| 2026-06-21 23:51:56,913,913 multiprocessing INFO STARTING NEW RUN ==========
SpawnPoolWorker-83| 2026-06-21 23:51:56,913,913 multiprocessing INFO SEE LOG AT : ./logs/all_Lyapunov_test_dso-fn_d_all_l_01_log.txt
SpawnPoolWorker-83| 2026-06-21 23:51:56,913,913 multiprocessing INFO See log at : ./logs/all_Lyapunov_test_dso-fn_d_all_l_01_log.txt
SpawnPoolWorker-83| 2026-06-21 23:51:56,916,916 multiprocessing INFO child process calling self.run()
SpawnPoolWorker-88| 2026-06-21 23:51:57,061,61 multiprocessing INFO STARTING NEW RUN ==========
SpawnPoolWorker-88| 2026-06-21 23:51:57,061,61 multiprocessing INFO SEE LOG AT : ./logs/all_Lyapunov_test_dso-fn_d_all_l_01_log.txt
SpawnPoolWorker-88| 2026-06-21 23:51:57,061,61 multiprocessing INFO See log at : ./logs/all_Lyapunov_test_dso-fn_d_all_l_01_log.txt
SpawnPoolWorker-88| 2026-06-21 23:51:57,064,64 multiprocessing INFO child process calling self.run()
SpawnPoolWorker-94| 2026-06-21 23:51:57,108,108 multiprocessing INFO STARTING NEW RUN ==========
SpawnPoolWorker-94| 2026-06-21 23:51:57,108,108 multiprocessing INFO SEE LOG AT : ./logs/all_Lyapunov_test_dso-fn_d_all_l_01_log.txt
SpawnPoolWorker-94| 2026-06-21 23:51:57,108,108 multiprocessing INFO See log at : ./logs/all_Lyapunov_test_dso-fn_d_all_l_01_log.txt
SpawnPoolWorker-94| 2026-06-21 23:51:57,111,111 multiprocessing INFO child process calling self.run()
SpawnPoolWorker-95| 2026-06-21 23:51:57,120,120 multiprocessing INFO STARTING NEW RUN ==========
SpawnPoolWorker-95| 2026-06-21 23:51:57,120,120 multiprocessing INFO SEE LOG AT : ./logs/all_Lyapunov_test_dso-fn_d_all_l_01_log.txt
SpawnPoolWorker-95| 2026-06-21 23:51:57,120,120 multiprocessing INFO See log at : ./logs/all_Lyapunov_test_dso-fn_d_all_l_01_log.txt
SpawnPoolWorker-95| 2026-06-21 23:51:57,124,124 multiprocessing INFO child process calling self.run()
SpawnPoolWorker-99| 2026-06-21 23:51:57,167,167 multiprocessing INFO STARTING NEW RUN ==========
SpawnPoolWorker-99| 2026-06-21 23:51:57,167,167 multiprocessing INFO SEE LOG AT : ./logs/all_Lyapunov_test_dso-fn_d_all_l_01_log.txt
SpawnPoolWorker-99| 2026-06-21 23:51:57,167,167 multiprocessing INFO See log at : ./logs/all_Lyapunov_test_dso-fn_d_all_l_01_log.txt
SpawnPoolWorker-99| 2026-06-21 23:51:57,169,169 multiprocessing INFO child process calling self.run()
SpawnPoolWorker-91| 2026-06-21 23:51:57,240,240 multiprocessing INFO STARTING NEW RUN ==========
SpawnPoolWorker-91| 2026-06-21 23:51:57,240,240 multiprocessing INFO SEE LOG AT : ./logs/all_Lyapunov_test_dso-fn_d_all_l_01_log.txt
SpawnPoolWorker-91| 2026-06-21 23:51:57,240,240 multiprocessing INFO See log at : ./logs/all_Lyapunov_test_dso-fn_d_all_l_01_log.txt
SpawnPoolWorker-91| 2026-06-21 23:51:57,246,246 multiprocessing INFO child process calling self.run()
SpawnPoolWorker-79| 2026-06-21 23:51:57,256,256 multiprocessing INFO STARTING NEW RUN ==========
SpawnPoolWorker-79| 2026-06-21 23:51:57,256,256 multiprocessing INFO SEE LOG AT : ./logs/all_Lyapunov_test_dso-fn_d_all_l_01_log.txt
SpawnPoolWorker-79| 2026-06-21 23:51:57,256,256 multiprocessing INFO See log at : ./logs/all_Lyapunov_test_dso-fn_d_all_l_01_log.txt
SpawnPoolWorker-79| 2026-06-21 23:51:57,257,257 multiprocessing INFO child process calling self.run()
SpawnPoolWorker-89| 2026-06-21 23:51:57,309,309 multiprocessing INFO STARTING NEW RUN ==========
SpawnPoolWorker-89| 2026-06-21 23:51:57,309,309 multiprocessing INFO SEE LOG AT : ./logs/all_Lyapunov_test_dso-fn_d_all_l_01_log.txt
SpawnPoolWorker-89| 2026-06-21 23:51:57,309,309 multiprocessing INFO See log at : ./logs/all_Lyapunov_test_dso-fn_d_all_l_01_log.txt
SpawnPoolWorker-89| 2026-06-21 23:51:57,310,310 multiprocessing INFO child process calling self.run()
SpawnPoolWorker-85| 2026-06-21 23:51:57,346,346 multiprocessing INFO STARTING NEW RUN ==========
SpawnPoolWorker-85| 2026-06-21 23:51:57,346,346 multiprocessing INFO SEE LOG AT : ./logs/all_Lyapunov_test_dso-fn_d_all_l_01_log.txt
SpawnPoolWorker-85| 2026-06-21 23:51:57,346,346 multiprocessing INFO See log at : ./logs/all_Lyapunov_test_dso-fn_d_all_l_01_log.txt
SpawnPoolWorker-85| 2026-06-21 23:51:57,352,352 multiprocessing INFO child process calling self.run()
SpawnPoolWorker-82| 2026-06-21 23:51:57,538,538 multiprocessing INFO STARTING NEW RUN ==========
SpawnPoolWorker-82| 2026-06-21 23:51:57,538,538 multiprocessing INFO SEE LOG AT : ./logs/all_Lyapunov_test_dso-fn_d_all_l_01_log.txt
SpawnPoolWorker-82| 2026-06-21 23:51:57,538,538 multiprocessing INFO See log at : ./logs/all_Lyapunov_test_dso-fn_d_all_l_01_log.txt
SpawnPoolWorker-82| 2026-06-21 23:51:57,540,540 multiprocessing INFO child process calling self.run()
SpawnPoolWorker-101| 2026-06-21 23:51:58,077,77 multiprocessing INFO STARTING NEW RUN ==========
SpawnPoolWorker-101| 2026-06-21 23:51:58,077,77 multiprocessing INFO SEE LOG AT : ./logs/all_Lyapunov_test_dso-fn_d_all_l_01_log.txt
SpawnPoolWorker-101| 2026-06-21 23:51:58,077,77 multiprocessing INFO See log at : ./logs/all_Lyapunov_test_dso-fn_d_all_l_01_log.txt
SpawnPoolWorker-101| 2026-06-21 23:51:58,079,79 multiprocessing INFO child process calling self.run()
SpawnPoolWorker-100| 2026-06-21 23:51:58,184,184 multiprocessing INFO STARTING NEW RUN ==========
SpawnPoolWorker-100| 2026-06-21 23:51:58,184,184 multiprocessing INFO SEE LOG AT : ./logs/all_Lyapunov_test_dso-fn_d_all_l_01_log.txt
SpawnPoolWorker-100| 2026-06-21 23:51:58,184,184 multiprocessing INFO See log at : ./logs/all_Lyapunov_test_dso-fn_d_all_l_01_log.txt
SpawnPoolWorker-100| 2026-06-21 23:51:58,192,192 multiprocessing INFO child process calling self.run()
SpawnPoolWorker-81| 2026-06-21 23:59:20,564,564 multiprocessing INFO process shutting down
SpawnPoolWorker-90| 2026-06-21 23:59:20,564,564 multiprocessing INFO process shutting down
SpawnPoolWorker-83| 2026-06-21 23:59:20,564,564 multiprocessing INFO process shutting down
SpawnPoolWorker-95| 2026-06-21 23:59:20,565,565 multiprocessing INFO process shutting down
SpawnPoolWorker-80| 2026-06-21 23:59:20,564,564 multiprocessing INFO process shutting down
SpawnPoolWorker-82| 2026-06-21 23:59:20,564,564 multiprocessing INFO process shutting down
SpawnPoolWorker-94| 2026-06-21 23:59:20,564,564 multiprocessing INFO process shutting down
SpawnPoolWorker-87| 2026-06-21 23:59:20,564,564 multiprocessing INFO process shutting down
SpawnPoolWorker-98| 2026-06-21 23:59:20,564,564 multiprocessing INFO process shutting down
SpawnPoolWorker-79| 2026-06-21 23:59:20,565,565 multiprocessing INFO process shutting down
SpawnPoolWorker-88| 2026-06-21 23:59:20,565,565 multiprocessing INFO process shutting down
SpawnPoolWorker-91| 2026-06-21 23:59:20,565,565 multiprocessing INFO process shutting down
SpawnPoolWorker-86| 2026-06-21 23:59:20,565,565 multiprocessing INFO process shutting down
SpawnPoolWorker-79| 2026-06-21 23:59:20,565,565 multiprocessing INFO process exiting with exitcode 0
SpawnPoolWorker-98| 2026-06-21 23:59:20,565,565 multiprocessing INFO process exiting with exitcode 0
SpawnPoolWorker-91| 2026-06-21 23:59:20,565,565 multiprocessing INFO process exiting with exitcode 0
SpawnPoolWorker-102| 2026-06-21 23:59:20,565,565 multiprocessing INFO process shutting down
SpawnPoolWorker-83| 2026-06-21 23:59:20,565,565 multiprocessing INFO process exiting with exitcode 0
SpawnPoolWorker-88| 2026-06-21 23:59:20,565,565 multiprocessing INFO process exiting with exitcode 0
SpawnPoolWorker-90| 2026-06-21 23:59:20,565,565 multiprocessing INFO process exiting with exitcode 0
SpawnPoolWorker-86| 2026-06-21 23:59:20,565,565 multiprocessing INFO process exiting with exitcode 0
SpawnPoolWorker-102| 2026-06-21 23:59:20,565,565 multiprocessing INFO process exiting with exitcode 0
SpawnPoolWorker-92| 2026-06-21 23:59:20,564,564 multiprocessing INFO process shutting down
SpawnPoolWorker-85| 2026-06-21 23:59:20,564,564 multiprocessing INFO process shutting down
SpawnPoolWorker-89| 2026-06-21 23:59:20,566,566 multiprocessing INFO process shutting down
SpawnPoolWorker-101| 2026-06-21 23:59:20,566,566 multiprocessing INFO process shutting down
SpawnPoolWorker-96| 2026-06-21 23:59:20,566,566 multiprocessing INFO process shutting down
SpawnPoolWorker-93| 2026-06-21 23:59:20,566,566 multiprocessing INFO process shutting down
SpawnPoolWorker-100| 2026-06-21 23:59:20,566,566 multiprocessing INFO process shutting down
SpawnPoolWorker-97| 2026-06-21 23:59:20,566,566 multiprocessing INFO process shutting down
29
(100000, 9)
(100000,)
(100000, 9)
(100000,)

=======================Successfully Added (50000, 9) Counter Examples=======================


============None of the candidates fulfill the conditions. Training CONTINUES!=================

MainProcess| 2026-06-21 23:59:23,460,460 multiprocessing INFO 
============None of the candidates fulfill the conditions. Training CONTINUES!=================


============None of the candidates fulfill the conditions. Training CONTINUES!=================

(55, 171)
/users/9/chen8596/miniconda3/envs/alfd/lib/python3.9/site-packages/torch/nn/functional.py:4999: UserWarning: Support for mismatched key_padding_mask and attn_mask is deprecated. Use same type for both instead.
  warnings.warn(

==============Start Supervised Learning==============

MainProcess| 2026-06-21 23:59:28,150,150 multiprocessing INFO GP output mean: 0.9994998956056815
GP output mean: 0.9994998956056815
MainProcess| 2026-06-21 23:59:28,771,771 multiprocessing INFO GP output success rate: 0.0
GP output success rate: 0.0

==============End Supervised Learning==============

/users/9/chen8596/LyaDis/repro/runs/syn9d/utils/train.py:971: RuntimeWarning: divide by zero encountered in divide
  error = np.abs(((y_hat - y) / y))
/users/9/chen8596/.local/lib/python3.9/site-packages/scipy/stats/_stats_py.py:4424: ConstantInputWarning: An input array is constant; the correlation coefficient is not defined.
  warnings.warn(stats.ConstantInputWarning(msg))
MainProcess| 2026-06-21 23:59:30,994,994 multiprocessing INFO [Test epoch=0003]  nevals=41309 	| train_loss=13497.26465 	| eqs_invalid %=2.91 	| r_best=0.96552 	| quantile=0.02140 	| r_quantile_mean=0.80994 	| r_raw_sum=44.56052 	|  r_raw_mean=0.78176 	| r2=nan 	| acc_iid=0.00000 	| acc_ood=0.00000 	| nmse_test=0.03880963172868644 	| true_equation_set_count=0 	| s/it=693.45873
[Test epoch=0003]  nevals=41309 	| train_loss=13497.26465 	| eqs_invalid %=2.91 	| r_best=0.96552 	| quantile=0.02140 	| r_quantile_mean=0.80994 	| r_raw_sum=44.56052 	|  r_raw_mean=0.78176 	| r2=nan 	| acc_iid=0.00000 	| acc_ood=0.00000 	| nmse_test=0.03880963172868644 	| true_equation_set_count=0 	| s/it=693.45873
MainProcess| 2026-06-21 23:59:30,994,994 multiprocessing INFO [00:00:36:55.68] Training epoch 3/4000, current best R: 0.9655
[00:00:36:55.68] Training epoch 3/4000, current best R: 0.9655
MainProcess| 2026-06-21 23:59:30,994,994 multiprocessing INFO 
	** New best

	** New best
MainProcess| 2026-06-21 23:59:30,994,994 multiprocessing INFO 	Reward: 0.9655248068549753
	Reward: 0.9655248068549753
MainProcess| 2026-06-21 23:59:30,994,994 multiprocessing INFO 	Count Off-policy: 1
	Count Off-policy: 1
MainProcess| 2026-06-21 23:59:30,994,994 multiprocessing INFO 	Count On-policy: 0
	Count On-policy: 0
MainProcess| 2026-06-21 23:59:30,994,994 multiprocessing INFO 	Originally on Policy: False
	Originally on Policy: False
MainProcess| 2026-06-21 23:59:30,994,994 multiprocessing INFO 	Invalid: False
	Invalid: False
MainProcess| 2026-06-21 23:59:30,994,994 multiprocessing INFO 	Traversal: add,n2,x2,add,add,add,n2,x5,add,n2,add,x1,x1,cos,x7,n2,x9,n2,add,x6,sub,x8,sub,sub,x1,x4,sin,x3
	Traversal: add,n2,x2,add,add,add,n2,x5,add,n2,add,x1,x1,cos,x7,n2,x9,n2,add,x6,sub,x8,sub,sub,x1,x4,sin,x3
MainProcess| 2026-06-21 23:59:30,994,994 multiprocessing INFO 	Expression:
	Expression:
MainProcess| 2026-06-21 23:59:30,996,996 multiprocessing INFO 
	      2     2     2     2                                 2          
	  4⋅x₁  + x₂  + x₅  + x₉  + (-x₁ + x₄ + x₆ + x₈ + sin(x₃))  + cos(x₇)


	      2     2     2     2                                 2          
	  4⋅x₁  + x₂  + x₅  + x₉  + (-x₁ + x₄ + x₆ + x₈ + sin(x₃))  + cos(x₇)

MainProcess| 2026-06-22 00:03:19,655,655 multiprocessing INFO Genetic Porgramming Runtime 227.527902666945
Genetic Porgramming Runtime 227.527902666945

=========================PGD Collection Starts=========================

SpawnPoolWorker-111| 2026-06-22 00:03:28,249,249 multiprocessing INFO STARTING NEW RUN ==========
SpawnPoolWorker-111| 2026-06-22 00:03:28,249,249 multiprocessing INFO SEE LOG AT : ./logs/all_Lyapunov_test_dso-fn_d_all_l_01_log.txt
SpawnPoolWorker-111| 2026-06-22 00:03:28,249,249 multiprocessing INFO See log at : ./logs/all_Lyapunov_test_dso-fn_d_all_l_01_log.txt
SpawnPoolWorker-111| 2026-06-22 00:03:28,252,252 multiprocessing INFO child process calling self.run()
SpawnPoolWorker-105| 2026-06-22 00:03:28,253,253 multiprocessing INFO STARTING NEW RUN ==========
SpawnPoolWorker-104| 2026-06-22 00:03:28,253,253 multiprocessing INFO STARTING NEW RUN ==========
SpawnPoolWorker-109| 2026-06-22 00:03:28,253,253 multiprocessing INFO STARTING NEW RUN ==========
SpawnPoolWorker-105| 2026-06-22 00:03:28,253,253 multiprocessing INFO SEE LOG AT : ./logs/all_Lyapunov_test_dso-fn_d_all_l_01_log.txt
SpawnPoolWorker-105| 2026-06-22 00:03:28,253,253 multiprocessing INFO See log at : ./logs/all_Lyapunov_test_dso-fn_d_all_l_01_log.txt
SpawnPoolWorker-109| 2026-06-22 00:03:28,253,253 multiprocessing INFO SEE LOG AT : ./logs/all_Lyapunov_test_dso-fn_d_all_l_01_log.txt
SpawnPoolWorker-104| 2026-06-22 00:03:28,253,253 multiprocessing INFO SEE LOG AT : ./logs/all_Lyapunov_test_dso-fn_d_all_l_01_log.txt
SpawnPoolWorker-104| 2026-06-22 00:03:28,253,253 multiprocessing INFO See log at : ./logs/all_Lyapunov_test_dso-fn_d_all_l_01_log.txt
SpawnPoolWorker-109| 2026-06-22 00:03:28,253,253 multiprocessing INFO See log at : ./logs/all_Lyapunov_test_dso-fn_d_all_l_01_log.txt
SpawnPoolWorker-106| 2026-06-22 00:03:28,255,255 multiprocessing INFO STARTING NEW RUN ==========
SpawnPoolWorker-107| 2026-06-22 00:03:28,255,255 multiprocessing INFO STARTING NEW RUN ==========
SpawnPoolWorker-106| 2026-06-22 00:03:28,255,255 multiprocessing INFO SEE LOG AT : ./logs/all_Lyapunov_test_dso-fn_d_all_l_01_log.txt
SpawnPoolWorker-107| 2026-06-22 00:03:28,255,255 multiprocessing INFO SEE LOG AT : ./logs/all_Lyapunov_test_dso-fn_d_all_l_01_log.txt
SpawnPoolWorker-106| 2026-06-22 00:03:28,255,255 multiprocessing INFO See log at : ./logs/all_Lyapunov_test_dso-fn_d_all_l_01_log.txt
SpawnPoolWorker-107| 2026-06-22 00:03:28,255,255 multiprocessing INFO See log at : ./logs/all_Lyapunov_test_dso-fn_d_all_l_01_log.txt
SpawnPoolWorker-105| 2026-06-22 00:03:28,256,256 multiprocessing INFO child process calling self.run()
SpawnPoolWorker-109| 2026-06-22 00:03:28,257,257 multiprocessing INFO child process calling self.run()
SpawnPoolWorker-104| 2026-06-22 00:03:28,257,257 multiprocessing INFO child process calling self.run()
SpawnPoolWorker-106| 2026-06-22 00:03:28,257,257 multiprocessing INFO child process calling self.run()
SpawnPoolWorker-107| 2026-06-22 00:03:28,258,258 multiprocessing INFO child process calling self.run()
SpawnPoolWorker-108| 2026-06-22 00:03:28,259,259 multiprocessing INFO STARTING NEW RUN ==========
SpawnPoolWorker-108| 2026-06-22 00:03:28,259,259 multiprocessing INFO SEE LOG AT : ./logs/all_Lyapunov_test_dso-fn_d_all_l_01_log.txt
SpawnPoolWorker-108| 2026-06-22 00:03:28,260,260 multiprocessing INFO See log at : ./logs/all_Lyapunov_test_dso-fn_d_all_l_01_log.txt
SpawnPoolWorker-112| 2026-06-22 00:03:28,260,260 multiprocessing INFO STARTING NEW RUN ==========
SpawnPoolWorker-112| 2026-06-22 00:03:28,260,260 multiprocessing INFO SEE LOG AT : ./logs/all_Lyapunov_test_dso-fn_d_all_l_01_log.txt
SpawnPoolWorker-112| 2026-06-22 00:03:28,260,260 multiprocessing INFO See log at : ./logs/all_Lyapunov_test_dso-fn_d_all_l_01_log.txt
SpawnPoolWorker-108| 2026-06-22 00:03:28,262,262 multiprocessing INFO child process calling self.run()
SpawnPoolWorker-112| 2026-06-22 00:03:28,263,263 multiprocessing INFO child process calling self.run()
SpawnPoolWorker-110| 2026-06-22 00:03:28,266,266 multiprocessing INFO STARTING NEW RUN ==========
SpawnPoolWorker-110| 2026-06-22 00:03:28,266,266 multiprocessing INFO SEE LOG AT : ./logs/all_Lyapunov_test_dso-fn_d_all_l_01_log.txt
SpawnPoolWorker-110| 2026-06-22 00:03:28,266,266 multiprocessing INFO See log at : ./logs/all_Lyapunov_test_dso-fn_d_all_l_01_log.txt
SpawnPoolWorker-110| 2026-06-22 00:03:28,268,268 multiprocessing INFO child process calling self.run()
SpawnPoolWorker-103| 2026-06-22 00:03:28,268,268 multiprocessing INFO STARTING NEW RUN ==========
SpawnPoolWorker-103| 2026-06-22 00:03:28,268,268 multiprocessing INFO SEE LOG AT : ./logs/all_Lyapunov_test_dso-fn_d_all_l_01_log.txt
SpawnPoolWorker-103| 2026-06-22 00:03:28,268,268 multiprocessing INFO See log at : ./logs/all_Lyapunov_test_dso-fn_d_all_l_01_log.txt
SpawnPoolWorker-103| 2026-06-22 00:03:28,271,271 multiprocessing INFO child process calling self.run()
SpawnPoolWorker-106| 2026-06-22 00:03:43,969,969 multiprocessing INFO process shutting down
SpawnPoolWorker-107| 2026-06-22 00:03:43,969,969 multiprocessing INFO process shutting down
SpawnPoolWorker-104| 2026-06-22 00:03:43,969,969 multiprocessing INFO process shutting down
SpawnPoolWorker-107| 2026-06-22 00:03:43,969,969 multiprocessing INFO process exiting with exitcode 0
SpawnPoolWorker-106| 2026-06-22 00:03:43,969,969 multiprocessing INFO process exiting with exitcode 0
SpawnPoolWorker-104| 2026-06-22 00:03:43,969,969 multiprocessing INFO process exiting with exitcode 0
SpawnPoolWorker-110| 2026-06-22 00:03:43,969,969 multiprocessing INFO process shutting down
SpawnPoolWorker-105| 2026-06-22 00:03:43,969,969 multiprocessing INFO process shutting down
SpawnPoolWorker-103| 2026-06-22 00:03:43,969,969 multiprocessing INFO process shutting down
SpawnPoolWorker-111| 2026-06-22 00:03:43,969,969 multiprocessing INFO process shutting down
SpawnPoolWorker-110| 2026-06-22 00:03:43,970,970 multiprocessing INFO process exiting with exitcode 0
SpawnPoolWorker-105| 2026-06-22 00:03:43,970,970 multiprocessing INFO process exiting with exitcode 0
SpawnPoolWorker-103| 2026-06-22 00:03:43,970,970 multiprocessing INFO process exiting with exitcode 0
SpawnPoolWorker-111| 2026-06-22 00:03:43,970,970 multiprocessing INFO process exiting with exitcode 0
SpawnPoolWorker-109| 2026-06-22 00:03:43,970,970 multiprocessing INFO process shutting down
(20000,)

===================Collect 20000 Examples===================

Epsilon 0.1
500
(550,)
(550,)
(550,)
Number of Programs for Minimization: 28
SpawnPoolWorker-114| 2026-06-22 00:03:59,754,754 multiprocessing INFO STARTING NEW RUN ==========
SpawnPoolWorker-114| 2026-06-22 00:03:59,754,754 multiprocessing INFO SEE LOG AT : ./logs/all_Lyapunov_test_dso-fn_d_all_l_01_log.txt
SpawnPoolWorker-114| 2026-06-22 00:03:59,754,754 multiprocessing INFO See log at : ./logs/all_Lyapunov_test_dso-fn_d_all_l_01_log.txt
SpawnPoolWorker-114| 2026-06-22 00:03:59,759,759 multiprocessing INFO child process calling self.run()
SpawnPoolWorker-113| 2026-06-22 00:04:00,195,195 multiprocessing INFO STARTING NEW RUN ==========
SpawnPoolWorker-113| 2026-06-22 00:04:00,195,195 multiprocessing INFO SEE LOG AT : ./logs/all_Lyapunov_test_dso-fn_d_all_l_01_log.txt
SpawnPoolWorker-113| 2026-06-22 00:04:00,195,195 multiprocessing INFO See log at : ./logs/all_Lyapunov_test_dso-fn_d_all_l_01_log.txt
SpawnPoolWorker-113| 2026-06-22 00:04:00,197,197 multiprocessing INFO child process calling self.run()
SpawnPoolWorker-115| 2026-06-22 00:04:00,281,281 multiprocessing INFO STARTING NEW RUN ==========
SpawnPoolWorker-115| 2026-06-22 00:04:00,281,281 multiprocessing INFO SEE LOG AT : ./logs/all_Lyapunov_test_dso-fn_d_all_l_01_log.txt
SpawnPoolWorker-115| 2026-06-22 00:04:00,281,281 multiprocessing INFO See log at : ./logs/all_Lyapunov_test_dso-fn_d_all_l_01_log.txt
SpawnPoolWorker-120| 2026-06-22 00:04:00,284,284 multiprocessing INFO STARTING NEW RUN ==========
SpawnPoolWorker-120| 2026-06-22 00:04:00,285,285 multiprocessing INFO SEE LOG AT : ./logs/all_Lyapunov_test_dso-fn_d_all_l_01_log.txt
SpawnPoolWorker-120| 2026-06-22 00:04:00,285,285 multiprocessing INFO See log at : ./logs/all_Lyapunov_test_dso-fn_d_all_l_01_log.txt
SpawnPoolWorker-115| 2026-06-22 00:04:00,286,286 multiprocessing INFO child process calling self.run()
SpawnPoolWorker-120| 2026-06-22 00:04:00,288,288 multiprocessing INFO child process calling self.run()
SpawnPoolWorker-116| 2026-06-22 00:04:00,464,464 multiprocessing INFO STARTING NEW RUN ==========
SpawnPoolWorker-116| 2026-06-22 00:04:00,464,464 multiprocessing INFO SEE LOG AT : ./logs/all_Lyapunov_test_dso-fn_d_all_l_01_log.txt
SpawnPoolWorker-116| 2026-06-22 00:04:00,464,464 multiprocessing INFO See log at : ./logs/all_Lyapunov_test_dso-fn_d_all_l_01_log.txt
SpawnPoolWorker-116| 2026-06-22 00:04:00,468,468 multiprocessing INFO child process calling self.run()
SpawnPoolWorker-121| 2026-06-22 00:04:00,736,736 multiprocessing INFO STARTING NEW RUN ==========
SpawnPoolWorker-121| 2026-06-22 00:04:00,736,736 multiprocessing INFO SEE LOG AT : ./logs/all_Lyapunov_test_dso-fn_d_all_l_01_log.txt
SpawnPoolWorker-121| 2026-06-22 00:04:00,736,736 multiprocessing INFO See log at : ./logs/all_Lyapunov_test_dso-fn_d_all_l_01_log.txt
SpawnPoolWorker-121| 2026-06-22 00:04:00,742,742 multiprocessing INFO child process calling self.run()
SpawnPoolWorker-119| 2026-06-22 00:04:00,799,799 multiprocessing INFO STARTING NEW RUN ==========
SpawnPoolWorker-119| 2026-06-22 00:04:00,800,800 multiprocessing INFO SEE LOG AT : ./logs/all_Lyapunov_test_dso-fn_d_all_l_01_log.txt
SpawnPoolWorker-119| 2026-06-22 00:04:00,800,800 multiprocessing INFO See log at : ./logs/all_Lyapunov_test_dso-fn_d_all_l_01_log.txt
SpawnPoolWorker-119| 2026-06-22 00:04:00,804,804 multiprocessing INFO child process calling self.run()
SpawnPoolWorker-125| 2026-06-22 00:04:00,904,904 multiprocessing INFO STARTING NEW RUN ==========
SpawnPoolWorker-125| 2026-06-22 00:04:00,904,904 multiprocessing INFO SEE LOG AT : ./logs/all_Lyapunov_test_dso-fn_d_all_l_01_log.txt
SpawnPoolWorker-125| 2026-06-22 00:04:00,904,904 multiprocessing INFO See log at : ./logs/all_Lyapunov_test_dso-fn_d_all_l_01_log.txt
SpawnPoolWorker-125| 2026-06-22 00:04:00,910,910 multiprocessing INFO child process calling self.run()
SpawnPoolWorker-124| 2026-06-22 00:04:00,979,979 multiprocessing INFO STARTING NEW RUN ==========
SpawnPoolWorker-124| 2026-06-22 00:04:00,979,979 multiprocessing INFO SEE LOG AT : ./logs/all_Lyapunov_test_dso-fn_d_all_l_01_log.txt
SpawnPoolWorker-124| 2026-06-22 00:04:00,979,979 multiprocessing INFO See log at : ./logs/all_Lyapunov_test_dso-fn_d_all_l_01_log.txt
SpawnPoolWorker-124| 2026-06-22 00:04:00,982,982 multiprocessing INFO child process calling self.run()
SpawnPoolWorker-117| 2026-06-22 00:04:01,021,21 multiprocessing INFO STARTING NEW RUN ==========
SpawnPoolWorker-117| 2026-06-22 00:04:01,021,21 multiprocessing INFO SEE LOG AT : ./logs/all_Lyapunov_test_dso-fn_d_all_l_01_log.txt
SpawnPoolWorker-117| 2026-06-22 00:04:01,021,21 multiprocessing INFO See log at : ./logs/all_Lyapunov_test_dso-fn_d_all_l_01_log.txt
SpawnPoolWorker-117| 2026-06-22 00:04:01,023,23 multiprocessing INFO child process calling self.run()
SpawnPoolWorker-123| 2026-06-22 00:04:01,025,25 multiprocessing INFO STARTING NEW RUN ==========
SpawnPoolWorker-123| 2026-06-22 00:04:01,025,25 multiprocessing INFO SEE LOG AT : ./logs/all_Lyapunov_test_dso-fn_d_all_l_01_log.txt
SpawnPoolWorker-123| 2026-06-22 00:04:01,025,25 multiprocessing INFO See log at : ./logs/all_Lyapunov_test_dso-fn_d_all_l_01_log.txt
SpawnPoolWorker-123| 2026-06-22 00:04:01,029,29 multiprocessing INFO child process calling self.run()
SpawnPoolWorker-127| 2026-06-22 00:04:01,176,176 multiprocessing INFO STARTING NEW RUN ==========
SpawnPoolWorker-127| 2026-06-22 00:04:01,176,176 multiprocessing INFO SEE LOG AT : ./logs/all_Lyapunov_test_dso-fn_d_all_l_01_log.txt
SpawnPoolWorker-127| 2026-06-22 00:04:01,176,176 multiprocessing INFO See log at : ./logs/all_Lyapunov_test_dso-fn_d_all_l_01_log.txt
SpawnPoolWorker-127| 2026-06-22 00:04:01,179,179 multiprocessing INFO child process calling self.run()
SpawnPoolWorker-118| 2026-06-22 00:04:01,219,219 multiprocessing INFO STARTING NEW RUN ==========
SpawnPoolWorker-118| 2026-06-22 00:04:01,219,219 multiprocessing INFO SEE LOG AT : ./logs/all_Lyapunov_test_dso-fn_d_all_l_01_log.txt
SpawnPoolWorker-118| 2026-06-22 00:04:01,220,220 multiprocessing INFO See log at : ./logs/all_Lyapunov_test_dso-fn_d_all_l_01_log.txt
SpawnPoolWorker-118| 2026-06-22 00:04:01,222,222 multiprocessing INFO child process calling self.run()
SpawnPoolWorker-134| 2026-06-22 00:04:01,224,224 multiprocessing INFO STARTING NEW RUN ==========
SpawnPoolWorker-134| 2026-06-22 00:04:01,224,224 multiprocessing INFO SEE LOG AT : ./logs/all_Lyapunov_test_dso-fn_d_all_l_01_log.txt
SpawnPoolWorker-134| 2026-06-22 00:04:01,224,224 multiprocessing INFO See log at : ./logs/all_Lyapunov_test_dso-fn_d_all_l_01_log.txt
SpawnPoolWorker-134| 2026-06-22 00:04:01,233,233 multiprocessing INFO child process calling self.run()
SpawnPoolWorker-132| 2026-06-22 00:04:01,488,488 multiprocessing INFO STARTING NEW RUN ==========
SpawnPoolWorker-132| 2026-06-22 00:04:01,488,488 multiprocessing INFO SEE LOG AT : ./logs/all_Lyapunov_test_dso-fn_d_all_l_01_log.txt
SpawnPoolWorker-132| 2026-06-22 00:04:01,488,488 multiprocessing INFO See log at : ./logs/all_Lyapunov_test_dso-fn_d_all_l_01_log.txt
SpawnPoolWorker-131| 2026-06-22 00:04:01,489,489 multiprocessing INFO STARTING NEW RUN ==========
SpawnPoolWorker-131| 2026-06-22 00:04:01,490,490 multiprocessing INFO SEE LOG AT : ./logs/all_Lyapunov_test_dso-fn_d_all_l_01_log.txt
SpawnPoolWorker-131| 2026-06-22 00:04:01,490,490 multiprocessing INFO See log at : ./logs/all_Lyapunov_test_dso-fn_d_all_l_01_log.txt
SpawnPoolWorker-132| 2026-06-22 00:04:01,491,491 multiprocessing INFO child process calling self.run()
SpawnPoolWorker-131| 2026-06-22 00:04:01,492,492 multiprocessing INFO child process calling self.run()
SpawnPoolWorker-122| 2026-06-22 00:04:01,532,532 multiprocessing INFO STARTING NEW RUN ==========
SpawnPoolWorker-122| 2026-06-22 00:04:01,532,532 multiprocessing INFO SEE LOG AT : ./logs/all_Lyapunov_test_dso-fn_d_all_l_01_log.txt
SpawnPoolWorker-122| 2026-06-22 00:04:01,532,532 multiprocessing INFO See log at : ./logs/all_Lyapunov_test_dso-fn_d_all_l_01_log.txt
SpawnPoolWorker-122| 2026-06-22 00:04:01,533,533 multiprocessing INFO child process calling self.run()
SpawnPoolWorker-130| 2026-06-22 00:04:01,585,585 multiprocessing INFO STARTING NEW RUN ==========
SpawnPoolWorker-130| 2026-06-22 00:04:01,585,585 multiprocessing INFO SEE LOG AT : ./logs/all_Lyapunov_test_dso-fn_d_all_l_01_log.txt
SpawnPoolWorker-130| 2026-06-22 00:04:01,586,586 multiprocessing INFO See log at : ./logs/all_Lyapunov_test_dso-fn_d_all_l_01_log.txt
SpawnPoolWorker-130| 2026-06-22 00:04:01,590,590 multiprocessing INFO child process calling self.run()
SpawnPoolWorker-136| 2026-06-22 00:04:01,825,825 multiprocessing INFO STARTING NEW RUN ==========
SpawnPoolWorker-136| 2026-06-22 00:04:01,825,825 multiprocessing INFO SEE LOG AT : ./logs/all_Lyapunov_test_dso-fn_d_all_l_01_log.txt
SpawnPoolWorker-136| 2026-06-22 00:04:01,825,825 multiprocessing INFO See log at : ./logs/all_Lyapunov_test_dso-fn_d_all_l_01_log.txt
SpawnPoolWorker-136| 2026-06-22 00:04:01,834,834 multiprocessing INFO child process calling self.run()
SpawnPoolWorker-129| 2026-06-22 00:04:01,839,839 multiprocessing INFO STARTING NEW RUN ==========
SpawnPoolWorker-129| 2026-06-22 00:04:01,839,839 multiprocessing INFO SEE LOG AT : ./logs/all_Lyapunov_test_dso-fn_d_all_l_01_log.txt
SpawnPoolWorker-129| 2026-06-22 00:04:01,839,839 multiprocessing INFO See log at : ./logs/all_Lyapunov_test_dso-fn_d_all_l_01_log.txt
SpawnPoolWorker-129| 2026-06-22 00:04:01,841,841 multiprocessing INFO child process calling self.run()
SpawnPoolWorker-135| 2026-06-22 00:04:01,881,881 multiprocessing INFO STARTING NEW RUN ==========
SpawnPoolWorker-135| 2026-06-22 00:04:01,881,881 multiprocessing INFO SEE LOG AT : ./logs/all_Lyapunov_test_dso-fn_d_all_l_01_log.txt
SpawnPoolWorker-135| 2026-06-22 00:04:01,881,881 multiprocessing INFO See log at : ./logs/all_Lyapunov_test_dso-fn_d_all_l_01_log.txt
SpawnPoolWorker-135| 2026-06-22 00:04:01,883,883 multiprocessing INFO child process calling self.run()
SpawnPoolWorker-128| 2026-06-22 00:04:02,081,81 multiprocessing INFO STARTING NEW RUN ==========
SpawnPoolWorker-128| 2026-06-22 00:04:02,081,81 multiprocessing INFO SEE LOG AT : ./logs/all_Lyapunov_test_dso-fn_d_all_l_01_log.txt
SpawnPoolWorker-128| 2026-06-22 00:04:02,081,81 multiprocessing INFO See log at : ./logs/all_Lyapunov_test_dso-fn_d_all_l_01_log.txt
SpawnPoolWorker-128| 2026-06-22 00:04:02,083,83 multiprocessing INFO child process calling self.run()
SpawnPoolWorker-133| 2026-06-22 00:04:02,186,186 multiprocessing INFO STARTING NEW RUN ==========
SpawnPoolWorker-133| 2026-06-22 00:04:02,186,186 multiprocessing INFO SEE LOG AT : ./logs/all_Lyapunov_test_dso-fn_d_all_l_01_log.txt
SpawnPoolWorker-133| 2026-06-22 00:04:02,186,186 multiprocessing INFO See log at : ./logs/all_Lyapunov_test_dso-fn_d_all_l_01_log.txt
SpawnPoolWorker-133| 2026-06-22 00:04:02,193,193 multiprocessing INFO child process calling self.run()
SpawnPoolWorker-126| 2026-06-22 00:04:02,413,413 multiprocessing INFO STARTING NEW RUN ==========
SpawnPoolWorker-126| 2026-06-22 00:04:02,413,413 multiprocessing INFO SEE LOG AT : ./logs/all_Lyapunov_test_dso-fn_d_all_l_01_log.txt
SpawnPoolWorker-126| 2026-06-22 00:04:02,413,413 multiprocessing INFO See log at : ./logs/all_Lyapunov_test_dso-fn_d_all_l_01_log.txt
SpawnPoolWorker-126| 2026-06-22 00:04:02,415,415 multiprocessing INFO child process calling self.run()
SpawnPoolWorker-135| 2026-06-22 00:11:14,517,517 multiprocessing INFO process shutting down
SpawnPoolWorker-123| 2026-06-22 00:11:14,517,517 multiprocessing INFO process shutting down
SpawnPoolWorker-118| 2026-06-22 00:11:14,517,517 multiprocessing INFO process shutting down
SpawnPoolWorker-131| 2026-06-22 00:11:14,517,517 multiprocessing INFO process shutting down
SpawnPoolWorker-127| 2026-06-22 00:11:14,517,517 multiprocessing INFO process shutting down
SpawnPoolWorker-113| 2026-06-22 00:11:14,517,517 multiprocessing INFO process shutting down
SpawnPoolWorker-126| 2026-06-22 00:11:14,518,518 multiprocessing INFO process shutting down
SpawnPoolWorker-114| 2026-06-22 00:11:14,518,518 multiprocessing INFO process shutting down
SpawnPoolWorker-116| 2026-06-22 00:11:14,517,517 multiprocessing INFO process shutting down
SpawnPoolWorker-125| 2026-06-22 00:11:14,517,517 multiprocessing INFO process shutting down
SpawnPoolWorker-133| 2026-06-22 00:11:14,517,517 multiprocessing INFO process shutting down
SpawnPoolWorker-124| 2026-06-22 00:11:14,517,517 multiprocessing INFO process shutting down
SpawnPoolWorker-115| 2026-06-22 00:11:14,518,518 multiprocessing INFO process shutting down
SpawnPoolWorker-129| 2026-06-22 00:11:14,518,518 multiprocessing INFO process shutting down
SpawnPoolWorker-120| 2026-06-22 00:11:14,518,518 multiprocessing INFO process shutting down
SpawnPoolWorker-117| 2026-06-22 00:11:14,518,518 multiprocessing INFO process shutting down
SpawnPoolWorker-120| 2026-06-22 00:11:14,518,518 multiprocessing INFO process exiting with exitcode 0
SpawnPoolWorker-121| 2026-06-22 00:11:14,518,518 multiprocessing INFO process shutting down
SpawnPoolWorker-125| 2026-06-22 00:11:14,518,518 multiprocessing INFO process exiting with exitcode 0
SpawnPoolWorker-116| 2026-06-22 00:11:14,518,518 multiprocessing INFO process exiting with exitcode 0
SpawnPoolWorker-129| 2026-06-22 00:11:14,518,518 multiprocessing INFO process exiting with exitcode 0
SpawnPoolWorker-115| 2026-06-22 00:11:14,519,519 multiprocessing INFO process exiting with exitcode 0
SpawnPoolWorker-114| 2026-06-22 00:11:14,519,519 multiprocessing INFO process exiting with exitcode 0
SpawnPoolWorker-117| 2026-06-22 00:11:14,519,519 multiprocessing INFO process exiting with exitcode 0
SpawnPoolWorker-121| 2026-06-22 00:11:14,519,519 multiprocessing INFO process exiting with exitcode 0
SpawnPoolWorker-128| 2026-06-22 00:11:14,518,518 multiprocessing INFO process shutting down
SpawnPoolWorker-134| 2026-06-22 00:11:14,518,518 multiprocessing INFO process shutting down
SpawnPoolWorker-122| 2026-06-22 00:11:14,518,518 multiprocessing INFO process shutting down
SpawnPoolWorker-119| 2026-06-22 00:11:14,519,519 multiprocessing INFO process shutting down
SpawnPoolWorker-130| 2026-06-22 00:11:14,519,519 multiprocessing INFO process shutting down
SpawnPoolWorker-132| 2026-06-22 00:11:14,519,519 multiprocessing INFO process shutting down
28
(100000, 9)
(100000,)
(100000, 9)
(100000,)

=======================Successfully Added (50000, 9) Counter Examples=======================


============None of the candidates fulfill the conditions. Training CONTINUES!=================

MainProcess| 2026-06-22 00:11:21,261,261 multiprocessing INFO 
============None of the candidates fulfill the conditions. Training CONTINUES!=================


============None of the candidates fulfill the conditions. Training CONTINUES!=================

(550, 171)
/users/9/chen8596/miniconda3/envs/alfd/lib/python3.9/site-packages/torch/nn/functional.py:4999: UserWarning: Support for mismatched key_padding_mask and attn_mask is deprecated. Use same type for both instead.
  warnings.warn(

==============Start Supervised Learning==============

MainProcess| 2026-06-22 00:11:31,376,376 multiprocessing INFO GP output mean: 0.8507627528901682
GP output mean: 0.8507627528901682
MainProcess| 2026-06-22 00:11:32,030,30 multiprocessing INFO GP output success rate: 0.0
GP output success rate: 0.0

==============End Supervised Learning==============

MainProcess| 2026-06-22 00:11:34,098,98 multiprocessing INFO [Test epoch=0004]  nevals=55080 	| train_loss=9419.07715 	| eqs_invalid %=0.00 	| r_best=0.96552 	| quantile=0.00000 	| r_quantile_mean=0.07438 	| r_raw_sum=40.91005 	|  r_raw_mean=0.78673 	| r2=nan 	| acc_iid=0.00000 	| acc_ood=0.00000 	| nmse_test=0.03880963172868644 	| true_equation_set_count=0 	| s/it=723.10129
[Test epoch=0004]  nevals=55080 	| train_loss=9419.07715 	| eqs_invalid %=0.00 	| r_best=0.96552 	| quantile=0.00000 	| r_quantile_mean=0.07438 	| r_raw_sum=40.91005 	|  r_raw_mean=0.78673 	| r2=nan 	| acc_iid=0.00000 	| acc_ood=0.00000 	| nmse_test=0.03880963172868644 	| true_equation_set_count=0 	| s/it=723.10129
MainProcess| 2026-06-22 00:15:49,947,947 multiprocessing INFO Genetic Porgramming Runtime 254.71470971102826
Genetic Porgramming Runtime 254.71470971102826

=========================PGD Collection Starts=========================

SpawnPoolWorker-139| 2026-06-22 00:15:55,116,116 multiprocessing INFO STARTING NEW RUN ==========
SpawnPoolWorker-139| 2026-06-22 00:15:55,116,116 multiprocessing INFO SEE LOG AT : ./logs/all_Lyapunov_test_dso-fn_d_all_l_01_log.txt
SpawnPoolWorker-139| 2026-06-22 00:15:55,116,116 multiprocessing INFO See log at : ./logs/all_Lyapunov_test_dso-fn_d_all_l_01_log.txt
SpawnPoolWorker-146| 2026-06-22 00:15:55,116,116 multiprocessing INFO STARTING NEW RUN ==========
SpawnPoolWorker-146| 2026-06-22 00:15:55,118,118 multiprocessing INFO SEE LOG AT : ./logs/all_Lyapunov_test_dso-fn_d_all_l_01_log.txt
SpawnPoolWorker-146| 2026-06-22 00:15:55,118,118 multiprocessing INFO See log at : ./logs/all_Lyapunov_test_dso-fn_d_all_l_01_log.txt
SpawnPoolWorker-141| 2026-06-22 00:15:55,118,118 multiprocessing INFO STARTING NEW RUN ==========
SpawnPoolWorker-144| 2026-06-22 00:15:55,118,118 multiprocessing INFO STARTING NEW RUN ==========
SpawnPoolWorker-141| 2026-06-22 00:15:55,118,118 multiprocessing INFO SEE LOG AT : ./logs/all_Lyapunov_test_dso-fn_d_all_l_01_log.txt
SpawnPoolWorker-144| 2026-06-22 00:15:55,118,118 multiprocessing INFO SEE LOG AT : ./logs/all_Lyapunov_test_dso-fn_d_all_l_01_log.txt
SpawnPoolWorker-141| 2026-06-22 00:15:55,118,118 multiprocessing INFO See log at : ./logs/all_Lyapunov_test_dso-fn_d_all_l_01_log.txt
SpawnPoolWorker-144| 2026-06-22 00:15:55,118,118 multiprocessing INFO See log at : ./logs/all_Lyapunov_test_dso-fn_d_all_l_01_log.txt
SpawnPoolWorker-142| 2026-06-22 00:15:55,118,118 multiprocessing INFO STARTING NEW RUN ==========
SpawnPoolWorker-142| 2026-06-22 00:15:55,119,119 multiprocessing INFO SEE LOG AT : ./logs/all_Lyapunov_test_dso-fn_d_all_l_01_log.txt
SpawnPoolWorker-142| 2026-06-22 00:15:55,119,119 multiprocessing INFO See log at : ./logs/all_Lyapunov_test_dso-fn_d_all_l_01_log.txt
SpawnPoolWorker-139| 2026-06-22 00:15:55,119,119 multiprocessing INFO child process calling self.run()
SpawnPoolWorker-141| 2026-06-22 00:15:55,120,120 multiprocessing INFO child process calling self.run()
SpawnPoolWorker-146| 2026-06-22 00:15:55,120,120 multiprocessing INFO child process calling self.run()
SpawnPoolWorker-144| 2026-06-22 00:15:55,120,120 multiprocessing INFO child process calling self.run()
SpawnPoolWorker-145| 2026-06-22 00:15:55,120,120 multiprocessing INFO STARTING NEW RUN ==========
SpawnPoolWorker-138| 2026-06-22 00:15:55,120,120 multiprocessing INFO STARTING NEW RUN ==========
SpawnPoolWorker-142| 2026-06-22 00:15:55,120,120 multiprocessing INFO child process calling self.run()
SpawnPoolWorker-138| 2026-06-22 00:15:55,121,121 multiprocessing INFO SEE LOG AT : ./logs/all_Lyapunov_test_dso-fn_d_all_l_01_log.txt
SpawnPoolWorker-138| 2026-06-22 00:15:55,121,121 multiprocessing INFO See log at : ./logs/all_Lyapunov_test_dso-fn_d_all_l_01_log.txt
SpawnPoolWorker-145| 2026-06-22 00:15:55,121,121 multiprocessing INFO SEE LOG AT : ./logs/all_Lyapunov_test_dso-fn_d_all_l_01_log.txt
SpawnPoolWorker-145| 2026-06-22 00:15:55,121,121 multiprocessing INFO See log at : ./logs/all_Lyapunov_test_dso-fn_d_all_l_01_log.txt
SpawnPoolWorker-143| 2026-06-22 00:15:55,121,121 multiprocessing INFO STARTING NEW RUN ==========
SpawnPoolWorker-143| 2026-06-22 00:15:55,121,121 multiprocessing INFO SEE LOG AT : ./logs/all_Lyapunov_test_dso-fn_d_all_l_01_log.txt
SpawnPoolWorker-143| 2026-06-22 00:15:55,121,121 multiprocessing INFO See log at : ./logs/all_Lyapunov_test_dso-fn_d_all_l_01_log.txt
SpawnPoolWorker-138| 2026-06-22 00:15:55,122,122 multiprocessing INFO child process calling self.run()
SpawnPoolWorker-145| 2026-06-22 00:15:55,123,123 multiprocessing INFO child process calling self.run()
SpawnPoolWorker-143| 2026-06-22 00:15:55,123,123 multiprocessing INFO child process calling self.run()
SpawnPoolWorker-140| 2026-06-22 00:15:55,127,127 multiprocessing INFO STARTING NEW RUN ==========
SpawnPoolWorker-140| 2026-06-22 00:15:55,127,127 multiprocessing INFO SEE LOG AT : ./logs/all_Lyapunov_test_dso-fn_d_all_l_01_log.txt
SpawnPoolWorker-140| 2026-06-22 00:15:55,127,127 multiprocessing INFO See log at : ./logs/all_Lyapunov_test_dso-fn_d_all_l_01_log.txt
SpawnPoolWorker-137| 2026-06-22 00:15:55,127,127 multiprocessing INFO STARTING NEW RUN ==========
SpawnPoolWorker-137| 2026-06-22 00:15:55,127,127 multiprocessing INFO SEE LOG AT : ./logs/all_Lyapunov_test_dso-fn_d_all_l_01_log.txt
SpawnPoolWorker-137| 2026-06-22 00:15:55,127,127 multiprocessing INFO See log at : ./logs/all_Lyapunov_test_dso-fn_d_all_l_01_log.txt
SpawnPoolWorker-140| 2026-06-22 00:15:55,129,129 multiprocessing INFO child process calling self.run()
SpawnPoolWorker-137| 2026-06-22 00:15:55,129,129 multiprocessing INFO child process calling self.run()
SpawnPoolWorker-137| 2026-06-22 00:16:13,278,278 multiprocessing INFO process shutting down
SpawnPoolWorker-142| 2026-06-22 00:16:13,278,278 multiprocessing INFO process shutting down
SpawnPoolWorker-137| 2026-06-22 00:16:13,278,278 multiprocessing INFO process exiting with exitcode 0
SpawnPoolWorker-143| 2026-06-22 00:16:13,278,278 multiprocessing INFO process shutting down
SpawnPoolWorker-146| 2026-06-22 00:16:13,278,278 multiprocessing INFO process shutting down
SpawnPoolWorker-142| 2026-06-22 00:16:13,278,278 multiprocessing INFO process exiting with exitcode 0
SpawnPoolWorker-143| 2026-06-22 00:16:13,278,278 multiprocessing INFO process exiting with exitcode 0
SpawnPoolWorker-146| 2026-06-22 00:16:13,278,278 multiprocessing INFO process exiting with exitcode 0
SpawnPoolWorker-141| 2026-06-22 00:16:13,278,278 multiprocessing INFO process shutting down
(20000,)

===================Collect 20000 Examples===================

Epsilon 0.1
500
(550,)
(550,)
(550,)
Number of Programs for Minimization: 28
SpawnPoolWorker-153| 2026-06-22 00:16:29,883,883 multiprocessing INFO STARTING NEW RUN ==========
SpawnPoolWorker-153| 2026-06-22 00:16:29,883,883 multiprocessing INFO SEE LOG AT : ./logs/all_Lyapunov_test_dso-fn_d_all_l_01_log.txt
SpawnPoolWorker-153| 2026-06-22 00:16:29,883,883 multiprocessing INFO See log at : ./logs/all_Lyapunov_test_dso-fn_d_all_l_01_log.txt
SpawnPoolWorker-153| 2026-06-22 00:16:29,888,888 multiprocessing INFO child process calling self.run()
SpawnPoolWorker-148| 2026-06-22 00:16:29,990,990 multiprocessing INFO STARTING NEW RUN ==========
SpawnPoolWorker-148| 2026-06-22 00:16:29,990,990 multiprocessing INFO SEE LOG AT : ./logs/all_Lyapunov_test_dso-fn_d_all_l_01_log.txt
SpawnPoolWorker-148| 2026-06-22 00:16:29,990,990 multiprocessing INFO See log at : ./logs/all_Lyapunov_test_dso-fn_d_all_l_01_log.txt
SpawnPoolWorker-148| 2026-06-22 00:16:29,992,992 multiprocessing INFO child process calling self.run()
SpawnPoolWorker-147| 2026-06-22 00:16:30,016,16 multiprocessing INFO STARTING NEW RUN ==========
SpawnPoolWorker-147| 2026-06-22 00:16:30,016,16 multiprocessing INFO SEE LOG AT : ./logs/all_Lyapunov_test_dso-fn_d_all_l_01_log.txt
SpawnPoolWorker-147| 2026-06-22 00:16:30,016,16 multiprocessing INFO See log at : ./logs/all_Lyapunov_test_dso-fn_d_all_l_01_log.txt
SpawnPoolWorker-147| 2026-06-22 00:16:30,023,23 multiprocessing INFO child process calling self.run()
SpawnPoolWorker-150| 2026-06-22 00:16:30,170,170 multiprocessing INFO STARTING NEW RUN ==========
SpawnPoolWorker-150| 2026-06-22 00:16:30,170,170 multiprocessing INFO SEE LOG AT : ./logs/all_Lyapunov_test_dso-fn_d_all_l_01_log.txt
SpawnPoolWorker-150| 2026-06-22 00:16:30,170,170 multiprocessing INFO See log at : ./logs/all_Lyapunov_test_dso-fn_d_all_l_01_log.txt
SpawnPoolWorker-150| 2026-06-22 00:16:30,177,177 multiprocessing INFO child process calling self.run()
SpawnPoolWorker-151| 2026-06-22 00:16:30,343,343 multiprocessing INFO STARTING NEW RUN ==========
SpawnPoolWorker-151| 2026-06-22 00:16:30,343,343 multiprocessing INFO SEE LOG AT : ./logs/all_Lyapunov_test_dso-fn_d_all_l_01_log.txt
SpawnPoolWorker-151| 2026-06-22 00:16:30,343,343 multiprocessing INFO See log at : ./logs/all_Lyapunov_test_dso-fn_d_all_l_01_log.txt
SpawnPoolWorker-151| 2026-06-22 00:16:30,349,349 multiprocessing INFO child process calling self.run()
SpawnPoolWorker-156| 2026-06-22 00:16:30,445,445 multiprocessing INFO STARTING NEW RUN ==========
SpawnPoolWorker-156| 2026-06-22 00:16:30,445,445 multiprocessing INFO SEE LOG AT : ./logs/all_Lyapunov_test_dso-fn_d_all_l_01_log.txt
SpawnPoolWorker-156| 2026-06-22 00:16:30,445,445 multiprocessing INFO See log at : ./logs/all_Lyapunov_test_dso-fn_d_all_l_01_log.txt
SpawnPoolWorker-156| 2026-06-22 00:16:30,447,447 multiprocessing INFO child process calling self.run()
SpawnPoolWorker-159| 2026-06-22 00:16:30,751,751 multiprocessing INFO STARTING NEW RUN ==========
SpawnPoolWorker-159| 2026-06-22 00:16:30,751,751 multiprocessing INFO SEE LOG AT : ./logs/all_Lyapunov_test_dso-fn_d_all_l_01_log.txt
SpawnPoolWorker-159| 2026-06-22 00:16:30,751,751 multiprocessing INFO See log at : ./logs/all_Lyapunov_test_dso-fn_d_all_l_01_log.txt
SpawnPoolWorker-159| 2026-06-22 00:16:30,753,753 multiprocessing INFO child process calling self.run()
SpawnPoolWorker-152| 2026-06-22 00:16:30,807,807 multiprocessing INFO STARTING NEW RUN ==========
SpawnPoolWorker-152| 2026-06-22 00:16:30,807,807 multiprocessing INFO SEE LOG AT : ./logs/all_Lyapunov_test_dso-fn_d_all_l_01_log.txt
SpawnPoolWorker-152| 2026-06-22 00:16:30,807,807 multiprocessing INFO See log at : ./logs/all_Lyapunov_test_dso-fn_d_all_l_01_log.txt
SpawnPoolWorker-152| 2026-06-22 00:16:30,811,811 multiprocessing INFO child process calling self.run()
SpawnPoolWorker-154| 2026-06-22 00:16:30,811,811 multiprocessing INFO STARTING NEW RUN ==========
SpawnPoolWorker-154| 2026-06-22 00:16:30,812,812 multiprocessing INFO SEE LOG AT : ./logs/all_Lyapunov_test_dso-fn_d_all_l_01_log.txt
SpawnPoolWorker-154| 2026-06-22 00:16:30,812,812 multiprocessing INFO See log at : ./logs/all_Lyapunov_test_dso-fn_d_all_l_01_log.txt
SpawnPoolWorker-154| 2026-06-22 00:16:30,814,814 multiprocessing INFO child process calling self.run()
SpawnPoolWorker-155| 2026-06-22 00:16:31,235,235 multiprocessing INFO STARTING NEW RUN ==========
SpawnPoolWorker-155| 2026-06-22 00:16:31,235,235 multiprocessing INFO SEE LOG AT : ./logs/all_Lyapunov_test_dso-fn_d_all_l_01_log.txt
SpawnPoolWorker-155| 2026-06-22 00:16:31,235,235 multiprocessing INFO See log at : ./logs/all_Lyapunov_test_dso-fn_d_all_l_01_log.txt
SpawnPoolWorker-155| 2026-06-22 00:16:31,237,237 multiprocessing INFO child process calling self.run()
SpawnPoolWorker-166| 2026-06-22 00:16:31,311,311 multiprocessing INFO STARTING NEW RUN ==========
SpawnPoolWorker-166| 2026-06-22 00:16:31,311,311 multiprocessing INFO SEE LOG AT : ./logs/all_Lyapunov_test_dso-fn_d_all_l_01_log.txt
SpawnPoolWorker-166| 2026-06-22 00:16:31,311,311 multiprocessing INFO See log at : ./logs/all_Lyapunov_test_dso-fn_d_all_l_01_log.txt
SpawnPoolWorker-166| 2026-06-22 00:16:31,313,313 multiprocessing INFO child process calling self.run()
SpawnPoolWorker-149| 2026-06-22 00:16:31,397,397 multiprocessing INFO STARTING NEW RUN ==========
SpawnPoolWorker-149| 2026-06-22 00:16:31,397,397 multiprocessing INFO SEE LOG AT : ./logs/all_Lyapunov_test_dso-fn_d_all_l_01_log.txt
SpawnPoolWorker-149| 2026-06-22 00:16:31,397,397 multiprocessing INFO See log at : ./logs/all_Lyapunov_test_dso-fn_d_all_l_01_log.txt
SpawnPoolWorker-149| 2026-06-22 00:16:31,401,401 multiprocessing INFO child process calling self.run()
SpawnPoolWorker-160| 2026-06-22 00:16:31,668,668 multiprocessing INFO STARTING NEW RUN ==========
SpawnPoolWorker-160| 2026-06-22 00:16:31,668,668 multiprocessing INFO SEE LOG AT : ./logs/all_Lyapunov_test_dso-fn_d_all_l_01_log.txt
SpawnPoolWorker-160| 2026-06-22 00:16:31,668,668 multiprocessing INFO See log at : ./logs/all_Lyapunov_test_dso-fn_d_all_l_01_log.txt
SpawnPoolWorker-160| 2026-06-22 00:16:31,672,672 multiprocessing INFO child process calling self.run()
SpawnPoolWorker-158| 2026-06-22 00:16:31,686,686 multiprocessing INFO STARTING NEW RUN ==========
SpawnPoolWorker-158| 2026-06-22 00:16:31,686,686 multiprocessing INFO SEE LOG AT : ./logs/all_Lyapunov_test_dso-fn_d_all_l_01_log.txt
SpawnPoolWorker-158| 2026-06-22 00:16:31,686,686 multiprocessing INFO See log at : ./logs/all_Lyapunov_test_dso-fn_d_all_l_01_log.txt
SpawnPoolWorker-158| 2026-06-22 00:16:31,689,689 multiprocessing INFO child process calling self.run()
SpawnPoolWorker-163| 2026-06-22 00:16:31,968,968 multiprocessing INFO STARTING NEW RUN ==========
SpawnPoolWorker-163| 2026-06-22 00:16:31,969,969 multiprocessing INFO SEE LOG AT : ./logs/all_Lyapunov_test_dso-fn_d_all_l_01_log.txt
SpawnPoolWorker-163| 2026-06-22 00:16:31,969,969 multiprocessing INFO See log at : ./logs/all_Lyapunov_test_dso-fn_d_all_l_01_log.txt
SpawnPoolWorker-163| 2026-06-22 00:16:31,977,977 multiprocessing INFO child process calling self.run()
SpawnPoolWorker-164| 2026-06-22 00:16:32,015,15 multiprocessing INFO STARTING NEW RUN ==========
SpawnPoolWorker-164| 2026-06-22 00:16:32,015,15 multiprocessing INFO SEE LOG AT : ./logs/all_Lyapunov_test_dso-fn_d_all_l_01_log.txt
SpawnPoolWorker-164| 2026-06-22 00:16:32,015,15 multiprocessing INFO See log at : ./logs/all_Lyapunov_test_dso-fn_d_all_l_01_log.txt
SpawnPoolWorker-164| 2026-06-22 00:16:32,019,19 multiprocessing INFO child process calling self.run()
SpawnPoolWorker-161| 2026-06-22 00:16:32,116,116 multiprocessing INFO STARTING NEW RUN ==========
SpawnPoolWorker-161| 2026-06-22 00:16:32,116,116 multiprocessing INFO SEE LOG AT : ./logs/all_Lyapunov_test_dso-fn_d_all_l_01_log.txt
SpawnPoolWorker-161| 2026-06-22 00:16:32,116,116 multiprocessing INFO See log at : ./logs/all_Lyapunov_test_dso-fn_d_all_l_01_log.txt
SpawnPoolWorker-161| 2026-06-22 00:16:32,119,119 multiprocessing INFO child process calling self.run()
SpawnPoolWorker-169| 2026-06-22 00:16:32,165,165 multiprocessing INFO STARTING NEW RUN ==========
SpawnPoolWorker-169| 2026-06-22 00:16:32,165,165 multiprocessing INFO SEE LOG AT : ./logs/all_Lyapunov_test_dso-fn_d_all_l_01_log.txt
SpawnPoolWorker-169| 2026-06-22 00:16:32,165,165 multiprocessing INFO See log at : ./logs/all_Lyapunov_test_dso-fn_d_all_l_01_log.txt
SpawnPoolWorker-169| 2026-06-22 00:16:32,167,167 multiprocessing INFO child process calling self.run()
SpawnPoolWorker-157| 2026-06-22 00:16:32,285,285 multiprocessing INFO STARTING NEW RUN ==========
SpawnPoolWorker-157| 2026-06-22 00:16:32,286,286 multiprocessing INFO SEE LOG AT : ./logs/all_Lyapunov_test_dso-fn_d_all_l_01_log.txt
SpawnPoolWorker-157| 2026-06-22 00:16:32,286,286 multiprocessing INFO See log at : ./logs/all_Lyapunov_test_dso-fn_d_all_l_01_log.txt
SpawnPoolWorker-157| 2026-06-22 00:16:32,296,296 multiprocessing INFO child process calling self.run()
SpawnPoolWorker-168| 2026-06-22 00:16:32,323,323 multiprocessing INFO STARTING NEW RUN ==========
SpawnPoolWorker-168| 2026-06-22 00:16:32,323,323 multiprocessing INFO SEE LOG AT : ./logs/all_Lyapunov_test_dso-fn_d_all_l_01_log.txt
SpawnPoolWorker-168| 2026-06-22 00:16:32,323,323 multiprocessing INFO See log at : ./logs/all_Lyapunov_test_dso-fn_d_all_l_01_log.txt
SpawnPoolWorker-168| 2026-06-22 00:16:32,331,331 multiprocessing INFO child process calling self.run()
SpawnPoolWorker-162| 2026-06-22 00:16:32,398,398 multiprocessing INFO STARTING NEW RUN ==========
SpawnPoolWorker-162| 2026-06-22 00:16:32,398,398 multiprocessing INFO SEE LOG AT : ./logs/all_Lyapunov_test_dso-fn_d_all_l_01_log.txt
SpawnPoolWorker-162| 2026-06-22 00:16:32,398,398 multiprocessing INFO See log at : ./logs/all_Lyapunov_test_dso-fn_d_all_l_01_log.txt
SpawnPoolWorker-162| 2026-06-22 00:16:32,403,403 multiprocessing INFO child process calling self.run()
SpawnPoolWorker-170| 2026-06-22 00:16:32,406,406 multiprocessing INFO STARTING NEW RUN ==========
SpawnPoolWorker-170| 2026-06-22 00:16:32,406,406 multiprocessing INFO SEE LOG AT : ./logs/all_Lyapunov_test_dso-fn_d_all_l_01_log.txt
SpawnPoolWorker-170| 2026-06-22 00:16:32,406,406 multiprocessing INFO See log at : ./logs/all_Lyapunov_test_dso-fn_d_all_l_01_log.txt
SpawnPoolWorker-170| 2026-06-22 00:16:32,416,416 multiprocessing INFO child process calling self.run()
SpawnPoolWorker-165| 2026-06-22 00:16:32,597,597 multiprocessing INFO STARTING NEW RUN ==========
SpawnPoolWorker-165| 2026-06-22 00:16:32,597,597 multiprocessing INFO SEE LOG AT : ./logs/all_Lyapunov_test_dso-fn_d_all_l_01_log.txt
SpawnPoolWorker-165| 2026-06-22 00:16:32,597,597 multiprocessing INFO See log at : ./logs/all_Lyapunov_test_dso-fn_d_all_l_01_log.txt
SpawnPoolWorker-165| 2026-06-22 00:16:32,598,598 multiprocessing INFO child process calling self.run()
SpawnPoolWorker-167| 2026-06-22 00:16:33,006,6 multiprocessing INFO STARTING NEW RUN ==========
SpawnPoolWorker-167| 2026-06-22 00:16:33,007,7 multiprocessing INFO SEE LOG AT : ./logs/all_Lyapunov_test_dso-fn_d_all_l_01_log.txt
SpawnPoolWorker-167| 2026-06-22 00:16:33,007,7 multiprocessing INFO See log at : ./logs/all_Lyapunov_test_dso-fn_d_all_l_01_log.txt
SpawnPoolWorker-167| 2026-06-22 00:16:33,008,8 multiprocessing INFO child process calling self.run()
SpawnPoolWorker-147| 2026-06-22 00:23:16,195,195 multiprocessing INFO process shutting down
SpawnPoolWorker-167| 2026-06-22 00:23:16,195,195 multiprocessing INFO process shutting down
SpawnPoolWorker-158| 2026-06-22 00:23:16,195,195 multiprocessing INFO process shutting down
SpawnPoolWorker-160| 2026-06-22 00:23:16,195,195 multiprocessing INFO process shutting down
SpawnPoolWorker-151| 2026-06-22 00:23:16,195,195 multiprocessing INFO process shutting down
SpawnPoolWorker-163| 2026-06-22 00:23:16,195,195 multiprocessing INFO process shutting down
SpawnPoolWorker-168| 2026-06-22 00:23:16,195,195 multiprocessing INFO process shutting down
SpawnPoolWorker-149| 2026-06-22 00:23:16,195,195 multiprocessing INFO process shutting down
SpawnPoolWorker-155| 2026-06-22 00:23:16,196,196 multiprocessing INFO process shutting down
SpawnPoolWorker-150| 2026-06-22 00:23:16,195,195 multiprocessing INFO process shutting down
SpawnPoolWorker-148| 2026-06-22 00:23:16,196,196 multiprocessing INFO process shutting down
SpawnPoolWorker-166| 2026-06-22 00:23:16,196,196 multiprocessing INFO process shutting down
SpawnPoolWorker-156| 2026-06-22 00:23:16,195,195 multiprocessing INFO process shutting down
SpawnPoolWorker-159| 2026-06-22 00:23:16,195,195 multiprocessing INFO process shutting down
SpawnPoolWorker-153| 2026-06-22 00:23:16,196,196 multiprocessing INFO process shutting down
SpawnPoolWorker-164| 2026-06-22 00:23:16,196,196 multiprocessing INFO process shutting down
SpawnPoolWorker-154| 2026-06-22 00:23:16,196,196 multiprocessing INFO process shutting down
SpawnPoolWorker-162| 2026-06-22 00:23:16,196,196 multiprocessing INFO process shutting down
SpawnPoolWorker-164| 2026-06-22 00:23:16,196,196 multiprocessing INFO process exiting with exitcode 0
SpawnPoolWorker-155| 2026-06-22 00:23:16,196,196 multiprocessing INFO process exiting with exitcode 0
SpawnPoolWorker-154| 2026-06-22 00:23:16,196,196 multiprocessing INFO process exiting with exitcode 0
SpawnPoolWorker-147| 2026-06-22 00:23:16,196,196 multiprocessing INFO process exiting with exitcode 0
SpawnPoolWorker-150| 2026-06-22 00:23:16,196,196 multiprocessing INFO process exiting with exitcode 0
SpawnPoolWorker-162| 2026-06-22 00:23:16,196,196 multiprocessing INFO process exiting with exitcode 0
SpawnPoolWorker-159| 2026-06-22 00:23:16,197,197 multiprocessing INFO process exiting with exitcode 0
SpawnPoolWorker-157| 2026-06-22 00:23:16,196,196 multiprocessing INFO process shutting down
SpawnPoolWorker-157| 2026-06-22 00:23:16,197,197 multiprocessing INFO process exiting with exitcode 0
SpawnPoolWorker-165| 2026-06-22 00:23:16,196,196 multiprocessing INFO process shutting down
SpawnPoolWorker-170| 2026-06-22 00:23:16,197,197 multiprocessing INFO process shutting down
SpawnPoolWorker-169| 2026-06-22 00:23:16,197,197 multiprocessing INFO process shutting down
28
(100000, 9)
(100000,)
(100000, 9)
(100000,)

=======================Successfully Added (50000, 9) Counter Examples=======================


============None of the candidates fulfill the conditions. Training CONTINUES!=================

MainProcess| 2026-06-22 00:23:23,637,637 multiprocessing INFO 
============None of the candidates fulfill the conditions. Training CONTINUES!=================


============None of the candidates fulfill the conditions. Training CONTINUES!=================

(550, 171)
/users/9/chen8596/miniconda3/envs/alfd/lib/python3.9/site-packages/torch/nn/functional.py:4999: UserWarning: Support for mismatched key_padding_mask and attn_mask is deprecated. Use same type for both instead.
  warnings.warn(

==============Start Supervised Learning==============

MainProcess| 2026-06-22 00:23:35,335,335 multiprocessing INFO GP output mean: 0.8797943419300656
GP output mean: 0.8797943419300656
MainProcess| 2026-06-22 00:23:36,188,188 multiprocessing INFO GP output success rate: 0.0
GP output success rate: 0.0

==============End Supervised Learning==============

MainProcess| 2026-06-22 00:23:38,251,251 multiprocessing INFO [Test epoch=0005]  nevals=68970 	| train_loss=9351.62207 	| eqs_invalid %=0.00 	| r_best=0.96552 	| quantile=0.00000 	| r_quantile_mean=0.07910 	| r_raw_sum=43.50301 	|  r_raw_mean=0.85300 	| r2=nan 	| acc_iid=0.00000 	| acc_ood=0.00000 	| nmse_test=0.03880963172868644 	| true_equation_set_count=0 	| s/it=724.15366
[Test epoch=0005]  nevals=68970 	| train_loss=9351.62207 	| eqs_invalid %=0.00 	| r_best=0.96552 	| quantile=0.00000 	| r_quantile_mean=0.07910 	| r_raw_sum=43.50301 	|  r_raw_mean=0.85300 	| r2=nan 	| acc_iid=0.00000 	| acc_ood=0.00000 	| nmse_test=0.03880963172868644 	| true_equation_set_count=0 	| s/it=724.15366
MainProcess| 2026-06-22 00:23:38,252,252 multiprocessing INFO [00:01:01:02.94] Training epoch 5/4000, current best R: 0.9655
[00:01:01:02.94] Training epoch 5/4000, current best R: 0.9655
MainProcess| 2026-06-22 00:27:47,194,194 multiprocessing INFO Genetic Porgramming Runtime 247.79818104114383
Genetic Porgramming Runtime 247.79818104114383

=========================PGD Collection Starts=========================

SpawnPoolWorker-174| 2026-06-22 00:27:52,752,752 multiprocessing INFO STARTING NEW RUN ==========
SpawnPoolWorker-174| 2026-06-22 00:27:52,752,752 multiprocessing INFO SEE LOG AT : ./logs/all_Lyapunov_test_dso-fn_d_all_l_01_log.txt
SpawnPoolWorker-174| 2026-06-22 00:27:52,752,752 multiprocessing INFO See log at : ./logs/all_Lyapunov_test_dso-fn_d_all_l_01_log.txt
SpawnPoolWorker-177| 2026-06-22 00:27:52,752,752 multiprocessing INFO STARTING NEW RUN ==========
SpawnPoolWorker-177| 2026-06-22 00:27:52,752,752 multiprocessing INFO SEE LOG AT : ./logs/all_Lyapunov_test_dso-fn_d_all_l_01_log.txt
SpawnPoolWorker-177| 2026-06-22 00:27:52,753,753 multiprocessing INFO See log at : ./logs/all_Lyapunov_test_dso-fn_d_all_l_01_log.txt
SpawnPoolWorker-174| 2026-06-22 00:27:52,754,754 multiprocessing INFO child process calling self.run()
SpawnPoolWorker-172| 2026-06-22 00:27:52,754,754 multiprocessing INFO STARTING NEW RUN ==========
SpawnPoolWorker-176| 2026-06-22 00:27:52,754,754 multiprocessing INFO STARTING NEW RUN ==========
SpawnPoolWorker-171| 2026-06-22 00:27:52,754,754 multiprocessing INFO STARTING NEW RUN ==========
SpawnPoolWorker-178| 2026-06-22 00:27:52,754,754 multiprocessing INFO STARTING NEW RUN ==========
SpawnPoolWorker-172| 2026-06-22 00:27:52,754,754 multiprocessing INFO SEE LOG AT : ./logs/all_Lyapunov_test_dso-fn_d_all_l_01_log.txt
SpawnPoolWorker-176| 2026-06-22 00:27:52,754,754 multiprocessing INFO SEE LOG AT : ./logs/all_Lyapunov_test_dso-fn_d_all_l_01_log.txt
SpawnPoolWorker-171| 2026-06-22 00:27:52,754,754 multiprocessing INFO SEE LOG AT : ./logs/all_Lyapunov_test_dso-fn_d_all_l_01_log.txt
SpawnPoolWorker-178| 2026-06-22 00:27:52,754,754 multiprocessing INFO SEE LOG AT : ./logs/all_Lyapunov_test_dso-fn_d_all_l_01_log.txt
SpawnPoolWorker-172| 2026-06-22 00:27:52,754,754 multiprocessing INFO See log at : ./logs/all_Lyapunov_test_dso-fn_d_all_l_01_log.txt
SpawnPoolWorker-176| 2026-06-22 00:27:52,754,754 multiprocessing INFO See log at : ./logs/all_Lyapunov_test_dso-fn_d_all_l_01_log.txt
SpawnPoolWorker-171| 2026-06-22 00:27:52,754,754 multiprocessing INFO See log at : ./logs/all_Lyapunov_test_dso-fn_d_all_l_01_log.txt
SpawnPoolWorker-178| 2026-06-22 00:27:52,754,754 multiprocessing INFO See log at : ./logs/all_Lyapunov_test_dso-fn_d_all_l_01_log.txt
SpawnPoolWorker-177| 2026-06-22 00:27:52,755,755 multiprocessing INFO child process calling self.run()
SpawnPoolWorker-171| 2026-06-22 00:27:52,756,756 multiprocessing INFO child process calling self.run()
SpawnPoolWorker-176| 2026-06-22 00:27:52,756,756 multiprocessing INFO child process calling self.run()
SpawnPoolWorker-172| 2026-06-22 00:27:52,756,756 multiprocessing INFO child process calling self.run()
SpawnPoolWorker-178| 2026-06-22 00:27:52,756,756 multiprocessing INFO child process calling self.run()
SpawnPoolWorker-179| 2026-06-22 00:27:52,757,757 multiprocessing INFO STARTING NEW RUN ==========
SpawnPoolWorker-179| 2026-06-22 00:27:52,757,757 multiprocessing INFO SEE LOG AT : ./logs/all_Lyapunov_test_dso-fn_d_all_l_01_log.txt
SpawnPoolWorker-179| 2026-06-22 00:27:52,757,757 multiprocessing INFO See log at : ./logs/all_Lyapunov_test_dso-fn_d_all_l_01_log.txt
SpawnPoolWorker-179| 2026-06-22 00:27:52,759,759 multiprocessing INFO child process calling self.run()
SpawnPoolWorker-180| 2026-06-22 00:27:52,760,760 multiprocessing INFO STARTING NEW RUN ==========
SpawnPoolWorker-180| 2026-06-22 00:27:52,760,760 multiprocessing INFO SEE LOG AT : ./logs/all_Lyapunov_test_dso-fn_d_all_l_01_log.txt
SpawnPoolWorker-180| 2026-06-22 00:27:52,760,760 multiprocessing INFO See log at : ./logs/all_Lyapunov_test_dso-fn_d_all_l_01_log.txt
SpawnPoolWorker-180| 2026-06-22 00:27:52,762,762 multiprocessing INFO child process calling self.run()
SpawnPoolWorker-173| 2026-06-22 00:27:52,763,763 multiprocessing INFO STARTING NEW RUN ==========
SpawnPoolWorker-175| 2026-06-22 00:27:52,763,763 multiprocessing INFO STARTING NEW RUN ==========
SpawnPoolWorker-173| 2026-06-22 00:27:52,763,763 multiprocessing INFO SEE LOG AT : ./logs/all_Lyapunov_test_dso-fn_d_all_l_01_log.txt
SpawnPoolWorker-175| 2026-06-22 00:27:52,763,763 multiprocessing INFO SEE LOG AT : ./logs/all_Lyapunov_test_dso-fn_d_all_l_01_log.txt
SpawnPoolWorker-173| 2026-06-22 00:27:52,763,763 multiprocessing INFO See log at : ./logs/all_Lyapunov_test_dso-fn_d_all_l_01_log.txt
SpawnPoolWorker-175| 2026-06-22 00:27:52,763,763 multiprocessing INFO See log at : ./logs/all_Lyapunov_test_dso-fn_d_all_l_01_log.txt
SpawnPoolWorker-173| 2026-06-22 00:27:52,764,764 multiprocessing INFO child process calling self.run()
SpawnPoolWorker-175| 2026-06-22 00:27:52,765,765 multiprocessing INFO child process calling self.run()
SpawnPoolWorker-171| 2026-06-22 00:28:09,867,867 multiprocessing INFO process shutting down
SpawnPoolWorker-174| 2026-06-22 00:28:09,867,867 multiprocessing INFO process shutting down
SpawnPoolWorker-171| 2026-06-22 00:28:09,867,867 multiprocessing INFO process exiting with exitcode 0
SpawnPoolWorker-174| 2026-06-22 00:28:09,867,867 multiprocessing INFO process exiting with exitcode 0
SpawnPoolWorker-178| 2026-06-22 00:28:09,867,867 multiprocessing INFO process shutting down
SpawnPoolWorker-176| 2026-06-22 00:28:09,867,867 multiprocessing INFO process shutting down
SpawnPoolWorker-179| 2026-06-22 00:28:09,867,867 multiprocessing INFO process shutting down
SpawnPoolWorker-173| 2026-06-22 00:28:09,867,867 multiprocessing INFO process shutting down
SpawnPoolWorker-175| 2026-06-22 00:28:09,867,867 multiprocessing INFO process shutting down
(20000,)

===================Collect 20000 Examples===================

Epsilon 0.1
500
(550,)
(550,)
(55,)
Number of Programs for Minimization: 28
SpawnPoolWorker-185| 2026-06-22 00:28:26,997,997 multiprocessing INFO STARTING NEW RUN ==========
SpawnPoolWorker-185| 2026-06-22 00:28:26,998,998 multiprocessing INFO SEE LOG AT : ./logs/all_Lyapunov_test_dso-fn_d_all_l_01_log.txt
SpawnPoolWorker-185| 2026-06-22 00:28:26,998,998 multiprocessing INFO See log at : ./logs/all_Lyapunov_test_dso-fn_d_all_l_01_log.txt
SpawnPoolWorker-185| 2026-06-22 00:28:27,001,1 multiprocessing INFO child process calling self.run()
SpawnPoolWorker-186| 2026-06-22 00:28:27,034,34 multiprocessing INFO STARTING NEW RUN ==========
SpawnPoolWorker-186| 2026-06-22 00:28:27,034,34 multiprocessing INFO SEE LOG AT : ./logs/all_Lyapunov_test_dso-fn_d_all_l_01_log.txt
SpawnPoolWorker-186| 2026-06-22 00:28:27,034,34 multiprocessing INFO See log at : ./logs/all_Lyapunov_test_dso-fn_d_all_l_01_log.txt
SpawnPoolWorker-183| 2026-06-22 00:28:27,034,34 multiprocessing INFO STARTING NEW RUN ==========
SpawnPoolWorker-183| 2026-06-22 00:28:27,035,35 multiprocessing INFO SEE LOG AT : ./logs/all_Lyapunov_test_dso-fn_d_all_l_01_log.txt
SpawnPoolWorker-183| 2026-06-22 00:28:27,035,35 multiprocessing INFO See log at : ./logs/all_Lyapunov_test_dso-fn_d_all_l_01_log.txt
SpawnPoolWorker-183| 2026-06-22 00:28:27,036,36 multiprocessing INFO child process calling self.run()
SpawnPoolWorker-186| 2026-06-22 00:28:27,037,37 multiprocessing INFO child process calling self.run()
SpawnPoolWorker-188| 2026-06-22 00:28:27,066,66 multiprocessing INFO STARTING NEW RUN ==========
SpawnPoolWorker-188| 2026-06-22 00:28:27,067,67 multiprocessing INFO SEE LOG AT : ./logs/all_Lyapunov_test_dso-fn_d_all_l_01_log.txt
SpawnPoolWorker-188| 2026-06-22 00:28:27,067,67 multiprocessing INFO See log at : ./logs/all_Lyapunov_test_dso-fn_d_all_l_01_log.txt
SpawnPoolWorker-188| 2026-06-22 00:28:27,069,69 multiprocessing INFO child process calling self.run()
SpawnPoolWorker-184| 2026-06-22 00:28:27,228,228 multiprocessing INFO STARTING NEW RUN ==========
SpawnPoolWorker-184| 2026-06-22 00:28:27,228,228 multiprocessing INFO SEE LOG AT : ./logs/all_Lyapunov_test_dso-fn_d_all_l_01_log.txt
SpawnPoolWorker-184| 2026-06-22 00:28:27,229,229 multiprocessing INFO See log at : ./logs/all_Lyapunov_test_dso-fn_d_all_l_01_log.txt
SpawnPoolWorker-184| 2026-06-22 00:28:27,231,231 multiprocessing INFO child process calling self.run()
SpawnPoolWorker-190| 2026-06-22 00:28:27,276,276 multiprocessing INFO STARTING NEW RUN ==========
SpawnPoolWorker-190| 2026-06-22 00:28:27,276,276 multiprocessing INFO SEE LOG AT : ./logs/all_Lyapunov_test_dso-fn_d_all_l_01_log.txt
SpawnPoolWorker-190| 2026-06-22 00:28:27,276,276 multiprocessing INFO See log at : ./logs/all_Lyapunov_test_dso-fn_d_all_l_01_log.txt
SpawnPoolWorker-190| 2026-06-22 00:28:27,282,282 multiprocessing INFO child process calling self.run()
SpawnPoolWorker-202| 2026-06-22 00:28:27,461,461 multiprocessing INFO STARTING NEW RUN ==========
SpawnPoolWorker-202| 2026-06-22 00:28:27,461,461 multiprocessing INFO SEE LOG AT : ./logs/all_Lyapunov_test_dso-fn_d_all_l_01_log.txt
SpawnPoolWorker-202| 2026-06-22 00:28:27,462,462 multiprocessing INFO See log at : ./logs/all_Lyapunov_test_dso-fn_d_all_l_01_log.txt
SpawnPoolWorker-187| 2026-06-22 00:28:27,463,463 multiprocessing INFO STARTING NEW RUN ==========
SpawnPoolWorker-187| 2026-06-22 00:28:27,463,463 multiprocessing INFO SEE LOG AT : ./logs/all_Lyapunov_test_dso-fn_d_all_l_01_log.txt
SpawnPoolWorker-187| 2026-06-22 00:28:27,463,463 multiprocessing INFO See log at : ./logs/all_Lyapunov_test_dso-fn_d_all_l_01_log.txt
SpawnPoolWorker-187| 2026-06-22 00:28:27,467,467 multiprocessing INFO child process calling self.run()
SpawnPoolWorker-202| 2026-06-22 00:28:27,469,469 multiprocessing INFO child process calling self.run()
SpawnPoolWorker-199| 2026-06-22 00:28:27,582,582 multiprocessing INFO STARTING NEW RUN ==========
SpawnPoolWorker-199| 2026-06-22 00:28:27,582,582 multiprocessing INFO SEE LOG AT : ./logs/all_Lyapunov_test_dso-fn_d_all_l_01_log.txt
SpawnPoolWorker-199| 2026-06-22 00:28:27,582,582 multiprocessing INFO See log at : ./logs/all_Lyapunov_test_dso-fn_d_all_l_01_log.txt
SpawnPoolWorker-191| 2026-06-22 00:28:27,584,584 multiprocessing INFO STARTING NEW RUN ==========
SpawnPoolWorker-191| 2026-06-22 00:28:27,584,584 multiprocessing INFO SEE LOG AT : ./logs/all_Lyapunov_test_dso-fn_d_all_l_01_log.txt
SpawnPoolWorker-191| 2026-06-22 00:28:27,584,584 multiprocessing INFO See log at : ./logs/all_Lyapunov_test_dso-fn_d_all_l_01_log.txt
SpawnPoolWorker-199| 2026-06-22 00:28:27,585,585 multiprocessing INFO child process calling self.run()
SpawnPoolWorker-191| 2026-06-22 00:28:27,586,586 multiprocessing INFO child process calling self.run()
SpawnPoolWorker-196| 2026-06-22 00:28:27,725,725 multiprocessing INFO STARTING NEW RUN ==========
SpawnPoolWorker-196| 2026-06-22 00:28:27,725,725 multiprocessing INFO SEE LOG AT : ./logs/all_Lyapunov_test_dso-fn_d_all_l_01_log.txt
SpawnPoolWorker-196| 2026-06-22 00:28:27,725,725 multiprocessing INFO See log at : ./logs/all_Lyapunov_test_dso-fn_d_all_l_01_log.txt
SpawnPoolWorker-196| 2026-06-22 00:28:27,727,727 multiprocessing INFO child process calling self.run()
SpawnPoolWorker-192| 2026-06-22 00:28:27,749,749 multiprocessing INFO STARTING NEW RUN ==========
SpawnPoolWorker-192| 2026-06-22 00:28:27,749,749 multiprocessing INFO SEE LOG AT : ./logs/all_Lyapunov_test_dso-fn_d_all_l_01_log.txt
SpawnPoolWorker-192| 2026-06-22 00:28:27,749,749 multiprocessing INFO See log at : ./logs/all_Lyapunov_test_dso-fn_d_all_l_01_log.txt
SpawnPoolWorker-192| 2026-06-22 00:28:27,754,754 multiprocessing INFO child process calling self.run()
SpawnPoolWorker-189| 2026-06-22 00:28:27,765,765 multiprocessing INFO STARTING NEW RUN ==========
SpawnPoolWorker-189| 2026-06-22 00:28:27,765,765 multiprocessing INFO SEE LOG AT : ./logs/all_Lyapunov_test_dso-fn_d_all_l_01_log.txt
SpawnPoolWorker-189| 2026-06-22 00:28:27,765,765 multiprocessing INFO See log at : ./logs/all_Lyapunov_test_dso-fn_d_all_l_01_log.txt
SpawnPoolWorker-189| 2026-06-22 00:28:27,778,778 multiprocessing INFO child process calling self.run()
SpawnPoolWorker-193| 2026-06-22 00:28:27,822,822 multiprocessing INFO STARTING NEW RUN ==========
SpawnPoolWorker-193| 2026-06-22 00:28:27,822,822 multiprocessing INFO SEE LOG AT : ./logs/all_Lyapunov_test_dso-fn_d_all_l_01_log.txt
SpawnPoolWorker-193| 2026-06-22 00:28:27,822,822 multiprocessing INFO See log at : ./logs/all_Lyapunov_test_dso-fn_d_all_l_01_log.txt
SpawnPoolWorker-182| 2026-06-22 00:28:27,824,824 multiprocessing INFO STARTING NEW RUN ==========
SpawnPoolWorker-182| 2026-06-22 00:28:27,824,824 multiprocessing INFO SEE LOG AT : ./logs/all_Lyapunov_test_dso-fn_d_all_l_01_log.txt
SpawnPoolWorker-182| 2026-06-22 00:28:27,824,824 multiprocessing INFO See log at : ./logs/all_Lyapunov_test_dso-fn_d_all_l_01_log.txt
SpawnPoolWorker-193| 2026-06-22 00:28:27,824,824 multiprocessing INFO child process calling self.run()
SpawnPoolWorker-182| 2026-06-22 00:28:27,826,826 multiprocessing INFO child process calling self.run()
SpawnPoolWorker-181| 2026-06-22 00:28:27,888,888 multiprocessing INFO STARTING NEW RUN ==========
SpawnPoolWorker-181| 2026-06-22 00:28:27,888,888 multiprocessing INFO SEE LOG AT : ./logs/all_Lyapunov_test_dso-fn_d_all_l_01_log.txt
SpawnPoolWorker-181| 2026-06-22 00:28:27,888,888 multiprocessing INFO See log at : ./logs/all_Lyapunov_test_dso-fn_d_all_l_01_log.txt
SpawnPoolWorker-181| 2026-06-22 00:28:27,895,895 multiprocessing INFO child process calling self.run()
SpawnPoolWorker-201| 2026-06-22 00:28:28,185,185 multiprocessing INFO STARTING NEW RUN ==========
SpawnPoolWorker-201| 2026-06-22 00:28:28,185,185 multiprocessing INFO SEE LOG AT : ./logs/all_Lyapunov_test_dso-fn_d_all_l_01_log.txt
SpawnPoolWorker-201| 2026-06-22 00:28:28,185,185 multiprocessing INFO See log at : ./logs/all_Lyapunov_test_dso-fn_d_all_l_01_log.txt
SpawnPoolWorker-201| 2026-06-22 00:28:28,187,187 multiprocessing INFO child process calling self.run()
SpawnPoolWorker-203| 2026-06-22 00:28:28,197,197 multiprocessing INFO STARTING NEW RUN ==========
SpawnPoolWorker-203| 2026-06-22 00:28:28,197,197 multiprocessing INFO SEE LOG AT : ./logs/all_Lyapunov_test_dso-fn_d_all_l_01_log.txt
SpawnPoolWorker-203| 2026-06-22 00:28:28,197,197 multiprocessing INFO See log at : ./logs/all_Lyapunov_test_dso-fn_d_all_l_01_log.txt
SpawnPoolWorker-203| 2026-06-22 00:28:28,201,201 multiprocessing INFO child process calling self.run()
SpawnPoolWorker-197| 2026-06-22 00:28:28,340,340 multiprocessing INFO STARTING NEW RUN ==========
SpawnPoolWorker-197| 2026-06-22 00:28:28,340,340 multiprocessing INFO SEE LOG AT : ./logs/all_Lyapunov_test_dso-fn_d_all_l_01_log.txt
SpawnPoolWorker-197| 2026-06-22 00:28:28,340,340 multiprocessing INFO See log at : ./logs/all_Lyapunov_test_dso-fn_d_all_l_01_log.txt
SpawnPoolWorker-197| 2026-06-22 00:28:28,343,343 multiprocessing INFO child process calling self.run()
SpawnPoolWorker-198| 2026-06-22 00:28:28,405,405 multiprocessing INFO STARTING NEW RUN ==========
SpawnPoolWorker-198| 2026-06-22 00:28:28,405,405 multiprocessing INFO SEE LOG AT : ./logs/all_Lyapunov_test_dso-fn_d_all_l_01_log.txt
SpawnPoolWorker-198| 2026-06-22 00:28:28,405,405 multiprocessing INFO See log at : ./logs/all_Lyapunov_test_dso-fn_d_all_l_01_log.txt
SpawnPoolWorker-198| 2026-06-22 00:28:28,407,407 multiprocessing INFO child process calling self.run()
SpawnPoolWorker-204| 2026-06-22 00:28:28,426,426 multiprocessing INFO STARTING NEW RUN ==========
SpawnPoolWorker-204| 2026-06-22 00:28:28,426,426 multiprocessing INFO SEE LOG AT : ./logs/all_Lyapunov_test_dso-fn_d_all_l_01_log.txt
SpawnPoolWorker-204| 2026-06-22 00:28:28,426,426 multiprocessing INFO See log at : ./logs/all_Lyapunov_test_dso-fn_d_all_l_01_log.txt
SpawnPoolWorker-204| 2026-06-22 00:28:28,436,436 multiprocessing INFO child process calling self.run()
SpawnPoolWorker-194| 2026-06-22 00:28:28,552,552 multiprocessing INFO STARTING NEW RUN ==========
SpawnPoolWorker-194| 2026-06-22 00:28:28,552,552 multiprocessing INFO SEE LOG AT : ./logs/all_Lyapunov_test_dso-fn_d_all_l_01_log.txt
SpawnPoolWorker-194| 2026-06-22 00:28:28,552,552 multiprocessing INFO See log at : ./logs/all_Lyapunov_test_dso-fn_d_all_l_01_log.txt
SpawnPoolWorker-194| 2026-06-22 00:28:28,556,556 multiprocessing INFO child process calling self.run()
SpawnPoolWorker-195| 2026-06-22 00:28:28,570,570 multiprocessing INFO STARTING NEW RUN ==========
SpawnPoolWorker-195| 2026-06-22 00:28:28,570,570 multiprocessing INFO SEE LOG AT : ./logs/all_Lyapunov_test_dso-fn_d_all_l_01_log.txt
SpawnPoolWorker-195| 2026-06-22 00:28:28,570,570 multiprocessing INFO See log at : ./logs/all_Lyapunov_test_dso-fn_d_all_l_01_log.txt
SpawnPoolWorker-195| 2026-06-22 00:28:28,577,577 multiprocessing INFO child process calling self.run()
SpawnPoolWorker-200| 2026-06-22 00:28:28,772,772 multiprocessing INFO STARTING NEW RUN ==========
SpawnPoolWorker-200| 2026-06-22 00:28:28,772,772 multiprocessing INFO SEE LOG AT : ./logs/all_Lyapunov_test_dso-fn_d_all_l_01_log.txt
SpawnPoolWorker-200| 2026-06-22 00:28:28,772,772 multiprocessing INFO See log at : ./logs/all_Lyapunov_test_dso-fn_d_all_l_01_log.txt
SpawnPoolWorker-200| 2026-06-22 00:28:28,780,780 multiprocessing INFO child process calling self.run()
SpawnPoolWorker-184| 2026-06-22 00:34:55,592,592 multiprocessing INFO process shutting down
SpawnPoolWorker-188| 2026-06-22 00:34:55,592,592 multiprocessing INFO process shutting down
SpawnPoolWorker-182| 2026-06-22 00:34:55,592,592 multiprocessing INFO process shutting down
SpawnPoolWorker-185| 2026-06-22 00:34:55,592,592 multiprocessing INFO process shutting down
SpawnPoolWorker-183| 2026-06-22 00:34:55,592,592 multiprocessing INFO process shutting down
SpawnPoolWorker-201| 2026-06-22 00:34:55,592,592 multiprocessing INFO process shutting down
SpawnPoolWorker-189| 2026-06-22 00:34:55,592,592 multiprocessing INFO process shutting down
SpawnPoolWorker-197| 2026-06-22 00:34:55,592,592 multiprocessing INFO process shutting down
SpawnPoolWorker-195| 2026-06-22 00:34:55,593,593 multiprocessing INFO process shutting down
SpawnPoolWorker-191| 2026-06-22 00:34:55,592,592 multiprocessing INFO process shutting down
SpawnPoolWorker-198| 2026-06-22 00:34:55,592,592 multiprocessing INFO process shutting down
SpawnPoolWorker-204| 2026-06-22 00:34:55,593,593 multiprocessing INFO process shutting down
SpawnPoolWorker-194| 2026-06-22 00:34:55,593,593 multiprocessing INFO process shutting down
SpawnPoolWorker-187| 2026-06-22 00:34:55,593,593 multiprocessing INFO process shutting down
SpawnPoolWorker-186| 2026-06-22 00:34:55,593,593 multiprocessing INFO process shutting down
SpawnPoolWorker-188| 2026-06-22 00:34:55,593,593 multiprocessing INFO process exiting with exitcode 0
SpawnPoolWorker-182| 2026-06-22 00:34:55,593,593 multiprocessing INFO process exiting with exitcode 0
SpawnPoolWorker-185| 2026-06-22 00:34:55,593,593 multiprocessing INFO process exiting with exitcode 0
SpawnPoolWorker-184| 2026-06-22 00:34:55,593,593 multiprocessing INFO process exiting with exitcode 0
SpawnPoolWorker-196| 2026-06-22 00:34:55,593,593 multiprocessing INFO process shutting down
SpawnPoolWorker-186| 2026-06-22 00:34:55,593,593 multiprocessing INFO process exiting with exitcode 0
SpawnPoolWorker-204| 2026-06-22 00:34:55,593,593 multiprocessing INFO process exiting with exitcode 0
SpawnPoolWorker-196| 2026-06-22 00:34:55,593,593 multiprocessing INFO process exiting with exitcode 0
SpawnPoolWorker-195| 2026-06-22 00:34:55,593,593 multiprocessing INFO process exiting with exitcode 0
SpawnPoolWorker-193| 2026-06-22 00:34:55,593,593 multiprocessing INFO process shutting down
SpawnPoolWorker-190| 2026-06-22 00:34:55,594,594 multiprocessing INFO process shutting down
SpawnPoolWorker-203| 2026-06-22 00:34:55,594,594 multiprocessing INFO process shutting down
28
(100000, 9)
(100000,)
(100000, 9)
(100000,)

=======================Successfully Added (50000, 9) Counter Examples=======================


============None of the candidates fulfill the conditions. Training CONTINUES!=================

MainProcess| 2026-06-22 00:34:58,406,406 multiprocessing INFO 
============None of the candidates fulfill the conditions. Training CONTINUES!=================


============None of the candidates fulfill the conditions. Training CONTINUES!=================

(55, 171)
/users/9/chen8596/miniconda3/envs/alfd/lib/python3.9/site-packages/torch/nn/functional.py:4999: UserWarning: Support for mismatched key_padding_mask and attn_mask is deprecated. Use same type for both instead.
  warnings.warn(

==============Start Supervised Learning==============

MainProcess| 2026-06-22 00:35:03,382,382 multiprocessing INFO GP output mean: 0.9311535384589927
GP output mean: 0.9311535384589927
MainProcess| 2026-06-22 00:35:04,029,29 multiprocessing INFO GP output success rate: 0.0
GP output success rate: 0.0

==============End Supervised Learning==============

MainProcess| 2026-06-22 00:35:06,098,98 multiprocessing INFO [Test epoch=0006]  nevals=82688 	| train_loss=6485.57080 	| eqs_invalid %=0.00 	| r_best=0.96552 	| quantile=0.21908 	| r_quantile_mean=0.84153 	| r_raw_sum=46.28411 	|  r_raw_mean=0.84153 	| r2=nan 	| acc_iid=0.00000 	| acc_ood=0.00000 	| nmse_test=0.03880963172868644 	| true_equation_set_count=0 	| s/it=687.84576
[Test epoch=0006]  nevals=82688 	| train_loss=6485.57080 	| eqs_invalid %=0.00 	| r_best=0.96552 	| quantile=0.21908 	| r_quantile_mean=0.84153 	| r_raw_sum=46.28411 	|  r_raw_mean=0.84153 	| r2=nan 	| acc_iid=0.00000 	| acc_ood=0.00000 	| nmse_test=0.03880963172868644 	| true_equation_set_count=0 	| s/it=687.84576
MainProcess| 2026-06-22 00:40:21,254,254 multiprocessing INFO Genetic Porgramming Runtime 314.02338019385934
Genetic Porgramming Runtime 314.02338019385934

=========================PGD Collection Starts=========================

SpawnPoolWorker-208| 2026-06-22 00:40:26,551,551 multiprocessing INFO STARTING NEW RUN ==========
SpawnPoolWorker-208| 2026-06-22 00:40:26,551,551 multiprocessing INFO SEE LOG AT : ./logs/all_Lyapunov_test_dso-fn_d_all_l_01_log.txt
SpawnPoolWorker-208| 2026-06-22 00:40:26,551,551 multiprocessing INFO See log at : ./logs/all_Lyapunov_test_dso-fn_d_all_l_01_log.txt
SpawnPoolWorker-209| 2026-06-22 00:40:26,551,551 multiprocessing INFO STARTING NEW RUN ==========
SpawnPoolWorker-209| 2026-06-22 00:40:26,551,551 multiprocessing INFO SEE LOG AT : ./logs/all_Lyapunov_test_dso-fn_d_all_l_01_log.txt
SpawnPoolWorker-209| 2026-06-22 00:40:26,551,551 multiprocessing INFO See log at : ./logs/all_Lyapunov_test_dso-fn_d_all_l_01_log.txt
SpawnPoolWorker-212| 2026-06-22 00:40:26,553,553 multiprocessing INFO STARTING NEW RUN ==========
SpawnPoolWorker-210| 2026-06-22 00:40:26,553,553 multiprocessing INFO STARTING NEW RUN ==========
SpawnPoolWorker-214| 2026-06-22 00:40:26,553,553 multiprocessing INFO STARTING NEW RUN ==========
SpawnPoolWorker-212| 2026-06-22 00:40:26,553,553 multiprocessing INFO SEE LOG AT : ./logs/all_Lyapunov_test_dso-fn_d_all_l_01_log.txt
SpawnPoolWorker-210| 2026-06-22 00:40:26,553,553 multiprocessing INFO SEE LOG AT : ./logs/all_Lyapunov_test_dso-fn_d_all_l_01_log.txt
SpawnPoolWorker-214| 2026-06-22 00:40:26,553,553 multiprocessing INFO SEE LOG AT : ./logs/all_Lyapunov_test_dso-fn_d_all_l_01_log.txt
SpawnPoolWorker-209| 2026-06-22 00:40:26,553,553 multiprocessing INFO child process calling self.run()
SpawnPoolWorker-212| 2026-06-22 00:40:26,553,553 multiprocessing INFO See log at : ./logs/all_Lyapunov_test_dso-fn_d_all_l_01_log.txt
SpawnPoolWorker-214| 2026-06-22 00:40:26,553,553 multiprocessing INFO See log at : ./logs/all_Lyapunov_test_dso-fn_d_all_l_01_log.txt
SpawnPoolWorker-210| 2026-06-22 00:40:26,553,553 multiprocessing INFO See log at : ./logs/all_Lyapunov_test_dso-fn_d_all_l_01_log.txt
SpawnPoolWorker-205| 2026-06-22 00:40:26,554,554 multiprocessing INFO STARTING NEW RUN ==========
SpawnPoolWorker-205| 2026-06-22 00:40:26,554,554 multiprocessing INFO SEE LOG AT : ./logs/all_Lyapunov_test_dso-fn_d_all_l_01_log.txt
SpawnPoolWorker-205| 2026-06-22 00:40:26,554,554 multiprocessing INFO See log at : ./logs/all_Lyapunov_test_dso-fn_d_all_l_01_log.txt
SpawnPoolWorker-208| 2026-06-22 00:40:26,554,554 multiprocessing INFO child process calling self.run()
SpawnPoolWorker-214| 2026-06-22 00:40:26,555,555 multiprocessing INFO child process calling self.run()
SpawnPoolWorker-212| 2026-06-22 00:40:26,555,555 multiprocessing INFO child process calling self.run()
SpawnPoolWorker-205| 2026-06-22 00:40:26,555,555 multiprocessing INFO child process calling self.run()
SpawnPoolWorker-210| 2026-06-22 00:40:26,555,555 multiprocessing INFO child process calling self.run()
SpawnPoolWorker-207| 2026-06-22 00:40:26,558,558 multiprocessing INFO STARTING NEW RUN ==========
SpawnPoolWorker-211| 2026-06-22 00:40:26,558,558 multiprocessing INFO STARTING NEW RUN ==========
SpawnPoolWorker-207| 2026-06-22 00:40:26,558,558 multiprocessing INFO SEE LOG AT : ./logs/all_Lyapunov_test_dso-fn_d_all_l_01_log.txt
SpawnPoolWorker-211| 2026-06-22 00:40:26,558,558 multiprocessing INFO SEE LOG AT : ./logs/all_Lyapunov_test_dso-fn_d_all_l_01_log.txt
SpawnPoolWorker-207| 2026-06-22 00:40:26,558,558 multiprocessing INFO See log at : ./logs/all_Lyapunov_test_dso-fn_d_all_l_01_log.txt
SpawnPoolWorker-211| 2026-06-22 00:40:26,558,558 multiprocessing INFO See log at : ./logs/all_Lyapunov_test_dso-fn_d_all_l_01_log.txt
SpawnPoolWorker-207| 2026-06-22 00:40:26,559,559 multiprocessing INFO child process calling self.run()
SpawnPoolWorker-211| 2026-06-22 00:40:26,559,559 multiprocessing INFO child process calling self.run()
SpawnPoolWorker-206| 2026-06-22 00:40:26,561,561 multiprocessing INFO STARTING NEW RUN ==========
SpawnPoolWorker-213| 2026-06-22 00:40:26,561,561 multiprocessing INFO STARTING NEW RUN ==========
SpawnPoolWorker-206| 2026-06-22 00:40:26,562,562 multiprocessing INFO SEE LOG AT : ./logs/all_Lyapunov_test_dso-fn_d_all_l_01_log.txt
SpawnPoolWorker-213| 2026-06-22 00:40:26,562,562 multiprocessing INFO SEE LOG AT : ./logs/all_Lyapunov_test_dso-fn_d_all_l_01_log.txt
SpawnPoolWorker-206| 2026-06-22 00:40:26,562,562 multiprocessing INFO See log at : ./logs/all_Lyapunov_test_dso-fn_d_all_l_01_log.txt
SpawnPoolWorker-213| 2026-06-22 00:40:26,562,562 multiprocessing INFO See log at : ./logs/all_Lyapunov_test_dso-fn_d_all_l_01_log.txt
SpawnPoolWorker-206| 2026-06-22 00:40:26,563,563 multiprocessing INFO child process calling self.run()
SpawnPoolWorker-213| 2026-06-22 00:40:26,563,563 multiprocessing INFO child process calling self.run()
SpawnPoolWorker-212| 2026-06-22 00:40:46,401,401 multiprocessing INFO process shutting down
SpawnPoolWorker-212| 2026-06-22 00:40:46,401,401 multiprocessing INFO process exiting with exitcode 0
SpawnPoolWorker-207| 2026-06-22 00:40:46,401,401 multiprocessing INFO process shutting down
SpawnPoolWorker-208| 2026-06-22 00:40:46,401,401 multiprocessing INFO process shutting down
SpawnPoolWorker-209| 2026-06-22 00:40:46,401,401 multiprocessing INFO process shutting down
SpawnPoolWorker-214| 2026-06-22 00:40:46,401,401 multiprocessing INFO process shutting down
SpawnPoolWorker-210| 2026-06-22 00:40:46,401,401 multiprocessing INFO process shutting down
SpawnPoolWorker-205| 2026-06-22 00:40:46,401,401 multiprocessing INFO process shutting down
SpawnPoolWorker-213| 2026-06-22 00:40:46,401,401 multiprocessing INFO process shutting down
SpawnPoolWorker-206| 2026-06-22 00:40:46,401,401 multiprocessing INFO process shutting down
(20000,)

===================Collect 20000 Examples===================

Epsilon 0.1
500
(550,)
(550,)
(55,)
Number of Programs for Minimization: 28
SpawnPoolWorker-219| 2026-06-22 00:41:04,061,61 multiprocessing INFO STARTING NEW RUN ==========
SpawnPoolWorker-219| 2026-06-22 00:41:04,062,62 multiprocessing INFO SEE LOG AT : ./logs/all_Lyapunov_test_dso-fn_d_all_l_01_log.txt
SpawnPoolWorker-219| 2026-06-22 00:41:04,062,62 multiprocessing INFO See log at : ./logs/all_Lyapunov_test_dso-fn_d_all_l_01_log.txt
SpawnPoolWorker-219| 2026-06-22 00:41:04,064,64 multiprocessing INFO child process calling self.run()
SpawnPoolWorker-222| 2026-06-22 00:41:04,215,215 multiprocessing INFO STARTING NEW RUN ==========
SpawnPoolWorker-222| 2026-06-22 00:41:04,215,215 multiprocessing INFO SEE LOG AT : ./logs/all_Lyapunov_test_dso-fn_d_all_l_01_log.txt
SpawnPoolWorker-222| 2026-06-22 00:41:04,215,215 multiprocessing INFO See log at : ./logs/all_Lyapunov_test_dso-fn_d_all_l_01_log.txt
SpawnPoolWorker-222| 2026-06-22 00:41:04,218,218 multiprocessing INFO child process calling self.run()
SpawnPoolWorker-228| 2026-06-22 00:41:04,392,392 multiprocessing INFO STARTING NEW RUN ==========
SpawnPoolWorker-228| 2026-06-22 00:41:04,392,392 multiprocessing INFO SEE LOG AT : ./logs/all_Lyapunov_test_dso-fn_d_all_l_01_log.txt
SpawnPoolWorker-228| 2026-06-22 00:41:04,392,392 multiprocessing INFO See log at : ./logs/all_Lyapunov_test_dso-fn_d_all_l_01_log.txt
SpawnPoolWorker-228| 2026-06-22 00:41:04,394,394 multiprocessing INFO child process calling self.run()
SpawnPoolWorker-216| 2026-06-22 00:41:04,745,745 multiprocessing INFO STARTING NEW RUN ==========
SpawnPoolWorker-216| 2026-06-22 00:41:04,745,745 multiprocessing INFO SEE LOG AT : ./logs/all_Lyapunov_test_dso-fn_d_all_l_01_log.txt
SpawnPoolWorker-216| 2026-06-22 00:41:04,745,745 multiprocessing INFO See log at : ./logs/all_Lyapunov_test_dso-fn_d_all_l_01_log.txt
SpawnPoolWorker-216| 2026-06-22 00:41:04,747,747 multiprocessing INFO child process calling self.run()
SpawnPoolWorker-220| 2026-06-22 00:41:04,793,793 multiprocessing INFO STARTING NEW RUN ==========
SpawnPoolWorker-220| 2026-06-22 00:41:04,793,793 multiprocessing INFO SEE LOG AT : ./logs/all_Lyapunov_test_dso-fn_d_all_l_01_log.txt
SpawnPoolWorker-220| 2026-06-22 00:41:04,793,793 multiprocessing INFO See log at : ./logs/all_Lyapunov_test_dso-fn_d_all_l_01_log.txt
SpawnPoolWorker-220| 2026-06-22 00:41:04,797,797 multiprocessing INFO child process calling self.run()
SpawnPoolWorker-221| 2026-06-22 00:41:04,869,869 multiprocessing INFO STARTING NEW RUN ==========
SpawnPoolWorker-221| 2026-06-22 00:41:04,869,869 multiprocessing INFO SEE LOG AT : ./logs/all_Lyapunov_test_dso-fn_d_all_l_01_log.txt
SpawnPoolWorker-221| 2026-06-22 00:41:04,869,869 multiprocessing INFO See log at : ./logs/all_Lyapunov_test_dso-fn_d_all_l_01_log.txt
SpawnPoolWorker-221| 2026-06-22 00:41:04,874,874 multiprocessing INFO child process calling self.run()
SpawnPoolWorker-233| 2026-06-22 00:41:05,035,35 multiprocessing INFO STARTING NEW RUN ==========
SpawnPoolWorker-233| 2026-06-22 00:41:05,035,35 multiprocessing INFO SEE LOG AT : ./logs/all_Lyapunov_test_dso-fn_d_all_l_01_log.txt
SpawnPoolWorker-233| 2026-06-22 00:41:05,035,35 multiprocessing INFO See log at : ./logs/all_Lyapunov_test_dso-fn_d_all_l_01_log.txt
SpawnPoolWorker-233| 2026-06-22 00:41:05,039,39 multiprocessing INFO child process calling self.run()
SpawnPoolWorker-218| 2026-06-22 00:41:05,204,204 multiprocessing INFO STARTING NEW RUN ==========
SpawnPoolWorker-218| 2026-06-22 00:41:05,204,204 multiprocessing INFO SEE LOG AT : ./logs/all_Lyapunov_test_dso-fn_d_all_l_01_log.txt
SpawnPoolWorker-218| 2026-06-22 00:41:05,204,204 multiprocessing INFO See log at : ./logs/all_Lyapunov_test_dso-fn_d_all_l_01_log.txt
SpawnPoolWorker-218| 2026-06-22 00:41:05,205,205 multiprocessing INFO child process calling self.run()
SpawnPoolWorker-229| 2026-06-22 00:41:05,393,393 multiprocessing INFO STARTING NEW RUN ==========
SpawnPoolWorker-229| 2026-06-22 00:41:05,393,393 multiprocessing INFO SEE LOG AT : ./logs/all_Lyapunov_test_dso-fn_d_all_l_01_log.txt
SpawnPoolWorker-229| 2026-06-22 00:41:05,393,393 multiprocessing INFO See log at : ./logs/all_Lyapunov_test_dso-fn_d_all_l_01_log.txt
SpawnPoolWorker-229| 2026-06-22 00:41:05,395,395 multiprocessing INFO child process calling self.run()
SpawnPoolWorker-225| 2026-06-22 00:41:05,424,424 multiprocessing INFO STARTING NEW RUN ==========
SpawnPoolWorker-225| 2026-06-22 00:41:05,424,424 multiprocessing INFO SEE LOG AT : ./logs/all_Lyapunov_test_dso-fn_d_all_l_01_log.txt
SpawnPoolWorker-225| 2026-06-22 00:41:05,424,424 multiprocessing INFO See log at : ./logs/all_Lyapunov_test_dso-fn_d_all_l_01_log.txt
SpawnPoolWorker-225| 2026-06-22 00:41:05,429,429 multiprocessing INFO child process calling self.run()
SpawnPoolWorker-223| 2026-06-22 00:41:05,504,504 multiprocessing INFO STARTING NEW RUN ==========
SpawnPoolWorker-223| 2026-06-22 00:41:05,504,504 multiprocessing INFO SEE LOG AT : ./logs/all_Lyapunov_test_dso-fn_d_all_l_01_log.txt
SpawnPoolWorker-223| 2026-06-22 00:41:05,504,504 multiprocessing INFO See log at : ./logs/all_Lyapunov_test_dso-fn_d_all_l_01_log.txt
SpawnPoolWorker-223| 2026-06-22 00:41:05,506,506 multiprocessing INFO child process calling self.run()
SpawnPoolWorker-217| 2026-06-22 00:41:05,747,747 multiprocessing INFO STARTING NEW RUN ==========
SpawnPoolWorker-217| 2026-06-22 00:41:05,748,748 multiprocessing INFO SEE LOG AT : ./logs/all_Lyapunov_test_dso-fn_d_all_l_01_log.txt
SpawnPoolWorker-217| 2026-06-22 00:41:05,748,748 multiprocessing INFO See log at : ./logs/all_Lyapunov_test_dso-fn_d_all_l_01_log.txt
SpawnPoolWorker-217| 2026-06-22 00:41:05,750,750 multiprocessing INFO child process calling self.run()
SpawnPoolWorker-215| 2026-06-22 00:41:05,798,798 multiprocessing INFO STARTING NEW RUN ==========
SpawnPoolWorker-215| 2026-06-22 00:41:05,798,798 multiprocessing INFO SEE LOG AT : ./logs/all_Lyapunov_test_dso-fn_d_all_l_01_log.txt
SpawnPoolWorker-215| 2026-06-22 00:41:05,798,798 multiprocessing INFO See log at : ./logs/all_Lyapunov_test_dso-fn_d_all_l_01_log.txt
SpawnPoolWorker-215| 2026-06-22 00:41:05,800,800 multiprocessing INFO child process calling self.run()
SpawnPoolWorker-236| 2026-06-22 00:41:05,874,874 multiprocessing INFO STARTING NEW RUN ==========
SpawnPoolWorker-236| 2026-06-22 00:41:05,874,874 multiprocessing INFO SEE LOG AT : ./logs/all_Lyapunov_test_dso-fn_d_all_l_01_log.txt
SpawnPoolWorker-236| 2026-06-22 00:41:05,875,875 multiprocessing INFO See log at : ./logs/all_Lyapunov_test_dso-fn_d_all_l_01_log.txt
SpawnPoolWorker-236| 2026-06-22 00:41:05,876,876 multiprocessing INFO child process calling self.run()
SpawnPoolWorker-226| 2026-06-22 00:41:05,959,959 multiprocessing INFO STARTING NEW RUN ==========
SpawnPoolWorker-226| 2026-06-22 00:41:05,959,959 multiprocessing INFO SEE LOG AT : ./logs/all_Lyapunov_test_dso-fn_d_all_l_01_log.txt
SpawnPoolWorker-226| 2026-06-22 00:41:05,959,959 multiprocessing INFO See log at : ./logs/all_Lyapunov_test_dso-fn_d_all_l_01_log.txt
SpawnPoolWorker-226| 2026-06-22 00:41:05,961,961 multiprocessing INFO child process calling self.run()
SpawnPoolWorker-232| 2026-06-22 00:41:06,074,74 multiprocessing INFO STARTING NEW RUN ==========
SpawnPoolWorker-232| 2026-06-22 00:41:06,074,74 multiprocessing INFO SEE LOG AT : ./logs/all_Lyapunov_test_dso-fn_d_all_l_01_log.txt
SpawnPoolWorker-232| 2026-06-22 00:41:06,074,74 multiprocessing INFO See log at : ./logs/all_Lyapunov_test_dso-fn_d_all_l_01_log.txt
SpawnPoolWorker-232| 2026-06-22 00:41:06,078,78 multiprocessing INFO child process calling self.run()
SpawnPoolWorker-227| 2026-06-22 00:41:06,110,110 multiprocessing INFO STARTING NEW RUN ==========
SpawnPoolWorker-227| 2026-06-22 00:41:06,110,110 multiprocessing INFO SEE LOG AT : ./logs/all_Lyapunov_test_dso-fn_d_all_l_01_log.txt
SpawnPoolWorker-227| 2026-06-22 00:41:06,110,110 multiprocessing INFO See log at : ./logs/all_Lyapunov_test_dso-fn_d_all_l_01_log.txt
SpawnPoolWorker-227| 2026-06-22 00:41:06,111,111 multiprocessing INFO child process calling self.run()
SpawnPoolWorker-238| 2026-06-22 00:41:06,114,114 multiprocessing INFO STARTING NEW RUN ==========
SpawnPoolWorker-238| 2026-06-22 00:41:06,114,114 multiprocessing INFO SEE LOG AT : ./logs/all_Lyapunov_test_dso-fn_d_all_l_01_log.txt
SpawnPoolWorker-238| 2026-06-22 00:41:06,114,114 multiprocessing INFO See log at : ./logs/all_Lyapunov_test_dso-fn_d_all_l_01_log.txt
SpawnPoolWorker-238| 2026-06-22 00:41:06,116,116 multiprocessing INFO child process calling self.run()
SpawnPoolWorker-230| 2026-06-22 00:41:06,136,136 multiprocessing INFO STARTING NEW RUN ==========
SpawnPoolWorker-230| 2026-06-22 00:41:06,136,136 multiprocessing INFO SEE LOG AT : ./logs/all_Lyapunov_test_dso-fn_d_all_l_01_log.txt
SpawnPoolWorker-230| 2026-06-22 00:41:06,136,136 multiprocessing INFO See log at : ./logs/all_Lyapunov_test_dso-fn_d_all_l_01_log.txt
SpawnPoolWorker-230| 2026-06-22 00:41:06,139,139 multiprocessing INFO child process calling self.run()
SpawnPoolWorker-235| 2026-06-22 00:41:06,250,250 multiprocessing INFO STARTING NEW RUN ==========
SpawnPoolWorker-235| 2026-06-22 00:41:06,250,250 multiprocessing INFO SEE LOG AT : ./logs/all_Lyapunov_test_dso-fn_d_all_l_01_log.txt
SpawnPoolWorker-235| 2026-06-22 00:41:06,250,250 multiprocessing INFO See log at : ./logs/all_Lyapunov_test_dso-fn_d_all_l_01_log.txt
SpawnPoolWorker-235| 2026-06-22 00:41:06,252,252 multiprocessing INFO child process calling self.run()
SpawnPoolWorker-234| 2026-06-22 00:41:06,358,358 multiprocessing INFO STARTING NEW RUN ==========
SpawnPoolWorker-234| 2026-06-22 00:41:06,358,358 multiprocessing INFO SEE LOG AT : ./logs/all_Lyapunov_test_dso-fn_d_all_l_01_log.txt
SpawnPoolWorker-234| 2026-06-22 00:41:06,358,358 multiprocessing INFO See log at : ./logs/all_Lyapunov_test_dso-fn_d_all_l_01_log.txt
SpawnPoolWorker-234| 2026-06-22 00:41:06,366,366 multiprocessing INFO child process calling self.run()
SpawnPoolWorker-231| 2026-06-22 00:41:06,399,399 multiprocessing INFO STARTING NEW RUN ==========
SpawnPoolWorker-231| 2026-06-22 00:41:06,399,399 multiprocessing INFO SEE LOG AT : ./logs/all_Lyapunov_test_dso-fn_d_all_l_01_log.txt
SpawnPoolWorker-231| 2026-06-22 00:41:06,399,399 multiprocessing INFO See log at : ./logs/all_Lyapunov_test_dso-fn_d_all_l_01_log.txt
SpawnPoolWorker-231| 2026-06-22 00:41:06,401,401 multiprocessing INFO child process calling self.run()
SpawnPoolWorker-224| 2026-06-22 00:41:06,596,596 multiprocessing INFO STARTING NEW RUN ==========
SpawnPoolWorker-224| 2026-06-22 00:41:06,596,596 multiprocessing INFO SEE LOG AT : ./logs/all_Lyapunov_test_dso-fn_d_all_l_01_log.txt
SpawnPoolWorker-224| 2026-06-22 00:41:06,596,596 multiprocessing INFO See log at : ./logs/all_Lyapunov_test_dso-fn_d_all_l_01_log.txt
SpawnPoolWorker-224| 2026-06-22 00:41:06,597,597 multiprocessing INFO child process calling self.run()
SpawnPoolWorker-237| 2026-06-22 00:41:06,804,804 multiprocessing INFO STARTING NEW RUN ==========
SpawnPoolWorker-237| 2026-06-22 00:41:06,805,805 multiprocessing INFO SEE LOG AT : ./logs/all_Lyapunov_test_dso-fn_d_all_l_01_log.txt
SpawnPoolWorker-237| 2026-06-22 00:41:06,805,805 multiprocessing INFO See log at : ./logs/all_Lyapunov_test_dso-fn_d_all_l_01_log.txt
SpawnPoolWorker-237| 2026-06-22 00:41:06,811,811 multiprocessing INFO child process calling self.run()
SpawnPoolWorker-237| 2026-06-22 00:47:31,955,955 multiprocessing INFO process shutting down
SpawnPoolWorker-233| 2026-06-22 00:47:31,956,956 multiprocessing INFO process shutting down
SpawnPoolWorker-216| 2026-06-22 00:47:31,956,956 multiprocessing INFO process shutting down
SpawnPoolWorker-231| 2026-06-22 00:47:31,955,955 multiprocessing INFO process shutting down
SpawnPoolWorker-234| 2026-06-22 00:47:31,956,956 multiprocessing INFO process shutting down
SpawnPoolWorker-230| 2026-06-22 00:47:31,956,956 multiprocessing INFO process shutting down
SpawnPoolWorker-222| 2026-06-22 00:47:31,956,956 multiprocessing INFO process shutting down
SpawnPoolWorker-220| 2026-06-22 00:47:31,955,955 multiprocessing INFO process shutting down
SpawnPoolWorker-229| 2026-06-22 00:47:31,955,955 multiprocessing INFO process shutting down
SpawnPoolWorker-217| 2026-06-22 00:47:31,956,956 multiprocessing INFO process shutting down
SpawnPoolWorker-215| 2026-06-22 00:47:31,956,956 multiprocessing INFO process shutting down
SpawnPoolWorker-219| 2026-06-22 00:47:31,955,955 multiprocessing INFO process shutting down
SpawnPoolWorker-224| 2026-06-22 00:47:31,956,956 multiprocessing INFO process shutting down
SpawnPoolWorker-236| 2026-06-22 00:47:31,956,956 multiprocessing INFO process shutting down
SpawnPoolWorker-226| 2026-06-22 00:47:31,956,956 multiprocessing INFO process shutting down
SpawnPoolWorker-232| 2026-06-22 00:47:31,956,956 multiprocessing INFO process shutting down
SpawnPoolWorker-231| 2026-06-22 00:47:31,957,957 multiprocessing INFO process exiting with exitcode 0
SpawnPoolWorker-234| 2026-06-22 00:47:31,957,957 multiprocessing INFO process exiting with exitcode 0
SpawnPoolWorker-216| 2026-06-22 00:47:31,957,957 multiprocessing INFO process exiting with exitcode 0
SpawnPoolWorker-223| 2026-06-22 00:47:31,956,956 multiprocessing INFO process shutting down
SpawnPoolWorker-236| 2026-06-22 00:47:31,957,957 multiprocessing INFO process exiting with exitcode 0
SpawnPoolWorker-217| 2026-06-22 00:47:31,957,957 multiprocessing INFO process exiting with exitcode 0
SpawnPoolWorker-226| 2026-06-22 00:47:31,957,957 multiprocessing INFO process exiting with exitcode 0
SpawnPoolWorker-232| 2026-06-22 00:47:31,957,957 multiprocessing INFO process exiting with exitcode 0
SpawnPoolWorker-223| 2026-06-22 00:47:31,957,957 multiprocessing INFO process exiting with exitcode 0
SpawnPoolWorker-227| 2026-06-22 00:47:31,956,956 multiprocessing INFO process shutting down
SpawnPoolWorker-228| 2026-06-22 00:47:31,957,957 multiprocessing INFO process shutting down
SpawnPoolWorker-235| 2026-06-22 00:47:31,957,957 multiprocessing INFO process shutting down
SpawnPoolWorker-225| 2026-06-22 00:47:31,958,958 multiprocessing INFO process shutting down
SpawnPoolWorker-230| 2026-06-22 00:47:31,964,964 multiprocessing INFO process exiting with exitcode 0
28
(100000, 9)
(100000,)
(100000, 9)
(100000,)

=======================Successfully Added (50000, 9) Counter Examples=======================


============None of the candidates fulfill the conditions. Training CONTINUES!=================

MainProcess| 2026-06-22 00:47:36,130,130 multiprocessing INFO 
============None of the candidates fulfill the conditions. Training CONTINUES!=================


============None of the candidates fulfill the conditions. Training CONTINUES!=================

(55, 171)
/users/9/chen8596/miniconda3/envs/alfd/lib/python3.9/site-packages/torch/nn/functional.py:4999: UserWarning: Support for mismatched key_padding_mask and attn_mask is deprecated. Use same type for both instead.
  warnings.warn(

==============Start Supervised Learning==============

MainProcess| 2026-06-22 00:47:43,206,206 multiprocessing INFO GP output mean: 0.6973112237752545
GP output mean: 0.6973112237752545
MainProcess| 2026-06-22 00:47:44,102,102 multiprocessing INFO GP output success rate: 0.0
GP output success rate: 0.0

==============End Supervised Learning==============

MainProcess| 2026-06-22 00:47:46,233,233 multiprocessing INFO [Test epoch=0007]  nevals=96464 	| train_loss=3811.15967 	| eqs_invalid %=0.00 	| r_best=0.96552 	| quantile=0.00257 	| r_quantile_mean=0.84434 	| r_raw_sum=46.43846 	|  r_raw_mean=0.84434 	| r2=nan 	| acc_iid=0.00000 	| acc_ood=0.00000 	| nmse_test=0.03880963172868644 	| true_equation_set_count=0 	| s/it=760.13502
[Test epoch=0007]  nevals=96464 	| train_loss=3811.15967 	| eqs_invalid %=0.00 	| r_best=0.96552 	| quantile=0.00257 	| r_quantile_mean=0.84434 	| r_raw_sum=46.43846 	|  r_raw_mean=0.84434 	| r2=nan 	| acc_iid=0.00000 	| acc_ood=0.00000 	| nmse_test=0.03880963172868644 	| true_equation_set_count=0 	| s/it=760.13502
MainProcess| 2026-06-22 00:52:25,695,695 multiprocessing INFO Genetic Porgramming Runtime 278.32176638022065
Genetic Porgramming Runtime 278.32176638022065

=========================PGD Collection Starts=========================

SpawnPoolWorker-246| 2026-06-22 00:52:30,761,761 multiprocessing INFO STARTING NEW RUN ==========
SpawnPoolWorker-246| 2026-06-22 00:52:30,761,761 multiprocessing INFO SEE LOG AT : ./logs/all_Lyapunov_test_dso-fn_d_all_l_01_log.txt
SpawnPoolWorker-246| 2026-06-22 00:52:30,761,761 multiprocessing INFO See log at : ./logs/all_Lyapunov_test_dso-fn_d_all_l_01_log.txt
SpawnPoolWorker-247| 2026-06-22 00:52:30,761,761 multiprocessing INFO STARTING NEW RUN ==========
SpawnPoolWorker-247| 2026-06-22 00:52:30,761,761 multiprocessing INFO SEE LOG AT : ./logs/all_Lyapunov_test_dso-fn_d_all_l_01_log.txt
SpawnPoolWorker-247| 2026-06-22 00:52:30,763,763 multiprocessing INFO See log at : ./logs/all_Lyapunov_test_dso-fn_d_all_l_01_log.txt
SpawnPoolWorker-245| 2026-06-22 00:52:30,763,763 multiprocessing INFO STARTING NEW RUN ==========
SpawnPoolWorker-244| 2026-06-22 00:52:30,763,763 multiprocessing INFO STARTING NEW RUN ==========
SpawnPoolWorker-245| 2026-06-22 00:52:30,763,763 multiprocessing INFO SEE LOG AT : ./logs/all_Lyapunov_test_dso-fn_d_all_l_01_log.txt
SpawnPoolWorker-244| 2026-06-22 00:52:30,763,763 multiprocessing INFO SEE LOG AT : ./logs/all_Lyapunov_test_dso-fn_d_all_l_01_log.txt
SpawnPoolWorker-245| 2026-06-22 00:52:30,763,763 multiprocessing INFO See log at : ./logs/all_Lyapunov_test_dso-fn_d_all_l_01_log.txt
SpawnPoolWorker-244| 2026-06-22 00:52:30,763,763 multiprocessing INFO See log at : ./logs/all_Lyapunov_test_dso-fn_d_all_l_01_log.txt
SpawnPoolWorker-246| 2026-06-22 00:52:30,763,763 multiprocessing INFO child process calling self.run()
SpawnPoolWorker-240| 2026-06-22 00:52:30,763,763 multiprocessing INFO STARTING NEW RUN ==========
SpawnPoolWorker-240| 2026-06-22 00:52:30,763,763 multiprocessing INFO SEE LOG AT : ./logs/all_Lyapunov_test_dso-fn_d_all_l_01_log.txt
SpawnPoolWorker-240| 2026-06-22 00:52:30,763,763 multiprocessing INFO See log at : ./logs/all_Lyapunov_test_dso-fn_d_all_l_01_log.txt
SpawnPoolWorker-239| 2026-06-22 00:52:30,763,763 multiprocessing INFO STARTING NEW RUN ==========
SpawnPoolWorker-239| 2026-06-22 00:52:30,764,764 multiprocessing INFO SEE LOG AT : ./logs/all_Lyapunov_test_dso-fn_d_all_l_01_log.txt
SpawnPoolWorker-239| 2026-06-22 00:52:30,764,764 multiprocessing INFO See log at : ./logs/all_Lyapunov_test_dso-fn_d_all_l_01_log.txt
SpawnPoolWorker-247| 2026-06-22 00:52:30,764,764 multiprocessing INFO child process calling self.run()
SpawnPoolWorker-245| 2026-06-22 00:52:30,765,765 multiprocessing INFO child process calling self.run()
SpawnPoolWorker-240| 2026-06-22 00:52:30,765,765 multiprocessing INFO child process calling self.run()
SpawnPoolWorker-239| 2026-06-22 00:52:30,765,765 multiprocessing INFO child process calling self.run()
SpawnPoolWorker-244| 2026-06-22 00:52:30,765,765 multiprocessing INFO child process calling self.run()
SpawnPoolWorker-242| 2026-06-22 00:52:30,766,766 multiprocessing INFO STARTING NEW RUN ==========
SpawnPoolWorker-243| 2026-06-22 00:52:30,766,766 multiprocessing INFO STARTING NEW RUN ==========
SpawnPoolWorker-242| 2026-06-22 00:52:30,766,766 multiprocessing INFO SEE LOG AT : ./logs/all_Lyapunov_test_dso-fn_d_all_l_01_log.txt
SpawnPoolWorker-243| 2026-06-22 00:52:30,766,766 multiprocessing INFO SEE LOG AT : ./logs/all_Lyapunov_test_dso-fn_d_all_l_01_log.txt
SpawnPoolWorker-242| 2026-06-22 00:52:30,766,766 multiprocessing INFO See log at : ./logs/all_Lyapunov_test_dso-fn_d_all_l_01_log.txt
SpawnPoolWorker-243| 2026-06-22 00:52:30,766,766 multiprocessing INFO See log at : ./logs/all_Lyapunov_test_dso-fn_d_all_l_01_log.txt
SpawnPoolWorker-242| 2026-06-22 00:52:30,767,767 multiprocessing INFO child process calling self.run()
SpawnPoolWorker-243| 2026-06-22 00:52:30,767,767 multiprocessing INFO child process calling self.run()
SpawnPoolWorker-248| 2026-06-22 00:52:30,772,772 multiprocessing INFO STARTING NEW RUN ==========
SpawnPoolWorker-248| 2026-06-22 00:52:30,772,772 multiprocessing INFO SEE LOG AT : ./logs/all_Lyapunov_test_dso-fn_d_all_l_01_log.txt
SpawnPoolWorker-248| 2026-06-22 00:52:30,772,772 multiprocessing INFO See log at : ./logs/all_Lyapunov_test_dso-fn_d_all_l_01_log.txt
SpawnPoolWorker-241| 2026-06-22 00:52:30,774,774 multiprocessing INFO STARTING NEW RUN ==========
SpawnPoolWorker-241| 2026-06-22 00:52:30,774,774 multiprocessing INFO SEE LOG AT : ./logs/all_Lyapunov_test_dso-fn_d_all_l_01_log.txt
SpawnPoolWorker-241| 2026-06-22 00:52:30,774,774 multiprocessing INFO See log at : ./logs/all_Lyapunov_test_dso-fn_d_all_l_01_log.txt
SpawnPoolWorker-248| 2026-06-22 00:52:30,774,774 multiprocessing INFO child process calling self.run()
SpawnPoolWorker-241| 2026-06-22 00:52:30,775,775 multiprocessing INFO child process calling self.run()
SpawnPoolWorker-241| 2026-06-22 00:52:51,194,194 multiprocessing INFO process shutting down
SpawnPoolWorker-245| 2026-06-22 00:52:51,194,194 multiprocessing INFO process shutting down
SpawnPoolWorker-248| 2026-06-22 00:52:51,194,194 multiprocessing INFO process shutting down
SpawnPoolWorker-247| 2026-06-22 00:52:51,194,194 multiprocessing INFO process shutting down
SpawnPoolWorker-244| 2026-06-22 00:52:51,194,194 multiprocessing INFO process shutting down
SpawnPoolWorker-240| 2026-06-22 00:52:51,194,194 multiprocessing INFO process shutting down
SpawnPoolWorker-242| 2026-06-22 00:52:51,194,194 multiprocessing INFO process shutting down
SpawnPoolWorker-245| 2026-06-22 00:52:51,195,195 multiprocessing INFO process exiting with exitcode 0
SpawnPoolWorker-248| 2026-06-22 00:52:51,195,195 multiprocessing INFO process exiting with exitcode 0
SpawnPoolWorker-241| 2026-06-22 00:52:51,195,195 multiprocessing INFO process exiting with exitcode 0
SpawnPoolWorker-247| 2026-06-22 00:52:51,195,195 multiprocessing INFO process exiting with exitcode 0
SpawnPoolWorker-243| 2026-06-22 00:52:51,194,194 multiprocessing INFO process shutting down
SpawnPoolWorker-244| 2026-06-22 00:52:51,195,195 multiprocessing INFO process exiting with exitcode 0
SpawnPoolWorker-242| 2026-06-22 00:52:51,195,195 multiprocessing INFO process exiting with exitcode 0
SpawnPoolWorker-240| 2026-06-22 00:52:51,195,195 multiprocessing INFO process exiting with exitcode 0
SpawnPoolWorker-243| 2026-06-22 00:52:51,195,195 multiprocessing INFO process exiting with exitcode 0
(20000,)

===================Collect 20000 Examples===================

Epsilon 0.1
500
(550,)
(550,)
(55,)
Number of Programs for Minimization: 28
SpawnPoolWorker-254| 2026-06-22 00:53:09,563,563 multiprocessing INFO STARTING NEW RUN ==========
SpawnPoolWorker-254| 2026-06-22 00:53:09,563,563 multiprocessing INFO SEE LOG AT : ./logs/all_Lyapunov_test_dso-fn_d_all_l_01_log.txt
SpawnPoolWorker-254| 2026-06-22 00:53:09,563,563 multiprocessing INFO See log at : ./logs/all_Lyapunov_test_dso-fn_d_all_l_01_log.txt
SpawnPoolWorker-254| 2026-06-22 00:53:09,565,565 multiprocessing INFO child process calling self.run()
SpawnPoolWorker-256| 2026-06-22 00:53:09,691,691 multiprocessing INFO STARTING NEW RUN ==========
SpawnPoolWorker-256| 2026-06-22 00:53:09,692,692 multiprocessing INFO SEE LOG AT : ./logs/all_Lyapunov_test_dso-fn_d_all_l_01_log.txt
SpawnPoolWorker-256| 2026-06-22 00:53:09,692,692 multiprocessing INFO See log at : ./logs/all_Lyapunov_test_dso-fn_d_all_l_01_log.txt
SpawnPoolWorker-256| 2026-06-22 00:53:09,695,695 multiprocessing INFO child process calling self.run()
SpawnPoolWorker-260| 2026-06-22 00:53:09,709,709 multiprocessing INFO STARTING NEW RUN ==========
SpawnPoolWorker-260| 2026-06-22 00:53:09,709,709 multiprocessing INFO SEE LOG AT : ./logs/all_Lyapunov_test_dso-fn_d_all_l_01_log.txt
SpawnPoolWorker-260| 2026-06-22 00:53:09,709,709 multiprocessing INFO See log at : ./logs/all_Lyapunov_test_dso-fn_d_all_l_01_log.txt
SpawnPoolWorker-260| 2026-06-22 00:53:09,711,711 multiprocessing INFO child process calling self.run()
SpawnPoolWorker-253| 2026-06-22 00:53:09,721,721 multiprocessing INFO STARTING NEW RUN ==========
SpawnPoolWorker-253| 2026-06-22 00:53:09,721,721 multiprocessing INFO SEE LOG AT : ./logs/all_Lyapunov_test_dso-fn_d_all_l_01_log.txt
SpawnPoolWorker-253| 2026-06-22 00:53:09,721,721 multiprocessing INFO See log at : ./logs/all_Lyapunov_test_dso-fn_d_all_l_01_log.txt
SpawnPoolWorker-253| 2026-06-22 00:53:09,723,723 multiprocessing INFO child process calling self.run()
SpawnPoolWorker-252| 2026-06-22 00:53:09,744,744 multiprocessing INFO STARTING NEW RUN ==========
SpawnPoolWorker-252| 2026-06-22 00:53:09,744,744 multiprocessing INFO SEE LOG AT : ./logs/all_Lyapunov_test_dso-fn_d_all_l_01_log.txt
SpawnPoolWorker-252| 2026-06-22 00:53:09,744,744 multiprocessing INFO See log at : ./logs/all_Lyapunov_test_dso-fn_d_all_l_01_log.txt
SpawnPoolWorker-252| 2026-06-22 00:53:09,748,748 multiprocessing INFO child process calling self.run()
SpawnPoolWorker-250| 2026-06-22 00:53:09,749,749 multiprocessing INFO STARTING NEW RUN ==========
SpawnPoolWorker-250| 2026-06-22 00:53:09,749,749 multiprocessing INFO SEE LOG AT : ./logs/all_Lyapunov_test_dso-fn_d_all_l_01_log.txt
SpawnPoolWorker-250| 2026-06-22 00:53:09,749,749 multiprocessing INFO See log at : ./logs/all_Lyapunov_test_dso-fn_d_all_l_01_log.txt
SpawnPoolWorker-250| 2026-06-22 00:53:09,751,751 multiprocessing INFO child process calling self.run()
SpawnPoolWorker-249| 2026-06-22 00:53:10,014,14 multiprocessing INFO STARTING NEW RUN ==========
SpawnPoolWorker-249| 2026-06-22 00:53:10,014,14 multiprocessing INFO SEE LOG AT : ./logs/all_Lyapunov_test_dso-fn_d_all_l_01_log.txt
SpawnPoolWorker-249| 2026-06-22 00:53:10,014,14 multiprocessing INFO See log at : ./logs/all_Lyapunov_test_dso-fn_d_all_l_01_log.txt
SpawnPoolWorker-249| 2026-06-22 00:53:10,016,16 multiprocessing INFO child process calling self.run()
SpawnPoolWorker-251| 2026-06-22 00:53:10,069,69 multiprocessing INFO STARTING NEW RUN ==========
SpawnPoolWorker-251| 2026-06-22 00:53:10,069,69 multiprocessing INFO SEE LOG AT : ./logs/all_Lyapunov_test_dso-fn_d_all_l_01_log.txt
SpawnPoolWorker-251| 2026-06-22 00:53:10,069,69 multiprocessing INFO See log at : ./logs/all_Lyapunov_test_dso-fn_d_all_l_01_log.txt
SpawnPoolWorker-251| 2026-06-22 00:53:10,072,72 multiprocessing INFO child process calling self.run()
SpawnPoolWorker-255| 2026-06-22 00:53:10,155,155 multiprocessing INFO STARTING NEW RUN ==========
SpawnPoolWorker-255| 2026-06-22 00:53:10,156,156 multiprocessing INFO SEE LOG AT : ./logs/all_Lyapunov_test_dso-fn_d_all_l_01_log.txt
SpawnPoolWorker-255| 2026-06-22 00:53:10,156,156 multiprocessing INFO See log at : ./logs/all_Lyapunov_test_dso-fn_d_all_l_01_log.txt
SpawnPoolWorker-255| 2026-06-22 00:53:10,158,158 multiprocessing INFO child process calling self.run()
SpawnPoolWorker-259| 2026-06-22 00:53:10,364,364 multiprocessing INFO STARTING NEW RUN ==========
SpawnPoolWorker-259| 2026-06-22 00:53:10,364,364 multiprocessing INFO SEE LOG AT : ./logs/all_Lyapunov_test_dso-fn_d_all_l_01_log.txt
SpawnPoolWorker-259| 2026-06-22 00:53:10,364,364 multiprocessing INFO See log at : ./logs/all_Lyapunov_test_dso-fn_d_all_l_01_log.txt
SpawnPoolWorker-259| 2026-06-22 00:53:10,367,367 multiprocessing INFO child process calling self.run()
SpawnPoolWorker-257| 2026-06-22 00:53:10,513,513 multiprocessing INFO STARTING NEW RUN ==========
SpawnPoolWorker-257| 2026-06-22 00:53:10,513,513 multiprocessing INFO SEE LOG AT : ./logs/all_Lyapunov_test_dso-fn_d_all_l_01_log.txt
SpawnPoolWorker-257| 2026-06-22 00:53:10,513,513 multiprocessing INFO See log at : ./logs/all_Lyapunov_test_dso-fn_d_all_l_01_log.txt
SpawnPoolWorker-257| 2026-06-22 00:53:10,515,515 multiprocessing INFO child process calling self.run()
SpawnPoolWorker-268| 2026-06-22 00:53:10,613,613 multiprocessing INFO STARTING NEW RUN ==========
SpawnPoolWorker-268| 2026-06-22 00:53:10,613,613 multiprocessing INFO SEE LOG AT : ./logs/all_Lyapunov_test_dso-fn_d_all_l_01_log.txt
SpawnPoolWorker-268| 2026-06-22 00:53:10,613,613 multiprocessing INFO See log at : ./logs/all_Lyapunov_test_dso-fn_d_all_l_01_log.txt
SpawnPoolWorker-268| 2026-06-22 00:53:10,618,618 multiprocessing INFO child process calling self.run()
SpawnPoolWorker-264| 2026-06-22 00:53:10,704,704 multiprocessing INFO STARTING NEW RUN ==========
SpawnPoolWorker-264| 2026-06-22 00:53:10,705,705 multiprocessing INFO SEE LOG AT : ./logs/all_Lyapunov_test_dso-fn_d_all_l_01_log.txt
SpawnPoolWorker-264| 2026-06-22 00:53:10,705,705 multiprocessing INFO See log at : ./logs/all_Lyapunov_test_dso-fn_d_all_l_01_log.txt
SpawnPoolWorker-264| 2026-06-22 00:53:10,709,709 multiprocessing INFO child process calling self.run()
SpawnPoolWorker-265| 2026-06-22 00:53:10,829,829 multiprocessing INFO STARTING NEW RUN ==========
SpawnPoolWorker-265| 2026-06-22 00:53:10,829,829 multiprocessing INFO SEE LOG AT : ./logs/all_Lyapunov_test_dso-fn_d_all_l_01_log.txt
SpawnPoolWorker-265| 2026-06-22 00:53:10,829,829 multiprocessing INFO See log at : ./logs/all_Lyapunov_test_dso-fn_d_all_l_01_log.txt
SpawnPoolWorker-265| 2026-06-22 00:53:10,834,834 multiprocessing INFO child process calling self.run()
SpawnPoolWorker-272| 2026-06-22 00:53:11,069,69 multiprocessing INFO STARTING NEW RUN ==========
SpawnPoolWorker-272| 2026-06-22 00:53:11,069,69 multiprocessing INFO SEE LOG AT : ./logs/all_Lyapunov_test_dso-fn_d_all_l_01_log.txt
SpawnPoolWorker-272| 2026-06-22 00:53:11,069,69 multiprocessing INFO See log at : ./logs/all_Lyapunov_test_dso-fn_d_all_l_01_log.txt
SpawnPoolWorker-272| 2026-06-22 00:53:11,070,70 multiprocessing INFO child process calling self.run()
SpawnPoolWorker-266| 2026-06-22 00:53:11,227,227 multiprocessing INFO STARTING NEW RUN ==========
SpawnPoolWorker-266| 2026-06-22 00:53:11,227,227 multiprocessing INFO SEE LOG AT : ./logs/all_Lyapunov_test_dso-fn_d_all_l_01_log.txt
SpawnPoolWorker-266| 2026-06-22 00:53:11,227,227 multiprocessing INFO See log at : ./logs/all_Lyapunov_test_dso-fn_d_all_l_01_log.txt
SpawnPoolWorker-266| 2026-06-22 00:53:11,247,247 multiprocessing INFO child process calling self.run()
SpawnPoolWorker-262| 2026-06-22 00:53:11,305,305 multiprocessing INFO STARTING NEW RUN ==========
SpawnPoolWorker-262| 2026-06-22 00:53:11,305,305 multiprocessing INFO SEE LOG AT : ./logs/all_Lyapunov_test_dso-fn_d_all_l_01_log.txt
SpawnPoolWorker-262| 2026-06-22 00:53:11,305,305 multiprocessing INFO See log at : ./logs/all_Lyapunov_test_dso-fn_d_all_l_01_log.txt
SpawnPoolWorker-258| 2026-06-22 00:53:11,306,306 multiprocessing INFO STARTING NEW RUN ==========
SpawnPoolWorker-258| 2026-06-22 00:53:11,306,306 multiprocessing INFO SEE LOG AT : ./logs/all_Lyapunov_test_dso-fn_d_all_l_01_log.txt
SpawnPoolWorker-258| 2026-06-22 00:53:11,306,306 multiprocessing INFO See log at : ./logs/all_Lyapunov_test_dso-fn_d_all_l_01_log.txt
SpawnPoolWorker-262| 2026-06-22 00:53:11,308,308 multiprocessing INFO child process calling self.run()
SpawnPoolWorker-258| 2026-06-22 00:53:11,310,310 multiprocessing INFO child process calling self.run()
SpawnPoolWorker-261| 2026-06-22 00:53:11,434,434 multiprocessing INFO STARTING NEW RUN ==========
SpawnPoolWorker-261| 2026-06-22 00:53:11,436,436 multiprocessing INFO SEE LOG AT : ./logs/all_Lyapunov_test_dso-fn_d_all_l_01_log.txt
SpawnPoolWorker-261| 2026-06-22 00:53:11,444,444 multiprocessing INFO See log at : ./logs/all_Lyapunov_test_dso-fn_d_all_l_01_log.txt
SpawnPoolWorker-261| 2026-06-22 00:53:11,446,446 multiprocessing INFO child process calling self.run()
SpawnPoolWorker-270| 2026-06-22 00:53:11,524,524 multiprocessing INFO STARTING NEW RUN ==========
SpawnPoolWorker-270| 2026-06-22 00:53:11,524,524 multiprocessing INFO SEE LOG AT : ./logs/all_Lyapunov_test_dso-fn_d_all_l_01_log.txt
SpawnPoolWorker-270| 2026-06-22 00:53:11,524,524 multiprocessing INFO See log at : ./logs/all_Lyapunov_test_dso-fn_d_all_l_01_log.txt
SpawnPoolWorker-269| 2026-06-22 00:53:11,524,524 multiprocessing INFO STARTING NEW RUN ==========
SpawnPoolWorker-269| 2026-06-22 00:53:11,525,525 multiprocessing INFO SEE LOG AT : ./logs/all_Lyapunov_test_dso-fn_d_all_l_01_log.txt
SpawnPoolWorker-269| 2026-06-22 00:53:11,525,525 multiprocessing INFO See log at : ./logs/all_Lyapunov_test_dso-fn_d_all_l_01_log.txt
SpawnPoolWorker-270| 2026-06-22 00:53:11,526,526 multiprocessing INFO child process calling self.run()
SpawnPoolWorker-269| 2026-06-22 00:53:11,527,527 multiprocessing INFO child process calling self.run()
SpawnPoolWorker-271| 2026-06-22 00:53:11,555,555 multiprocessing INFO STARTING NEW RUN ==========
SpawnPoolWorker-271| 2026-06-22 00:53:11,555,555 multiprocessing INFO SEE LOG AT : ./logs/all_Lyapunov_test_dso-fn_d_all_l_01_log.txt
SpawnPoolWorker-271| 2026-06-22 00:53:11,555,555 multiprocessing INFO See log at : ./logs/all_Lyapunov_test_dso-fn_d_all_l_01_log.txt
SpawnPoolWorker-271| 2026-06-22 00:53:11,560,560 multiprocessing INFO child process calling self.run()
SpawnPoolWorker-267| 2026-06-22 00:53:11,594,594 multiprocessing INFO STARTING NEW RUN ==========
SpawnPoolWorker-267| 2026-06-22 00:53:11,594,594 multiprocessing INFO SEE LOG AT : ./logs/all_Lyapunov_test_dso-fn_d_all_l_01_log.txt
SpawnPoolWorker-267| 2026-06-22 00:53:11,594,594 multiprocessing INFO See log at : ./logs/all_Lyapunov_test_dso-fn_d_all_l_01_log.txt
SpawnPoolWorker-267| 2026-06-22 00:53:11,595,595 multiprocessing INFO child process calling self.run()
SpawnPoolWorker-263| 2026-06-22 00:53:11,817,817 multiprocessing INFO STARTING NEW RUN ==========
SpawnPoolWorker-263| 2026-06-22 00:53:11,817,817 multiprocessing INFO SEE LOG AT : ./logs/all_Lyapunov_test_dso-fn_d_all_l_01_log.txt
SpawnPoolWorker-263| 2026-06-22 00:53:11,817,817 multiprocessing INFO See log at : ./logs/all_Lyapunov_test_dso-fn_d_all_l_01_log.txt
SpawnPoolWorker-263| 2026-06-22 00:53:11,822,822 multiprocessing INFO child process calling self.run()
SpawnPoolWorker-254| 2026-06-22 00:59:44,886,886 multiprocessing INFO process shutting down
SpawnPoolWorker-249| 2026-06-22 00:59:44,886,886 multiprocessing INFO process shutting down
SpawnPoolWorker-271| 2026-06-22 00:59:44,886,886 multiprocessing INFO process shutting down
SpawnPoolWorker-257| 2026-06-22 00:59:44,886,886 multiprocessing INFO process shutting down
SpawnPoolWorker-270| 2026-06-22 00:59:44,886,886 multiprocessing INFO process shutting down
SpawnPoolWorker-250| 2026-06-22 00:59:44,886,886 multiprocessing INFO process shutting down
SpawnPoolWorker-267| 2026-06-22 00:59:44,886,886 multiprocessing INFO process shutting down
SpawnPoolWorker-261| 2026-06-22 00:59:44,886,886 multiprocessing INFO process shutting down
SpawnPoolWorker-264| 2026-06-22 00:59:44,886,886 multiprocessing INFO process shutting down
SpawnPoolWorker-251| 2026-06-22 00:59:44,886,886 multiprocessing INFO process shutting down
SpawnPoolWorker-259| 2026-06-22 00:59:44,886,886 multiprocessing INFO process shutting down
SpawnPoolWorker-253| 2026-06-22 00:59:44,886,886 multiprocessing INFO process shutting down
SpawnPoolWorker-272| 2026-06-22 00:59:44,887,887 multiprocessing INFO process shutting down
SpawnPoolWorker-262| 2026-06-22 00:59:44,887,887 multiprocessing INFO process shutting down
SpawnPoolWorker-260| 2026-06-22 00:59:44,887,887 multiprocessing INFO process shutting down
SpawnPoolWorker-262| 2026-06-22 00:59:44,887,887 multiprocessing INFO process exiting with exitcode 0
SpawnPoolWorker-249| 2026-06-22 00:59:44,887,887 multiprocessing INFO process exiting with exitcode 0
SpawnPoolWorker-270| 2026-06-22 00:59:44,887,887 multiprocessing INFO process exiting with exitcode 0
SpawnPoolWorker-250| 2026-06-22 00:59:44,887,887 multiprocessing INFO process exiting with exitcode 0
SpawnPoolWorker-260| 2026-06-22 00:59:44,887,887 multiprocessing INFO process exiting with exitcode 0
SpawnPoolWorker-257| 2026-06-22 00:59:44,887,887 multiprocessing INFO process exiting with exitcode 0
SpawnPoolWorker-251| 2026-06-22 00:59:44,887,887 multiprocessing INFO process exiting with exitcode 0
SpawnPoolWorker-266| 2026-06-22 00:59:44,887,887 multiprocessing INFO process shutting down
SpawnPoolWorker-258| 2026-06-22 00:59:44,888,888 multiprocessing INFO process shutting down
SpawnPoolWorker-256| 2026-06-22 00:59:44,888,888 multiprocessing INFO process shutting down
SpawnPoolWorker-265| 2026-06-22 00:59:44,888,888 multiprocessing INFO process shutting down
SpawnPoolWorker-268| 2026-06-22 00:59:44,888,888 multiprocessing INFO process shutting down
28
(100000, 9)
(100000,)
(100000, 9)
(100000,)

=======================Successfully Added (50000, 9) Counter Examples=======================


============None of the candidates fulfill the conditions. Training CONTINUES!=================

MainProcess| 2026-06-22 00:59:48,827,827 multiprocessing INFO 
============None of the candidates fulfill the conditions. Training CONTINUES!=================


============None of the candidates fulfill the conditions. Training CONTINUES!=================

(55, 171)
/users/9/chen8596/miniconda3/envs/alfd/lib/python3.9/site-packages/torch/nn/functional.py:4999: UserWarning: Support for mismatched key_padding_mask and attn_mask is deprecated. Use same type for both instead.
  warnings.warn(

==============Start Supervised Learning==============

MainProcess| 2026-06-22 00:59:56,066,66 multiprocessing INFO GP output mean: 0.8145318013703983
GP output mean: 0.8145318013703983
MainProcess| 2026-06-22 00:59:56,994,994 multiprocessing INFO GP output success rate: 0.0
GP output success rate: 0.0

==============End Supervised Learning==============

MainProcess| 2026-06-22 00:59:59,059,59 multiprocessing INFO [Test epoch=0008]  nevals=110235 	| train_loss=10645.91895 	| eqs_invalid %=0.00 	| r_best=0.96552 	| quantile=0.24289 	| r_quantile_mean=0.77892 	| r_raw_sum=42.96913 	|  r_raw_mean=0.74085 	| r2=nan 	| acc_iid=0.00000 	| acc_ood=0.00000 	| nmse_test=0.03880963172868644 	| true_equation_set_count=0 	| s/it=732.82580
[Test epoch=0008]  nevals=110235 	| train_loss=10645.91895 	| eqs_invalid %=0.00 	| r_best=0.96552 	| quantile=0.24289 	| r_quantile_mean=0.77892 	| r_raw_sum=42.96913 	|  r_raw_mean=0.74085 	| r2=nan 	| acc_iid=0.00000 	| acc_ood=0.00000 	| nmse_test=0.03880963172868644 	| true_equation_set_count=0 	| s/it=732.82580
MainProcess| 2026-06-22 01:03:27,423,423 multiprocessing INFO Genetic Porgramming Runtime 207.21197683294304
Genetic Porgramming Runtime 207.21197683294304

=========================PGD Collection Starts=========================

SpawnPoolWorker-279| 2026-06-22 01:03:32,756,756 multiprocessing INFO STARTING NEW RUN ==========
SpawnPoolWorker-279| 2026-06-22 01:03:32,756,756 multiprocessing INFO SEE LOG AT : ./logs/all_Lyapunov_test_dso-fn_d_all_l_01_log.txt
SpawnPoolWorker-279| 2026-06-22 01:03:32,756,756 multiprocessing INFO See log at : ./logs/all_Lyapunov_test_dso-fn_d_all_l_01_log.txt
SpawnPoolWorker-281| 2026-06-22 01:03:32,756,756 multiprocessing INFO STARTING NEW RUN ==========
SpawnPoolWorker-279| 2026-06-22 01:03:32,758,758 multiprocessing INFO child process calling self.run()
SpawnPoolWorker-281| 2026-06-22 01:03:32,759,759 multiprocessing INFO SEE LOG AT : ./logs/all_Lyapunov_test_dso-fn_d_all_l_01_log.txt
SpawnPoolWorker-281| 2026-06-22 01:03:32,759,759 multiprocessing INFO See log at : ./logs/all_Lyapunov_test_dso-fn_d_all_l_01_log.txt
SpawnPoolWorker-282| 2026-06-22 01:03:32,760,760 multiprocessing INFO STARTING NEW RUN ==========
SpawnPoolWorker-276| 2026-06-22 01:03:32,760,760 multiprocessing INFO STARTING NEW RUN ==========
SpawnPoolWorker-282| 2026-06-22 01:03:32,760,760 multiprocessing INFO SEE LOG AT : ./logs/all_Lyapunov_test_dso-fn_d_all_l_01_log.txt
SpawnPoolWorker-276| 2026-06-22 01:03:32,760,760 multiprocessing INFO SEE LOG AT : ./logs/all_Lyapunov_test_dso-fn_d_all_l_01_log.txt
SpawnPoolWorker-282| 2026-06-22 01:03:32,760,760 multiprocessing INFO See log at : ./logs/all_Lyapunov_test_dso-fn_d_all_l_01_log.txt
SpawnPoolWorker-276| 2026-06-22 01:03:32,760,760 multiprocessing INFO See log at : ./logs/all_Lyapunov_test_dso-fn_d_all_l_01_log.txt
SpawnPoolWorker-281| 2026-06-22 01:03:32,761,761 multiprocessing INFO child process calling self.run()
SpawnPoolWorker-276| 2026-06-22 01:03:32,761,761 multiprocessing INFO child process calling self.run()
SpawnPoolWorker-282| 2026-06-22 01:03:32,761,761 multiprocessing INFO child process calling self.run()
SpawnPoolWorker-277| 2026-06-22 01:03:32,765,765 multiprocessing INFO STARTING NEW RUN ==========
SpawnPoolWorker-278| 2026-06-22 01:03:32,765,765 multiprocessing INFO STARTING NEW RUN ==========
SpawnPoolWorker-274| 2026-06-22 01:03:32,765,765 multiprocessing INFO STARTING NEW RUN ==========
SpawnPoolWorker-277| 2026-06-22 01:03:32,765,765 multiprocessing INFO SEE LOG AT : ./logs/all_Lyapunov_test_dso-fn_d_all_l_01_log.txt
SpawnPoolWorker-278| 2026-06-22 01:03:32,765,765 multiprocessing INFO SEE LOG AT : ./logs/all_Lyapunov_test_dso-fn_d_all_l_01_log.txt
SpawnPoolWorker-274| 2026-06-22 01:03:32,765,765 multiprocessing INFO SEE LOG AT : ./logs/all_Lyapunov_test_dso-fn_d_all_l_01_log.txt
SpawnPoolWorker-277| 2026-06-22 01:03:32,765,765 multiprocessing INFO See log at : ./logs/all_Lyapunov_test_dso-fn_d_all_l_01_log.txt
SpawnPoolWorker-278| 2026-06-22 01:03:32,765,765 multiprocessing INFO See log at : ./logs/all_Lyapunov_test_dso-fn_d_all_l_01_log.txt
SpawnPoolWorker-274| 2026-06-22 01:03:32,765,765 multiprocessing INFO See log at : ./logs/all_Lyapunov_test_dso-fn_d_all_l_01_log.txt
SpawnPoolWorker-277| 2026-06-22 01:03:32,766,766 multiprocessing INFO child process calling self.run()
SpawnPoolWorker-274| 2026-06-22 01:03:32,766,766 multiprocessing INFO child process calling self.run()
SpawnPoolWorker-278| 2026-06-22 01:03:32,767,767 multiprocessing INFO child process calling self.run()
SpawnPoolWorker-273| 2026-06-22 01:03:32,767,767 multiprocessing INFO STARTING NEW RUN ==========
SpawnPoolWorker-273| 2026-06-22 01:03:32,767,767 multiprocessing INFO SEE LOG AT : ./logs/all_Lyapunov_test_dso-fn_d_all_l_01_log.txt
SpawnPoolWorker-273| 2026-06-22 01:03:32,767,767 multiprocessing INFO See log at : ./logs/all_Lyapunov_test_dso-fn_d_all_l_01_log.txt
SpawnPoolWorker-273| 2026-06-22 01:03:32,769,769 multiprocessing INFO child process calling self.run()
SpawnPoolWorker-280| 2026-06-22 01:03:32,769,769 multiprocessing INFO STARTING NEW RUN ==========
SpawnPoolWorker-275| 2026-06-22 01:03:32,771,771 multiprocessing INFO STARTING NEW RUN ==========
SpawnPoolWorker-280| 2026-06-22 01:03:32,771,771 multiprocessing INFO SEE LOG AT : ./logs/all_Lyapunov_test_dso-fn_d_all_l_01_log.txt
SpawnPoolWorker-280| 2026-06-22 01:03:32,771,771 multiprocessing INFO See log at : ./logs/all_Lyapunov_test_dso-fn_d_all_l_01_log.txt
SpawnPoolWorker-275| 2026-06-22 01:03:32,771,771 multiprocessing INFO SEE LOG AT : ./logs/all_Lyapunov_test_dso-fn_d_all_l_01_log.txt
SpawnPoolWorker-275| 2026-06-22 01:03:32,771,771 multiprocessing INFO See log at : ./logs/all_Lyapunov_test_dso-fn_d_all_l_01_log.txt
SpawnPoolWorker-280| 2026-06-22 01:03:32,773,773 multiprocessing INFO child process calling self.run()
SpawnPoolWorker-275| 2026-06-22 01:03:32,773,773 multiprocessing INFO child process calling self.run()
SpawnPoolWorker-277| 2026-06-22 01:03:50,816,816 multiprocessing INFO process shutting down
SpawnPoolWorker-281| 2026-06-22 01:03:50,816,816 multiprocessing INFO process shutting down
SpawnPoolWorker-273| 2026-06-22 01:03:50,816,816 multiprocessing INFO process shutting down
SpawnPoolWorker-279| 2026-06-22 01:03:50,816,816 multiprocessing INFO process shutting down
SpawnPoolWorker-281| 2026-06-22 01:03:50,816,816 multiprocessing INFO process exiting with exitcode 0
SpawnPoolWorker-278| 2026-06-22 01:03:50,816,816 multiprocessing INFO process shutting down
SpawnPoolWorker-273| 2026-06-22 01:03:50,816,816 multiprocessing INFO process exiting with exitcode 0
SpawnPoolWorker-277| 2026-06-22 01:03:50,816,816 multiprocessing INFO process exiting with exitcode 0
SpawnPoolWorker-275| 2026-06-22 01:03:50,816,816 multiprocessing INFO process shutting down
SpawnPoolWorker-280| 2026-06-22 01:03:50,816,816 multiprocessing INFO process shutting down
SpawnPoolWorker-279| 2026-06-22 01:03:50,816,816 multiprocessing INFO process exiting with exitcode 0
SpawnPoolWorker-278| 2026-06-22 01:03:50,816,816 multiprocessing INFO process exiting with exitcode 0
SpawnPoolWorker-275| 2026-06-22 01:03:50,816,816 multiprocessing INFO process exiting with exitcode 0
SpawnPoolWorker-274| 2026-06-22 01:03:50,816,816 multiprocessing INFO process shutting down
(20000,)

===================Collect 20000 Examples===================

Epsilon 0.1
500
(550,)
(550,)
(55,)
Number of Programs for Minimization: 28
SpawnPoolWorker-286| 2026-06-22 01:04:07,467,467 multiprocessing INFO STARTING NEW RUN ==========
SpawnPoolWorker-286| 2026-06-22 01:04:07,467,467 multiprocessing INFO SEE LOG AT : ./logs/all_Lyapunov_test_dso-fn_d_all_l_01_log.txt
SpawnPoolWorker-286| 2026-06-22 01:04:07,467,467 multiprocessing INFO See log at : ./logs/all_Lyapunov_test_dso-fn_d_all_l_01_log.txt
SpawnPoolWorker-286| 2026-06-22 01:04:07,476,476 multiprocessing INFO child process calling self.run()
SpawnPoolWorker-287| 2026-06-22 01:04:07,715,715 multiprocessing INFO STARTING NEW RUN ==========
SpawnPoolWorker-287| 2026-06-22 01:04:07,715,715 multiprocessing INFO SEE LOG AT : ./logs/all_Lyapunov_test_dso-fn_d_all_l_01_log.txt
SpawnPoolWorker-287| 2026-06-22 01:04:07,715,715 multiprocessing INFO See log at : ./logs/all_Lyapunov_test_dso-fn_d_all_l_01_log.txt
SpawnPoolWorker-287| 2026-06-22 01:04:07,723,723 multiprocessing INFO child process calling self.run()
SpawnPoolWorker-291| 2026-06-22 01:04:08,790,790 multiprocessing INFO STARTING NEW RUN ==========
SpawnPoolWorker-291| 2026-06-22 01:04:08,790,790 multiprocessing INFO SEE LOG AT : ./logs/all_Lyapunov_test_dso-fn_d_all_l_01_log.txt
SpawnPoolWorker-291| 2026-06-22 01:04:08,791,791 multiprocessing INFO See log at : ./logs/all_Lyapunov_test_dso-fn_d_all_l_01_log.txt
SpawnPoolWorker-291| 2026-06-22 01:04:08,793,793 multiprocessing INFO child process calling self.run()
SpawnPoolWorker-298| 2026-06-22 01:04:08,875,875 multiprocessing INFO STARTING NEW RUN ==========
SpawnPoolWorker-298| 2026-06-22 01:04:08,875,875 multiprocessing INFO SEE LOG AT : ./logs/all_Lyapunov_test_dso-fn_d_all_l_01_log.txt
SpawnPoolWorker-298| 2026-06-22 01:04:08,876,876 multiprocessing INFO See log at : ./logs/all_Lyapunov_test_dso-fn_d_all_l_01_log.txt
SpawnPoolWorker-298| 2026-06-22 01:04:08,881,881 multiprocessing INFO child process calling self.run()
SpawnPoolWorker-285| 2026-06-22 01:04:09,008,8 multiprocessing INFO STARTING NEW RUN ==========
SpawnPoolWorker-285| 2026-06-22 01:04:09,008,8 multiprocessing INFO SEE LOG AT : ./logs/all_Lyapunov_test_dso-fn_d_all_l_01_log.txt
SpawnPoolWorker-285| 2026-06-22 01:04:09,008,8 multiprocessing INFO See log at : ./logs/all_Lyapunov_test_dso-fn_d_all_l_01_log.txt
SpawnPoolWorker-285| 2026-06-22 01:04:09,011,11 multiprocessing INFO child process calling self.run()
SpawnPoolWorker-302| 2026-06-22 01:04:09,158,158 multiprocessing INFO STARTING NEW RUN ==========
SpawnPoolWorker-302| 2026-06-22 01:04:09,158,158 multiprocessing INFO SEE LOG AT : ./logs/all_Lyapunov_test_dso-fn_d_all_l_01_log.txt
SpawnPoolWorker-302| 2026-06-22 01:04:09,158,158 multiprocessing INFO See log at : ./logs/all_Lyapunov_test_dso-fn_d_all_l_01_log.txt
SpawnPoolWorker-302| 2026-06-22 01:04:09,168,168 multiprocessing INFO child process calling self.run()
SpawnPoolWorker-283| 2026-06-22 01:04:09,192,192 multiprocessing INFO STARTING NEW RUN ==========
SpawnPoolWorker-283| 2026-06-22 01:04:09,192,192 multiprocessing INFO SEE LOG AT : ./logs/all_Lyapunov_test_dso-fn_d_all_l_01_log.txt
SpawnPoolWorker-283| 2026-06-22 01:04:09,192,192 multiprocessing INFO See log at : ./logs/all_Lyapunov_test_dso-fn_d_all_l_01_log.txt
SpawnPoolWorker-283| 2026-06-22 01:04:09,196,196 multiprocessing INFO child process calling self.run()
SpawnPoolWorker-284| 2026-06-22 01:04:09,196,196 multiprocessing INFO STARTING NEW RUN ==========
SpawnPoolWorker-284| 2026-06-22 01:04:09,196,196 multiprocessing INFO SEE LOG AT : ./logs/all_Lyapunov_test_dso-fn_d_all_l_01_log.txt
SpawnPoolWorker-284| 2026-06-22 01:04:09,197,197 multiprocessing INFO See log at : ./logs/all_Lyapunov_test_dso-fn_d_all_l_01_log.txt
SpawnPoolWorker-284| 2026-06-22 01:04:09,201,201 multiprocessing INFO child process calling self.run()
SpawnPoolWorker-292| 2026-06-22 01:04:09,218,218 multiprocessing INFO STARTING NEW RUN ==========
SpawnPoolWorker-292| 2026-06-22 01:04:09,218,218 multiprocessing INFO SEE LOG AT : ./logs/all_Lyapunov_test_dso-fn_d_all_l_01_log.txt
SpawnPoolWorker-292| 2026-06-22 01:04:09,218,218 multiprocessing INFO See log at : ./logs/all_Lyapunov_test_dso-fn_d_all_l_01_log.txt
SpawnPoolWorker-292| 2026-06-22 01:04:09,224,224 multiprocessing INFO child process calling self.run()
SpawnPoolWorker-293| 2026-06-22 01:04:09,242,242 multiprocessing INFO STARTING NEW RUN ==========
SpawnPoolWorker-293| 2026-06-22 01:04:09,242,242 multiprocessing INFO SEE LOG AT : ./logs/all_Lyapunov_test_dso-fn_d_all_l_01_log.txt
SpawnPoolWorker-293| 2026-06-22 01:04:09,242,242 multiprocessing INFO See log at : ./logs/all_Lyapunov_test_dso-fn_d_all_l_01_log.txt
SpawnPoolWorker-293| 2026-06-22 01:04:09,244,244 multiprocessing INFO child process calling self.run()
SpawnPoolWorker-290| 2026-06-22 01:04:09,418,418 multiprocessing INFO STARTING NEW RUN ==========
SpawnPoolWorker-290| 2026-06-22 01:04:09,419,419 multiprocessing INFO SEE LOG AT : ./logs/all_Lyapunov_test_dso-fn_d_all_l_01_log.txt
SpawnPoolWorker-290| 2026-06-22 01:04:09,419,419 multiprocessing INFO See log at : ./logs/all_Lyapunov_test_dso-fn_d_all_l_01_log.txt
SpawnPoolWorker-290| 2026-06-22 01:04:09,421,421 multiprocessing INFO child process calling self.run()
SpawnPoolWorker-296| 2026-06-22 01:04:09,500,500 multiprocessing INFO STARTING NEW RUN ==========
SpawnPoolWorker-296| 2026-06-22 01:04:09,500,500 multiprocessing INFO SEE LOG AT : ./logs/all_Lyapunov_test_dso-fn_d_all_l_01_log.txt
SpawnPoolWorker-296| 2026-06-22 01:04:09,500,500 multiprocessing INFO See log at : ./logs/all_Lyapunov_test_dso-fn_d_all_l_01_log.txt
SpawnPoolWorker-288| 2026-06-22 01:04:09,501,501 multiprocessing INFO STARTING NEW RUN ==========
SpawnPoolWorker-288| 2026-06-22 01:04:09,501,501 multiprocessing INFO SEE LOG AT : ./logs/all_Lyapunov_test_dso-fn_d_all_l_01_log.txt
SpawnPoolWorker-288| 2026-06-22 01:04:09,501,501 multiprocessing INFO See log at : ./logs/all_Lyapunov_test_dso-fn_d_all_l_01_log.txt
SpawnPoolWorker-296| 2026-06-22 01:04:09,502,502 multiprocessing INFO child process calling self.run()
SpawnPoolWorker-288| 2026-06-22 01:04:09,503,503 multiprocessing INFO child process calling self.run()
SpawnPoolWorker-299| 2026-06-22 01:04:09,582,582 multiprocessing INFO STARTING NEW RUN ==========
SpawnPoolWorker-299| 2026-06-22 01:04:09,582,582 multiprocessing INFO SEE LOG AT : ./logs/all_Lyapunov_test_dso-fn_d_all_l_01_log.txt
SpawnPoolWorker-299| 2026-06-22 01:04:09,582,582 multiprocessing INFO See log at : ./logs/all_Lyapunov_test_dso-fn_d_all_l_01_log.txt
SpawnPoolWorker-299| 2026-06-22 01:04:09,585,585 multiprocessing INFO child process calling self.run()
SpawnPoolWorker-304| 2026-06-22 01:04:09,666,666 multiprocessing INFO STARTING NEW RUN ==========
SpawnPoolWorker-304| 2026-06-22 01:04:09,666,666 multiprocessing INFO SEE LOG AT : ./logs/all_Lyapunov_test_dso-fn_d_all_l_01_log.txt
SpawnPoolWorker-304| 2026-06-22 01:04:09,666,666 multiprocessing INFO See log at : ./logs/all_Lyapunov_test_dso-fn_d_all_l_01_log.txt
SpawnPoolWorker-304| 2026-06-22 01:04:09,680,680 multiprocessing INFO child process calling self.run()
SpawnPoolWorker-289| 2026-06-22 01:04:09,719,719 multiprocessing INFO STARTING NEW RUN ==========
SpawnPoolWorker-289| 2026-06-22 01:04:09,719,719 multiprocessing INFO SEE LOG AT : ./logs/all_Lyapunov_test_dso-fn_d_all_l_01_log.txt
SpawnPoolWorker-289| 2026-06-22 01:04:09,719,719 multiprocessing INFO See log at : ./logs/all_Lyapunov_test_dso-fn_d_all_l_01_log.txt
SpawnPoolWorker-295| 2026-06-22 01:04:09,724,724 multiprocessing INFO STARTING NEW RUN ==========
SpawnPoolWorker-295| 2026-06-22 01:04:09,724,724 multiprocessing INFO SEE LOG AT : ./logs/all_Lyapunov_test_dso-fn_d_all_l_01_log.txt
SpawnPoolWorker-295| 2026-06-22 01:04:09,724,724 multiprocessing INFO See log at : ./logs/all_Lyapunov_test_dso-fn_d_all_l_01_log.txt
SpawnPoolWorker-295| 2026-06-22 01:04:09,725,725 multiprocessing INFO child process calling self.run()
SpawnPoolWorker-289| 2026-06-22 01:04:09,730,730 multiprocessing INFO child process calling self.run()
SpawnPoolWorker-305| 2026-06-22 01:04:09,972,972 multiprocessing INFO STARTING NEW RUN ==========
SpawnPoolWorker-305| 2026-06-22 01:04:09,972,972 multiprocessing INFO SEE LOG AT : ./logs/all_Lyapunov_test_dso-fn_d_all_l_01_log.txt
SpawnPoolWorker-305| 2026-06-22 01:04:09,972,972 multiprocessing INFO See log at : ./logs/all_Lyapunov_test_dso-fn_d_all_l_01_log.txt
SpawnPoolWorker-305| 2026-06-22 01:04:09,977,977 multiprocessing INFO child process calling self.run()
SpawnPoolWorker-303| 2026-06-22 01:04:09,991,991 multiprocessing INFO STARTING NEW RUN ==========
SpawnPoolWorker-303| 2026-06-22 01:04:09,991,991 multiprocessing INFO SEE LOG AT : ./logs/all_Lyapunov_test_dso-fn_d_all_l_01_log.txt
SpawnPoolWorker-303| 2026-06-22 01:04:09,991,991 multiprocessing INFO See log at : ./logs/all_Lyapunov_test_dso-fn_d_all_l_01_log.txt
SpawnPoolWorker-303| 2026-06-22 01:04:09,993,993 multiprocessing INFO child process calling self.run()
SpawnPoolWorker-294| 2026-06-22 01:04:10,044,44 multiprocessing INFO STARTING NEW RUN ==========
SpawnPoolWorker-294| 2026-06-22 01:04:10,044,44 multiprocessing INFO SEE LOG AT : ./logs/all_Lyapunov_test_dso-fn_d_all_l_01_log.txt
SpawnPoolWorker-294| 2026-06-22 01:04:10,044,44 multiprocessing INFO See log at : ./logs/all_Lyapunov_test_dso-fn_d_all_l_01_log.txt
SpawnPoolWorker-294| 2026-06-22 01:04:10,045,45 multiprocessing INFO child process calling self.run()
SpawnPoolWorker-306| 2026-06-22 01:04:10,100,100 multiprocessing INFO STARTING NEW RUN ==========
SpawnPoolWorker-306| 2026-06-22 01:04:10,100,100 multiprocessing INFO SEE LOG AT : ./logs/all_Lyapunov_test_dso-fn_d_all_l_01_log.txt
SpawnPoolWorker-306| 2026-06-22 01:04:10,100,100 multiprocessing INFO See log at : ./logs/all_Lyapunov_test_dso-fn_d_all_l_01_log.txt
SpawnPoolWorker-306| 2026-06-22 01:04:10,101,101 multiprocessing INFO child process calling self.run()
SpawnPoolWorker-300| 2026-06-22 01:04:10,221,221 multiprocessing INFO STARTING NEW RUN ==========
SpawnPoolWorker-300| 2026-06-22 01:04:10,221,221 multiprocessing INFO SEE LOG AT : ./logs/all_Lyapunov_test_dso-fn_d_all_l_01_log.txt
SpawnPoolWorker-300| 2026-06-22 01:04:10,221,221 multiprocessing INFO See log at : ./logs/all_Lyapunov_test_dso-fn_d_all_l_01_log.txt
SpawnPoolWorker-300| 2026-06-22 01:04:10,231,231 multiprocessing INFO child process calling self.run()
SpawnPoolWorker-297| 2026-06-22 01:04:10,333,333 multiprocessing INFO STARTING NEW RUN ==========
SpawnPoolWorker-297| 2026-06-22 01:04:10,333,333 multiprocessing INFO SEE LOG AT : ./logs/all_Lyapunov_test_dso-fn_d_all_l_01_log.txt
SpawnPoolWorker-297| 2026-06-22 01:04:10,333,333 multiprocessing INFO See log at : ./logs/all_Lyapunov_test_dso-fn_d_all_l_01_log.txt
SpawnPoolWorker-297| 2026-06-22 01:04:10,336,336 multiprocessing INFO child process calling self.run()
SpawnPoolWorker-301| 2026-06-22 01:04:10,964,964 multiprocessing INFO STARTING NEW RUN ==========
SpawnPoolWorker-301| 2026-06-22 01:04:10,964,964 multiprocessing INFO SEE LOG AT : ./logs/all_Lyapunov_test_dso-fn_d_all_l_01_log.txt
SpawnPoolWorker-301| 2026-06-22 01:04:10,964,964 multiprocessing INFO See log at : ./logs/all_Lyapunov_test_dso-fn_d_all_l_01_log.txt
SpawnPoolWorker-301| 2026-06-22 01:04:10,966,966 multiprocessing INFO child process calling self.run()
SpawnPoolWorker-283| 2026-06-22 01:10:52,288,288 multiprocessing INFO process shutting down
SpawnPoolWorker-306| 2026-06-22 01:10:52,288,288 multiprocessing INFO process shutting down
SpawnPoolWorker-289| 2026-06-22 01:10:52,288,288 multiprocessing INFO process shutting down
SpawnPoolWorker-300| 2026-06-22 01:10:52,288,288 multiprocessing INFO process shutting down
SpawnPoolWorker-284| 2026-06-22 01:10:52,288,288 multiprocessing INFO process shutting down
SpawnPoolWorker-294| 2026-06-22 01:10:52,288,288 multiprocessing INFO process shutting down
SpawnPoolWorker-291| 2026-06-22 01:10:52,288,288 multiprocessing INFO process shutting down
SpawnPoolWorker-292| 2026-06-22 01:10:52,288,288 multiprocessing INFO process shutting down
SpawnPoolWorker-288| 2026-06-22 01:10:52,288,288 multiprocessing INFO process shutting down
SpawnPoolWorker-285| 2026-06-22 01:10:52,288,288 multiprocessing INFO process shutting down
SpawnPoolWorker-301| 2026-06-22 01:10:52,288,288 multiprocessing INFO process shutting down
SpawnPoolWorker-283| 2026-06-22 01:10:52,289,289 multiprocessing INFO process exiting with exitcode 0
SpawnPoolWorker-288| 2026-06-22 01:10:52,289,289 multiprocessing INFO process exiting with exitcode 0
SpawnPoolWorker-285| 2026-06-22 01:10:52,289,289 multiprocessing INFO process exiting with exitcode 0
SpawnPoolWorker-292| 2026-06-22 01:10:52,289,289 multiprocessing INFO process exiting with exitcode 0
SpawnPoolWorker-301| 2026-06-22 01:10:52,289,289 multiprocessing INFO process exiting with exitcode 0
SpawnPoolWorker-295| 2026-06-22 01:10:52,289,289 multiprocessing INFO process shutting down
SpawnPoolWorker-293| 2026-06-22 01:10:52,289,289 multiprocessing INFO process shutting down
SpawnPoolWorker-286| 2026-06-22 01:10:52,289,289 multiprocessing INFO process shutting down
SpawnPoolWorker-293| 2026-06-22 01:10:52,289,289 multiprocessing INFO process exiting with exitcode 0
SpawnPoolWorker-295| 2026-06-22 01:10:52,289,289 multiprocessing INFO process exiting with exitcode 0
SpawnPoolWorker-298| 2026-06-22 01:10:52,288,288 multiprocessing INFO process shutting down
SpawnPoolWorker-286| 2026-06-22 01:10:52,289,289 multiprocessing INFO process exiting with exitcode 0
SpawnPoolWorker-304| 2026-06-22 01:10:52,290,290 multiprocessing INFO process shutting down
SpawnPoolWorker-303| 2026-06-22 01:10:52,290,290 multiprocessing INFO process shutting down
SpawnPoolWorker-290| 2026-06-22 01:10:52,290,290 multiprocessing INFO process shutting down
SpawnPoolWorker-297| 2026-06-22 01:10:52,290,290 multiprocessing INFO process shutting down
SpawnPoolWorker-299| 2026-06-22 01:10:52,290,290 multiprocessing INFO process shutting down
SpawnPoolWorker-296| 2026-06-22 01:10:52,290,290 multiprocessing INFO process shutting down
SpawnPoolWorker-305| 2026-06-22 01:10:52,290,290 multiprocessing INFO process shutting down
SpawnPoolWorker-302| 2026-06-22 01:10:52,290,290 multiprocessing INFO process shutting down
28
(100000, 9)
(100000,)
(100000, 9)
(100000,)

=======================Successfully Added (50000, 9) Counter Examples=======================


============None of the candidates fulfill the conditions. Training CONTINUES!=================

MainProcess| 2026-06-22 01:10:55,750,750 multiprocessing INFO 
============None of the candidates fulfill the conditions. Training CONTINUES!=================


============None of the candidates fulfill the conditions. Training CONTINUES!=================

(55, 171)
/users/9/chen8596/miniconda3/envs/alfd/lib/python3.9/site-packages/torch/nn/functional.py:4999: UserWarning: Support for mismatched key_padding_mask and attn_mask is deprecated. Use same type for both instead.
  warnings.warn(

==============Start Supervised Learning==============

MainProcess| 2026-06-22 01:11:02,014,14 multiprocessing INFO GP output mean: 0.9405869174167676
GP output mean: 0.9405869174167676
MainProcess| 2026-06-22 01:11:02,857,857 multiprocessing INFO GP output success rate: 0.0
GP output success rate: 0.0

==============End Supervised Learning==============

MainProcess| 2026-06-22 01:11:04,903,903 multiprocessing INFO [Test epoch=0009]  nevals=124028 	| train_loss=10820.25879 	| eqs_invalid %=0.00 	| r_best=0.96552 	| quantile=0.07709 	| r_quantile_mean=0.83735 	| r_raw_sum=46.05446 	|  r_raw_mean=0.83735 	| r2=nan 	| acc_iid=0.00000 	| acc_ood=0.00000 	| nmse_test=0.03880963172868644 	| true_equation_set_count=0 	| s/it=665.84439
[Test epoch=0009]  nevals=124028 	| train_loss=10820.25879 	| eqs_invalid %=0.00 	| r_best=0.96552 	| quantile=0.07709 	| r_quantile_mean=0.83735 	| r_raw_sum=46.05446 	|  r_raw_mean=0.83735 	| r2=nan 	| acc_iid=0.00000 	| acc_ood=0.00000 	| nmse_test=0.03880963172868644 	| true_equation_set_count=0 	| s/it=665.84439
MainProcess| 2026-06-22 01:14:50,546,546 multiprocessing INFO Genetic Porgramming Runtime 224.50040163705125
Genetic Porgramming Runtime 224.50040163705125

=========================PGD Collection Starts=========================

SpawnPoolWorker-314| 2026-06-22 01:14:56,739,739 multiprocessing INFO STARTING NEW RUN ==========
SpawnPoolWorker-314| 2026-06-22 01:14:56,739,739 multiprocessing INFO SEE LOG AT : ./logs/all_Lyapunov_test_dso-fn_d_all_l_01_log.txt
SpawnPoolWorker-314| 2026-06-22 01:14:56,739,739 multiprocessing INFO See log at : ./logs/all_Lyapunov_test_dso-fn_d_all_l_01_log.txt
SpawnPoolWorker-310| 2026-06-22 01:14:56,739,739 multiprocessing INFO STARTING NEW RUN ==========
SpawnPoolWorker-310| 2026-06-22 01:14:56,740,740 multiprocessing INFO SEE LOG AT : ./logs/all_Lyapunov_test_dso-fn_d_all_l_01_log.txt
SpawnPoolWorker-310| 2026-06-22 01:14:56,740,740 multiprocessing INFO See log at : ./logs/all_Lyapunov_test_dso-fn_d_all_l_01_log.txt
SpawnPoolWorker-311| 2026-06-22 01:14:56,740,740 multiprocessing INFO STARTING NEW RUN ==========
SpawnPoolWorker-308| 2026-06-22 01:14:56,741,741 multiprocessing INFO STARTING NEW RUN ==========
SpawnPoolWorker-312| 2026-06-22 01:14:56,741,741 multiprocessing INFO STARTING NEW RUN ==========
SpawnPoolWorker-316| 2026-06-22 01:14:56,741,741 multiprocessing INFO STARTING NEW RUN ==========
SpawnPoolWorker-311| 2026-06-22 01:14:56,741,741 multiprocessing INFO SEE LOG AT : ./logs/all_Lyapunov_test_dso-fn_d_all_l_01_log.txt
SpawnPoolWorker-308| 2026-06-22 01:14:56,741,741 multiprocessing INFO SEE LOG AT : ./logs/all_Lyapunov_test_dso-fn_d_all_l_01_log.txt
SpawnPoolWorker-312| 2026-06-22 01:14:56,741,741 multiprocessing INFO SEE LOG AT : ./logs/all_Lyapunov_test_dso-fn_d_all_l_01_log.txt
SpawnPoolWorker-316| 2026-06-22 01:14:56,741,741 multiprocessing INFO SEE LOG AT : ./logs/all_Lyapunov_test_dso-fn_d_all_l_01_log.txt
SpawnPoolWorker-311| 2026-06-22 01:14:56,741,741 multiprocessing INFO See log at : ./logs/all_Lyapunov_test_dso-fn_d_all_l_01_log.txt
SpawnPoolWorker-308| 2026-06-22 01:14:56,741,741 multiprocessing INFO See log at : ./logs/all_Lyapunov_test_dso-fn_d_all_l_01_log.txt
SpawnPoolWorker-312| 2026-06-22 01:14:56,741,741 multiprocessing INFO See log at : ./logs/all_Lyapunov_test_dso-fn_d_all_l_01_log.txt
SpawnPoolWorker-316| 2026-06-22 01:14:56,741,741 multiprocessing INFO See log at : ./logs/all_Lyapunov_test_dso-fn_d_all_l_01_log.txt
SpawnPoolWorker-311| 2026-06-22 01:14:56,742,742 multiprocessing INFO child process calling self.run()
SpawnPoolWorker-308| 2026-06-22 01:14:56,742,742 multiprocessing INFO child process calling self.run()
SpawnPoolWorker-316| 2026-06-22 01:14:56,742,742 multiprocessing INFO child process calling self.run()
SpawnPoolWorker-312| 2026-06-22 01:14:56,742,742 multiprocessing INFO child process calling self.run()
SpawnPoolWorker-314| 2026-06-22 01:14:56,742,742 multiprocessing INFO child process calling self.run()
SpawnPoolWorker-310| 2026-06-22 01:14:56,743,743 multiprocessing INFO child process calling self.run()
SpawnPoolWorker-307| 2026-06-22 01:14:56,743,743 multiprocessing INFO STARTING NEW RUN ==========
SpawnPoolWorker-307| 2026-06-22 01:14:56,743,743 multiprocessing INFO SEE LOG AT : ./logs/all_Lyapunov_test_dso-fn_d_all_l_01_log.txt
SpawnPoolWorker-307| 2026-06-22 01:14:56,743,743 multiprocessing INFO See log at : ./logs/all_Lyapunov_test_dso-fn_d_all_l_01_log.txt
SpawnPoolWorker-307| 2026-06-22 01:14:56,745,745 multiprocessing INFO child process calling self.run()
SpawnPoolWorker-315| 2026-06-22 01:14:56,747,747 multiprocessing INFO STARTING NEW RUN ==========
SpawnPoolWorker-315| 2026-06-22 01:14:56,747,747 multiprocessing INFO SEE LOG AT : ./logs/all_Lyapunov_test_dso-fn_d_all_l_01_log.txt
SpawnPoolWorker-315| 2026-06-22 01:14:56,747,747 multiprocessing INFO See log at : ./logs/all_Lyapunov_test_dso-fn_d_all_l_01_log.txt
SpawnPoolWorker-309| 2026-06-22 01:14:56,747,747 multiprocessing INFO STARTING NEW RUN ==========
SpawnPoolWorker-309| 2026-06-22 01:14:56,747,747 multiprocessing INFO SEE LOG AT : ./logs/all_Lyapunov_test_dso-fn_d_all_l_01_log.txt
SpawnPoolWorker-309| 2026-06-22 01:14:56,747,747 multiprocessing INFO See log at : ./logs/all_Lyapunov_test_dso-fn_d_all_l_01_log.txt
SpawnPoolWorker-315| 2026-06-22 01:14:56,748,748 multiprocessing INFO child process calling self.run()
SpawnPoolWorker-309| 2026-06-22 01:14:56,748,748 multiprocessing INFO child process calling self.run()
SpawnPoolWorker-313| 2026-06-22 01:14:56,753,753 multiprocessing INFO STARTING NEW RUN ==========
SpawnPoolWorker-313| 2026-06-22 01:14:56,753,753 multiprocessing INFO SEE LOG AT : ./logs/all_Lyapunov_test_dso-fn_d_all_l_01_log.txt
SpawnPoolWorker-313| 2026-06-22 01:14:56,753,753 multiprocessing INFO See log at : ./logs/all_Lyapunov_test_dso-fn_d_all_l_01_log.txt
SpawnPoolWorker-313| 2026-06-22 01:14:56,754,754 multiprocessing INFO child process calling self.run()
SpawnPoolWorker-307| 2026-06-22 01:15:17,483,483 multiprocessing INFO process shutting down
SpawnPoolWorker-312| 2026-06-22 01:15:17,483,483 multiprocessing INFO process shutting down
SpawnPoolWorker-316| 2026-06-22 01:15:17,483,483 multiprocessing INFO process shutting down
SpawnPoolWorker-310| 2026-06-22 01:15:17,483,483 multiprocessing INFO process shutting down
SpawnPoolWorker-307| 2026-06-22 01:15:17,483,483 multiprocessing INFO process exiting with exitcode 0
SpawnPoolWorker-308| 2026-06-22 01:15:17,483,483 multiprocessing INFO process shutting down
SpawnPoolWorker-312| 2026-06-22 01:15:17,483,483 multiprocessing INFO process exiting with exitcode 0
SpawnPoolWorker-314| 2026-06-22 01:15:17,483,483 multiprocessing INFO process shutting down
SpawnPoolWorker-316| 2026-06-22 01:15:17,483,483 multiprocessing INFO process exiting with exitcode 0
SpawnPoolWorker-310| 2026-06-22 01:15:17,483,483 multiprocessing INFO process exiting with exitcode 0
SpawnPoolWorker-309| 2026-06-22 01:15:17,483,483 multiprocessing INFO process shutting down
SpawnPoolWorker-315| 2026-06-22 01:15:17,483,483 multiprocessing INFO process shutting down
SpawnPoolWorker-308| 2026-06-22 01:15:17,483,483 multiprocessing INFO process exiting with exitcode 0
SpawnPoolWorker-314| 2026-06-22 01:15:17,484,484 multiprocessing INFO process exiting with exitcode 0
SpawnPoolWorker-315| 2026-06-22 01:15:17,484,484 multiprocessing INFO process exiting with exitcode 0
SpawnPoolWorker-309| 2026-06-22 01:15:17,484,484 multiprocessing INFO process exiting with exitcode 0
(20000,)

===================Collect 20000 Examples===================

Epsilon 0.1
500
(550,)
(550,)
(55,)
Number of Programs for Minimization: 28
SpawnPoolWorker-324| 2026-06-22 01:15:35,244,244 multiprocessing INFO STARTING NEW RUN ==========
SpawnPoolWorker-324| 2026-06-22 01:15:35,244,244 multiprocessing INFO SEE LOG AT : ./logs/all_Lyapunov_test_dso-fn_d_all_l_01_log.txt
SpawnPoolWorker-324| 2026-06-22 01:15:35,244,244 multiprocessing INFO See log at : ./logs/all_Lyapunov_test_dso-fn_d_all_l_01_log.txt
SpawnPoolWorker-324| 2026-06-22 01:15:35,246,246 multiprocessing INFO child process calling self.run()
SpawnPoolWorker-318| 2026-06-22 01:15:35,473,473 multiprocessing INFO STARTING NEW RUN ==========
SpawnPoolWorker-318| 2026-06-22 01:15:35,473,473 multiprocessing INFO SEE LOG AT : ./logs/all_Lyapunov_test_dso-fn_d_all_l_01_log.txt
SpawnPoolWorker-318| 2026-06-22 01:15:35,474,474 multiprocessing INFO See log at : ./logs/all_Lyapunov_test_dso-fn_d_all_l_01_log.txt
SpawnPoolWorker-318| 2026-06-22 01:15:35,477,477 multiprocessing INFO child process calling self.run()
SpawnPoolWorker-330| 2026-06-22 01:15:35,572,572 multiprocessing INFO STARTING NEW RUN ==========
SpawnPoolWorker-330| 2026-06-22 01:15:35,572,572 multiprocessing INFO SEE LOG AT : ./logs/all_Lyapunov_test_dso-fn_d_all_l_01_log.txt
SpawnPoolWorker-330| 2026-06-22 01:15:35,572,572 multiprocessing INFO See log at : ./logs/all_Lyapunov_test_dso-fn_d_all_l_01_log.txt
SpawnPoolWorker-330| 2026-06-22 01:15:35,580,580 multiprocessing INFO child process calling self.run()
SpawnPoolWorker-333| 2026-06-22 01:15:35,678,678 multiprocessing INFO STARTING NEW RUN ==========
SpawnPoolWorker-333| 2026-06-22 01:15:35,679,679 multiprocessing INFO SEE LOG AT : ./logs/all_Lyapunov_test_dso-fn_d_all_l_01_log.txt
SpawnPoolWorker-333| 2026-06-22 01:15:35,679,679 multiprocessing INFO See log at : ./logs/all_Lyapunov_test_dso-fn_d_all_l_01_log.txt
SpawnPoolWorker-333| 2026-06-22 01:15:35,682,682 multiprocessing INFO child process calling self.run()
SpawnPoolWorker-321| 2026-06-22 01:15:35,719,719 multiprocessing INFO STARTING NEW RUN ==========
SpawnPoolWorker-321| 2026-06-22 01:15:35,719,719 multiprocessing INFO SEE LOG AT : ./logs/all_Lyapunov_test_dso-fn_d_all_l_01_log.txt
SpawnPoolWorker-321| 2026-06-22 01:15:35,719,719 multiprocessing INFO See log at : ./logs/all_Lyapunov_test_dso-fn_d_all_l_01_log.txt
SpawnPoolWorker-321| 2026-06-22 01:15:35,725,725 multiprocessing INFO child process calling self.run()
SpawnPoolWorker-332| 2026-06-22 01:15:36,004,4 multiprocessing INFO STARTING NEW RUN ==========
SpawnPoolWorker-332| 2026-06-22 01:15:36,004,4 multiprocessing INFO SEE LOG AT : ./logs/all_Lyapunov_test_dso-fn_d_all_l_01_log.txt
SpawnPoolWorker-332| 2026-06-22 01:15:36,004,4 multiprocessing INFO See log at : ./logs/all_Lyapunov_test_dso-fn_d_all_l_01_log.txt
SpawnPoolWorker-332| 2026-06-22 01:15:36,006,6 multiprocessing INFO child process calling self.run()
SpawnPoolWorker-320| 2026-06-22 01:15:36,157,157 multiprocessing INFO STARTING NEW RUN ==========
SpawnPoolWorker-320| 2026-06-22 01:15:36,157,157 multiprocessing INFO SEE LOG AT : ./logs/all_Lyapunov_test_dso-fn_d_all_l_01_log.txt
SpawnPoolWorker-320| 2026-06-22 01:15:36,157,157 multiprocessing INFO See log at : ./logs/all_Lyapunov_test_dso-fn_d_all_l_01_log.txt
SpawnPoolWorker-320| 2026-06-22 01:15:36,160,160 multiprocessing INFO child process calling self.run()
SpawnPoolWorker-322| 2026-06-22 01:15:36,347,347 multiprocessing INFO STARTING NEW RUN ==========
SpawnPoolWorker-322| 2026-06-22 01:15:36,347,347 multiprocessing INFO SEE LOG AT : ./logs/all_Lyapunov_test_dso-fn_d_all_l_01_log.txt
SpawnPoolWorker-322| 2026-06-22 01:15:36,347,347 multiprocessing INFO See log at : ./logs/all_Lyapunov_test_dso-fn_d_all_l_01_log.txt
SpawnPoolWorker-322| 2026-06-22 01:15:36,352,352 multiprocessing INFO child process calling self.run()
SpawnPoolWorker-331| 2026-06-22 01:15:36,588,588 multiprocessing INFO STARTING NEW RUN ==========
SpawnPoolWorker-331| 2026-06-22 01:15:36,588,588 multiprocessing INFO SEE LOG AT : ./logs/all_Lyapunov_test_dso-fn_d_all_l_01_log.txt
SpawnPoolWorker-331| 2026-06-22 01:15:36,588,588 multiprocessing INFO See log at : ./logs/all_Lyapunov_test_dso-fn_d_all_l_01_log.txt
SpawnPoolWorker-323| 2026-06-22 01:15:36,595,595 multiprocessing INFO STARTING NEW RUN ==========
SpawnPoolWorker-323| 2026-06-22 01:15:36,595,595 multiprocessing INFO SEE LOG AT : ./logs/all_Lyapunov_test_dso-fn_d_all_l_01_log.txt
SpawnPoolWorker-323| 2026-06-22 01:15:36,595,595 multiprocessing INFO See log at : ./logs/all_Lyapunov_test_dso-fn_d_all_l_01_log.txt
SpawnPoolWorker-331| 2026-06-22 01:15:36,598,598 multiprocessing INFO child process calling self.run()
SpawnPoolWorker-323| 2026-06-22 01:15:36,609,609 multiprocessing INFO child process calling self.run()
SpawnPoolWorker-317| 2026-06-22 01:15:36,648,648 multiprocessing INFO STARTING NEW RUN ==========
SpawnPoolWorker-317| 2026-06-22 01:15:36,649,649 multiprocessing INFO SEE LOG AT : ./logs/all_Lyapunov_test_dso-fn_d_all_l_01_log.txt
SpawnPoolWorker-317| 2026-06-22 01:15:36,649,649 multiprocessing INFO See log at : ./logs/all_Lyapunov_test_dso-fn_d_all_l_01_log.txt
SpawnPoolWorker-317| 2026-06-22 01:15:36,655,655 multiprocessing INFO child process calling self.run()
SpawnPoolWorker-328| 2026-06-22 01:15:36,846,846 multiprocessing INFO STARTING NEW RUN ==========
SpawnPoolWorker-328| 2026-06-22 01:15:36,846,846 multiprocessing INFO SEE LOG AT : ./logs/all_Lyapunov_test_dso-fn_d_all_l_01_log.txt
SpawnPoolWorker-328| 2026-06-22 01:15:36,846,846 multiprocessing INFO See log at : ./logs/all_Lyapunov_test_dso-fn_d_all_l_01_log.txt
SpawnPoolWorker-328| 2026-06-22 01:15:36,849,849 multiprocessing INFO child process calling self.run()
SpawnPoolWorker-319| 2026-06-22 01:15:36,911,911 multiprocessing INFO STARTING NEW RUN ==========
SpawnPoolWorker-319| 2026-06-22 01:15:36,911,911 multiprocessing INFO SEE LOG AT : ./logs/all_Lyapunov_test_dso-fn_d_all_l_01_log.txt
SpawnPoolWorker-319| 2026-06-22 01:15:36,911,911 multiprocessing INFO See log at : ./logs/all_Lyapunov_test_dso-fn_d_all_l_01_log.txt
SpawnPoolWorker-319| 2026-06-22 01:15:36,916,916 multiprocessing INFO child process calling self.run()
SpawnPoolWorker-327| 2026-06-22 01:15:37,013,13 multiprocessing INFO STARTING NEW RUN ==========
SpawnPoolWorker-327| 2026-06-22 01:15:37,013,13 multiprocessing INFO SEE LOG AT : ./logs/all_Lyapunov_test_dso-fn_d_all_l_01_log.txt
SpawnPoolWorker-327| 2026-06-22 01:15:37,013,13 multiprocessing INFO See log at : ./logs/all_Lyapunov_test_dso-fn_d_all_l_01_log.txt
SpawnPoolWorker-327| 2026-06-22 01:15:37,016,16 multiprocessing INFO child process calling self.run()
SpawnPoolWorker-336| 2026-06-22 01:15:37,059,59 multiprocessing INFO STARTING NEW RUN ==========
SpawnPoolWorker-336| 2026-06-22 01:15:37,059,59 multiprocessing INFO SEE LOG AT : ./logs/all_Lyapunov_test_dso-fn_d_all_l_01_log.txt
SpawnPoolWorker-336| 2026-06-22 01:15:37,059,59 multiprocessing INFO See log at : ./logs/all_Lyapunov_test_dso-fn_d_all_l_01_log.txt
SpawnPoolWorker-336| 2026-06-22 01:15:37,060,60 multiprocessing INFO child process calling self.run()
SpawnPoolWorker-339| 2026-06-22 01:15:37,061,61 multiprocessing INFO STARTING NEW RUN ==========
SpawnPoolWorker-339| 2026-06-22 01:15:37,062,62 multiprocessing INFO SEE LOG AT : ./logs/all_Lyapunov_test_dso-fn_d_all_l_01_log.txt
SpawnPoolWorker-339| 2026-06-22 01:15:37,062,62 multiprocessing INFO See log at : ./logs/all_Lyapunov_test_dso-fn_d_all_l_01_log.txt
SpawnPoolWorker-339| 2026-06-22 01:15:37,064,64 multiprocessing INFO child process calling self.run()
SpawnPoolWorker-329| 2026-06-22 01:15:37,130,130 multiprocessing INFO STARTING NEW RUN ==========
SpawnPoolWorker-329| 2026-06-22 01:15:37,130,130 multiprocessing INFO SEE LOG AT : ./logs/all_Lyapunov_test_dso-fn_d_all_l_01_log.txt
SpawnPoolWorker-329| 2026-06-22 01:15:37,130,130 multiprocessing INFO See log at : ./logs/all_Lyapunov_test_dso-fn_d_all_l_01_log.txt
SpawnPoolWorker-329| 2026-06-22 01:15:37,131,131 multiprocessing INFO child process calling self.run()
SpawnPoolWorker-340| 2026-06-22 01:15:37,175,175 multiprocessing INFO STARTING NEW RUN ==========
SpawnPoolWorker-340| 2026-06-22 01:15:37,175,175 multiprocessing INFO SEE LOG AT : ./logs/all_Lyapunov_test_dso-fn_d_all_l_01_log.txt
SpawnPoolWorker-340| 2026-06-22 01:15:37,175,175 multiprocessing INFO See log at : ./logs/all_Lyapunov_test_dso-fn_d_all_l_01_log.txt
SpawnPoolWorker-340| 2026-06-22 01:15:37,179,179 multiprocessing INFO child process calling self.run()
SpawnPoolWorker-335| 2026-06-22 01:15:37,307,307 multiprocessing INFO STARTING NEW RUN ==========
SpawnPoolWorker-335| 2026-06-22 01:15:37,307,307 multiprocessing INFO SEE LOG AT : ./logs/all_Lyapunov_test_dso-fn_d_all_l_01_log.txt
SpawnPoolWorker-335| 2026-06-22 01:15:37,307,307 multiprocessing INFO See log at : ./logs/all_Lyapunov_test_dso-fn_d_all_l_01_log.txt
SpawnPoolWorker-335| 2026-06-22 01:15:37,309,309 multiprocessing INFO child process calling self.run()
SpawnPoolWorker-338| 2026-06-22 01:15:37,503,503 multiprocessing INFO STARTING NEW RUN ==========
SpawnPoolWorker-338| 2026-06-22 01:15:37,503,503 multiprocessing INFO SEE LOG AT : ./logs/all_Lyapunov_test_dso-fn_d_all_l_01_log.txt
SpawnPoolWorker-338| 2026-06-22 01:15:37,503,503 multiprocessing INFO See log at : ./logs/all_Lyapunov_test_dso-fn_d_all_l_01_log.txt
SpawnPoolWorker-338| 2026-06-22 01:15:37,504,504 multiprocessing INFO child process calling self.run()
SpawnPoolWorker-334| 2026-06-22 01:15:37,548,548 multiprocessing INFO STARTING NEW RUN ==========
SpawnPoolWorker-334| 2026-06-22 01:15:37,548,548 multiprocessing INFO SEE LOG AT : ./logs/all_Lyapunov_test_dso-fn_d_all_l_01_log.txt
SpawnPoolWorker-334| 2026-06-22 01:15:37,548,548 multiprocessing INFO See log at : ./logs/all_Lyapunov_test_dso-fn_d_all_l_01_log.txt
SpawnPoolWorker-334| 2026-06-22 01:15:37,555,555 multiprocessing INFO child process calling self.run()
SpawnPoolWorker-337| 2026-06-22 01:15:37,620,620 multiprocessing INFO STARTING NEW RUN ==========
SpawnPoolWorker-337| 2026-06-22 01:15:37,620,620 multiprocessing INFO SEE LOG AT : ./logs/all_Lyapunov_test_dso-fn_d_all_l_01_log.txt
SpawnPoolWorker-337| 2026-06-22 01:15:37,620,620 multiprocessing INFO See log at : ./logs/all_Lyapunov_test_dso-fn_d_all_l_01_log.txt
SpawnPoolWorker-337| 2026-06-22 01:15:37,622,622 multiprocessing INFO child process calling self.run()
SpawnPoolWorker-325| 2026-06-22 01:15:37,704,704 multiprocessing INFO STARTING NEW RUN ==========
SpawnPoolWorker-325| 2026-06-22 01:15:37,704,704 multiprocessing INFO SEE LOG AT : ./logs/all_Lyapunov_test_dso-fn_d_all_l_01_log.txt
SpawnPoolWorker-325| 2026-06-22 01:15:37,704,704 multiprocessing INFO See log at : ./logs/all_Lyapunov_test_dso-fn_d_all_l_01_log.txt
SpawnPoolWorker-325| 2026-06-22 01:15:37,706,706 multiprocessing INFO child process calling self.run()
SpawnPoolWorker-326| 2026-06-22 01:15:37,724,724 multiprocessing INFO STARTING NEW RUN ==========
SpawnPoolWorker-326| 2026-06-22 01:15:37,724,724 multiprocessing INFO SEE LOG AT : ./logs/all_Lyapunov_test_dso-fn_d_all_l_01_log.txt
SpawnPoolWorker-326| 2026-06-22 01:15:37,724,724 multiprocessing INFO See log at : ./logs/all_Lyapunov_test_dso-fn_d_all_l_01_log.txt
SpawnPoolWorker-326| 2026-06-22 01:15:37,725,725 multiprocessing INFO child process calling self.run()
SpawnPoolWorker-322| 2026-06-22 01:22:15,070,70 multiprocessing INFO process shutting down
SpawnPoolWorker-326| 2026-06-22 01:22:15,071,71 multiprocessing INFO process shutting down
SpawnPoolWorker-327| 2026-06-22 01:22:15,071,71 multiprocessing INFO process shutting down
SpawnPoolWorker-325| 2026-06-22 01:22:15,070,70 multiprocessing INFO process shutting down
SpawnPoolWorker-335| 2026-06-22 01:22:15,071,71 multiprocessing INFO process shutting down
SpawnPoolWorker-332| 2026-06-22 01:22:15,071,71 multiprocessing INFO process shutting down
SpawnPoolWorker-320| 2026-06-22 01:22:15,070,70 multiprocessing INFO process shutting down
SpawnPoolWorker-331| 2026-06-22 01:22:15,071,71 multiprocessing INFO process shutting down
SpawnPoolWorker-317| 2026-06-22 01:22:15,071,71 multiprocessing INFO process shutting down
SpawnPoolWorker-321| 2026-06-22 01:22:15,071,71 multiprocessing INFO process shutting down
SpawnPoolWorker-319| 2026-06-22 01:22:15,071,71 multiprocessing INFO process shutting down
SpawnPoolWorker-322| 2026-06-22 01:22:15,072,72 multiprocessing INFO process exiting with exitcode 0
SpawnPoolWorker-334| 2026-06-22 01:22:15,071,71 multiprocessing INFO process shutting down
SpawnPoolWorker-321| 2026-06-22 01:22:15,072,72 multiprocessing INFO process exiting with exitcode 0
SpawnPoolWorker-324| 2026-06-22 01:22:15,071,71 multiprocessing INFO process shutting down
SpawnPoolWorker-319| 2026-06-22 01:22:15,072,72 multiprocessing INFO process exiting with exitcode 0
SpawnPoolWorker-325| 2026-06-22 01:22:15,072,72 multiprocessing INFO process exiting with exitcode 0
SpawnPoolWorker-332| 2026-06-22 01:22:15,072,72 multiprocessing INFO process exiting with exitcode 0
SpawnPoolWorker-327| 2026-06-22 01:22:15,072,72 multiprocessing INFO process exiting with exitcode 0
SpawnPoolWorker-334| 2026-06-22 01:22:15,072,72 multiprocessing INFO process exiting with exitcode 0
SpawnPoolWorker-324| 2026-06-22 01:22:15,072,72 multiprocessing INFO process exiting with exitcode 0
SpawnPoolWorker-340| 2026-06-22 01:22:15,071,71 multiprocessing INFO process shutting down
SpawnPoolWorker-339| 2026-06-22 01:22:15,071,71 multiprocessing INFO process shutting down
SpawnPoolWorker-333| 2026-06-22 01:22:15,071,71 multiprocessing INFO process shutting down
SpawnPoolWorker-337| 2026-06-22 01:22:15,072,72 multiprocessing INFO process shutting down
SpawnPoolWorker-323| 2026-06-22 01:22:15,072,72 multiprocessing INFO process shutting down
SpawnPoolWorker-338| 2026-06-22 01:22:15,072,72 multiprocessing INFO process shutting down
SpawnPoolWorker-318| 2026-06-22 01:22:15,072,72 multiprocessing INFO process shutting down
SpawnPoolWorker-328| 2026-06-22 01:22:15,073,73 multiprocessing INFO process shutting down
SpawnPoolWorker-330| 2026-06-22 01:22:15,072,72 multiprocessing INFO process shutting down
28
(100000, 9)
(100000,)
(100000, 9)
(100000,)

=======================Successfully Added (50000, 9) Counter Examples=======================


============None of the candidates fulfill the conditions. Training CONTINUES!=================

MainProcess| 2026-06-22 01:22:17,719,719 multiprocessing INFO 
============None of the candidates fulfill the conditions. Training CONTINUES!=================


============None of the candidates fulfill the conditions. Training CONTINUES!=================

(55, 171)
/users/9/chen8596/miniconda3/envs/alfd/lib/python3.9/site-packages/torch/nn/functional.py:4999: UserWarning: Support for mismatched key_padding_mask and attn_mask is deprecated. Use same type for both instead.
  warnings.warn(

==============Start Supervised Learning==============

MainProcess| 2026-06-22 01:22:22,565,565 multiprocessing INFO GP output mean: 0.8567438204807855
GP output mean: 0.8567438204807855
MainProcess| 2026-06-22 01:22:23,181,181 multiprocessing INFO GP output success rate: 0.0
GP output success rate: 0.0

==============End Supervised Learning==============

MainProcess| 2026-06-22 01:22:25,344,344 multiprocessing INFO [Test epoch=0010]  nevals=137739 	| train_loss=15951.06543 	| eqs_invalid %=0.00 	| r_best=0.96552 	| quantile=0.38819 	| r_quantile_mean=0.82104 	| r_raw_sum=47.53827 	|  r_raw_mean=0.66955 	| r2=nan 	| acc_iid=0.00000 	| acc_ood=0.00000 	| nmse_test=0.03880963172868644 	| true_equation_set_count=0 	| s/it=680.43996
[Test epoch=0010]  nevals=137739 	| train_loss=15951.06543 	| eqs_invalid %=0.00 	| r_best=0.96552 	| quantile=0.38819 	| r_quantile_mean=0.82104 	| r_raw_sum=47.53827 	|  r_raw_mean=0.66955 	| r2=nan 	| acc_iid=0.00000 	| acc_ood=0.00000 	| nmse_test=0.03880963172868644 	| true_equation_set_count=0 	| s/it=680.43996
MainProcess| 2026-06-22 01:22:25,344,344 multiprocessing INFO [00:01:59:50.03] Training epoch 10/4000, current best R: 0.9655
[00:01:59:50.03] Training epoch 10/4000, current best R: 0.9655
MainProcess| 2026-06-22 01:25:23,449,449 multiprocessing INFO Genetic Porgramming Runtime 176.96195876901038
Genetic Porgramming Runtime 176.96195876901038

=========================PGD Collection Starts=========================

SpawnPoolWorker-343| 2026-06-22 01:25:28,662,662 multiprocessing INFO STARTING NEW RUN ==========
SpawnPoolWorker-343| 2026-06-22 01:25:28,662,662 multiprocessing INFO SEE LOG AT : ./logs/all_Lyapunov_test_dso-fn_d_all_l_01_log.txt
SpawnPoolWorker-343| 2026-06-22 01:25:28,662,662 multiprocessing INFO See log at : ./logs/all_Lyapunov_test_dso-fn_d_all_l_01_log.txt
SpawnPoolWorker-343| 2026-06-22 01:25:28,664,664 multiprocessing INFO child process calling self.run()
SpawnPoolWorker-341| 2026-06-22 01:25:28,665,665 multiprocessing INFO STARTING NEW RUN ==========
SpawnPoolWorker-350| 2026-06-22 01:25:28,665,665 multiprocessing INFO STARTING NEW RUN ==========
SpawnPoolWorker-341| 2026-06-22 01:25:28,666,666 multiprocessing INFO SEE LOG AT : ./logs/all_Lyapunov_test_dso-fn_d_all_l_01_log.txt
SpawnPoolWorker-350| 2026-06-22 01:25:28,666,666 multiprocessing INFO SEE LOG AT : ./logs/all_Lyapunov_test_dso-fn_d_all_l_01_log.txt
SpawnPoolWorker-341| 2026-06-22 01:25:28,666,666 multiprocessing INFO See log at : ./logs/all_Lyapunov_test_dso-fn_d_all_l_01_log.txt
SpawnPoolWorker-350| 2026-06-22 01:25:28,666,666 multiprocessing INFO See log at : ./logs/all_Lyapunov_test_dso-fn_d_all_l_01_log.txt
SpawnPoolWorker-346| 2026-06-22 01:25:28,666,666 multiprocessing INFO STARTING NEW RUN ==========
SpawnPoolWorker-342| 2026-06-22 01:25:28,666,666 multiprocessing INFO STARTING NEW RUN ==========
SpawnPoolWorker-346| 2026-06-22 01:25:28,666,666 multiprocessing INFO SEE LOG AT : ./logs/all_Lyapunov_test_dso-fn_d_all_l_01_log.txt
SpawnPoolWorker-342| 2026-06-22 01:25:28,666,666 multiprocessing INFO SEE LOG AT : ./logs/all_Lyapunov_test_dso-fn_d_all_l_01_log.txt
SpawnPoolWorker-346| 2026-06-22 01:25:28,666,666 multiprocessing INFO See log at : ./logs/all_Lyapunov_test_dso-fn_d_all_l_01_log.txt
SpawnPoolWorker-342| 2026-06-22 01:25:28,666,666 multiprocessing INFO See log at : ./logs/all_Lyapunov_test_dso-fn_d_all_l_01_log.txt
SpawnPoolWorker-341| 2026-06-22 01:25:28,667,667 multiprocessing INFO child process calling self.run()
SpawnPoolWorker-350| 2026-06-22 01:25:28,667,667 multiprocessing INFO child process calling self.run()
SpawnPoolWorker-342| 2026-06-22 01:25:28,667,667 multiprocessing INFO child process calling self.run()
SpawnPoolWorker-346| 2026-06-22 01:25:28,667,667 multiprocessing INFO child process calling self.run()
SpawnPoolWorker-345| 2026-06-22 01:25:28,668,668 multiprocessing INFO STARTING NEW RUN ==========
SpawnPoolWorker-345| 2026-06-22 01:25:28,668,668 multiprocessing INFO SEE LOG AT : ./logs/all_Lyapunov_test_dso-fn_d_all_l_01_log.txt
SpawnPoolWorker-345| 2026-06-22 01:25:28,668,668 multiprocessing INFO See log at : ./logs/all_Lyapunov_test_dso-fn_d_all_l_01_log.txt
SpawnPoolWorker-345| 2026-06-22 01:25:28,669,669 multiprocessing INFO child process calling self.run()
SpawnPoolWorker-348| 2026-06-22 01:25:28,675,675 multiprocessing INFO STARTING NEW RUN ==========
SpawnPoolWorker-348| 2026-06-22 01:25:28,675,675 multiprocessing INFO SEE LOG AT : ./logs/all_Lyapunov_test_dso-fn_d_all_l_01_log.txt
SpawnPoolWorker-348| 2026-06-22 01:25:28,675,675 multiprocessing INFO See log at : ./logs/all_Lyapunov_test_dso-fn_d_all_l_01_log.txt
SpawnPoolWorker-348| 2026-06-22 01:25:28,676,676 multiprocessing INFO child process calling self.run()
SpawnPoolWorker-347| 2026-06-22 01:25:28,698,698 multiprocessing INFO STARTING NEW RUN ==========
SpawnPoolWorker-347| 2026-06-22 01:25:28,698,698 multiprocessing INFO SEE LOG AT : ./logs/all_Lyapunov_test_dso-fn_d_all_l_01_log.txt
SpawnPoolWorker-347| 2026-06-22 01:25:28,698,698 multiprocessing INFO See log at : ./logs/all_Lyapunov_test_dso-fn_d_all_l_01_log.txt
SpawnPoolWorker-347| 2026-06-22 01:25:28,700,700 multiprocessing INFO child process calling self.run()
SpawnPoolWorker-344| 2026-06-22 01:25:28,707,707 multiprocessing INFO STARTING NEW RUN ==========
SpawnPoolWorker-344| 2026-06-22 01:25:28,707,707 multiprocessing INFO SEE LOG AT : ./logs/all_Lyapunov_test_dso-fn_d_all_l_01_log.txt
SpawnPoolWorker-344| 2026-06-22 01:25:28,707,707 multiprocessing INFO See log at : ./logs/all_Lyapunov_test_dso-fn_d_all_l_01_log.txt
SpawnPoolWorker-344| 2026-06-22 01:25:28,710,710 multiprocessing INFO child process calling self.run()
SpawnPoolWorker-349| 2026-06-22 01:25:28,712,712 multiprocessing INFO STARTING NEW RUN ==========
SpawnPoolWorker-349| 2026-06-22 01:25:28,712,712 multiprocessing INFO SEE LOG AT : ./logs/all_Lyapunov_test_dso-fn_d_all_l_01_log.txt
SpawnPoolWorker-349| 2026-06-22 01:25:28,712,712 multiprocessing INFO See log at : ./logs/all_Lyapunov_test_dso-fn_d_all_l_01_log.txt
SpawnPoolWorker-349| 2026-06-22 01:25:28,716,716 multiprocessing INFO child process calling self.run()
SpawnPoolWorker-345| 2026-06-22 01:25:44,789,789 multiprocessing INFO process shutting down
SpawnPoolWorker-345| 2026-06-22 01:25:44,789,789 multiprocessing INFO process exiting with exitcode 0
SpawnPoolWorker-341| 2026-06-22 01:25:44,789,789 multiprocessing INFO process shutting down
SpawnPoolWorker-350| 2026-06-22 01:25:44,789,789 multiprocessing INFO process shutting down
SpawnPoolWorker-348| 2026-06-22 01:25:44,789,789 multiprocessing INFO process shutting down
SpawnPoolWorker-343| 2026-06-22 01:25:44,789,789 multiprocessing INFO process shutting down
SpawnPoolWorker-341| 2026-06-22 01:25:44,789,789 multiprocessing INFO process exiting with exitcode 0
SpawnPoolWorker-349| 2026-06-22 01:25:44,789,789 multiprocessing INFO process shutting down
SpawnPoolWorker-342| 2026-06-22 01:25:44,789,789 multiprocessing INFO process shutting down
SpawnPoolWorker-350| 2026-06-22 01:25:44,789,789 multiprocessing INFO process exiting with exitcode 0
SpawnPoolWorker-348| 2026-06-22 01:25:44,789,789 multiprocessing INFO process exiting with exitcode 0
SpawnPoolWorker-344| 2026-06-22 01:25:44,789,789 multiprocessing INFO process shutting down
SpawnPoolWorker-343| 2026-06-22 01:25:44,790,790 multiprocessing INFO process exiting with exitcode 0
(20000,)

===================Collect 20000 Examples===================

Epsilon 0.1
500
(550,)
(550,)
(550,)
Number of Programs for Minimization: 28
SpawnPoolWorker-354| 2026-06-22 01:26:00,843,843 multiprocessing INFO STARTING NEW RUN ==========
SpawnPoolWorker-354| 2026-06-22 01:26:00,844,844 multiprocessing INFO SEE LOG AT : ./logs/all_Lyapunov_test_dso-fn_d_all_l_01_log.txt
SpawnPoolWorker-354| 2026-06-22 01:26:00,844,844 multiprocessing INFO See log at : ./logs/all_Lyapunov_test_dso-fn_d_all_l_01_log.txt
SpawnPoolWorker-354| 2026-06-22 01:26:00,846,846 multiprocessing INFO child process calling self.run()
SpawnPoolWorker-371| 2026-06-22 01:26:01,058,58 multiprocessing INFO STARTING NEW RUN ==========
SpawnPoolWorker-371| 2026-06-22 01:26:01,058,58 multiprocessing INFO SEE LOG AT : ./logs/all_Lyapunov_test_dso-fn_d_all_l_01_log.txt
SpawnPoolWorker-371| 2026-06-22 01:26:01,058,58 multiprocessing INFO See log at : ./logs/all_Lyapunov_test_dso-fn_d_all_l_01_log.txt
SpawnPoolWorker-371| 2026-06-22 01:26:01,059,59 multiprocessing INFO child process calling self.run()
SpawnPoolWorker-367| 2026-06-22 01:26:01,228,228 multiprocessing INFO STARTING NEW RUN ==========
SpawnPoolWorker-367| 2026-06-22 01:26:01,228,228 multiprocessing INFO SEE LOG AT : ./logs/all_Lyapunov_test_dso-fn_d_all_l_01_log.txt
SpawnPoolWorker-367| 2026-06-22 01:26:01,228,228 multiprocessing INFO See log at : ./logs/all_Lyapunov_test_dso-fn_d_all_l_01_log.txt
SpawnPoolWorker-367| 2026-06-22 01:26:01,231,231 multiprocessing INFO child process calling self.run()
SpawnPoolWorker-358| 2026-06-22 01:26:01,288,288 multiprocessing INFO STARTING NEW RUN ==========
SpawnPoolWorker-358| 2026-06-22 01:26:01,294,294 multiprocessing INFO SEE LOG AT : ./logs/all_Lyapunov_test_dso-fn_d_all_l_01_log.txt
SpawnPoolWorker-358| 2026-06-22 01:26:01,295,295 multiprocessing INFO See log at : ./logs/all_Lyapunov_test_dso-fn_d_all_l_01_log.txt
SpawnPoolWorker-358| 2026-06-22 01:26:01,302,302 multiprocessing INFO child process calling self.run()
SpawnPoolWorker-352| 2026-06-22 01:26:01,362,362 multiprocessing INFO STARTING NEW RUN ==========
SpawnPoolWorker-352| 2026-06-22 01:26:01,362,362 multiprocessing INFO SEE LOG AT : ./logs/all_Lyapunov_test_dso-fn_d_all_l_01_log.txt
SpawnPoolWorker-352| 2026-06-22 01:26:01,362,362 multiprocessing INFO See log at : ./logs/all_Lyapunov_test_dso-fn_d_all_l_01_log.txt
SpawnPoolWorker-352| 2026-06-22 01:26:01,364,364 multiprocessing INFO child process calling self.run()
SpawnPoolWorker-363| 2026-06-22 01:26:01,417,417 multiprocessing INFO STARTING NEW RUN ==========
SpawnPoolWorker-363| 2026-06-22 01:26:01,417,417 multiprocessing INFO SEE LOG AT : ./logs/all_Lyapunov_test_dso-fn_d_all_l_01_log.txt
SpawnPoolWorker-363| 2026-06-22 01:26:01,417,417 multiprocessing INFO See log at : ./logs/all_Lyapunov_test_dso-fn_d_all_l_01_log.txt
SpawnPoolWorker-363| 2026-06-22 01:26:01,429,429 multiprocessing INFO child process calling self.run()
SpawnPoolWorker-355| 2026-06-22 01:26:01,445,445 multiprocessing INFO STARTING NEW RUN ==========
SpawnPoolWorker-355| 2026-06-22 01:26:01,445,445 multiprocessing INFO SEE LOG AT : ./logs/all_Lyapunov_test_dso-fn_d_all_l_01_log.txt
SpawnPoolWorker-355| 2026-06-22 01:26:01,445,445 multiprocessing INFO See log at : ./logs/all_Lyapunov_test_dso-fn_d_all_l_01_log.txt
SpawnPoolWorker-355| 2026-06-22 01:26:01,449,449 multiprocessing INFO child process calling self.run()
SpawnPoolWorker-359| 2026-06-22 01:26:01,475,475 multiprocessing INFO STARTING NEW RUN ==========
SpawnPoolWorker-359| 2026-06-22 01:26:01,475,475 multiprocessing INFO SEE LOG AT : ./logs/all_Lyapunov_test_dso-fn_d_all_l_01_log.txt
SpawnPoolWorker-359| 2026-06-22 01:26:01,475,475 multiprocessing INFO See log at : ./logs/all_Lyapunov_test_dso-fn_d_all_l_01_log.txt
SpawnPoolWorker-359| 2026-06-22 01:26:01,477,477 multiprocessing INFO child process calling self.run()
SpawnPoolWorker-356| 2026-06-22 01:26:01,536,536 multiprocessing INFO STARTING NEW RUN ==========
SpawnPoolWorker-356| 2026-06-22 01:26:01,537,537 multiprocessing INFO SEE LOG AT : ./logs/all_Lyapunov_test_dso-fn_d_all_l_01_log.txt
SpawnPoolWorker-356| 2026-06-22 01:26:01,537,537 multiprocessing INFO See log at : ./logs/all_Lyapunov_test_dso-fn_d_all_l_01_log.txt
SpawnPoolWorker-356| 2026-06-22 01:26:01,541,541 multiprocessing INFO child process calling self.run()
SpawnPoolWorker-372| 2026-06-22 01:26:01,588,588 multiprocessing INFO STARTING NEW RUN ==========
SpawnPoolWorker-372| 2026-06-22 01:26:01,588,588 multiprocessing INFO SEE LOG AT : ./logs/all_Lyapunov_test_dso-fn_d_all_l_01_log.txt
SpawnPoolWorker-372| 2026-06-22 01:26:01,589,589 multiprocessing INFO See log at : ./logs/all_Lyapunov_test_dso-fn_d_all_l_01_log.txt
SpawnPoolWorker-372| 2026-06-22 01:26:01,599,599 multiprocessing INFO child process calling self.run()
SpawnPoolWorker-369| 2026-06-22 01:26:01,626,626 multiprocessing INFO STARTING NEW RUN ==========
SpawnPoolWorker-369| 2026-06-22 01:26:01,626,626 multiprocessing INFO SEE LOG AT : ./logs/all_Lyapunov_test_dso-fn_d_all_l_01_log.txt
SpawnPoolWorker-369| 2026-06-22 01:26:01,626,626 multiprocessing INFO See log at : ./logs/all_Lyapunov_test_dso-fn_d_all_l_01_log.txt
SpawnPoolWorker-369| 2026-06-22 01:26:01,630,630 multiprocessing INFO child process calling self.run()
SpawnPoolWorker-353| 2026-06-22 01:26:01,680,680 multiprocessing INFO STARTING NEW RUN ==========
SpawnPoolWorker-353| 2026-06-22 01:26:01,680,680 multiprocessing INFO SEE LOG AT : ./logs/all_Lyapunov_test_dso-fn_d_all_l_01_log.txt
SpawnPoolWorker-353| 2026-06-22 01:26:01,680,680 multiprocessing INFO See log at : ./logs/all_Lyapunov_test_dso-fn_d_all_l_01_log.txt
SpawnPoolWorker-353| 2026-06-22 01:26:01,691,691 multiprocessing INFO child process calling self.run()
SpawnPoolWorker-362| 2026-06-22 01:26:01,702,702 multiprocessing INFO STARTING NEW RUN ==========
SpawnPoolWorker-362| 2026-06-22 01:26:01,702,702 multiprocessing INFO SEE LOG AT : ./logs/all_Lyapunov_test_dso-fn_d_all_l_01_log.txt
SpawnPoolWorker-362| 2026-06-22 01:26:01,702,702 multiprocessing INFO See log at : ./logs/all_Lyapunov_test_dso-fn_d_all_l_01_log.txt
SpawnPoolWorker-362| 2026-06-22 01:26:01,705,705 multiprocessing INFO child process calling self.run()
SpawnPoolWorker-374| 2026-06-22 01:26:01,960,960 multiprocessing INFO STARTING NEW RUN ==========
SpawnPoolWorker-374| 2026-06-22 01:26:01,960,960 multiprocessing INFO SEE LOG AT : ./logs/all_Lyapunov_test_dso-fn_d_all_l_01_log.txt
SpawnPoolWorker-374| 2026-06-22 01:26:01,961,961 multiprocessing INFO See log at : ./logs/all_Lyapunov_test_dso-fn_d_all_l_01_log.txt
SpawnPoolWorker-374| 2026-06-22 01:26:01,967,967 multiprocessing INFO child process calling self.run()
SpawnPoolWorker-365| 2026-06-22 01:26:02,048,48 multiprocessing INFO STARTING NEW RUN ==========
SpawnPoolWorker-365| 2026-06-22 01:26:02,048,48 multiprocessing INFO SEE LOG AT : ./logs/all_Lyapunov_test_dso-fn_d_all_l_01_log.txt
SpawnPoolWorker-365| 2026-06-22 01:26:02,048,48 multiprocessing INFO See log at : ./logs/all_Lyapunov_test_dso-fn_d_all_l_01_log.txt
SpawnPoolWorker-365| 2026-06-22 01:26:02,049,49 multiprocessing INFO child process calling self.run()
SpawnPoolWorker-366| 2026-06-22 01:26:02,109,109 multiprocessing INFO STARTING NEW RUN ==========
SpawnPoolWorker-366| 2026-06-22 01:26:02,109,109 multiprocessing INFO SEE LOG AT : ./logs/all_Lyapunov_test_dso-fn_d_all_l_01_log.txt
SpawnPoolWorker-366| 2026-06-22 01:26:02,109,109 multiprocessing INFO See log at : ./logs/all_Lyapunov_test_dso-fn_d_all_l_01_log.txt
SpawnPoolWorker-366| 2026-06-22 01:26:02,112,112 multiprocessing INFO child process calling self.run()
SpawnPoolWorker-370| 2026-06-22 01:26:02,228,228 multiprocessing INFO STARTING NEW RUN ==========
SpawnPoolWorker-370| 2026-06-22 01:26:02,228,228 multiprocessing INFO SEE LOG AT : ./logs/all_Lyapunov_test_dso-fn_d_all_l_01_log.txt
SpawnPoolWorker-370| 2026-06-22 01:26:02,228,228 multiprocessing INFO See log at : ./logs/all_Lyapunov_test_dso-fn_d_all_l_01_log.txt
SpawnPoolWorker-370| 2026-06-22 01:26:02,237,237 multiprocessing INFO child process calling self.run()
SpawnPoolWorker-361| 2026-06-22 01:26:02,238,238 multiprocessing INFO STARTING NEW RUN ==========
SpawnPoolWorker-361| 2026-06-22 01:26:02,238,238 multiprocessing INFO SEE LOG AT : ./logs/all_Lyapunov_test_dso-fn_d_all_l_01_log.txt
SpawnPoolWorker-361| 2026-06-22 01:26:02,238,238 multiprocessing INFO See log at : ./logs/all_Lyapunov_test_dso-fn_d_all_l_01_log.txt
SpawnPoolWorker-361| 2026-06-22 01:26:02,239,239 multiprocessing INFO child process calling self.run()
SpawnPoolWorker-373| 2026-06-22 01:26:02,372,372 multiprocessing INFO STARTING NEW RUN ==========
SpawnPoolWorker-373| 2026-06-22 01:26:02,372,372 multiprocessing INFO SEE LOG AT : ./logs/all_Lyapunov_test_dso-fn_d_all_l_01_log.txt
SpawnPoolWorker-373| 2026-06-22 01:26:02,372,372 multiprocessing INFO See log at : ./logs/all_Lyapunov_test_dso-fn_d_all_l_01_log.txt
SpawnPoolWorker-373| 2026-06-22 01:26:02,375,375 multiprocessing INFO child process calling self.run()
SpawnPoolWorker-364| 2026-06-22 01:26:02,659,659 multiprocessing INFO STARTING NEW RUN ==========
SpawnPoolWorker-364| 2026-06-22 01:26:02,659,659 multiprocessing INFO SEE LOG AT : ./logs/all_Lyapunov_test_dso-fn_d_all_l_01_log.txt
SpawnPoolWorker-364| 2026-06-22 01:26:02,659,659 multiprocessing INFO See log at : ./logs/all_Lyapunov_test_dso-fn_d_all_l_01_log.txt
SpawnPoolWorker-364| 2026-06-22 01:26:02,661,661 multiprocessing INFO child process calling self.run()
SpawnPoolWorker-351| 2026-06-22 01:26:02,670,670 multiprocessing INFO STARTING NEW RUN ==========
SpawnPoolWorker-351| 2026-06-22 01:26:02,670,670 multiprocessing INFO SEE LOG AT : ./logs/all_Lyapunov_test_dso-fn_d_all_l_01_log.txt
SpawnPoolWorker-351| 2026-06-22 01:26:02,670,670 multiprocessing INFO See log at : ./logs/all_Lyapunov_test_dso-fn_d_all_l_01_log.txt
SpawnPoolWorker-351| 2026-06-22 01:26:02,673,673 multiprocessing INFO child process calling self.run()
SpawnPoolWorker-368| 2026-06-22 01:26:02,768,768 multiprocessing INFO STARTING NEW RUN ==========
SpawnPoolWorker-368| 2026-06-22 01:26:02,768,768 multiprocessing INFO SEE LOG AT : ./logs/all_Lyapunov_test_dso-fn_d_all_l_01_log.txt
SpawnPoolWorker-368| 2026-06-22 01:26:02,768,768 multiprocessing INFO See log at : ./logs/all_Lyapunov_test_dso-fn_d_all_l_01_log.txt
SpawnPoolWorker-368| 2026-06-22 01:26:02,769,769 multiprocessing INFO child process calling self.run()
SpawnPoolWorker-357| 2026-06-22 01:26:02,796,796 multiprocessing INFO STARTING NEW RUN ==========
SpawnPoolWorker-357| 2026-06-22 01:26:02,796,796 multiprocessing INFO SEE LOG AT : ./logs/all_Lyapunov_test_dso-fn_d_all_l_01_log.txt
SpawnPoolWorker-357| 2026-06-22 01:26:02,796,796 multiprocessing INFO See log at : ./logs/all_Lyapunov_test_dso-fn_d_all_l_01_log.txt
SpawnPoolWorker-357| 2026-06-22 01:26:02,802,802 multiprocessing INFO child process calling self.run()
SpawnPoolWorker-360| 2026-06-22 01:26:03,025,25 multiprocessing INFO STARTING NEW RUN ==========
SpawnPoolWorker-360| 2026-06-22 01:26:03,025,25 multiprocessing INFO SEE LOG AT : ./logs/all_Lyapunov_test_dso-fn_d_all_l_01_log.txt
SpawnPoolWorker-360| 2026-06-22 01:26:03,025,25 multiprocessing INFO See log at : ./logs/all_Lyapunov_test_dso-fn_d_all_l_01_log.txt
SpawnPoolWorker-360| 2026-06-22 01:26:03,027,27 multiprocessing INFO child process calling self.run()
SpawnPoolWorker-358| 2026-06-22 01:33:25,603,603 multiprocessing INFO process shutting down
SpawnPoolWorker-370| 2026-06-22 01:33:25,604,604 multiprocessing INFO process shutting down
SpawnPoolWorker-355| 2026-06-22 01:33:25,604,604 multiprocessing INFO process shutting down
SpawnPoolWorker-365| 2026-06-22 01:33:25,604,604 multiprocessing INFO process shutting down
SpawnPoolWorker-372| 2026-06-22 01:33:25,604,604 multiprocessing INFO process shutting down
SpawnPoolWorker-359| 2026-06-22 01:33:25,604,604 multiprocessing INFO process shutting down
SpawnPoolWorker-367| 2026-06-22 01:33:25,604,604 multiprocessing INFO process shutting down
SpawnPoolWorker-363| 2026-06-22 01:33:25,604,604 multiprocessing INFO process shutting down
SpawnPoolWorker-356| 2026-06-22 01:33:25,603,603 multiprocessing INFO process shutting down
SpawnPoolWorker-364| 2026-06-22 01:33:25,603,603 multiprocessing INFO process shutting down
SpawnPoolWorker-369| 2026-06-22 01:33:25,604,604 multiprocessing INFO process shutting down
SpawnPoolWorker-357| 2026-06-22 01:33:25,604,604 multiprocessing INFO process shutting down
SpawnPoolWorker-352| 2026-06-22 01:33:25,604,604 multiprocessing INFO process shutting down
SpawnPoolWorker-370| 2026-06-22 01:33:25,605,605 multiprocessing INFO process exiting with exitcode 0
SpawnPoolWorker-356| 2026-06-22 01:33:25,605,605 multiprocessing INFO process exiting with exitcode 0
SpawnPoolWorker-369| 2026-06-22 01:33:25,605,605 multiprocessing INFO process exiting with exitcode 0
SpawnPoolWorker-357| 2026-06-22 01:33:25,605,605 multiprocessing INFO process exiting with exitcode 0
SpawnPoolWorker-360| 2026-06-22 01:33:25,604,604 multiprocessing INFO process shutting down
SpawnPoolWorker-364| 2026-06-22 01:33:25,605,605 multiprocessing INFO process exiting with exitcode 0
SpawnPoolWorker-365| 2026-06-22 01:33:25,605,605 multiprocessing INFO process exiting with exitcode 0
SpawnPoolWorker-352| 2026-06-22 01:33:25,605,605 multiprocessing INFO process exiting with exitcode 0
SpawnPoolWorker-360| 2026-06-22 01:33:25,605,605 multiprocessing INFO process exiting with exitcode 0
SpawnPoolWorker-362| 2026-06-22 01:33:25,604,604 multiprocessing INFO process shutting down
SpawnPoolWorker-351| 2026-06-22 01:33:25,604,604 multiprocessing INFO process shutting down
SpawnPoolWorker-353| 2026-06-22 01:33:25,605,605 multiprocessing INFO process shutting down
SpawnPoolWorker-374| 2026-06-22 01:33:25,605,605 multiprocessing INFO process shutting down
SpawnPoolWorker-371| 2026-06-22 01:33:25,605,605 multiprocessing INFO process shutting down
SpawnPoolWorker-373| 2026-06-22 01:33:25,606,606 multiprocessing INFO process shutting down
28
(100000, 9)
(100000,)
(100000, 9)
(100000,)

=======================Successfully Added (50000, 9) Counter Examples=======================


============None of the candidates fulfill the conditions. Training CONTINUES!=================

MainProcess| 2026-06-22 01:33:32,129,129 multiprocessing INFO 
============None of the candidates fulfill the conditions. Training CONTINUES!=================


============None of the candidates fulfill the conditions. Training CONTINUES!=================

(550, 171)
/users/9/chen8596/miniconda3/envs/alfd/lib/python3.9/site-packages/torch/nn/functional.py:4999: UserWarning: Support for mismatched key_padding_mask and attn_mask is deprecated. Use same type for both instead.
  warnings.warn(

==============Start Supervised Learning==============

MainProcess| 2026-06-22 01:33:42,664,664 multiprocessing INFO GP output mean: 0.879789499955862
GP output mean: 0.879789499955862
MainProcess| 2026-06-22 01:33:43,210,210 multiprocessing INFO GP output success rate: 0.0
GP output success rate: 0.0

==============End Supervised Learning==============

MainProcess| 2026-06-22 01:33:45,332,332 multiprocessing INFO [Test epoch=0011]  nevals=151565 	| train_loss=11004.74609 	| eqs_invalid %=0.00 	| r_best=0.96552 	| quantile=0.00000 	| r_quantile_mean=0.08524 	| r_raw_sum=46.88214 	|  r_raw_mean=0.86819 	| r2=nan 	| acc_iid=0.00000 	| acc_ood=0.00000 	| nmse_test=0.03880963172868644 	| true_equation_set_count=0 	| s/it=679.98842
[Test epoch=0011]  nevals=151565 	| train_loss=11004.74609 	| eqs_invalid %=0.00 	| r_best=0.96552 	| quantile=0.00000 	| r_quantile_mean=0.08524 	| r_raw_sum=46.88214 	|  r_raw_mean=0.86819 	| r2=nan 	| acc_iid=0.00000 	| acc_ood=0.00000 	| nmse_test=0.03880963172868644 	| true_equation_set_count=0 	| s/it=679.98842
MainProcess| 2026-06-22 01:38:26,448,448 multiprocessing INFO Genetic Porgramming Runtime 279.96735393605195
Genetic Porgramming Runtime 279.96735393605195

=========================PGD Collection Starts=========================

SpawnPoolWorker-377| 2026-06-22 01:38:32,049,49 multiprocessing INFO STARTING NEW RUN ==========
SpawnPoolWorker-377| 2026-06-22 01:38:32,049,49 multiprocessing INFO SEE LOG AT : ./logs/all_Lyapunov_test_dso-fn_d_all_l_01_log.txt
SpawnPoolWorker-377| 2026-06-22 01:38:32,049,49 multiprocessing INFO See log at : ./logs/all_Lyapunov_test_dso-fn_d_all_l_01_log.txt
SpawnPoolWorker-384| 2026-06-22 01:38:32,049,49 multiprocessing INFO STARTING NEW RUN ==========
SpawnPoolWorker-384| 2026-06-22 01:38:32,051,51 multiprocessing INFO SEE LOG AT : ./logs/all_Lyapunov_test_dso-fn_d_all_l_01_log.txt
SpawnPoolWorker-384| 2026-06-22 01:38:32,051,51 multiprocessing INFO See log at : ./logs/all_Lyapunov_test_dso-fn_d_all_l_01_log.txt
SpawnPoolWorker-382| 2026-06-22 01:38:32,051,51 multiprocessing INFO STARTING NEW RUN ==========
SpawnPoolWorker-380| 2026-06-22 01:38:32,051,51 multiprocessing INFO STARTING NEW RUN ==========
SpawnPoolWorker-375| 2026-06-22 01:38:32,051,51 multiprocessing INFO STARTING NEW RUN ==========
SpawnPoolWorker-383| 2026-06-22 01:38:32,051,51 multiprocessing INFO STARTING NEW RUN ==========
SpawnPoolWorker-382| 2026-06-22 01:38:32,051,51 multiprocessing INFO SEE LOG AT : ./logs/all_Lyapunov_test_dso-fn_d_all_l_01_log.txt
SpawnPoolWorker-380| 2026-06-22 01:38:32,051,51 multiprocessing INFO SEE LOG AT : ./logs/all_Lyapunov_test_dso-fn_d_all_l_01_log.txt
SpawnPoolWorker-375| 2026-06-22 01:38:32,051,51 multiprocessing INFO SEE LOG AT : ./logs/all_Lyapunov_test_dso-fn_d_all_l_01_log.txt
SpawnPoolWorker-383| 2026-06-22 01:38:32,051,51 multiprocessing INFO SEE LOG AT : ./logs/all_Lyapunov_test_dso-fn_d_all_l_01_log.txt
SpawnPoolWorker-382| 2026-06-22 01:38:32,051,51 multiprocessing INFO See log at : ./logs/all_Lyapunov_test_dso-fn_d_all_l_01_log.txt
SpawnPoolWorker-380| 2026-06-22 01:38:32,051,51 multiprocessing INFO See log at : ./logs/all_Lyapunov_test_dso-fn_d_all_l_01_log.txt
SpawnPoolWorker-375| 2026-06-22 01:38:32,051,51 multiprocessing INFO See log at : ./logs/all_Lyapunov_test_dso-fn_d_all_l_01_log.txt
SpawnPoolWorker-383| 2026-06-22 01:38:32,051,51 multiprocessing INFO See log at : ./logs/all_Lyapunov_test_dso-fn_d_all_l_01_log.txt
SpawnPoolWorker-378| 2026-06-22 01:38:32,051,51 multiprocessing INFO STARTING NEW RUN ==========
SpawnPoolWorker-378| 2026-06-22 01:38:32,052,52 multiprocessing INFO SEE LOG AT : ./logs/all_Lyapunov_test_dso-fn_d_all_l_01_log.txt
SpawnPoolWorker-378| 2026-06-22 01:38:32,052,52 multiprocessing INFO See log at : ./logs/all_Lyapunov_test_dso-fn_d_all_l_01_log.txt
SpawnPoolWorker-377| 2026-06-22 01:38:32,053,53 multiprocessing INFO child process calling self.run()
SpawnPoolWorker-382| 2026-06-22 01:38:32,053,53 multiprocessing INFO child process calling self.run()
SpawnPoolWorker-380| 2026-06-22 01:38:32,053,53 multiprocessing INFO child process calling self.run()
SpawnPoolWorker-375| 2026-06-22 01:38:32,053,53 multiprocessing INFO child process calling self.run()
SpawnPoolWorker-384| 2026-06-22 01:38:32,053,53 multiprocessing INFO child process calling self.run()
SpawnPoolWorker-383| 2026-06-22 01:38:32,053,53 multiprocessing INFO child process calling self.run()
SpawnPoolWorker-378| 2026-06-22 01:38:32,053,53 multiprocessing INFO child process calling self.run()
SpawnPoolWorker-379| 2026-06-22 01:38:32,053,53 multiprocessing INFO STARTING NEW RUN ==========
SpawnPoolWorker-376| 2026-06-22 01:38:32,053,53 multiprocessing INFO STARTING NEW RUN ==========
SpawnPoolWorker-379| 2026-06-22 01:38:32,053,53 multiprocessing INFO SEE LOG AT : ./logs/all_Lyapunov_test_dso-fn_d_all_l_01_log.txt
SpawnPoolWorker-376| 2026-06-22 01:38:32,053,53 multiprocessing INFO SEE LOG AT : ./logs/all_Lyapunov_test_dso-fn_d_all_l_01_log.txt
SpawnPoolWorker-379| 2026-06-22 01:38:32,053,53 multiprocessing INFO See log at : ./logs/all_Lyapunov_test_dso-fn_d_all_l_01_log.txt
SpawnPoolWorker-376| 2026-06-22 01:38:32,053,53 multiprocessing INFO See log at : ./logs/all_Lyapunov_test_dso-fn_d_all_l_01_log.txt
SpawnPoolWorker-381| 2026-06-22 01:38:32,055,55 multiprocessing INFO STARTING NEW RUN ==========
SpawnPoolWorker-381| 2026-06-22 01:38:32,055,55 multiprocessing INFO SEE LOG AT : ./logs/all_Lyapunov_test_dso-fn_d_all_l_01_log.txt
SpawnPoolWorker-381| 2026-06-22 01:38:32,055,55 multiprocessing INFO See log at : ./logs/all_Lyapunov_test_dso-fn_d_all_l_01_log.txt
SpawnPoolWorker-379| 2026-06-22 01:38:32,055,55 multiprocessing INFO child process calling self.run()
SpawnPoolWorker-376| 2026-06-22 01:38:32,056,56 multiprocessing INFO child process calling self.run()
SpawnPoolWorker-381| 2026-06-22 01:38:32,058,58 multiprocessing INFO child process calling self.run()
SpawnPoolWorker-380| 2026-06-22 01:38:51,327,327 multiprocessing INFO process shutting down
SpawnPoolWorker-376| 2026-06-22 01:38:51,327,327 multiprocessing INFO process shutting down
SpawnPoolWorker-381| 2026-06-22 01:38:51,327,327 multiprocessing INFO process shutting down
SpawnPoolWorker-378| 2026-06-22 01:38:51,327,327 multiprocessing INFO process shutting down
SpawnPoolWorker-375| 2026-06-22 01:38:51,327,327 multiprocessing INFO process shutting down
SpawnPoolWorker-380| 2026-06-22 01:38:51,328,328 multiprocessing INFO process exiting with exitcode 0
SpawnPoolWorker-376| 2026-06-22 01:38:51,328,328 multiprocessing INFO process exiting with exitcode 0
SpawnPoolWorker-379| 2026-06-22 01:38:51,328,328 multiprocessing INFO process shutting down
SpawnPoolWorker-381| 2026-06-22 01:38:51,328,328 multiprocessing INFO process exiting with exitcode 0
SpawnPoolWorker-383| 2026-06-22 01:38:51,328,328 multiprocessing INFO process shutting down
SpawnPoolWorker-378| 2026-06-22 01:38:51,328,328 multiprocessing INFO process exiting with exitcode 0
SpawnPoolWorker-382| 2026-06-22 01:38:51,328,328 multiprocessing INFO process shutting down
SpawnPoolWorker-375| 2026-06-22 01:38:51,328,328 multiprocessing INFO process exiting with exitcode 0
SpawnPoolWorker-379| 2026-06-22 01:38:51,328,328 multiprocessing INFO process exiting with exitcode 0
SpawnPoolWorker-383| 2026-06-22 01:38:51,328,328 multiprocessing INFO process exiting with exitcode 0
SpawnPoolWorker-382| 2026-06-22 01:38:51,328,328 multiprocessing INFO process exiting with exitcode 0
(20000,)

===================Collect 20000 Examples===================

Epsilon 0.1
500
(550,)
(550,)
(55,)
Number of Programs for Minimization: 28
SpawnPoolWorker-390| 2026-06-22 01:39:09,375,375 multiprocessing INFO STARTING NEW RUN ==========
SpawnPoolWorker-390| 2026-06-22 01:39:09,375,375 multiprocessing INFO SEE LOG AT : ./logs/all_Lyapunov_test_dso-fn_d_all_l_01_log.txt
SpawnPoolWorker-390| 2026-06-22 01:39:09,375,375 multiprocessing INFO See log at : ./logs/all_Lyapunov_test_dso-fn_d_all_l_01_log.txt
SpawnPoolWorker-390| 2026-06-22 01:39:09,381,381 multiprocessing INFO child process calling self.run()
SpawnPoolWorker-389| 2026-06-22 01:39:09,667,667 multiprocessing INFO STARTING NEW RUN ==========
SpawnPoolWorker-389| 2026-06-22 01:39:09,667,667 multiprocessing INFO SEE LOG AT : ./logs/all_Lyapunov_test_dso-fn_d_all_l_01_log.txt
SpawnPoolWorker-389| 2026-06-22 01:39:09,667,667 multiprocessing INFO See log at : ./logs/all_Lyapunov_test_dso-fn_d_all_l_01_log.txt
SpawnPoolWorker-389| 2026-06-22 01:39:09,671,671 multiprocessing INFO child process calling self.run()
SpawnPoolWorker-386| 2026-06-22 01:39:09,862,862 multiprocessing INFO STARTING NEW RUN ==========
SpawnPoolWorker-386| 2026-06-22 01:39:09,862,862 multiprocessing INFO SEE LOG AT : ./logs/all_Lyapunov_test_dso-fn_d_all_l_01_log.txt
SpawnPoolWorker-386| 2026-06-22 01:39:09,862,862 multiprocessing INFO See log at : ./logs/all_Lyapunov_test_dso-fn_d_all_l_01_log.txt
SpawnPoolWorker-386| 2026-06-22 01:39:09,867,867 multiprocessing INFO child process calling self.run()
SpawnPoolWorker-387| 2026-06-22 01:39:09,908,908 multiprocessing INFO STARTING NEW RUN ==========
SpawnPoolWorker-387| 2026-06-22 01:39:09,908,908 multiprocessing INFO SEE LOG AT : ./logs/all_Lyapunov_test_dso-fn_d_all_l_01_log.txt
SpawnPoolWorker-387| 2026-06-22 01:39:09,908,908 multiprocessing INFO See log at : ./logs/all_Lyapunov_test_dso-fn_d_all_l_01_log.txt
SpawnPoolWorker-387| 2026-06-22 01:39:09,912,912 multiprocessing INFO child process calling self.run()
SpawnPoolWorker-388| 2026-06-22 01:39:09,919,919 multiprocessing INFO STARTING NEW RUN ==========
SpawnPoolWorker-388| 2026-06-22 01:39:09,919,919 multiprocessing INFO SEE LOG AT : ./logs/all_Lyapunov_test_dso-fn_d_all_l_01_log.txt
SpawnPoolWorker-388| 2026-06-22 01:39:09,919,919 multiprocessing INFO See log at : ./logs/all_Lyapunov_test_dso-fn_d_all_l_01_log.txt
SpawnPoolWorker-388| 2026-06-22 01:39:09,923,923 multiprocessing INFO child process calling self.run()
SpawnPoolWorker-403| 2026-06-22 01:39:09,984,984 multiprocessing INFO STARTING NEW RUN ==========
SpawnPoolWorker-403| 2026-06-22 01:39:09,984,984 multiprocessing INFO SEE LOG AT : ./logs/all_Lyapunov_test_dso-fn_d_all_l_01_log.txt
SpawnPoolWorker-403| 2026-06-22 01:39:09,984,984 multiprocessing INFO See log at : ./logs/all_Lyapunov_test_dso-fn_d_all_l_01_log.txt
SpawnPoolWorker-403| 2026-06-22 01:39:09,987,987 multiprocessing INFO child process calling self.run()
SpawnPoolWorker-396| 2026-06-22 01:39:10,082,82 multiprocessing INFO STARTING NEW RUN ==========
SpawnPoolWorker-396| 2026-06-22 01:39:10,082,82 multiprocessing INFO SEE LOG AT : ./logs/all_Lyapunov_test_dso-fn_d_all_l_01_log.txt
SpawnPoolWorker-396| 2026-06-22 01:39:10,082,82 multiprocessing INFO See log at : ./logs/all_Lyapunov_test_dso-fn_d_all_l_01_log.txt
SpawnPoolWorker-396| 2026-06-22 01:39:10,085,85 multiprocessing INFO child process calling self.run()
SpawnPoolWorker-385| 2026-06-22 01:39:10,123,123 multiprocessing INFO STARTING NEW RUN ==========
SpawnPoolWorker-385| 2026-06-22 01:39:10,123,123 multiprocessing INFO SEE LOG AT : ./logs/all_Lyapunov_test_dso-fn_d_all_l_01_log.txt
SpawnPoolWorker-385| 2026-06-22 01:39:10,123,123 multiprocessing INFO See log at : ./logs/all_Lyapunov_test_dso-fn_d_all_l_01_log.txt
SpawnPoolWorker-385| 2026-06-22 01:39:10,125,125 multiprocessing INFO child process calling self.run()
SpawnPoolWorker-406| 2026-06-22 01:39:10,502,502 multiprocessing INFO STARTING NEW RUN ==========
SpawnPoolWorker-406| 2026-06-22 01:39:10,502,502 multiprocessing INFO SEE LOG AT : ./logs/all_Lyapunov_test_dso-fn_d_all_l_01_log.txt
SpawnPoolWorker-406| 2026-06-22 01:39:10,502,502 multiprocessing INFO See log at : ./logs/all_Lyapunov_test_dso-fn_d_all_l_01_log.txt
SpawnPoolWorker-406| 2026-06-22 01:39:10,504,504 multiprocessing INFO child process calling self.run()
SpawnPoolWorker-394| 2026-06-22 01:39:10,631,631 multiprocessing INFO STARTING NEW RUN ==========
SpawnPoolWorker-394| 2026-06-22 01:39:10,631,631 multiprocessing INFO SEE LOG AT : ./logs/all_Lyapunov_test_dso-fn_d_all_l_01_log.txt
SpawnPoolWorker-394| 2026-06-22 01:39:10,631,631 multiprocessing INFO See log at : ./logs/all_Lyapunov_test_dso-fn_d_all_l_01_log.txt
SpawnPoolWorker-394| 2026-06-22 01:39:10,633,633 multiprocessing INFO child process calling self.run()
SpawnPoolWorker-401| 2026-06-22 01:39:10,786,786 multiprocessing INFO STARTING NEW RUN ==========
SpawnPoolWorker-401| 2026-06-22 01:39:10,786,786 multiprocessing INFO SEE LOG AT : ./logs/all_Lyapunov_test_dso-fn_d_all_l_01_log.txt
SpawnPoolWorker-401| 2026-06-22 01:39:10,786,786 multiprocessing INFO See log at : ./logs/all_Lyapunov_test_dso-fn_d_all_l_01_log.txt
SpawnPoolWorker-401| 2026-06-22 01:39:10,791,791 multiprocessing INFO child process calling self.run()
SpawnPoolWorker-402| 2026-06-22 01:39:10,792,792 multiprocessing INFO STARTING NEW RUN ==========
SpawnPoolWorker-402| 2026-06-22 01:39:10,792,792 multiprocessing INFO SEE LOG AT : ./logs/all_Lyapunov_test_dso-fn_d_all_l_01_log.txt
SpawnPoolWorker-402| 2026-06-22 01:39:10,792,792 multiprocessing INFO See log at : ./logs/all_Lyapunov_test_dso-fn_d_all_l_01_log.txt
SpawnPoolWorker-402| 2026-06-22 01:39:10,801,801 multiprocessing INFO child process calling self.run()
SpawnPoolWorker-407| 2026-06-22 01:39:10,962,962 multiprocessing INFO STARTING NEW RUN ==========
SpawnPoolWorker-407| 2026-06-22 01:39:10,962,962 multiprocessing INFO SEE LOG AT : ./logs/all_Lyapunov_test_dso-fn_d_all_l_01_log.txt
SpawnPoolWorker-407| 2026-06-22 01:39:10,962,962 multiprocessing INFO See log at : ./logs/all_Lyapunov_test_dso-fn_d_all_l_01_log.txt
SpawnPoolWorker-407| 2026-06-22 01:39:10,976,976 multiprocessing INFO child process calling self.run()
SpawnPoolWorker-408| 2026-06-22 01:39:11,201,201 multiprocessing INFO STARTING NEW RUN ==========
SpawnPoolWorker-408| 2026-06-22 01:39:11,201,201 multiprocessing INFO SEE LOG AT : ./logs/all_Lyapunov_test_dso-fn_d_all_l_01_log.txt
SpawnPoolWorker-408| 2026-06-22 01:39:11,201,201 multiprocessing INFO See log at : ./logs/all_Lyapunov_test_dso-fn_d_all_l_01_log.txt
SpawnPoolWorker-408| 2026-06-22 01:39:11,203,203 multiprocessing INFO child process calling self.run()
SpawnPoolWorker-395| 2026-06-22 01:39:11,245,245 multiprocessing INFO STARTING NEW RUN ==========
SpawnPoolWorker-395| 2026-06-22 01:39:11,245,245 multiprocessing INFO SEE LOG AT : ./logs/all_Lyapunov_test_dso-fn_d_all_l_01_log.txt
SpawnPoolWorker-395| 2026-06-22 01:39:11,245,245 multiprocessing INFO See log at : ./logs/all_Lyapunov_test_dso-fn_d_all_l_01_log.txt
SpawnPoolWorker-395| 2026-06-22 01:39:11,246,246 multiprocessing INFO child process calling self.run()
SpawnPoolWorker-400| 2026-06-22 01:39:11,451,451 multiprocessing INFO STARTING NEW RUN ==========
SpawnPoolWorker-400| 2026-06-22 01:39:11,451,451 multiprocessing INFO SEE LOG AT : ./logs/all_Lyapunov_test_dso-fn_d_all_l_01_log.txt
SpawnPoolWorker-400| 2026-06-22 01:39:11,451,451 multiprocessing INFO See log at : ./logs/all_Lyapunov_test_dso-fn_d_all_l_01_log.txt
SpawnPoolWorker-400| 2026-06-22 01:39:11,461,461 multiprocessing INFO child process calling self.run()
SpawnPoolWorker-392| 2026-06-22 01:39:11,529,529 multiprocessing INFO STARTING NEW RUN ==========
SpawnPoolWorker-392| 2026-06-22 01:39:11,529,529 multiprocessing INFO SEE LOG AT : ./logs/all_Lyapunov_test_dso-fn_d_all_l_01_log.txt
SpawnPoolWorker-392| 2026-06-22 01:39:11,529,529 multiprocessing INFO See log at : ./logs/all_Lyapunov_test_dso-fn_d_all_l_01_log.txt
SpawnPoolWorker-392| 2026-06-22 01:39:11,531,531 multiprocessing INFO child process calling self.run()
SpawnPoolWorker-393| 2026-06-22 01:39:11,574,574 multiprocessing INFO STARTING NEW RUN ==========
SpawnPoolWorker-393| 2026-06-22 01:39:11,574,574 multiprocessing INFO SEE LOG AT : ./logs/all_Lyapunov_test_dso-fn_d_all_l_01_log.txt
SpawnPoolWorker-393| 2026-06-22 01:39:11,574,574 multiprocessing INFO See log at : ./logs/all_Lyapunov_test_dso-fn_d_all_l_01_log.txt
SpawnPoolWorker-393| 2026-06-22 01:39:11,577,577 multiprocessing INFO child process calling self.run()
SpawnPoolWorker-405| 2026-06-22 01:39:11,603,603 multiprocessing INFO STARTING NEW RUN ==========
SpawnPoolWorker-405| 2026-06-22 01:39:11,603,603 multiprocessing INFO SEE LOG AT : ./logs/all_Lyapunov_test_dso-fn_d_all_l_01_log.txt
SpawnPoolWorker-405| 2026-06-22 01:39:11,603,603 multiprocessing INFO See log at : ./logs/all_Lyapunov_test_dso-fn_d_all_l_01_log.txt
SpawnPoolWorker-405| 2026-06-22 01:39:11,604,604 multiprocessing INFO child process calling self.run()
SpawnPoolWorker-398| 2026-06-22 01:39:11,653,653 multiprocessing INFO STARTING NEW RUN ==========
SpawnPoolWorker-398| 2026-06-22 01:39:11,653,653 multiprocessing INFO SEE LOG AT : ./logs/all_Lyapunov_test_dso-fn_d_all_l_01_log.txt
SpawnPoolWorker-398| 2026-06-22 01:39:11,653,653 multiprocessing INFO See log at : ./logs/all_Lyapunov_test_dso-fn_d_all_l_01_log.txt
SpawnPoolWorker-398| 2026-06-22 01:39:11,656,656 multiprocessing INFO child process calling self.run()
SpawnPoolWorker-399| 2026-06-22 01:39:11,709,709 multiprocessing INFO STARTING NEW RUN ==========
SpawnPoolWorker-399| 2026-06-22 01:39:11,709,709 multiprocessing INFO SEE LOG AT : ./logs/all_Lyapunov_test_dso-fn_d_all_l_01_log.txt
SpawnPoolWorker-399| 2026-06-22 01:39:11,709,709 multiprocessing INFO See log at : ./logs/all_Lyapunov_test_dso-fn_d_all_l_01_log.txt
SpawnPoolWorker-399| 2026-06-22 01:39:11,720,720 multiprocessing INFO child process calling self.run()
SpawnPoolWorker-391| 2026-06-22 01:39:11,844,844 multiprocessing INFO STARTING NEW RUN ==========
SpawnPoolWorker-391| 2026-06-22 01:39:11,844,844 multiprocessing INFO SEE LOG AT : ./logs/all_Lyapunov_test_dso-fn_d_all_l_01_log.txt
SpawnPoolWorker-391| 2026-06-22 01:39:11,844,844 multiprocessing INFO See log at : ./logs/all_Lyapunov_test_dso-fn_d_all_l_01_log.txt
SpawnPoolWorker-391| 2026-06-22 01:39:11,852,852 multiprocessing INFO child process calling self.run()
SpawnPoolWorker-404| 2026-06-22 01:39:12,167,167 multiprocessing INFO STARTING NEW RUN ==========
SpawnPoolWorker-404| 2026-06-22 01:39:12,167,167 multiprocessing INFO SEE LOG AT : ./logs/all_Lyapunov_test_dso-fn_d_all_l_01_log.txt
SpawnPoolWorker-404| 2026-06-22 01:39:12,167,167 multiprocessing INFO See log at : ./logs/all_Lyapunov_test_dso-fn_d_all_l_01_log.txt
SpawnPoolWorker-404| 2026-06-22 01:39:12,169,169 multiprocessing INFO child process calling self.run()
SpawnPoolWorker-397| 2026-06-22 01:39:12,211,211 multiprocessing INFO STARTING NEW RUN ==========
SpawnPoolWorker-397| 2026-06-22 01:39:12,211,211 multiprocessing INFO SEE LOG AT : ./logs/all_Lyapunov_test_dso-fn_d_all_l_01_log.txt
SpawnPoolWorker-397| 2026-06-22 01:39:12,211,211 multiprocessing INFO See log at : ./logs/all_Lyapunov_test_dso-fn_d_all_l_01_log.txt
SpawnPoolWorker-397| 2026-06-22 01:39:12,213,213 multiprocessing INFO child process calling self.run()
SpawnPoolWorker-388| 2026-06-22 01:45:39,370,370 multiprocessing INFO process shutting down
SpawnPoolWorker-401| 2026-06-22 01:45:39,371,371 multiprocessing INFO process shutting down
SpawnPoolWorker-389| 2026-06-22 01:45:39,370,370 multiprocessing INFO process shutting down
SpawnPoolWorker-403| 2026-06-22 01:45:39,371,371 multiprocessing INFO process shutting down
SpawnPoolWorker-400| 2026-06-22 01:45:39,370,370 multiprocessing INFO process shutting down
SpawnPoolWorker-396| 2026-06-22 01:45:39,371,371 multiprocessing INFO process shutting down
SpawnPoolWorker-399| 2026-06-22 01:45:39,370,370 multiprocessing INFO process shutting down
SpawnPoolWorker-408| 2026-06-22 01:45:39,371,371 multiprocessing INFO process shutting down
SpawnPoolWorker-406| 2026-06-22 01:45:39,371,371 multiprocessing INFO process shutting down
SpawnPoolWorker-397| 2026-06-22 01:45:39,371,371 multiprocessing INFO process shutting down
SpawnPoolWorker-386| 2026-06-22 01:45:39,371,371 multiprocessing INFO process shutting down
SpawnPoolWorker-404| 2026-06-22 01:45:39,371,371 multiprocessing INFO process shutting down
SpawnPoolWorker-407| 2026-06-22 01:45:39,371,371 multiprocessing INFO process shutting down
SpawnPoolWorker-391| 2026-06-22 01:45:39,371,371 multiprocessing INFO process shutting down
SpawnPoolWorker-393| 2026-06-22 01:45:39,371,371 multiprocessing INFO process shutting down
SpawnPoolWorker-394| 2026-06-22 01:45:39,371,371 multiprocessing INFO process shutting down
SpawnPoolWorker-392| 2026-06-22 01:45:39,371,371 multiprocessing INFO process shutting down
SpawnPoolWorker-394| 2026-06-22 01:45:39,372,372 multiprocessing INFO process exiting with exitcode 0
SpawnPoolWorker-393| 2026-06-22 01:45:39,372,372 multiprocessing INFO process exiting with exitcode 0
SpawnPoolWorker-389| 2026-06-22 01:45:39,372,372 multiprocessing INFO process exiting with exitcode 0
SpawnPoolWorker-392| 2026-06-22 01:45:39,372,372 multiprocessing INFO process exiting with exitcode 0
SpawnPoolWorker-401| 2026-06-22 01:45:39,372,372 multiprocessing INFO process exiting with exitcode 0
SpawnPoolWorker-403| 2026-06-22 01:45:39,372,372 multiprocessing INFO process exiting with exitcode 0
SpawnPoolWorker-396| 2026-06-22 01:45:39,372,372 multiprocessing INFO process exiting with exitcode 0
SpawnPoolWorker-399| 2026-06-22 01:45:39,372,372 multiprocessing INFO process exiting with exitcode 0
SpawnPoolWorker-404| 2026-06-22 01:45:39,372,372 multiprocessing INFO process exiting with exitcode 0
SpawnPoolWorker-390| 2026-06-22 01:45:39,372,372 multiprocessing INFO process shutting down
SpawnPoolWorker-385| 2026-06-22 01:45:39,372,372 multiprocessing INFO process shutting down
SpawnPoolWorker-405| 2026-06-22 01:45:39,372,372 multiprocessing INFO process shutting down
SpawnPoolWorker-395| 2026-06-22 01:45:39,373,373 multiprocessing INFO process shutting down
SpawnPoolWorker-402| 2026-06-22 01:45:39,373,373 multiprocessing INFO process shutting down
28
(100000, 9)
(100000,)
(100000, 9)
(100000,)

=======================Successfully Added (50000, 9) Counter Examples=======================


============None of the candidates fulfill the conditions. Training CONTINUES!=================

MainProcess| 2026-06-22 01:45:43,178,178 multiprocessing INFO 
============None of the candidates fulfill the conditions. Training CONTINUES!=================


============None of the candidates fulfill the conditions. Training CONTINUES!=================

(55, 171)
/users/9/chen8596/miniconda3/envs/alfd/lib/python3.9/site-packages/torch/nn/functional.py:4999: UserWarning: Support for mismatched key_padding_mask and attn_mask is deprecated. Use same type for both instead.
  warnings.warn(

==============Start Supervised Learning==============

MainProcess| 2026-06-22 01:45:50,283,283 multiprocessing INFO GP output mean: 0.6985220366485968
GP output mean: 0.6985220366485968
MainProcess| 2026-06-22 01:45:51,260,260 multiprocessing INFO GP output success rate: 0.0
GP output success rate: 0.0

==============End Supervised Learning==============

MainProcess| 2026-06-22 01:45:53,349,349 multiprocessing INFO [Test epoch=0012]  nevals=165412 	| train_loss=11200.29688 	| eqs_invalid %=0.00 	| r_best=0.96552 	| quantile=0.24258 	| r_quantile_mean=0.70572 	| r_raw_sum=39.20598 	|  r_raw_mean=0.63235 	| r2=nan 	| acc_iid=0.00000 	| acc_ood=0.00000 	| nmse_test=0.03880963172868644 	| true_equation_set_count=0 	| s/it=728.01616
[Test epoch=0012]  nevals=165412 	| train_loss=11200.29688 	| eqs_invalid %=0.00 	| r_best=0.96552 	| quantile=0.24258 	| r_quantile_mean=0.70572 	| r_raw_sum=39.20598 	|  r_raw_mean=0.63235 	| r2=nan 	| acc_iid=0.00000 	| acc_ood=0.00000 	| nmse_test=0.03880963172868644 	| true_equation_set_count=0 	| s/it=728.01616
MainProcess| 2026-06-22 01:48:05,606,606 multiprocessing INFO Genetic Porgramming Runtime 131.09052713913843
Genetic Porgramming Runtime 131.09052713913843

=========================PGD Collection Starts=========================

SpawnPoolWorker-414| 2026-06-22 01:48:11,332,332 multiprocessing INFO STARTING NEW RUN ==========
SpawnPoolWorker-414| 2026-06-22 01:48:11,332,332 multiprocessing INFO SEE LOG AT : ./logs/all_Lyapunov_test_dso-fn_d_all_l_01_log.txt
SpawnPoolWorker-414| 2026-06-22 01:48:11,332,332 multiprocessing INFO See log at : ./logs/all_Lyapunov_test_dso-fn_d_all_l_01_log.txt
SpawnPoolWorker-416| 2026-06-22 01:48:11,332,332 multiprocessing INFO STARTING NEW RUN ==========
SpawnPoolWorker-416| 2026-06-22 01:48:11,332,332 multiprocessing INFO SEE LOG AT : ./logs/all_Lyapunov_test_dso-fn_d_all_l_01_log.txt
SpawnPoolWorker-416| 2026-06-22 01:48:11,333,333 multiprocessing INFO See log at : ./logs/all_Lyapunov_test_dso-fn_d_all_l_01_log.txt
SpawnPoolWorker-417| 2026-06-22 01:48:11,333,333 multiprocessing INFO STARTING NEW RUN ==========
SpawnPoolWorker-411| 2026-06-22 01:48:11,333,333 multiprocessing INFO STARTING NEW RUN ==========
SpawnPoolWorker-413| 2026-06-22 01:48:11,334,334 multiprocessing INFO STARTING NEW RUN ==========
SpawnPoolWorker-410| 2026-06-22 01:48:11,334,334 multiprocessing INFO STARTING NEW RUN ==========
SpawnPoolWorker-412| 2026-06-22 01:48:11,334,334 multiprocessing INFO STARTING NEW RUN ==========
SpawnPoolWorker-417| 2026-06-22 01:48:11,334,334 multiprocessing INFO SEE LOG AT : ./logs/all_Lyapunov_test_dso-fn_d_all_l_01_log.txt
SpawnPoolWorker-411| 2026-06-22 01:48:11,334,334 multiprocessing INFO SEE LOG AT : ./logs/all_Lyapunov_test_dso-fn_d_all_l_01_log.txt
SpawnPoolWorker-413| 2026-06-22 01:48:11,334,334 multiprocessing INFO SEE LOG AT : ./logs/all_Lyapunov_test_dso-fn_d_all_l_01_log.txt
SpawnPoolWorker-410| 2026-06-22 01:48:11,334,334 multiprocessing INFO SEE LOG AT : ./logs/all_Lyapunov_test_dso-fn_d_all_l_01_log.txt
SpawnPoolWorker-412| 2026-06-22 01:48:11,334,334 multiprocessing INFO SEE LOG AT : ./logs/all_Lyapunov_test_dso-fn_d_all_l_01_log.txt
SpawnPoolWorker-417| 2026-06-22 01:48:11,334,334 multiprocessing INFO See log at : ./logs/all_Lyapunov_test_dso-fn_d_all_l_01_log.txt
SpawnPoolWorker-411| 2026-06-22 01:48:11,334,334 multiprocessing INFO See log at : ./logs/all_Lyapunov_test_dso-fn_d_all_l_01_log.txt
SpawnPoolWorker-413| 2026-06-22 01:48:11,334,334 multiprocessing INFO See log at : ./logs/all_Lyapunov_test_dso-fn_d_all_l_01_log.txt
SpawnPoolWorker-410| 2026-06-22 01:48:11,334,334 multiprocessing INFO See log at : ./logs/all_Lyapunov_test_dso-fn_d_all_l_01_log.txt
SpawnPoolWorker-412| 2026-06-22 01:48:11,334,334 multiprocessing INFO See log at : ./logs/all_Lyapunov_test_dso-fn_d_all_l_01_log.txt
SpawnPoolWorker-414| 2026-06-22 01:48:11,335,335 multiprocessing INFO child process calling self.run()
SpawnPoolWorker-413| 2026-06-22 01:48:11,335,335 multiprocessing INFO child process calling self.run()
SpawnPoolWorker-412| 2026-06-22 01:48:11,335,335 multiprocessing INFO child process calling self.run()
SpawnPoolWorker-410| 2026-06-22 01:48:11,335,335 multiprocessing INFO child process calling self.run()
SpawnPoolWorker-416| 2026-06-22 01:48:11,336,336 multiprocessing INFO child process calling self.run()
SpawnPoolWorker-411| 2026-06-22 01:48:11,336,336 multiprocessing INFO child process calling self.run()
SpawnPoolWorker-417| 2026-06-22 01:48:11,336,336 multiprocessing INFO child process calling self.run()
SpawnPoolWorker-415| 2026-06-22 01:48:11,340,340 multiprocessing INFO STARTING NEW RUN ==========
SpawnPoolWorker-418| 2026-06-22 01:48:11,340,340 multiprocessing INFO STARTING NEW RUN ==========
SpawnPoolWorker-415| 2026-06-22 01:48:11,340,340 multiprocessing INFO SEE LOG AT : ./logs/all_Lyapunov_test_dso-fn_d_all_l_01_log.txt
SpawnPoolWorker-418| 2026-06-22 01:48:11,340,340 multiprocessing INFO SEE LOG AT : ./logs/all_Lyapunov_test_dso-fn_d_all_l_01_log.txt
SpawnPoolWorker-415| 2026-06-22 01:48:11,340,340 multiprocessing INFO See log at : ./logs/all_Lyapunov_test_dso-fn_d_all_l_01_log.txt
SpawnPoolWorker-418| 2026-06-22 01:48:11,340,340 multiprocessing INFO See log at : ./logs/all_Lyapunov_test_dso-fn_d_all_l_01_log.txt
SpawnPoolWorker-409| 2026-06-22 01:48:11,342,342 multiprocessing INFO STARTING NEW RUN ==========
SpawnPoolWorker-409| 2026-06-22 01:48:11,342,342 multiprocessing INFO SEE LOG AT : ./logs/all_Lyapunov_test_dso-fn_d_all_l_01_log.txt
SpawnPoolWorker-409| 2026-06-22 01:48:11,342,342 multiprocessing INFO See log at : ./logs/all_Lyapunov_test_dso-fn_d_all_l_01_log.txt
SpawnPoolWorker-415| 2026-06-22 01:48:11,342,342 multiprocessing INFO child process calling self.run()
SpawnPoolWorker-418| 2026-06-22 01:48:11,342,342 multiprocessing INFO child process calling self.run()
SpawnPoolWorker-409| 2026-06-22 01:48:11,343,343 multiprocessing INFO child process calling self.run()
SpawnPoolWorker-409| 2026-06-22 01:48:28,456,456 multiprocessing INFO process shutting down
SpawnPoolWorker-417| 2026-06-22 01:48:28,456,456 multiprocessing INFO process shutting down
SpawnPoolWorker-415| 2026-06-22 01:48:28,456,456 multiprocessing INFO process shutting down
SpawnPoolWorker-409| 2026-06-22 01:48:28,456,456 multiprocessing INFO process exiting with exitcode 0
SpawnPoolWorker-416| 2026-06-22 01:48:28,456,456 multiprocessing INFO process shutting down
SpawnPoolWorker-411| 2026-06-22 01:48:28,456,456 multiprocessing INFO process shutting down
SpawnPoolWorker-413| 2026-06-22 01:48:28,456,456 multiprocessing INFO process shutting down
SpawnPoolWorker-417| 2026-06-22 01:48:28,456,456 multiprocessing INFO process exiting with exitcode 0
SpawnPoolWorker-415| 2026-06-22 01:48:28,456,456 multiprocessing INFO process exiting with exitcode 0
SpawnPoolWorker-416| 2026-06-22 01:48:28,456,456 multiprocessing INFO process exiting with exitcode 0
SpawnPoolWorker-410| 2026-06-22 01:48:28,456,456 multiprocessing INFO process shutting down
SpawnPoolWorker-411| 2026-06-22 01:48:28,457,457 multiprocessing INFO process exiting with exitcode 0
SpawnPoolWorker-412| 2026-06-22 01:48:28,456,456 multiprocessing INFO process shutting down
(20000,)

===================Collect 20000 Examples===================

Epsilon 0.1
500
(550,)
(550,)
(55,)
Number of Programs for Minimization: 28
SpawnPoolWorker-428| 2026-06-22 01:48:45,360,360 multiprocessing INFO STARTING NEW RUN ==========
SpawnPoolWorker-428| 2026-06-22 01:48:45,360,360 multiprocessing INFO SEE LOG AT : ./logs/all_Lyapunov_test_dso-fn_d_all_l_01_log.txt
SpawnPoolWorker-428| 2026-06-22 01:48:45,360,360 multiprocessing INFO See log at : ./logs/all_Lyapunov_test_dso-fn_d_all_l_01_log.txt
SpawnPoolWorker-428| 2026-06-22 01:48:45,365,365 multiprocessing INFO child process calling self.run()
SpawnPoolWorker-432| 2026-06-22 01:48:45,474,474 multiprocessing INFO STARTING NEW RUN ==========
SpawnPoolWorker-432| 2026-06-22 01:48:45,474,474 multiprocessing INFO SEE LOG AT : ./logs/all_Lyapunov_test_dso-fn_d_all_l_01_log.txt
SpawnPoolWorker-432| 2026-06-22 01:48:45,474,474 multiprocessing INFO See log at : ./logs/all_Lyapunov_test_dso-fn_d_all_l_01_log.txt
SpawnPoolWorker-432| 2026-06-22 01:48:45,478,478 multiprocessing INFO child process calling self.run()
SpawnPoolWorker-419| 2026-06-22 01:48:45,596,596 multiprocessing INFO STARTING NEW RUN ==========
SpawnPoolWorker-419| 2026-06-22 01:48:45,596,596 multiprocessing INFO SEE LOG AT : ./logs/all_Lyapunov_test_dso-fn_d_all_l_01_log.txt
SpawnPoolWorker-419| 2026-06-22 01:48:45,596,596 multiprocessing INFO See log at : ./logs/all_Lyapunov_test_dso-fn_d_all_l_01_log.txt
SpawnPoolWorker-419| 2026-06-22 01:48:45,599,599 multiprocessing INFO child process calling self.run()
SpawnPoolWorker-426| 2026-06-22 01:48:45,664,664 multiprocessing INFO STARTING NEW RUN ==========
SpawnPoolWorker-426| 2026-06-22 01:48:45,664,664 multiprocessing INFO SEE LOG AT : ./logs/all_Lyapunov_test_dso-fn_d_all_l_01_log.txt
SpawnPoolWorker-426| 2026-06-22 01:48:45,664,664 multiprocessing INFO See log at : ./logs/all_Lyapunov_test_dso-fn_d_all_l_01_log.txt
SpawnPoolWorker-426| 2026-06-22 01:48:45,667,667 multiprocessing INFO child process calling self.run()
SpawnPoolWorker-429| 2026-06-22 01:48:45,968,968 multiprocessing INFO STARTING NEW RUN ==========
SpawnPoolWorker-429| 2026-06-22 01:48:45,969,969 multiprocessing INFO SEE LOG AT : ./logs/all_Lyapunov_test_dso-fn_d_all_l_01_log.txt
SpawnPoolWorker-429| 2026-06-22 01:48:45,969,969 multiprocessing INFO See log at : ./logs/all_Lyapunov_test_dso-fn_d_all_l_01_log.txt
SpawnPoolWorker-427| 2026-06-22 01:48:45,972,972 multiprocessing INFO STARTING NEW RUN ==========
SpawnPoolWorker-427| 2026-06-22 01:48:45,972,972 multiprocessing INFO SEE LOG AT : ./logs/all_Lyapunov_test_dso-fn_d_all_l_01_log.txt
SpawnPoolWorker-427| 2026-06-22 01:48:45,972,972 multiprocessing INFO See log at : ./logs/all_Lyapunov_test_dso-fn_d_all_l_01_log.txt
SpawnPoolWorker-429| 2026-06-22 01:48:45,974,974 multiprocessing INFO child process calling self.run()
SpawnPoolWorker-427| 2026-06-22 01:48:45,974,974 multiprocessing INFO child process calling self.run()
SpawnPoolWorker-436| 2026-06-22 01:48:46,063,63 multiprocessing INFO STARTING NEW RUN ==========
SpawnPoolWorker-436| 2026-06-22 01:48:46,063,63 multiprocessing INFO SEE LOG AT : ./logs/all_Lyapunov_test_dso-fn_d_all_l_01_log.txt
SpawnPoolWorker-436| 2026-06-22 01:48:46,063,63 multiprocessing INFO See log at : ./logs/all_Lyapunov_test_dso-fn_d_all_l_01_log.txt
SpawnPoolWorker-436| 2026-06-22 01:48:46,065,65 multiprocessing INFO child process calling self.run()
SpawnPoolWorker-425| 2026-06-22 01:48:46,143,143 multiprocessing INFO STARTING NEW RUN ==========
SpawnPoolWorker-425| 2026-06-22 01:48:46,143,143 multiprocessing INFO SEE LOG AT : ./logs/all_Lyapunov_test_dso-fn_d_all_l_01_log.txt
SpawnPoolWorker-425| 2026-06-22 01:48:46,143,143 multiprocessing INFO See log at : ./logs/all_Lyapunov_test_dso-fn_d_all_l_01_log.txt
SpawnPoolWorker-425| 2026-06-22 01:48:46,146,146 multiprocessing INFO child process calling self.run()
SpawnPoolWorker-424| 2026-06-22 01:48:46,154,154 multiprocessing INFO STARTING NEW RUN ==========
SpawnPoolWorker-424| 2026-06-22 01:48:46,154,154 multiprocessing INFO SEE LOG AT : ./logs/all_Lyapunov_test_dso-fn_d_all_l_01_log.txt
SpawnPoolWorker-424| 2026-06-22 01:48:46,154,154 multiprocessing INFO See log at : ./logs/all_Lyapunov_test_dso-fn_d_all_l_01_log.txt
SpawnPoolWorker-424| 2026-06-22 01:48:46,159,159 multiprocessing INFO child process calling self.run()
SpawnPoolWorker-422| 2026-06-22 01:48:46,167,167 multiprocessing INFO STARTING NEW RUN ==========
SpawnPoolWorker-422| 2026-06-22 01:48:46,167,167 multiprocessing INFO SEE LOG AT : ./logs/all_Lyapunov_test_dso-fn_d_all_l_01_log.txt
SpawnPoolWorker-422| 2026-06-22 01:48:46,167,167 multiprocessing INFO See log at : ./logs/all_Lyapunov_test_dso-fn_d_all_l_01_log.txt
SpawnPoolWorker-422| 2026-06-22 01:48:46,170,170 multiprocessing INFO child process calling self.run()
SpawnPoolWorker-421| 2026-06-22 01:48:46,373,373 multiprocessing INFO STARTING NEW RUN ==========
SpawnPoolWorker-421| 2026-06-22 01:48:46,373,373 multiprocessing INFO SEE LOG AT : ./logs/all_Lyapunov_test_dso-fn_d_all_l_01_log.txt
SpawnPoolWorker-421| 2026-06-22 01:48:46,373,373 multiprocessing INFO See log at : ./logs/all_Lyapunov_test_dso-fn_d_all_l_01_log.txt
SpawnPoolWorker-421| 2026-06-22 01:48:46,377,377 multiprocessing INFO child process calling self.run()
SpawnPoolWorker-420| 2026-06-22 01:48:46,413,413 multiprocessing INFO STARTING NEW RUN ==========
SpawnPoolWorker-420| 2026-06-22 01:48:46,414,414 multiprocessing INFO SEE LOG AT : ./logs/all_Lyapunov_test_dso-fn_d_all_l_01_log.txt
SpawnPoolWorker-420| 2026-06-22 01:48:46,414,414 multiprocessing INFO See log at : ./logs/all_Lyapunov_test_dso-fn_d_all_l_01_log.txt
SpawnPoolWorker-420| 2026-06-22 01:48:46,417,417 multiprocessing INFO child process calling self.run()
SpawnPoolWorker-437| 2026-06-22 01:48:46,454,454 multiprocessing INFO STARTING NEW RUN ==========
SpawnPoolWorker-437| 2026-06-22 01:48:46,454,454 multiprocessing INFO SEE LOG AT : ./logs/all_Lyapunov_test_dso-fn_d_all_l_01_log.txt
SpawnPoolWorker-437| 2026-06-22 01:48:46,454,454 multiprocessing INFO See log at : ./logs/all_Lyapunov_test_dso-fn_d_all_l_01_log.txt
SpawnPoolWorker-437| 2026-06-22 01:48:46,456,456 multiprocessing INFO child process calling self.run()
SpawnPoolWorker-433| 2026-06-22 01:48:46,705,705 multiprocessing INFO STARTING NEW RUN ==========
SpawnPoolWorker-433| 2026-06-22 01:48:46,705,705 multiprocessing INFO SEE LOG AT : ./logs/all_Lyapunov_test_dso-fn_d_all_l_01_log.txt
SpawnPoolWorker-433| 2026-06-22 01:48:46,705,705 multiprocessing INFO See log at : ./logs/all_Lyapunov_test_dso-fn_d_all_l_01_log.txt
SpawnPoolWorker-433| 2026-06-22 01:48:46,707,707 multiprocessing INFO child process calling self.run()
SpawnPoolWorker-442| 2026-06-22 01:48:46,773,773 multiprocessing INFO STARTING NEW RUN ==========
SpawnPoolWorker-442| 2026-06-22 01:48:46,773,773 multiprocessing INFO SEE LOG AT : ./logs/all_Lyapunov_test_dso-fn_d_all_l_01_log.txt
SpawnPoolWorker-442| 2026-06-22 01:48:46,773,773 multiprocessing INFO See log at : ./logs/all_Lyapunov_test_dso-fn_d_all_l_01_log.txt
SpawnPoolWorker-442| 2026-06-22 01:48:46,775,775 multiprocessing INFO child process calling self.run()
SpawnPoolWorker-439| 2026-06-22 01:48:46,805,805 multiprocessing INFO STARTING NEW RUN ==========
SpawnPoolWorker-439| 2026-06-22 01:48:46,806,806 multiprocessing INFO SEE LOG AT : ./logs/all_Lyapunov_test_dso-fn_d_all_l_01_log.txt
SpawnPoolWorker-439| 2026-06-22 01:48:46,806,806 multiprocessing INFO See log at : ./logs/all_Lyapunov_test_dso-fn_d_all_l_01_log.txt
SpawnPoolWorker-439| 2026-06-22 01:48:46,809,809 multiprocessing INFO child process calling self.run()
SpawnPoolWorker-440| 2026-06-22 01:48:46,872,872 multiprocessing INFO STARTING NEW RUN ==========
SpawnPoolWorker-440| 2026-06-22 01:48:46,872,872 multiprocessing INFO SEE LOG AT : ./logs/all_Lyapunov_test_dso-fn_d_all_l_01_log.txt
SpawnPoolWorker-440| 2026-06-22 01:48:46,872,872 multiprocessing INFO See log at : ./logs/all_Lyapunov_test_dso-fn_d_all_l_01_log.txt
SpawnPoolWorker-440| 2026-06-22 01:48:46,874,874 multiprocessing INFO child process calling self.run()
SpawnPoolWorker-434| 2026-06-22 01:48:46,939,939 multiprocessing INFO STARTING NEW RUN ==========
SpawnPoolWorker-434| 2026-06-22 01:48:46,939,939 multiprocessing INFO SEE LOG AT : ./logs/all_Lyapunov_test_dso-fn_d_all_l_01_log.txt
SpawnPoolWorker-434| 2026-06-22 01:48:46,939,939 multiprocessing INFO See log at : ./logs/all_Lyapunov_test_dso-fn_d_all_l_01_log.txt
SpawnPoolWorker-434| 2026-06-22 01:48:46,941,941 multiprocessing INFO child process calling self.run()
SpawnPoolWorker-435| 2026-06-22 01:48:47,003,3 multiprocessing INFO STARTING NEW RUN ==========
SpawnPoolWorker-435| 2026-06-22 01:48:47,003,3 multiprocessing INFO SEE LOG AT : ./logs/all_Lyapunov_test_dso-fn_d_all_l_01_log.txt
SpawnPoolWorker-435| 2026-06-22 01:48:47,003,3 multiprocessing INFO See log at : ./logs/all_Lyapunov_test_dso-fn_d_all_l_01_log.txt
SpawnPoolWorker-435| 2026-06-22 01:48:47,006,6 multiprocessing INFO child process calling self.run()
SpawnPoolWorker-431| 2026-06-22 01:48:47,136,136 multiprocessing INFO STARTING NEW RUN ==========
SpawnPoolWorker-431| 2026-06-22 01:48:47,136,136 multiprocessing INFO SEE LOG AT : ./logs/all_Lyapunov_test_dso-fn_d_all_l_01_log.txt
SpawnPoolWorker-431| 2026-06-22 01:48:47,136,136 multiprocessing INFO See log at : ./logs/all_Lyapunov_test_dso-fn_d_all_l_01_log.txt
SpawnPoolWorker-431| 2026-06-22 01:48:47,139,139 multiprocessing INFO child process calling self.run()
SpawnPoolWorker-423| 2026-06-22 01:48:47,220,220 multiprocessing INFO STARTING NEW RUN ==========
SpawnPoolWorker-423| 2026-06-22 01:48:47,220,220 multiprocessing INFO SEE LOG AT : ./logs/all_Lyapunov_test_dso-fn_d_all_l_01_log.txt
SpawnPoolWorker-423| 2026-06-22 01:48:47,220,220 multiprocessing INFO See log at : ./logs/all_Lyapunov_test_dso-fn_d_all_l_01_log.txt
SpawnPoolWorker-423| 2026-06-22 01:48:47,226,226 multiprocessing INFO child process calling self.run()
SpawnPoolWorker-430| 2026-06-22 01:48:47,379,379 multiprocessing INFO STARTING NEW RUN ==========
SpawnPoolWorker-430| 2026-06-22 01:48:47,379,379 multiprocessing INFO SEE LOG AT : ./logs/all_Lyapunov_test_dso-fn_d_all_l_01_log.txt
SpawnPoolWorker-430| 2026-06-22 01:48:47,379,379 multiprocessing INFO See log at : ./logs/all_Lyapunov_test_dso-fn_d_all_l_01_log.txt
SpawnPoolWorker-430| 2026-06-22 01:48:47,381,381 multiprocessing INFO child process calling self.run()
SpawnPoolWorker-438| 2026-06-22 01:48:47,688,688 multiprocessing INFO STARTING NEW RUN ==========
SpawnPoolWorker-438| 2026-06-22 01:48:47,688,688 multiprocessing INFO SEE LOG AT : ./logs/all_Lyapunov_test_dso-fn_d_all_l_01_log.txt
SpawnPoolWorker-438| 2026-06-22 01:48:47,688,688 multiprocessing INFO See log at : ./logs/all_Lyapunov_test_dso-fn_d_all_l_01_log.txt
SpawnPoolWorker-438| 2026-06-22 01:48:47,689,689 multiprocessing INFO child process calling self.run()
SpawnPoolWorker-441| 2026-06-22 01:48:47,781,781 multiprocessing INFO STARTING NEW RUN ==========
SpawnPoolWorker-441| 2026-06-22 01:48:47,781,781 multiprocessing INFO SEE LOG AT : ./logs/all_Lyapunov_test_dso-fn_d_all_l_01_log.txt
SpawnPoolWorker-441| 2026-06-22 01:48:47,781,781 multiprocessing INFO See log at : ./logs/all_Lyapunov_test_dso-fn_d_all_l_01_log.txt
SpawnPoolWorker-441| 2026-06-22 01:48:47,782,782 multiprocessing INFO child process calling self.run()
SpawnPoolWorker-426| 2026-06-22 01:55:26,316,316 multiprocessing INFO process shutting down
SpawnPoolWorker-430| 2026-06-22 01:55:26,316,316 multiprocessing INFO process shutting down
SpawnPoolWorker-431| 2026-06-22 01:55:26,317,317 multiprocessing INFO process shutting down
SpawnPoolWorker-424| 2026-06-22 01:55:26,317,317 multiprocessing INFO process shutting down
SpawnPoolWorker-427| 2026-06-22 01:55:26,317,317 multiprocessing INFO process shutting down
SpawnPoolWorker-425| 2026-06-22 01:55:26,317,317 multiprocessing INFO process shutting down
SpawnPoolWorker-439| 2026-06-22 01:55:26,317,317 multiprocessing INFO process shutting down
SpawnPoolWorker-434| 2026-06-22 01:55:26,317,317 multiprocessing INFO process shutting down
SpawnPoolWorker-442| 2026-06-22 01:55:26,317,317 multiprocessing INFO process shutting down
SpawnPoolWorker-432| 2026-06-22 01:55:26,317,317 multiprocessing INFO process shutting down
SpawnPoolWorker-436| 2026-06-22 01:55:26,317,317 multiprocessing INFO process shutting down
SpawnPoolWorker-437| 2026-06-22 01:55:26,317,317 multiprocessing INFO process shutting down
SpawnPoolWorker-422| 2026-06-22 01:55:26,317,317 multiprocessing INFO process shutting down
SpawnPoolWorker-421| 2026-06-22 01:55:26,317,317 multiprocessing INFO process shutting down
SpawnPoolWorker-420| 2026-06-22 01:55:26,317,317 multiprocessing INFO process shutting down
SpawnPoolWorker-426| 2026-06-22 01:55:26,318,318 multiprocessing INFO process exiting with exitcode 0
SpawnPoolWorker-436| 2026-06-22 01:55:26,318,318 multiprocessing INFO process exiting with exitcode 0
SpawnPoolWorker-422| 2026-06-22 01:55:26,318,318 multiprocessing INFO process exiting with exitcode 0
SpawnPoolWorker-437| 2026-06-22 01:55:26,318,318 multiprocessing INFO process exiting with exitcode 0
SpawnPoolWorker-421| 2026-06-22 01:55:26,318,318 multiprocessing INFO process exiting with exitcode 0
SpawnPoolWorker-420| 2026-06-22 01:55:26,318,318 multiprocessing INFO process exiting with exitcode 0
SpawnPoolWorker-427| 2026-06-22 01:55:26,318,318 multiprocessing INFO process exiting with exitcode 0
SpawnPoolWorker-434| 2026-06-22 01:55:26,318,318 multiprocessing INFO process exiting with exitcode 0
SpawnPoolWorker-423| 2026-06-22 01:55:26,317,317 multiprocessing INFO process shutting down
SpawnPoolWorker-419| 2026-06-22 01:55:26,318,318 multiprocessing INFO process shutting down
SpawnPoolWorker-433| 2026-06-22 01:55:26,318,318 multiprocessing INFO process shutting down
SpawnPoolWorker-429| 2026-06-22 01:55:26,318,318 multiprocessing INFO process shutting down
SpawnPoolWorker-428| 2026-06-22 01:55:26,318,318 multiprocessing INFO process shutting down
SpawnPoolWorker-435| 2026-06-22 01:55:26,319,319 multiprocessing INFO process shutting down
SpawnPoolWorker-440| 2026-06-22 01:55:26,319,319 multiprocessing INFO process shutting down
28
(100000, 9)
(100000,)
(100000, 9)
(100000,)

=======================Successfully Added (50000, 9) Counter Examples=======================


============None of the candidates fulfill the conditions. Training CONTINUES!=================

MainProcess| 2026-06-22 01:55:28,913,913 multiprocessing INFO 
============None of the candidates fulfill the conditions. Training CONTINUES!=================


============None of the candidates fulfill the conditions. Training CONTINUES!=================

(55, 171)
/users/9/chen8596/miniconda3/envs/alfd/lib/python3.9/site-packages/torch/nn/functional.py:4999: UserWarning: Support for mismatched key_padding_mask and attn_mask is deprecated. Use same type for both instead.
  warnings.warn(

==============Start Supervised Learning==============

MainProcess| 2026-06-22 01:55:33,548,548 multiprocessing INFO GP output mean: 0.9677189164807557
GP output mean: 0.9677189164807557
MainProcess| 2026-06-22 01:55:34,138,138 multiprocessing INFO GP output success rate: 0.0
GP output success rate: 0.0

==============End Supervised Learning==============

MainProcess| 2026-06-22 01:55:36,177,177 multiprocessing INFO [Test epoch=0013]  nevals=179034 	| train_loss=11406.35156 	| eqs_invalid %=0.00 	| r_best=0.96552 	| quantile=0.00288 	| r_quantile_mean=0.84536 	| r_raw_sum=46.49489 	|  r_raw_mean=0.81570 	| r2=nan 	| acc_iid=0.00000 	| acc_ood=0.00000 	| nmse_test=0.03880963172868644 	| true_equation_set_count=0 	| s/it=582.82770
[Test epoch=0013]  nevals=179034 	| train_loss=11406.35156 	| eqs_invalid %=0.00 	| r_best=0.96552 	| quantile=0.00288 	| r_quantile_mean=0.84536 	| r_raw_sum=46.49489 	|  r_raw_mean=0.81570 	| r2=nan 	| acc_iid=0.00000 	| acc_ood=0.00000 	| nmse_test=0.03880963172868644 	| true_equation_set_count=0 	| s/it=582.82770
MainProcess| 2026-06-22 01:58:56,573,573 multiprocessing INFO Genetic Porgramming Runtime 199.2318377820775
Genetic Porgramming Runtime 199.2318377820775

=========================PGD Collection Starts=========================

SpawnPoolWorker-448| 2026-06-22 01:59:03,421,421 multiprocessing INFO STARTING NEW RUN ==========
SpawnPoolWorker-448| 2026-06-22 01:59:03,422,422 multiprocessing INFO SEE LOG AT : ./logs/all_Lyapunov_test_dso-fn_d_all_l_01_log.txt
SpawnPoolWorker-448| 2026-06-22 01:59:03,422,422 multiprocessing INFO See log at : ./logs/all_Lyapunov_test_dso-fn_d_all_l_01_log.txt
SpawnPoolWorker-445| 2026-06-22 01:59:03,422,422 multiprocessing INFO STARTING NEW RUN ==========
SpawnPoolWorker-445| 2026-06-22 01:59:03,423,423 multiprocessing INFO SEE LOG AT : ./logs/all_Lyapunov_test_dso-fn_d_all_l_01_log.txt
SpawnPoolWorker-445| 2026-06-22 01:59:03,423,423 multiprocessing INFO See log at : ./logs/all_Lyapunov_test_dso-fn_d_all_l_01_log.txt
SpawnPoolWorker-449| 2026-06-22 01:59:03,423,423 multiprocessing INFO STARTING NEW RUN ==========
SpawnPoolWorker-443| 2026-06-22 01:59:03,423,423 multiprocessing INFO STARTING NEW RUN ==========
SpawnPoolWorker-450| 2026-06-22 01:59:03,423,423 multiprocessing INFO STARTING NEW RUN ==========
SpawnPoolWorker-447| 2026-06-22 01:59:03,423,423 multiprocessing INFO STARTING NEW RUN ==========
SpawnPoolWorker-452| 2026-06-22 01:59:03,423,423 multiprocessing INFO STARTING NEW RUN ==========
SpawnPoolWorker-449| 2026-06-22 01:59:03,423,423 multiprocessing INFO SEE LOG AT : ./logs/all_Lyapunov_test_dso-fn_d_all_l_01_log.txt
SpawnPoolWorker-443| 2026-06-22 01:59:03,423,423 multiprocessing INFO SEE LOG AT : ./logs/all_Lyapunov_test_dso-fn_d_all_l_01_log.txt
SpawnPoolWorker-450| 2026-06-22 01:59:03,423,423 multiprocessing INFO SEE LOG AT : ./logs/all_Lyapunov_test_dso-fn_d_all_l_01_log.txt
SpawnPoolWorker-447| 2026-06-22 01:59:03,423,423 multiprocessing INFO SEE LOG AT : ./logs/all_Lyapunov_test_dso-fn_d_all_l_01_log.txt
SpawnPoolWorker-452| 2026-06-22 01:59:03,423,423 multiprocessing INFO SEE LOG AT : ./logs/all_Lyapunov_test_dso-fn_d_all_l_01_log.txt
SpawnPoolWorker-449| 2026-06-22 01:59:03,423,423 multiprocessing INFO See log at : ./logs/all_Lyapunov_test_dso-fn_d_all_l_01_log.txt
SpawnPoolWorker-443| 2026-06-22 01:59:03,423,423 multiprocessing INFO See log at : ./logs/all_Lyapunov_test_dso-fn_d_all_l_01_log.txt
SpawnPoolWorker-450| 2026-06-22 01:59:03,423,423 multiprocessing INFO See log at : ./logs/all_Lyapunov_test_dso-fn_d_all_l_01_log.txt
SpawnPoolWorker-447| 2026-06-22 01:59:03,423,423 multiprocessing INFO See log at : ./logs/all_Lyapunov_test_dso-fn_d_all_l_01_log.txt
SpawnPoolWorker-452| 2026-06-22 01:59:03,423,423 multiprocessing INFO See log at : ./logs/all_Lyapunov_test_dso-fn_d_all_l_01_log.txt
SpawnPoolWorker-446| 2026-06-22 01:59:03,424,424 multiprocessing INFO STARTING NEW RUN ==========
SpawnPoolWorker-446| 2026-06-22 01:59:03,424,424 multiprocessing INFO SEE LOG AT : ./logs/all_Lyapunov_test_dso-fn_d_all_l_01_log.txt
SpawnPoolWorker-446| 2026-06-22 01:59:03,424,424 multiprocessing INFO See log at : ./logs/all_Lyapunov_test_dso-fn_d_all_l_01_log.txt
SpawnPoolWorker-448| 2026-06-22 01:59:03,424,424 multiprocessing INFO child process calling self.run()
SpawnPoolWorker-443| 2026-06-22 01:59:03,425,425 multiprocessing INFO child process calling self.run()
SpawnPoolWorker-452| 2026-06-22 01:59:03,425,425 multiprocessing INFO child process calling self.run()
SpawnPoolWorker-449| 2026-06-22 01:59:03,425,425 multiprocessing INFO child process calling self.run()
SpawnPoolWorker-446| 2026-06-22 01:59:03,425,425 multiprocessing INFO child process calling self.run()
SpawnPoolWorker-445| 2026-06-22 01:59:03,425,425 multiprocessing INFO child process calling self.run()
SpawnPoolWorker-450| 2026-06-22 01:59:03,426,426 multiprocessing INFO child process calling self.run()
SpawnPoolWorker-447| 2026-06-22 01:59:03,426,426 multiprocessing INFO child process calling self.run()
SpawnPoolWorker-444| 2026-06-22 01:59:03,428,428 multiprocessing INFO STARTING NEW RUN ==========
SpawnPoolWorker-451| 2026-06-22 01:59:03,428,428 multiprocessing INFO STARTING NEW RUN ==========
SpawnPoolWorker-444| 2026-06-22 01:59:03,428,428 multiprocessing INFO SEE LOG AT : ./logs/all_Lyapunov_test_dso-fn_d_all_l_01_log.txt
SpawnPoolWorker-451| 2026-06-22 01:59:03,428,428 multiprocessing INFO SEE LOG AT : ./logs/all_Lyapunov_test_dso-fn_d_all_l_01_log.txt
SpawnPoolWorker-444| 2026-06-22 01:59:03,428,428 multiprocessing INFO See log at : ./logs/all_Lyapunov_test_dso-fn_d_all_l_01_log.txt
SpawnPoolWorker-451| 2026-06-22 01:59:03,428,428 multiprocessing INFO See log at : ./logs/all_Lyapunov_test_dso-fn_d_all_l_01_log.txt
SpawnPoolWorker-451| 2026-06-22 01:59:03,431,431 multiprocessing INFO child process calling self.run()
SpawnPoolWorker-444| 2026-06-22 01:59:03,431,431 multiprocessing INFO child process calling self.run()
SpawnPoolWorker-444| 2026-06-22 01:59:20,219,219 multiprocessing INFO process shutting down
SpawnPoolWorker-452| 2026-06-22 01:59:20,219,219 multiprocessing INFO process shutting down
SpawnPoolWorker-444| 2026-06-22 01:59:20,219,219 multiprocessing INFO process exiting with exitcode 0
SpawnPoolWorker-445| 2026-06-22 01:59:20,219,219 multiprocessing INFO process shutting down
SpawnPoolWorker-451| 2026-06-22 01:59:20,219,219 multiprocessing INFO process shutting down
SpawnPoolWorker-452| 2026-06-22 01:59:20,219,219 multiprocessing INFO process exiting with exitcode 0
SpawnPoolWorker-445| 2026-06-22 01:59:20,219,219 multiprocessing INFO process exiting with exitcode 0
SpawnPoolWorker-451| 2026-06-22 01:59:20,219,219 multiprocessing INFO process exiting with exitcode 0
SpawnPoolWorker-448| 2026-06-22 01:59:20,220,220 multiprocessing INFO process shutting down
SpawnPoolWorker-450| 2026-06-22 01:59:20,220,220 multiprocessing INFO process shutting down
(20000,)

===================Collect 20000 Examples===================

Epsilon 0.1
500
(550,)
(550,)
(550,)
Number of Programs for Minimization: 28
SpawnPoolWorker-456| 2026-06-22 01:59:36,316,316 multiprocessing INFO STARTING NEW RUN ==========
SpawnPoolWorker-456| 2026-06-22 01:59:36,316,316 multiprocessing INFO SEE LOG AT : ./logs/all_Lyapunov_test_dso-fn_d_all_l_01_log.txt
SpawnPoolWorker-456| 2026-06-22 01:59:36,316,316 multiprocessing INFO See log at : ./logs/all_Lyapunov_test_dso-fn_d_all_l_01_log.txt
SpawnPoolWorker-456| 2026-06-22 01:59:36,318,318 multiprocessing INFO child process calling self.run()
SpawnPoolWorker-463| 2026-06-22 01:59:36,617,617 multiprocessing INFO STARTING NEW RUN ==========
SpawnPoolWorker-463| 2026-06-22 01:59:36,617,617 multiprocessing INFO SEE LOG AT : ./logs/all_Lyapunov_test_dso-fn_d_all_l_01_log.txt
SpawnPoolWorker-463| 2026-06-22 01:59:36,617,617 multiprocessing INFO See log at : ./logs/all_Lyapunov_test_dso-fn_d_all_l_01_log.txt
SpawnPoolWorker-463| 2026-06-22 01:59:36,620,620 multiprocessing INFO child process calling self.run()
SpawnPoolWorker-455| 2026-06-22 01:59:36,921,921 multiprocessing INFO STARTING NEW RUN ==========
SpawnPoolWorker-455| 2026-06-22 01:59:36,922,922 multiprocessing INFO SEE LOG AT : ./logs/all_Lyapunov_test_dso-fn_d_all_l_01_log.txt
SpawnPoolWorker-455| 2026-06-22 01:59:36,922,922 multiprocessing INFO See log at : ./logs/all_Lyapunov_test_dso-fn_d_all_l_01_log.txt
SpawnPoolWorker-453| 2026-06-22 01:59:36,926,926 multiprocessing INFO STARTING NEW RUN ==========
SpawnPoolWorker-453| 2026-06-22 01:59:36,926,926 multiprocessing INFO SEE LOG AT : ./logs/all_Lyapunov_test_dso-fn_d_all_l_01_log.txt
SpawnPoolWorker-453| 2026-06-22 01:59:36,926,926 multiprocessing INFO See log at : ./logs/all_Lyapunov_test_dso-fn_d_all_l_01_log.txt
SpawnPoolWorker-455| 2026-06-22 01:59:36,927,927 multiprocessing INFO child process calling self.run()
SpawnPoolWorker-453| 2026-06-22 01:59:36,930,930 multiprocessing INFO child process calling self.run()
SpawnPoolWorker-464| 2026-06-22 01:59:36,996,996 multiprocessing INFO STARTING NEW RUN ==========
SpawnPoolWorker-464| 2026-06-22 01:59:36,996,996 multiprocessing INFO SEE LOG AT : ./logs/all_Lyapunov_test_dso-fn_d_all_l_01_log.txt
SpawnPoolWorker-464| 2026-06-22 01:59:36,996,996 multiprocessing INFO See log at : ./logs/all_Lyapunov_test_dso-fn_d_all_l_01_log.txt
SpawnPoolWorker-464| 2026-06-22 01:59:36,998,998 multiprocessing INFO child process calling self.run()
SpawnPoolWorker-465| 2026-06-22 01:59:37,013,13 multiprocessing INFO STARTING NEW RUN ==========
SpawnPoolWorker-465| 2026-06-22 01:59:37,013,13 multiprocessing INFO SEE LOG AT : ./logs/all_Lyapunov_test_dso-fn_d_all_l_01_log.txt
SpawnPoolWorker-465| 2026-06-22 01:59:37,013,13 multiprocessing INFO See log at : ./logs/all_Lyapunov_test_dso-fn_d_all_l_01_log.txt
SpawnPoolWorker-465| 2026-06-22 01:59:37,017,17 multiprocessing INFO child process calling self.run()
SpawnPoolWorker-457| 2026-06-22 01:59:37,118,118 multiprocessing INFO STARTING NEW RUN ==========
SpawnPoolWorker-457| 2026-06-22 01:59:37,118,118 multiprocessing INFO SEE LOG AT : ./logs/all_Lyapunov_test_dso-fn_d_all_l_01_log.txt
SpawnPoolWorker-457| 2026-06-22 01:59:37,118,118 multiprocessing INFO See log at : ./logs/all_Lyapunov_test_dso-fn_d_all_l_01_log.txt
SpawnPoolWorker-457| 2026-06-22 01:59:37,121,121 multiprocessing INFO child process calling self.run()
SpawnPoolWorker-461| 2026-06-22 01:59:37,231,231 multiprocessing INFO STARTING NEW RUN ==========
SpawnPoolWorker-461| 2026-06-22 01:59:37,231,231 multiprocessing INFO SEE LOG AT : ./logs/all_Lyapunov_test_dso-fn_d_all_l_01_log.txt
SpawnPoolWorker-461| 2026-06-22 01:59:37,231,231 multiprocessing INFO See log at : ./logs/all_Lyapunov_test_dso-fn_d_all_l_01_log.txt
SpawnPoolWorker-461| 2026-06-22 01:59:37,233,233 multiprocessing INFO child process calling self.run()
SpawnPoolWorker-475| 2026-06-22 01:59:37,363,363 multiprocessing INFO STARTING NEW RUN ==========
SpawnPoolWorker-475| 2026-06-22 01:59:37,363,363 multiprocessing INFO SEE LOG AT : ./logs/all_Lyapunov_test_dso-fn_d_all_l_01_log.txt
SpawnPoolWorker-475| 2026-06-22 01:59:37,363,363 multiprocessing INFO See log at : ./logs/all_Lyapunov_test_dso-fn_d_all_l_01_log.txt
SpawnPoolWorker-475| 2026-06-22 01:59:37,365,365 multiprocessing INFO child process calling self.run()
SpawnPoolWorker-468| 2026-06-22 01:59:37,481,481 multiprocessing INFO STARTING NEW RUN ==========
SpawnPoolWorker-468| 2026-06-22 01:59:37,482,482 multiprocessing INFO SEE LOG AT : ./logs/all_Lyapunov_test_dso-fn_d_all_l_01_log.txt
SpawnPoolWorker-468| 2026-06-22 01:59:37,482,482 multiprocessing INFO See log at : ./logs/all_Lyapunov_test_dso-fn_d_all_l_01_log.txt
SpawnPoolWorker-468| 2026-06-22 01:59:37,486,486 multiprocessing INFO child process calling self.run()
SpawnPoolWorker-473| 2026-06-22 01:59:37,551,551 multiprocessing INFO STARTING NEW RUN ==========
SpawnPoolWorker-473| 2026-06-22 01:59:37,551,551 multiprocessing INFO SEE LOG AT : ./logs/all_Lyapunov_test_dso-fn_d_all_l_01_log.txt
SpawnPoolWorker-473| 2026-06-22 01:59:37,551,551 multiprocessing INFO See log at : ./logs/all_Lyapunov_test_dso-fn_d_all_l_01_log.txt
SpawnPoolWorker-473| 2026-06-22 01:59:37,553,553 multiprocessing INFO child process calling self.run()
SpawnPoolWorker-469| 2026-06-22 01:59:37,603,603 multiprocessing INFO STARTING NEW RUN ==========
SpawnPoolWorker-469| 2026-06-22 01:59:37,603,603 multiprocessing INFO SEE LOG AT : ./logs/all_Lyapunov_test_dso-fn_d_all_l_01_log.txt
SpawnPoolWorker-469| 2026-06-22 01:59:37,603,603 multiprocessing INFO See log at : ./logs/all_Lyapunov_test_dso-fn_d_all_l_01_log.txt
SpawnPoolWorker-469| 2026-06-22 01:59:37,606,606 multiprocessing INFO child process calling self.run()
SpawnPoolWorker-454| 2026-06-22 01:59:37,692,692 multiprocessing INFO STARTING NEW RUN ==========
SpawnPoolWorker-454| 2026-06-22 01:59:37,693,693 multiprocessing INFO SEE LOG AT : ./logs/all_Lyapunov_test_dso-fn_d_all_l_01_log.txt
SpawnPoolWorker-454| 2026-06-22 01:59:37,693,693 multiprocessing INFO See log at : ./logs/all_Lyapunov_test_dso-fn_d_all_l_01_log.txt
SpawnPoolWorker-454| 2026-06-22 01:59:37,698,698 multiprocessing INFO child process calling self.run()
SpawnPoolWorker-476| 2026-06-22 01:59:37,831,831 multiprocessing INFO STARTING NEW RUN ==========
SpawnPoolWorker-476| 2026-06-22 01:59:37,831,831 multiprocessing INFO SEE LOG AT : ./logs/all_Lyapunov_test_dso-fn_d_all_l_01_log.txt
SpawnPoolWorker-476| 2026-06-22 01:59:37,831,831 multiprocessing INFO See log at : ./logs/all_Lyapunov_test_dso-fn_d_all_l_01_log.txt
SpawnPoolWorker-476| 2026-06-22 01:59:37,834,834 multiprocessing INFO child process calling self.run()
SpawnPoolWorker-459| 2026-06-22 01:59:37,841,841 multiprocessing INFO STARTING NEW RUN ==========
SpawnPoolWorker-459| 2026-06-22 01:59:37,841,841 multiprocessing INFO SEE LOG AT : ./logs/all_Lyapunov_test_dso-fn_d_all_l_01_log.txt
SpawnPoolWorker-459| 2026-06-22 01:59:37,841,841 multiprocessing INFO See log at : ./logs/all_Lyapunov_test_dso-fn_d_all_l_01_log.txt
SpawnPoolWorker-459| 2026-06-22 01:59:37,854,854 multiprocessing INFO child process calling self.run()
SpawnPoolWorker-458| 2026-06-22 01:59:37,940,940 multiprocessing INFO STARTING NEW RUN ==========
SpawnPoolWorker-458| 2026-06-22 01:59:37,940,940 multiprocessing INFO SEE LOG AT : ./logs/all_Lyapunov_test_dso-fn_d_all_l_01_log.txt
SpawnPoolWorker-458| 2026-06-22 01:59:37,940,940 multiprocessing INFO See log at : ./logs/all_Lyapunov_test_dso-fn_d_all_l_01_log.txt
SpawnPoolWorker-458| 2026-06-22 01:59:37,942,942 multiprocessing INFO child process calling self.run()
SpawnPoolWorker-474| 2026-06-22 01:59:37,995,995 multiprocessing INFO STARTING NEW RUN ==========
SpawnPoolWorker-474| 2026-06-22 01:59:37,996,996 multiprocessing INFO SEE LOG AT : ./logs/all_Lyapunov_test_dso-fn_d_all_l_01_log.txt
SpawnPoolWorker-474| 2026-06-22 01:59:37,996,996 multiprocessing INFO See log at : ./logs/all_Lyapunov_test_dso-fn_d_all_l_01_log.txt
SpawnPoolWorker-474| 2026-06-22 01:59:37,999,999 multiprocessing INFO child process calling self.run()
SpawnPoolWorker-466| 2026-06-22 01:59:38,039,39 multiprocessing INFO STARTING NEW RUN ==========
SpawnPoolWorker-466| 2026-06-22 01:59:38,040,40 multiprocessing INFO SEE LOG AT : ./logs/all_Lyapunov_test_dso-fn_d_all_l_01_log.txt
SpawnPoolWorker-466| 2026-06-22 01:59:38,040,40 multiprocessing INFO See log at : ./logs/all_Lyapunov_test_dso-fn_d_all_l_01_log.txt
SpawnPoolWorker-466| 2026-06-22 01:59:38,043,43 multiprocessing INFO child process calling self.run()
SpawnPoolWorker-467| 2026-06-22 01:59:38,255,255 multiprocessing INFO STARTING NEW RUN ==========
SpawnPoolWorker-467| 2026-06-22 01:59:38,255,255 multiprocessing INFO SEE LOG AT : ./logs/all_Lyapunov_test_dso-fn_d_all_l_01_log.txt
SpawnPoolWorker-467| 2026-06-22 01:59:38,256,256 multiprocessing INFO See log at : ./logs/all_Lyapunov_test_dso-fn_d_all_l_01_log.txt
SpawnPoolWorker-467| 2026-06-22 01:59:38,257,257 multiprocessing INFO child process calling self.run()
SpawnPoolWorker-460| 2026-06-22 01:59:38,304,304 multiprocessing INFO STARTING NEW RUN ==========
SpawnPoolWorker-460| 2026-06-22 01:59:38,304,304 multiprocessing INFO SEE LOG AT : ./logs/all_Lyapunov_test_dso-fn_d_all_l_01_log.txt
SpawnPoolWorker-460| 2026-06-22 01:59:38,304,304 multiprocessing INFO See log at : ./logs/all_Lyapunov_test_dso-fn_d_all_l_01_log.txt
SpawnPoolWorker-462| 2026-06-22 01:59:38,305,305 multiprocessing INFO STARTING NEW RUN ==========
SpawnPoolWorker-462| 2026-06-22 01:59:38,305,305 multiprocessing INFO SEE LOG AT : ./logs/all_Lyapunov_test_dso-fn_d_all_l_01_log.txt
SpawnPoolWorker-462| 2026-06-22 01:59:38,305,305 multiprocessing INFO See log at : ./logs/all_Lyapunov_test_dso-fn_d_all_l_01_log.txt
SpawnPoolWorker-460| 2026-06-22 01:59:38,306,306 multiprocessing INFO child process calling self.run()
SpawnPoolWorker-462| 2026-06-22 01:59:38,307,307 multiprocessing INFO child process calling self.run()
SpawnPoolWorker-472| 2026-06-22 01:59:38,332,332 multiprocessing INFO STARTING NEW RUN ==========
SpawnPoolWorker-472| 2026-06-22 01:59:38,332,332 multiprocessing INFO SEE LOG AT : ./logs/all_Lyapunov_test_dso-fn_d_all_l_01_log.txt
SpawnPoolWorker-472| 2026-06-22 01:59:38,332,332 multiprocessing INFO See log at : ./logs/all_Lyapunov_test_dso-fn_d_all_l_01_log.txt
SpawnPoolWorker-472| 2026-06-22 01:59:38,337,337 multiprocessing INFO child process calling self.run()
SpawnPoolWorker-471| 2026-06-22 01:59:38,799,799 multiprocessing INFO STARTING NEW RUN ==========
SpawnPoolWorker-471| 2026-06-22 01:59:38,799,799 multiprocessing INFO SEE LOG AT : ./logs/all_Lyapunov_test_dso-fn_d_all_l_01_log.txt
SpawnPoolWorker-471| 2026-06-22 01:59:38,799,799 multiprocessing INFO See log at : ./logs/all_Lyapunov_test_dso-fn_d_all_l_01_log.txt
SpawnPoolWorker-471| 2026-06-22 01:59:38,800,800 multiprocessing INFO child process calling self.run()
SpawnPoolWorker-470| 2026-06-22 01:59:39,161,161 multiprocessing INFO STARTING NEW RUN ==========
SpawnPoolWorker-470| 2026-06-22 01:59:39,161,161 multiprocessing INFO SEE LOG AT : ./logs/all_Lyapunov_test_dso-fn_d_all_l_01_log.txt
SpawnPoolWorker-470| 2026-06-22 01:59:39,161,161 multiprocessing INFO See log at : ./logs/all_Lyapunov_test_dso-fn_d_all_l_01_log.txt
SpawnPoolWorker-470| 2026-06-22 01:59:39,162,162 multiprocessing INFO child process calling self.run()
SpawnPoolWorker-475| 2026-06-22 02:06:07,623,623 multiprocessing INFO process shutting down
SpawnPoolWorker-473| 2026-06-22 02:06:07,623,623 multiprocessing INFO process shutting down
SpawnPoolWorker-471| 2026-06-22 02:06:07,623,623 multiprocessing INFO process shutting down
SpawnPoolWorker-456| 2026-06-22 02:06:07,624,624 multiprocessing INFO process shutting down
SpawnPoolWorker-463| 2026-06-22 02:06:07,624,624 multiprocessing INFO process shutting down
SpawnPoolWorker-465| 2026-06-22 02:06:07,623,623 multiprocessing INFO process shutting down
SpawnPoolWorker-461| 2026-06-22 02:06:07,623,623 multiprocessing INFO process shutting down
SpawnPoolWorker-460| 2026-06-22 02:06:07,624,624 multiprocessing INFO process shutting down
SpawnPoolWorker-458| 2026-06-22 02:06:07,624,624 multiprocessing INFO process shutting down
SpawnPoolWorker-455| 2026-06-22 02:06:07,623,623 multiprocessing INFO process shutting down
SpawnPoolWorker-454| 2026-06-22 02:06:07,623,623 multiprocessing INFO process shutting down
SpawnPoolWorker-469| 2026-06-22 02:06:07,623,623 multiprocessing INFO process shutting down
SpawnPoolWorker-459| 2026-06-22 02:06:07,624,624 multiprocessing INFO process shutting down
SpawnPoolWorker-474| 2026-06-22 02:06:07,624,624 multiprocessing INFO process shutting down
SpawnPoolWorker-467| 2026-06-22 02:06:07,624,624 multiprocessing INFO process shutting down
SpawnPoolWorker-474| 2026-06-22 02:06:07,624,624 multiprocessing INFO process exiting with exitcode 0
SpawnPoolWorker-469| 2026-06-22 02:06:07,624,624 multiprocessing INFO process exiting with exitcode 0
SpawnPoolWorker-468| 2026-06-22 02:06:07,624,624 multiprocessing INFO process shutting down
SpawnPoolWorker-467| 2026-06-22 02:06:07,624,624 multiprocessing INFO process exiting with exitcode 0
SpawnPoolWorker-460| 2026-06-22 02:06:07,624,624 multiprocessing INFO process exiting with exitcode 0
SpawnPoolWorker-458| 2026-06-22 02:06:07,624,624 multiprocessing INFO process exiting with exitcode 0
SpawnPoolWorker-468| 2026-06-22 02:06:07,625,625 multiprocessing INFO process exiting with exitcode 0
SpawnPoolWorker-459| 2026-06-22 02:06:07,625,625 multiprocessing INFO process exiting with exitcode 0
SpawnPoolWorker-466| 2026-06-22 02:06:07,623,623 multiprocessing INFO process shutting down
SpawnPoolWorker-453| 2026-06-22 02:06:07,624,624 multiprocessing INFO process shutting down
SpawnPoolWorker-462| 2026-06-22 02:06:07,624,624 multiprocessing INFO process shutting down
SpawnPoolWorker-456| 2026-06-22 02:06:07,625,625 multiprocessing INFO process exiting with exitcode 0
SpawnPoolWorker-472| 2026-06-22 02:06:07,625,625 multiprocessing INFO process shutting down
SpawnPoolWorker-464| 2026-06-22 02:06:07,625,625 multiprocessing INFO process shutting down
SpawnPoolWorker-476| 2026-06-22 02:06:07,625,625 multiprocessing INFO process shutting down
SpawnPoolWorker-470| 2026-06-22 02:06:07,625,625 multiprocessing INFO process shutting down
28
(100000, 9)
(100000,)
(100000, 9)
(100000,)

=======================Successfully Added (50000, 9) Counter Examples=======================


============None of the candidates fulfill the conditions. Training CONTINUES!=================

MainProcess| 2026-06-22 02:06:14,082,82 multiprocessing INFO 
============None of the candidates fulfill the conditions. Training CONTINUES!=================


============None of the candidates fulfill the conditions. Training CONTINUES!=================

(550, 171)
/users/9/chen8596/miniconda3/envs/alfd/lib/python3.9/site-packages/torch/nn/functional.py:4999: UserWarning: Support for mismatched key_padding_mask and attn_mask is deprecated. Use same type for both instead.
  warnings.warn(

==============Start Supervised Learning==============

MainProcess| 2026-06-22 02:06:23,935,935 multiprocessing INFO GP output mean: 0.8734184947032342
GP output mean: 0.8734184947032342
MainProcess| 2026-06-22 02:06:24,638,638 multiprocessing INFO GP output success rate: 0.0
GP output success rate: 0.0

==============End Supervised Learning==============

MainProcess| 2026-06-22 02:06:26,762,762 multiprocessing INFO [Test epoch=0014]  nevals=192768 	| train_loss=14418.67188 	| eqs_invalid %=0.00 	| r_best=0.96552 	| quantile=0.00000 	| r_quantile_mean=0.07754 	| r_raw_sum=42.64932 	|  r_raw_mean=0.83626 	| r2=nan 	| acc_iid=0.00000 	| acc_ood=0.00000 	| nmse_test=0.03880963172868644 	| true_equation_set_count=0 	| s/it=650.58439
[Test epoch=0014]  nevals=192768 	| train_loss=14418.67188 	| eqs_invalid %=0.00 	| r_best=0.96552 	| quantile=0.00000 	| r_quantile_mean=0.07754 	| r_raw_sum=42.64932 	|  r_raw_mean=0.83626 	| r2=nan 	| acc_iid=0.00000 	| acc_ood=0.00000 	| nmse_test=0.03880963172868644 	| true_equation_set_count=0 	| s/it=650.58439
MainProcess| 2026-06-22 02:09:13,529,529 multiprocessing INFO Genetic Porgramming Runtime 165.61116215609945
Genetic Porgramming Runtime 165.61116215609945

=========================PGD Collection Starts=========================

SpawnPoolWorker-477| 2026-06-22 02:09:19,029,29 multiprocessing INFO STARTING NEW RUN ==========
SpawnPoolWorker-477| 2026-06-22 02:09:19,030,30 multiprocessing INFO SEE LOG AT : ./logs/all_Lyapunov_test_dso-fn_d_all_l_01_log.txt
SpawnPoolWorker-477| 2026-06-22 02:09:19,030,30 multiprocessing INFO See log at : ./logs/all_Lyapunov_test_dso-fn_d_all_l_01_log.txt
SpawnPoolWorker-484| 2026-06-22 02:09:19,030,30 multiprocessing INFO STARTING NEW RUN ==========
SpawnPoolWorker-484| 2026-06-22 02:09:19,030,30 multiprocessing INFO SEE LOG AT : ./logs/all_Lyapunov_test_dso-fn_d_all_l_01_log.txt
SpawnPoolWorker-484| 2026-06-22 02:09:19,030,30 multiprocessing INFO See log at : ./logs/all_Lyapunov_test_dso-fn_d_all_l_01_log.txt
SpawnPoolWorker-485| 2026-06-22 02:09:19,031,31 multiprocessing INFO STARTING NEW RUN ==========
SpawnPoolWorker-480| 2026-06-22 02:09:19,031,31 multiprocessing INFO STARTING NEW RUN ==========
SpawnPoolWorker-483| 2026-06-22 02:09:19,031,31 multiprocessing INFO STARTING NEW RUN ==========
SpawnPoolWorker-486| 2026-06-22 02:09:19,031,31 multiprocessing INFO STARTING NEW RUN ==========
SpawnPoolWorker-485| 2026-06-22 02:09:19,031,31 multiprocessing INFO SEE LOG AT : ./logs/all_Lyapunov_test_dso-fn_d_all_l_01_log.txt
SpawnPoolWorker-480| 2026-06-22 02:09:19,031,31 multiprocessing INFO SEE LOG AT : ./logs/all_Lyapunov_test_dso-fn_d_all_l_01_log.txt
SpawnPoolWorker-483| 2026-06-22 02:09:19,031,31 multiprocessing INFO SEE LOG AT : ./logs/all_Lyapunov_test_dso-fn_d_all_l_01_log.txt
SpawnPoolWorker-486| 2026-06-22 02:09:19,031,31 multiprocessing INFO SEE LOG AT : ./logs/all_Lyapunov_test_dso-fn_d_all_l_01_log.txt
SpawnPoolWorker-485| 2026-06-22 02:09:19,031,31 multiprocessing INFO See log at : ./logs/all_Lyapunov_test_dso-fn_d_all_l_01_log.txt
SpawnPoolWorker-480| 2026-06-22 02:09:19,031,31 multiprocessing INFO See log at : ./logs/all_Lyapunov_test_dso-fn_d_all_l_01_log.txt
SpawnPoolWorker-483| 2026-06-22 02:09:19,031,31 multiprocessing INFO See log at : ./logs/all_Lyapunov_test_dso-fn_d_all_l_01_log.txt
SpawnPoolWorker-486| 2026-06-22 02:09:19,031,31 multiprocessing INFO See log at : ./logs/all_Lyapunov_test_dso-fn_d_all_l_01_log.txt
SpawnPoolWorker-477| 2026-06-22 02:09:19,032,32 multiprocessing INFO child process calling self.run()
SpawnPoolWorker-484| 2026-06-22 02:09:19,033,33 multiprocessing INFO child process calling self.run()
SpawnPoolWorker-485| 2026-06-22 02:09:19,033,33 multiprocessing INFO child process calling self.run()
SpawnPoolWorker-480| 2026-06-22 02:09:19,033,33 multiprocessing INFO child process calling self.run()
SpawnPoolWorker-486| 2026-06-22 02:09:19,033,33 multiprocessing INFO child process calling self.run()
SpawnPoolWorker-483| 2026-06-22 02:09:19,033,33 multiprocessing INFO child process calling self.run()
SpawnPoolWorker-481| 2026-06-22 02:09:19,033,33 multiprocessing INFO STARTING NEW RUN ==========
SpawnPoolWorker-478| 2026-06-22 02:09:19,033,33 multiprocessing INFO STARTING NEW RUN ==========
SpawnPoolWorker-481| 2026-06-22 02:09:19,035,35 multiprocessing INFO SEE LOG AT : ./logs/all_Lyapunov_test_dso-fn_d_all_l_01_log.txt
SpawnPoolWorker-481| 2026-06-22 02:09:19,035,35 multiprocessing INFO See log at : ./logs/all_Lyapunov_test_dso-fn_d_all_l_01_log.txt
SpawnPoolWorker-482| 2026-06-22 02:09:19,035,35 multiprocessing INFO STARTING NEW RUN ==========
SpawnPoolWorker-479| 2026-06-22 02:09:19,035,35 multiprocessing INFO STARTING NEW RUN ==========
SpawnPoolWorker-482| 2026-06-22 02:09:19,035,35 multiprocessing INFO SEE LOG AT : ./logs/all_Lyapunov_test_dso-fn_d_all_l_01_log.txt
SpawnPoolWorker-482| 2026-06-22 02:09:19,035,35 multiprocessing INFO See log at : ./logs/all_Lyapunov_test_dso-fn_d_all_l_01_log.txt
SpawnPoolWorker-479| 2026-06-22 02:09:19,035,35 multiprocessing INFO SEE LOG AT : ./logs/all_Lyapunov_test_dso-fn_d_all_l_01_log.txt
SpawnPoolWorker-479| 2026-06-22 02:09:19,035,35 multiprocessing INFO See log at : ./logs/all_Lyapunov_test_dso-fn_d_all_l_01_log.txt
SpawnPoolWorker-478| 2026-06-22 02:09:19,035,35 multiprocessing INFO SEE LOG AT : ./logs/all_Lyapunov_test_dso-fn_d_all_l_01_log.txt
SpawnPoolWorker-478| 2026-06-22 02:09:19,035,35 multiprocessing INFO See log at : ./logs/all_Lyapunov_test_dso-fn_d_all_l_01_log.txt
SpawnPoolWorker-481| 2026-06-22 02:09:19,036,36 multiprocessing INFO child process calling self.run()
SpawnPoolWorker-482| 2026-06-22 02:09:19,036,36 multiprocessing INFO child process calling self.run()
SpawnPoolWorker-478| 2026-06-22 02:09:19,037,37 multiprocessing INFO child process calling self.run()
SpawnPoolWorker-479| 2026-06-22 02:09:19,038,38 multiprocessing INFO child process calling self.run()
SpawnPoolWorker-481| 2026-06-22 02:09:34,550,550 multiprocessing INFO process shutting down
SpawnPoolWorker-478| 2026-06-22 02:09:34,550,550 multiprocessing INFO process shutting down
SpawnPoolWorker-481| 2026-06-22 02:09:34,551,551 multiprocessing INFO process exiting with exitcode 0
SpawnPoolWorker-479| 2026-06-22 02:09:34,551,551 multiprocessing INFO process shutting down
SpawnPoolWorker-478| 2026-06-22 02:09:34,551,551 multiprocessing INFO process exiting with exitcode 0
SpawnPoolWorker-483| 2026-06-22 02:09:34,551,551 multiprocessing INFO process shutting down
SpawnPoolWorker-479| 2026-06-22 02:09:34,551,551 multiprocessing INFO process exiting with exitcode 0
SpawnPoolWorker-483| 2026-06-22 02:09:34,551,551 multiprocessing INFO process exiting with exitcode 0
SpawnPoolWorker-486| 2026-06-22 02:09:34,551,551 multiprocessing INFO process shutting down
SpawnPoolWorker-480| 2026-06-22 02:09:34,551,551 multiprocessing INFO process shutting down
(20000,)

===================Collect 20000 Examples===================

Epsilon 0.1
500
(550,)
(550,)
(550,)
Number of Programs for Minimization: 28
SpawnPoolWorker-490| 2026-06-22 02:09:49,482,482 multiprocessing INFO STARTING NEW RUN ==========
SpawnPoolWorker-490| 2026-06-22 02:09:49,482,482 multiprocessing INFO SEE LOG AT : ./logs/all_Lyapunov_test_dso-fn_d_all_l_01_log.txt
SpawnPoolWorker-490| 2026-06-22 02:09:49,482,482 multiprocessing INFO See log at : ./logs/all_Lyapunov_test_dso-fn_d_all_l_01_log.txt
SpawnPoolWorker-490| 2026-06-22 02:09:49,495,495 multiprocessing INFO child process calling self.run()
SpawnPoolWorker-487| 2026-06-22 02:09:49,622,622 multiprocessing INFO STARTING NEW RUN ==========
SpawnPoolWorker-487| 2026-06-22 02:09:49,622,622 multiprocessing INFO SEE LOG AT : ./logs/all_Lyapunov_test_dso-fn_d_all_l_01_log.txt
SpawnPoolWorker-487| 2026-06-22 02:09:49,622,622 multiprocessing INFO See log at : ./logs/all_Lyapunov_test_dso-fn_d_all_l_01_log.txt
SpawnPoolWorker-487| 2026-06-22 02:09:49,626,626 multiprocessing INFO child process calling self.run()
SpawnPoolWorker-492| 2026-06-22 02:09:50,035,35 multiprocessing INFO STARTING NEW RUN ==========
SpawnPoolWorker-492| 2026-06-22 02:09:50,035,35 multiprocessing INFO SEE LOG AT : ./logs/all_Lyapunov_test_dso-fn_d_all_l_01_log.txt
SpawnPoolWorker-492| 2026-06-22 02:09:50,035,35 multiprocessing INFO See log at : ./logs/all_Lyapunov_test_dso-fn_d_all_l_01_log.txt
SpawnPoolWorker-492| 2026-06-22 02:09:50,039,39 multiprocessing INFO child process calling self.run()
SpawnPoolWorker-500| 2026-06-22 02:09:50,267,267 multiprocessing INFO STARTING NEW RUN ==========
SpawnPoolWorker-500| 2026-06-22 02:09:50,267,267 multiprocessing INFO SEE LOG AT : ./logs/all_Lyapunov_test_dso-fn_d_all_l_01_log.txt
SpawnPoolWorker-500| 2026-06-22 02:09:50,267,267 multiprocessing INFO See log at : ./logs/all_Lyapunov_test_dso-fn_d_all_l_01_log.txt
SpawnPoolWorker-500| 2026-06-22 02:09:50,274,274 multiprocessing INFO child process calling self.run()
SpawnPoolWorker-493| 2026-06-22 02:09:50,416,416 multiprocessing INFO STARTING NEW RUN ==========
SpawnPoolWorker-493| 2026-06-22 02:09:50,416,416 multiprocessing INFO SEE LOG AT : ./logs/all_Lyapunov_test_dso-fn_d_all_l_01_log.txt
SpawnPoolWorker-493| 2026-06-22 02:09:50,416,416 multiprocessing INFO See log at : ./logs/all_Lyapunov_test_dso-fn_d_all_l_01_log.txt
SpawnPoolWorker-493| 2026-06-22 02:09:50,421,421 multiprocessing INFO child process calling self.run()
SpawnPoolWorker-488| 2026-06-22 02:09:50,473,473 multiprocessing INFO STARTING NEW RUN ==========
SpawnPoolWorker-488| 2026-06-22 02:09:50,473,473 multiprocessing INFO SEE LOG AT : ./logs/all_Lyapunov_test_dso-fn_d_all_l_01_log.txt
SpawnPoolWorker-488| 2026-06-22 02:09:50,473,473 multiprocessing INFO See log at : ./logs/all_Lyapunov_test_dso-fn_d_all_l_01_log.txt
SpawnPoolWorker-488| 2026-06-22 02:09:50,476,476 multiprocessing INFO child process calling self.run()
SpawnPoolWorker-501| 2026-06-22 02:09:50,538,538 multiprocessing INFO STARTING NEW RUN ==========
SpawnPoolWorker-501| 2026-06-22 02:09:50,539,539 multiprocessing INFO SEE LOG AT : ./logs/all_Lyapunov_test_dso-fn_d_all_l_01_log.txt
SpawnPoolWorker-501| 2026-06-22 02:09:50,539,539 multiprocessing INFO See log at : ./logs/all_Lyapunov_test_dso-fn_d_all_l_01_log.txt
SpawnPoolWorker-501| 2026-06-22 02:09:50,543,543 multiprocessing INFO child process calling self.run()
SpawnPoolWorker-502| 2026-06-22 02:09:50,774,774 multiprocessing INFO STARTING NEW RUN ==========
SpawnPoolWorker-502| 2026-06-22 02:09:50,774,774 multiprocessing INFO SEE LOG AT : ./logs/all_Lyapunov_test_dso-fn_d_all_l_01_log.txt
SpawnPoolWorker-502| 2026-06-22 02:09:50,774,774 multiprocessing INFO See log at : ./logs/all_Lyapunov_test_dso-fn_d_all_l_01_log.txt
SpawnPoolWorker-502| 2026-06-22 02:09:50,777,777 multiprocessing INFO child process calling self.run()
SpawnPoolWorker-491| 2026-06-22 02:09:50,818,818 multiprocessing INFO STARTING NEW RUN ==========
SpawnPoolWorker-491| 2026-06-22 02:09:50,818,818 multiprocessing INFO SEE LOG AT : ./logs/all_Lyapunov_test_dso-fn_d_all_l_01_log.txt
SpawnPoolWorker-491| 2026-06-22 02:09:50,818,818 multiprocessing INFO See log at : ./logs/all_Lyapunov_test_dso-fn_d_all_l_01_log.txt
SpawnPoolWorker-491| 2026-06-22 02:09:50,820,820 multiprocessing INFO child process calling self.run()
SpawnPoolWorker-496| 2026-06-22 02:09:50,872,872 multiprocessing INFO STARTING NEW RUN ==========
SpawnPoolWorker-496| 2026-06-22 02:09:50,872,872 multiprocessing INFO SEE LOG AT : ./logs/all_Lyapunov_test_dso-fn_d_all_l_01_log.txt
SpawnPoolWorker-496| 2026-06-22 02:09:50,872,872 multiprocessing INFO See log at : ./logs/all_Lyapunov_test_dso-fn_d_all_l_01_log.txt
SpawnPoolWorker-496| 2026-06-22 02:09:50,881,881 multiprocessing INFO child process calling self.run()
SpawnPoolWorker-506| 2026-06-22 02:09:50,998,998 multiprocessing INFO STARTING NEW RUN ==========
SpawnPoolWorker-506| 2026-06-22 02:09:50,998,998 multiprocessing INFO SEE LOG AT : ./logs/all_Lyapunov_test_dso-fn_d_all_l_01_log.txt
SpawnPoolWorker-506| 2026-06-22 02:09:50,998,998 multiprocessing INFO See log at : ./logs/all_Lyapunov_test_dso-fn_d_all_l_01_log.txt
SpawnPoolWorker-506| 2026-06-22 02:09:51,000,0 multiprocessing INFO child process calling self.run()
SpawnPoolWorker-507| 2026-06-22 02:09:51,088,88 multiprocessing INFO STARTING NEW RUN ==========
SpawnPoolWorker-507| 2026-06-22 02:09:51,088,88 multiprocessing INFO SEE LOG AT : ./logs/all_Lyapunov_test_dso-fn_d_all_l_01_log.txt
SpawnPoolWorker-507| 2026-06-22 02:09:51,088,88 multiprocessing INFO See log at : ./logs/all_Lyapunov_test_dso-fn_d_all_l_01_log.txt
SpawnPoolWorker-507| 2026-06-22 02:09:51,092,92 multiprocessing INFO child process calling self.run()
SpawnPoolWorker-504| 2026-06-22 02:09:51,406,406 multiprocessing INFO STARTING NEW RUN ==========
SpawnPoolWorker-504| 2026-06-22 02:09:51,406,406 multiprocessing INFO SEE LOG AT : ./logs/all_Lyapunov_test_dso-fn_d_all_l_01_log.txt
SpawnPoolWorker-504| 2026-06-22 02:09:51,406,406 multiprocessing INFO See log at : ./logs/all_Lyapunov_test_dso-fn_d_all_l_01_log.txt
SpawnPoolWorker-504| 2026-06-22 02:09:51,415,415 multiprocessing INFO child process calling self.run()
SpawnPoolWorker-494| 2026-06-22 02:09:51,434,434 multiprocessing INFO STARTING NEW RUN ==========
SpawnPoolWorker-494| 2026-06-22 02:09:51,434,434 multiprocessing INFO SEE LOG AT : ./logs/all_Lyapunov_test_dso-fn_d_all_l_01_log.txt
SpawnPoolWorker-494| 2026-06-22 02:09:51,434,434 multiprocessing INFO See log at : ./logs/all_Lyapunov_test_dso-fn_d_all_l_01_log.txt
SpawnPoolWorker-494| 2026-06-22 02:09:51,438,438 multiprocessing INFO child process calling self.run()
SpawnPoolWorker-498| 2026-06-22 02:09:51,680,680 multiprocessing INFO STARTING NEW RUN ==========
SpawnPoolWorker-498| 2026-06-22 02:09:51,680,680 multiprocessing INFO SEE LOG AT : ./logs/all_Lyapunov_test_dso-fn_d_all_l_01_log.txt
SpawnPoolWorker-498| 2026-06-22 02:09:51,680,680 multiprocessing INFO See log at : ./logs/all_Lyapunov_test_dso-fn_d_all_l_01_log.txt
SpawnPoolWorker-498| 2026-06-22 02:09:51,682,682 multiprocessing INFO child process calling self.run()
SpawnPoolWorker-497| 2026-06-22 02:09:51,820,820 multiprocessing INFO STARTING NEW RUN ==========
SpawnPoolWorker-497| 2026-06-22 02:09:51,820,820 multiprocessing INFO SEE LOG AT : ./logs/all_Lyapunov_test_dso-fn_d_all_l_01_log.txt
SpawnPoolWorker-497| 2026-06-22 02:09:51,820,820 multiprocessing INFO See log at : ./logs/all_Lyapunov_test_dso-fn_d_all_l_01_log.txt
SpawnPoolWorker-497| 2026-06-22 02:09:51,823,823 multiprocessing INFO child process calling self.run()
SpawnPoolWorker-489| 2026-06-22 02:09:51,943,943 multiprocessing INFO STARTING NEW RUN ==========
SpawnPoolWorker-489| 2026-06-22 02:09:51,943,943 multiprocessing INFO SEE LOG AT : ./logs/all_Lyapunov_test_dso-fn_d_all_l_01_log.txt
SpawnPoolWorker-489| 2026-06-22 02:09:51,943,943 multiprocessing INFO See log at : ./logs/all_Lyapunov_test_dso-fn_d_all_l_01_log.txt
SpawnPoolWorker-489| 2026-06-22 02:09:51,945,945 multiprocessing INFO child process calling self.run()
SpawnPoolWorker-499| 2026-06-22 02:09:51,999,999 multiprocessing INFO STARTING NEW RUN ==========
SpawnPoolWorker-499| 2026-06-22 02:09:51,999,999 multiprocessing INFO SEE LOG AT : ./logs/all_Lyapunov_test_dso-fn_d_all_l_01_log.txt
SpawnPoolWorker-499| 2026-06-22 02:09:51,999,999 multiprocessing INFO See log at : ./logs/all_Lyapunov_test_dso-fn_d_all_l_01_log.txt
SpawnPoolWorker-499| 2026-06-22 02:09:52,008,8 multiprocessing INFO child process calling self.run()
SpawnPoolWorker-510| 2026-06-22 02:09:52,015,15 multiprocessing INFO STARTING NEW RUN ==========
SpawnPoolWorker-510| 2026-06-22 02:09:52,015,15 multiprocessing INFO SEE LOG AT : ./logs/all_Lyapunov_test_dso-fn_d_all_l_01_log.txt
SpawnPoolWorker-510| 2026-06-22 02:09:52,015,15 multiprocessing INFO See log at : ./logs/all_Lyapunov_test_dso-fn_d_all_l_01_log.txt
SpawnPoolWorker-510| 2026-06-22 02:09:52,017,17 multiprocessing INFO child process calling self.run()
SpawnPoolWorker-503| 2026-06-22 02:09:52,243,243 multiprocessing INFO STARTING NEW RUN ==========
SpawnPoolWorker-503| 2026-06-22 02:09:52,243,243 multiprocessing INFO SEE LOG AT : ./logs/all_Lyapunov_test_dso-fn_d_all_l_01_log.txt
SpawnPoolWorker-503| 2026-06-22 02:09:52,243,243 multiprocessing INFO See log at : ./logs/all_Lyapunov_test_dso-fn_d_all_l_01_log.txt
SpawnPoolWorker-503| 2026-06-22 02:09:52,248,248 multiprocessing INFO child process calling self.run()
SpawnPoolWorker-509| 2026-06-22 02:09:52,257,257 multiprocessing INFO STARTING NEW RUN ==========
SpawnPoolWorker-509| 2026-06-22 02:09:52,257,257 multiprocessing INFO SEE LOG AT : ./logs/all_Lyapunov_test_dso-fn_d_all_l_01_log.txt
SpawnPoolWorker-509| 2026-06-22 02:09:52,257,257 multiprocessing INFO See log at : ./logs/all_Lyapunov_test_dso-fn_d_all_l_01_log.txt
SpawnPoolWorker-509| 2026-06-22 02:09:52,267,267 multiprocessing INFO child process calling self.run()
SpawnPoolWorker-508| 2026-06-22 02:09:52,546,546 multiprocessing INFO STARTING NEW RUN ==========
SpawnPoolWorker-508| 2026-06-22 02:09:52,546,546 multiprocessing INFO SEE LOG AT : ./logs/all_Lyapunov_test_dso-fn_d_all_l_01_log.txt
SpawnPoolWorker-508| 2026-06-22 02:09:52,546,546 multiprocessing INFO See log at : ./logs/all_Lyapunov_test_dso-fn_d_all_l_01_log.txt
SpawnPoolWorker-508| 2026-06-22 02:09:52,548,548 multiprocessing INFO child process calling self.run()
SpawnPoolWorker-505| 2026-06-22 02:09:52,556,556 multiprocessing INFO STARTING NEW RUN ==========
SpawnPoolWorker-505| 2026-06-22 02:09:52,556,556 multiprocessing INFO SEE LOG AT : ./logs/all_Lyapunov_test_dso-fn_d_all_l_01_log.txt
SpawnPoolWorker-505| 2026-06-22 02:09:52,556,556 multiprocessing INFO See log at : ./logs/all_Lyapunov_test_dso-fn_d_all_l_01_log.txt
SpawnPoolWorker-505| 2026-06-22 02:09:52,561,561 multiprocessing INFO child process calling self.run()
SpawnPoolWorker-495| 2026-06-22 02:09:52,627,627 multiprocessing INFO STARTING NEW RUN ==========
SpawnPoolWorker-495| 2026-06-22 02:09:52,627,627 multiprocessing INFO SEE LOG AT : ./logs/all_Lyapunov_test_dso-fn_d_all_l_01_log.txt
SpawnPoolWorker-495| 2026-06-22 02:09:52,627,627 multiprocessing INFO See log at : ./logs/all_Lyapunov_test_dso-fn_d_all_l_01_log.txt
SpawnPoolWorker-495| 2026-06-22 02:09:52,633,633 multiprocessing INFO child process calling self.run()
SpawnPoolWorker-493| 2026-06-22 02:16:51,734,734 multiprocessing INFO process shutting down
SpawnPoolWorker-490| 2026-06-22 02:16:51,735,735 multiprocessing INFO process shutting down
SpawnPoolWorker-509| 2026-06-22 02:16:51,734,734 multiprocessing INFO process shutting down
SpawnPoolWorker-501| 2026-06-22 02:16:51,735,735 multiprocessing INFO process shutting down
SpawnPoolWorker-497| 2026-06-22 02:16:51,735,735 multiprocessing INFO process shutting down
SpawnPoolWorker-499| 2026-06-22 02:16:51,735,735 multiprocessing INFO process shutting down
SpawnPoolWorker-494| 2026-06-22 02:16:51,734,734 multiprocessing INFO process shutting down
SpawnPoolWorker-492| 2026-06-22 02:16:51,734,734 multiprocessing INFO process shutting down
SpawnPoolWorker-510| 2026-06-22 02:16:51,734,734 multiprocessing INFO process shutting down
SpawnPoolWorker-487| 2026-06-22 02:16:51,734,734 multiprocessing INFO process shutting down
SpawnPoolWorker-507| 2026-06-22 02:16:51,735,735 multiprocessing INFO process shutting down
SpawnPoolWorker-500| 2026-06-22 02:16:51,735,735 multiprocessing INFO process shutting down
SpawnPoolWorker-504| 2026-06-22 02:16:51,735,735 multiprocessing INFO process shutting down
SpawnPoolWorker-491| 2026-06-22 02:16:51,735,735 multiprocessing INFO process shutting down
SpawnPoolWorker-504| 2026-06-22 02:16:51,735,735 multiprocessing INFO process exiting with exitcode 0
SpawnPoolWorker-493| 2026-06-22 02:16:51,735,735 multiprocessing INFO process exiting with exitcode 0
SpawnPoolWorker-510| 2026-06-22 02:16:51,735,735 multiprocessing INFO process exiting with exitcode 0
SpawnPoolWorker-487| 2026-06-22 02:16:51,735,735 multiprocessing INFO process exiting with exitcode 0
SpawnPoolWorker-490| 2026-06-22 02:16:51,735,735 multiprocessing INFO process exiting with exitcode 0
SpawnPoolWorker-501| 2026-06-22 02:16:51,735,735 multiprocessing INFO process exiting with exitcode 0
SpawnPoolWorker-491| 2026-06-22 02:16:51,736,736 multiprocessing INFO process exiting with exitcode 0
SpawnPoolWorker-499| 2026-06-22 02:16:51,736,736 multiprocessing INFO process exiting with exitcode 0
SpawnPoolWorker-489| 2026-06-22 02:16:51,734,734 multiprocessing INFO process shutting down
SpawnPoolWorker-508| 2026-06-22 02:16:51,735,735 multiprocessing INFO process shutting down
SpawnPoolWorker-496| 2026-06-22 02:16:51,736,736 multiprocessing INFO process shutting down
SpawnPoolWorker-503| 2026-06-22 02:16:51,735,735 multiprocessing INFO process shutting down
SpawnPoolWorker-502| 2026-06-22 02:16:51,736,736 multiprocessing INFO process shutting down
SpawnPoolWorker-506| 2026-06-22 02:16:51,737,737 multiprocessing INFO process shutting down
SpawnPoolWorker-505| 2026-06-22 02:16:51,736,736 multiprocessing INFO process shutting down
SpawnPoolWorker-507| 2026-06-22 02:16:51,738,738 multiprocessing INFO process exiting with exitcode 0
SpawnPoolWorker-509| 2026-06-22 02:16:51,738,738 multiprocessing INFO process exiting with exitcode 0
SpawnPoolWorker-498| 2026-06-22 02:16:51,736,736 multiprocessing INFO process shutting down
28
(100000, 9)
(100000,)
(100000, 9)
(100000,)

=======================Successfully Added (50000, 9) Counter Examples=======================


============None of the candidates fulfill the conditions. Training CONTINUES!=================

MainProcess| 2026-06-22 02:16:57,786,786 multiprocessing INFO 
============None of the candidates fulfill the conditions. Training CONTINUES!=================


============None of the candidates fulfill the conditions. Training CONTINUES!=================

(550, 171)
/users/9/chen8596/miniconda3/envs/alfd/lib/python3.9/site-packages/torch/nn/functional.py:4999: UserWarning: Support for mismatched key_padding_mask and attn_mask is deprecated. Use same type for both instead.
  warnings.warn(

==============Start Supervised Learning==============

MainProcess| 2026-06-22 02:17:06,824,824 multiprocessing INFO GP output mean: 0.9539507166025086
GP output mean: 0.9539507166025086
MainProcess| 2026-06-22 02:17:07,412,412 multiprocessing INFO GP output success rate: 0.0
GP output success rate: 0.0

==============End Supervised Learning==============

/users/9/chen8596/LyaDis/repro/runs/syn9d/utils/train.py:971: RuntimeWarning: divide by zero encountered in divide
  error = np.abs(((y_hat - y) / y))
/users/9/chen8596/.local/lib/python3.9/site-packages/scipy/stats/_stats_py.py:4424: ConstantInputWarning: An input array is constant; the correlation coefficient is not defined.
  warnings.warn(stats.ConstantInputWarning(msg))
MainProcess| 2026-06-22 02:17:09,653,653 multiprocessing INFO [Test epoch=0015]  nevals=206582 	| train_loss=12069.17383 	| eqs_invalid %=0.00 	| r_best=0.97460 	| quantile=0.00000 	| r_quantile_mean=0.07974 	| r_raw_sum=43.85515 	|  r_raw_mean=0.84337 	| r2=nan 	| acc_iid=0.00000 	| acc_ood=0.00000 	| nmse_test=0.029425983243576783 	| true_equation_set_count=0 	| s/it=642.89159
[Test epoch=0015]  nevals=206582 	| train_loss=12069.17383 	| eqs_invalid %=0.00 	| r_best=0.97460 	| quantile=0.00000 	| r_quantile_mean=0.07974 	| r_raw_sum=43.85515 	|  r_raw_mean=0.84337 	| r2=nan 	| acc_iid=0.00000 	| acc_ood=0.00000 	| nmse_test=0.029425983243576783 	| true_equation_set_count=0 	| s/it=642.89159
MainProcess| 2026-06-22 02:17:09,654,654 multiprocessing INFO [00:02:54:34.34] Training epoch 15/4000, current best R: 0.9746
[00:02:54:34.34] Training epoch 15/4000, current best R: 0.9746
MainProcess| 2026-06-22 02:17:09,654,654 multiprocessing INFO 
	** New best

	** New best
MainProcess| 2026-06-22 02:17:09,654,654 multiprocessing INFO 	Reward: 0.9745997485491016
	Reward: 0.9745997485491016
MainProcess| 2026-06-22 02:17:09,654,654 multiprocessing INFO 	Count Off-policy: 1
	Count Off-policy: 1
MainProcess| 2026-06-22 02:17:09,654,654 multiprocessing INFO 	Count On-policy: 0
	Count On-policy: 0
MainProcess| 2026-06-22 02:17:09,654,654 multiprocessing INFO 	Originally on Policy: False
	Originally on Policy: False
MainProcess| 2026-06-22 02:17:09,654,654 multiprocessing INFO 	Invalid: False
	Invalid: False
MainProcess| 2026-06-22 02:17:09,654,654 multiprocessing INFO 	Traversal: add,add,add,add,n2,add,add,add,add,x4,sin,x1,add,x2,x2,x5,x8,sub,n2,x6,cos,x7,n2,x3,n2,x9,n2,x8
	Traversal: add,add,add,add,n2,add,add,add,add,x4,sin,x1,add,x2,x2,x5,x8,sub,n2,x6,cos,x7,n2,x3,n2,x9,n2,x8
MainProcess| 2026-06-22 02:17:09,654,654 multiprocessing INFO 	Expression:
	Expression:
MainProcess| 2026-06-22 02:17:09,656,656 multiprocessing INFO 
	    2     2     2     2                                  2          
	  x₃  + x₆  + x₈  + x₉  + (2⋅x₂ + x₄ + x₅ + x₈ + sin(x₁))  - cos(x₇)


	    2     2     2     2                                  2          
	  x₃  + x₆  + x₈  + x₉  + (2⋅x₂ + x₄ + x₅ + x₈ + sin(x₁))  - cos(x₇)

MainProcess| 2026-06-22 02:17:09,656,656 multiprocessing INFO [00:02:54:34.34] Training epoch 15/4000, current best R: 0.9746
[00:02:54:34.34] Training epoch 15/4000, current best R: 0.9746
MainProcess| 2026-06-22 02:18:53,722,722 multiprocessing INFO Genetic Porgramming Runtime 102.89107998413965
Genetic Porgramming Runtime 102.89107998413965

=========================PGD Collection Starts=========================

SpawnPoolWorker-520| 2026-06-22 02:18:59,160,160 multiprocessing INFO STARTING NEW RUN ==========
SpawnPoolWorker-520| 2026-06-22 02:18:59,161,161 multiprocessing INFO SEE LOG AT : ./logs/all_Lyapunov_test_dso-fn_d_all_l_01_log.txt
SpawnPoolWorker-520| 2026-06-22 02:18:59,161,161 multiprocessing INFO See log at : ./logs/all_Lyapunov_test_dso-fn_d_all_l_01_log.txt
SpawnPoolWorker-519| 2026-06-22 02:18:59,161,161 multiprocessing INFO STARTING NEW RUN ==========
SpawnPoolWorker-519| 2026-06-22 02:18:59,163,163 multiprocessing INFO SEE LOG AT : ./logs/all_Lyapunov_test_dso-fn_d_all_l_01_log.txt
SpawnPoolWorker-519| 2026-06-22 02:18:59,163,163 multiprocessing INFO See log at : ./logs/all_Lyapunov_test_dso-fn_d_all_l_01_log.txt
SpawnPoolWorker-520| 2026-06-22 02:18:59,163,163 multiprocessing INFO child process calling self.run()
SpawnPoolWorker-513| 2026-06-22 02:18:59,163,163 multiprocessing INFO STARTING NEW RUN ==========
SpawnPoolWorker-514| 2026-06-22 02:18:59,163,163 multiprocessing INFO STARTING NEW RUN ==========
SpawnPoolWorker-516| 2026-06-22 02:18:59,163,163 multiprocessing INFO STARTING NEW RUN ==========
SpawnPoolWorker-513| 2026-06-22 02:18:59,164,164 multiprocessing INFO SEE LOG AT : ./logs/all_Lyapunov_test_dso-fn_d_all_l_01_log.txt
SpawnPoolWorker-514| 2026-06-22 02:18:59,164,164 multiprocessing INFO SEE LOG AT : ./logs/all_Lyapunov_test_dso-fn_d_all_l_01_log.txt
SpawnPoolWorker-513| 2026-06-22 02:18:59,164,164 multiprocessing INFO See log at : ./logs/all_Lyapunov_test_dso-fn_d_all_l_01_log.txt
SpawnPoolWorker-514| 2026-06-22 02:18:59,164,164 multiprocessing INFO See log at : ./logs/all_Lyapunov_test_dso-fn_d_all_l_01_log.txt
SpawnPoolWorker-518| 2026-06-22 02:18:59,164,164 multiprocessing INFO STARTING NEW RUN ==========
SpawnPoolWorker-515| 2026-06-22 02:18:59,164,164 multiprocessing INFO STARTING NEW RUN ==========
SpawnPoolWorker-511| 2026-06-22 02:18:59,164,164 multiprocessing INFO STARTING NEW RUN ==========
SpawnPoolWorker-518| 2026-06-22 02:18:59,164,164 multiprocessing INFO SEE LOG AT : ./logs/all_Lyapunov_test_dso-fn_d_all_l_01_log.txt
SpawnPoolWorker-515| 2026-06-22 02:18:59,164,164 multiprocessing INFO SEE LOG AT : ./logs/all_Lyapunov_test_dso-fn_d_all_l_01_log.txt
SpawnPoolWorker-518| 2026-06-22 02:18:59,164,164 multiprocessing INFO See log at : ./logs/all_Lyapunov_test_dso-fn_d_all_l_01_log.txt
SpawnPoolWorker-511| 2026-06-22 02:18:59,164,164 multiprocessing INFO SEE LOG AT : ./logs/all_Lyapunov_test_dso-fn_d_all_l_01_log.txt
SpawnPoolWorker-515| 2026-06-22 02:18:59,164,164 multiprocessing INFO See log at : ./logs/all_Lyapunov_test_dso-fn_d_all_l_01_log.txt
SpawnPoolWorker-511| 2026-06-22 02:18:59,164,164 multiprocessing INFO See log at : ./logs/all_Lyapunov_test_dso-fn_d_all_l_01_log.txt
SpawnPoolWorker-519| 2026-06-22 02:18:59,164,164 multiprocessing INFO child process calling self.run()
SpawnPoolWorker-516| 2026-06-22 02:18:59,164,164 multiprocessing INFO SEE LOG AT : ./logs/all_Lyapunov_test_dso-fn_d_all_l_01_log.txt
SpawnPoolWorker-516| 2026-06-22 02:18:59,164,164 multiprocessing INFO See log at : ./logs/all_Lyapunov_test_dso-fn_d_all_l_01_log.txt
SpawnPoolWorker-518| 2026-06-22 02:18:59,165,165 multiprocessing INFO child process calling self.run()
SpawnPoolWorker-514| 2026-06-22 02:18:59,166,166 multiprocessing INFO child process calling self.run()
SpawnPoolWorker-513| 2026-06-22 02:18:59,166,166 multiprocessing INFO child process calling self.run()
SpawnPoolWorker-511| 2026-06-22 02:18:59,166,166 multiprocessing INFO child process calling self.run()
SpawnPoolWorker-515| 2026-06-22 02:18:59,166,166 multiprocessing INFO child process calling self.run()
SpawnPoolWorker-516| 2026-06-22 02:18:59,166,166 multiprocessing INFO child process calling self.run()
SpawnPoolWorker-512| 2026-06-22 02:18:59,166,166 multiprocessing INFO STARTING NEW RUN ==========
SpawnPoolWorker-517| 2026-06-22 02:18:59,166,166 multiprocessing INFO STARTING NEW RUN ==========
SpawnPoolWorker-512| 2026-06-22 02:18:59,167,167 multiprocessing INFO SEE LOG AT : ./logs/all_Lyapunov_test_dso-fn_d_all_l_01_log.txt
SpawnPoolWorker-517| 2026-06-22 02:18:59,167,167 multiprocessing INFO SEE LOG AT : ./logs/all_Lyapunov_test_dso-fn_d_all_l_01_log.txt
SpawnPoolWorker-512| 2026-06-22 02:18:59,167,167 multiprocessing INFO See log at : ./logs/all_Lyapunov_test_dso-fn_d_all_l_01_log.txt
SpawnPoolWorker-517| 2026-06-22 02:18:59,167,167 multiprocessing INFO See log at : ./logs/all_Lyapunov_test_dso-fn_d_all_l_01_log.txt
SpawnPoolWorker-512| 2026-06-22 02:18:59,168,168 multiprocessing INFO child process calling self.run()
SpawnPoolWorker-517| 2026-06-22 02:18:59,168,168 multiprocessing INFO child process calling self.run()
SpawnPoolWorker-515| 2026-06-22 02:19:17,082,82 multiprocessing INFO process shutting down
SpawnPoolWorker-518| 2026-06-22 02:19:17,082,82 multiprocessing INFO process shutting down
SpawnPoolWorker-515| 2026-06-22 02:19:17,083,83 multiprocessing INFO process exiting with exitcode 0
SpawnPoolWorker-519| 2026-06-22 02:19:17,082,82 multiprocessing INFO process shutting down
SpawnPoolWorker-517| 2026-06-22 02:19:17,082,82 multiprocessing INFO process shutting down
SpawnPoolWorker-514| 2026-06-22 02:19:17,082,82 multiprocessing INFO process shutting down
SpawnPoolWorker-518| 2026-06-22 02:19:17,083,83 multiprocessing INFO process exiting with exitcode 0
SpawnPoolWorker-512| 2026-06-22 02:19:17,082,82 multiprocessing INFO process shutting down
SpawnPoolWorker-519| 2026-06-22 02:19:17,083,83 multiprocessing INFO process exiting with exitcode 0
SpawnPoolWorker-520| 2026-06-22 02:19:17,083,83 multiprocessing INFO process shutting down
SpawnPoolWorker-513| 2026-06-22 02:19:17,083,83 multiprocessing INFO process shutting down
SpawnPoolWorker-517| 2026-06-22 02:19:17,083,83 multiprocessing INFO process exiting with exitcode 0
SpawnPoolWorker-514| 2026-06-22 02:19:17,083,83 multiprocessing INFO process exiting with exitcode 0
SpawnPoolWorker-512| 2026-06-22 02:19:17,083,83 multiprocessing INFO process exiting with exitcode 0
(20000,)

===================Collect 20000 Examples===================

Epsilon 0.1
500
(550,)
(550,)
(55,)
Number of Programs for Minimization: 28
SpawnPoolWorker-526| 2026-06-22 02:19:33,437,437 multiprocessing INFO STARTING NEW RUN ==========
SpawnPoolWorker-526| 2026-06-22 02:19:33,438,438 multiprocessing INFO SEE LOG AT : ./logs/all_Lyapunov_test_dso-fn_d_all_l_01_log.txt
SpawnPoolWorker-526| 2026-06-22 02:19:33,438,438 multiprocessing INFO See log at : ./logs/all_Lyapunov_test_dso-fn_d_all_l_01_log.txt
SpawnPoolWorker-526| 2026-06-22 02:19:33,445,445 multiprocessing INFO child process calling self.run()
SpawnPoolWorker-534| 2026-06-22 02:19:33,477,477 multiprocessing INFO STARTING NEW RUN ==========
SpawnPoolWorker-534| 2026-06-22 02:19:33,478,478 multiprocessing INFO SEE LOG AT : ./logs/all_Lyapunov_test_dso-fn_d_all_l_01_log.txt
SpawnPoolWorker-534| 2026-06-22 02:19:33,478,478 multiprocessing INFO See log at : ./logs/all_Lyapunov_test_dso-fn_d_all_l_01_log.txt
SpawnPoolWorker-534| 2026-06-22 02:19:33,481,481 multiprocessing INFO child process calling self.run()
SpawnPoolWorker-539| 2026-06-22 02:19:33,899,899 multiprocessing INFO STARTING NEW RUN ==========
SpawnPoolWorker-539| 2026-06-22 02:19:33,900,900 multiprocessing INFO SEE LOG AT : ./logs/all_Lyapunov_test_dso-fn_d_all_l_01_log.txt
SpawnPoolWorker-539| 2026-06-22 02:19:33,900,900 multiprocessing INFO See log at : ./logs/all_Lyapunov_test_dso-fn_d_all_l_01_log.txt
SpawnPoolWorker-539| 2026-06-22 02:19:33,909,909 multiprocessing INFO child process calling self.run()
SpawnPoolWorker-523| 2026-06-22 02:19:33,970,970 multiprocessing INFO STARTING NEW RUN ==========
SpawnPoolWorker-523| 2026-06-22 02:19:33,970,970 multiprocessing INFO SEE LOG AT : ./logs/all_Lyapunov_test_dso-fn_d_all_l_01_log.txt
SpawnPoolWorker-523| 2026-06-22 02:19:33,970,970 multiprocessing INFO See log at : ./logs/all_Lyapunov_test_dso-fn_d_all_l_01_log.txt
SpawnPoolWorker-523| 2026-06-22 02:19:33,974,974 multiprocessing INFO child process calling self.run()
SpawnPoolWorker-542| 2026-06-22 02:19:34,142,142 multiprocessing INFO STARTING NEW RUN ==========
SpawnPoolWorker-542| 2026-06-22 02:19:34,142,142 multiprocessing INFO SEE LOG AT : ./logs/all_Lyapunov_test_dso-fn_d_all_l_01_log.txt
SpawnPoolWorker-542| 2026-06-22 02:19:34,142,142 multiprocessing INFO See log at : ./logs/all_Lyapunov_test_dso-fn_d_all_l_01_log.txt
SpawnPoolWorker-542| 2026-06-22 02:19:34,145,145 multiprocessing INFO child process calling self.run()
SpawnPoolWorker-530| 2026-06-22 02:19:34,188,188 multiprocessing INFO STARTING NEW RUN ==========
SpawnPoolWorker-530| 2026-06-22 02:19:34,188,188 multiprocessing INFO SEE LOG AT : ./logs/all_Lyapunov_test_dso-fn_d_all_l_01_log.txt
SpawnPoolWorker-530| 2026-06-22 02:19:34,188,188 multiprocessing INFO See log at : ./logs/all_Lyapunov_test_dso-fn_d_all_l_01_log.txt
SpawnPoolWorker-530| 2026-06-22 02:19:34,190,190 multiprocessing INFO child process calling self.run()
SpawnPoolWorker-528| 2026-06-22 02:19:34,201,201 multiprocessing INFO STARTING NEW RUN ==========
SpawnPoolWorker-528| 2026-06-22 02:19:34,201,201 multiprocessing INFO SEE LOG AT : ./logs/all_Lyapunov_test_dso-fn_d_all_l_01_log.txt
SpawnPoolWorker-528| 2026-06-22 02:19:34,201,201 multiprocessing INFO See log at : ./logs/all_Lyapunov_test_dso-fn_d_all_l_01_log.txt
SpawnPoolWorker-528| 2026-06-22 02:19:34,206,206 multiprocessing INFO child process calling self.run()
SpawnPoolWorker-540| 2026-06-22 02:19:34,448,448 multiprocessing INFO STARTING NEW RUN ==========
SpawnPoolWorker-540| 2026-06-22 02:19:34,448,448 multiprocessing INFO SEE LOG AT : ./logs/all_Lyapunov_test_dso-fn_d_all_l_01_log.txt
SpawnPoolWorker-540| 2026-06-22 02:19:34,448,448 multiprocessing INFO See log at : ./logs/all_Lyapunov_test_dso-fn_d_all_l_01_log.txt
SpawnPoolWorker-540| 2026-06-22 02:19:34,450,450 multiprocessing INFO child process calling self.run()
SpawnPoolWorker-521| 2026-06-22 02:19:34,472,472 multiprocessing INFO STARTING NEW RUN ==========
SpawnPoolWorker-521| 2026-06-22 02:19:34,472,472 multiprocessing INFO SEE LOG AT : ./logs/all_Lyapunov_test_dso-fn_d_all_l_01_log.txt
SpawnPoolWorker-521| 2026-06-22 02:19:34,472,472 multiprocessing INFO See log at : ./logs/all_Lyapunov_test_dso-fn_d_all_l_01_log.txt
SpawnPoolWorker-538| 2026-06-22 02:19:34,472,472 multiprocessing INFO STARTING NEW RUN ==========
SpawnPoolWorker-538| 2026-06-22 02:19:34,472,472 multiprocessing INFO SEE LOG AT : ./logs/all_Lyapunov_test_dso-fn_d_all_l_01_log.txt
SpawnPoolWorker-538| 2026-06-22 02:19:34,472,472 multiprocessing INFO See log at : ./logs/all_Lyapunov_test_dso-fn_d_all_l_01_log.txt
SpawnPoolWorker-524| 2026-06-22 02:19:34,473,473 multiprocessing INFO STARTING NEW RUN ==========
SpawnPoolWorker-524| 2026-06-22 02:19:34,473,473 multiprocessing INFO SEE LOG AT : ./logs/all_Lyapunov_test_dso-fn_d_all_l_01_log.txt
SpawnPoolWorker-524| 2026-06-22 02:19:34,473,473 multiprocessing INFO See log at : ./logs/all_Lyapunov_test_dso-fn_d_all_l_01_log.txt
SpawnPoolWorker-538| 2026-06-22 02:19:34,476,476 multiprocessing INFO child process calling self.run()
SpawnPoolWorker-524| 2026-06-22 02:19:34,479,479 multiprocessing INFO child process calling self.run()
SpawnPoolWorker-521| 2026-06-22 02:19:34,486,486 multiprocessing INFO child process calling self.run()
SpawnPoolWorker-533| 2026-06-22 02:19:34,605,605 multiprocessing INFO STARTING NEW RUN ==========
SpawnPoolWorker-533| 2026-06-22 02:19:34,605,605 multiprocessing INFO SEE LOG AT : ./logs/all_Lyapunov_test_dso-fn_d_all_l_01_log.txt
SpawnPoolWorker-533| 2026-06-22 02:19:34,605,605 multiprocessing INFO See log at : ./logs/all_Lyapunov_test_dso-fn_d_all_l_01_log.txt
SpawnPoolWorker-533| 2026-06-22 02:19:34,616,616 multiprocessing INFO child process calling self.run()
SpawnPoolWorker-529| 2026-06-22 02:19:34,629,629 multiprocessing INFO STARTING NEW RUN ==========
SpawnPoolWorker-529| 2026-06-22 02:19:34,630,630 multiprocessing INFO SEE LOG AT : ./logs/all_Lyapunov_test_dso-fn_d_all_l_01_log.txt
SpawnPoolWorker-529| 2026-06-22 02:19:34,630,630 multiprocessing INFO See log at : ./logs/all_Lyapunov_test_dso-fn_d_all_l_01_log.txt
SpawnPoolWorker-529| 2026-06-22 02:19:34,633,633 multiprocessing INFO child process calling self.run()
SpawnPoolWorker-522| 2026-06-22 02:19:34,671,671 multiprocessing INFO STARTING NEW RUN ==========
SpawnPoolWorker-522| 2026-06-22 02:19:34,671,671 multiprocessing INFO SEE LOG AT : ./logs/all_Lyapunov_test_dso-fn_d_all_l_01_log.txt
SpawnPoolWorker-522| 2026-06-22 02:19:34,671,671 multiprocessing INFO See log at : ./logs/all_Lyapunov_test_dso-fn_d_all_l_01_log.txt
SpawnPoolWorker-522| 2026-06-22 02:19:34,673,673 multiprocessing INFO child process calling self.run()
SpawnPoolWorker-527| 2026-06-22 02:19:34,771,771 multiprocessing INFO STARTING NEW RUN ==========
SpawnPoolWorker-527| 2026-06-22 02:19:34,771,771 multiprocessing INFO SEE LOG AT : ./logs/all_Lyapunov_test_dso-fn_d_all_l_01_log.txt
SpawnPoolWorker-527| 2026-06-22 02:19:34,771,771 multiprocessing INFO See log at : ./logs/all_Lyapunov_test_dso-fn_d_all_l_01_log.txt
SpawnPoolWorker-527| 2026-06-22 02:19:34,774,774 multiprocessing INFO child process calling self.run()
SpawnPoolWorker-531| 2026-06-22 02:19:34,837,837 multiprocessing INFO STARTING NEW RUN ==========
SpawnPoolWorker-531| 2026-06-22 02:19:34,837,837 multiprocessing INFO SEE LOG AT : ./logs/all_Lyapunov_test_dso-fn_d_all_l_01_log.txt
SpawnPoolWorker-531| 2026-06-22 02:19:34,837,837 multiprocessing INFO See log at : ./logs/all_Lyapunov_test_dso-fn_d_all_l_01_log.txt
SpawnPoolWorker-525| 2026-06-22 02:19:34,841,841 multiprocessing INFO STARTING NEW RUN ==========
SpawnPoolWorker-525| 2026-06-22 02:19:34,842,842 multiprocessing INFO SEE LOG AT : ./logs/all_Lyapunov_test_dso-fn_d_all_l_01_log.txt
SpawnPoolWorker-525| 2026-06-22 02:19:34,842,842 multiprocessing INFO See log at : ./logs/all_Lyapunov_test_dso-fn_d_all_l_01_log.txt
SpawnPoolWorker-531| 2026-06-22 02:19:34,843,843 multiprocessing INFO child process calling self.run()
SpawnPoolWorker-525| 2026-06-22 02:19:34,844,844 multiprocessing INFO child process calling self.run()
SpawnPoolWorker-537| 2026-06-22 02:19:35,065,65 multiprocessing INFO STARTING NEW RUN ==========
SpawnPoolWorker-537| 2026-06-22 02:19:35,065,65 multiprocessing INFO SEE LOG AT : ./logs/all_Lyapunov_test_dso-fn_d_all_l_01_log.txt
SpawnPoolWorker-537| 2026-06-22 02:19:35,065,65 multiprocessing INFO See log at : ./logs/all_Lyapunov_test_dso-fn_d_all_l_01_log.txt
SpawnPoolWorker-537| 2026-06-22 02:19:35,070,70 multiprocessing INFO child process calling self.run()
SpawnPoolWorker-544| 2026-06-22 02:19:35,118,118 multiprocessing INFO STARTING NEW RUN ==========
SpawnPoolWorker-544| 2026-06-22 02:19:35,118,118 multiprocessing INFO SEE LOG AT : ./logs/all_Lyapunov_test_dso-fn_d_all_l_01_log.txt
SpawnPoolWorker-544| 2026-06-22 02:19:35,118,118 multiprocessing INFO See log at : ./logs/all_Lyapunov_test_dso-fn_d_all_l_01_log.txt
SpawnPoolWorker-544| 2026-06-22 02:19:35,120,120 multiprocessing INFO child process calling self.run()
SpawnPoolWorker-532| 2026-06-22 02:19:35,222,222 multiprocessing INFO STARTING NEW RUN ==========
SpawnPoolWorker-532| 2026-06-22 02:19:35,222,222 multiprocessing INFO SEE LOG AT : ./logs/all_Lyapunov_test_dso-fn_d_all_l_01_log.txt
SpawnPoolWorker-532| 2026-06-22 02:19:35,222,222 multiprocessing INFO See log at : ./logs/all_Lyapunov_test_dso-fn_d_all_l_01_log.txt
SpawnPoolWorker-532| 2026-06-22 02:19:35,224,224 multiprocessing INFO child process calling self.run()
SpawnPoolWorker-535| 2026-06-22 02:19:35,464,464 multiprocessing INFO STARTING NEW RUN ==========
SpawnPoolWorker-535| 2026-06-22 02:19:35,464,464 multiprocessing INFO SEE LOG AT : ./logs/all_Lyapunov_test_dso-fn_d_all_l_01_log.txt
SpawnPoolWorker-535| 2026-06-22 02:19:35,464,464 multiprocessing INFO See log at : ./logs/all_Lyapunov_test_dso-fn_d_all_l_01_log.txt
SpawnPoolWorker-535| 2026-06-22 02:19:35,466,466 multiprocessing INFO child process calling self.run()
SpawnPoolWorker-536| 2026-06-22 02:19:35,652,652 multiprocessing INFO STARTING NEW RUN ==========
SpawnPoolWorker-536| 2026-06-22 02:19:35,652,652 multiprocessing INFO SEE LOG AT : ./logs/all_Lyapunov_test_dso-fn_d_all_l_01_log.txt
SpawnPoolWorker-536| 2026-06-22 02:19:35,652,652 multiprocessing INFO See log at : ./logs/all_Lyapunov_test_dso-fn_d_all_l_01_log.txt
SpawnPoolWorker-536| 2026-06-22 02:19:35,656,656 multiprocessing INFO child process calling self.run()
SpawnPoolWorker-543| 2026-06-22 02:19:35,785,785 multiprocessing INFO STARTING NEW RUN ==========
SpawnPoolWorker-543| 2026-06-22 02:19:35,785,785 multiprocessing INFO SEE LOG AT : ./logs/all_Lyapunov_test_dso-fn_d_all_l_01_log.txt
SpawnPoolWorker-543| 2026-06-22 02:19:35,785,785 multiprocessing INFO See log at : ./logs/all_Lyapunov_test_dso-fn_d_all_l_01_log.txt
SpawnPoolWorker-543| 2026-06-22 02:19:35,786,786 multiprocessing INFO child process calling self.run()
SpawnPoolWorker-541| 2026-06-22 02:19:36,162,162 multiprocessing INFO STARTING NEW RUN ==========
SpawnPoolWorker-541| 2026-06-22 02:19:36,162,162 multiprocessing INFO SEE LOG AT : ./logs/all_Lyapunov_test_dso-fn_d_all_l_01_log.txt
SpawnPoolWorker-541| 2026-06-22 02:19:36,162,162 multiprocessing INFO See log at : ./logs/all_Lyapunov_test_dso-fn_d_all_l_01_log.txt
SpawnPoolWorker-541| 2026-06-22 02:19:36,164,164 multiprocessing INFO child process calling self.run()
SpawnPoolWorker-538| 2026-06-22 02:26:26,820,820 multiprocessing INFO process shutting down
SpawnPoolWorker-537| 2026-06-22 02:26:26,820,820 multiprocessing INFO process shutting down
SpawnPoolWorker-527| 2026-06-22 02:26:26,820,820 multiprocessing INFO process shutting down
SpawnPoolWorker-523| 2026-06-22 02:26:26,820,820 multiprocessing INFO process shutting down
SpawnPoolWorker-540| 2026-06-22 02:26:26,820,820 multiprocessing INFO process shutting down
SpawnPoolWorker-536| 2026-06-22 02:26:26,821,821 multiprocessing INFO process shutting down
SpawnPoolWorker-543| 2026-06-22 02:26:26,820,820 multiprocessing INFO process shutting down
SpawnPoolWorker-533| 2026-06-22 02:26:26,821,821 multiprocessing INFO process shutting down
SpawnPoolWorker-535| 2026-06-22 02:26:26,820,820 multiprocessing INFO process shutting down
SpawnPoolWorker-532| 2026-06-22 02:26:26,820,820 multiprocessing INFO process shutting down
SpawnPoolWorker-539| 2026-06-22 02:26:26,820,820 multiprocessing INFO process shutting down
SpawnPoolWorker-528| 2026-06-22 02:26:26,821,821 multiprocessing INFO process shutting down
SpawnPoolWorker-529| 2026-06-22 02:26:26,820,820 multiprocessing INFO process shutting down
SpawnPoolWorker-521| 2026-06-22 02:26:26,821,821 multiprocessing INFO process shutting down
SpawnPoolWorker-542| 2026-06-22 02:26:26,821,821 multiprocessing INFO process shutting down
SpawnPoolWorker-521| 2026-06-22 02:26:26,821,821 multiprocessing INFO process exiting with exitcode 0
SpawnPoolWorker-527| 2026-06-22 02:26:26,821,821 multiprocessing INFO process exiting with exitcode 0
SpawnPoolWorker-529| 2026-06-22 02:26:26,821,821 multiprocessing INFO process exiting with exitcode 0
SpawnPoolWorker-542| 2026-06-22 02:26:26,821,821 multiprocessing INFO process exiting with exitcode 0
SpawnPoolWorker-537| 2026-06-22 02:26:26,821,821 multiprocessing INFO process exiting with exitcode 0
SpawnPoolWorker-531| 2026-06-22 02:26:26,821,821 multiprocessing INFO process shutting down
SpawnPoolWorker-523| 2026-06-22 02:26:26,821,821 multiprocessing INFO process exiting with exitcode 0
SpawnPoolWorker-536| 2026-06-22 02:26:26,821,821 multiprocessing INFO process exiting with exitcode 0
SpawnPoolWorker-531| 2026-06-22 02:26:26,821,821 multiprocessing INFO process exiting with exitcode 0
SpawnPoolWorker-534| 2026-06-22 02:26:26,820,820 multiprocessing INFO process shutting down
SpawnPoolWorker-528| 2026-06-22 02:26:26,822,822 multiprocessing INFO process exiting with exitcode 0
SpawnPoolWorker-526| 2026-06-22 02:26:26,820,820 multiprocessing INFO process shutting down
SpawnPoolWorker-530| 2026-06-22 02:26:26,821,821 multiprocessing INFO process shutting down
SpawnPoolWorker-544| 2026-06-22 02:26:26,822,822 multiprocessing INFO process shutting down
SpawnPoolWorker-525| 2026-06-22 02:26:26,822,822 multiprocessing INFO process shutting down
SpawnPoolWorker-541| 2026-06-22 02:26:26,822,822 multiprocessing INFO process shutting down
28
(100000, 9)
(100000,)
(100000, 9)
(100000,)

=======================Successfully Added (50000, 9) Counter Examples=======================


============None of the candidates fulfill the conditions. Training CONTINUES!=================

MainProcess| 2026-06-22 02:26:29,214,214 multiprocessing INFO 
============None of the candidates fulfill the conditions. Training CONTINUES!=================


============None of the candidates fulfill the conditions. Training CONTINUES!=================

(55, 171)
/users/9/chen8596/miniconda3/envs/alfd/lib/python3.9/site-packages/torch/nn/functional.py:4999: UserWarning: Support for mismatched key_padding_mask and attn_mask is deprecated. Use same type for both instead.
  warnings.warn(

==============Start Supervised Learning==============

MainProcess| 2026-06-22 02:26:33,611,611 multiprocessing INFO GP output mean: 0.7814647281651309
GP output mean: 0.7814647281651309
MainProcess| 2026-06-22 02:26:34,159,159 multiprocessing INFO GP output success rate: 0.0
GP output success rate: 0.0

==============End Supervised Learning==============

MainProcess| 2026-06-22 02:26:36,241,241 multiprocessing INFO [Test epoch=0016]  nevals=220290 	| train_loss=10860.51758 	| eqs_invalid %=0.00 	| r_best=0.97460 	| quantile=0.27651 	| r_quantile_mean=0.74519 	| r_raw_sum=42.34297 	|  r_raw_mean=0.67211 	| r2=nan 	| acc_iid=0.00000 	| acc_ood=0.00000 	| nmse_test=0.029425983243576783 	| true_equation_set_count=0 	| s/it=566.58508
[Test epoch=0016]  nevals=220290 	| train_loss=10860.51758 	| eqs_invalid %=0.00 	| r_best=0.97460 	| quantile=0.27651 	| r_quantile_mean=0.74519 	| r_raw_sum=42.34297 	|  r_raw_mean=0.67211 	| r2=nan 	| acc_iid=0.00000 	| acc_ood=0.00000 	| nmse_test=0.029425983243576783 	| true_equation_set_count=0 	| s/it=566.58508
MainProcess| 2026-06-22 02:28:52,280,280 multiprocessing INFO Genetic Porgramming Runtime 134.86030071391724
Genetic Porgramming Runtime 134.86030071391724

=========================PGD Collection Starts=========================

SpawnPoolWorker-548| 2026-06-22 02:28:58,344,344 multiprocessing INFO STARTING NEW RUN ==========
SpawnPoolWorker-548| 2026-06-22 02:28:58,345,345 multiprocessing INFO SEE LOG AT : ./logs/all_Lyapunov_test_dso-fn_d_all_l_01_log.txt
SpawnPoolWorker-548| 2026-06-22 02:28:58,345,345 multiprocessing INFO See log at : ./logs/all_Lyapunov_test_dso-fn_d_all_l_01_log.txt
SpawnPoolWorker-554| 2026-06-22 02:28:58,345,345 multiprocessing INFO STARTING NEW RUN ==========
SpawnPoolWorker-554| 2026-06-22 02:28:58,345,345 multiprocessing INFO SEE LOG AT : ./logs/all_Lyapunov_test_dso-fn_d_all_l_01_log.txt
SpawnPoolWorker-554| 2026-06-22 02:28:58,346,346 multiprocessing INFO See log at : ./logs/all_Lyapunov_test_dso-fn_d_all_l_01_log.txt
SpawnPoolWorker-550| 2026-06-22 02:28:58,346,346 multiprocessing INFO STARTING NEW RUN ==========
SpawnPoolWorker-550| 2026-06-22 02:28:58,346,346 multiprocessing INFO SEE LOG AT : ./logs/all_Lyapunov_test_dso-fn_d_all_l_01_log.txt
SpawnPoolWorker-548| 2026-06-22 02:28:58,346,346 multiprocessing INFO child process calling self.run()
SpawnPoolWorker-553| 2026-06-22 02:28:58,346,346 multiprocessing INFO STARTING NEW RUN ==========
SpawnPoolWorker-550| 2026-06-22 02:28:58,346,346 multiprocessing INFO See log at : ./logs/all_Lyapunov_test_dso-fn_d_all_l_01_log.txt
SpawnPoolWorker-553| 2026-06-22 02:28:58,347,347 multiprocessing INFO SEE LOG AT : ./logs/all_Lyapunov_test_dso-fn_d_all_l_01_log.txt
SpawnPoolWorker-553| 2026-06-22 02:28:58,347,347 multiprocessing INFO See log at : ./logs/all_Lyapunov_test_dso-fn_d_all_l_01_log.txt
SpawnPoolWorker-554| 2026-06-22 02:28:58,348,348 multiprocessing INFO child process calling self.run()
SpawnPoolWorker-550| 2026-06-22 02:28:58,348,348 multiprocessing INFO child process calling self.run()
SpawnPoolWorker-553| 2026-06-22 02:28:58,348,348 multiprocessing INFO child process calling self.run()
SpawnPoolWorker-552| 2026-06-22 02:28:58,348,348 multiprocessing INFO STARTING NEW RUN ==========
SpawnPoolWorker-546| 2026-06-22 02:28:58,348,348 multiprocessing INFO STARTING NEW RUN ==========
SpawnPoolWorker-546| 2026-06-22 02:28:58,348,348 multiprocessing INFO SEE LOG AT : ./logs/all_Lyapunov_test_dso-fn_d_all_l_01_log.txt
SpawnPoolWorker-546| 2026-06-22 02:28:58,348,348 multiprocessing INFO See log at : ./logs/all_Lyapunov_test_dso-fn_d_all_l_01_log.txt
SpawnPoolWorker-552| 2026-06-22 02:28:58,348,348 multiprocessing INFO SEE LOG AT : ./logs/all_Lyapunov_test_dso-fn_d_all_l_01_log.txt
SpawnPoolWorker-552| 2026-06-22 02:28:58,348,348 multiprocessing INFO See log at : ./logs/all_Lyapunov_test_dso-fn_d_all_l_01_log.txt
SpawnPoolWorker-551| 2026-06-22 02:28:58,350,350 multiprocessing INFO STARTING NEW RUN ==========
SpawnPoolWorker-551| 2026-06-22 02:28:58,350,350 multiprocessing INFO SEE LOG AT : ./logs/all_Lyapunov_test_dso-fn_d_all_l_01_log.txt
SpawnPoolWorker-551| 2026-06-22 02:28:58,350,350 multiprocessing INFO See log at : ./logs/all_Lyapunov_test_dso-fn_d_all_l_01_log.txt
SpawnPoolWorker-546| 2026-06-22 02:28:58,350,350 multiprocessing INFO child process calling self.run()
SpawnPoolWorker-545| 2026-06-22 02:28:58,350,350 multiprocessing INFO STARTING NEW RUN ==========
SpawnPoolWorker-545| 2026-06-22 02:28:58,350,350 multiprocessing INFO SEE LOG AT : ./logs/all_Lyapunov_test_dso-fn_d_all_l_01_log.txt
SpawnPoolWorker-545| 2026-06-22 02:28:58,350,350 multiprocessing INFO See log at : ./logs/all_Lyapunov_test_dso-fn_d_all_l_01_log.txt
SpawnPoolWorker-552| 2026-06-22 02:28:58,350,350 multiprocessing INFO child process calling self.run()
SpawnPoolWorker-551| 2026-06-22 02:28:58,351,351 multiprocessing INFO child process calling self.run()
SpawnPoolWorker-545| 2026-06-22 02:28:58,352,352 multiprocessing INFO child process calling self.run()
SpawnPoolWorker-549| 2026-06-22 02:28:58,352,352 multiprocessing INFO STARTING NEW RUN ==========
SpawnPoolWorker-547| 2026-06-22 02:28:58,352,352 multiprocessing INFO STARTING NEW RUN ==========
SpawnPoolWorker-549| 2026-06-22 02:28:58,352,352 multiprocessing INFO SEE LOG AT : ./logs/all_Lyapunov_test_dso-fn_d_all_l_01_log.txt
SpawnPoolWorker-547| 2026-06-22 02:28:58,352,352 multiprocessing INFO SEE LOG AT : ./logs/all_Lyapunov_test_dso-fn_d_all_l_01_log.txt
SpawnPoolWorker-549| 2026-06-22 02:28:58,352,352 multiprocessing INFO See log at : ./logs/all_Lyapunov_test_dso-fn_d_all_l_01_log.txt
SpawnPoolWorker-547| 2026-06-22 02:28:58,352,352 multiprocessing INFO See log at : ./logs/all_Lyapunov_test_dso-fn_d_all_l_01_log.txt
SpawnPoolWorker-547| 2026-06-22 02:28:58,354,354 multiprocessing INFO child process calling self.run()
SpawnPoolWorker-549| 2026-06-22 02:28:58,354,354 multiprocessing INFO child process calling self.run()
SpawnPoolWorker-549| 2026-06-22 02:29:13,438,438 multiprocessing INFO process shutting down
SpawnPoolWorker-545| 2026-06-22 02:29:13,438,438 multiprocessing INFO process shutting down
SpawnPoolWorker-549| 2026-06-22 02:29:13,438,438 multiprocessing INFO process exiting with exitcode 0
SpawnPoolWorker-545| 2026-06-22 02:29:13,439,439 multiprocessing INFO process exiting with exitcode 0
SpawnPoolWorker-554| 2026-06-22 02:29:13,439,439 multiprocessing INFO process shutting down
SpawnPoolWorker-550| 2026-06-22 02:29:13,439,439 multiprocessing INFO process shutting down
SpawnPoolWorker-548| 2026-06-22 02:29:13,439,439 multiprocessing INFO process shutting down
SpawnPoolWorker-547| 2026-06-22 02:29:13,439,439 multiprocessing INFO process shutting down
SpawnPoolWorker-552| 2026-06-22 02:29:13,439,439 multiprocessing INFO process shutting down
SpawnPoolWorker-553| 2026-06-22 02:29:13,439,439 multiprocessing INFO process shutting down
(20000,)

===================Collect 20000 Examples===================

Epsilon 0.1
500
(550,)
(550,)
(550,)
Number of Programs for Minimization: 28
SpawnPoolWorker-558| 2026-06-22 02:29:29,277,277 multiprocessing INFO STARTING NEW RUN ==========
SpawnPoolWorker-558| 2026-06-22 02:29:29,277,277 multiprocessing INFO SEE LOG AT : ./logs/all_Lyapunov_test_dso-fn_d_all_l_01_log.txt
SpawnPoolWorker-558| 2026-06-22 02:29:29,277,277 multiprocessing INFO See log at : ./logs/all_Lyapunov_test_dso-fn_d_all_l_01_log.txt
SpawnPoolWorker-558| 2026-06-22 02:29:29,280,280 multiprocessing INFO child process calling self.run()
SpawnPoolWorker-560| 2026-06-22 02:29:29,280,280 multiprocessing INFO STARTING NEW RUN ==========
SpawnPoolWorker-560| 2026-06-22 02:29:29,281,281 multiprocessing INFO SEE LOG AT : ./logs/all_Lyapunov_test_dso-fn_d_all_l_01_log.txt
SpawnPoolWorker-560| 2026-06-22 02:29:29,281,281 multiprocessing INFO See log at : ./logs/all_Lyapunov_test_dso-fn_d_all_l_01_log.txt
SpawnPoolWorker-560| 2026-06-22 02:29:29,285,285 multiprocessing INFO child process calling self.run()
SpawnPoolWorker-557| 2026-06-22 02:29:29,310,310 multiprocessing INFO STARTING NEW RUN ==========
SpawnPoolWorker-557| 2026-06-22 02:29:29,310,310 multiprocessing INFO SEE LOG AT : ./logs/all_Lyapunov_test_dso-fn_d_all_l_01_log.txt
SpawnPoolWorker-557| 2026-06-22 02:29:29,310,310 multiprocessing INFO See log at : ./logs/all_Lyapunov_test_dso-fn_d_all_l_01_log.txt
SpawnPoolWorker-557| 2026-06-22 02:29:29,314,314 multiprocessing INFO child process calling self.run()
SpawnPoolWorker-565| 2026-06-22 02:29:29,391,391 multiprocessing INFO STARTING NEW RUN ==========
SpawnPoolWorker-565| 2026-06-22 02:29:29,391,391 multiprocessing INFO SEE LOG AT : ./logs/all_Lyapunov_test_dso-fn_d_all_l_01_log.txt
SpawnPoolWorker-565| 2026-06-22 02:29:29,392,392 multiprocessing INFO See log at : ./logs/all_Lyapunov_test_dso-fn_d_all_l_01_log.txt
SpawnPoolWorker-565| 2026-06-22 02:29:29,393,393 multiprocessing INFO child process calling self.run()
SpawnPoolWorker-555| 2026-06-22 02:29:29,573,573 multiprocessing INFO STARTING NEW RUN ==========
SpawnPoolWorker-555| 2026-06-22 02:29:29,574,574 multiprocessing INFO SEE LOG AT : ./logs/all_Lyapunov_test_dso-fn_d_all_l_01_log.txt
SpawnPoolWorker-555| 2026-06-22 02:29:29,574,574 multiprocessing INFO See log at : ./logs/all_Lyapunov_test_dso-fn_d_all_l_01_log.txt
SpawnPoolWorker-555| 2026-06-22 02:29:29,576,576 multiprocessing INFO child process calling self.run()
SpawnPoolWorker-578| 2026-06-22 02:29:29,605,605 multiprocessing INFO STARTING NEW RUN ==========
SpawnPoolWorker-578| 2026-06-22 02:29:29,605,605 multiprocessing INFO SEE LOG AT : ./logs/all_Lyapunov_test_dso-fn_d_all_l_01_log.txt
SpawnPoolWorker-578| 2026-06-22 02:29:29,605,605 multiprocessing INFO See log at : ./logs/all_Lyapunov_test_dso-fn_d_all_l_01_log.txt
SpawnPoolWorker-578| 2026-06-22 02:29:29,607,607 multiprocessing INFO child process calling self.run()
SpawnPoolWorker-576| 2026-06-22 02:29:29,613,613 multiprocessing INFO STARTING NEW RUN ==========
SpawnPoolWorker-576| 2026-06-22 02:29:29,613,613 multiprocessing INFO SEE LOG AT : ./logs/all_Lyapunov_test_dso-fn_d_all_l_01_log.txt
SpawnPoolWorker-576| 2026-06-22 02:29:29,613,613 multiprocessing INFO See log at : ./logs/all_Lyapunov_test_dso-fn_d_all_l_01_log.txt
SpawnPoolWorker-576| 2026-06-22 02:29:29,615,615 multiprocessing INFO child process calling self.run()
SpawnPoolWorker-556| 2026-06-22 02:29:29,733,733 multiprocessing INFO STARTING NEW RUN ==========
SpawnPoolWorker-556| 2026-06-22 02:29:29,734,734 multiprocessing INFO SEE LOG AT : ./logs/all_Lyapunov_test_dso-fn_d_all_l_01_log.txt
SpawnPoolWorker-556| 2026-06-22 02:29:29,734,734 multiprocessing INFO See log at : ./logs/all_Lyapunov_test_dso-fn_d_all_l_01_log.txt
SpawnPoolWorker-556| 2026-06-22 02:29:29,736,736 multiprocessing INFO child process calling self.run()
SpawnPoolWorker-575| 2026-06-22 02:29:29,935,935 multiprocessing INFO STARTING NEW RUN ==========
SpawnPoolWorker-575| 2026-06-22 02:29:29,935,935 multiprocessing INFO SEE LOG AT : ./logs/all_Lyapunov_test_dso-fn_d_all_l_01_log.txt
SpawnPoolWorker-575| 2026-06-22 02:29:29,935,935 multiprocessing INFO See log at : ./logs/all_Lyapunov_test_dso-fn_d_all_l_01_log.txt
SpawnPoolWorker-575| 2026-06-22 02:29:29,940,940 multiprocessing INFO child process calling self.run()
SpawnPoolWorker-561| 2026-06-22 02:29:30,017,17 multiprocessing INFO STARTING NEW RUN ==========
SpawnPoolWorker-561| 2026-06-22 02:29:30,017,17 multiprocessing INFO SEE LOG AT : ./logs/all_Lyapunov_test_dso-fn_d_all_l_01_log.txt
SpawnPoolWorker-561| 2026-06-22 02:29:30,017,17 multiprocessing INFO See log at : ./logs/all_Lyapunov_test_dso-fn_d_all_l_01_log.txt
SpawnPoolWorker-561| 2026-06-22 02:29:30,023,23 multiprocessing INFO child process calling self.run()
SpawnPoolWorker-559| 2026-06-22 02:29:30,138,138 multiprocessing INFO STARTING NEW RUN ==========
SpawnPoolWorker-559| 2026-06-22 02:29:30,138,138 multiprocessing INFO SEE LOG AT : ./logs/all_Lyapunov_test_dso-fn_d_all_l_01_log.txt
SpawnPoolWorker-559| 2026-06-22 02:29:30,138,138 multiprocessing INFO See log at : ./logs/all_Lyapunov_test_dso-fn_d_all_l_01_log.txt
SpawnPoolWorker-559| 2026-06-22 02:29:30,144,144 multiprocessing INFO child process calling self.run()
SpawnPoolWorker-564| 2026-06-22 02:29:30,229,229 multiprocessing INFO STARTING NEW RUN ==========
SpawnPoolWorker-564| 2026-06-22 02:29:30,229,229 multiprocessing INFO SEE LOG AT : ./logs/all_Lyapunov_test_dso-fn_d_all_l_01_log.txt
SpawnPoolWorker-564| 2026-06-22 02:29:30,229,229 multiprocessing INFO See log at : ./logs/all_Lyapunov_test_dso-fn_d_all_l_01_log.txt
SpawnPoolWorker-564| 2026-06-22 02:29:30,246,246 multiprocessing INFO child process calling self.run()
SpawnPoolWorker-573| 2026-06-22 02:29:30,269,269 multiprocessing INFO STARTING NEW RUN ==========
SpawnPoolWorker-573| 2026-06-22 02:29:30,269,269 multiprocessing INFO SEE LOG AT : ./logs/all_Lyapunov_test_dso-fn_d_all_l_01_log.txt
SpawnPoolWorker-573| 2026-06-22 02:29:30,269,269 multiprocessing INFO See log at : ./logs/all_Lyapunov_test_dso-fn_d_all_l_01_log.txt
SpawnPoolWorker-573| 2026-06-22 02:29:30,277,277 multiprocessing INFO child process calling self.run()
SpawnPoolWorker-574| 2026-06-22 02:29:30,290,290 multiprocessing INFO STARTING NEW RUN ==========
SpawnPoolWorker-574| 2026-06-22 02:29:30,290,290 multiprocessing INFO SEE LOG AT : ./logs/all_Lyapunov_test_dso-fn_d_all_l_01_log.txt
SpawnPoolWorker-574| 2026-06-22 02:29:30,290,290 multiprocessing INFO See log at : ./logs/all_Lyapunov_test_dso-fn_d_all_l_01_log.txt
SpawnPoolWorker-574| 2026-06-22 02:29:30,294,294 multiprocessing INFO child process calling self.run()
SpawnPoolWorker-571| 2026-06-22 02:29:30,325,325 multiprocessing INFO STARTING NEW RUN ==========
SpawnPoolWorker-571| 2026-06-22 02:29:30,326,326 multiprocessing INFO SEE LOG AT : ./logs/all_Lyapunov_test_dso-fn_d_all_l_01_log.txt
SpawnPoolWorker-571| 2026-06-22 02:29:30,326,326 multiprocessing INFO See log at : ./logs/all_Lyapunov_test_dso-fn_d_all_l_01_log.txt
SpawnPoolWorker-571| 2026-06-22 02:29:30,328,328 multiprocessing INFO child process calling self.run()
SpawnPoolWorker-570| 2026-06-22 02:29:30,351,351 multiprocessing INFO STARTING NEW RUN ==========
SpawnPoolWorker-570| 2026-06-22 02:29:30,351,351 multiprocessing INFO SEE LOG AT : ./logs/all_Lyapunov_test_dso-fn_d_all_l_01_log.txt
SpawnPoolWorker-570| 2026-06-22 02:29:30,351,351 multiprocessing INFO See log at : ./logs/all_Lyapunov_test_dso-fn_d_all_l_01_log.txt
SpawnPoolWorker-570| 2026-06-22 02:29:30,359,359 multiprocessing INFO child process calling self.run()
SpawnPoolWorker-577| 2026-06-22 02:29:30,369,369 multiprocessing INFO STARTING NEW RUN ==========
SpawnPoolWorker-577| 2026-06-22 02:29:30,369,369 multiprocessing INFO SEE LOG AT : ./logs/all_Lyapunov_test_dso-fn_d_all_l_01_log.txt
SpawnPoolWorker-577| 2026-06-22 02:29:30,369,369 multiprocessing INFO See log at : ./logs/all_Lyapunov_test_dso-fn_d_all_l_01_log.txt
SpawnPoolWorker-577| 2026-06-22 02:29:30,371,371 multiprocessing INFO child process calling self.run()
SpawnPoolWorker-569| 2026-06-22 02:29:30,392,392 multiprocessing INFO STARTING NEW RUN ==========
SpawnPoolWorker-569| 2026-06-22 02:29:30,392,392 multiprocessing INFO SEE LOG AT : ./logs/all_Lyapunov_test_dso-fn_d_all_l_01_log.txt
SpawnPoolWorker-569| 2026-06-22 02:29:30,392,392 multiprocessing INFO See log at : ./logs/all_Lyapunov_test_dso-fn_d_all_l_01_log.txt
SpawnPoolWorker-569| 2026-06-22 02:29:30,403,403 multiprocessing INFO child process calling self.run()
SpawnPoolWorker-566| 2026-06-22 02:29:30,627,627 multiprocessing INFO STARTING NEW RUN ==========
SpawnPoolWorker-566| 2026-06-22 02:29:30,628,628 multiprocessing INFO SEE LOG AT : ./logs/all_Lyapunov_test_dso-fn_d_all_l_01_log.txt
SpawnPoolWorker-566| 2026-06-22 02:29:30,628,628 multiprocessing INFO See log at : ./logs/all_Lyapunov_test_dso-fn_d_all_l_01_log.txt
SpawnPoolWorker-566| 2026-06-22 02:29:30,631,631 multiprocessing INFO child process calling self.run()
SpawnPoolWorker-567| 2026-06-22 02:29:30,764,764 multiprocessing INFO STARTING NEW RUN ==========
SpawnPoolWorker-567| 2026-06-22 02:29:30,764,764 multiprocessing INFO SEE LOG AT : ./logs/all_Lyapunov_test_dso-fn_d_all_l_01_log.txt
SpawnPoolWorker-567| 2026-06-22 02:29:30,764,764 multiprocessing INFO See log at : ./logs/all_Lyapunov_test_dso-fn_d_all_l_01_log.txt
SpawnPoolWorker-567| 2026-06-22 02:29:30,771,771 multiprocessing INFO child process calling self.run()
SpawnPoolWorker-562| 2026-06-22 02:29:30,941,941 multiprocessing INFO STARTING NEW RUN ==========
SpawnPoolWorker-562| 2026-06-22 02:29:30,941,941 multiprocessing INFO SEE LOG AT : ./logs/all_Lyapunov_test_dso-fn_d_all_l_01_log.txt
SpawnPoolWorker-562| 2026-06-22 02:29:30,941,941 multiprocessing INFO See log at : ./logs/all_Lyapunov_test_dso-fn_d_all_l_01_log.txt
SpawnPoolWorker-562| 2026-06-22 02:29:30,942,942 multiprocessing INFO child process calling self.run()
SpawnPoolWorker-563| 2026-06-22 02:29:30,943,943 multiprocessing INFO STARTING NEW RUN ==========
SpawnPoolWorker-563| 2026-06-22 02:29:30,944,944 multiprocessing INFO SEE LOG AT : ./logs/all_Lyapunov_test_dso-fn_d_all_l_01_log.txt
SpawnPoolWorker-563| 2026-06-22 02:29:30,944,944 multiprocessing INFO See log at : ./logs/all_Lyapunov_test_dso-fn_d_all_l_01_log.txt
SpawnPoolWorker-563| 2026-06-22 02:29:30,946,946 multiprocessing INFO child process calling self.run()
SpawnPoolWorker-568| 2026-06-22 02:29:31,142,142 multiprocessing INFO STARTING NEW RUN ==========
SpawnPoolWorker-568| 2026-06-22 02:29:31,142,142 multiprocessing INFO SEE LOG AT : ./logs/all_Lyapunov_test_dso-fn_d_all_l_01_log.txt
SpawnPoolWorker-568| 2026-06-22 02:29:31,142,142 multiprocessing INFO See log at : ./logs/all_Lyapunov_test_dso-fn_d_all_l_01_log.txt
SpawnPoolWorker-568| 2026-06-22 02:29:31,151,151 multiprocessing INFO child process calling self.run()
SpawnPoolWorker-572| 2026-06-22 02:29:31,433,433 multiprocessing INFO STARTING NEW RUN ==========
SpawnPoolWorker-572| 2026-06-22 02:29:31,433,433 multiprocessing INFO SEE LOG AT : ./logs/all_Lyapunov_test_dso-fn_d_all_l_01_log.txt
SpawnPoolWorker-572| 2026-06-22 02:29:31,434,434 multiprocessing INFO See log at : ./logs/all_Lyapunov_test_dso-fn_d_all_l_01_log.txt
SpawnPoolWorker-572| 2026-06-22 02:29:31,435,435 multiprocessing INFO child process calling self.run()
SpawnPoolWorker-566| 2026-06-22 02:39:35,084,84 multiprocessing INFO process shutting down
SpawnPoolWorker-567| 2026-06-22 02:39:35,084,84 multiprocessing INFO process shutting down
SpawnPoolWorker-564| 2026-06-22 02:39:35,084,84 multiprocessing INFO process shutting down
SpawnPoolWorker-559| 2026-06-22 02:39:35,084,84 multiprocessing INFO process shutting down
SpawnPoolWorker-573| 2026-06-22 02:39:35,084,84 multiprocessing INFO process shutting down
SpawnPoolWorker-562| 2026-06-22 02:39:35,084,84 multiprocessing INFO process shutting down
SpawnPoolWorker-572| 2026-06-22 02:39:35,084,84 multiprocessing INFO process shutting down
SpawnPoolWorker-575| 2026-06-22 02:39:35,084,84 multiprocessing INFO process shutting down
SpawnPoolWorker-555| 2026-06-22 02:39:35,084,84 multiprocessing INFO process shutting down
SpawnPoolWorker-575| 2026-06-22 02:39:35,085,85 multiprocessing INFO process exiting with exitcode 0
SpawnPoolWorker-558| 2026-06-22 02:39:35,085,85 multiprocessing INFO process shutting down
SpawnPoolWorker-555| 2026-06-22 02:39:35,085,85 multiprocessing INFO process exiting with exitcode 0
SpawnPoolWorker-566| 2026-06-22 02:39:35,085,85 multiprocessing INFO process exiting with exitcode 0
SpawnPoolWorker-578| 2026-06-22 02:39:35,085,85 multiprocessing INFO process shutting down
SpawnPoolWorker-563| 2026-06-22 02:39:35,085,85 multiprocessing INFO process shutting down
SpawnPoolWorker-558| 2026-06-22 02:39:35,085,85 multiprocessing INFO process exiting with exitcode 0
SpawnPoolWorker-557| 2026-06-22 02:39:35,085,85 multiprocessing INFO process shutting down
SpawnPoolWorker-578| 2026-06-22 02:39:35,085,85 multiprocessing INFO process exiting with exitcode 0
SpawnPoolWorker-574| 2026-06-22 02:39:35,085,85 multiprocessing INFO process shutting down
SpawnPoolWorker-576| 2026-06-22 02:39:35,084,84 multiprocessing INFO process shutting down
SpawnPoolWorker-563| 2026-06-22 02:39:35,085,85 multiprocessing INFO process exiting with exitcode 0
SpawnPoolWorker-557| 2026-06-22 02:39:35,085,85 multiprocessing INFO process exiting with exitcode 0
SpawnPoolWorker-571| 2026-06-22 02:39:35,084,84 multiprocessing INFO process shutting down
SpawnPoolWorker-574| 2026-06-22 02:39:35,085,85 multiprocessing INFO process exiting with exitcode 0
SpawnPoolWorker-565| 2026-06-22 02:39:35,086,86 multiprocessing INFO process shutting down
SpawnPoolWorker-570| 2026-06-22 02:39:35,086,86 multiprocessing INFO process shutting down
SpawnPoolWorker-577| 2026-06-22 02:39:35,086,86 multiprocessing INFO process shutting down
SpawnPoolWorker-556| 2026-06-22 02:39:35,086,86 multiprocessing INFO process shutting down
SpawnPoolWorker-569| 2026-06-22 02:39:35,086,86 multiprocessing INFO process shutting down
SpawnPoolWorker-576| 2026-06-22 02:39:35,087,87 multiprocessing INFO process exiting with exitcode 0
28
(100000, 9)
(100000,)
(100000, 9)
(100000,)

=======================Successfully Added (32498, 9) Counter Examples=======================


============None of the candidates fulfill the conditions. Training CONTINUES!=================

MainProcess| 2026-06-22 02:39:41,179,179 multiprocessing INFO 
============None of the candidates fulfill the conditions. Training CONTINUES!=================


============None of the candidates fulfill the conditions. Training CONTINUES!=================

(550, 171)
/users/9/chen8596/miniconda3/envs/alfd/lib/python3.9/site-packages/torch/nn/functional.py:4999: UserWarning: Support for mismatched key_padding_mask and attn_mask is deprecated. Use same type for both instead.
  warnings.warn(

==============Start Supervised Learning==============

MainProcess| 2026-06-22 02:39:51,602,602 multiprocessing INFO GP output mean: 0.9999991159587704
GP output mean: 0.9999991159587704
MainProcess| 2026-06-22 02:39:52,051,51 multiprocessing INFO GP output success rate: 0.0
GP output success rate: 0.0

==============End Supervised Learning==============

/users/9/chen8596/LyaDis/repro/runs/syn9d/utils/train.py:971: RuntimeWarning: divide by zero encountered in divide
  error = np.abs(((y_hat - y) / y))
/users/9/chen8596/.local/lib/python3.9/site-packages/scipy/stats/_stats_py.py:4424: ConstantInputWarning: An input array is constant; the correlation coefficient is not defined.
  warnings.warn(stats.ConstantInputWarning(msg))
MainProcess| 2026-06-22 02:39:54,383,383 multiprocessing INFO [Test epoch=0017]  nevals=234054 	| train_loss=12188.50879 	| eqs_invalid %=0.00 	| r_best=0.97696 	| quantile=0.00000 	| r_quantile_mean=0.08292 	| r_raw_sum=45.60600 	|  r_raw_mean=0.86049 	| r2=nan 	| acc_iid=0.00000 	| acc_ood=0.00000 	| nmse_test=3.824727374849823e-09 	| true_equation_set_count=0 	| s/it=798.14203
[Test epoch=0017]  nevals=234054 	| train_loss=12188.50879 	| eqs_invalid %=0.00 	| r_best=0.97696 	| quantile=0.00000 	| r_quantile_mean=0.08292 	| r_raw_sum=45.60600 	|  r_raw_mean=0.86049 	| r2=nan 	| acc_iid=0.00000 	| acc_ood=0.00000 	| nmse_test=3.824727374849823e-09 	| true_equation_set_count=0 	| s/it=798.14203
MainProcess| 2026-06-22 02:39:54,384,384 multiprocessing INFO [00:03:17:19.07] Training epoch 17/4000, current best R: 0.9770
[00:03:17:19.07] Training epoch 17/4000, current best R: 0.9770
MainProcess| 2026-06-22 02:39:54,384,384 multiprocessing INFO 
	** New best

	** New best
MainProcess| 2026-06-22 02:39:54,384,384 multiprocessing INFO 	Reward: 0.9769646952637825
	Reward: 0.9769646952637825
MainProcess| 2026-06-22 02:39:54,384,384 multiprocessing INFO 	Count Off-policy: 1
	Count Off-policy: 1
MainProcess| 2026-06-22 02:39:54,384,384 multiprocessing INFO 	Count On-policy: 0
	Count On-policy: 0
MainProcess| 2026-06-22 02:39:54,384,384 multiprocessing INFO 	Originally on Policy: False
	Originally on Policy: False
MainProcess| 2026-06-22 02:39:54,384,384 multiprocessing INFO 	Invalid: False
	Invalid: False
MainProcess| 2026-06-22 02:39:54,384,384 multiprocessing INFO 	Traversal: add,sub,add,add,add,n2,x3,add,add,n2,add,x2,x2,n2,x9,n2,x1,n2,add,x6,add,x8,x6,n2,x5,cos,x7,n2,x4
	Traversal: add,sub,add,add,add,n2,x3,add,add,n2,add,x2,x2,n2,x9,n2,x1,n2,add,x6,add,x8,x6,n2,x5,cos,x7,n2,x4
MainProcess| 2026-06-22 02:39:54,384,384 multiprocessing INFO 	Expression:
	Expression:
MainProcess| 2026-06-22 02:39:54,386,386 multiprocessing INFO 
	    2       2     2     2     2     2              2          
	  x₁  + 4⋅x₂  + x₃  + x₄  + x₅  + x₉  + (2⋅x₆ + x₈)  - cos(x₇)


	    2       2     2     2     2     2              2          
	  x₁  + 4⋅x₂  + x₃  + x₄  + x₅  + x₉  + (2⋅x₆ + x₈)  - cos(x₇)

MainProcess| 2026-06-22 02:41:43,527,527 multiprocessing INFO Genetic Porgramming Runtime 107.9770980598405
Genetic Porgramming Runtime 107.9770980598405

=========================PGD Collection Starts=========================

SpawnPoolWorker-585| 2026-06-22 02:41:50,180,180 multiprocessing INFO STARTING NEW RUN ==========
SpawnPoolWorker-585| 2026-06-22 02:41:50,180,180 multiprocessing INFO SEE LOG AT : ./logs/all_Lyapunov_test_dso-fn_d_all_l_01_log.txt
SpawnPoolWorker-585| 2026-06-22 02:41:50,180,180 multiprocessing INFO See log at : ./logs/all_Lyapunov_test_dso-fn_d_all_l_01_log.txt
SpawnPoolWorker-587| 2026-06-22 02:41:50,180,180 multiprocessing INFO STARTING NEW RUN ==========
SpawnPoolWorker-587| 2026-06-22 02:41:50,182,182 multiprocessing INFO SEE LOG AT : ./logs/all_Lyapunov_test_dso-fn_d_all_l_01_log.txt
SpawnPoolWorker-587| 2026-06-22 02:41:50,182,182 multiprocessing INFO See log at : ./logs/all_Lyapunov_test_dso-fn_d_all_l_01_log.txt
SpawnPoolWorker-584| 2026-06-22 02:41:50,182,182 multiprocessing INFO STARTING NEW RUN ==========
SpawnPoolWorker-582| 2026-06-22 02:41:50,182,182 multiprocessing INFO STARTING NEW RUN ==========
SpawnPoolWorker-584| 2026-06-22 02:41:50,182,182 multiprocessing INFO SEE LOG AT : ./logs/all_Lyapunov_test_dso-fn_d_all_l_01_log.txt
SpawnPoolWorker-582| 2026-06-22 02:41:50,182,182 multiprocessing INFO SEE LOG AT : ./logs/all_Lyapunov_test_dso-fn_d_all_l_01_log.txt
SpawnPoolWorker-584| 2026-06-22 02:41:50,182,182 multiprocessing INFO See log at : ./logs/all_Lyapunov_test_dso-fn_d_all_l_01_log.txt
SpawnPoolWorker-582| 2026-06-22 02:41:50,182,182 multiprocessing INFO See log at : ./logs/all_Lyapunov_test_dso-fn_d_all_l_01_log.txt
SpawnPoolWorker-587| 2026-06-22 02:41:50,184,184 multiprocessing INFO child process calling self.run()
SpawnPoolWorker-585| 2026-06-22 02:41:50,184,184 multiprocessing INFO child process calling self.run()
SpawnPoolWorker-582| 2026-06-22 02:41:50,184,184 multiprocessing INFO child process calling self.run()
SpawnPoolWorker-584| 2026-06-22 02:41:50,184,184 multiprocessing INFO child process calling self.run()
SpawnPoolWorker-588| 2026-06-22 02:41:50,184,184 multiprocessing INFO STARTING NEW RUN ==========
SpawnPoolWorker-583| 2026-06-22 02:41:50,184,184 multiprocessing INFO STARTING NEW RUN ==========
SpawnPoolWorker-586| 2026-06-22 02:41:50,184,184 multiprocessing INFO STARTING NEW RUN ==========
SpawnPoolWorker-588| 2026-06-22 02:41:50,184,184 multiprocessing INFO SEE LOG AT : ./logs/all_Lyapunov_test_dso-fn_d_all_l_01_log.txt
SpawnPoolWorker-588| 2026-06-22 02:41:50,184,184 multiprocessing INFO See log at : ./logs/all_Lyapunov_test_dso-fn_d_all_l_01_log.txt
SpawnPoolWorker-583| 2026-06-22 02:41:50,184,184 multiprocessing INFO SEE LOG AT : ./logs/all_Lyapunov_test_dso-fn_d_all_l_01_log.txt
SpawnPoolWorker-586| 2026-06-22 02:41:50,184,184 multiprocessing INFO SEE LOG AT : ./logs/all_Lyapunov_test_dso-fn_d_all_l_01_log.txt
SpawnPoolWorker-583| 2026-06-22 02:41:50,184,184 multiprocessing INFO See log at : ./logs/all_Lyapunov_test_dso-fn_d_all_l_01_log.txt
SpawnPoolWorker-586| 2026-06-22 02:41:50,184,184 multiprocessing INFO See log at : ./logs/all_Lyapunov_test_dso-fn_d_all_l_01_log.txt
SpawnPoolWorker-588| 2026-06-22 02:41:50,186,186 multiprocessing INFO child process calling self.run()
SpawnPoolWorker-581| 2026-06-22 02:41:50,186,186 multiprocessing INFO STARTING NEW RUN ==========
SpawnPoolWorker-580| 2026-06-22 02:41:50,186,186 multiprocessing INFO STARTING NEW RUN ==========
SpawnPoolWorker-581| 2026-06-22 02:41:50,186,186 multiprocessing INFO SEE LOG AT : ./logs/all_Lyapunov_test_dso-fn_d_all_l_01_log.txt
SpawnPoolWorker-580| 2026-06-22 02:41:50,186,186 multiprocessing INFO SEE LOG AT : ./logs/all_Lyapunov_test_dso-fn_d_all_l_01_log.txt
SpawnPoolWorker-586| 2026-06-22 02:41:50,186,186 multiprocessing INFO child process calling self.run()
SpawnPoolWorker-581| 2026-06-22 02:41:50,186,186 multiprocessing INFO See log at : ./logs/all_Lyapunov_test_dso-fn_d_all_l_01_log.txt
SpawnPoolWorker-583| 2026-06-22 02:41:50,186,186 multiprocessing INFO child process calling self.run()
SpawnPoolWorker-580| 2026-06-22 02:41:50,186,186 multiprocessing INFO See log at : ./logs/all_Lyapunov_test_dso-fn_d_all_l_01_log.txt
SpawnPoolWorker-581| 2026-06-22 02:41:50,188,188 multiprocessing INFO child process calling self.run()
SpawnPoolWorker-580| 2026-06-22 02:41:50,188,188 multiprocessing INFO child process calling self.run()
SpawnPoolWorker-579| 2026-06-22 02:41:50,188,188 multiprocessing INFO STARTING NEW RUN ==========
SpawnPoolWorker-579| 2026-06-22 02:41:50,188,188 multiprocessing INFO SEE LOG AT : ./logs/all_Lyapunov_test_dso-fn_d_all_l_01_log.txt
SpawnPoolWorker-579| 2026-06-22 02:41:50,188,188 multiprocessing INFO See log at : ./logs/all_Lyapunov_test_dso-fn_d_all_l_01_log.txt
SpawnPoolWorker-579| 2026-06-22 02:41:50,190,190 multiprocessing INFO child process calling self.run()
SpawnPoolWorker-581| 2026-06-22 02:42:06,047,47 multiprocessing INFO process shutting down
SpawnPoolWorker-583| 2026-06-22 02:42:06,047,47 multiprocessing INFO process shutting down
SpawnPoolWorker-581| 2026-06-22 02:42:06,047,47 multiprocessing INFO process exiting with exitcode 0
SpawnPoolWorker-579| 2026-06-22 02:42:06,047,47 multiprocessing INFO process shutting down
SpawnPoolWorker-583| 2026-06-22 02:42:06,047,47 multiprocessing INFO process exiting with exitcode 0
SpawnPoolWorker-586| 2026-06-22 02:42:06,047,47 multiprocessing INFO process shutting down
SpawnPoolWorker-579| 2026-06-22 02:42:06,047,47 multiprocessing INFO process exiting with exitcode 0
SpawnPoolWorker-584| 2026-06-22 02:42:06,047,47 multiprocessing INFO process shutting down
SpawnPoolWorker-588| 2026-06-22 02:42:06,047,47 multiprocessing INFO process shutting down
SpawnPoolWorker-582| 2026-06-22 02:42:06,047,47 multiprocessing INFO process shutting down
SpawnPoolWorker-587| 2026-06-22 02:42:06,047,47 multiprocessing INFO process shutting down
(20000,)

===================Collect 20000 Examples===================

Epsilon 0.1
500
(550,)
(550,)
(550,)
Number of Programs for Minimization: 30
SpawnPoolWorker-589| 2026-06-22 02:42:21,857,857 multiprocessing INFO STARTING NEW RUN ==========
SpawnPoolWorker-589| 2026-06-22 02:42:21,857,857 multiprocessing INFO SEE LOG AT : ./logs/all_Lyapunov_test_dso-fn_d_all_l_01_log.txt
SpawnPoolWorker-589| 2026-06-22 02:42:21,857,857 multiprocessing INFO See log at : ./logs/all_Lyapunov_test_dso-fn_d_all_l_01_log.txt
SpawnPoolWorker-589| 2026-06-22 02:42:21,867,867 multiprocessing INFO child process calling self.run()
SpawnPoolWorker-604| 2026-06-22 02:42:22,024,24 multiprocessing INFO STARTING NEW RUN ==========
SpawnPoolWorker-604| 2026-06-22 02:42:22,025,25 multiprocessing INFO SEE LOG AT : ./logs/all_Lyapunov_test_dso-fn_d_all_l_01_log.txt
SpawnPoolWorker-604| 2026-06-22 02:42:22,025,25 multiprocessing INFO See log at : ./logs/all_Lyapunov_test_dso-fn_d_all_l_01_log.txt
SpawnPoolWorker-604| 2026-06-22 02:42:22,027,27 multiprocessing INFO child process calling self.run()
SpawnPoolWorker-594| 2026-06-22 02:42:22,276,276 multiprocessing INFO STARTING NEW RUN ==========
SpawnPoolWorker-594| 2026-06-22 02:42:22,276,276 multiprocessing INFO SEE LOG AT : ./logs/all_Lyapunov_test_dso-fn_d_all_l_01_log.txt
SpawnPoolWorker-594| 2026-06-22 02:42:22,276,276 multiprocessing INFO See log at : ./logs/all_Lyapunov_test_dso-fn_d_all_l_01_log.txt
SpawnPoolWorker-594| 2026-06-22 02:42:22,280,280 multiprocessing INFO child process calling self.run()
SpawnPoolWorker-595| 2026-06-22 02:42:22,315,315 multiprocessing INFO STARTING NEW RUN ==========
SpawnPoolWorker-595| 2026-06-22 02:42:22,316,316 multiprocessing INFO SEE LOG AT : ./logs/all_Lyapunov_test_dso-fn_d_all_l_01_log.txt
SpawnPoolWorker-595| 2026-06-22 02:42:22,316,316 multiprocessing INFO See log at : ./logs/all_Lyapunov_test_dso-fn_d_all_l_01_log.txt
SpawnPoolWorker-595| 2026-06-22 02:42:22,322,322 multiprocessing INFO child process calling self.run()
SpawnPoolWorker-597| 2026-06-22 02:42:22,343,343 multiprocessing INFO STARTING NEW RUN ==========
SpawnPoolWorker-597| 2026-06-22 02:42:22,343,343 multiprocessing INFO SEE LOG AT : ./logs/all_Lyapunov_test_dso-fn_d_all_l_01_log.txt
SpawnPoolWorker-597| 2026-06-22 02:42:22,343,343 multiprocessing INFO See log at : ./logs/all_Lyapunov_test_dso-fn_d_all_l_01_log.txt
SpawnPoolWorker-597| 2026-06-22 02:42:22,353,353 multiprocessing INFO child process calling self.run()
SpawnPoolWorker-591| 2026-06-22 02:42:22,429,429 multiprocessing INFO STARTING NEW RUN ==========
SpawnPoolWorker-591| 2026-06-22 02:42:22,429,429 multiprocessing INFO SEE LOG AT : ./logs/all_Lyapunov_test_dso-fn_d_all_l_01_log.txt
SpawnPoolWorker-591| 2026-06-22 02:42:22,429,429 multiprocessing INFO See log at : ./logs/all_Lyapunov_test_dso-fn_d_all_l_01_log.txt
SpawnPoolWorker-591| 2026-06-22 02:42:22,433,433 multiprocessing INFO child process calling self.run()
SpawnPoolWorker-593| 2026-06-22 02:42:22,485,485 multiprocessing INFO STARTING NEW RUN ==========
SpawnPoolWorker-593| 2026-06-22 02:42:22,485,485 multiprocessing INFO SEE LOG AT : ./logs/all_Lyapunov_test_dso-fn_d_all_l_01_log.txt
SpawnPoolWorker-593| 2026-06-22 02:42:22,485,485 multiprocessing INFO See log at : ./logs/all_Lyapunov_test_dso-fn_d_all_l_01_log.txt
SpawnPoolWorker-593| 2026-06-22 02:42:22,488,488 multiprocessing INFO child process calling self.run()
SpawnPoolWorker-603| 2026-06-22 02:42:22,636,636 multiprocessing INFO STARTING NEW RUN ==========
SpawnPoolWorker-603| 2026-06-22 02:42:22,637,637 multiprocessing INFO SEE LOG AT : ./logs/all_Lyapunov_test_dso-fn_d_all_l_01_log.txt
SpawnPoolWorker-603| 2026-06-22 02:42:22,637,637 multiprocessing INFO See log at : ./logs/all_Lyapunov_test_dso-fn_d_all_l_01_log.txt
SpawnPoolWorker-603| 2026-06-22 02:42:22,639,639 multiprocessing INFO child process calling self.run()
SpawnPoolWorker-596| 2026-06-22 02:42:22,756,756 multiprocessing INFO STARTING NEW RUN ==========
SpawnPoolWorker-596| 2026-06-22 02:42:22,756,756 multiprocessing INFO SEE LOG AT : ./logs/all_Lyapunov_test_dso-fn_d_all_l_01_log.txt
SpawnPoolWorker-596| 2026-06-22 02:42:22,756,756 multiprocessing INFO See log at : ./logs/all_Lyapunov_test_dso-fn_d_all_l_01_log.txt
SpawnPoolWorker-596| 2026-06-22 02:42:22,761,761 multiprocessing INFO child process calling self.run()
SpawnPoolWorker-609| 2026-06-22 02:42:22,769,769 multiprocessing INFO STARTING NEW RUN ==========
SpawnPoolWorker-609| 2026-06-22 02:42:22,769,769 multiprocessing INFO SEE LOG AT : ./logs/all_Lyapunov_test_dso-fn_d_all_l_01_log.txt
SpawnPoolWorker-609| 2026-06-22 02:42:22,769,769 multiprocessing INFO See log at : ./logs/all_Lyapunov_test_dso-fn_d_all_l_01_log.txt
SpawnPoolWorker-609| 2026-06-22 02:42:22,779,779 multiprocessing INFO child process calling self.run()
SpawnPoolWorker-598| 2026-06-22 02:42:22,881,881 multiprocessing INFO STARTING NEW RUN ==========
SpawnPoolWorker-598| 2026-06-22 02:42:22,881,881 multiprocessing INFO SEE LOG AT : ./logs/all_Lyapunov_test_dso-fn_d_all_l_01_log.txt
SpawnPoolWorker-598| 2026-06-22 02:42:22,881,881 multiprocessing INFO See log at : ./logs/all_Lyapunov_test_dso-fn_d_all_l_01_log.txt
SpawnPoolWorker-598| 2026-06-22 02:42:22,883,883 multiprocessing INFO child process calling self.run()
SpawnPoolWorker-599| 2026-06-22 02:42:22,926,926 multiprocessing INFO STARTING NEW RUN ==========
SpawnPoolWorker-599| 2026-06-22 02:42:22,926,926 multiprocessing INFO SEE LOG AT : ./logs/all_Lyapunov_test_dso-fn_d_all_l_01_log.txt
SpawnPoolWorker-599| 2026-06-22 02:42:22,926,926 multiprocessing INFO See log at : ./logs/all_Lyapunov_test_dso-fn_d_all_l_01_log.txt
SpawnPoolWorker-599| 2026-06-22 02:42:22,929,929 multiprocessing INFO child process calling self.run()
SpawnPoolWorker-590| 2026-06-22 02:42:23,050,50 multiprocessing INFO STARTING NEW RUN ==========
SpawnPoolWorker-590| 2026-06-22 02:42:23,051,51 multiprocessing INFO SEE LOG AT : ./logs/all_Lyapunov_test_dso-fn_d_all_l_01_log.txt
SpawnPoolWorker-590| 2026-06-22 02:42:23,051,51 multiprocessing INFO See log at : ./logs/all_Lyapunov_test_dso-fn_d_all_l_01_log.txt
SpawnPoolWorker-590| 2026-06-22 02:42:23,056,56 multiprocessing INFO child process calling self.run()
SpawnPoolWorker-611| 2026-06-22 02:42:23,348,348 multiprocessing INFO STARTING NEW RUN ==========
SpawnPoolWorker-611| 2026-06-22 02:42:23,348,348 multiprocessing INFO SEE LOG AT : ./logs/all_Lyapunov_test_dso-fn_d_all_l_01_log.txt
SpawnPoolWorker-611| 2026-06-22 02:42:23,348,348 multiprocessing INFO See log at : ./logs/all_Lyapunov_test_dso-fn_d_all_l_01_log.txt
SpawnPoolWorker-611| 2026-06-22 02:42:23,350,350 multiprocessing INFO child process calling self.run()
SpawnPoolWorker-600| 2026-06-22 02:42:23,503,503 multiprocessing INFO STARTING NEW RUN ==========
SpawnPoolWorker-600| 2026-06-22 02:42:23,503,503 multiprocessing INFO SEE LOG AT : ./logs/all_Lyapunov_test_dso-fn_d_all_l_01_log.txt
SpawnPoolWorker-600| 2026-06-22 02:42:23,503,503 multiprocessing INFO See log at : ./logs/all_Lyapunov_test_dso-fn_d_all_l_01_log.txt
SpawnPoolWorker-600| 2026-06-22 02:42:23,504,504 multiprocessing INFO child process calling self.run()
SpawnPoolWorker-601| 2026-06-22 02:42:23,567,567 multiprocessing INFO STARTING NEW RUN ==========
SpawnPoolWorker-601| 2026-06-22 02:42:23,567,567 multiprocessing INFO SEE LOG AT : ./logs/all_Lyapunov_test_dso-fn_d_all_l_01_log.txt
SpawnPoolWorker-601| 2026-06-22 02:42:23,567,567 multiprocessing INFO See log at : ./logs/all_Lyapunov_test_dso-fn_d_all_l_01_log.txt
SpawnPoolWorker-601| 2026-06-22 02:42:23,570,570 multiprocessing INFO child process calling self.run()
SpawnPoolWorker-607| 2026-06-22 02:42:23,670,670 multiprocessing INFO STARTING NEW RUN ==========
SpawnPoolWorker-607| 2026-06-22 02:42:23,670,670 multiprocessing INFO SEE LOG AT : ./logs/all_Lyapunov_test_dso-fn_d_all_l_01_log.txt
SpawnPoolWorker-607| 2026-06-22 02:42:23,671,671 multiprocessing INFO See log at : ./logs/all_Lyapunov_test_dso-fn_d_all_l_01_log.txt
SpawnPoolWorker-607| 2026-06-22 02:42:23,672,672 multiprocessing INFO child process calling self.run()
SpawnPoolWorker-602| 2026-06-22 02:42:23,743,743 multiprocessing INFO STARTING NEW RUN ==========
SpawnPoolWorker-602| 2026-06-22 02:42:23,743,743 multiprocessing INFO SEE LOG AT : ./logs/all_Lyapunov_test_dso-fn_d_all_l_01_log.txt
SpawnPoolWorker-602| 2026-06-22 02:42:23,743,743 multiprocessing INFO See log at : ./logs/all_Lyapunov_test_dso-fn_d_all_l_01_log.txt
SpawnPoolWorker-602| 2026-06-22 02:42:23,745,745 multiprocessing INFO child process calling self.run()
SpawnPoolWorker-608| 2026-06-22 02:42:23,801,801 multiprocessing INFO STARTING NEW RUN ==========
SpawnPoolWorker-608| 2026-06-22 02:42:23,801,801 multiprocessing INFO SEE LOG AT : ./logs/all_Lyapunov_test_dso-fn_d_all_l_01_log.txt
SpawnPoolWorker-608| 2026-06-22 02:42:23,801,801 multiprocessing INFO See log at : ./logs/all_Lyapunov_test_dso-fn_d_all_l_01_log.txt
SpawnPoolWorker-608| 2026-06-22 02:42:23,807,807 multiprocessing INFO child process calling self.run()
SpawnPoolWorker-606| 2026-06-22 02:42:23,868,868 multiprocessing INFO STARTING NEW RUN ==========
SpawnPoolWorker-606| 2026-06-22 02:42:23,868,868 multiprocessing INFO SEE LOG AT : ./logs/all_Lyapunov_test_dso-fn_d_all_l_01_log.txt
SpawnPoolWorker-606| 2026-06-22 02:42:23,868,868 multiprocessing INFO See log at : ./logs/all_Lyapunov_test_dso-fn_d_all_l_01_log.txt
SpawnPoolWorker-606| 2026-06-22 02:42:23,869,869 multiprocessing INFO child process calling self.run()
SpawnPoolWorker-592| 2026-06-22 02:42:24,033,33 multiprocessing INFO STARTING NEW RUN ==========
SpawnPoolWorker-592| 2026-06-22 02:42:24,033,33 multiprocessing INFO SEE LOG AT : ./logs/all_Lyapunov_test_dso-fn_d_all_l_01_log.txt
SpawnPoolWorker-592| 2026-06-22 02:42:24,033,33 multiprocessing INFO See log at : ./logs/all_Lyapunov_test_dso-fn_d_all_l_01_log.txt
SpawnPoolWorker-592| 2026-06-22 02:42:24,035,35 multiprocessing INFO child process calling self.run()
SpawnPoolWorker-610| 2026-06-22 02:42:24,185,185 multiprocessing INFO STARTING NEW RUN ==========
SpawnPoolWorker-610| 2026-06-22 02:42:24,185,185 multiprocessing INFO SEE LOG AT : ./logs/all_Lyapunov_test_dso-fn_d_all_l_01_log.txt
SpawnPoolWorker-610| 2026-06-22 02:42:24,185,185 multiprocessing INFO See log at : ./logs/all_Lyapunov_test_dso-fn_d_all_l_01_log.txt
SpawnPoolWorker-610| 2026-06-22 02:42:24,193,193 multiprocessing INFO child process calling self.run()
SpawnPoolWorker-612| 2026-06-22 02:42:24,196,196 multiprocessing INFO STARTING NEW RUN ==========
SpawnPoolWorker-612| 2026-06-22 02:42:24,196,196 multiprocessing INFO SEE LOG AT : ./logs/all_Lyapunov_test_dso-fn_d_all_l_01_log.txt
SpawnPoolWorker-612| 2026-06-22 02:42:24,196,196 multiprocessing INFO See log at : ./logs/all_Lyapunov_test_dso-fn_d_all_l_01_log.txt
SpawnPoolWorker-612| 2026-06-22 02:42:24,197,197 multiprocessing INFO child process calling self.run()
SpawnPoolWorker-605| 2026-06-22 02:42:24,382,382 multiprocessing INFO STARTING NEW RUN ==========
SpawnPoolWorker-605| 2026-06-22 02:42:24,382,382 multiprocessing INFO SEE LOG AT : ./logs/all_Lyapunov_test_dso-fn_d_all_l_01_log.txt
SpawnPoolWorker-605| 2026-06-22 02:42:24,382,382 multiprocessing INFO See log at : ./logs/all_Lyapunov_test_dso-fn_d_all_l_01_log.txt
SpawnPoolWorker-605| 2026-06-22 02:42:24,383,383 multiprocessing INFO child process calling self.run()
SpawnPoolWorker-594| 2026-06-22 02:49:15,643,643 multiprocessing INFO process shutting down
SpawnPoolWorker-591| 2026-06-22 02:49:15,643,643 multiprocessing INFO process shutting down
SpawnPoolWorker-605| 2026-06-22 02:49:15,643,643 multiprocessing INFO process shutting down
SpawnPoolWorker-604| 2026-06-22 02:49:15,643,643 multiprocessing INFO process shutting down
SpawnPoolWorker-601| 2026-06-22 02:49:15,643,643 multiprocessing INFO process shutting down
SpawnPoolWorker-612| 2026-06-22 02:49:15,644,644 multiprocessing INFO process shutting down
SpawnPoolWorker-597| 2026-06-22 02:49:15,644,644 multiprocessing INFO process shutting down
SpawnPoolWorker-609| 2026-06-22 02:49:15,644,644 multiprocessing INFO process shutting down
SpawnPoolWorker-589| 2026-06-22 02:49:15,644,644 multiprocessing INFO process shutting down
SpawnPoolWorker-600| 2026-06-22 02:49:15,644,644 multiprocessing INFO process shutting down
SpawnPoolWorker-596| 2026-06-22 02:49:15,644,644 multiprocessing INFO process shutting down
SpawnPoolWorker-591| 2026-06-22 02:49:15,644,644 multiprocessing INFO process exiting with exitcode 0
SpawnPoolWorker-605| 2026-06-22 02:49:15,644,644 multiprocessing INFO process exiting with exitcode 0
SpawnPoolWorker-603| 2026-06-22 02:49:15,644,644 multiprocessing INFO process shutting down
SpawnPoolWorker-600| 2026-06-22 02:49:15,644,644 multiprocessing INFO process exiting with exitcode 0
SpawnPoolWorker-593| 2026-06-22 02:49:15,644,644 multiprocessing INFO process shutting down
SpawnPoolWorker-596| 2026-06-22 02:49:15,644,644 multiprocessing INFO process exiting with exitcode 0
SpawnPoolWorker-608| 2026-06-22 02:49:15,644,644 multiprocessing INFO process shutting down
SpawnPoolWorker-603| 2026-06-22 02:49:15,644,644 multiprocessing INFO process exiting with exitcode 0
SpawnPoolWorker-593| 2026-06-22 02:49:15,645,645 multiprocessing INFO process exiting with exitcode 0
SpawnPoolWorker-608| 2026-06-22 02:49:15,645,645 multiprocessing INFO process exiting with exitcode 0
SpawnPoolWorker-599| 2026-06-22 02:49:15,645,645 multiprocessing INFO process shutting down
SpawnPoolWorker-598| 2026-06-22 02:49:15,645,645 multiprocessing INFO process shutting down
SpawnPoolWorker-592| 2026-06-22 02:49:15,645,645 multiprocessing INFO process shutting down
SpawnPoolWorker-590| 2026-06-22 02:49:15,645,645 multiprocessing INFO process shutting down
SpawnPoolWorker-589| 2026-06-22 02:49:15,645,645 multiprocessing INFO process exiting with exitcode 0
SpawnPoolWorker-595| 2026-06-22 02:49:15,645,645 multiprocessing INFO process shutting down
SpawnPoolWorker-610| 2026-06-22 02:49:15,645,645 multiprocessing INFO process shutting down
SpawnPoolWorker-607| 2026-06-22 02:49:15,645,645 multiprocessing INFO process shutting down
SpawnPoolWorker-611| 2026-06-22 02:49:15,646,646 multiprocessing INFO process shutting down
30
(100000, 9)
(100000,)
(100000, 9)
(100000,)

=======================Successfully Added (50000, 9) Counter Examples=======================


============None of the candidates fulfill the conditions. Training CONTINUES!=================

MainProcess| 2026-06-22 02:49:22,118,118 multiprocessing INFO 
============None of the candidates fulfill the conditions. Training CONTINUES!=================


============None of the candidates fulfill the conditions. Training CONTINUES!=================

(550, 171)
/users/9/chen8596/miniconda3/envs/alfd/lib/python3.9/site-packages/torch/nn/functional.py:4999: UserWarning: Support for mismatched key_padding_mask and attn_mask is deprecated. Use same type for both instead.
  warnings.warn(

==============Start Supervised Learning==============

MainProcess| 2026-06-22 02:49:33,736,736 multiprocessing INFO GP output mean: 0.9156060060264306
GP output mean: 0.9156060060264306
MainProcess| 2026-06-22 02:49:34,441,441 multiprocessing INFO GP output success rate: 0.0
GP output success rate: 0.0

==============End Supervised Learning==============

MainProcess| 2026-06-22 02:49:36,569,569 multiprocessing INFO [Test epoch=0018]  nevals=247696 	| train_loss=14113.74609 	| eqs_invalid %=0.00 	| r_best=0.97696 	| quantile=0.00000 	| r_quantile_mean=0.07992 	| r_raw_sum=43.95568 	|  r_raw_mean=0.84530 	| r2=nan 	| acc_iid=0.00000 	| acc_ood=0.00000 	| nmse_test=3.824727374849823e-09 	| true_equation_set_count=0 	| s/it=582.18309
[Test epoch=0018]  nevals=247696 	| train_loss=14113.74609 	| eqs_invalid %=0.00 	| r_best=0.97696 	| quantile=0.00000 	| r_quantile_mean=0.07992 	| r_raw_sum=43.95568 	|  r_raw_mean=0.84530 	| r2=nan 	| acc_iid=0.00000 	| acc_ood=0.00000 	| nmse_test=3.824727374849823e-09 	| true_equation_set_count=0 	| s/it=582.18309
MainProcess| 2026-06-22 02:53:16,225,225 multiprocessing INFO Genetic Porgramming Runtime 218.49835534393787
Genetic Porgramming Runtime 218.49835534393787

=========================PGD Collection Starts=========================

SpawnPoolWorker-613| 2026-06-22 02:53:22,255,255 multiprocessing INFO STARTING NEW RUN ==========
SpawnPoolWorker-613| 2026-06-22 02:53:22,255,255 multiprocessing INFO SEE LOG AT : ./logs/all_Lyapunov_test_dso-fn_d_all_l_01_log.txt
SpawnPoolWorker-613| 2026-06-22 02:53:22,255,255 multiprocessing INFO See log at : ./logs/all_Lyapunov_test_dso-fn_d_all_l_01_log.txt
SpawnPoolWorker-619| 2026-06-22 02:53:22,255,255 multiprocessing INFO STARTING NEW RUN ==========
SpawnPoolWorker-619| 2026-06-22 02:53:22,256,256 multiprocessing INFO SEE LOG AT : ./logs/all_Lyapunov_test_dso-fn_d_all_l_01_log.txt
SpawnPoolWorker-619| 2026-06-22 02:53:22,256,256 multiprocessing INFO See log at : ./logs/all_Lyapunov_test_dso-fn_d_all_l_01_log.txt
SpawnPoolWorker-618| 2026-06-22 02:53:22,258,258 multiprocessing INFO STARTING NEW RUN ==========
SpawnPoolWorker-620| 2026-06-22 02:53:22,258,258 multiprocessing INFO STARTING NEW RUN ==========
SpawnPoolWorker-618| 2026-06-22 02:53:22,258,258 multiprocessing INFO SEE LOG AT : ./logs/all_Lyapunov_test_dso-fn_d_all_l_01_log.txt
SpawnPoolWorker-620| 2026-06-22 02:53:22,258,258 multiprocessing INFO SEE LOG AT : ./logs/all_Lyapunov_test_dso-fn_d_all_l_01_log.txt
SpawnPoolWorker-618| 2026-06-22 02:53:22,258,258 multiprocessing INFO See log at : ./logs/all_Lyapunov_test_dso-fn_d_all_l_01_log.txt
SpawnPoolWorker-620| 2026-06-22 02:53:22,258,258 multiprocessing INFO See log at : ./logs/all_Lyapunov_test_dso-fn_d_all_l_01_log.txt
SpawnPoolWorker-613| 2026-06-22 02:53:22,260,260 multiprocessing INFO child process calling self.run()
SpawnPoolWorker-619| 2026-06-22 02:53:22,260,260 multiprocessing INFO child process calling self.run()
SpawnPoolWorker-620| 2026-06-22 02:53:22,260,260 multiprocessing INFO child process calling self.run()
SpawnPoolWorker-618| 2026-06-22 02:53:22,260,260 multiprocessing INFO child process calling self.run()
SpawnPoolWorker-615| 2026-06-22 02:53:22,261,261 multiprocessing INFO STARTING NEW RUN ==========
SpawnPoolWorker-615| 2026-06-22 02:53:22,261,261 multiprocessing INFO SEE LOG AT : ./logs/all_Lyapunov_test_dso-fn_d_all_l_01_log.txt
SpawnPoolWorker-615| 2026-06-22 02:53:22,261,261 multiprocessing INFO See log at : ./logs/all_Lyapunov_test_dso-fn_d_all_l_01_log.txt
SpawnPoolWorker-615| 2026-06-22 02:53:22,263,263 multiprocessing INFO child process calling self.run()
SpawnPoolWorker-617| 2026-06-22 02:53:22,264,264 multiprocessing INFO STARTING NEW RUN ==========
SpawnPoolWorker-617| 2026-06-22 02:53:22,264,264 multiprocessing INFO SEE LOG AT : ./logs/all_Lyapunov_test_dso-fn_d_all_l_01_log.txt
SpawnPoolWorker-617| 2026-06-22 02:53:22,264,264 multiprocessing INFO See log at : ./logs/all_Lyapunov_test_dso-fn_d_all_l_01_log.txt
SpawnPoolWorker-617| 2026-06-22 02:53:22,266,266 multiprocessing INFO child process calling self.run()
SpawnPoolWorker-614| 2026-06-22 02:53:22,266,266 multiprocessing INFO STARTING NEW RUN ==========
SpawnPoolWorker-614| 2026-06-22 02:53:22,266,266 multiprocessing INFO SEE LOG AT : ./logs/all_Lyapunov_test_dso-fn_d_all_l_01_log.txt
SpawnPoolWorker-616| 2026-06-22 02:53:22,267,267 multiprocessing INFO STARTING NEW RUN ==========
SpawnPoolWorker-614| 2026-06-22 02:53:22,268,268 multiprocessing INFO See log at : ./logs/all_Lyapunov_test_dso-fn_d_all_l_01_log.txt
SpawnPoolWorker-616| 2026-06-22 02:53:22,268,268 multiprocessing INFO SEE LOG AT : ./logs/all_Lyapunov_test_dso-fn_d_all_l_01_log.txt
SpawnPoolWorker-616| 2026-06-22 02:53:22,268,268 multiprocessing INFO See log at : ./logs/all_Lyapunov_test_dso-fn_d_all_l_01_log.txt
SpawnPoolWorker-622| 2026-06-22 02:53:22,268,268 multiprocessing INFO STARTING NEW RUN ==========
SpawnPoolWorker-622| 2026-06-22 02:53:22,268,268 multiprocessing INFO SEE LOG AT : ./logs/all_Lyapunov_test_dso-fn_d_all_l_01_log.txt
SpawnPoolWorker-622| 2026-06-22 02:53:22,268,268 multiprocessing INFO See log at : ./logs/all_Lyapunov_test_dso-fn_d_all_l_01_log.txt
SpawnPoolWorker-614| 2026-06-22 02:53:22,269,269 multiprocessing INFO child process calling self.run()
SpawnPoolWorker-616| 2026-06-22 02:53:22,269,269 multiprocessing INFO child process calling self.run()
SpawnPoolWorker-622| 2026-06-22 02:53:22,269,269 multiprocessing INFO child process calling self.run()
SpawnPoolWorker-621| 2026-06-22 02:53:22,270,270 multiprocessing INFO STARTING NEW RUN ==========
SpawnPoolWorker-621| 2026-06-22 02:53:22,270,270 multiprocessing INFO SEE LOG AT : ./logs/all_Lyapunov_test_dso-fn_d_all_l_01_log.txt
SpawnPoolWorker-621| 2026-06-22 02:53:22,270,270 multiprocessing INFO See log at : ./logs/all_Lyapunov_test_dso-fn_d_all_l_01_log.txt
SpawnPoolWorker-621| 2026-06-22 02:53:22,272,272 multiprocessing INFO child process calling self.run()
SpawnPoolWorker-617| 2026-06-22 02:53:38,850,850 multiprocessing INFO process shutting down
SpawnPoolWorker-622| 2026-06-22 02:53:38,850,850 multiprocessing INFO process shutting down
SpawnPoolWorker-617| 2026-06-22 02:53:38,850,850 multiprocessing INFO process exiting with exitcode 0
SpawnPoolWorker-618| 2026-06-22 02:53:38,850,850 multiprocessing INFO process shutting down
SpawnPoolWorker-621| 2026-06-22 02:53:38,850,850 multiprocessing INFO process shutting down
SpawnPoolWorker-622| 2026-06-22 02:53:38,850,850 multiprocessing INFO process exiting with exitcode 0
SpawnPoolWorker-618| 2026-06-22 02:53:38,850,850 multiprocessing INFO process exiting with exitcode 0
SpawnPoolWorker-621| 2026-06-22 02:53:38,850,850 multiprocessing INFO process exiting with exitcode 0
SpawnPoolWorker-614| 2026-06-22 02:53:38,850,850 multiprocessing INFO process shutting down
SpawnPoolWorker-615| 2026-06-22 02:53:38,850,850 multiprocessing INFO process shutting down
SpawnPoolWorker-620| 2026-06-22 02:53:38,850,850 multiprocessing INFO process shutting down
SpawnPoolWorker-619| 2026-06-22 02:53:38,850,850 multiprocessing INFO process shutting down
(20000,)

===================Collect 20000 Examples===================

Epsilon 0.1
500
(550,)
(550,)
(550,)
Number of Programs for Minimization: 29
SpawnPoolWorker-627| 2026-06-22 02:53:55,169,169 multiprocessing INFO STARTING NEW RUN ==========
SpawnPoolWorker-627| 2026-06-22 02:53:55,169,169 multiprocessing INFO SEE LOG AT : ./logs/all_Lyapunov_test_dso-fn_d_all_l_01_log.txt
SpawnPoolWorker-627| 2026-06-22 02:53:55,169,169 multiprocessing INFO See log at : ./logs/all_Lyapunov_test_dso-fn_d_all_l_01_log.txt
SpawnPoolWorker-627| 2026-06-22 02:53:55,172,172 multiprocessing INFO child process calling self.run()
SpawnPoolWorker-629| 2026-06-22 02:53:55,352,352 multiprocessing INFO STARTING NEW RUN ==========
SpawnPoolWorker-629| 2026-06-22 02:53:55,352,352 multiprocessing INFO SEE LOG AT : ./logs/all_Lyapunov_test_dso-fn_d_all_l_01_log.txt
SpawnPoolWorker-629| 2026-06-22 02:53:55,352,352 multiprocessing INFO See log at : ./logs/all_Lyapunov_test_dso-fn_d_all_l_01_log.txt
SpawnPoolWorker-629| 2026-06-22 02:53:55,358,358 multiprocessing INFO child process calling self.run()
SpawnPoolWorker-625| 2026-06-22 02:53:55,453,453 multiprocessing INFO STARTING NEW RUN ==========
SpawnPoolWorker-625| 2026-06-22 02:53:55,453,453 multiprocessing INFO SEE LOG AT : ./logs/all_Lyapunov_test_dso-fn_d_all_l_01_log.txt
SpawnPoolWorker-625| 2026-06-22 02:53:55,453,453 multiprocessing INFO See log at : ./logs/all_Lyapunov_test_dso-fn_d_all_l_01_log.txt
SpawnPoolWorker-625| 2026-06-22 02:53:55,461,461 multiprocessing INFO child process calling self.run()
SpawnPoolWorker-631| 2026-06-22 02:53:55,518,518 multiprocessing INFO STARTING NEW RUN ==========
SpawnPoolWorker-631| 2026-06-22 02:53:55,518,518 multiprocessing INFO SEE LOG AT : ./logs/all_Lyapunov_test_dso-fn_d_all_l_01_log.txt
SpawnPoolWorker-631| 2026-06-22 02:53:55,518,518 multiprocessing INFO See log at : ./logs/all_Lyapunov_test_dso-fn_d_all_l_01_log.txt
SpawnPoolWorker-631| 2026-06-22 02:53:55,520,520 multiprocessing INFO child process calling self.run()
SpawnPoolWorker-628| 2026-06-22 02:53:55,572,572 multiprocessing INFO STARTING NEW RUN ==========
SpawnPoolWorker-628| 2026-06-22 02:53:55,572,572 multiprocessing INFO SEE LOG AT : ./logs/all_Lyapunov_test_dso-fn_d_all_l_01_log.txt
SpawnPoolWorker-628| 2026-06-22 02:53:55,572,572 multiprocessing INFO See log at : ./logs/all_Lyapunov_test_dso-fn_d_all_l_01_log.txt
SpawnPoolWorker-628| 2026-06-22 02:53:55,575,575 multiprocessing INFO child process calling self.run()
SpawnPoolWorker-635| 2026-06-22 02:53:55,822,822 multiprocessing INFO STARTING NEW RUN ==========
SpawnPoolWorker-635| 2026-06-22 02:53:55,822,822 multiprocessing INFO SEE LOG AT : ./logs/all_Lyapunov_test_dso-fn_d_all_l_01_log.txt
SpawnPoolWorker-635| 2026-06-22 02:53:55,823,823 multiprocessing INFO See log at : ./logs/all_Lyapunov_test_dso-fn_d_all_l_01_log.txt
SpawnPoolWorker-635| 2026-06-22 02:53:55,825,825 multiprocessing INFO child process calling self.run()
SpawnPoolWorker-623| 2026-06-22 02:53:55,830,830 multiprocessing INFO STARTING NEW RUN ==========
SpawnPoolWorker-623| 2026-06-22 02:53:55,830,830 multiprocessing INFO SEE LOG AT : ./logs/all_Lyapunov_test_dso-fn_d_all_l_01_log.txt
SpawnPoolWorker-623| 2026-06-22 02:53:55,831,831 multiprocessing INFO See log at : ./logs/all_Lyapunov_test_dso-fn_d_all_l_01_log.txt
SpawnPoolWorker-623| 2026-06-22 02:53:55,834,834 multiprocessing INFO child process calling self.run()
SpawnPoolWorker-632| 2026-06-22 02:53:55,891,891 multiprocessing INFO STARTING NEW RUN ==========
SpawnPoolWorker-632| 2026-06-22 02:53:55,891,891 multiprocessing INFO SEE LOG AT : ./logs/all_Lyapunov_test_dso-fn_d_all_l_01_log.txt
SpawnPoolWorker-632| 2026-06-22 02:53:55,891,891 multiprocessing INFO See log at : ./logs/all_Lyapunov_test_dso-fn_d_all_l_01_log.txt
SpawnPoolWorker-632| 2026-06-22 02:53:55,899,899 multiprocessing INFO child process calling self.run()
SpawnPoolWorker-641| 2026-06-22 02:53:56,145,145 multiprocessing INFO STARTING NEW RUN ==========
SpawnPoolWorker-641| 2026-06-22 02:53:56,146,146 multiprocessing INFO SEE LOG AT : ./logs/all_Lyapunov_test_dso-fn_d_all_l_01_log.txt
SpawnPoolWorker-641| 2026-06-22 02:53:56,146,146 multiprocessing INFO See log at : ./logs/all_Lyapunov_test_dso-fn_d_all_l_01_log.txt
SpawnPoolWorker-641| 2026-06-22 02:53:56,152,152 multiprocessing INFO child process calling self.run()
SpawnPoolWorker-636| 2026-06-22 02:53:56,189,189 multiprocessing INFO STARTING NEW RUN ==========
SpawnPoolWorker-636| 2026-06-22 02:53:56,189,189 multiprocessing INFO SEE LOG AT : ./logs/all_Lyapunov_test_dso-fn_d_all_l_01_log.txt
SpawnPoolWorker-636| 2026-06-22 02:53:56,189,189 multiprocessing INFO See log at : ./logs/all_Lyapunov_test_dso-fn_d_all_l_01_log.txt
SpawnPoolWorker-636| 2026-06-22 02:53:56,200,200 multiprocessing INFO child process calling self.run()
SpawnPoolWorker-633| 2026-06-22 02:53:56,281,281 multiprocessing INFO STARTING NEW RUN ==========
SpawnPoolWorker-633| 2026-06-22 02:53:56,281,281 multiprocessing INFO SEE LOG AT : ./logs/all_Lyapunov_test_dso-fn_d_all_l_01_log.txt
SpawnPoolWorker-633| 2026-06-22 02:53:56,281,281 multiprocessing INFO See log at : ./logs/all_Lyapunov_test_dso-fn_d_all_l_01_log.txt
SpawnPoolWorker-633| 2026-06-22 02:53:56,288,288 multiprocessing INFO child process calling self.run()
SpawnPoolWorker-626| 2026-06-22 02:53:56,315,315 multiprocessing INFO STARTING NEW RUN ==========
SpawnPoolWorker-626| 2026-06-22 02:53:56,315,315 multiprocessing INFO SEE LOG AT : ./logs/all_Lyapunov_test_dso-fn_d_all_l_01_log.txt
SpawnPoolWorker-626| 2026-06-22 02:53:56,315,315 multiprocessing INFO See log at : ./logs/all_Lyapunov_test_dso-fn_d_all_l_01_log.txt
SpawnPoolWorker-626| 2026-06-22 02:53:56,317,317 multiprocessing INFO child process calling self.run()
SpawnPoolWorker-634| 2026-06-22 02:53:56,555,555 multiprocessing INFO STARTING NEW RUN ==========
SpawnPoolWorker-634| 2026-06-22 02:53:56,555,555 multiprocessing INFO SEE LOG AT : ./logs/all_Lyapunov_test_dso-fn_d_all_l_01_log.txt
SpawnPoolWorker-634| 2026-06-22 02:53:56,555,555 multiprocessing INFO See log at : ./logs/all_Lyapunov_test_dso-fn_d_all_l_01_log.txt
SpawnPoolWorker-634| 2026-06-22 02:53:56,556,556 multiprocessing INFO child process calling self.run()
SpawnPoolWorker-639| 2026-06-22 02:53:56,676,676 multiprocessing INFO STARTING NEW RUN ==========
SpawnPoolWorker-639| 2026-06-22 02:53:56,676,676 multiprocessing INFO SEE LOG AT : ./logs/all_Lyapunov_test_dso-fn_d_all_l_01_log.txt
SpawnPoolWorker-639| 2026-06-22 02:53:56,676,676 multiprocessing INFO See log at : ./logs/all_Lyapunov_test_dso-fn_d_all_l_01_log.txt
SpawnPoolWorker-639| 2026-06-22 02:53:56,680,680 multiprocessing INFO child process calling self.run()
SpawnPoolWorker-640| 2026-06-22 02:53:56,895,895 multiprocessing INFO STARTING NEW RUN ==========
SpawnPoolWorker-640| 2026-06-22 02:53:56,895,895 multiprocessing INFO SEE LOG AT : ./logs/all_Lyapunov_test_dso-fn_d_all_l_01_log.txt
SpawnPoolWorker-640| 2026-06-22 02:53:56,896,896 multiprocessing INFO See log at : ./logs/all_Lyapunov_test_dso-fn_d_all_l_01_log.txt
SpawnPoolWorker-640| 2026-06-22 02:53:56,903,903 multiprocessing INFO child process calling self.run()
SpawnPoolWorker-642| 2026-06-22 02:53:56,996,996 multiprocessing INFO STARTING NEW RUN ==========
SpawnPoolWorker-642| 2026-06-22 02:53:56,996,996 multiprocessing INFO SEE LOG AT : ./logs/all_Lyapunov_test_dso-fn_d_all_l_01_log.txt
SpawnPoolWorker-642| 2026-06-22 02:53:56,996,996 multiprocessing INFO See log at : ./logs/all_Lyapunov_test_dso-fn_d_all_l_01_log.txt
SpawnPoolWorker-642| 2026-06-22 02:53:57,002,2 multiprocessing INFO child process calling self.run()
SpawnPoolWorker-645| 2026-06-22 02:53:57,082,82 multiprocessing INFO STARTING NEW RUN ==========
SpawnPoolWorker-645| 2026-06-22 02:53:57,082,82 multiprocessing INFO SEE LOG AT : ./logs/all_Lyapunov_test_dso-fn_d_all_l_01_log.txt
SpawnPoolWorker-645| 2026-06-22 02:53:57,082,82 multiprocessing INFO See log at : ./logs/all_Lyapunov_test_dso-fn_d_all_l_01_log.txt
SpawnPoolWorker-645| 2026-06-22 02:53:57,085,85 multiprocessing INFO child process calling self.run()
SpawnPoolWorker-646| 2026-06-22 02:53:57,183,183 multiprocessing INFO STARTING NEW RUN ==========
SpawnPoolWorker-646| 2026-06-22 02:53:57,183,183 multiprocessing INFO SEE LOG AT : ./logs/all_Lyapunov_test_dso-fn_d_all_l_01_log.txt
SpawnPoolWorker-646| 2026-06-22 02:53:57,183,183 multiprocessing INFO See log at : ./logs/all_Lyapunov_test_dso-fn_d_all_l_01_log.txt
SpawnPoolWorker-646| 2026-06-22 02:53:57,186,186 multiprocessing INFO child process calling self.run()
SpawnPoolWorker-624| 2026-06-22 02:53:57,224,224 multiprocessing INFO STARTING NEW RUN ==========
SpawnPoolWorker-624| 2026-06-22 02:53:57,224,224 multiprocessing INFO SEE LOG AT : ./logs/all_Lyapunov_test_dso-fn_d_all_l_01_log.txt
SpawnPoolWorker-624| 2026-06-22 02:53:57,224,224 multiprocessing INFO See log at : ./logs/all_Lyapunov_test_dso-fn_d_all_l_01_log.txt
SpawnPoolWorker-624| 2026-06-22 02:53:57,228,228 multiprocessing INFO child process calling self.run()
SpawnPoolWorker-637| 2026-06-22 02:53:57,382,382 multiprocessing INFO STARTING NEW RUN ==========
SpawnPoolWorker-637| 2026-06-22 02:53:57,382,382 multiprocessing INFO SEE LOG AT : ./logs/all_Lyapunov_test_dso-fn_d_all_l_01_log.txt
SpawnPoolWorker-637| 2026-06-22 02:53:57,382,382 multiprocessing INFO See log at : ./logs/all_Lyapunov_test_dso-fn_d_all_l_01_log.txt
SpawnPoolWorker-637| 2026-06-22 02:53:57,385,385 multiprocessing INFO child process calling self.run()
SpawnPoolWorker-643| 2026-06-22 02:53:57,428,428 multiprocessing INFO STARTING NEW RUN ==========
SpawnPoolWorker-643| 2026-06-22 02:53:57,428,428 multiprocessing INFO SEE LOG AT : ./logs/all_Lyapunov_test_dso-fn_d_all_l_01_log.txt
SpawnPoolWorker-643| 2026-06-22 02:53:57,428,428 multiprocessing INFO See log at : ./logs/all_Lyapunov_test_dso-fn_d_all_l_01_log.txt
SpawnPoolWorker-643| 2026-06-22 02:53:57,438,438 multiprocessing INFO child process calling self.run()
SpawnPoolWorker-630| 2026-06-22 02:53:57,463,463 multiprocessing INFO STARTING NEW RUN ==========
SpawnPoolWorker-630| 2026-06-22 02:53:57,463,463 multiprocessing INFO SEE LOG AT : ./logs/all_Lyapunov_test_dso-fn_d_all_l_01_log.txt
SpawnPoolWorker-630| 2026-06-22 02:53:57,463,463 multiprocessing INFO See log at : ./logs/all_Lyapunov_test_dso-fn_d_all_l_01_log.txt
SpawnPoolWorker-630| 2026-06-22 02:53:57,471,471 multiprocessing INFO child process calling self.run()
SpawnPoolWorker-644| 2026-06-22 02:53:57,799,799 multiprocessing INFO STARTING NEW RUN ==========
SpawnPoolWorker-644| 2026-06-22 02:53:57,799,799 multiprocessing INFO SEE LOG AT : ./logs/all_Lyapunov_test_dso-fn_d_all_l_01_log.txt
SpawnPoolWorker-644| 2026-06-22 02:53:57,799,799 multiprocessing INFO See log at : ./logs/all_Lyapunov_test_dso-fn_d_all_l_01_log.txt
SpawnPoolWorker-644| 2026-06-22 02:53:57,801,801 multiprocessing INFO child process calling self.run()
SpawnPoolWorker-638| 2026-06-22 02:53:57,892,892 multiprocessing INFO STARTING NEW RUN ==========
SpawnPoolWorker-638| 2026-06-22 02:53:57,892,892 multiprocessing INFO SEE LOG AT : ./logs/all_Lyapunov_test_dso-fn_d_all_l_01_log.txt
SpawnPoolWorker-638| 2026-06-22 02:53:57,892,892 multiprocessing INFO See log at : ./logs/all_Lyapunov_test_dso-fn_d_all_l_01_log.txt
SpawnPoolWorker-638| 2026-06-22 02:53:57,900,900 multiprocessing INFO child process calling self.run()
SpawnPoolWorker-628| 2026-06-22 03:00:56,670,670 multiprocessing INFO process shutting down
SpawnPoolWorker-632| 2026-06-22 03:00:56,671,671 multiprocessing INFO process shutting down
SpawnPoolWorker-639| 2026-06-22 03:00:56,671,671 multiprocessing INFO process shutting down
SpawnPoolWorker-633| 2026-06-22 03:00:56,671,671 multiprocessing INFO process shutting down
SpawnPoolWorker-636| 2026-06-22 03:00:56,670,670 multiprocessing INFO process shutting down
SpawnPoolWorker-638| 2026-06-22 03:00:56,670,670 multiprocessing INFO process shutting down
SpawnPoolWorker-631| 2026-06-22 03:00:56,671,671 multiprocessing INFO process shutting down
SpawnPoolWorker-625| 2026-06-22 03:00:56,671,671 multiprocessing INFO process shutting down
SpawnPoolWorker-635| 2026-06-22 03:00:56,671,671 multiprocessing INFO process shutting down
SpawnPoolWorker-626| 2026-06-22 03:00:56,671,671 multiprocessing INFO process shutting down
SpawnPoolWorker-627| 2026-06-22 03:00:56,671,671 multiprocessing INFO process shutting down
SpawnPoolWorker-643| 2026-06-22 03:00:56,671,671 multiprocessing INFO process shutting down
SpawnPoolWorker-642| 2026-06-22 03:00:56,671,671 multiprocessing INFO process shutting down
SpawnPoolWorker-630| 2026-06-22 03:00:56,671,671 multiprocessing INFO process shutting down
SpawnPoolWorker-635| 2026-06-22 03:00:56,672,672 multiprocessing INFO process exiting with exitcode 0
SpawnPoolWorker-643| 2026-06-22 03:00:56,672,672 multiprocessing INFO process exiting with exitcode 0
SpawnPoolWorker-626| 2026-06-22 03:00:56,672,672 multiprocessing INFO process exiting with exitcode 0
SpawnPoolWorker-632| 2026-06-22 03:00:56,672,672 multiprocessing INFO process exiting with exitcode 0
SpawnPoolWorker-642| 2026-06-22 03:00:56,672,672 multiprocessing INFO process exiting with exitcode 0
SpawnPoolWorker-630| 2026-06-22 03:00:56,672,672 multiprocessing INFO process exiting with exitcode 0
SpawnPoolWorker-627| 2026-06-22 03:00:56,672,672 multiprocessing INFO process exiting with exitcode 0
SpawnPoolWorker-623| 2026-06-22 03:00:56,672,672 multiprocessing INFO process shutting down
SpawnPoolWorker-629| 2026-06-22 03:00:56,672,672 multiprocessing INFO process shutting down
SpawnPoolWorker-646| 2026-06-22 03:00:56,672,672 multiprocessing INFO process shutting down
SpawnPoolWorker-624| 2026-06-22 03:00:56,672,672 multiprocessing INFO process shutting down
SpawnPoolWorker-641| 2026-06-22 03:00:56,672,672 multiprocessing INFO process shutting down
SpawnPoolWorker-645| 2026-06-22 03:00:56,672,672 multiprocessing INFO process shutting down
29
(100000, 9)
(100000,)
(100000, 9)
(100000,)

=======================Successfully Added (50000, 9) Counter Examples=======================


============None of the candidates fulfill the conditions. Training CONTINUES!=================

MainProcess| 2026-06-22 03:01:03,601,601 multiprocessing INFO 
============None of the candidates fulfill the conditions. Training CONTINUES!=================


============None of the candidates fulfill the conditions. Training CONTINUES!=================

(550, 171)
/users/9/chen8596/miniconda3/envs/alfd/lib/python3.9/site-packages/torch/nn/functional.py:4999: UserWarning: Support for mismatched key_padding_mask and attn_mask is deprecated. Use same type for both instead.
  warnings.warn(

==============Start Supervised Learning==============

MainProcess| 2026-06-22 03:01:14,080,80 multiprocessing INFO GP output mean: 0.5809244197092476
GP output mean: 0.5809244197092476
MainProcess| 2026-06-22 03:01:14,877,877 multiprocessing INFO GP output success rate: 0.0
GP output success rate: 0.0

==============End Supervised Learning==============

MainProcess| 2026-06-22 03:01:16,934,934 multiprocessing INFO [Test epoch=0019]  nevals=261485 	| train_loss=12149.03809 	| eqs_invalid %=0.00 	| r_best=0.97696 	| quantile=0.00000 	| r_quantile_mean=0.06412 	| r_raw_sum=35.26666 	|  r_raw_mean=0.69150 	| r2=nan 	| acc_iid=0.00000 	| acc_ood=0.00000 	| nmse_test=3.824727374849823e-09 	| true_equation_set_count=0 	| s/it=700.36442
[Test epoch=0019]  nevals=261485 	| train_loss=12149.03809 	| eqs_invalid %=0.00 	| r_best=0.97696 	| quantile=0.00000 	| r_quantile_mean=0.06412 	| r_raw_sum=35.26666 	|  r_raw_mean=0.69150 	| r2=nan 	| acc_iid=0.00000 	| acc_ood=0.00000 	| nmse_test=3.824727374849823e-09 	| true_equation_set_count=0 	| s/it=700.36442
MainProcess| 2026-06-22 03:04:11,850,850 multiprocessing INFO Genetic Porgramming Runtime 173.73468648898415
Genetic Porgramming Runtime 173.73468648898415

=========================PGD Collection Starts=========================

SpawnPoolWorker-650| 2026-06-22 03:04:17,156,156 multiprocessing INFO STARTING NEW RUN ==========
SpawnPoolWorker-650| 2026-06-22 03:04:17,156,156 multiprocessing INFO SEE LOG AT : ./logs/all_Lyapunov_test_dso-fn_d_all_l_01_log.txt
SpawnPoolWorker-650| 2026-06-22 03:04:17,156,156 multiprocessing INFO See log at : ./logs/all_Lyapunov_test_dso-fn_d_all_l_01_log.txt
SpawnPoolWorker-653| 2026-06-22 03:04:17,157,157 multiprocessing INFO STARTING NEW RUN ==========
SpawnPoolWorker-653| 2026-06-22 03:04:17,157,157 multiprocessing INFO SEE LOG AT : ./logs/all_Lyapunov_test_dso-fn_d_all_l_01_log.txt
SpawnPoolWorker-650| 2026-06-22 03:04:17,158,158 multiprocessing INFO child process calling self.run()
SpawnPoolWorker-652| 2026-06-22 03:04:17,159,159 multiprocessing INFO STARTING NEW RUN ==========
SpawnPoolWorker-651| 2026-06-22 03:04:17,159,159 multiprocessing INFO STARTING NEW RUN ==========
SpawnPoolWorker-652| 2026-06-22 03:04:17,160,160 multiprocessing INFO SEE LOG AT : ./logs/all_Lyapunov_test_dso-fn_d_all_l_01_log.txt
SpawnPoolWorker-652| 2026-06-22 03:04:17,160,160 multiprocessing INFO See log at : ./logs/all_Lyapunov_test_dso-fn_d_all_l_01_log.txt
SpawnPoolWorker-653| 2026-06-22 03:04:17,160,160 multiprocessing INFO See log at : ./logs/all_Lyapunov_test_dso-fn_d_all_l_01_log.txt
SpawnPoolWorker-651| 2026-06-22 03:04:17,160,160 multiprocessing INFO SEE LOG AT : ./logs/all_Lyapunov_test_dso-fn_d_all_l_01_log.txt
SpawnPoolWorker-651| 2026-06-22 03:04:17,160,160 multiprocessing INFO See log at : ./logs/all_Lyapunov_test_dso-fn_d_all_l_01_log.txt
SpawnPoolWorker-653| 2026-06-22 03:04:17,161,161 multiprocessing INFO child process calling self.run()
SpawnPoolWorker-652| 2026-06-22 03:04:17,161,161 multiprocessing INFO child process calling self.run()
SpawnPoolWorker-651| 2026-06-22 03:04:17,161,161 multiprocessing INFO child process calling self.run()
SpawnPoolWorker-649| 2026-06-22 03:04:17,162,162 multiprocessing INFO STARTING NEW RUN ==========
SpawnPoolWorker-656| 2026-06-22 03:04:17,162,162 multiprocessing INFO STARTING NEW RUN ==========
SpawnPoolWorker-648| 2026-06-22 03:04:17,162,162 multiprocessing INFO STARTING NEW RUN ==========
SpawnPoolWorker-647| 2026-06-22 03:04:17,162,162 multiprocessing INFO STARTING NEW RUN ==========
SpawnPoolWorker-649| 2026-06-22 03:04:17,162,162 multiprocessing INFO SEE LOG AT : ./logs/all_Lyapunov_test_dso-fn_d_all_l_01_log.txt
SpawnPoolWorker-656| 2026-06-22 03:04:17,162,162 multiprocessing INFO SEE LOG AT : ./logs/all_Lyapunov_test_dso-fn_d_all_l_01_log.txt
SpawnPoolWorker-648| 2026-06-22 03:04:17,162,162 multiprocessing INFO SEE LOG AT : ./logs/all_Lyapunov_test_dso-fn_d_all_l_01_log.txt
SpawnPoolWorker-647| 2026-06-22 03:04:17,162,162 multiprocessing INFO SEE LOG AT : ./logs/all_Lyapunov_test_dso-fn_d_all_l_01_log.txt
SpawnPoolWorker-649| 2026-06-22 03:04:17,162,162 multiprocessing INFO See log at : ./logs/all_Lyapunov_test_dso-fn_d_all_l_01_log.txt
SpawnPoolWorker-656| 2026-06-22 03:04:17,162,162 multiprocessing INFO See log at : ./logs/all_Lyapunov_test_dso-fn_d_all_l_01_log.txt
SpawnPoolWorker-648| 2026-06-22 03:04:17,162,162 multiprocessing INFO See log at : ./logs/all_Lyapunov_test_dso-fn_d_all_l_01_log.txt
SpawnPoolWorker-647| 2026-06-22 03:04:17,162,162 multiprocessing INFO See log at : ./logs/all_Lyapunov_test_dso-fn_d_all_l_01_log.txt
SpawnPoolWorker-649| 2026-06-22 03:04:17,164,164 multiprocessing INFO child process calling self.run()
SpawnPoolWorker-647| 2026-06-22 03:04:17,164,164 multiprocessing INFO child process calling self.run()
SpawnPoolWorker-656| 2026-06-22 03:04:17,164,164 multiprocessing INFO child process calling self.run()
SpawnPoolWorker-648| 2026-06-22 03:04:17,164,164 multiprocessing INFO child process calling self.run()
SpawnPoolWorker-654| 2026-06-22 03:04:17,166,166 multiprocessing INFO STARTING NEW RUN ==========
SpawnPoolWorker-654| 2026-06-22 03:04:17,167,167 multiprocessing INFO SEE LOG AT : ./logs/all_Lyapunov_test_dso-fn_d_all_l_01_log.txt
SpawnPoolWorker-654| 2026-06-22 03:04:17,167,167 multiprocessing INFO See log at : ./logs/all_Lyapunov_test_dso-fn_d_all_l_01_log.txt
SpawnPoolWorker-654| 2026-06-22 03:04:17,168,168 multiprocessing INFO child process calling self.run()
SpawnPoolWorker-655| 2026-06-22 03:04:17,171,171 multiprocessing INFO STARTING NEW RUN ==========
SpawnPoolWorker-655| 2026-06-22 03:04:17,171,171 multiprocessing INFO SEE LOG AT : ./logs/all_Lyapunov_test_dso-fn_d_all_l_01_log.txt
SpawnPoolWorker-655| 2026-06-22 03:04:17,171,171 multiprocessing INFO See log at : ./logs/all_Lyapunov_test_dso-fn_d_all_l_01_log.txt
SpawnPoolWorker-655| 2026-06-22 03:04:17,174,174 multiprocessing INFO child process calling self.run()
SpawnPoolWorker-655| 2026-06-22 03:04:33,173,173 multiprocessing INFO process shutting down
SpawnPoolWorker-655| 2026-06-22 03:04:33,173,173 multiprocessing INFO process exiting with exitcode 0
SpawnPoolWorker-652| 2026-06-22 03:04:33,173,173 multiprocessing INFO process shutting down
SpawnPoolWorker-656| 2026-06-22 03:04:33,173,173 multiprocessing INFO process shutting down
SpawnPoolWorker-650| 2026-06-22 03:04:33,173,173 multiprocessing INFO process shutting down
SpawnPoolWorker-647| 2026-06-22 03:04:33,173,173 multiprocessing INFO process shutting down
SpawnPoolWorker-649| 2026-06-22 03:04:33,173,173 multiprocessing INFO process shutting down
SpawnPoolWorker-654| 2026-06-22 03:04:33,173,173 multiprocessing INFO process shutting down
(20000,)

===================Collect 20000 Examples===================

Epsilon 0.1
500
(550,)
(550,)
(55,)
Number of Programs for Minimization: 28
SpawnPoolWorker-665| 2026-06-22 03:04:48,938,938 multiprocessing INFO STARTING NEW RUN ==========
SpawnPoolWorker-665| 2026-06-22 03:04:48,938,938 multiprocessing INFO SEE LOG AT : ./logs/all_Lyapunov_test_dso-fn_d_all_l_01_log.txt
SpawnPoolWorker-665| 2026-06-22 03:04:48,938,938 multiprocessing INFO See log at : ./logs/all_Lyapunov_test_dso-fn_d_all_l_01_log.txt
SpawnPoolWorker-665| 2026-06-22 03:04:48,942,942 multiprocessing INFO child process calling self.run()
SpawnPoolWorker-658| 2026-06-22 03:04:49,316,316 multiprocessing INFO STARTING NEW RUN ==========
SpawnPoolWorker-658| 2026-06-22 03:04:49,316,316 multiprocessing INFO SEE LOG AT : ./logs/all_Lyapunov_test_dso-fn_d_all_l_01_log.txt
SpawnPoolWorker-658| 2026-06-22 03:04:49,316,316 multiprocessing INFO See log at : ./logs/all_Lyapunov_test_dso-fn_d_all_l_01_log.txt
SpawnPoolWorker-658| 2026-06-22 03:04:49,319,319 multiprocessing INFO child process calling self.run()
SpawnPoolWorker-659| 2026-06-22 03:04:49,425,425 multiprocessing INFO STARTING NEW RUN ==========
SpawnPoolWorker-659| 2026-06-22 03:04:49,425,425 multiprocessing INFO SEE LOG AT : ./logs/all_Lyapunov_test_dso-fn_d_all_l_01_log.txt
SpawnPoolWorker-659| 2026-06-22 03:04:49,425,425 multiprocessing INFO See log at : ./logs/all_Lyapunov_test_dso-fn_d_all_l_01_log.txt
SpawnPoolWorker-659| 2026-06-22 03:04:49,428,428 multiprocessing INFO child process calling self.run()
SpawnPoolWorker-663| 2026-06-22 03:04:49,730,730 multiprocessing INFO STARTING NEW RUN ==========
SpawnPoolWorker-663| 2026-06-22 03:04:49,730,730 multiprocessing INFO SEE LOG AT : ./logs/all_Lyapunov_test_dso-fn_d_all_l_01_log.txt
SpawnPoolWorker-663| 2026-06-22 03:04:49,730,730 multiprocessing INFO See log at : ./logs/all_Lyapunov_test_dso-fn_d_all_l_01_log.txt
SpawnPoolWorker-663| 2026-06-22 03:04:49,734,734 multiprocessing INFO child process calling self.run()
SpawnPoolWorker-657| 2026-06-22 03:04:49,779,779 multiprocessing INFO STARTING NEW RUN ==========
SpawnPoolWorker-657| 2026-06-22 03:04:49,779,779 multiprocessing INFO SEE LOG AT : ./logs/all_Lyapunov_test_dso-fn_d_all_l_01_log.txt
SpawnPoolWorker-657| 2026-06-22 03:04:49,779,779 multiprocessing INFO See log at : ./logs/all_Lyapunov_test_dso-fn_d_all_l_01_log.txt
SpawnPoolWorker-657| 2026-06-22 03:04:49,790,790 multiprocessing INFO child process calling self.run()
SpawnPoolWorker-668| 2026-06-22 03:04:50,011,11 multiprocessing INFO STARTING NEW RUN ==========
SpawnPoolWorker-668| 2026-06-22 03:04:50,011,11 multiprocessing INFO SEE LOG AT : ./logs/all_Lyapunov_test_dso-fn_d_all_l_01_log.txt
SpawnPoolWorker-668| 2026-06-22 03:04:50,011,11 multiprocessing INFO See log at : ./logs/all_Lyapunov_test_dso-fn_d_all_l_01_log.txt
SpawnPoolWorker-668| 2026-06-22 03:04:50,013,13 multiprocessing INFO child process calling self.run()
SpawnPoolWorker-662| 2026-06-22 03:04:50,034,34 multiprocessing INFO STARTING NEW RUN ==========
SpawnPoolWorker-662| 2026-06-22 03:04:50,035,35 multiprocessing INFO SEE LOG AT : ./logs/all_Lyapunov_test_dso-fn_d_all_l_01_log.txt
SpawnPoolWorker-662| 2026-06-22 03:04:50,035,35 multiprocessing INFO See log at : ./logs/all_Lyapunov_test_dso-fn_d_all_l_01_log.txt
SpawnPoolWorker-670| 2026-06-22 03:04:50,042,42 multiprocessing INFO STARTING NEW RUN ==========
SpawnPoolWorker-670| 2026-06-22 03:04:50,042,42 multiprocessing INFO SEE LOG AT : ./logs/all_Lyapunov_test_dso-fn_d_all_l_01_log.txt
SpawnPoolWorker-670| 2026-06-22 03:04:50,042,42 multiprocessing INFO See log at : ./logs/all_Lyapunov_test_dso-fn_d_all_l_01_log.txt
SpawnPoolWorker-662| 2026-06-22 03:04:50,045,45 multiprocessing INFO child process calling self.run()
SpawnPoolWorker-670| 2026-06-22 03:04:50,049,49 multiprocessing INFO child process calling self.run()
SpawnPoolWorker-666| 2026-06-22 03:04:50,067,67 multiprocessing INFO STARTING NEW RUN ==========
SpawnPoolWorker-666| 2026-06-22 03:04:50,067,67 multiprocessing INFO SEE LOG AT : ./logs/all_Lyapunov_test_dso-fn_d_all_l_01_log.txt
SpawnPoolWorker-666| 2026-06-22 03:04:50,067,67 multiprocessing INFO See log at : ./logs/all_Lyapunov_test_dso-fn_d_all_l_01_log.txt
SpawnPoolWorker-666| 2026-06-22 03:04:50,069,69 multiprocessing INFO child process calling self.run()
SpawnPoolWorker-675| 2026-06-22 03:04:50,107,107 multiprocessing INFO STARTING NEW RUN ==========
SpawnPoolWorker-675| 2026-06-22 03:04:50,107,107 multiprocessing INFO SEE LOG AT : ./logs/all_Lyapunov_test_dso-fn_d_all_l_01_log.txt
SpawnPoolWorker-675| 2026-06-22 03:04:50,107,107 multiprocessing INFO See log at : ./logs/all_Lyapunov_test_dso-fn_d_all_l_01_log.txt
SpawnPoolWorker-675| 2026-06-22 03:04:50,109,109 multiprocessing INFO child process calling self.run()
SpawnPoolWorker-677| 2026-06-22 03:04:50,146,146 multiprocessing INFO STARTING NEW RUN ==========
SpawnPoolWorker-677| 2026-06-22 03:04:50,146,146 multiprocessing INFO SEE LOG AT : ./logs/all_Lyapunov_test_dso-fn_d_all_l_01_log.txt
SpawnPoolWorker-677| 2026-06-22 03:04:50,146,146 multiprocessing INFO See log at : ./logs/all_Lyapunov_test_dso-fn_d_all_l_01_log.txt
SpawnPoolWorker-677| 2026-06-22 03:04:50,153,153 multiprocessing INFO child process calling self.run()
SpawnPoolWorker-669| 2026-06-22 03:04:50,310,310 multiprocessing INFO STARTING NEW RUN ==========
SpawnPoolWorker-669| 2026-06-22 03:04:50,310,310 multiprocessing INFO SEE LOG AT : ./logs/all_Lyapunov_test_dso-fn_d_all_l_01_log.txt
SpawnPoolWorker-669| 2026-06-22 03:04:50,310,310 multiprocessing INFO See log at : ./logs/all_Lyapunov_test_dso-fn_d_all_l_01_log.txt
SpawnPoolWorker-669| 2026-06-22 03:04:50,317,317 multiprocessing INFO child process calling self.run()
SpawnPoolWorker-671| 2026-06-22 03:04:50,389,389 multiprocessing INFO STARTING NEW RUN ==========
SpawnPoolWorker-671| 2026-06-22 03:04:50,389,389 multiprocessing INFO SEE LOG AT : ./logs/all_Lyapunov_test_dso-fn_d_all_l_01_log.txt
SpawnPoolWorker-671| 2026-06-22 03:04:50,389,389 multiprocessing INFO See log at : ./logs/all_Lyapunov_test_dso-fn_d_all_l_01_log.txt
SpawnPoolWorker-671| 2026-06-22 03:04:50,391,391 multiprocessing INFO child process calling self.run()
SpawnPoolWorker-664| 2026-06-22 03:04:50,594,594 multiprocessing INFO STARTING NEW RUN ==========
SpawnPoolWorker-664| 2026-06-22 03:04:50,594,594 multiprocessing INFO SEE LOG AT : ./logs/all_Lyapunov_test_dso-fn_d_all_l_01_log.txt
SpawnPoolWorker-664| 2026-06-22 03:04:50,594,594 multiprocessing INFO See log at : ./logs/all_Lyapunov_test_dso-fn_d_all_l_01_log.txt
SpawnPoolWorker-664| 2026-06-22 03:04:50,596,596 multiprocessing INFO child process calling self.run()
SpawnPoolWorker-667| 2026-06-22 03:04:50,636,636 multiprocessing INFO STARTING NEW RUN ==========
SpawnPoolWorker-667| 2026-06-22 03:04:50,636,636 multiprocessing INFO SEE LOG AT : ./logs/all_Lyapunov_test_dso-fn_d_all_l_01_log.txt
SpawnPoolWorker-667| 2026-06-22 03:04:50,636,636 multiprocessing INFO See log at : ./logs/all_Lyapunov_test_dso-fn_d_all_l_01_log.txt
SpawnPoolWorker-667| 2026-06-22 03:04:50,637,637 multiprocessing INFO child process calling self.run()
SpawnPoolWorker-676| 2026-06-22 03:04:50,714,714 multiprocessing INFO STARTING NEW RUN ==========
SpawnPoolWorker-676| 2026-06-22 03:04:50,714,714 multiprocessing INFO SEE LOG AT : ./logs/all_Lyapunov_test_dso-fn_d_all_l_01_log.txt
SpawnPoolWorker-676| 2026-06-22 03:04:50,714,714 multiprocessing INFO See log at : ./logs/all_Lyapunov_test_dso-fn_d_all_l_01_log.txt
SpawnPoolWorker-676| 2026-06-22 03:04:50,718,718 multiprocessing INFO child process calling self.run()
SpawnPoolWorker-680| 2026-06-22 03:04:50,765,765 multiprocessing INFO STARTING NEW RUN ==========
SpawnPoolWorker-680| 2026-06-22 03:04:50,765,765 multiprocessing INFO SEE LOG AT : ./logs/all_Lyapunov_test_dso-fn_d_all_l_01_log.txt
SpawnPoolWorker-680| 2026-06-22 03:04:50,765,765 multiprocessing INFO See log at : ./logs/all_Lyapunov_test_dso-fn_d_all_l_01_log.txt
SpawnPoolWorker-680| 2026-06-22 03:04:50,767,767 multiprocessing INFO child process calling self.run()
SpawnPoolWorker-674| 2026-06-22 03:04:50,865,865 multiprocessing INFO STARTING NEW RUN ==========
SpawnPoolWorker-674| 2026-06-22 03:04:50,865,865 multiprocessing INFO SEE LOG AT : ./logs/all_Lyapunov_test_dso-fn_d_all_l_01_log.txt
SpawnPoolWorker-674| 2026-06-22 03:04:50,865,865 multiprocessing INFO See log at : ./logs/all_Lyapunov_test_dso-fn_d_all_l_01_log.txt
SpawnPoolWorker-674| 2026-06-22 03:04:50,868,868 multiprocessing INFO child process calling self.run()
SpawnPoolWorker-673| 2026-06-22 03:04:50,944,944 multiprocessing INFO STARTING NEW RUN ==========
SpawnPoolWorker-673| 2026-06-22 03:04:50,945,945 multiprocessing INFO SEE LOG AT : ./logs/all_Lyapunov_test_dso-fn_d_all_l_01_log.txt
SpawnPoolWorker-673| 2026-06-22 03:04:50,945,945 multiprocessing INFO See log at : ./logs/all_Lyapunov_test_dso-fn_d_all_l_01_log.txt
SpawnPoolWorker-673| 2026-06-22 03:04:50,953,953 multiprocessing INFO child process calling self.run()
SpawnPoolWorker-661| 2026-06-22 03:04:50,957,957 multiprocessing INFO STARTING NEW RUN ==========
SpawnPoolWorker-661| 2026-06-22 03:04:50,957,957 multiprocessing INFO SEE LOG AT : ./logs/all_Lyapunov_test_dso-fn_d_all_l_01_log.txt
SpawnPoolWorker-661| 2026-06-22 03:04:50,957,957 multiprocessing INFO See log at : ./logs/all_Lyapunov_test_dso-fn_d_all_l_01_log.txt
SpawnPoolWorker-661| 2026-06-22 03:04:50,958,958 multiprocessing INFO child process calling self.run()
SpawnPoolWorker-660| 2026-06-22 03:04:50,965,965 multiprocessing INFO STARTING NEW RUN ==========
SpawnPoolWorker-660| 2026-06-22 03:04:50,965,965 multiprocessing INFO SEE LOG AT : ./logs/all_Lyapunov_test_dso-fn_d_all_l_01_log.txt
SpawnPoolWorker-660| 2026-06-22 03:04:50,965,965 multiprocessing INFO See log at : ./logs/all_Lyapunov_test_dso-fn_d_all_l_01_log.txt
SpawnPoolWorker-660| 2026-06-22 03:04:50,973,973 multiprocessing INFO child process calling self.run()
SpawnPoolWorker-678| 2026-06-22 03:04:51,463,463 multiprocessing INFO STARTING NEW RUN ==========
SpawnPoolWorker-678| 2026-06-22 03:04:51,463,463 multiprocessing INFO SEE LOG AT : ./logs/all_Lyapunov_test_dso-fn_d_all_l_01_log.txt
SpawnPoolWorker-678| 2026-06-22 03:04:51,463,463 multiprocessing INFO See log at : ./logs/all_Lyapunov_test_dso-fn_d_all_l_01_log.txt
SpawnPoolWorker-678| 2026-06-22 03:04:51,467,467 multiprocessing INFO child process calling self.run()
SpawnPoolWorker-672| 2026-06-22 03:04:51,568,568 multiprocessing INFO STARTING NEW RUN ==========
SpawnPoolWorker-672| 2026-06-22 03:04:51,568,568 multiprocessing INFO SEE LOG AT : ./logs/all_Lyapunov_test_dso-fn_d_all_l_01_log.txt
SpawnPoolWorker-672| 2026-06-22 03:04:51,568,568 multiprocessing INFO See log at : ./logs/all_Lyapunov_test_dso-fn_d_all_l_01_log.txt
SpawnPoolWorker-672| 2026-06-22 03:04:51,570,570 multiprocessing INFO child process calling self.run()
SpawnPoolWorker-679| 2026-06-22 03:04:51,602,602 multiprocessing INFO STARTING NEW RUN ==========
SpawnPoolWorker-679| 2026-06-22 03:04:51,602,602 multiprocessing INFO SEE LOG AT : ./logs/all_Lyapunov_test_dso-fn_d_all_l_01_log.txt
SpawnPoolWorker-679| 2026-06-22 03:04:51,602,602 multiprocessing INFO See log at : ./logs/all_Lyapunov_test_dso-fn_d_all_l_01_log.txt
SpawnPoolWorker-679| 2026-06-22 03:04:51,603,603 multiprocessing INFO child process calling self.run()
SpawnPoolWorker-677| 2026-06-22 03:11:50,618,618 multiprocessing INFO process shutting down
SpawnPoolWorker-675| 2026-06-22 03:11:50,618,618 multiprocessing INFO process shutting down
SpawnPoolWorker-679| 2026-06-22 03:11:50,618,618 multiprocessing INFO process shutting down
SpawnPoolWorker-669| 2026-06-22 03:11:50,618,618 multiprocessing INFO process shutting down
SpawnPoolWorker-662| 2026-06-22 03:11:50,618,618 multiprocessing INFO process shutting down
SpawnPoolWorker-659| 2026-06-22 03:11:50,618,618 multiprocessing INFO process shutting down
SpawnPoolWorker-664| 2026-06-22 03:11:50,619,619 multiprocessing INFO process shutting down
SpawnPoolWorker-671| 2026-06-22 03:11:50,619,619 multiprocessing INFO process shutting down
SpawnPoolWorker-668| 2026-06-22 03:11:50,618,618 multiprocessing INFO process shutting down
SpawnPoolWorker-658| 2026-06-22 03:11:50,618,618 multiprocessing INFO process shutting down
SpawnPoolWorker-678| 2026-06-22 03:11:50,619,619 multiprocessing INFO process shutting down
SpawnPoolWorker-661| 2026-06-22 03:11:50,618,618 multiprocessing INFO process shutting down
SpawnPoolWorker-670| 2026-06-22 03:11:50,619,619 multiprocessing INFO process shutting down
SpawnPoolWorker-665| 2026-06-22 03:11:50,618,618 multiprocessing INFO process shutting down
SpawnPoolWorker-666| 2026-06-22 03:11:50,618,618 multiprocessing INFO process shutting down
SpawnPoolWorker-676| 2026-06-22 03:11:50,619,619 multiprocessing INFO process shutting down
SpawnPoolWorker-663| 2026-06-22 03:11:50,619,619 multiprocessing INFO process shutting down
SpawnPoolWorker-677| 2026-06-22 03:11:50,619,619 multiprocessing INFO process exiting with exitcode 0
SpawnPoolWorker-679| 2026-06-22 03:11:50,619,619 multiprocessing INFO process exiting with exitcode 0
SpawnPoolWorker-665| 2026-06-22 03:11:50,619,619 multiprocessing INFO process exiting with exitcode 0
SpawnPoolWorker-666| 2026-06-22 03:11:50,619,619 multiprocessing INFO process exiting with exitcode 0
SpawnPoolWorker-659| 2026-06-22 03:11:50,619,619 multiprocessing INFO process exiting with exitcode 0
SpawnPoolWorker-676| 2026-06-22 03:11:50,619,619 multiprocessing INFO process exiting with exitcode 0
SpawnPoolWorker-664| 2026-06-22 03:11:50,619,619 multiprocessing INFO process exiting with exitcode 0
SpawnPoolWorker-669| 2026-06-22 03:11:50,619,619 multiprocessing INFO process exiting with exitcode 0
SpawnPoolWorker-660| 2026-06-22 03:11:50,619,619 multiprocessing INFO process shutting down
SpawnPoolWorker-667| 2026-06-22 03:11:50,620,620 multiprocessing INFO process shutting down
SpawnPoolWorker-673| 2026-06-22 03:11:50,620,620 multiprocessing INFO process shutting down
SpawnPoolWorker-680| 2026-06-22 03:11:50,620,620 multiprocessing INFO process shutting down
28
(100000, 9)
(100000,)
(100000, 9)
(100000,)

=======================Successfully Added (36901, 9) Counter Examples=======================


============None of the candidates fulfill the conditions. Training CONTINUES!=================

MainProcess| 2026-06-22 03:11:53,017,17 multiprocessing INFO 
============None of the candidates fulfill the conditions. Training CONTINUES!=================


============None of the candidates fulfill the conditions. Training CONTINUES!=================

(55, 171)
/users/9/chen8596/miniconda3/envs/alfd/lib/python3.9/site-packages/torch/nn/functional.py:4999: UserWarning: Support for mismatched key_padding_mask and attn_mask is deprecated. Use same type for both instead.
  warnings.warn(

==============Start Supervised Learning==============

MainProcess| 2026-06-22 03:11:57,370,370 multiprocessing INFO GP output mean: 0.9886374667804956
GP output mean: 0.9886374667804956
MainProcess| 2026-06-22 03:11:57,945,945 multiprocessing INFO GP output success rate: 0.0
GP output success rate: 0.0

==============End Supervised Learning==============

MainProcess| 2026-06-22 03:12:00,083,83 multiprocessing INFO [Test epoch=0020]  nevals=275199 	| train_loss=10974.33008 	| eqs_invalid %=0.00 	| r_best=0.97696 	| quantile=0.41758 	| r_quantile_mean=0.78467 	| r_raw_sum=43.15659 	|  r_raw_mean=0.78467 	| r2=nan 	| acc_iid=0.00000 	| acc_ood=0.00000 	| nmse_test=3.824727374849823e-09 	| true_equation_set_count=0 	| s/it=643.14953
[Test epoch=0020]  nevals=275199 	| train_loss=10974.33008 	| eqs_invalid %=0.00 	| r_best=0.97696 	| quantile=0.41758 	| r_quantile_mean=0.78467 	| r_raw_sum=43.15659 	|  r_raw_mean=0.78467 	| r2=nan 	| acc_iid=0.00000 	| acc_ood=0.00000 	| nmse_test=3.824727374849823e-09 	| true_equation_set_count=0 	| s/it=643.14953
MainProcess| 2026-06-22 03:12:00,084,84 multiprocessing INFO [00:03:49:24.77] Training epoch 20/4000, current best R: 0.9770
[00:03:49:24.77] Training epoch 20/4000, current best R: 0.9770
MainProcess| 2026-06-22 03:14:14,935,935 multiprocessing INFO Genetic Porgramming Runtime 133.6628562810365
Genetic Porgramming Runtime 133.6628562810365

=========================PGD Collection Starts=========================

SpawnPoolWorker-682| 2026-06-22 03:14:20,350,350 multiprocessing INFO STARTING NEW RUN ==========
SpawnPoolWorker-682| 2026-06-22 03:14:20,350,350 multiprocessing INFO SEE LOG AT : ./logs/all_Lyapunov_test_dso-fn_d_all_l_01_log.txt
SpawnPoolWorker-682| 2026-06-22 03:14:20,350,350 multiprocessing INFO See log at : ./logs/all_Lyapunov_test_dso-fn_d_all_l_01_log.txt
SpawnPoolWorker-686| 2026-06-22 03:14:20,352,352 multiprocessing INFO STARTING NEW RUN ==========
SpawnPoolWorker-688| 2026-06-22 03:14:20,352,352 multiprocessing INFO STARTING NEW RUN ==========
SpawnPoolWorker-683| 2026-06-22 03:14:20,352,352 multiprocessing INFO STARTING NEW RUN ==========
SpawnPoolWorker-690| 2026-06-22 03:14:20,352,352 multiprocessing INFO STARTING NEW RUN ==========
SpawnPoolWorker-686| 2026-06-22 03:14:20,352,352 multiprocessing INFO SEE LOG AT : ./logs/all_Lyapunov_test_dso-fn_d_all_l_01_log.txt
SpawnPoolWorker-688| 2026-06-22 03:14:20,352,352 multiprocessing INFO SEE LOG AT : ./logs/all_Lyapunov_test_dso-fn_d_all_l_01_log.txt
SpawnPoolWorker-683| 2026-06-22 03:14:20,352,352 multiprocessing INFO SEE LOG AT : ./logs/all_Lyapunov_test_dso-fn_d_all_l_01_log.txt
SpawnPoolWorker-686| 2026-06-22 03:14:20,352,352 multiprocessing INFO See log at : ./logs/all_Lyapunov_test_dso-fn_d_all_l_01_log.txt
SpawnPoolWorker-690| 2026-06-22 03:14:20,352,352 multiprocessing INFO SEE LOG AT : ./logs/all_Lyapunov_test_dso-fn_d_all_l_01_log.txt
SpawnPoolWorker-688| 2026-06-22 03:14:20,352,352 multiprocessing INFO See log at : ./logs/all_Lyapunov_test_dso-fn_d_all_l_01_log.txt
SpawnPoolWorker-683| 2026-06-22 03:14:20,352,352 multiprocessing INFO See log at : ./logs/all_Lyapunov_test_dso-fn_d_all_l_01_log.txt
SpawnPoolWorker-690| 2026-06-22 03:14:20,352,352 multiprocessing INFO See log at : ./logs/all_Lyapunov_test_dso-fn_d_all_l_01_log.txt
SpawnPoolWorker-685| 2026-06-22 03:14:20,352,352 multiprocessing INFO STARTING NEW RUN ==========
SpawnPoolWorker-682| 2026-06-22 03:14:20,353,353 multiprocessing INFO child process calling self.run()
SpawnPoolWorker-688| 2026-06-22 03:14:20,353,353 multiprocessing INFO child process calling self.run()
SpawnPoolWorker-686| 2026-06-22 03:14:20,353,353 multiprocessing INFO child process calling self.run()
SpawnPoolWorker-683| 2026-06-22 03:14:20,353,353 multiprocessing INFO child process calling self.run()
SpawnPoolWorker-685| 2026-06-22 03:14:20,354,354 multiprocessing INFO SEE LOG AT : ./logs/all_Lyapunov_test_dso-fn_d_all_l_01_log.txt
SpawnPoolWorker-685| 2026-06-22 03:14:20,354,354 multiprocessing INFO See log at : ./logs/all_Lyapunov_test_dso-fn_d_all_l_01_log.txt
SpawnPoolWorker-684| 2026-06-22 03:14:20,354,354 multiprocessing INFO STARTING NEW RUN ==========
SpawnPoolWorker-687| 2026-06-22 03:14:20,354,354 multiprocessing INFO STARTING NEW RUN ==========
SpawnPoolWorker-684| 2026-06-22 03:14:20,354,354 multiprocessing INFO SEE LOG AT : ./logs/all_Lyapunov_test_dso-fn_d_all_l_01_log.txt
SpawnPoolWorker-687| 2026-06-22 03:14:20,354,354 multiprocessing INFO SEE LOG AT : ./logs/all_Lyapunov_test_dso-fn_d_all_l_01_log.txt
SpawnPoolWorker-684| 2026-06-22 03:14:20,354,354 multiprocessing INFO See log at : ./logs/all_Lyapunov_test_dso-fn_d_all_l_01_log.txt
SpawnPoolWorker-687| 2026-06-22 03:14:20,354,354 multiprocessing INFO See log at : ./logs/all_Lyapunov_test_dso-fn_d_all_l_01_log.txt
SpawnPoolWorker-690| 2026-06-22 03:14:20,355,355 multiprocessing INFO child process calling self.run()
SpawnPoolWorker-685| 2026-06-22 03:14:20,355,355 multiprocessing INFO child process calling self.run()
SpawnPoolWorker-684| 2026-06-22 03:14:20,355,355 multiprocessing INFO child process calling self.run()
SpawnPoolWorker-687| 2026-06-22 03:14:20,356,356 multiprocessing INFO child process calling self.run()
SpawnPoolWorker-681| 2026-06-22 03:14:20,363,363 multiprocessing INFO STARTING NEW RUN ==========
SpawnPoolWorker-689| 2026-06-22 03:14:20,363,363 multiprocessing INFO STARTING NEW RUN ==========
SpawnPoolWorker-681| 2026-06-22 03:14:20,363,363 multiprocessing INFO SEE LOG AT : ./logs/all_Lyapunov_test_dso-fn_d_all_l_01_log.txt
SpawnPoolWorker-689| 2026-06-22 03:14:20,363,363 multiprocessing INFO SEE LOG AT : ./logs/all_Lyapunov_test_dso-fn_d_all_l_01_log.txt
SpawnPoolWorker-681| 2026-06-22 03:14:20,363,363 multiprocessing INFO See log at : ./logs/all_Lyapunov_test_dso-fn_d_all_l_01_log.txt
SpawnPoolWorker-689| 2026-06-22 03:14:20,363,363 multiprocessing INFO See log at : ./logs/all_Lyapunov_test_dso-fn_d_all_l_01_log.txt
SpawnPoolWorker-681| 2026-06-22 03:14:20,365,365 multiprocessing INFO child process calling self.run()
SpawnPoolWorker-689| 2026-06-22 03:14:20,365,365 multiprocessing INFO child process calling self.run()
SpawnPoolWorker-683| 2026-06-22 03:14:36,854,854 multiprocessing INFO process shutting down
SpawnPoolWorker-685| 2026-06-22 03:14:36,854,854 multiprocessing INFO process shutting down
SpawnPoolWorker-689| 2026-06-22 03:14:36,854,854 multiprocessing INFO process shutting down
SpawnPoolWorker-688| 2026-06-22 03:14:36,854,854 multiprocessing INFO process shutting down
SpawnPoolWorker-686| 2026-06-22 03:14:36,854,854 multiprocessing INFO process shutting down
SpawnPoolWorker-683| 2026-06-22 03:14:36,854,854 multiprocessing INFO process exiting with exitcode 0
SpawnPoolWorker-681| 2026-06-22 03:14:36,854,854 multiprocessing INFO process shutting down
SpawnPoolWorker-685| 2026-06-22 03:14:36,855,855 multiprocessing INFO process exiting with exitcode 0
SpawnPoolWorker-689| 2026-06-22 03:14:36,855,855 multiprocessing INFO process exiting with exitcode 0
SpawnPoolWorker-684| 2026-06-22 03:14:36,854,854 multiprocessing INFO process shutting down
SpawnPoolWorker-682| 2026-06-22 03:14:36,854,854 multiprocessing INFO process shutting down
SpawnPoolWorker-686| 2026-06-22 03:14:36,855,855 multiprocessing INFO process exiting with exitcode 0
SpawnPoolWorker-688| 2026-06-22 03:14:36,855,855 multiprocessing INFO process exiting with exitcode 0
SpawnPoolWorker-681| 2026-06-22 03:14:36,855,855 multiprocessing INFO process exiting with exitcode 0
SpawnPoolWorker-684| 2026-06-22 03:14:36,855,855 multiprocessing INFO process exiting with exitcode 0
SpawnPoolWorker-682| 2026-06-22 03:14:36,855,855 multiprocessing INFO process exiting with exitcode 0
(20000,)

===================Collect 20000 Examples===================

Epsilon 0.1
500
(550,)
(550,)
(55,)
Number of Programs for Minimization: 28
SpawnPoolWorker-691| 2026-06-22 03:14:53,058,58 multiprocessing INFO STARTING NEW RUN ==========
SpawnPoolWorker-691| 2026-06-22 03:14:53,059,59 multiprocessing INFO SEE LOG AT : ./logs/all_Lyapunov_test_dso-fn_d_all_l_01_log.txt
SpawnPoolWorker-691| 2026-06-22 03:14:53,059,59 multiprocessing INFO See log at : ./logs/all_Lyapunov_test_dso-fn_d_all_l_01_log.txt
SpawnPoolWorker-691| 2026-06-22 03:14:53,061,61 multiprocessing INFO child process calling self.run()
SpawnPoolWorker-697| 2026-06-22 03:14:53,087,87 multiprocessing INFO STARTING NEW RUN ==========
SpawnPoolWorker-697| 2026-06-22 03:14:53,087,87 multiprocessing INFO SEE LOG AT : ./logs/all_Lyapunov_test_dso-fn_d_all_l_01_log.txt
SpawnPoolWorker-697| 2026-06-22 03:14:53,087,87 multiprocessing INFO See log at : ./logs/all_Lyapunov_test_dso-fn_d_all_l_01_log.txt
SpawnPoolWorker-697| 2026-06-22 03:14:53,089,89 multiprocessing INFO child process calling self.run()
SpawnPoolWorker-693| 2026-06-22 03:14:53,185,185 multiprocessing INFO STARTING NEW RUN ==========
SpawnPoolWorker-693| 2026-06-22 03:14:53,185,185 multiprocessing INFO SEE LOG AT : ./logs/all_Lyapunov_test_dso-fn_d_all_l_01_log.txt
SpawnPoolWorker-693| 2026-06-22 03:14:53,185,185 multiprocessing INFO See log at : ./logs/all_Lyapunov_test_dso-fn_d_all_l_01_log.txt
SpawnPoolWorker-693| 2026-06-22 03:14:53,189,189 multiprocessing INFO child process calling self.run()
SpawnPoolWorker-700| 2026-06-22 03:14:53,605,605 multiprocessing INFO STARTING NEW RUN ==========
SpawnPoolWorker-700| 2026-06-22 03:14:53,606,606 multiprocessing INFO SEE LOG AT : ./logs/all_Lyapunov_test_dso-fn_d_all_l_01_log.txt
SpawnPoolWorker-700| 2026-06-22 03:14:53,606,606 multiprocessing INFO See log at : ./logs/all_Lyapunov_test_dso-fn_d_all_l_01_log.txt
SpawnPoolWorker-700| 2026-06-22 03:14:53,617,617 multiprocessing INFO child process calling self.run()
SpawnPoolWorker-692| 2026-06-22 03:14:53,645,645 multiprocessing INFO STARTING NEW RUN ==========
SpawnPoolWorker-692| 2026-06-22 03:14:53,645,645 multiprocessing INFO SEE LOG AT : ./logs/all_Lyapunov_test_dso-fn_d_all_l_01_log.txt
SpawnPoolWorker-692| 2026-06-22 03:14:53,645,645 multiprocessing INFO See log at : ./logs/all_Lyapunov_test_dso-fn_d_all_l_01_log.txt
SpawnPoolWorker-702| 2026-06-22 03:14:53,648,648 multiprocessing INFO STARTING NEW RUN ==========
SpawnPoolWorker-702| 2026-06-22 03:14:53,648,648 multiprocessing INFO SEE LOG AT : ./logs/all_Lyapunov_test_dso-fn_d_all_l_01_log.txt
SpawnPoolWorker-702| 2026-06-22 03:14:53,648,648 multiprocessing INFO See log at : ./logs/all_Lyapunov_test_dso-fn_d_all_l_01_log.txt
SpawnPoolWorker-692| 2026-06-22 03:14:53,648,648 multiprocessing INFO child process calling self.run()
SpawnPoolWorker-702| 2026-06-22 03:14:53,654,654 multiprocessing INFO child process calling self.run()
SpawnPoolWorker-699| 2026-06-22 03:14:53,673,673 multiprocessing INFO STARTING NEW RUN ==========
SpawnPoolWorker-699| 2026-06-22 03:14:53,674,674 multiprocessing INFO SEE LOG AT : ./logs/all_Lyapunov_test_dso-fn_d_all_l_01_log.txt
SpawnPoolWorker-699| 2026-06-22 03:14:53,674,674 multiprocessing INFO See log at : ./logs/all_Lyapunov_test_dso-fn_d_all_l_01_log.txt
SpawnPoolWorker-699| 2026-06-22 03:14:53,675,675 multiprocessing INFO child process calling self.run()
SpawnPoolWorker-698| 2026-06-22 03:14:53,747,747 multiprocessing INFO STARTING NEW RUN ==========
SpawnPoolWorker-698| 2026-06-22 03:14:53,747,747 multiprocessing INFO SEE LOG AT : ./logs/all_Lyapunov_test_dso-fn_d_all_l_01_log.txt
SpawnPoolWorker-698| 2026-06-22 03:14:53,747,747 multiprocessing INFO See log at : ./logs/all_Lyapunov_test_dso-fn_d_all_l_01_log.txt
SpawnPoolWorker-698| 2026-06-22 03:14:53,750,750 multiprocessing INFO child process calling self.run()
SpawnPoolWorker-701| 2026-06-22 03:14:53,820,820 multiprocessing INFO STARTING NEW RUN ==========
SpawnPoolWorker-701| 2026-06-22 03:14:53,820,820 multiprocessing INFO SEE LOG AT : ./logs/all_Lyapunov_test_dso-fn_d_all_l_01_log.txt
SpawnPoolWorker-701| 2026-06-22 03:14:53,820,820 multiprocessing INFO See log at : ./logs/all_Lyapunov_test_dso-fn_d_all_l_01_log.txt
SpawnPoolWorker-695| 2026-06-22 03:14:53,822,822 multiprocessing INFO STARTING NEW RUN ==========
SpawnPoolWorker-695| 2026-06-22 03:14:53,822,822 multiprocessing INFO SEE LOG AT : ./logs/all_Lyapunov_test_dso-fn_d_all_l_01_log.txt
SpawnPoolWorker-695| 2026-06-22 03:14:53,822,822 multiprocessing INFO See log at : ./logs/all_Lyapunov_test_dso-fn_d_all_l_01_log.txt
SpawnPoolWorker-694| 2026-06-22 03:14:53,824,824 multiprocessing INFO STARTING NEW RUN ==========
SpawnPoolWorker-694| 2026-06-22 03:14:53,824,824 multiprocessing INFO SEE LOG AT : ./logs/all_Lyapunov_test_dso-fn_d_all_l_01_log.txt
SpawnPoolWorker-694| 2026-06-22 03:14:53,825,825 multiprocessing INFO See log at : ./logs/all_Lyapunov_test_dso-fn_d_all_l_01_log.txt
SpawnPoolWorker-694| 2026-06-22 03:14:53,827,827 multiprocessing INFO child process calling self.run()
SpawnPoolWorker-701| 2026-06-22 03:14:53,828,828 multiprocessing INFO child process calling self.run()
SpawnPoolWorker-695| 2026-06-22 03:14:53,830,830 multiprocessing INFO child process calling self.run()
SpawnPoolWorker-705| 2026-06-22 03:14:53,873,873 multiprocessing INFO STARTING NEW RUN ==========
SpawnPoolWorker-705| 2026-06-22 03:14:53,873,873 multiprocessing INFO SEE LOG AT : ./logs/all_Lyapunov_test_dso-fn_d_all_l_01_log.txt
SpawnPoolWorker-705| 2026-06-22 03:14:53,873,873 multiprocessing INFO See log at : ./logs/all_Lyapunov_test_dso-fn_d_all_l_01_log.txt
SpawnPoolWorker-705| 2026-06-22 03:14:53,877,877 multiprocessing INFO child process calling self.run()
SpawnPoolWorker-713| 2026-06-22 03:14:54,071,71 multiprocessing INFO STARTING NEW RUN ==========
SpawnPoolWorker-713| 2026-06-22 03:14:54,071,71 multiprocessing INFO SEE LOG AT : ./logs/all_Lyapunov_test_dso-fn_d_all_l_01_log.txt
SpawnPoolWorker-713| 2026-06-22 03:14:54,071,71 multiprocessing INFO See log at : ./logs/all_Lyapunov_test_dso-fn_d_all_l_01_log.txt
SpawnPoolWorker-713| 2026-06-22 03:14:54,073,73 multiprocessing INFO child process calling self.run()
SpawnPoolWorker-710| 2026-06-22 03:14:54,165,165 multiprocessing INFO STARTING NEW RUN ==========
SpawnPoolWorker-696| 2026-06-22 03:14:54,165,165 multiprocessing INFO STARTING NEW RUN ==========
SpawnPoolWorker-710| 2026-06-22 03:14:54,165,165 multiprocessing INFO SEE LOG AT : ./logs/all_Lyapunov_test_dso-fn_d_all_l_01_log.txt
SpawnPoolWorker-696| 2026-06-22 03:14:54,165,165 multiprocessing INFO SEE LOG AT : ./logs/all_Lyapunov_test_dso-fn_d_all_l_01_log.txt
SpawnPoolWorker-710| 2026-06-22 03:14:54,165,165 multiprocessing INFO See log at : ./logs/all_Lyapunov_test_dso-fn_d_all_l_01_log.txt
SpawnPoolWorker-696| 2026-06-22 03:14:54,165,165 multiprocessing INFO See log at : ./logs/all_Lyapunov_test_dso-fn_d_all_l_01_log.txt
SpawnPoolWorker-710| 2026-06-22 03:14:54,167,167 multiprocessing INFO child process calling self.run()
SpawnPoolWorker-696| 2026-06-22 03:14:54,167,167 multiprocessing INFO child process calling self.run()
SpawnPoolWorker-708| 2026-06-22 03:14:54,360,360 multiprocessing INFO STARTING NEW RUN ==========
SpawnPoolWorker-708| 2026-06-22 03:14:54,360,360 multiprocessing INFO SEE LOG AT : ./logs/all_Lyapunov_test_dso-fn_d_all_l_01_log.txt
SpawnPoolWorker-708| 2026-06-22 03:14:54,360,360 multiprocessing INFO See log at : ./logs/all_Lyapunov_test_dso-fn_d_all_l_01_log.txt
SpawnPoolWorker-708| 2026-06-22 03:14:54,365,365 multiprocessing INFO child process calling self.run()
SpawnPoolWorker-709| 2026-06-22 03:14:54,408,408 multiprocessing INFO STARTING NEW RUN ==========
SpawnPoolWorker-709| 2026-06-22 03:14:54,408,408 multiprocessing INFO SEE LOG AT : ./logs/all_Lyapunov_test_dso-fn_d_all_l_01_log.txt
SpawnPoolWorker-709| 2026-06-22 03:14:54,408,408 multiprocessing INFO See log at : ./logs/all_Lyapunov_test_dso-fn_d_all_l_01_log.txt
SpawnPoolWorker-709| 2026-06-22 03:14:54,412,412 multiprocessing INFO child process calling self.run()
SpawnPoolWorker-703| 2026-06-22 03:14:54,645,645 multiprocessing INFO STARTING NEW RUN ==========
SpawnPoolWorker-703| 2026-06-22 03:14:54,645,645 multiprocessing INFO SEE LOG AT : ./logs/all_Lyapunov_test_dso-fn_d_all_l_01_log.txt
SpawnPoolWorker-703| 2026-06-22 03:14:54,645,645 multiprocessing INFO See log at : ./logs/all_Lyapunov_test_dso-fn_d_all_l_01_log.txt
SpawnPoolWorker-711| 2026-06-22 03:14:54,646,646 multiprocessing INFO STARTING NEW RUN ==========
SpawnPoolWorker-711| 2026-06-22 03:14:54,646,646 multiprocessing INFO SEE LOG AT : ./logs/all_Lyapunov_test_dso-fn_d_all_l_01_log.txt
SpawnPoolWorker-711| 2026-06-22 03:14:54,646,646 multiprocessing INFO See log at : ./logs/all_Lyapunov_test_dso-fn_d_all_l_01_log.txt
SpawnPoolWorker-703| 2026-06-22 03:14:54,649,649 multiprocessing INFO child process calling self.run()
SpawnPoolWorker-711| 2026-06-22 03:14:54,650,650 multiprocessing INFO child process calling self.run()
SpawnPoolWorker-714| 2026-06-22 03:14:54,949,949 multiprocessing INFO STARTING NEW RUN ==========
SpawnPoolWorker-714| 2026-06-22 03:14:54,949,949 multiprocessing INFO SEE LOG AT : ./logs/all_Lyapunov_test_dso-fn_d_all_l_01_log.txt
SpawnPoolWorker-714| 2026-06-22 03:14:54,949,949 multiprocessing INFO See log at : ./logs/all_Lyapunov_test_dso-fn_d_all_l_01_log.txt
SpawnPoolWorker-714| 2026-06-22 03:14:54,954,954 multiprocessing INFO child process calling self.run()
SpawnPoolWorker-707| 2026-06-22 03:14:55,070,70 multiprocessing INFO STARTING NEW RUN ==========
SpawnPoolWorker-707| 2026-06-22 03:14:55,070,70 multiprocessing INFO SEE LOG AT : ./logs/all_Lyapunov_test_dso-fn_d_all_l_01_log.txt
SpawnPoolWorker-707| 2026-06-22 03:14:55,070,70 multiprocessing INFO See log at : ./logs/all_Lyapunov_test_dso-fn_d_all_l_01_log.txt
SpawnPoolWorker-707| 2026-06-22 03:14:55,080,80 multiprocessing INFO child process calling self.run()
SpawnPoolWorker-706| 2026-06-22 03:14:55,279,279 multiprocessing INFO STARTING NEW RUN ==========
SpawnPoolWorker-706| 2026-06-22 03:14:55,279,279 multiprocessing INFO SEE LOG AT : ./logs/all_Lyapunov_test_dso-fn_d_all_l_01_log.txt
SpawnPoolWorker-706| 2026-06-22 03:14:55,279,279 multiprocessing INFO See log at : ./logs/all_Lyapunov_test_dso-fn_d_all_l_01_log.txt
SpawnPoolWorker-706| 2026-06-22 03:14:55,286,286 multiprocessing INFO child process calling self.run()
SpawnPoolWorker-704| 2026-06-22 03:14:55,468,468 multiprocessing INFO STARTING NEW RUN ==========
SpawnPoolWorker-704| 2026-06-22 03:14:55,468,468 multiprocessing INFO SEE LOG AT : ./logs/all_Lyapunov_test_dso-fn_d_all_l_01_log.txt
SpawnPoolWorker-704| 2026-06-22 03:14:55,468,468 multiprocessing INFO See log at : ./logs/all_Lyapunov_test_dso-fn_d_all_l_01_log.txt
SpawnPoolWorker-704| 2026-06-22 03:14:55,470,470 multiprocessing INFO child process calling self.run()
SpawnPoolWorker-712| 2026-06-22 03:14:55,504,504 multiprocessing INFO STARTING NEW RUN ==========
SpawnPoolWorker-712| 2026-06-22 03:14:55,504,504 multiprocessing INFO SEE LOG AT : ./logs/all_Lyapunov_test_dso-fn_d_all_l_01_log.txt
SpawnPoolWorker-712| 2026-06-22 03:14:55,504,504 multiprocessing INFO See log at : ./logs/all_Lyapunov_test_dso-fn_d_all_l_01_log.txt
SpawnPoolWorker-712| 2026-06-22 03:14:55,518,518 multiprocessing INFO child process calling self.run()
SpawnPoolWorker-704| 2026-06-22 03:21:42,408,408 multiprocessing INFO process shutting down
SpawnPoolWorker-692| 2026-06-22 03:21:42,409,409 multiprocessing INFO process shutting down
SpawnPoolWorker-700| 2026-06-22 03:21:42,409,409 multiprocessing INFO process shutting down
SpawnPoolWorker-696| 2026-06-22 03:21:42,409,409 multiprocessing INFO process shutting down
SpawnPoolWorker-713| 2026-06-22 03:21:42,409,409 multiprocessing INFO process shutting down
SpawnPoolWorker-708| 2026-06-22 03:21:42,409,409 multiprocessing INFO process shutting down
SpawnPoolWorker-705| 2026-06-22 03:21:42,409,409 multiprocessing INFO process shutting down
SpawnPoolWorker-698| 2026-06-22 03:21:42,409,409 multiprocessing INFO process shutting down
SpawnPoolWorker-696| 2026-06-22 03:21:42,409,409 multiprocessing INFO process exiting with exitcode 0
SpawnPoolWorker-708| 2026-06-22 03:21:42,409,409 multiprocessing INFO process exiting with exitcode 0
SpawnPoolWorker-704| 2026-06-22 03:21:42,409,409 multiprocessing INFO process exiting with exitcode 0
SpawnPoolWorker-713| 2026-06-22 03:21:42,409,409 multiprocessing INFO process exiting with exitcode 0
SpawnPoolWorker-705| 2026-06-22 03:21:42,409,409 multiprocessing INFO process exiting with exitcode 0
SpawnPoolWorker-692| 2026-06-22 03:21:42,409,409 multiprocessing INFO process exiting with exitcode 0
SpawnPoolWorker-700| 2026-06-22 03:21:42,409,409 multiprocessing INFO process exiting with exitcode 0
SpawnPoolWorker-698| 2026-06-22 03:21:42,410,410 multiprocessing INFO process exiting with exitcode 0
SpawnPoolWorker-699| 2026-06-22 03:21:42,408,408 multiprocessing INFO process shutting down
SpawnPoolWorker-693| 2026-06-22 03:21:42,409,409 multiprocessing INFO process shutting down
SpawnPoolWorker-712| 2026-06-22 03:21:42,409,409 multiprocessing INFO process shutting down
SpawnPoolWorker-702| 2026-06-22 03:21:42,409,409 multiprocessing INFO process shutting down
SpawnPoolWorker-695| 2026-06-22 03:21:42,410,410 multiprocessing INFO process shutting down
SpawnPoolWorker-714| 2026-06-22 03:21:42,410,410 multiprocessing INFO process shutting down
SpawnPoolWorker-709| 2026-06-22 03:21:42,410,410 multiprocessing INFO process shutting down
SpawnPoolWorker-707| 2026-06-22 03:21:42,410,410 multiprocessing INFO process shutting down
SpawnPoolWorker-703| 2026-06-22 03:21:42,410,410 multiprocessing INFO process shutting down
SpawnPoolWorker-697| 2026-06-22 03:21:42,410,410 multiprocessing INFO process shutting down
SpawnPoolWorker-710| 2026-06-22 03:21:42,410,410 multiprocessing INFO process shutting down
SpawnPoolWorker-701| 2026-06-22 03:21:42,410,410 multiprocessing INFO process shutting down
SpawnPoolWorker-706| 2026-06-22 03:21:42,411,411 multiprocessing INFO process shutting down
SpawnPoolWorker-711| 2026-06-22 03:21:42,411,411 multiprocessing INFO process shutting down
28
(100000, 9)
(100000,)
(100000, 9)
(100000,)

=======================Successfully Added (50000, 9) Counter Examples=======================


============None of the candidates fulfill the conditions. Training CONTINUES!=================

MainProcess| 2026-06-22 03:21:44,548,548 multiprocessing INFO 
============None of the candidates fulfill the conditions. Training CONTINUES!=================


============None of the candidates fulfill the conditions. Training CONTINUES!=================

(55, 171)
/users/9/chen8596/miniconda3/envs/alfd/lib/python3.9/site-packages/torch/nn/functional.py:4999: UserWarning: Support for mismatched key_padding_mask and attn_mask is deprecated. Use same type for both instead.
  warnings.warn(

==============Start Supervised Learning==============

MainProcess| 2026-06-22 03:21:48,480,480 multiprocessing INFO GP output mean: 0.922452450299301
GP output mean: 0.922452450299301
MainProcess| 2026-06-22 03:21:48,955,955 multiprocessing INFO GP output success rate: 0.0
GP output success rate: 0.0

==============End Supervised Learning==============

MainProcess| 2026-06-22 03:21:51,023,23 multiprocessing INFO [Test epoch=0021]  nevals=288962 	| train_loss=9960.04395 	| eqs_invalid %=0.00 	| r_best=0.97696 	| quantile=0.25536 	| r_quantile_mean=0.74803 	| r_raw_sum=41.43251 	|  r_raw_mean=0.72689 	| r2=nan 	| acc_iid=0.00000 	| acc_ood=0.00000 	| nmse_test=3.824727374849823e-09 	| true_equation_set_count=0 	| s/it=590.93869
[Test epoch=0021]  nevals=288962 	| train_loss=9960.04395 	| eqs_invalid %=0.00 	| r_best=0.97696 	| quantile=0.25536 	| r_quantile_mean=0.74803 	| r_raw_sum=41.43251 	|  r_raw_mean=0.72689 	| r2=nan 	| acc_iid=0.00000 	| acc_ood=0.00000 	| nmse_test=3.824727374849823e-09 	| true_equation_set_count=0 	| s/it=590.93869
MainProcess| 2026-06-22 03:24:36,119,119 multiprocessing INFO Genetic Porgramming Runtime 163.9086788999848
Genetic Porgramming Runtime 163.9086788999848

=========================PGD Collection Starts=========================

SpawnPoolWorker-722| 2026-06-22 03:24:41,321,321 multiprocessing INFO STARTING NEW RUN ==========
SpawnPoolWorker-722| 2026-06-22 03:24:41,321,321 multiprocessing INFO SEE LOG AT : ./logs/all_Lyapunov_test_dso-fn_d_all_l_01_log.txt
SpawnPoolWorker-722| 2026-06-22 03:24:41,321,321 multiprocessing INFO See log at : ./logs/all_Lyapunov_test_dso-fn_d_all_l_01_log.txt
SpawnPoolWorker-719| 2026-06-22 03:24:41,321,321 multiprocessing INFO STARTING NEW RUN ==========
SpawnPoolWorker-722| 2026-06-22 03:24:41,323,323 multiprocessing INFO child process calling self.run()
SpawnPoolWorker-719| 2026-06-22 03:24:41,323,323 multiprocessing INFO SEE LOG AT : ./logs/all_Lyapunov_test_dso-fn_d_all_l_01_log.txt
SpawnPoolWorker-724| 2026-06-22 03:24:41,323,323 multiprocessing INFO STARTING NEW RUN ==========
SpawnPoolWorker-718| 2026-06-22 03:24:41,323,323 multiprocessing INFO STARTING NEW RUN ==========
SpawnPoolWorker-721| 2026-06-22 03:24:41,323,323 multiprocessing INFO STARTING NEW RUN ==========
SpawnPoolWorker-720| 2026-06-22 03:24:41,323,323 multiprocessing INFO STARTING NEW RUN ==========
SpawnPoolWorker-715| 2026-06-22 03:24:41,323,323 multiprocessing INFO STARTING NEW RUN ==========
SpawnPoolWorker-724| 2026-06-22 03:24:41,323,323 multiprocessing INFO SEE LOG AT : ./logs/all_Lyapunov_test_dso-fn_d_all_l_01_log.txt
SpawnPoolWorker-718| 2026-06-22 03:24:41,323,323 multiprocessing INFO SEE LOG AT : ./logs/all_Lyapunov_test_dso-fn_d_all_l_01_log.txt
SpawnPoolWorker-721| 2026-06-22 03:24:41,324,324 multiprocessing INFO SEE LOG AT : ./logs/all_Lyapunov_test_dso-fn_d_all_l_01_log.txt
SpawnPoolWorker-720| 2026-06-22 03:24:41,324,324 multiprocessing INFO SEE LOG AT : ./logs/all_Lyapunov_test_dso-fn_d_all_l_01_log.txt
SpawnPoolWorker-715| 2026-06-22 03:24:41,324,324 multiprocessing INFO SEE LOG AT : ./logs/all_Lyapunov_test_dso-fn_d_all_l_01_log.txt
SpawnPoolWorker-724| 2026-06-22 03:24:41,324,324 multiprocessing INFO See log at : ./logs/all_Lyapunov_test_dso-fn_d_all_l_01_log.txt
SpawnPoolWorker-718| 2026-06-22 03:24:41,324,324 multiprocessing INFO See log at : ./logs/all_Lyapunov_test_dso-fn_d_all_l_01_log.txt
SpawnPoolWorker-721| 2026-06-22 03:24:41,324,324 multiprocessing INFO See log at : ./logs/all_Lyapunov_test_dso-fn_d_all_l_01_log.txt
SpawnPoolWorker-720| 2026-06-22 03:24:41,324,324 multiprocessing INFO See log at : ./logs/all_Lyapunov_test_dso-fn_d_all_l_01_log.txt
SpawnPoolWorker-715| 2026-06-22 03:24:41,324,324 multiprocessing INFO See log at : ./logs/all_Lyapunov_test_dso-fn_d_all_l_01_log.txt
SpawnPoolWorker-719| 2026-06-22 03:24:41,324,324 multiprocessing INFO See log at : ./logs/all_Lyapunov_test_dso-fn_d_all_l_01_log.txt
SpawnPoolWorker-721| 2026-06-22 03:24:41,325,325 multiprocessing INFO child process calling self.run()
SpawnPoolWorker-715| 2026-06-22 03:24:41,325,325 multiprocessing INFO child process calling self.run()
SpawnPoolWorker-724| 2026-06-22 03:24:41,325,325 multiprocessing INFO child process calling self.run()
SpawnPoolWorker-720| 2026-06-22 03:24:41,325,325 multiprocessing INFO child process calling self.run()
SpawnPoolWorker-718| 2026-06-22 03:24:41,325,325 multiprocessing INFO child process calling self.run()
SpawnPoolWorker-719| 2026-06-22 03:24:41,326,326 multiprocessing INFO child process calling self.run()
SpawnPoolWorker-717| 2026-06-22 03:24:41,327,327 multiprocessing INFO STARTING NEW RUN ==========
SpawnPoolWorker-717| 2026-06-22 03:24:41,327,327 multiprocessing INFO SEE LOG AT : ./logs/all_Lyapunov_test_dso-fn_d_all_l_01_log.txt
SpawnPoolWorker-717| 2026-06-22 03:24:41,327,327 multiprocessing INFO See log at : ./logs/all_Lyapunov_test_dso-fn_d_all_l_01_log.txt
SpawnPoolWorker-717| 2026-06-22 03:24:41,328,328 multiprocessing INFO child process calling self.run()
SpawnPoolWorker-723| 2026-06-22 03:24:41,337,337 multiprocessing INFO STARTING NEW RUN ==========
SpawnPoolWorker-723| 2026-06-22 03:24:41,337,337 multiprocessing INFO SEE LOG AT : ./logs/all_Lyapunov_test_dso-fn_d_all_l_01_log.txt
SpawnPoolWorker-723| 2026-06-22 03:24:41,337,337 multiprocessing INFO See log at : ./logs/all_Lyapunov_test_dso-fn_d_all_l_01_log.txt
SpawnPoolWorker-723| 2026-06-22 03:24:41,345,345 multiprocessing INFO child process calling self.run()
SpawnPoolWorker-716| 2026-06-22 03:24:41,348,348 multiprocessing INFO STARTING NEW RUN ==========
SpawnPoolWorker-716| 2026-06-22 03:24:41,348,348 multiprocessing INFO SEE LOG AT : ./logs/all_Lyapunov_test_dso-fn_d_all_l_01_log.txt
SpawnPoolWorker-716| 2026-06-22 03:24:41,348,348 multiprocessing INFO See log at : ./logs/all_Lyapunov_test_dso-fn_d_all_l_01_log.txt
SpawnPoolWorker-716| 2026-06-22 03:24:41,356,356 multiprocessing INFO child process calling self.run()
SpawnPoolWorker-721| 2026-06-22 03:24:57,353,353 multiprocessing INFO process shutting down
SpawnPoolWorker-721| 2026-06-22 03:24:57,353,353 multiprocessing INFO process exiting with exitcode 0
SpawnPoolWorker-724| 2026-06-22 03:24:57,353,353 multiprocessing INFO process shutting down
SpawnPoolWorker-716| 2026-06-22 03:24:57,353,353 multiprocessing INFO process shutting down
SpawnPoolWorker-718| 2026-06-22 03:24:57,353,353 multiprocessing INFO process shutting down
SpawnPoolWorker-720| 2026-06-22 03:24:57,353,353 multiprocessing INFO process shutting down
SpawnPoolWorker-723| 2026-06-22 03:24:57,353,353 multiprocessing INFO process shutting down
SpawnPoolWorker-719| 2026-06-22 03:24:57,354,354 multiprocessing INFO process shutting down
SpawnPoolWorker-722| 2026-06-22 03:24:57,353,353 multiprocessing INFO process shutting down
SpawnPoolWorker-715| 2026-06-22 03:24:57,354,354 multiprocessing INFO process shutting down
(20000,)

===================Collect 20000 Examples===================

Epsilon 0.1
500
(550,)
(550,)
(55,)
Number of Programs for Minimization: 28
SpawnPoolWorker-727| 2026-06-22 03:25:13,130,130 multiprocessing INFO STARTING NEW RUN ==========
SpawnPoolWorker-727| 2026-06-22 03:25:13,130,130 multiprocessing INFO SEE LOG AT : ./logs/all_Lyapunov_test_dso-fn_d_all_l_01_log.txt
SpawnPoolWorker-727| 2026-06-22 03:25:13,130,130 multiprocessing INFO See log at : ./logs/all_Lyapunov_test_dso-fn_d_all_l_01_log.txt
SpawnPoolWorker-727| 2026-06-22 03:25:13,132,132 multiprocessing INFO child process calling self.run()
SpawnPoolWorker-730| 2026-06-22 03:25:13,310,310 multiprocessing INFO STARTING NEW RUN ==========
SpawnPoolWorker-730| 2026-06-22 03:25:13,310,310 multiprocessing INFO SEE LOG AT : ./logs/all_Lyapunov_test_dso-fn_d_all_l_01_log.txt
SpawnPoolWorker-730| 2026-06-22 03:25:13,310,310 multiprocessing INFO See log at : ./logs/all_Lyapunov_test_dso-fn_d_all_l_01_log.txt
SpawnPoolWorker-730| 2026-06-22 03:25:13,326,326 multiprocessing INFO child process calling self.run()
SpawnPoolWorker-728| 2026-06-22 03:25:13,438,438 multiprocessing INFO STARTING NEW RUN ==========
SpawnPoolWorker-728| 2026-06-22 03:25:13,438,438 multiprocessing INFO SEE LOG AT : ./logs/all_Lyapunov_test_dso-fn_d_all_l_01_log.txt
SpawnPoolWorker-728| 2026-06-22 03:25:13,438,438 multiprocessing INFO See log at : ./logs/all_Lyapunov_test_dso-fn_d_all_l_01_log.txt
SpawnPoolWorker-728| 2026-06-22 03:25:13,441,441 multiprocessing INFO child process calling self.run()
SpawnPoolWorker-731| 2026-06-22 03:25:13,555,555 multiprocessing INFO STARTING NEW RUN ==========
SpawnPoolWorker-731| 2026-06-22 03:25:13,555,555 multiprocessing INFO SEE LOG AT : ./logs/all_Lyapunov_test_dso-fn_d_all_l_01_log.txt
SpawnPoolWorker-731| 2026-06-22 03:25:13,555,555 multiprocessing INFO See log at : ./logs/all_Lyapunov_test_dso-fn_d_all_l_01_log.txt
SpawnPoolWorker-731| 2026-06-22 03:25:13,562,562 multiprocessing INFO child process calling self.run()
SpawnPoolWorker-726| 2026-06-22 03:25:13,705,705 multiprocessing INFO STARTING NEW RUN ==========
SpawnPoolWorker-726| 2026-06-22 03:25:13,705,705 multiprocessing INFO SEE LOG AT : ./logs/all_Lyapunov_test_dso-fn_d_all_l_01_log.txt
SpawnPoolWorker-726| 2026-06-22 03:25:13,705,705 multiprocessing INFO See log at : ./logs/all_Lyapunov_test_dso-fn_d_all_l_01_log.txt
SpawnPoolWorker-726| 2026-06-22 03:25:13,708,708 multiprocessing INFO child process calling self.run()
SpawnPoolWorker-737| 2026-06-22 03:25:13,741,741 multiprocessing INFO STARTING NEW RUN ==========
SpawnPoolWorker-737| 2026-06-22 03:25:13,741,741 multiprocessing INFO SEE LOG AT : ./logs/all_Lyapunov_test_dso-fn_d_all_l_01_log.txt
SpawnPoolWorker-737| 2026-06-22 03:25:13,741,741 multiprocessing INFO See log at : ./logs/all_Lyapunov_test_dso-fn_d_all_l_01_log.txt
SpawnPoolWorker-737| 2026-06-22 03:25:13,743,743 multiprocessing INFO child process calling self.run()
SpawnPoolWorker-745| 2026-06-22 03:25:13,806,806 multiprocessing INFO STARTING NEW RUN ==========
SpawnPoolWorker-745| 2026-06-22 03:25:13,806,806 multiprocessing INFO SEE LOG AT : ./logs/all_Lyapunov_test_dso-fn_d_all_l_01_log.txt
SpawnPoolWorker-745| 2026-06-22 03:25:13,806,806 multiprocessing INFO See log at : ./logs/all_Lyapunov_test_dso-fn_d_all_l_01_log.txt
SpawnPoolWorker-745| 2026-06-22 03:25:13,816,816 multiprocessing INFO child process calling self.run()
SpawnPoolWorker-729| 2026-06-22 03:25:14,017,17 multiprocessing INFO STARTING NEW RUN ==========
SpawnPoolWorker-729| 2026-06-22 03:25:14,017,17 multiprocessing INFO SEE LOG AT : ./logs/all_Lyapunov_test_dso-fn_d_all_l_01_log.txt
SpawnPoolWorker-729| 2026-06-22 03:25:14,017,17 multiprocessing INFO See log at : ./logs/all_Lyapunov_test_dso-fn_d_all_l_01_log.txt
SpawnPoolWorker-729| 2026-06-22 03:25:14,021,21 multiprocessing INFO child process calling self.run()
SpawnPoolWorker-725| 2026-06-22 03:25:14,184,184 multiprocessing INFO STARTING NEW RUN ==========
SpawnPoolWorker-725| 2026-06-22 03:25:14,184,184 multiprocessing INFO SEE LOG AT : ./logs/all_Lyapunov_test_dso-fn_d_all_l_01_log.txt
SpawnPoolWorker-725| 2026-06-22 03:25:14,184,184 multiprocessing INFO See log at : ./logs/all_Lyapunov_test_dso-fn_d_all_l_01_log.txt
SpawnPoolWorker-725| 2026-06-22 03:25:14,185,185 multiprocessing INFO child process calling self.run()
SpawnPoolWorker-738| 2026-06-22 03:25:14,289,289 multiprocessing INFO STARTING NEW RUN ==========
SpawnPoolWorker-738| 2026-06-22 03:25:14,289,289 multiprocessing INFO SEE LOG AT : ./logs/all_Lyapunov_test_dso-fn_d_all_l_01_log.txt
SpawnPoolWorker-738| 2026-06-22 03:25:14,289,289 multiprocessing INFO See log at : ./logs/all_Lyapunov_test_dso-fn_d_all_l_01_log.txt
SpawnPoolWorker-738| 2026-06-22 03:25:14,292,292 multiprocessing INFO child process calling self.run()
SpawnPoolWorker-744| 2026-06-22 03:25:14,472,472 multiprocessing INFO STARTING NEW RUN ==========
SpawnPoolWorker-744| 2026-06-22 03:25:14,472,472 multiprocessing INFO SEE LOG AT : ./logs/all_Lyapunov_test_dso-fn_d_all_l_01_log.txt
SpawnPoolWorker-744| 2026-06-22 03:25:14,472,472 multiprocessing INFO See log at : ./logs/all_Lyapunov_test_dso-fn_d_all_l_01_log.txt
SpawnPoolWorker-744| 2026-06-22 03:25:14,473,473 multiprocessing INFO child process calling self.run()
SpawnPoolWorker-743| 2026-06-22 03:25:14,594,594 multiprocessing INFO STARTING NEW RUN ==========
SpawnPoolWorker-743| 2026-06-22 03:25:14,594,594 multiprocessing INFO SEE LOG AT : ./logs/all_Lyapunov_test_dso-fn_d_all_l_01_log.txt
SpawnPoolWorker-743| 2026-06-22 03:25:14,594,594 multiprocessing INFO See log at : ./logs/all_Lyapunov_test_dso-fn_d_all_l_01_log.txt
SpawnPoolWorker-743| 2026-06-22 03:25:14,596,596 multiprocessing INFO child process calling self.run()
SpawnPoolWorker-741| 2026-06-22 03:25:14,668,668 multiprocessing INFO STARTING NEW RUN ==========
SpawnPoolWorker-741| 2026-06-22 03:25:14,668,668 multiprocessing INFO SEE LOG AT : ./logs/all_Lyapunov_test_dso-fn_d_all_l_01_log.txt
SpawnPoolWorker-741| 2026-06-22 03:25:14,668,668 multiprocessing INFO See log at : ./logs/all_Lyapunov_test_dso-fn_d_all_l_01_log.txt
SpawnPoolWorker-741| 2026-06-22 03:25:14,672,672 multiprocessing INFO child process calling self.run()
SpawnPoolWorker-746| 2026-06-22 03:25:14,709,709 multiprocessing INFO STARTING NEW RUN ==========
SpawnPoolWorker-746| 2026-06-22 03:25:14,709,709 multiprocessing INFO SEE LOG AT : ./logs/all_Lyapunov_test_dso-fn_d_all_l_01_log.txt
SpawnPoolWorker-746| 2026-06-22 03:25:14,709,709 multiprocessing INFO See log at : ./logs/all_Lyapunov_test_dso-fn_d_all_l_01_log.txt
SpawnPoolWorker-746| 2026-06-22 03:25:14,710,710 multiprocessing INFO child process calling self.run()
SpawnPoolWorker-732| 2026-06-22 03:25:14,712,712 multiprocessing INFO STARTING NEW RUN ==========
SpawnPoolWorker-732| 2026-06-22 03:25:14,712,712 multiprocessing INFO SEE LOG AT : ./logs/all_Lyapunov_test_dso-fn_d_all_l_01_log.txt
SpawnPoolWorker-732| 2026-06-22 03:25:14,713,713 multiprocessing INFO See log at : ./logs/all_Lyapunov_test_dso-fn_d_all_l_01_log.txt
SpawnPoolWorker-732| 2026-06-22 03:25:14,716,716 multiprocessing INFO child process calling self.run()
SpawnPoolWorker-739| 2026-06-22 03:25:14,796,796 multiprocessing INFO STARTING NEW RUN ==========
SpawnPoolWorker-739| 2026-06-22 03:25:14,796,796 multiprocessing INFO SEE LOG AT : ./logs/all_Lyapunov_test_dso-fn_d_all_l_01_log.txt
SpawnPoolWorker-739| 2026-06-22 03:25:14,796,796 multiprocessing INFO See log at : ./logs/all_Lyapunov_test_dso-fn_d_all_l_01_log.txt
SpawnPoolWorker-742| 2026-06-22 03:25:14,800,800 multiprocessing INFO STARTING NEW RUN ==========
SpawnPoolWorker-742| 2026-06-22 03:25:14,800,800 multiprocessing INFO SEE LOG AT : ./logs/all_Lyapunov_test_dso-fn_d_all_l_01_log.txt
SpawnPoolWorker-742| 2026-06-22 03:25:14,800,800 multiprocessing INFO See log at : ./logs/all_Lyapunov_test_dso-fn_d_all_l_01_log.txt
SpawnPoolWorker-739| 2026-06-22 03:25:14,802,802 multiprocessing INFO child process calling self.run()
SpawnPoolWorker-742| 2026-06-22 03:25:14,804,804 multiprocessing INFO child process calling self.run()
SpawnPoolWorker-736| 2026-06-22 03:25:14,822,822 multiprocessing INFO STARTING NEW RUN ==========
SpawnPoolWorker-736| 2026-06-22 03:25:14,823,823 multiprocessing INFO SEE LOG AT : ./logs/all_Lyapunov_test_dso-fn_d_all_l_01_log.txt
SpawnPoolWorker-736| 2026-06-22 03:25:14,823,823 multiprocessing INFO See log at : ./logs/all_Lyapunov_test_dso-fn_d_all_l_01_log.txt
SpawnPoolWorker-736| 2026-06-22 03:25:14,824,824 multiprocessing INFO child process calling self.run()
SpawnPoolWorker-735| 2026-06-22 03:25:14,983,983 multiprocessing INFO STARTING NEW RUN ==========
SpawnPoolWorker-735| 2026-06-22 03:25:14,983,983 multiprocessing INFO SEE LOG AT : ./logs/all_Lyapunov_test_dso-fn_d_all_l_01_log.txt
SpawnPoolWorker-735| 2026-06-22 03:25:14,983,983 multiprocessing INFO See log at : ./logs/all_Lyapunov_test_dso-fn_d_all_l_01_log.txt
SpawnPoolWorker-735| 2026-06-22 03:25:14,984,984 multiprocessing INFO child process calling self.run()
SpawnPoolWorker-740| 2026-06-22 03:25:15,132,132 multiprocessing INFO STARTING NEW RUN ==========
SpawnPoolWorker-740| 2026-06-22 03:25:15,132,132 multiprocessing INFO SEE LOG AT : ./logs/all_Lyapunov_test_dso-fn_d_all_l_01_log.txt
SpawnPoolWorker-740| 2026-06-22 03:25:15,132,132 multiprocessing INFO See log at : ./logs/all_Lyapunov_test_dso-fn_d_all_l_01_log.txt
SpawnPoolWorker-740| 2026-06-22 03:25:15,134,134 multiprocessing INFO child process calling self.run()
SpawnPoolWorker-747| 2026-06-22 03:25:15,209,209 multiprocessing INFO STARTING NEW RUN ==========
SpawnPoolWorker-747| 2026-06-22 03:25:15,210,210 multiprocessing INFO SEE LOG AT : ./logs/all_Lyapunov_test_dso-fn_d_all_l_01_log.txt
SpawnPoolWorker-747| 2026-06-22 03:25:15,210,210 multiprocessing INFO See log at : ./logs/all_Lyapunov_test_dso-fn_d_all_l_01_log.txt
SpawnPoolWorker-747| 2026-06-22 03:25:15,228,228 multiprocessing INFO child process calling self.run()
SpawnPoolWorker-734| 2026-06-22 03:25:15,242,242 multiprocessing INFO STARTING NEW RUN ==========
SpawnPoolWorker-734| 2026-06-22 03:25:15,243,243 multiprocessing INFO SEE LOG AT : ./logs/all_Lyapunov_test_dso-fn_d_all_l_01_log.txt
SpawnPoolWorker-734| 2026-06-22 03:25:15,243,243 multiprocessing INFO See log at : ./logs/all_Lyapunov_test_dso-fn_d_all_l_01_log.txt
SpawnPoolWorker-734| 2026-06-22 03:25:15,249,249 multiprocessing INFO child process calling self.run()
SpawnPoolWorker-733| 2026-06-22 03:25:15,306,306 multiprocessing INFO STARTING NEW RUN ==========
SpawnPoolWorker-733| 2026-06-22 03:25:15,306,306 multiprocessing INFO SEE LOG AT : ./logs/all_Lyapunov_test_dso-fn_d_all_l_01_log.txt
SpawnPoolWorker-733| 2026-06-22 03:25:15,306,306 multiprocessing INFO See log at : ./logs/all_Lyapunov_test_dso-fn_d_all_l_01_log.txt
SpawnPoolWorker-733| 2026-06-22 03:25:15,307,307 multiprocessing INFO child process calling self.run()
SpawnPoolWorker-748| 2026-06-22 03:25:15,388,388 multiprocessing INFO STARTING NEW RUN ==========
SpawnPoolWorker-748| 2026-06-22 03:25:15,388,388 multiprocessing INFO SEE LOG AT : ./logs/all_Lyapunov_test_dso-fn_d_all_l_01_log.txt
SpawnPoolWorker-748| 2026-06-22 03:25:15,388,388 multiprocessing INFO See log at : ./logs/all_Lyapunov_test_dso-fn_d_all_l_01_log.txt
SpawnPoolWorker-748| 2026-06-22 03:25:15,398,398 multiprocessing INFO child process calling self.run()
SpawnPoolWorker-735| 2026-06-22 03:31:58,138,138 multiprocessing INFO process shutting down
SpawnPoolWorker-726| 2026-06-22 03:31:58,138,138 multiprocessing INFO process shutting down
SpawnPoolWorker-727| 2026-06-22 03:31:58,139,139 multiprocessing INFO process shutting down
SpawnPoolWorker-732| 2026-06-22 03:31:58,138,138 multiprocessing INFO process shutting down
SpawnPoolWorker-740| 2026-06-22 03:31:58,139,139 multiprocessing INFO process shutting down
SpawnPoolWorker-743| 2026-06-22 03:31:58,139,139 multiprocessing INFO process shutting down
SpawnPoolWorker-742| 2026-06-22 03:31:58,138,138 multiprocessing INFO process shutting down
SpawnPoolWorker-738| 2026-06-22 03:31:58,139,139 multiprocessing INFO process shutting down
SpawnPoolWorker-733| 2026-06-22 03:31:58,138,138 multiprocessing INFO process shutting down
SpawnPoolWorker-739| 2026-06-22 03:31:58,139,139 multiprocessing INFO process shutting down
SpawnPoolWorker-729| 2026-06-22 03:31:58,139,139 multiprocessing INFO process shutting down
SpawnPoolWorker-731| 2026-06-22 03:31:58,139,139 multiprocessing INFO process shutting down
SpawnPoolWorker-747| 2026-06-22 03:31:58,139,139 multiprocessing INFO process shutting down
SpawnPoolWorker-745| 2026-06-22 03:31:58,139,139 multiprocessing INFO process shutting down
SpawnPoolWorker-737| 2026-06-22 03:31:58,139,139 multiprocessing INFO process shutting down
SpawnPoolWorker-728| 2026-06-22 03:31:58,140,140 multiprocessing INFO process shutting down
SpawnPoolWorker-734| 2026-06-22 03:31:58,139,139 multiprocessing INFO process shutting down
SpawnPoolWorker-741| 2026-06-22 03:31:58,139,139 multiprocessing INFO process shutting down
SpawnPoolWorker-729| 2026-06-22 03:31:58,140,140 multiprocessing INFO process exiting with exitcode 0
SpawnPoolWorker-732| 2026-06-22 03:31:58,140,140 multiprocessing INFO process exiting with exitcode 0
SpawnPoolWorker-733| 2026-06-22 03:31:58,140,140 multiprocessing INFO process exiting with exitcode 0
SpawnPoolWorker-743| 2026-06-22 03:31:58,140,140 multiprocessing INFO process exiting with exitcode 0
SpawnPoolWorker-730| 2026-06-22 03:31:58,140,140 multiprocessing INFO process shutting down
SpawnPoolWorker-740| 2026-06-22 03:31:58,140,140 multiprocessing INFO process exiting with exitcode 0
SpawnPoolWorker-737| 2026-06-22 03:31:58,140,140 multiprocessing INFO process exiting with exitcode 0
SpawnPoolWorker-747| 2026-06-22 03:31:58,141,141 multiprocessing INFO process exiting with exitcode 0
28
(100000, 9)
(100000,)
(100000, 9)
(100000,)

=======================Successfully Added (50000, 9) Counter Examples=======================


============None of the candidates fulfill the conditions. Training CONTINUES!=================

MainProcess| 2026-06-22 03:32:00,285,285 multiprocessing INFO 
============None of the candidates fulfill the conditions. Training CONTINUES!=================


============None of the candidates fulfill the conditions. Training CONTINUES!=================

(55, 171)
/users/9/chen8596/miniconda3/envs/alfd/lib/python3.9/site-packages/torch/nn/functional.py:4999: UserWarning: Support for mismatched key_padding_mask and attn_mask is deprecated. Use same type for both instead.
  warnings.warn(

==============Start Supervised Learning==============

MainProcess| 2026-06-22 03:32:04,190,190 multiprocessing INFO GP output mean: 0.6986178904540988
GP output mean: 0.6986178904540988
MainProcess| 2026-06-22 03:32:04,659,659 multiprocessing INFO GP output success rate: 0.0
GP output success rate: 0.0

==============End Supervised Learning==============

MainProcess| 2026-06-22 03:32:06,745,745 multiprocessing INFO [Test epoch=0022]  nevals=302681 	| train_loss=11657.29297 	| eqs_invalid %=0.00 	| r_best=0.97696 	| quantile=0.00081 	| r_quantile_mean=0.56056 	| r_raw_sum=30.83084 	|  r_raw_mean=0.56056 	| r2=nan 	| acc_iid=0.00000 	| acc_ood=0.00000 	| nmse_test=3.824727374849823e-09 	| true_equation_set_count=0 	| s/it=615.72269
[Test epoch=0022]  nevals=302681 	| train_loss=11657.29297 	| eqs_invalid %=0.00 	| r_best=0.97696 	| quantile=0.00081 	| r_quantile_mean=0.56056 	| r_raw_sum=30.83084 	|  r_raw_mean=0.56056 	| r2=nan 	| acc_iid=0.00000 	| acc_ood=0.00000 	| nmse_test=3.824727374849823e-09 	| true_equation_set_count=0 	| s/it=615.72269
MainProcess| 2026-06-22 03:36:07,527,527 multiprocessing INFO Genetic Porgramming Runtime 239.5865777200088
Genetic Porgramming Runtime 239.5865777200088

=========================PGD Collection Starts=========================

SpawnPoolWorker-753| 2026-06-22 03:36:13,086,86 multiprocessing INFO STARTING NEW RUN ==========
SpawnPoolWorker-753| 2026-06-22 03:36:13,086,86 multiprocessing INFO SEE LOG AT : ./logs/all_Lyapunov_test_dso-fn_d_all_l_01_log.txt
SpawnPoolWorker-753| 2026-06-22 03:36:13,086,86 multiprocessing INFO See log at : ./logs/all_Lyapunov_test_dso-fn_d_all_l_01_log.txt
SpawnPoolWorker-756| 2026-06-22 03:36:13,086,86 multiprocessing INFO STARTING NEW RUN ==========
SpawnPoolWorker-756| 2026-06-22 03:36:13,087,87 multiprocessing INFO SEE LOG AT : ./logs/all_Lyapunov_test_dso-fn_d_all_l_01_log.txt
SpawnPoolWorker-756| 2026-06-22 03:36:13,087,87 multiprocessing INFO See log at : ./logs/all_Lyapunov_test_dso-fn_d_all_l_01_log.txt
SpawnPoolWorker-751| 2026-06-22 03:36:13,087,87 multiprocessing INFO STARTING NEW RUN ==========
SpawnPoolWorker-752| 2026-06-22 03:36:13,087,87 multiprocessing INFO STARTING NEW RUN ==========
SpawnPoolWorker-751| 2026-06-22 03:36:13,087,87 multiprocessing INFO SEE LOG AT : ./logs/all_Lyapunov_test_dso-fn_d_all_l_01_log.txt
SpawnPoolWorker-752| 2026-06-22 03:36:13,087,87 multiprocessing INFO SEE LOG AT : ./logs/all_Lyapunov_test_dso-fn_d_all_l_01_log.txt
SpawnPoolWorker-751| 2026-06-22 03:36:13,088,88 multiprocessing INFO See log at : ./logs/all_Lyapunov_test_dso-fn_d_all_l_01_log.txt
SpawnPoolWorker-752| 2026-06-22 03:36:13,088,88 multiprocessing INFO See log at : ./logs/all_Lyapunov_test_dso-fn_d_all_l_01_log.txt
SpawnPoolWorker-753| 2026-06-22 03:36:13,088,88 multiprocessing INFO child process calling self.run()
SpawnPoolWorker-756| 2026-06-22 03:36:13,089,89 multiprocessing INFO child process calling self.run()
SpawnPoolWorker-751| 2026-06-22 03:36:13,089,89 multiprocessing INFO child process calling self.run()
SpawnPoolWorker-752| 2026-06-22 03:36:13,089,89 multiprocessing INFO child process calling self.run()
SpawnPoolWorker-754| 2026-06-22 03:36:13,090,90 multiprocessing INFO STARTING NEW RUN ==========
SpawnPoolWorker-757| 2026-06-22 03:36:13,090,90 multiprocessing INFO STARTING NEW RUN ==========
SpawnPoolWorker-758| 2026-06-22 03:36:13,090,90 multiprocessing INFO STARTING NEW RUN ==========
SpawnPoolWorker-755| 2026-06-22 03:36:13,090,90 multiprocessing INFO STARTING NEW RUN ==========
SpawnPoolWorker-755| 2026-06-22 03:36:13,091,91 multiprocessing INFO SEE LOG AT : ./logs/all_Lyapunov_test_dso-fn_d_all_l_01_log.txt
SpawnPoolWorker-754| 2026-06-22 03:36:13,091,91 multiprocessing INFO SEE LOG AT : ./logs/all_Lyapunov_test_dso-fn_d_all_l_01_log.txt
SpawnPoolWorker-755| 2026-06-22 03:36:13,091,91 multiprocessing INFO See log at : ./logs/all_Lyapunov_test_dso-fn_d_all_l_01_log.txt
SpawnPoolWorker-757| 2026-06-22 03:36:13,091,91 multiprocessing INFO SEE LOG AT : ./logs/all_Lyapunov_test_dso-fn_d_all_l_01_log.txt
SpawnPoolWorker-758| 2026-06-22 03:36:13,091,91 multiprocessing INFO SEE LOG AT : ./logs/all_Lyapunov_test_dso-fn_d_all_l_01_log.txt
SpawnPoolWorker-754| 2026-06-22 03:36:13,091,91 multiprocessing INFO See log at : ./logs/all_Lyapunov_test_dso-fn_d_all_l_01_log.txt
SpawnPoolWorker-757| 2026-06-22 03:36:13,091,91 multiprocessing INFO See log at : ./logs/all_Lyapunov_test_dso-fn_d_all_l_01_log.txt
SpawnPoolWorker-758| 2026-06-22 03:36:13,091,91 multiprocessing INFO See log at : ./logs/all_Lyapunov_test_dso-fn_d_all_l_01_log.txt
SpawnPoolWorker-750| 2026-06-22 03:36:13,092,92 multiprocessing INFO STARTING NEW RUN ==========
SpawnPoolWorker-750| 2026-06-22 03:36:13,092,92 multiprocessing INFO SEE LOG AT : ./logs/all_Lyapunov_test_dso-fn_d_all_l_01_log.txt
SpawnPoolWorker-749| 2026-06-22 03:36:13,092,92 multiprocessing INFO STARTING NEW RUN ==========
SpawnPoolWorker-750| 2026-06-22 03:36:13,092,92 multiprocessing INFO See log at : ./logs/all_Lyapunov_test_dso-fn_d_all_l_01_log.txt
SpawnPoolWorker-749| 2026-06-22 03:36:13,092,92 multiprocessing INFO SEE LOG AT : ./logs/all_Lyapunov_test_dso-fn_d_all_l_01_log.txt
SpawnPoolWorker-749| 2026-06-22 03:36:13,092,92 multiprocessing INFO See log at : ./logs/all_Lyapunov_test_dso-fn_d_all_l_01_log.txt
SpawnPoolWorker-754| 2026-06-22 03:36:13,093,93 multiprocessing INFO child process calling self.run()
SpawnPoolWorker-757| 2026-06-22 03:36:13,093,93 multiprocessing INFO child process calling self.run()
SpawnPoolWorker-755| 2026-06-22 03:36:13,093,93 multiprocessing INFO child process calling self.run()
SpawnPoolWorker-758| 2026-06-22 03:36:13,093,93 multiprocessing INFO child process calling self.run()
SpawnPoolWorker-749| 2026-06-22 03:36:13,093,93 multiprocessing INFO child process calling self.run()
SpawnPoolWorker-750| 2026-06-22 03:36:13,093,93 multiprocessing INFO child process calling self.run()
SpawnPoolWorker-751| 2026-06-22 03:36:33,965,965 multiprocessing INFO process shutting down
SpawnPoolWorker-749| 2026-06-22 03:36:33,965,965 multiprocessing INFO process shutting down
SpawnPoolWorker-751| 2026-06-22 03:36:33,965,965 multiprocessing INFO process exiting with exitcode 0
SpawnPoolWorker-749| 2026-06-22 03:36:33,965,965 multiprocessing INFO process exiting with exitcode 0
SpawnPoolWorker-758| 2026-06-22 03:36:33,965,965 multiprocessing INFO process shutting down
SpawnPoolWorker-753| 2026-06-22 03:36:33,965,965 multiprocessing INFO process shutting down
SpawnPoolWorker-752| 2026-06-22 03:36:33,965,965 multiprocessing INFO process shutting down
SpawnPoolWorker-756| 2026-06-22 03:36:33,965,965 multiprocessing INFO process shutting down
(20000,)

===================Collect 20000 Examples===================

Epsilon 0.1
500
(550,)
(550,)
(55,)
Number of Programs for Minimization: 28
SpawnPoolWorker-762| 2026-06-22 03:36:57,362,362 multiprocessing INFO STARTING NEW RUN ==========
SpawnPoolWorker-762| 2026-06-22 03:36:57,363,363 multiprocessing INFO SEE LOG AT : ./logs/all_Lyapunov_test_dso-fn_d_all_l_01_log.txt
SpawnPoolWorker-762| 2026-06-22 03:36:57,363,363 multiprocessing INFO See log at : ./logs/all_Lyapunov_test_dso-fn_d_all_l_01_log.txt
SpawnPoolWorker-762| 2026-06-22 03:36:57,365,365 multiprocessing INFO child process calling self.run()
SpawnPoolWorker-766| 2026-06-22 03:36:57,484,484 multiprocessing INFO STARTING NEW RUN ==========
SpawnPoolWorker-766| 2026-06-22 03:36:57,484,484 multiprocessing INFO SEE LOG AT : ./logs/all_Lyapunov_test_dso-fn_d_all_l_01_log.txt
SpawnPoolWorker-766| 2026-06-22 03:36:57,484,484 multiprocessing INFO See log at : ./logs/all_Lyapunov_test_dso-fn_d_all_l_01_log.txt
SpawnPoolWorker-766| 2026-06-22 03:36:57,486,486 multiprocessing INFO child process calling self.run()
SpawnPoolWorker-760| 2026-06-22 03:36:57,742,742 multiprocessing INFO STARTING NEW RUN ==========
SpawnPoolWorker-760| 2026-06-22 03:36:57,742,742 multiprocessing INFO SEE LOG AT : ./logs/all_Lyapunov_test_dso-fn_d_all_l_01_log.txt
SpawnPoolWorker-760| 2026-06-22 03:36:57,742,742 multiprocessing INFO See log at : ./logs/all_Lyapunov_test_dso-fn_d_all_l_01_log.txt
SpawnPoolWorker-760| 2026-06-22 03:36:57,744,744 multiprocessing INFO child process calling self.run()
SpawnPoolWorker-765| 2026-06-22 03:36:58,004,4 multiprocessing INFO STARTING NEW RUN ==========
SpawnPoolWorker-765| 2026-06-22 03:36:58,004,4 multiprocessing INFO SEE LOG AT : ./logs/all_Lyapunov_test_dso-fn_d_all_l_01_log.txt
SpawnPoolWorker-765| 2026-06-22 03:36:58,004,4 multiprocessing INFO See log at : ./logs/all_Lyapunov_test_dso-fn_d_all_l_01_log.txt
SpawnPoolWorker-765| 2026-06-22 03:36:58,006,6 multiprocessing INFO child process calling self.run()
SpawnPoolWorker-772| 2026-06-22 03:36:58,224,224 multiprocessing INFO STARTING NEW RUN ==========
SpawnPoolWorker-772| 2026-06-22 03:36:58,224,224 multiprocessing INFO SEE LOG AT : ./logs/all_Lyapunov_test_dso-fn_d_all_l_01_log.txt
SpawnPoolWorker-772| 2026-06-22 03:36:58,224,224 multiprocessing INFO See log at : ./logs/all_Lyapunov_test_dso-fn_d_all_l_01_log.txt
SpawnPoolWorker-772| 2026-06-22 03:36:58,231,231 multiprocessing INFO child process calling self.run()
SpawnPoolWorker-771| 2026-06-22 03:36:58,250,250 multiprocessing INFO STARTING NEW RUN ==========
SpawnPoolWorker-771| 2026-06-22 03:36:58,250,250 multiprocessing INFO SEE LOG AT : ./logs/all_Lyapunov_test_dso-fn_d_all_l_01_log.txt
SpawnPoolWorker-771| 2026-06-22 03:36:58,250,250 multiprocessing INFO See log at : ./logs/all_Lyapunov_test_dso-fn_d_all_l_01_log.txt
SpawnPoolWorker-771| 2026-06-22 03:36:58,259,259 multiprocessing INFO child process calling self.run()
SpawnPoolWorker-761| 2026-06-22 03:36:58,295,295 multiprocessing INFO STARTING NEW RUN ==========
SpawnPoolWorker-761| 2026-06-22 03:36:58,295,295 multiprocessing INFO SEE LOG AT : ./logs/all_Lyapunov_test_dso-fn_d_all_l_01_log.txt
SpawnPoolWorker-761| 2026-06-22 03:36:58,295,295 multiprocessing INFO See log at : ./logs/all_Lyapunov_test_dso-fn_d_all_l_01_log.txt
SpawnPoolWorker-761| 2026-06-22 03:36:58,305,305 multiprocessing INFO child process calling self.run()
SpawnPoolWorker-767| 2026-06-22 03:36:58,375,375 multiprocessing INFO STARTING NEW RUN ==========
SpawnPoolWorker-767| 2026-06-22 03:36:58,375,375 multiprocessing INFO SEE LOG AT : ./logs/all_Lyapunov_test_dso-fn_d_all_l_01_log.txt
SpawnPoolWorker-767| 2026-06-22 03:36:58,375,375 multiprocessing INFO See log at : ./logs/all_Lyapunov_test_dso-fn_d_all_l_01_log.txt
SpawnPoolWorker-767| 2026-06-22 03:36:58,380,380 multiprocessing INFO child process calling self.run()
SpawnPoolWorker-779| 2026-06-22 03:36:58,453,453 multiprocessing INFO STARTING NEW RUN ==========
SpawnPoolWorker-779| 2026-06-22 03:36:58,453,453 multiprocessing INFO SEE LOG AT : ./logs/all_Lyapunov_test_dso-fn_d_all_l_01_log.txt
SpawnPoolWorker-779| 2026-06-22 03:36:58,453,453 multiprocessing INFO See log at : ./logs/all_Lyapunov_test_dso-fn_d_all_l_01_log.txt
SpawnPoolWorker-779| 2026-06-22 03:36:58,455,455 multiprocessing INFO child process calling self.run()
SpawnPoolWorker-781| 2026-06-22 03:36:58,495,495 multiprocessing INFO STARTING NEW RUN ==========
SpawnPoolWorker-781| 2026-06-22 03:36:58,495,495 multiprocessing INFO SEE LOG AT : ./logs/all_Lyapunov_test_dso-fn_d_all_l_01_log.txt
SpawnPoolWorker-781| 2026-06-22 03:36:58,495,495 multiprocessing INFO See log at : ./logs/all_Lyapunov_test_dso-fn_d_all_l_01_log.txt
SpawnPoolWorker-781| 2026-06-22 03:36:58,498,498 multiprocessing INFO child process calling self.run()
SpawnPoolWorker-763| 2026-06-22 03:36:58,583,583 multiprocessing INFO STARTING NEW RUN ==========
SpawnPoolWorker-763| 2026-06-22 03:36:58,583,583 multiprocessing INFO SEE LOG AT : ./logs/all_Lyapunov_test_dso-fn_d_all_l_01_log.txt
SpawnPoolWorker-763| 2026-06-22 03:36:58,583,583 multiprocessing INFO See log at : ./logs/all_Lyapunov_test_dso-fn_d_all_l_01_log.txt
SpawnPoolWorker-763| 2026-06-22 03:36:58,586,586 multiprocessing INFO child process calling self.run()
SpawnPoolWorker-777| 2026-06-22 03:36:58,731,731 multiprocessing INFO STARTING NEW RUN ==========
SpawnPoolWorker-777| 2026-06-22 03:36:58,731,731 multiprocessing INFO SEE LOG AT : ./logs/all_Lyapunov_test_dso-fn_d_all_l_01_log.txt
SpawnPoolWorker-777| 2026-06-22 03:36:58,731,731 multiprocessing INFO See log at : ./logs/all_Lyapunov_test_dso-fn_d_all_l_01_log.txt
SpawnPoolWorker-759| 2026-06-22 03:36:58,732,732 multiprocessing INFO STARTING NEW RUN ==========
SpawnPoolWorker-759| 2026-06-22 03:36:58,732,732 multiprocessing INFO SEE LOG AT : ./logs/all_Lyapunov_test_dso-fn_d_all_l_01_log.txt
SpawnPoolWorker-759| 2026-06-22 03:36:58,732,732 multiprocessing INFO See log at : ./logs/all_Lyapunov_test_dso-fn_d_all_l_01_log.txt
SpawnPoolWorker-777| 2026-06-22 03:36:58,734,734 multiprocessing INFO child process calling self.run()
SpawnPoolWorker-759| 2026-06-22 03:36:58,748,748 multiprocessing INFO child process calling self.run()
SpawnPoolWorker-773| 2026-06-22 03:36:59,076,76 multiprocessing INFO STARTING NEW RUN ==========
SpawnPoolWorker-773| 2026-06-22 03:36:59,076,76 multiprocessing INFO SEE LOG AT : ./logs/all_Lyapunov_test_dso-fn_d_all_l_01_log.txt
SpawnPoolWorker-773| 2026-06-22 03:36:59,076,76 multiprocessing INFO See log at : ./logs/all_Lyapunov_test_dso-fn_d_all_l_01_log.txt
SpawnPoolWorker-773| 2026-06-22 03:36:59,081,81 multiprocessing INFO child process calling self.run()
SpawnPoolWorker-764| 2026-06-22 03:36:59,195,195 multiprocessing INFO STARTING NEW RUN ==========
SpawnPoolWorker-764| 2026-06-22 03:36:59,195,195 multiprocessing INFO SEE LOG AT : ./logs/all_Lyapunov_test_dso-fn_d_all_l_01_log.txt
SpawnPoolWorker-764| 2026-06-22 03:36:59,195,195 multiprocessing INFO See log at : ./logs/all_Lyapunov_test_dso-fn_d_all_l_01_log.txt
SpawnPoolWorker-764| 2026-06-22 03:36:59,197,197 multiprocessing INFO child process calling self.run()
SpawnPoolWorker-776| 2026-06-22 03:36:59,199,199 multiprocessing INFO STARTING NEW RUN ==========
SpawnPoolWorker-776| 2026-06-22 03:36:59,199,199 multiprocessing INFO SEE LOG AT : ./logs/all_Lyapunov_test_dso-fn_d_all_l_01_log.txt
SpawnPoolWorker-776| 2026-06-22 03:36:59,199,199 multiprocessing INFO See log at : ./logs/all_Lyapunov_test_dso-fn_d_all_l_01_log.txt
SpawnPoolWorker-776| 2026-06-22 03:36:59,201,201 multiprocessing INFO child process calling self.run()
SpawnPoolWorker-769| 2026-06-22 03:36:59,305,305 multiprocessing INFO STARTING NEW RUN ==========
SpawnPoolWorker-769| 2026-06-22 03:36:59,305,305 multiprocessing INFO SEE LOG AT : ./logs/all_Lyapunov_test_dso-fn_d_all_l_01_log.txt
SpawnPoolWorker-769| 2026-06-22 03:36:59,305,305 multiprocessing INFO See log at : ./logs/all_Lyapunov_test_dso-fn_d_all_l_01_log.txt
SpawnPoolWorker-769| 2026-06-22 03:36:59,313,313 multiprocessing INFO child process calling self.run()
SpawnPoolWorker-782| 2026-06-22 03:36:59,565,565 multiprocessing INFO STARTING NEW RUN ==========
SpawnPoolWorker-782| 2026-06-22 03:36:59,565,565 multiprocessing INFO SEE LOG AT : ./logs/all_Lyapunov_test_dso-fn_d_all_l_01_log.txt
SpawnPoolWorker-782| 2026-06-22 03:36:59,566,566 multiprocessing INFO See log at : ./logs/all_Lyapunov_test_dso-fn_d_all_l_01_log.txt
SpawnPoolWorker-782| 2026-06-22 03:36:59,568,568 multiprocessing INFO child process calling self.run()
SpawnPoolWorker-775| 2026-06-22 03:36:59,641,641 multiprocessing INFO STARTING NEW RUN ==========
SpawnPoolWorker-775| 2026-06-22 03:36:59,641,641 multiprocessing INFO SEE LOG AT : ./logs/all_Lyapunov_test_dso-fn_d_all_l_01_log.txt
SpawnPoolWorker-775| 2026-06-22 03:36:59,641,641 multiprocessing INFO See log at : ./logs/all_Lyapunov_test_dso-fn_d_all_l_01_log.txt
SpawnPoolWorker-775| 2026-06-22 03:36:59,643,643 multiprocessing INFO child process calling self.run()
SpawnPoolWorker-778| 2026-06-22 03:36:59,644,644 multiprocessing INFO STARTING NEW RUN ==========
SpawnPoolWorker-778| 2026-06-22 03:36:59,644,644 multiprocessing INFO SEE LOG AT : ./logs/all_Lyapunov_test_dso-fn_d_all_l_01_log.txt
SpawnPoolWorker-778| 2026-06-22 03:36:59,644,644 multiprocessing INFO See log at : ./logs/all_Lyapunov_test_dso-fn_d_all_l_01_log.txt
SpawnPoolWorker-778| 2026-06-22 03:36:59,652,652 multiprocessing INFO child process calling self.run()
SpawnPoolWorker-770| 2026-06-22 03:36:59,659,659 multiprocessing INFO STARTING NEW RUN ==========
SpawnPoolWorker-770| 2026-06-22 03:36:59,659,659 multiprocessing INFO SEE LOG AT : ./logs/all_Lyapunov_test_dso-fn_d_all_l_01_log.txt
SpawnPoolWorker-770| 2026-06-22 03:36:59,659,659 multiprocessing INFO See log at : ./logs/all_Lyapunov_test_dso-fn_d_all_l_01_log.txt
SpawnPoolWorker-780| 2026-06-22 03:36:59,661,661 multiprocessing INFO STARTING NEW RUN ==========
SpawnPoolWorker-780| 2026-06-22 03:36:59,662,662 multiprocessing INFO SEE LOG AT : ./logs/all_Lyapunov_test_dso-fn_d_all_l_01_log.txt
SpawnPoolWorker-780| 2026-06-22 03:36:59,662,662 multiprocessing INFO See log at : ./logs/all_Lyapunov_test_dso-fn_d_all_l_01_log.txt
SpawnPoolWorker-770| 2026-06-22 03:36:59,666,666 multiprocessing INFO child process calling self.run()
SpawnPoolWorker-780| 2026-06-22 03:36:59,669,669 multiprocessing INFO child process calling self.run()
SpawnPoolWorker-768| 2026-06-22 03:36:59,827,827 multiprocessing INFO STARTING NEW RUN ==========
SpawnPoolWorker-768| 2026-06-22 03:36:59,827,827 multiprocessing INFO SEE LOG AT : ./logs/all_Lyapunov_test_dso-fn_d_all_l_01_log.txt
SpawnPoolWorker-768| 2026-06-22 03:36:59,827,827 multiprocessing INFO See log at : ./logs/all_Lyapunov_test_dso-fn_d_all_l_01_log.txt
SpawnPoolWorker-768| 2026-06-22 03:36:59,829,829 multiprocessing INFO child process calling self.run()
SpawnPoolWorker-774| 2026-06-22 03:37:00,150,150 multiprocessing INFO STARTING NEW RUN ==========
SpawnPoolWorker-774| 2026-06-22 03:37:00,150,150 multiprocessing INFO SEE LOG AT : ./logs/all_Lyapunov_test_dso-fn_d_all_l_01_log.txt
SpawnPoolWorker-774| 2026-06-22 03:37:00,150,150 multiprocessing INFO See log at : ./logs/all_Lyapunov_test_dso-fn_d_all_l_01_log.txt
SpawnPoolWorker-774| 2026-06-22 03:37:00,151,151 multiprocessing INFO child process calling self.run()
SpawnPoolWorker-772| 2026-06-22 03:44:35,148,148 multiprocessing INFO process shutting down
SpawnPoolWorker-775| 2026-06-22 03:44:35,148,148 multiprocessing INFO process shutting down
SpawnPoolWorker-769| 2026-06-22 03:44:35,148,148 multiprocessing INFO process shutting down
SpawnPoolWorker-777| 2026-06-22 03:44:35,148,148 multiprocessing INFO process shutting down
SpawnPoolWorker-763| 2026-06-22 03:44:35,148,148 multiprocessing INFO process shutting down
SpawnPoolWorker-773| 2026-06-22 03:44:35,148,148 multiprocessing INFO process shutting down
SpawnPoolWorker-764| 2026-06-22 03:44:35,149,149 multiprocessing INFO process shutting down
SpawnPoolWorker-771| 2026-06-22 03:44:35,149,149 multiprocessing INFO process shutting down
SpawnPoolWorker-781| 2026-06-22 03:44:35,149,149 multiprocessing INFO process shutting down
SpawnPoolWorker-759| 2026-06-22 03:44:35,149,149 multiprocessing INFO process shutting down
SpawnPoolWorker-781| 2026-06-22 03:44:35,149,149 multiprocessing INFO process exiting with exitcode 0
SpawnPoolWorker-775| 2026-06-22 03:44:35,149,149 multiprocessing INFO process exiting with exitcode 0
SpawnPoolWorker-772| 2026-06-22 03:44:35,149,149 multiprocessing INFO process exiting with exitcode 0
SpawnPoolWorker-769| 2026-06-22 03:44:35,149,149 multiprocessing INFO process exiting with exitcode 0
SpawnPoolWorker-759| 2026-06-22 03:44:35,149,149 multiprocessing INFO process exiting with exitcode 0
SpawnPoolWorker-779| 2026-06-22 03:44:35,149,149 multiprocessing INFO process shutting down
SpawnPoolWorker-770| 2026-06-22 03:44:35,149,149 multiprocessing INFO process shutting down
SpawnPoolWorker-768| 2026-06-22 03:44:35,149,149 multiprocessing INFO process shutting down
SpawnPoolWorker-767| 2026-06-22 03:44:35,149,149 multiprocessing INFO process shutting down
SpawnPoolWorker-778| 2026-06-22 03:44:35,150,150 multiprocessing INFO process shutting down
SpawnPoolWorker-776| 2026-06-22 03:44:35,150,150 multiprocessing INFO process shutting down
SpawnPoolWorker-774| 2026-06-22 03:44:35,150,150 multiprocessing INFO process shutting down
SpawnPoolWorker-782| 2026-06-22 03:44:35,150,150 multiprocessing INFO process shutting down
SpawnPoolWorker-780| 2026-06-22 03:44:35,150,150 multiprocessing INFO process shutting down
SpawnPoolWorker-761| 2026-06-22 03:44:35,150,150 multiprocessing INFO process shutting down
SpawnPoolWorker-766| 2026-06-22 03:44:35,150,150 multiprocessing INFO process shutting down
28
(100000, 9)
(100000,)
(100000, 9)
(100000,)

=======================Successfully Added (19370, 9) Counter Examples=======================


============None of the candidates fulfill the conditions. Training CONTINUES!=================

MainProcess| 2026-06-22 03:44:43,554,554 multiprocessing INFO 
============None of the candidates fulfill the conditions. Training CONTINUES!=================


============None of the candidates fulfill the conditions. Training CONTINUES!=================

(55, 171)
/users/9/chen8596/miniconda3/envs/alfd/lib/python3.9/site-packages/torch/nn/functional.py:4999: UserWarning: Support for mismatched key_padding_mask and attn_mask is deprecated. Use same type for both instead.
  warnings.warn(

==============Start Supervised Learning==============

MainProcess| 2026-06-22 03:45:02,766,766 multiprocessing INFO GP output mean: 0.9999991004933669
GP output mean: 0.9999991004933669
MainProcess| 2026-06-22 03:45:04,324,324 multiprocessing INFO GP output success rate: 0.0
GP output success rate: 0.0

==============End Supervised Learning==============

MainProcess| 2026-06-22 03:45:06,456,456 multiprocessing INFO [Test epoch=0023]  nevals=316435 	| train_loss=10896.75000 	| eqs_invalid %=0.00 	| r_best=0.97696 	| quantile=0.00001 	| r_quantile_mean=0.31766 	| r_raw_sum=17.47148 	|  r_raw_mean=0.31766 	| r2=nan 	| acc_iid=0.00000 	| acc_ood=0.00000 	| nmse_test=3.824727374849823e-09 	| true_equation_set_count=0 	| s/it=779.71022
[Test epoch=0023]  nevals=316435 	| train_loss=10896.75000 	| eqs_invalid %=0.00 	| r_best=0.97696 	| quantile=0.00001 	| r_quantile_mean=0.31766 	| r_raw_sum=17.47148 	|  r_raw_mean=0.31766 	| r2=nan 	| acc_iid=0.00000 	| acc_ood=0.00000 	| nmse_test=3.824727374849823e-09 	| true_equation_set_count=0 	| s/it=779.71022
MainProcess| 2026-06-22 03:48:05,414,414 multiprocessing INFO Genetic Porgramming Runtime 177.77123082592152
Genetic Porgramming Runtime 177.77123082592152

=========================PGD Collection Starts=========================

SpawnPoolWorker-783| 2026-06-22 03:48:10,745,745 multiprocessing INFO STARTING NEW RUN ==========
SpawnPoolWorker-783| 2026-06-22 03:48:10,745,745 multiprocessing INFO SEE LOG AT : ./logs/all_Lyapunov_test_dso-fn_d_all_l_01_log.txt
SpawnPoolWorker-783| 2026-06-22 03:48:10,745,745 multiprocessing INFO See log at : ./logs/all_Lyapunov_test_dso-fn_d_all_l_01_log.txt
SpawnPoolWorker-783| 2026-06-22 03:48:10,747,747 multiprocessing INFO child process calling self.run()
SpawnPoolWorker-791| 2026-06-22 03:48:10,749,749 multiprocessing INFO STARTING NEW RUN ==========
SpawnPoolWorker-790| 2026-06-22 03:48:10,749,749 multiprocessing INFO STARTING NEW RUN ==========
SpawnPoolWorker-792| 2026-06-22 03:48:10,749,749 multiprocessing INFO STARTING NEW RUN ==========
SpawnPoolWorker-785| 2026-06-22 03:48:10,749,749 multiprocessing INFO STARTING NEW RUN ==========
SpawnPoolWorker-791| 2026-06-22 03:48:10,749,749 multiprocessing INFO SEE LOG AT : ./logs/all_Lyapunov_test_dso-fn_d_all_l_01_log.txt
SpawnPoolWorker-790| 2026-06-22 03:48:10,749,749 multiprocessing INFO SEE LOG AT : ./logs/all_Lyapunov_test_dso-fn_d_all_l_01_log.txt
SpawnPoolWorker-792| 2026-06-22 03:48:10,749,749 multiprocessing INFO SEE LOG AT : ./logs/all_Lyapunov_test_dso-fn_d_all_l_01_log.txt
SpawnPoolWorker-791| 2026-06-22 03:48:10,749,749 multiprocessing INFO See log at : ./logs/all_Lyapunov_test_dso-fn_d_all_l_01_log.txt
SpawnPoolWorker-785| 2026-06-22 03:48:10,749,749 multiprocessing INFO SEE LOG AT : ./logs/all_Lyapunov_test_dso-fn_d_all_l_01_log.txt
SpawnPoolWorker-790| 2026-06-22 03:48:10,749,749 multiprocessing INFO See log at : ./logs/all_Lyapunov_test_dso-fn_d_all_l_01_log.txt
SpawnPoolWorker-792| 2026-06-22 03:48:10,749,749 multiprocessing INFO See log at : ./logs/all_Lyapunov_test_dso-fn_d_all_l_01_log.txt
SpawnPoolWorker-785| 2026-06-22 03:48:10,749,749 multiprocessing INFO See log at : ./logs/all_Lyapunov_test_dso-fn_d_all_l_01_log.txt
SpawnPoolWorker-790| 2026-06-22 03:48:10,751,751 multiprocessing INFO child process calling self.run()
SpawnPoolWorker-785| 2026-06-22 03:48:10,751,751 multiprocessing INFO child process calling self.run()
SpawnPoolWorker-791| 2026-06-22 03:48:10,751,751 multiprocessing INFO child process calling self.run()
SpawnPoolWorker-792| 2026-06-22 03:48:10,751,751 multiprocessing INFO child process calling self.run()
SpawnPoolWorker-787| 2026-06-22 03:48:10,756,756 multiprocessing INFO STARTING NEW RUN ==========
SpawnPoolWorker-789| 2026-06-22 03:48:10,756,756 multiprocessing INFO STARTING NEW RUN ==========
SpawnPoolWorker-786| 2026-06-22 03:48:10,756,756 multiprocessing INFO STARTING NEW RUN ==========
SpawnPoolWorker-788| 2026-06-22 03:48:10,756,756 multiprocessing INFO STARTING NEW RUN ==========
SpawnPoolWorker-787| 2026-06-22 03:48:10,756,756 multiprocessing INFO SEE LOG AT : ./logs/all_Lyapunov_test_dso-fn_d_all_l_01_log.txt
SpawnPoolWorker-789| 2026-06-22 03:48:10,756,756 multiprocessing INFO SEE LOG AT : ./logs/all_Lyapunov_test_dso-fn_d_all_l_01_log.txt
SpawnPoolWorker-786| 2026-06-22 03:48:10,756,756 multiprocessing INFO SEE LOG AT : ./logs/all_Lyapunov_test_dso-fn_d_all_l_01_log.txt
SpawnPoolWorker-788| 2026-06-22 03:48:10,756,756 multiprocessing INFO SEE LOG AT : ./logs/all_Lyapunov_test_dso-fn_d_all_l_01_log.txt
SpawnPoolWorker-787| 2026-06-22 03:48:10,756,756 multiprocessing INFO See log at : ./logs/all_Lyapunov_test_dso-fn_d_all_l_01_log.txt
SpawnPoolWorker-789| 2026-06-22 03:48:10,756,756 multiprocessing INFO See log at : ./logs/all_Lyapunov_test_dso-fn_d_all_l_01_log.txt
SpawnPoolWorker-786| 2026-06-22 03:48:10,756,756 multiprocessing INFO See log at : ./logs/all_Lyapunov_test_dso-fn_d_all_l_01_log.txt
SpawnPoolWorker-788| 2026-06-22 03:48:10,756,756 multiprocessing INFO See log at : ./logs/all_Lyapunov_test_dso-fn_d_all_l_01_log.txt
SpawnPoolWorker-784| 2026-06-22 03:48:10,757,757 multiprocessing INFO STARTING NEW RUN ==========
SpawnPoolWorker-784| 2026-06-22 03:48:10,757,757 multiprocessing INFO SEE LOG AT : ./logs/all_Lyapunov_test_dso-fn_d_all_l_01_log.txt
SpawnPoolWorker-784| 2026-06-22 03:48:10,757,757 multiprocessing INFO See log at : ./logs/all_Lyapunov_test_dso-fn_d_all_l_01_log.txt
SpawnPoolWorker-786| 2026-06-22 03:48:10,758,758 multiprocessing INFO child process calling self.run()
SpawnPoolWorker-789| 2026-06-22 03:48:10,758,758 multiprocessing INFO child process calling self.run()
SpawnPoolWorker-788| 2026-06-22 03:48:10,758,758 multiprocessing INFO child process calling self.run()
SpawnPoolWorker-784| 2026-06-22 03:48:10,758,758 multiprocessing INFO child process calling self.run()
SpawnPoolWorker-787| 2026-06-22 03:48:10,758,758 multiprocessing INFO child process calling self.run()
SpawnPoolWorker-789| 2026-06-22 03:48:26,483,483 multiprocessing INFO process shutting down
SpawnPoolWorker-784| 2026-06-22 03:48:26,483,483 multiprocessing INFO process shutting down
SpawnPoolWorker-791| 2026-06-22 03:48:26,483,483 multiprocessing INFO process shutting down
SpawnPoolWorker-786| 2026-06-22 03:48:26,484,484 multiprocessing INFO process shutting down
SpawnPoolWorker-784| 2026-06-22 03:48:26,484,484 multiprocessing INFO process exiting with exitcode 0
SpawnPoolWorker-789| 2026-06-22 03:48:26,484,484 multiprocessing INFO process exiting with exitcode 0
SpawnPoolWorker-791| 2026-06-22 03:48:26,484,484 multiprocessing INFO process exiting with exitcode 0
SpawnPoolWorker-786| 2026-06-22 03:48:26,484,484 multiprocessing INFO process exiting with exitcode 0
SpawnPoolWorker-785| 2026-06-22 03:48:26,484,484 multiprocessing INFO process shutting down
SpawnPoolWorker-790| 2026-06-22 03:48:26,484,484 multiprocessing INFO process shutting down
SpawnPoolWorker-792| 2026-06-22 03:48:26,484,484 multiprocessing INFO process shutting down
(20000,)

===================Collect 20000 Examples===================

Epsilon 0.1
500
(550,)
(550,)
(550,)
Number of Programs for Minimization: 28
SpawnPoolWorker-795| 2026-06-22 03:48:42,375,375 multiprocessing INFO STARTING NEW RUN ==========
SpawnPoolWorker-795| 2026-06-22 03:48:42,375,375 multiprocessing INFO SEE LOG AT : ./logs/all_Lyapunov_test_dso-fn_d_all_l_01_log.txt
SpawnPoolWorker-795| 2026-06-22 03:48:42,375,375 multiprocessing INFO See log at : ./logs/all_Lyapunov_test_dso-fn_d_all_l_01_log.txt
SpawnPoolWorker-795| 2026-06-22 03:48:42,377,377 multiprocessing INFO child process calling self.run()
SpawnPoolWorker-793| 2026-06-22 03:48:42,505,505 multiprocessing INFO STARTING NEW RUN ==========
SpawnPoolWorker-793| 2026-06-22 03:48:42,506,506 multiprocessing INFO SEE LOG AT : ./logs/all_Lyapunov_test_dso-fn_d_all_l_01_log.txt
SpawnPoolWorker-793| 2026-06-22 03:48:42,506,506 multiprocessing INFO See log at : ./logs/all_Lyapunov_test_dso-fn_d_all_l_01_log.txt
SpawnPoolWorker-793| 2026-06-22 03:48:42,509,509 multiprocessing INFO child process calling self.run()
SpawnPoolWorker-794| 2026-06-22 03:48:42,575,575 multiprocessing INFO STARTING NEW RUN ==========
SpawnPoolWorker-794| 2026-06-22 03:48:42,575,575 multiprocessing INFO SEE LOG AT : ./logs/all_Lyapunov_test_dso-fn_d_all_l_01_log.txt
SpawnPoolWorker-794| 2026-06-22 03:48:42,575,575 multiprocessing INFO See log at : ./logs/all_Lyapunov_test_dso-fn_d_all_l_01_log.txt
SpawnPoolWorker-794| 2026-06-22 03:48:42,581,581 multiprocessing INFO child process calling self.run()
SpawnPoolWorker-802| 2026-06-22 03:48:42,728,728 multiprocessing INFO STARTING NEW RUN ==========
SpawnPoolWorker-802| 2026-06-22 03:48:42,728,728 multiprocessing INFO SEE LOG AT : ./logs/all_Lyapunov_test_dso-fn_d_all_l_01_log.txt
SpawnPoolWorker-802| 2026-06-22 03:48:42,728,728 multiprocessing INFO See log at : ./logs/all_Lyapunov_test_dso-fn_d_all_l_01_log.txt
SpawnPoolWorker-802| 2026-06-22 03:48:42,733,733 multiprocessing INFO child process calling self.run()
SpawnPoolWorker-799| 2026-06-22 03:48:42,925,925 multiprocessing INFO STARTING NEW RUN ==========
SpawnPoolWorker-799| 2026-06-22 03:48:42,925,925 multiprocessing INFO SEE LOG AT : ./logs/all_Lyapunov_test_dso-fn_d_all_l_01_log.txt
SpawnPoolWorker-799| 2026-06-22 03:48:42,925,925 multiprocessing INFO See log at : ./logs/all_Lyapunov_test_dso-fn_d_all_l_01_log.txt
SpawnPoolWorker-799| 2026-06-22 03:48:42,934,934 multiprocessing INFO child process calling self.run()
SpawnPoolWorker-805| 2026-06-22 03:48:42,996,996 multiprocessing INFO STARTING NEW RUN ==========
SpawnPoolWorker-805| 2026-06-22 03:48:42,996,996 multiprocessing INFO SEE LOG AT : ./logs/all_Lyapunov_test_dso-fn_d_all_l_01_log.txt
SpawnPoolWorker-805| 2026-06-22 03:48:42,996,996 multiprocessing INFO See log at : ./logs/all_Lyapunov_test_dso-fn_d_all_l_01_log.txt
SpawnPoolWorker-805| 2026-06-22 03:48:42,999,999 multiprocessing INFO child process calling self.run()
SpawnPoolWorker-809| 2026-06-22 03:48:43,122,122 multiprocessing INFO STARTING NEW RUN ==========
SpawnPoolWorker-809| 2026-06-22 03:48:43,122,122 multiprocessing INFO SEE LOG AT : ./logs/all_Lyapunov_test_dso-fn_d_all_l_01_log.txt
SpawnPoolWorker-809| 2026-06-22 03:48:43,122,122 multiprocessing INFO See log at : ./logs/all_Lyapunov_test_dso-fn_d_all_l_01_log.txt
SpawnPoolWorker-809| 2026-06-22 03:48:43,126,126 multiprocessing INFO child process calling self.run()
SpawnPoolWorker-813| 2026-06-22 03:48:43,127,127 multiprocessing INFO STARTING NEW RUN ==========
SpawnPoolWorker-813| 2026-06-22 03:48:43,127,127 multiprocessing INFO SEE LOG AT : ./logs/all_Lyapunov_test_dso-fn_d_all_l_01_log.txt
SpawnPoolWorker-813| 2026-06-22 03:48:43,127,127 multiprocessing INFO See log at : ./logs/all_Lyapunov_test_dso-fn_d_all_l_01_log.txt
SpawnPoolWorker-813| 2026-06-22 03:48:43,129,129 multiprocessing INFO child process calling self.run()
SpawnPoolWorker-808| 2026-06-22 03:48:43,166,166 multiprocessing INFO STARTING NEW RUN ==========
SpawnPoolWorker-808| 2026-06-22 03:48:43,166,166 multiprocessing INFO SEE LOG AT : ./logs/all_Lyapunov_test_dso-fn_d_all_l_01_log.txt
SpawnPoolWorker-808| 2026-06-22 03:48:43,166,166 multiprocessing INFO See log at : ./logs/all_Lyapunov_test_dso-fn_d_all_l_01_log.txt
SpawnPoolWorker-808| 2026-06-22 03:48:43,174,174 multiprocessing INFO child process calling self.run()
SpawnPoolWorker-812| 2026-06-22 03:48:43,215,215 multiprocessing INFO STARTING NEW RUN ==========
SpawnPoolWorker-812| 2026-06-22 03:48:43,215,215 multiprocessing INFO SEE LOG AT : ./logs/all_Lyapunov_test_dso-fn_d_all_l_01_log.txt
SpawnPoolWorker-812| 2026-06-22 03:48:43,216,216 multiprocessing INFO See log at : ./logs/all_Lyapunov_test_dso-fn_d_all_l_01_log.txt
SpawnPoolWorker-812| 2026-06-22 03:48:43,222,222 multiprocessing INFO child process calling self.run()
SpawnPoolWorker-797| 2026-06-22 03:48:43,326,326 multiprocessing INFO STARTING NEW RUN ==========
SpawnPoolWorker-797| 2026-06-22 03:48:43,326,326 multiprocessing INFO SEE LOG AT : ./logs/all_Lyapunov_test_dso-fn_d_all_l_01_log.txt
SpawnPoolWorker-797| 2026-06-22 03:48:43,326,326 multiprocessing INFO See log at : ./logs/all_Lyapunov_test_dso-fn_d_all_l_01_log.txt
SpawnPoolWorker-797| 2026-06-22 03:48:43,335,335 multiprocessing INFO child process calling self.run()
SpawnPoolWorker-801| 2026-06-22 03:48:43,335,335 multiprocessing INFO STARTING NEW RUN ==========
SpawnPoolWorker-801| 2026-06-22 03:48:43,335,335 multiprocessing INFO SEE LOG AT : ./logs/all_Lyapunov_test_dso-fn_d_all_l_01_log.txt
SpawnPoolWorker-801| 2026-06-22 03:48:43,336,336 multiprocessing INFO See log at : ./logs/all_Lyapunov_test_dso-fn_d_all_l_01_log.txt
SpawnPoolWorker-801| 2026-06-22 03:48:43,341,341 multiprocessing INFO child process calling self.run()
SpawnPoolWorker-816| 2026-06-22 03:48:43,496,496 multiprocessing INFO STARTING NEW RUN ==========
SpawnPoolWorker-816| 2026-06-22 03:48:43,496,496 multiprocessing INFO SEE LOG AT : ./logs/all_Lyapunov_test_dso-fn_d_all_l_01_log.txt
SpawnPoolWorker-816| 2026-06-22 03:48:43,496,496 multiprocessing INFO See log at : ./logs/all_Lyapunov_test_dso-fn_d_all_l_01_log.txt
SpawnPoolWorker-816| 2026-06-22 03:48:43,503,503 multiprocessing INFO child process calling self.run()
SpawnPoolWorker-814| 2026-06-22 03:48:43,553,553 multiprocessing INFO STARTING NEW RUN ==========
SpawnPoolWorker-814| 2026-06-22 03:48:43,553,553 multiprocessing INFO SEE LOG AT : ./logs/all_Lyapunov_test_dso-fn_d_all_l_01_log.txt
SpawnPoolWorker-814| 2026-06-22 03:48:43,553,553 multiprocessing INFO See log at : ./logs/all_Lyapunov_test_dso-fn_d_all_l_01_log.txt
SpawnPoolWorker-814| 2026-06-22 03:48:43,556,556 multiprocessing INFO child process calling self.run()
SpawnPoolWorker-807| 2026-06-22 03:48:43,773,773 multiprocessing INFO STARTING NEW RUN ==========
SpawnPoolWorker-807| 2026-06-22 03:48:43,773,773 multiprocessing INFO SEE LOG AT : ./logs/all_Lyapunov_test_dso-fn_d_all_l_01_log.txt
SpawnPoolWorker-807| 2026-06-22 03:48:43,773,773 multiprocessing INFO See log at : ./logs/all_Lyapunov_test_dso-fn_d_all_l_01_log.txt
SpawnPoolWorker-807| 2026-06-22 03:48:43,779,779 multiprocessing INFO child process calling self.run()
SpawnPoolWorker-796| 2026-06-22 03:48:43,789,789 multiprocessing INFO STARTING NEW RUN ==========
SpawnPoolWorker-796| 2026-06-22 03:48:43,789,789 multiprocessing INFO SEE LOG AT : ./logs/all_Lyapunov_test_dso-fn_d_all_l_01_log.txt
SpawnPoolWorker-796| 2026-06-22 03:48:43,789,789 multiprocessing INFO See log at : ./logs/all_Lyapunov_test_dso-fn_d_all_l_01_log.txt
SpawnPoolWorker-796| 2026-06-22 03:48:43,793,793 multiprocessing INFO child process calling self.run()
SpawnPoolWorker-798| 2026-06-22 03:48:43,853,853 multiprocessing INFO STARTING NEW RUN ==========
SpawnPoolWorker-798| 2026-06-22 03:48:43,853,853 multiprocessing INFO SEE LOG AT : ./logs/all_Lyapunov_test_dso-fn_d_all_l_01_log.txt
SpawnPoolWorker-798| 2026-06-22 03:48:43,853,853 multiprocessing INFO See log at : ./logs/all_Lyapunov_test_dso-fn_d_all_l_01_log.txt
SpawnPoolWorker-800| 2026-06-22 03:48:43,859,859 multiprocessing INFO STARTING NEW RUN ==========
SpawnPoolWorker-800| 2026-06-22 03:48:43,859,859 multiprocessing INFO SEE LOG AT : ./logs/all_Lyapunov_test_dso-fn_d_all_l_01_log.txt
SpawnPoolWorker-800| 2026-06-22 03:48:43,859,859 multiprocessing INFO See log at : ./logs/all_Lyapunov_test_dso-fn_d_all_l_01_log.txt
SpawnPoolWorker-798| 2026-06-22 03:48:43,855,855 multiprocessing INFO child process calling self.run()
SpawnPoolWorker-800| 2026-06-22 03:48:43,861,861 multiprocessing INFO child process calling self.run()
SpawnPoolWorker-811| 2026-06-22 03:48:43,929,929 multiprocessing INFO STARTING NEW RUN ==========
SpawnPoolWorker-811| 2026-06-22 03:48:43,929,929 multiprocessing INFO SEE LOG AT : ./logs/all_Lyapunov_test_dso-fn_d_all_l_01_log.txt
SpawnPoolWorker-811| 2026-06-22 03:48:43,929,929 multiprocessing INFO See log at : ./logs/all_Lyapunov_test_dso-fn_d_all_l_01_log.txt
SpawnPoolWorker-803| 2026-06-22 03:48:43,935,935 multiprocessing INFO STARTING NEW RUN ==========
SpawnPoolWorker-811| 2026-06-22 03:48:43,935,935 multiprocessing INFO child process calling self.run()
SpawnPoolWorker-803| 2026-06-22 03:48:43,935,935 multiprocessing INFO SEE LOG AT : ./logs/all_Lyapunov_test_dso-fn_d_all_l_01_log.txt
SpawnPoolWorker-803| 2026-06-22 03:48:43,935,935 multiprocessing INFO See log at : ./logs/all_Lyapunov_test_dso-fn_d_all_l_01_log.txt
SpawnPoolWorker-804| 2026-06-22 03:48:43,938,938 multiprocessing INFO STARTING NEW RUN ==========
SpawnPoolWorker-804| 2026-06-22 03:48:43,938,938 multiprocessing INFO SEE LOG AT : ./logs/all_Lyapunov_test_dso-fn_d_all_l_01_log.txt
SpawnPoolWorker-804| 2026-06-22 03:48:43,938,938 multiprocessing INFO See log at : ./logs/all_Lyapunov_test_dso-fn_d_all_l_01_log.txt
SpawnPoolWorker-803| 2026-06-22 03:48:43,940,940 multiprocessing INFO child process calling self.run()
SpawnPoolWorker-804| 2026-06-22 03:48:43,945,945 multiprocessing INFO child process calling self.run()
SpawnPoolWorker-806| 2026-06-22 03:48:44,143,143 multiprocessing INFO STARTING NEW RUN ==========
SpawnPoolWorker-806| 2026-06-22 03:48:44,143,143 multiprocessing INFO SEE LOG AT : ./logs/all_Lyapunov_test_dso-fn_d_all_l_01_log.txt
SpawnPoolWorker-806| 2026-06-22 03:48:44,143,143 multiprocessing INFO See log at : ./logs/all_Lyapunov_test_dso-fn_d_all_l_01_log.txt
SpawnPoolWorker-806| 2026-06-22 03:48:44,147,147 multiprocessing INFO child process calling self.run()
SpawnPoolWorker-815| 2026-06-22 03:48:44,354,354 multiprocessing INFO STARTING NEW RUN ==========
SpawnPoolWorker-815| 2026-06-22 03:48:44,354,354 multiprocessing INFO SEE LOG AT : ./logs/all_Lyapunov_test_dso-fn_d_all_l_01_log.txt
SpawnPoolWorker-815| 2026-06-22 03:48:44,354,354 multiprocessing INFO See log at : ./logs/all_Lyapunov_test_dso-fn_d_all_l_01_log.txt
SpawnPoolWorker-815| 2026-06-22 03:48:44,355,355 multiprocessing INFO child process calling self.run()
SpawnPoolWorker-810| 2026-06-22 03:48:44,550,550 multiprocessing INFO STARTING NEW RUN ==========
SpawnPoolWorker-810| 2026-06-22 03:48:44,550,550 multiprocessing INFO SEE LOG AT : ./logs/all_Lyapunov_test_dso-fn_d_all_l_01_log.txt
SpawnPoolWorker-810| 2026-06-22 03:48:44,550,550 multiprocessing INFO See log at : ./logs/all_Lyapunov_test_dso-fn_d_all_l_01_log.txt
SpawnPoolWorker-810| 2026-06-22 03:48:44,551,551 multiprocessing INFO child process calling self.run()
SpawnPoolWorker-815| 2026-06-22 03:55:35,277,277 multiprocessing INFO process shutting down
SpawnPoolWorker-793| 2026-06-22 03:55:35,278,278 multiprocessing INFO process shutting down
SpawnPoolWorker-796| 2026-06-22 03:55:35,278,278 multiprocessing INFO process shutting down
SpawnPoolWorker-803| 2026-06-22 03:55:35,277,277 multiprocessing INFO process shutting down
SpawnPoolWorker-814| 2026-06-22 03:55:35,277,277 multiprocessing INFO process shutting down
SpawnPoolWorker-811| 2026-06-22 03:55:35,277,277 multiprocessing INFO process shutting down
SpawnPoolWorker-804| 2026-06-22 03:55:35,278,278 multiprocessing INFO process shutting down
SpawnPoolWorker-816| 2026-06-22 03:55:35,277,277 multiprocessing INFO process shutting down
SpawnPoolWorker-808| 2026-06-22 03:55:35,278,278 multiprocessing INFO process shutting down
SpawnPoolWorker-810| 2026-06-22 03:55:35,277,277 multiprocessing INFO process shutting down
SpawnPoolWorker-799| 2026-06-22 03:55:35,277,277 multiprocessing INFO process shutting down
SpawnPoolWorker-797| 2026-06-22 03:55:35,277,277 multiprocessing INFO process shutting down
SpawnPoolWorker-801| 2026-06-22 03:55:35,278,278 multiprocessing INFO process shutting down
SpawnPoolWorker-798| 2026-06-22 03:55:35,278,278 multiprocessing INFO process shutting down
SpawnPoolWorker-800| 2026-06-22 03:55:35,277,277 multiprocessing INFO process shutting down
SpawnPoolWorker-809| 2026-06-22 03:55:35,278,278 multiprocessing INFO process shutting down
SpawnPoolWorker-807| 2026-06-22 03:55:35,277,277 multiprocessing INFO process shutting down
SpawnPoolWorker-805| 2026-06-22 03:55:35,277,277 multiprocessing INFO process shutting down
SpawnPoolWorker-806| 2026-06-22 03:55:35,278,278 multiprocessing INFO process shutting down
SpawnPoolWorker-813| 2026-06-22 03:55:35,278,278 multiprocessing INFO process shutting down
SpawnPoolWorker-815| 2026-06-22 03:55:35,279,279 multiprocessing INFO process exiting with exitcode 0
SpawnPoolWorker-805| 2026-06-22 03:55:35,279,279 multiprocessing INFO process exiting with exitcode 0
SpawnPoolWorker-806| 2026-06-22 03:55:35,279,279 multiprocessing INFO process exiting with exitcode 0
SpawnPoolWorker-807| 2026-06-22 03:55:35,279,279 multiprocessing INFO process exiting with exitcode 0
SpawnPoolWorker-813| 2026-06-22 03:55:35,279,279 multiprocessing INFO process exiting with exitcode 0
SpawnPoolWorker-808| 2026-06-22 03:55:35,279,279 multiprocessing INFO process exiting with exitcode 0
SpawnPoolWorker-811| 2026-06-22 03:55:35,279,279 multiprocessing INFO process exiting with exitcode 0
SpawnPoolWorker-803| 2026-06-22 03:55:35,279,279 multiprocessing INFO process exiting with exitcode 0
SpawnPoolWorker-802| 2026-06-22 03:55:35,279,279 multiprocessing INFO process shutting down
28
(100000, 9)
(100000,)
(100000, 9)
(100000,)

=======================Successfully Added (50000, 9) Counter Examples=======================


============None of the candidates fulfill the conditions. Training CONTINUES!=================

MainProcess| 2026-06-22 03:55:41,560,560 multiprocessing INFO 
============None of the candidates fulfill the conditions. Training CONTINUES!=================


============None of the candidates fulfill the conditions. Training CONTINUES!=================

(550, 171)
/users/9/chen8596/miniconda3/envs/alfd/lib/python3.9/site-packages/torch/nn/functional.py:4999: UserWarning: Support for mismatched key_padding_mask and attn_mask is deprecated. Use same type for both instead.
  warnings.warn(

==============Start Supervised Learning==============

MainProcess| 2026-06-22 03:55:50,383,383 multiprocessing INFO GP output mean: 0.843688529005369
GP output mean: 0.843688529005369
MainProcess| 2026-06-22 03:55:50,951,951 multiprocessing INFO GP output success rate: 0.0
GP output success rate: 0.0

==============End Supervised Learning==============

MainProcess| 2026-06-22 03:55:53,044,44 multiprocessing INFO [Test epoch=0024]  nevals=330200 	| train_loss=12341.33887 	| eqs_invalid %=0.00 	| r_best=0.97696 	| quantile=0.00000 	| r_quantile_mean=0.07844 	| r_raw_sum=43.14132 	|  r_raw_mean=0.82964 	| r2=nan 	| acc_iid=0.00000 	| acc_ood=0.00000 	| nmse_test=3.824727374849823e-09 	| true_equation_set_count=0 	| s/it=646.58806
[Test epoch=0024]  nevals=330200 	| train_loss=12341.33887 	| eqs_invalid %=0.00 	| r_best=0.97696 	| quantile=0.00000 	| r_quantile_mean=0.07844 	| r_raw_sum=43.14132 	|  r_raw_mean=0.82964 	| r2=nan 	| acc_iid=0.00000 	| acc_ood=0.00000 	| nmse_test=3.824727374849823e-09 	| true_equation_set_count=0 	| s/it=646.58806
MainProcess| 2026-06-22 03:59:22,383,383 multiprocessing INFO Genetic Porgramming Runtime 208.13299937709235
Genetic Porgramming Runtime 208.13299937709235

=========================PGD Collection Starts=========================

SpawnPoolWorker-818| 2026-06-22 03:59:27,429,429 multiprocessing INFO STARTING NEW RUN ==========
SpawnPoolWorker-818| 2026-06-22 03:59:27,429,429 multiprocessing INFO SEE LOG AT : ./logs/all_Lyapunov_test_dso-fn_d_all_l_01_log.txt
SpawnPoolWorker-818| 2026-06-22 03:59:27,429,429 multiprocessing INFO See log at : ./logs/all_Lyapunov_test_dso-fn_d_all_l_01_log.txt
SpawnPoolWorker-820| 2026-06-22 03:59:27,429,429 multiprocessing INFO STARTING NEW RUN ==========
SpawnPoolWorker-820| 2026-06-22 03:59:27,429,429 multiprocessing INFO SEE LOG AT : ./logs/all_Lyapunov_test_dso-fn_d_all_l_01_log.txt
SpawnPoolWorker-820| 2026-06-22 03:59:27,429,429 multiprocessing INFO See log at : ./logs/all_Lyapunov_test_dso-fn_d_all_l_01_log.txt
SpawnPoolWorker-821| 2026-06-22 03:59:27,432,432 multiprocessing INFO STARTING NEW RUN ==========
SpawnPoolWorker-823| 2026-06-22 03:59:27,432,432 multiprocessing INFO STARTING NEW RUN ==========
SpawnPoolWorker-826| 2026-06-22 03:59:27,432,432 multiprocessing INFO STARTING NEW RUN ==========
SpawnPoolWorker-821| 2026-06-22 03:59:27,432,432 multiprocessing INFO SEE LOG AT : ./logs/all_Lyapunov_test_dso-fn_d_all_l_01_log.txt
SpawnPoolWorker-823| 2026-06-22 03:59:27,432,432 multiprocessing INFO SEE LOG AT : ./logs/all_Lyapunov_test_dso-fn_d_all_l_01_log.txt
SpawnPoolWorker-824| 2026-06-22 03:59:27,432,432 multiprocessing INFO STARTING NEW RUN ==========
SpawnPoolWorker-826| 2026-06-22 03:59:27,432,432 multiprocessing INFO SEE LOG AT : ./logs/all_Lyapunov_test_dso-fn_d_all_l_01_log.txt
SpawnPoolWorker-821| 2026-06-22 03:59:27,432,432 multiprocessing INFO See log at : ./logs/all_Lyapunov_test_dso-fn_d_all_l_01_log.txt
SpawnPoolWorker-823| 2026-06-22 03:59:27,432,432 multiprocessing INFO See log at : ./logs/all_Lyapunov_test_dso-fn_d_all_l_01_log.txt
SpawnPoolWorker-826| 2026-06-22 03:59:27,432,432 multiprocessing INFO See log at : ./logs/all_Lyapunov_test_dso-fn_d_all_l_01_log.txt
SpawnPoolWorker-824| 2026-06-22 03:59:27,432,432 multiprocessing INFO SEE LOG AT : ./logs/all_Lyapunov_test_dso-fn_d_all_l_01_log.txt
SpawnPoolWorker-820| 2026-06-22 03:59:27,432,432 multiprocessing INFO child process calling self.run()
SpawnPoolWorker-818| 2026-06-22 03:59:27,432,432 multiprocessing INFO child process calling self.run()
SpawnPoolWorker-824| 2026-06-22 03:59:27,433,433 multiprocessing INFO See log at : ./logs/all_Lyapunov_test_dso-fn_d_all_l_01_log.txt
SpawnPoolWorker-822| 2026-06-22 03:59:27,433,433 multiprocessing INFO STARTING NEW RUN ==========
SpawnPoolWorker-821| 2026-06-22 03:59:27,433,433 multiprocessing INFO child process calling self.run()
SpawnPoolWorker-823| 2026-06-22 03:59:27,434,434 multiprocessing INFO child process calling self.run()
SpawnPoolWorker-822| 2026-06-22 03:59:27,434,434 multiprocessing INFO SEE LOG AT : ./logs/all_Lyapunov_test_dso-fn_d_all_l_01_log.txt
SpawnPoolWorker-822| 2026-06-22 03:59:27,434,434 multiprocessing INFO See log at : ./logs/all_Lyapunov_test_dso-fn_d_all_l_01_log.txt
SpawnPoolWorker-819| 2026-06-22 03:59:27,434,434 multiprocessing INFO STARTING NEW RUN ==========
SpawnPoolWorker-819| 2026-06-22 03:59:27,434,434 multiprocessing INFO SEE LOG AT : ./logs/all_Lyapunov_test_dso-fn_d_all_l_01_log.txt
SpawnPoolWorker-819| 2026-06-22 03:59:27,434,434 multiprocessing INFO See log at : ./logs/all_Lyapunov_test_dso-fn_d_all_l_01_log.txt
SpawnPoolWorker-826| 2026-06-22 03:59:27,435,435 multiprocessing INFO child process calling self.run()
SpawnPoolWorker-824| 2026-06-22 03:59:27,436,436 multiprocessing INFO child process calling self.run()
SpawnPoolWorker-822| 2026-06-22 03:59:27,437,437 multiprocessing INFO child process calling self.run()
SpawnPoolWorker-819| 2026-06-22 03:59:27,437,437 multiprocessing INFO child process calling self.run()
SpawnPoolWorker-825| 2026-06-22 03:59:27,440,440 multiprocessing INFO STARTING NEW RUN ==========
SpawnPoolWorker-825| 2026-06-22 03:59:27,440,440 multiprocessing INFO SEE LOG AT : ./logs/all_Lyapunov_test_dso-fn_d_all_l_01_log.txt
SpawnPoolWorker-825| 2026-06-22 03:59:27,440,440 multiprocessing INFO See log at : ./logs/all_Lyapunov_test_dso-fn_d_all_l_01_log.txt
SpawnPoolWorker-825| 2026-06-22 03:59:27,441,441 multiprocessing INFO child process calling self.run()
SpawnPoolWorker-817| 2026-06-22 03:59:27,447,447 multiprocessing INFO STARTING NEW RUN ==========
SpawnPoolWorker-817| 2026-06-22 03:59:27,447,447 multiprocessing INFO SEE LOG AT : ./logs/all_Lyapunov_test_dso-fn_d_all_l_01_log.txt
SpawnPoolWorker-817| 2026-06-22 03:59:27,447,447 multiprocessing INFO See log at : ./logs/all_Lyapunov_test_dso-fn_d_all_l_01_log.txt
SpawnPoolWorker-817| 2026-06-22 03:59:27,458,458 multiprocessing INFO child process calling self.run()
SpawnPoolWorker-824| 2026-06-22 03:59:43,032,32 multiprocessing INFO process shutting down
SpawnPoolWorker-818| 2026-06-22 03:59:43,033,33 multiprocessing INFO process shutting down
SpawnPoolWorker-824| 2026-06-22 03:59:43,033,33 multiprocessing INFO process exiting with exitcode 0
SpawnPoolWorker-820| 2026-06-22 03:59:43,033,33 multiprocessing INFO process shutting down
SpawnPoolWorker-818| 2026-06-22 03:59:43,033,33 multiprocessing INFO process exiting with exitcode 0
SpawnPoolWorker-820| 2026-06-22 03:59:43,033,33 multiprocessing INFO process exiting with exitcode 0
SpawnPoolWorker-822| 2026-06-22 03:59:43,033,33 multiprocessing INFO process shutting down
SpawnPoolWorker-825| 2026-06-22 03:59:43,033,33 multiprocessing INFO process shutting down
SpawnPoolWorker-819| 2026-06-22 03:59:43,033,33 multiprocessing INFO process shutting down
SpawnPoolWorker-826| 2026-06-22 03:59:43,033,33 multiprocessing INFO process shutting down
(20000,)

===================Collect 20000 Examples===================

Epsilon 0.1
500
(550,)
(550,)
(550,)
Number of Programs for Minimization: 28
SpawnPoolWorker-827| 2026-06-22 03:59:58,547,547 multiprocessing INFO STARTING NEW RUN ==========
SpawnPoolWorker-827| 2026-06-22 03:59:58,547,547 multiprocessing INFO SEE LOG AT : ./logs/all_Lyapunov_test_dso-fn_d_all_l_01_log.txt
SpawnPoolWorker-827| 2026-06-22 03:59:58,547,547 multiprocessing INFO See log at : ./logs/all_Lyapunov_test_dso-fn_d_all_l_01_log.txt
SpawnPoolWorker-827| 2026-06-22 03:59:58,549,549 multiprocessing INFO child process calling self.run()
SpawnPoolWorker-835| 2026-06-22 03:59:59,027,27 multiprocessing INFO STARTING NEW RUN ==========
SpawnPoolWorker-835| 2026-06-22 03:59:59,027,27 multiprocessing INFO SEE LOG AT : ./logs/all_Lyapunov_test_dso-fn_d_all_l_01_log.txt
SpawnPoolWorker-835| 2026-06-22 03:59:59,027,27 multiprocessing INFO See log at : ./logs/all_Lyapunov_test_dso-fn_d_all_l_01_log.txt
SpawnPoolWorker-835| 2026-06-22 03:59:59,032,32 multiprocessing INFO child process calling self.run()
SpawnPoolWorker-830| 2026-06-22 03:59:59,153,153 multiprocessing INFO STARTING NEW RUN ==========
SpawnPoolWorker-830| 2026-06-22 03:59:59,153,153 multiprocessing INFO SEE LOG AT : ./logs/all_Lyapunov_test_dso-fn_d_all_l_01_log.txt
SpawnPoolWorker-830| 2026-06-22 03:59:59,153,153 multiprocessing INFO See log at : ./logs/all_Lyapunov_test_dso-fn_d_all_l_01_log.txt
SpawnPoolWorker-830| 2026-06-22 03:59:59,158,158 multiprocessing INFO child process calling self.run()
SpawnPoolWorker-829| 2026-06-22 03:59:59,163,163 multiprocessing INFO STARTING NEW RUN ==========
SpawnPoolWorker-829| 2026-06-22 03:59:59,163,163 multiprocessing INFO SEE LOG AT : ./logs/all_Lyapunov_test_dso-fn_d_all_l_01_log.txt
SpawnPoolWorker-829| 2026-06-22 03:59:59,163,163 multiprocessing INFO See log at : ./logs/all_Lyapunov_test_dso-fn_d_all_l_01_log.txt
SpawnPoolWorker-829| 2026-06-22 03:59:59,166,166 multiprocessing INFO child process calling self.run()
SpawnPoolWorker-836| 2026-06-22 03:59:59,230,230 multiprocessing INFO STARTING NEW RUN ==========
SpawnPoolWorker-836| 2026-06-22 03:59:59,230,230 multiprocessing INFO SEE LOG AT : ./logs/all_Lyapunov_test_dso-fn_d_all_l_01_log.txt
SpawnPoolWorker-836| 2026-06-22 03:59:59,230,230 multiprocessing INFO See log at : ./logs/all_Lyapunov_test_dso-fn_d_all_l_01_log.txt
SpawnPoolWorker-828| 2026-06-22 03:59:59,230,230 multiprocessing INFO STARTING NEW RUN ==========
SpawnPoolWorker-828| 2026-06-22 03:59:59,230,230 multiprocessing INFO SEE LOG AT : ./logs/all_Lyapunov_test_dso-fn_d_all_l_01_log.txt
SpawnPoolWorker-828| 2026-06-22 03:59:59,230,230 multiprocessing INFO See log at : ./logs/all_Lyapunov_test_dso-fn_d_all_l_01_log.txt
SpawnPoolWorker-836| 2026-06-22 03:59:59,232,232 multiprocessing INFO child process calling self.run()
SpawnPoolWorker-828| 2026-06-22 03:59:59,233,233 multiprocessing INFO child process calling self.run()
SpawnPoolWorker-842| 2026-06-22 03:59:59,327,327 multiprocessing INFO STARTING NEW RUN ==========
SpawnPoolWorker-842| 2026-06-22 03:59:59,327,327 multiprocessing INFO SEE LOG AT : ./logs/all_Lyapunov_test_dso-fn_d_all_l_01_log.txt
SpawnPoolWorker-842| 2026-06-22 03:59:59,327,327 multiprocessing INFO See log at : ./logs/all_Lyapunov_test_dso-fn_d_all_l_01_log.txt
SpawnPoolWorker-842| 2026-06-22 03:59:59,329,329 multiprocessing INFO child process calling self.run()
SpawnPoolWorker-850| 2026-06-22 03:59:59,405,405 multiprocessing INFO STARTING NEW RUN ==========
SpawnPoolWorker-850| 2026-06-22 03:59:59,406,406 multiprocessing INFO SEE LOG AT : ./logs/all_Lyapunov_test_dso-fn_d_all_l_01_log.txt
SpawnPoolWorker-850| 2026-06-22 03:59:59,406,406 multiprocessing INFO See log at : ./logs/all_Lyapunov_test_dso-fn_d_all_l_01_log.txt
SpawnPoolWorker-850| 2026-06-22 03:59:59,409,409 multiprocessing INFO child process calling self.run()
SpawnPoolWorker-846| 2026-06-22 03:59:59,567,567 multiprocessing INFO STARTING NEW RUN ==========
SpawnPoolWorker-846| 2026-06-22 03:59:59,567,567 multiprocessing INFO SEE LOG AT : ./logs/all_Lyapunov_test_dso-fn_d_all_l_01_log.txt
SpawnPoolWorker-846| 2026-06-22 03:59:59,567,567 multiprocessing INFO See log at : ./logs/all_Lyapunov_test_dso-fn_d_all_l_01_log.txt
SpawnPoolWorker-846| 2026-06-22 03:59:59,574,574 multiprocessing INFO child process calling self.run()
SpawnPoolWorker-834| 2026-06-22 03:59:59,695,695 multiprocessing INFO STARTING NEW RUN ==========
SpawnPoolWorker-834| 2026-06-22 03:59:59,695,695 multiprocessing INFO SEE LOG AT : ./logs/all_Lyapunov_test_dso-fn_d_all_l_01_log.txt
SpawnPoolWorker-834| 2026-06-22 03:59:59,695,695 multiprocessing INFO See log at : ./logs/all_Lyapunov_test_dso-fn_d_all_l_01_log.txt
SpawnPoolWorker-834| 2026-06-22 03:59:59,701,701 multiprocessing INFO child process calling self.run()
SpawnPoolWorker-831| 2026-06-22 03:59:59,714,714 multiprocessing INFO STARTING NEW RUN ==========
SpawnPoolWorker-831| 2026-06-22 03:59:59,714,714 multiprocessing INFO SEE LOG AT : ./logs/all_Lyapunov_test_dso-fn_d_all_l_01_log.txt
SpawnPoolWorker-831| 2026-06-22 03:59:59,714,714 multiprocessing INFO See log at : ./logs/all_Lyapunov_test_dso-fn_d_all_l_01_log.txt
SpawnPoolWorker-831| 2026-06-22 03:59:59,716,716 multiprocessing INFO child process calling self.run()
SpawnPoolWorker-838| 2026-06-22 03:59:59,844,844 multiprocessing INFO STARTING NEW RUN ==========
SpawnPoolWorker-838| 2026-06-22 03:59:59,844,844 multiprocessing INFO SEE LOG AT : ./logs/all_Lyapunov_test_dso-fn_d_all_l_01_log.txt
SpawnPoolWorker-838| 2026-06-22 03:59:59,844,844 multiprocessing INFO See log at : ./logs/all_Lyapunov_test_dso-fn_d_all_l_01_log.txt
SpawnPoolWorker-838| 2026-06-22 03:59:59,847,847 multiprocessing INFO child process calling self.run()
SpawnPoolWorker-837| 2026-06-22 04:00:00,082,82 multiprocessing INFO STARTING NEW RUN ==========
SpawnPoolWorker-837| 2026-06-22 04:00:00,082,82 multiprocessing INFO SEE LOG AT : ./logs/all_Lyapunov_test_dso-fn_d_all_l_01_log.txt
SpawnPoolWorker-837| 2026-06-22 04:00:00,082,82 multiprocessing INFO See log at : ./logs/all_Lyapunov_test_dso-fn_d_all_l_01_log.txt
SpawnPoolWorker-833| 2026-06-22 04:00:00,084,84 multiprocessing INFO STARTING NEW RUN ==========
SpawnPoolWorker-833| 2026-06-22 04:00:00,084,84 multiprocessing INFO SEE LOG AT : ./logs/all_Lyapunov_test_dso-fn_d_all_l_01_log.txt
SpawnPoolWorker-833| 2026-06-22 04:00:00,084,84 multiprocessing INFO See log at : ./logs/all_Lyapunov_test_dso-fn_d_all_l_01_log.txt
SpawnPoolWorker-837| 2026-06-22 04:00:00,085,85 multiprocessing INFO child process calling self.run()
SpawnPoolWorker-833| 2026-06-22 04:00:00,088,88 multiprocessing INFO child process calling self.run()
SpawnPoolWorker-840| 2026-06-22 04:00:00,274,274 multiprocessing INFO STARTING NEW RUN ==========
SpawnPoolWorker-840| 2026-06-22 04:00:00,274,274 multiprocessing INFO SEE LOG AT : ./logs/all_Lyapunov_test_dso-fn_d_all_l_01_log.txt
SpawnPoolWorker-840| 2026-06-22 04:00:00,274,274 multiprocessing INFO See log at : ./logs/all_Lyapunov_test_dso-fn_d_all_l_01_log.txt
SpawnPoolWorker-840| 2026-06-22 04:00:00,282,282 multiprocessing INFO child process calling self.run()
SpawnPoolWorker-849| 2026-06-22 04:00:00,311,311 multiprocessing INFO STARTING NEW RUN ==========
SpawnPoolWorker-849| 2026-06-22 04:00:00,311,311 multiprocessing INFO SEE LOG AT : ./logs/all_Lyapunov_test_dso-fn_d_all_l_01_log.txt
SpawnPoolWorker-849| 2026-06-22 04:00:00,311,311 multiprocessing INFO See log at : ./logs/all_Lyapunov_test_dso-fn_d_all_l_01_log.txt
SpawnPoolWorker-849| 2026-06-22 04:00:00,322,322 multiprocessing INFO child process calling self.run()
SpawnPoolWorker-845| 2026-06-22 04:00:00,436,436 multiprocessing INFO STARTING NEW RUN ==========
SpawnPoolWorker-845| 2026-06-22 04:00:00,436,436 multiprocessing INFO SEE LOG AT : ./logs/all_Lyapunov_test_dso-fn_d_all_l_01_log.txt
SpawnPoolWorker-845| 2026-06-22 04:00:00,436,436 multiprocessing INFO See log at : ./logs/all_Lyapunov_test_dso-fn_d_all_l_01_log.txt
SpawnPoolWorker-845| 2026-06-22 04:00:00,440,440 multiprocessing INFO child process calling self.run()
SpawnPoolWorker-839| 2026-06-22 04:00:00,526,526 multiprocessing INFO STARTING NEW RUN ==========
SpawnPoolWorker-839| 2026-06-22 04:00:00,526,526 multiprocessing INFO SEE LOG AT : ./logs/all_Lyapunov_test_dso-fn_d_all_l_01_log.txt
SpawnPoolWorker-839| 2026-06-22 04:00:00,526,526 multiprocessing INFO See log at : ./logs/all_Lyapunov_test_dso-fn_d_all_l_01_log.txt
SpawnPoolWorker-839| 2026-06-22 04:00:00,528,528 multiprocessing INFO child process calling self.run()
SpawnPoolWorker-841| 2026-06-22 04:00:00,576,576 multiprocessing INFO STARTING NEW RUN ==========
SpawnPoolWorker-841| 2026-06-22 04:00:00,576,576 multiprocessing INFO SEE LOG AT : ./logs/all_Lyapunov_test_dso-fn_d_all_l_01_log.txt
SpawnPoolWorker-841| 2026-06-22 04:00:00,576,576 multiprocessing INFO See log at : ./logs/all_Lyapunov_test_dso-fn_d_all_l_01_log.txt
SpawnPoolWorker-841| 2026-06-22 04:00:00,579,579 multiprocessing INFO child process calling self.run()
SpawnPoolWorker-832| 2026-06-22 04:00:00,712,712 multiprocessing INFO STARTING NEW RUN ==========
SpawnPoolWorker-832| 2026-06-22 04:00:00,712,712 multiprocessing INFO SEE LOG AT : ./logs/all_Lyapunov_test_dso-fn_d_all_l_01_log.txt
SpawnPoolWorker-832| 2026-06-22 04:00:00,712,712 multiprocessing INFO See log at : ./logs/all_Lyapunov_test_dso-fn_d_all_l_01_log.txt
SpawnPoolWorker-832| 2026-06-22 04:00:00,714,714 multiprocessing INFO child process calling self.run()
SpawnPoolWorker-843| 2026-06-22 04:00:01,237,237 multiprocessing INFO STARTING NEW RUN ==========
SpawnPoolWorker-843| 2026-06-22 04:00:01,237,237 multiprocessing INFO SEE LOG AT : ./logs/all_Lyapunov_test_dso-fn_d_all_l_01_log.txt
SpawnPoolWorker-843| 2026-06-22 04:00:01,237,237 multiprocessing INFO See log at : ./logs/all_Lyapunov_test_dso-fn_d_all_l_01_log.txt
SpawnPoolWorker-843| 2026-06-22 04:00:01,240,240 multiprocessing INFO child process calling self.run()
SpawnPoolWorker-848| 2026-06-22 04:00:01,571,571 multiprocessing INFO STARTING NEW RUN ==========
SpawnPoolWorker-848| 2026-06-22 04:00:01,571,571 multiprocessing INFO SEE LOG AT : ./logs/all_Lyapunov_test_dso-fn_d_all_l_01_log.txt
SpawnPoolWorker-848| 2026-06-22 04:00:01,571,571 multiprocessing INFO See log at : ./logs/all_Lyapunov_test_dso-fn_d_all_l_01_log.txt
SpawnPoolWorker-848| 2026-06-22 04:00:01,573,573 multiprocessing INFO child process calling self.run()
SpawnPoolWorker-847| 2026-06-22 04:00:01,909,909 multiprocessing INFO STARTING NEW RUN ==========
SpawnPoolWorker-847| 2026-06-22 04:00:01,909,909 multiprocessing INFO SEE LOG AT : ./logs/all_Lyapunov_test_dso-fn_d_all_l_01_log.txt
SpawnPoolWorker-847| 2026-06-22 04:00:01,909,909 multiprocessing INFO See log at : ./logs/all_Lyapunov_test_dso-fn_d_all_l_01_log.txt
SpawnPoolWorker-847| 2026-06-22 04:00:01,910,910 multiprocessing INFO child process calling self.run()
SpawnPoolWorker-844| 2026-06-22 04:00:02,054,54 multiprocessing INFO STARTING NEW RUN ==========
SpawnPoolWorker-844| 2026-06-22 04:00:02,055,55 multiprocessing INFO SEE LOG AT : ./logs/all_Lyapunov_test_dso-fn_d_all_l_01_log.txt
SpawnPoolWorker-844| 2026-06-22 04:00:02,055,55 multiprocessing INFO See log at : ./logs/all_Lyapunov_test_dso-fn_d_all_l_01_log.txt
SpawnPoolWorker-844| 2026-06-22 04:00:02,060,60 multiprocessing INFO child process calling self.run()
SpawnPoolWorker-844| 2026-06-22 04:06:38,683,683 multiprocessing INFO process shutting down
SpawnPoolWorker-827| 2026-06-22 04:06:38,683,683 multiprocessing INFO process shutting down
SpawnPoolWorker-828| 2026-06-22 04:06:38,683,683 multiprocessing INFO process shutting down
SpawnPoolWorker-849| 2026-06-22 04:06:38,683,683 multiprocessing INFO process shutting down
SpawnPoolWorker-848| 2026-06-22 04:06:38,683,683 multiprocessing INFO process shutting down
SpawnPoolWorker-831| 2026-06-22 04:06:38,683,683 multiprocessing INFO process shutting down
SpawnPoolWorker-832| 2026-06-22 04:06:38,683,683 multiprocessing INFO process shutting down
SpawnPoolWorker-845| 2026-06-22 04:06:38,683,683 multiprocessing INFO process shutting down
SpawnPoolWorker-850| 2026-06-22 04:06:38,683,683 multiprocessing INFO process shutting down
SpawnPoolWorker-839| 2026-06-22 04:06:38,684,684 multiprocessing INFO process shutting down
SpawnPoolWorker-839| 2026-06-22 04:06:38,684,684 multiprocessing INFO process exiting with exitcode 0
SpawnPoolWorker-840| 2026-06-22 04:06:38,684,684 multiprocessing INFO process shutting down
SpawnPoolWorker-850| 2026-06-22 04:06:38,684,684 multiprocessing INFO process exiting with exitcode 0
SpawnPoolWorker-828| 2026-06-22 04:06:38,684,684 multiprocessing INFO process exiting with exitcode 0
SpawnPoolWorker-827| 2026-06-22 04:06:38,684,684 multiprocessing INFO process exiting with exitcode 0
SpawnPoolWorker-835| 2026-06-22 04:06:38,684,684 multiprocessing INFO process shutting down
SpawnPoolWorker-832| 2026-06-22 04:06:38,684,684 multiprocessing INFO process exiting with exitcode 0
SpawnPoolWorker-845| 2026-06-22 04:06:38,684,684 multiprocessing INFO process exiting with exitcode 0
SpawnPoolWorker-835| 2026-06-22 04:06:38,684,684 multiprocessing INFO process exiting with exitcode 0
SpawnPoolWorker-834| 2026-06-22 04:06:38,683,683 multiprocessing INFO process shutting down
SpawnPoolWorker-833| 2026-06-22 04:06:38,683,683 multiprocessing INFO process shutting down
SpawnPoolWorker-841| 2026-06-22 04:06:38,683,683 multiprocessing INFO process shutting down
SpawnPoolWorker-830| 2026-06-22 04:06:38,683,683 multiprocessing INFO process shutting down
SpawnPoolWorker-843| 2026-06-22 04:06:38,684,684 multiprocessing INFO process shutting down
SpawnPoolWorker-829| 2026-06-22 04:06:38,685,685 multiprocessing INFO process shutting down
SpawnPoolWorker-837| 2026-06-22 04:06:38,685,685 multiprocessing INFO process shutting down
SpawnPoolWorker-847| 2026-06-22 04:06:38,685,685 multiprocessing INFO process shutting down
SpawnPoolWorker-840| 2026-06-22 04:06:38,685,685 multiprocessing INFO process exiting with exitcode 0
SpawnPoolWorker-842| 2026-06-22 04:06:38,685,685 multiprocessing INFO process shutting down
28
(100000, 9)
(100000,)
(100000, 9)
(100000,)

=======================Successfully Added (50000, 9) Counter Examples=======================


============None of the candidates fulfill the conditions. Training CONTINUES!=================

MainProcess| 2026-06-22 04:06:45,043,43 multiprocessing INFO 
============None of the candidates fulfill the conditions. Training CONTINUES!=================


============None of the candidates fulfill the conditions. Training CONTINUES!=================

(550, 171)
/users/9/chen8596/miniconda3/envs/alfd/lib/python3.9/site-packages/torch/nn/functional.py:4999: UserWarning: Support for mismatched key_padding_mask and attn_mask is deprecated. Use same type for both instead.
  warnings.warn(

==============Start Supervised Learning==============

MainProcess| 2026-06-22 04:06:56,614,614 multiprocessing INFO GP output mean: 0.9415836013184238
GP output mean: 0.9415836013184238
MainProcess| 2026-06-22 04:06:57,141,141 multiprocessing INFO GP output success rate: 0.0
GP output success rate: 0.0

==============End Supervised Learning==============

/users/9/chen8596/LyaDis/repro/runs/syn9d/utils/train.py:971: RuntimeWarning: divide by zero encountered in divide
  error = np.abs(((y_hat - y) / y))
/users/9/chen8596/.local/lib/python3.9/site-packages/scipy/stats/_stats_py.py:4424: ConstantInputWarning: An input array is constant; the correlation coefficient is not defined.
  warnings.warn(stats.ConstantInputWarning(msg))
MainProcess| 2026-06-22 04:06:59,348,348 multiprocessing INFO [Test epoch=0025]  nevals=343887 	| train_loss=8927.96289 	| eqs_invalid %=0.00 	| r_best=0.97722 	| quantile=0.00000 	| r_quantile_mean=0.08195 	| r_raw_sum=45.07365 	|  r_raw_mean=0.83470 	| r2=nan 	| acc_iid=0.00000 	| acc_ood=0.00000 	| nmse_test=0.0059515879243644786 	| true_equation_set_count=0 	| s/it=666.30393
[Test epoch=0025]  nevals=343887 	| train_loss=8927.96289 	| eqs_invalid %=0.00 	| r_best=0.97722 	| quantile=0.00000 	| r_quantile_mean=0.08195 	| r_raw_sum=45.07365 	|  r_raw_mean=0.83470 	| r2=nan 	| acc_iid=0.00000 	| acc_ood=0.00000 	| nmse_test=0.0059515879243644786 	| true_equation_set_count=0 	| s/it=666.30393
MainProcess| 2026-06-22 04:06:59,348,348 multiprocessing INFO [00:04:44:24.04] Training epoch 25/4000, current best R: 0.9772
[00:04:44:24.04] Training epoch 25/4000, current best R: 0.9772
MainProcess| 2026-06-22 04:06:59,348,348 multiprocessing INFO 
	** New best

	** New best
MainProcess| 2026-06-22 04:06:59,348,348 multiprocessing INFO 	Reward: 0.9772188504148124
	Reward: 0.9772188504148124
MainProcess| 2026-06-22 04:06:59,348,348 multiprocessing INFO 	Count Off-policy: 1
	Count Off-policy: 1
MainProcess| 2026-06-22 04:06:59,348,348 multiprocessing INFO 	Count On-policy: 0
	Count On-policy: 0
MainProcess| 2026-06-22 04:06:59,348,348 multiprocessing INFO 	Originally on Policy: False
	Originally on Policy: False
MainProcess| 2026-06-22 04:06:59,348,348 multiprocessing INFO 	Invalid: False
	Invalid: False
MainProcess| 2026-06-22 04:06:59,349,349 multiprocessing INFO 	Traversal: add,add,mul,x2,x7,n2,x2,add,add,n2,n2,x9,n2,x6,add,n2,x1,add,n2,x4,n2,add,x1,add,add,x8,x5,x3
	Traversal: add,add,mul,x2,x7,n2,x2,add,add,n2,n2,x9,n2,x6,add,n2,x1,add,n2,x4,n2,add,x1,add,add,x8,x5,x3
MainProcess| 2026-06-22 04:06:59,349,349 multiprocessing INFO 	Expression:
	Expression:
MainProcess| 2026-06-22 04:06:59,350,350 multiprocessing INFO 
	    2     2             2     2     4                      2
	  x₁  + x₂  + x₂⋅x₇ + x₄  + x₆  + x₉  + (x₁ + x₃ + x₅ + x₈) 


	    2     2             2     2     4                      2
	  x₁  + x₂  + x₂⋅x₇ + x₄  + x₆  + x₉  + (x₁ + x₃ + x₅ + x₈) 

MainProcess| 2026-06-22 04:06:59,350,350 multiprocessing INFO [00:04:44:24.04] Training epoch 25/4000, current best R: 0.9772
[00:04:44:24.04] Training epoch 25/4000, current best R: 0.9772
MainProcess| 2026-06-22 04:09:58,613,613 multiprocessing INFO Genetic Porgramming Runtime 178.08393547916785
Genetic Porgramming Runtime 178.08393547916785

=========================PGD Collection Starts=========================

SpawnPoolWorker-852| 2026-06-22 04:10:04,386,386 multiprocessing INFO STARTING NEW RUN ==========
SpawnPoolWorker-852| 2026-06-22 04:10:04,386,386 multiprocessing INFO SEE LOG AT : ./logs/all_Lyapunov_test_dso-fn_d_all_l_01_log.txt
SpawnPoolWorker-852| 2026-06-22 04:10:04,386,386 multiprocessing INFO See log at : ./logs/all_Lyapunov_test_dso-fn_d_all_l_01_log.txt
SpawnPoolWorker-859| 2026-06-22 04:10:04,386,386 multiprocessing INFO STARTING NEW RUN ==========
SpawnPoolWorker-852| 2026-06-22 04:10:04,388,388 multiprocessing INFO child process calling self.run()
SpawnPoolWorker-859| 2026-06-22 04:10:04,388,388 multiprocessing INFO SEE LOG AT : ./logs/all_Lyapunov_test_dso-fn_d_all_l_01_log.txt
SpawnPoolWorker-859| 2026-06-22 04:10:04,388,388 multiprocessing INFO See log at : ./logs/all_Lyapunov_test_dso-fn_d_all_l_01_log.txt
SpawnPoolWorker-851| 2026-06-22 04:10:04,388,388 multiprocessing INFO STARTING NEW RUN ==========
SpawnPoolWorker-857| 2026-06-22 04:10:04,388,388 multiprocessing INFO STARTING NEW RUN ==========
SpawnPoolWorker-855| 2026-06-22 04:10:04,388,388 multiprocessing INFO STARTING NEW RUN ==========
SpawnPoolWorker-851| 2026-06-22 04:10:04,388,388 multiprocessing INFO SEE LOG AT : ./logs/all_Lyapunov_test_dso-fn_d_all_l_01_log.txt
SpawnPoolWorker-857| 2026-06-22 04:10:04,388,388 multiprocessing INFO SEE LOG AT : ./logs/all_Lyapunov_test_dso-fn_d_all_l_01_log.txt
SpawnPoolWorker-855| 2026-06-22 04:10:04,388,388 multiprocessing INFO SEE LOG AT : ./logs/all_Lyapunov_test_dso-fn_d_all_l_01_log.txt
SpawnPoolWorker-851| 2026-06-22 04:10:04,388,388 multiprocessing INFO See log at : ./logs/all_Lyapunov_test_dso-fn_d_all_l_01_log.txt
SpawnPoolWorker-857| 2026-06-22 04:10:04,388,388 multiprocessing INFO See log at : ./logs/all_Lyapunov_test_dso-fn_d_all_l_01_log.txt
SpawnPoolWorker-855| 2026-06-22 04:10:04,388,388 multiprocessing INFO See log at : ./logs/all_Lyapunov_test_dso-fn_d_all_l_01_log.txt
SpawnPoolWorker-859| 2026-06-22 04:10:04,390,390 multiprocessing INFO child process calling self.run()
SpawnPoolWorker-853| 2026-06-22 04:10:04,390,390 multiprocessing INFO STARTING NEW RUN ==========
SpawnPoolWorker-854| 2026-06-22 04:10:04,390,390 multiprocessing INFO STARTING NEW RUN ==========
SpawnPoolWorker-853| 2026-06-22 04:10:04,390,390 multiprocessing INFO SEE LOG AT : ./logs/all_Lyapunov_test_dso-fn_d_all_l_01_log.txt
SpawnPoolWorker-855| 2026-06-22 04:10:04,390,390 multiprocessing INFO child process calling self.run()
SpawnPoolWorker-857| 2026-06-22 04:10:04,390,390 multiprocessing INFO child process calling self.run()
SpawnPoolWorker-851| 2026-06-22 04:10:04,390,390 multiprocessing INFO child process calling self.run()
SpawnPoolWorker-854| 2026-06-22 04:10:04,390,390 multiprocessing INFO SEE LOG AT : ./logs/all_Lyapunov_test_dso-fn_d_all_l_01_log.txt
SpawnPoolWorker-853| 2026-06-22 04:10:04,390,390 multiprocessing INFO See log at : ./logs/all_Lyapunov_test_dso-fn_d_all_l_01_log.txt
SpawnPoolWorker-854| 2026-06-22 04:10:04,390,390 multiprocessing INFO See log at : ./logs/all_Lyapunov_test_dso-fn_d_all_l_01_log.txt
SpawnPoolWorker-853| 2026-06-22 04:10:04,391,391 multiprocessing INFO child process calling self.run()
SpawnPoolWorker-860| 2026-06-22 04:10:04,392,392 multiprocessing INFO STARTING NEW RUN ==========
SpawnPoolWorker-860| 2026-06-22 04:10:04,392,392 multiprocessing INFO SEE LOG AT : ./logs/all_Lyapunov_test_dso-fn_d_all_l_01_log.txt
SpawnPoolWorker-854| 2026-06-22 04:10:04,392,392 multiprocessing INFO child process calling self.run()
SpawnPoolWorker-860| 2026-06-22 04:10:04,392,392 multiprocessing INFO See log at : ./logs/all_Lyapunov_test_dso-fn_d_all_l_01_log.txt
SpawnPoolWorker-860| 2026-06-22 04:10:04,393,393 multiprocessing INFO child process calling self.run()
SpawnPoolWorker-858| 2026-06-22 04:10:04,394,394 multiprocessing INFO STARTING NEW RUN ==========
SpawnPoolWorker-856| 2026-06-22 04:10:04,394,394 multiprocessing INFO STARTING NEW RUN ==========
SpawnPoolWorker-858| 2026-06-22 04:10:04,394,394 multiprocessing INFO SEE LOG AT : ./logs/all_Lyapunov_test_dso-fn_d_all_l_01_log.txt
SpawnPoolWorker-856| 2026-06-22 04:10:04,394,394 multiprocessing INFO SEE LOG AT : ./logs/all_Lyapunov_test_dso-fn_d_all_l_01_log.txt
SpawnPoolWorker-858| 2026-06-22 04:10:04,394,394 multiprocessing INFO See log at : ./logs/all_Lyapunov_test_dso-fn_d_all_l_01_log.txt
SpawnPoolWorker-856| 2026-06-22 04:10:04,394,394 multiprocessing INFO See log at : ./logs/all_Lyapunov_test_dso-fn_d_all_l_01_log.txt
SpawnPoolWorker-858| 2026-06-22 04:10:04,396,396 multiprocessing INFO child process calling self.run()
SpawnPoolWorker-856| 2026-06-22 04:10:04,397,397 multiprocessing INFO child process calling self.run()
SpawnPoolWorker-858| 2026-06-22 04:10:24,718,718 multiprocessing INFO process shutting down
SpawnPoolWorker-855| 2026-06-22 04:10:24,718,718 multiprocessing INFO process shutting down
SpawnPoolWorker-860| 2026-06-22 04:10:24,718,718 multiprocessing INFO process shutting down
SpawnPoolWorker-853| 2026-06-22 04:10:24,718,718 multiprocessing INFO process shutting down
SpawnPoolWorker-858| 2026-06-22 04:10:24,719,719 multiprocessing INFO process exiting with exitcode 0
SpawnPoolWorker-851| 2026-06-22 04:10:24,718,718 multiprocessing INFO process shutting down
SpawnPoolWorker-857| 2026-06-22 04:10:24,718,718 multiprocessing INFO process shutting down
SpawnPoolWorker-855| 2026-06-22 04:10:24,719,719 multiprocessing INFO process exiting with exitcode 0
SpawnPoolWorker-860| 2026-06-22 04:10:24,719,719 multiprocessing INFO process exiting with exitcode 0
SpawnPoolWorker-856| 2026-06-22 04:10:24,718,718 multiprocessing INFO process shutting down
SpawnPoolWorker-853| 2026-06-22 04:10:24,719,719 multiprocessing INFO process exiting with exitcode 0
SpawnPoolWorker-857| 2026-06-22 04:10:24,719,719 multiprocessing INFO process exiting with exitcode 0
SpawnPoolWorker-859| 2026-06-22 04:10:24,719,719 multiprocessing INFO process shutting down
SpawnPoolWorker-851| 2026-06-22 04:10:24,719,719 multiprocessing INFO process exiting with exitcode 0
SpawnPoolWorker-856| 2026-06-22 04:10:24,719,719 multiprocessing INFO process exiting with exitcode 0
SpawnPoolWorker-859| 2026-06-22 04:10:24,719,719 multiprocessing INFO process exiting with exitcode 0
(20000,)

===================Collect 20000 Examples===================

Epsilon 0.1
500
(550,)
(550,)
(55,)
Number of Programs for Minimization: 30
SpawnPoolWorker-862| 2026-06-22 04:10:43,657,657 multiprocessing INFO STARTING NEW RUN ==========
SpawnPoolWorker-862| 2026-06-22 04:10:43,658,658 multiprocessing INFO SEE LOG AT : ./logs/all_Lyapunov_test_dso-fn_d_all_l_01_log.txt
SpawnPoolWorker-862| 2026-06-22 04:10:43,658,658 multiprocessing INFO See log at : ./logs/all_Lyapunov_test_dso-fn_d_all_l_01_log.txt
SpawnPoolWorker-862| 2026-06-22 04:10:43,664,664 multiprocessing INFO child process calling self.run()
SpawnPoolWorker-864| 2026-06-22 04:10:43,917,917 multiprocessing INFO STARTING NEW RUN ==========
SpawnPoolWorker-864| 2026-06-22 04:10:43,917,917 multiprocessing INFO SEE LOG AT : ./logs/all_Lyapunov_test_dso-fn_d_all_l_01_log.txt
SpawnPoolWorker-864| 2026-06-22 04:10:43,917,917 multiprocessing INFO See log at : ./logs/all_Lyapunov_test_dso-fn_d_all_l_01_log.txt
SpawnPoolWorker-864| 2026-06-22 04:10:43,922,922 multiprocessing INFO child process calling self.run()
SpawnPoolWorker-868| 2026-06-22 04:10:44,339,339 multiprocessing INFO STARTING NEW RUN ==========
SpawnPoolWorker-868| 2026-06-22 04:10:44,339,339 multiprocessing INFO SEE LOG AT : ./logs/all_Lyapunov_test_dso-fn_d_all_l_01_log.txt
SpawnPoolWorker-868| 2026-06-22 04:10:44,339,339 multiprocessing INFO See log at : ./logs/all_Lyapunov_test_dso-fn_d_all_l_01_log.txt
SpawnPoolWorker-868| 2026-06-22 04:10:44,342,342 multiprocessing INFO child process calling self.run()
SpawnPoolWorker-865| 2026-06-22 04:10:44,345,345 multiprocessing INFO STARTING NEW RUN ==========
SpawnPoolWorker-865| 2026-06-22 04:10:44,345,345 multiprocessing INFO SEE LOG AT : ./logs/all_Lyapunov_test_dso-fn_d_all_l_01_log.txt
SpawnPoolWorker-865| 2026-06-22 04:10:44,345,345 multiprocessing INFO See log at : ./logs/all_Lyapunov_test_dso-fn_d_all_l_01_log.txt
SpawnPoolWorker-865| 2026-06-22 04:10:44,347,347 multiprocessing INFO child process calling self.run()
SpawnPoolWorker-861| 2026-06-22 04:10:44,843,843 multiprocessing INFO STARTING NEW RUN ==========
SpawnPoolWorker-861| 2026-06-22 04:10:44,843,843 multiprocessing INFO SEE LOG AT : ./logs/all_Lyapunov_test_dso-fn_d_all_l_01_log.txt
SpawnPoolWorker-861| 2026-06-22 04:10:44,843,843 multiprocessing INFO See log at : ./logs/all_Lyapunov_test_dso-fn_d_all_l_01_log.txt
SpawnPoolWorker-861| 2026-06-22 04:10:44,845,845 multiprocessing INFO child process calling self.run()
SpawnPoolWorker-863| 2026-06-22 04:10:44,927,927 multiprocessing INFO STARTING NEW RUN ==========
SpawnPoolWorker-863| 2026-06-22 04:10:44,927,927 multiprocessing INFO SEE LOG AT : ./logs/all_Lyapunov_test_dso-fn_d_all_l_01_log.txt
SpawnPoolWorker-863| 2026-06-22 04:10:44,927,927 multiprocessing INFO See log at : ./logs/all_Lyapunov_test_dso-fn_d_all_l_01_log.txt
SpawnPoolWorker-863| 2026-06-22 04:10:44,932,932 multiprocessing INFO child process calling self.run()
SpawnPoolWorker-866| 2026-06-22 04:10:45,114,114 multiprocessing INFO STARTING NEW RUN ==========
SpawnPoolWorker-866| 2026-06-22 04:10:45,114,114 multiprocessing INFO SEE LOG AT : ./logs/all_Lyapunov_test_dso-fn_d_all_l_01_log.txt
SpawnPoolWorker-866| 2026-06-22 04:10:45,114,114 multiprocessing INFO See log at : ./logs/all_Lyapunov_test_dso-fn_d_all_l_01_log.txt
SpawnPoolWorker-866| 2026-06-22 04:10:45,118,118 multiprocessing INFO child process calling self.run()
SpawnPoolWorker-867| 2026-06-22 04:10:45,185,185 multiprocessing INFO STARTING NEW RUN ==========
SpawnPoolWorker-867| 2026-06-22 04:10:45,185,185 multiprocessing INFO SEE LOG AT : ./logs/all_Lyapunov_test_dso-fn_d_all_l_01_log.txt
SpawnPoolWorker-867| 2026-06-22 04:10:45,185,185 multiprocessing INFO See log at : ./logs/all_Lyapunov_test_dso-fn_d_all_l_01_log.txt
SpawnPoolWorker-867| 2026-06-22 04:10:45,193,193 multiprocessing INFO child process calling self.run()
SpawnPoolWorker-879| 2026-06-22 04:10:45,263,263 multiprocessing INFO STARTING NEW RUN ==========
SpawnPoolWorker-879| 2026-06-22 04:10:45,263,263 multiprocessing INFO SEE LOG AT : ./logs/all_Lyapunov_test_dso-fn_d_all_l_01_log.txt
SpawnPoolWorker-879| 2026-06-22 04:10:45,263,263 multiprocessing INFO See log at : ./logs/all_Lyapunov_test_dso-fn_d_all_l_01_log.txt
SpawnPoolWorker-879| 2026-06-22 04:10:45,265,265 multiprocessing INFO child process calling self.run()
SpawnPoolWorker-870| 2026-06-22 04:10:45,269,269 multiprocessing INFO STARTING NEW RUN ==========
SpawnPoolWorker-870| 2026-06-22 04:10:45,269,269 multiprocessing INFO SEE LOG AT : ./logs/all_Lyapunov_test_dso-fn_d_all_l_01_log.txt
SpawnPoolWorker-870| 2026-06-22 04:10:45,269,269 multiprocessing INFO See log at : ./logs/all_Lyapunov_test_dso-fn_d_all_l_01_log.txt
SpawnPoolWorker-870| 2026-06-22 04:10:45,272,272 multiprocessing INFO child process calling self.run()
SpawnPoolWorker-874| 2026-06-22 04:10:45,329,329 multiprocessing INFO STARTING NEW RUN ==========
SpawnPoolWorker-874| 2026-06-22 04:10:45,329,329 multiprocessing INFO SEE LOG AT : ./logs/all_Lyapunov_test_dso-fn_d_all_l_01_log.txt
SpawnPoolWorker-874| 2026-06-22 04:10:45,329,329 multiprocessing INFO See log at : ./logs/all_Lyapunov_test_dso-fn_d_all_l_01_log.txt
SpawnPoolWorker-869| 2026-06-22 04:10:45,329,329 multiprocessing INFO STARTING NEW RUN ==========
SpawnPoolWorker-869| 2026-06-22 04:10:45,330,330 multiprocessing INFO SEE LOG AT : ./logs/all_Lyapunov_test_dso-fn_d_all_l_01_log.txt
SpawnPoolWorker-869| 2026-06-22 04:10:45,330,330 multiprocessing INFO See log at : ./logs/all_Lyapunov_test_dso-fn_d_all_l_01_log.txt
SpawnPoolWorker-874| 2026-06-22 04:10:45,331,331 multiprocessing INFO child process calling self.run()
SpawnPoolWorker-869| 2026-06-22 04:10:45,333,333 multiprocessing INFO child process calling self.run()
SpawnPoolWorker-882| 2026-06-22 04:10:45,561,561 multiprocessing INFO STARTING NEW RUN ==========
SpawnPoolWorker-882| 2026-06-22 04:10:45,561,561 multiprocessing INFO SEE LOG AT : ./logs/all_Lyapunov_test_dso-fn_d_all_l_01_log.txt
SpawnPoolWorker-882| 2026-06-22 04:10:45,561,561 multiprocessing INFO See log at : ./logs/all_Lyapunov_test_dso-fn_d_all_l_01_log.txt
SpawnPoolWorker-882| 2026-06-22 04:10:45,563,563 multiprocessing INFO child process calling self.run()
SpawnPoolWorker-872| 2026-06-22 04:10:45,647,647 multiprocessing INFO STARTING NEW RUN ==========
SpawnPoolWorker-872| 2026-06-22 04:10:45,647,647 multiprocessing INFO SEE LOG AT : ./logs/all_Lyapunov_test_dso-fn_d_all_l_01_log.txt
SpawnPoolWorker-872| 2026-06-22 04:10:45,647,647 multiprocessing INFO See log at : ./logs/all_Lyapunov_test_dso-fn_d_all_l_01_log.txt
SpawnPoolWorker-872| 2026-06-22 04:10:45,652,652 multiprocessing INFO child process calling self.run()
SpawnPoolWorker-876| 2026-06-22 04:10:45,731,731 multiprocessing INFO STARTING NEW RUN ==========
SpawnPoolWorker-876| 2026-06-22 04:10:45,731,731 multiprocessing INFO SEE LOG AT : ./logs/all_Lyapunov_test_dso-fn_d_all_l_01_log.txt
SpawnPoolWorker-876| 2026-06-22 04:10:45,731,731 multiprocessing INFO See log at : ./logs/all_Lyapunov_test_dso-fn_d_all_l_01_log.txt
SpawnPoolWorker-876| 2026-06-22 04:10:45,733,733 multiprocessing INFO child process calling self.run()
SpawnPoolWorker-871| 2026-06-22 04:10:45,855,855 multiprocessing INFO STARTING NEW RUN ==========
SpawnPoolWorker-871| 2026-06-22 04:10:45,855,855 multiprocessing INFO SEE LOG AT : ./logs/all_Lyapunov_test_dso-fn_d_all_l_01_log.txt
SpawnPoolWorker-871| 2026-06-22 04:10:45,855,855 multiprocessing INFO See log at : ./logs/all_Lyapunov_test_dso-fn_d_all_l_01_log.txt
SpawnPoolWorker-871| 2026-06-22 04:10:45,859,859 multiprocessing INFO child process calling self.run()
SpawnPoolWorker-877| 2026-06-22 04:10:45,871,871 multiprocessing INFO STARTING NEW RUN ==========
SpawnPoolWorker-877| 2026-06-22 04:10:45,871,871 multiprocessing INFO SEE LOG AT : ./logs/all_Lyapunov_test_dso-fn_d_all_l_01_log.txt
SpawnPoolWorker-877| 2026-06-22 04:10:45,871,871 multiprocessing INFO See log at : ./logs/all_Lyapunov_test_dso-fn_d_all_l_01_log.txt
SpawnPoolWorker-877| 2026-06-22 04:10:45,880,880 multiprocessing INFO child process calling self.run()
SpawnPoolWorker-875| 2026-06-22 04:10:45,980,980 multiprocessing INFO STARTING NEW RUN ==========
SpawnPoolWorker-875| 2026-06-22 04:10:45,980,980 multiprocessing INFO SEE LOG AT : ./logs/all_Lyapunov_test_dso-fn_d_all_l_01_log.txt
SpawnPoolWorker-875| 2026-06-22 04:10:45,980,980 multiprocessing INFO See log at : ./logs/all_Lyapunov_test_dso-fn_d_all_l_01_log.txt
SpawnPoolWorker-875| 2026-06-22 04:10:45,988,988 multiprocessing INFO child process calling self.run()
SpawnPoolWorker-883| 2026-06-22 04:10:46,060,60 multiprocessing INFO STARTING NEW RUN ==========
SpawnPoolWorker-883| 2026-06-22 04:10:46,060,60 multiprocessing INFO SEE LOG AT : ./logs/all_Lyapunov_test_dso-fn_d_all_l_01_log.txt
SpawnPoolWorker-883| 2026-06-22 04:10:46,060,60 multiprocessing INFO See log at : ./logs/all_Lyapunov_test_dso-fn_d_all_l_01_log.txt
SpawnPoolWorker-883| 2026-06-22 04:10:46,061,61 multiprocessing INFO child process calling self.run()
SpawnPoolWorker-880| 2026-06-22 04:10:46,063,63 multiprocessing INFO STARTING NEW RUN ==========
SpawnPoolWorker-880| 2026-06-22 04:10:46,064,64 multiprocessing INFO SEE LOG AT : ./logs/all_Lyapunov_test_dso-fn_d_all_l_01_log.txt
SpawnPoolWorker-880| 2026-06-22 04:10:46,064,64 multiprocessing INFO See log at : ./logs/all_Lyapunov_test_dso-fn_d_all_l_01_log.txt
SpawnPoolWorker-880| 2026-06-22 04:10:46,071,71 multiprocessing INFO child process calling self.run()
SpawnPoolWorker-873| 2026-06-22 04:10:46,076,76 multiprocessing INFO STARTING NEW RUN ==========
SpawnPoolWorker-873| 2026-06-22 04:10:46,076,76 multiprocessing INFO SEE LOG AT : ./logs/all_Lyapunov_test_dso-fn_d_all_l_01_log.txt
SpawnPoolWorker-873| 2026-06-22 04:10:46,076,76 multiprocessing INFO See log at : ./logs/all_Lyapunov_test_dso-fn_d_all_l_01_log.txt
SpawnPoolWorker-873| 2026-06-22 04:10:46,078,78 multiprocessing INFO child process calling self.run()
SpawnPoolWorker-881| 2026-06-22 04:10:46,926,926 multiprocessing INFO STARTING NEW RUN ==========
SpawnPoolWorker-881| 2026-06-22 04:10:46,926,926 multiprocessing INFO SEE LOG AT : ./logs/all_Lyapunov_test_dso-fn_d_all_l_01_log.txt
SpawnPoolWorker-881| 2026-06-22 04:10:46,926,926 multiprocessing INFO See log at : ./logs/all_Lyapunov_test_dso-fn_d_all_l_01_log.txt
SpawnPoolWorker-881| 2026-06-22 04:10:46,928,928 multiprocessing INFO child process calling self.run()
SpawnPoolWorker-884| 2026-06-22 04:10:47,238,238 multiprocessing INFO STARTING NEW RUN ==========
SpawnPoolWorker-884| 2026-06-22 04:10:47,239,239 multiprocessing INFO SEE LOG AT : ./logs/all_Lyapunov_test_dso-fn_d_all_l_01_log.txt
SpawnPoolWorker-884| 2026-06-22 04:10:47,239,239 multiprocessing INFO See log at : ./logs/all_Lyapunov_test_dso-fn_d_all_l_01_log.txt
SpawnPoolWorker-884| 2026-06-22 04:10:47,240,240 multiprocessing INFO child process calling self.run()
SpawnPoolWorker-878| 2026-06-22 04:10:47,268,268 multiprocessing INFO STARTING NEW RUN ==========
SpawnPoolWorker-878| 2026-06-22 04:10:47,268,268 multiprocessing INFO SEE LOG AT : ./logs/all_Lyapunov_test_dso-fn_d_all_l_01_log.txt
SpawnPoolWorker-878| 2026-06-22 04:10:47,268,268 multiprocessing INFO See log at : ./logs/all_Lyapunov_test_dso-fn_d_all_l_01_log.txt
SpawnPoolWorker-878| 2026-06-22 04:10:47,269,269 multiprocessing INFO child process calling self.run()
SpawnPoolWorker-883| 2026-06-22 04:17:59,628,628 multiprocessing INFO process shutting down
SpawnPoolWorker-871| 2026-06-22 04:17:59,629,629 multiprocessing INFO process shutting down
SpawnPoolWorker-861| 2026-06-22 04:17:59,628,628 multiprocessing INFO process shutting down
SpawnPoolWorker-867| 2026-06-22 04:17:59,629,629 multiprocessing INFO process shutting down
SpawnPoolWorker-880| 2026-06-22 04:17:59,628,628 multiprocessing INFO process shutting down
SpawnPoolWorker-874| 2026-06-22 04:17:59,629,629 multiprocessing INFO process shutting down
SpawnPoolWorker-877| 2026-06-22 04:17:59,628,628 multiprocessing INFO process shutting down
SpawnPoolWorker-869| 2026-06-22 04:17:59,629,629 multiprocessing INFO process shutting down
SpawnPoolWorker-865| 2026-06-22 04:17:59,628,628 multiprocessing INFO process shutting down
SpawnPoolWorker-875| 2026-06-22 04:17:59,628,628 multiprocessing INFO process shutting down
SpawnPoolWorker-864| 2026-06-22 04:17:59,629,629 multiprocessing INFO process shutting down
SpawnPoolWorker-884| 2026-06-22 04:17:59,628,628 multiprocessing INFO process shutting down
SpawnPoolWorker-882| 2026-06-22 04:17:59,629,629 multiprocessing INFO process shutting down
SpawnPoolWorker-878| 2026-06-22 04:17:59,629,629 multiprocessing INFO process shutting down
SpawnPoolWorker-862| 2026-06-22 04:17:59,629,629 multiprocessing INFO process shutting down
SpawnPoolWorker-870| 2026-06-22 04:17:59,629,629 multiprocessing INFO process shutting down
SpawnPoolWorker-882| 2026-06-22 04:17:59,630,630 multiprocessing INFO process exiting with exitcode 0
SpawnPoolWorker-861| 2026-06-22 04:17:59,630,630 multiprocessing INFO process exiting with exitcode 0
SpawnPoolWorker-871| 2026-06-22 04:17:59,630,630 multiprocessing INFO process exiting with exitcode 0
SpawnPoolWorker-862| 2026-06-22 04:17:59,630,630 multiprocessing INFO process exiting with exitcode 0
SpawnPoolWorker-867| 2026-06-22 04:17:59,630,630 multiprocessing INFO process exiting with exitcode 0
SpawnPoolWorker-870| 2026-06-22 04:17:59,630,630 multiprocessing INFO process exiting with exitcode 0
SpawnPoolWorker-874| 2026-06-22 04:17:59,630,630 multiprocessing INFO process exiting with exitcode 0
SpawnPoolWorker-872| 2026-06-22 04:17:59,629,629 multiprocessing INFO process shutting down
SpawnPoolWorker-866| 2026-06-22 04:17:59,629,629 multiprocessing INFO process shutting down
SpawnPoolWorker-878| 2026-06-22 04:17:59,630,630 multiprocessing INFO process exiting with exitcode 0
SpawnPoolWorker-881| 2026-06-22 04:17:59,630,630 multiprocessing INFO process shutting down
SpawnPoolWorker-879| 2026-06-22 04:17:59,629,629 multiprocessing INFO process shutting down
30
(100000, 9)
(100000,)
(100000, 9)
(100000,)

=======================Successfully Added (50000, 9) Counter Examples=======================


============None of the candidates fulfill the conditions. Training CONTINUES!=================

MainProcess| 2026-06-22 04:18:04,621,621 multiprocessing INFO 
============None of the candidates fulfill the conditions. Training CONTINUES!=================


============None of the candidates fulfill the conditions. Training CONTINUES!=================

(55, 171)
/users/9/chen8596/miniconda3/envs/alfd/lib/python3.9/site-packages/torch/nn/functional.py:4999: UserWarning: Support for mismatched key_padding_mask and attn_mask is deprecated. Use same type for both instead.
  warnings.warn(

==============Start Supervised Learning==============

MainProcess| 2026-06-22 04:18:13,733,733 multiprocessing INFO GP output mean: 0.41442519743360184
GP output mean: 0.41442519743360184
MainProcess| 2026-06-22 04:18:14,892,892 multiprocessing INFO GP output success rate: 0.0
GP output success rate: 0.0

==============End Supervised Learning==============

MainProcess| 2026-06-22 04:18:16,975,975 multiprocessing INFO [Test epoch=0026]  nevals=357654 	| train_loss=12119.77051 	| eqs_invalid %=0.00 	| r_best=0.97722 	| quantile=0.00000 	| r_quantile_mean=0.49632 	| r_raw_sum=27.29773 	|  r_raw_mean=0.49632 	| r2=nan 	| acc_iid=0.00000 	| acc_ood=0.00000 	| nmse_test=0.0059515879243644786 	| true_equation_set_count=0 	| s/it=677.62478
[Test epoch=0026]  nevals=357654 	| train_loss=12119.77051 	| eqs_invalid %=0.00 	| r_best=0.97722 	| quantile=0.00000 	| r_quantile_mean=0.49632 	| r_raw_sum=27.29773 	|  r_raw_mean=0.49632 	| r2=nan 	| acc_iid=0.00000 	| acc_ood=0.00000 	| nmse_test=0.0059515879243644786 	| true_equation_set_count=0 	| s/it=677.62478
MainProcess| 2026-06-22 04:21:36,132,132 multiprocessing INFO Genetic Porgramming Runtime 197.93896570592187
Genetic Porgramming Runtime 197.93896570592187

=========================PGD Collection Starts=========================

SpawnPoolWorker-890| 2026-06-22 04:21:42,584,584 multiprocessing INFO STARTING NEW RUN ==========
SpawnPoolWorker-890| 2026-06-22 04:21:42,584,584 multiprocessing INFO SEE LOG AT : ./logs/all_Lyapunov_test_dso-fn_d_all_l_01_log.txt
SpawnPoolWorker-890| 2026-06-22 04:21:42,586,586 multiprocessing INFO See log at : ./logs/all_Lyapunov_test_dso-fn_d_all_l_01_log.txt
SpawnPoolWorker-885| 2026-06-22 04:21:42,586,586 multiprocessing INFO STARTING NEW RUN ==========
SpawnPoolWorker-889| 2026-06-22 04:21:42,586,586 multiprocessing INFO STARTING NEW RUN ==========
SpawnPoolWorker-888| 2026-06-22 04:21:42,586,586 multiprocessing INFO STARTING NEW RUN ==========
SpawnPoolWorker-885| 2026-06-22 04:21:42,587,587 multiprocessing INFO SEE LOG AT : ./logs/all_Lyapunov_test_dso-fn_d_all_l_01_log.txt
SpawnPoolWorker-889| 2026-06-22 04:21:42,587,587 multiprocessing INFO SEE LOG AT : ./logs/all_Lyapunov_test_dso-fn_d_all_l_01_log.txt
SpawnPoolWorker-888| 2026-06-22 04:21:42,587,587 multiprocessing INFO SEE LOG AT : ./logs/all_Lyapunov_test_dso-fn_d_all_l_01_log.txt
SpawnPoolWorker-885| 2026-06-22 04:21:42,587,587 multiprocessing INFO See log at : ./logs/all_Lyapunov_test_dso-fn_d_all_l_01_log.txt
SpawnPoolWorker-889| 2026-06-22 04:21:42,587,587 multiprocessing INFO See log at : ./logs/all_Lyapunov_test_dso-fn_d_all_l_01_log.txt
SpawnPoolWorker-888| 2026-06-22 04:21:42,587,587 multiprocessing INFO See log at : ./logs/all_Lyapunov_test_dso-fn_d_all_l_01_log.txt
SpawnPoolWorker-888| 2026-06-22 04:21:42,589,589 multiprocessing INFO child process calling self.run()
SpawnPoolWorker-894| 2026-06-22 04:21:42,589,589 multiprocessing INFO STARTING NEW RUN ==========
SpawnPoolWorker-887| 2026-06-22 04:21:42,589,589 multiprocessing INFO STARTING NEW RUN ==========
SpawnPoolWorker-885| 2026-06-22 04:21:42,589,589 multiprocessing INFO child process calling self.run()
SpawnPoolWorker-890| 2026-06-22 04:21:42,589,589 multiprocessing INFO child process calling self.run()
SpawnPoolWorker-894| 2026-06-22 04:21:42,589,589 multiprocessing INFO SEE LOG AT : ./logs/all_Lyapunov_test_dso-fn_d_all_l_01_log.txt
SpawnPoolWorker-887| 2026-06-22 04:21:42,589,589 multiprocessing INFO SEE LOG AT : ./logs/all_Lyapunov_test_dso-fn_d_all_l_01_log.txt
SpawnPoolWorker-889| 2026-06-22 04:21:42,589,589 multiprocessing INFO child process calling self.run()
SpawnPoolWorker-894| 2026-06-22 04:21:42,589,589 multiprocessing INFO See log at : ./logs/all_Lyapunov_test_dso-fn_d_all_l_01_log.txt
SpawnPoolWorker-887| 2026-06-22 04:21:42,590,590 multiprocessing INFO See log at : ./logs/all_Lyapunov_test_dso-fn_d_all_l_01_log.txt
SpawnPoolWorker-887| 2026-06-22 04:21:42,591,591 multiprocessing INFO child process calling self.run()
SpawnPoolWorker-894| 2026-06-22 04:21:42,591,591 multiprocessing INFO child process calling self.run()
SpawnPoolWorker-891| 2026-06-22 04:21:42,592,592 multiprocessing INFO STARTING NEW RUN ==========
SpawnPoolWorker-893| 2026-06-22 04:21:42,592,592 multiprocessing INFO STARTING NEW RUN ==========
SpawnPoolWorker-891| 2026-06-22 04:21:42,592,592 multiprocessing INFO SEE LOG AT : ./logs/all_Lyapunov_test_dso-fn_d_all_l_01_log.txt
SpawnPoolWorker-893| 2026-06-22 04:21:42,592,592 multiprocessing INFO SEE LOG AT : ./logs/all_Lyapunov_test_dso-fn_d_all_l_01_log.txt
SpawnPoolWorker-891| 2026-06-22 04:21:42,592,592 multiprocessing INFO See log at : ./logs/all_Lyapunov_test_dso-fn_d_all_l_01_log.txt
SpawnPoolWorker-893| 2026-06-22 04:21:42,592,592 multiprocessing INFO See log at : ./logs/all_Lyapunov_test_dso-fn_d_all_l_01_log.txt
SpawnPoolWorker-893| 2026-06-22 04:21:42,594,594 multiprocessing INFO child process calling self.run()
SpawnPoolWorker-891| 2026-06-22 04:21:42,594,594 multiprocessing INFO child process calling self.run()
SpawnPoolWorker-886| 2026-06-22 04:21:42,596,596 multiprocessing INFO STARTING NEW RUN ==========
SpawnPoolWorker-886| 2026-06-22 04:21:42,596,596 multiprocessing INFO SEE LOG AT : ./logs/all_Lyapunov_test_dso-fn_d_all_l_01_log.txt
SpawnPoolWorker-886| 2026-06-22 04:21:42,596,596 multiprocessing INFO See log at : ./logs/all_Lyapunov_test_dso-fn_d_all_l_01_log.txt
SpawnPoolWorker-886| 2026-06-22 04:21:42,597,597 multiprocessing INFO child process calling self.run()
SpawnPoolWorker-892| 2026-06-22 04:21:42,598,598 multiprocessing INFO STARTING NEW RUN ==========
SpawnPoolWorker-892| 2026-06-22 04:21:42,598,598 multiprocessing INFO SEE LOG AT : ./logs/all_Lyapunov_test_dso-fn_d_all_l_01_log.txt
SpawnPoolWorker-892| 2026-06-22 04:21:42,598,598 multiprocessing INFO See log at : ./logs/all_Lyapunov_test_dso-fn_d_all_l_01_log.txt
SpawnPoolWorker-892| 2026-06-22 04:21:42,599,599 multiprocessing INFO child process calling self.run()
SpawnPoolWorker-892| 2026-06-22 04:21:58,380,380 multiprocessing INFO process shutting down
SpawnPoolWorker-893| 2026-06-22 04:21:58,380,380 multiprocessing INFO process shutting down
SpawnPoolWorker-892| 2026-06-22 04:21:58,380,380 multiprocessing INFO process exiting with exitcode 0
SpawnPoolWorker-893| 2026-06-22 04:21:58,380,380 multiprocessing INFO process exiting with exitcode 0
SpawnPoolWorker-887| 2026-06-22 04:21:58,381,381 multiprocessing INFO process shutting down
SpawnPoolWorker-886| 2026-06-22 04:21:58,380,380 multiprocessing INFO process shutting down
SpawnPoolWorker-890| 2026-06-22 04:21:58,380,380 multiprocessing INFO process shutting down
SpawnPoolWorker-889| 2026-06-22 04:21:58,381,381 multiprocessing INFO process shutting down
SpawnPoolWorker-894| 2026-06-22 04:21:58,381,381 multiprocessing INFO process shutting down
(20000,)

===================Collect 20000 Examples===================

Epsilon 0.1
500
(550,)
(550,)
(550,)
Number of Programs for Minimization: 28
SpawnPoolWorker-898| 2026-06-22 04:22:14,345,345 multiprocessing INFO STARTING NEW RUN ==========
SpawnPoolWorker-898| 2026-06-22 04:22:14,345,345 multiprocessing INFO SEE LOG AT : ./logs/all_Lyapunov_test_dso-fn_d_all_l_01_log.txt
SpawnPoolWorker-898| 2026-06-22 04:22:14,345,345 multiprocessing INFO See log at : ./logs/all_Lyapunov_test_dso-fn_d_all_l_01_log.txt
SpawnPoolWorker-898| 2026-06-22 04:22:14,348,348 multiprocessing INFO child process calling self.run()
SpawnPoolWorker-896| 2026-06-22 04:22:14,557,557 multiprocessing INFO STARTING NEW RUN ==========
SpawnPoolWorker-896| 2026-06-22 04:22:14,557,557 multiprocessing INFO SEE LOG AT : ./logs/all_Lyapunov_test_dso-fn_d_all_l_01_log.txt
SpawnPoolWorker-896| 2026-06-22 04:22:14,557,557 multiprocessing INFO See log at : ./logs/all_Lyapunov_test_dso-fn_d_all_l_01_log.txt
SpawnPoolWorker-896| 2026-06-22 04:22:14,561,561 multiprocessing INFO child process calling self.run()
SpawnPoolWorker-895| 2026-06-22 04:22:14,569,569 multiprocessing INFO STARTING NEW RUN ==========
SpawnPoolWorker-895| 2026-06-22 04:22:14,569,569 multiprocessing INFO SEE LOG AT : ./logs/all_Lyapunov_test_dso-fn_d_all_l_01_log.txt
SpawnPoolWorker-895| 2026-06-22 04:22:14,569,569 multiprocessing INFO See log at : ./logs/all_Lyapunov_test_dso-fn_d_all_l_01_log.txt
SpawnPoolWorker-895| 2026-06-22 04:22:14,574,574 multiprocessing INFO child process calling self.run()
SpawnPoolWorker-901| 2026-06-22 04:22:14,719,719 multiprocessing INFO STARTING NEW RUN ==========
SpawnPoolWorker-901| 2026-06-22 04:22:14,719,719 multiprocessing INFO SEE LOG AT : ./logs/all_Lyapunov_test_dso-fn_d_all_l_01_log.txt
SpawnPoolWorker-901| 2026-06-22 04:22:14,719,719 multiprocessing INFO See log at : ./logs/all_Lyapunov_test_dso-fn_d_all_l_01_log.txt
SpawnPoolWorker-901| 2026-06-22 04:22:14,723,723 multiprocessing INFO child process calling self.run()
SpawnPoolWorker-899| 2026-06-22 04:22:14,816,816 multiprocessing INFO STARTING NEW RUN ==========
SpawnPoolWorker-899| 2026-06-22 04:22:14,816,816 multiprocessing INFO SEE LOG AT : ./logs/all_Lyapunov_test_dso-fn_d_all_l_01_log.txt
SpawnPoolWorker-899| 2026-06-22 04:22:14,816,816 multiprocessing INFO See log at : ./logs/all_Lyapunov_test_dso-fn_d_all_l_01_log.txt
SpawnPoolWorker-899| 2026-06-22 04:22:14,828,828 multiprocessing INFO child process calling self.run()
SpawnPoolWorker-904| 2026-06-22 04:22:15,045,45 multiprocessing INFO STARTING NEW RUN ==========
SpawnPoolWorker-904| 2026-06-22 04:22:15,045,45 multiprocessing INFO SEE LOG AT : ./logs/all_Lyapunov_test_dso-fn_d_all_l_01_log.txt
SpawnPoolWorker-904| 2026-06-22 04:22:15,045,45 multiprocessing INFO See log at : ./logs/all_Lyapunov_test_dso-fn_d_all_l_01_log.txt
SpawnPoolWorker-904| 2026-06-22 04:22:15,048,48 multiprocessing INFO child process calling self.run()
SpawnPoolWorker-900| 2026-06-22 04:22:15,063,63 multiprocessing INFO STARTING NEW RUN ==========
SpawnPoolWorker-900| 2026-06-22 04:22:15,064,64 multiprocessing INFO SEE LOG AT : ./logs/all_Lyapunov_test_dso-fn_d_all_l_01_log.txt
SpawnPoolWorker-900| 2026-06-22 04:22:15,064,64 multiprocessing INFO See log at : ./logs/all_Lyapunov_test_dso-fn_d_all_l_01_log.txt
SpawnPoolWorker-900| 2026-06-22 04:22:15,067,67 multiprocessing INFO child process calling self.run()
SpawnPoolWorker-914| 2026-06-22 04:22:15,325,325 multiprocessing INFO STARTING NEW RUN ==========
SpawnPoolWorker-914| 2026-06-22 04:22:15,325,325 multiprocessing INFO SEE LOG AT : ./logs/all_Lyapunov_test_dso-fn_d_all_l_01_log.txt
SpawnPoolWorker-914| 2026-06-22 04:22:15,325,325 multiprocessing INFO See log at : ./logs/all_Lyapunov_test_dso-fn_d_all_l_01_log.txt
SpawnPoolWorker-914| 2026-06-22 04:22:15,328,328 multiprocessing INFO child process calling self.run()
SpawnPoolWorker-915| 2026-06-22 04:22:15,347,347 multiprocessing INFO STARTING NEW RUN ==========
SpawnPoolWorker-915| 2026-06-22 04:22:15,347,347 multiprocessing INFO SEE LOG AT : ./logs/all_Lyapunov_test_dso-fn_d_all_l_01_log.txt
SpawnPoolWorker-915| 2026-06-22 04:22:15,347,347 multiprocessing INFO See log at : ./logs/all_Lyapunov_test_dso-fn_d_all_l_01_log.txt
SpawnPoolWorker-915| 2026-06-22 04:22:15,351,351 multiprocessing INFO child process calling self.run()
SpawnPoolWorker-903| 2026-06-22 04:22:15,390,390 multiprocessing INFO STARTING NEW RUN ==========
SpawnPoolWorker-903| 2026-06-22 04:22:15,390,390 multiprocessing INFO SEE LOG AT : ./logs/all_Lyapunov_test_dso-fn_d_all_l_01_log.txt
SpawnPoolWorker-903| 2026-06-22 04:22:15,390,390 multiprocessing INFO See log at : ./logs/all_Lyapunov_test_dso-fn_d_all_l_01_log.txt
SpawnPoolWorker-903| 2026-06-22 04:22:15,400,400 multiprocessing INFO child process calling self.run()
SpawnPoolWorker-909| 2026-06-22 04:22:15,488,488 multiprocessing INFO STARTING NEW RUN ==========
SpawnPoolWorker-909| 2026-06-22 04:22:15,488,488 multiprocessing INFO SEE LOG AT : ./logs/all_Lyapunov_test_dso-fn_d_all_l_01_log.txt
SpawnPoolWorker-909| 2026-06-22 04:22:15,488,488 multiprocessing INFO See log at : ./logs/all_Lyapunov_test_dso-fn_d_all_l_01_log.txt
SpawnPoolWorker-909| 2026-06-22 04:22:15,498,498 multiprocessing INFO child process calling self.run()
SpawnPoolWorker-906| 2026-06-22 04:22:15,549,549 multiprocessing INFO STARTING NEW RUN ==========
SpawnPoolWorker-906| 2026-06-22 04:22:15,550,550 multiprocessing INFO SEE LOG AT : ./logs/all_Lyapunov_test_dso-fn_d_all_l_01_log.txt
SpawnPoolWorker-906| 2026-06-22 04:22:15,550,550 multiprocessing INFO See log at : ./logs/all_Lyapunov_test_dso-fn_d_all_l_01_log.txt
SpawnPoolWorker-906| 2026-06-22 04:22:15,554,554 multiprocessing INFO child process calling self.run()
SpawnPoolWorker-911| 2026-06-22 04:22:15,860,860 multiprocessing INFO STARTING NEW RUN ==========
SpawnPoolWorker-911| 2026-06-22 04:22:15,860,860 multiprocessing INFO SEE LOG AT : ./logs/all_Lyapunov_test_dso-fn_d_all_l_01_log.txt
SpawnPoolWorker-911| 2026-06-22 04:22:15,860,860 multiprocessing INFO See log at : ./logs/all_Lyapunov_test_dso-fn_d_all_l_01_log.txt
SpawnPoolWorker-911| 2026-06-22 04:22:15,868,868 multiprocessing INFO child process calling self.run()
SpawnPoolWorker-917| 2026-06-22 04:22:16,026,26 multiprocessing INFO STARTING NEW RUN ==========
SpawnPoolWorker-917| 2026-06-22 04:22:16,026,26 multiprocessing INFO SEE LOG AT : ./logs/all_Lyapunov_test_dso-fn_d_all_l_01_log.txt
SpawnPoolWorker-917| 2026-06-22 04:22:16,026,26 multiprocessing INFO See log at : ./logs/all_Lyapunov_test_dso-fn_d_all_l_01_log.txt
SpawnPoolWorker-917| 2026-06-22 04:22:16,030,30 multiprocessing INFO child process calling self.run()
SpawnPoolWorker-907| 2026-06-22 04:22:16,030,30 multiprocessing INFO STARTING NEW RUN ==========
SpawnPoolWorker-907| 2026-06-22 04:22:16,030,30 multiprocessing INFO SEE LOG AT : ./logs/all_Lyapunov_test_dso-fn_d_all_l_01_log.txt
SpawnPoolWorker-907| 2026-06-22 04:22:16,030,30 multiprocessing INFO See log at : ./logs/all_Lyapunov_test_dso-fn_d_all_l_01_log.txt
SpawnPoolWorker-907| 2026-06-22 04:22:16,032,32 multiprocessing INFO child process calling self.run()
SpawnPoolWorker-916| 2026-06-22 04:22:16,034,34 multiprocessing INFO STARTING NEW RUN ==========
SpawnPoolWorker-916| 2026-06-22 04:22:16,034,34 multiprocessing INFO SEE LOG AT : ./logs/all_Lyapunov_test_dso-fn_d_all_l_01_log.txt
SpawnPoolWorker-916| 2026-06-22 04:22:16,034,34 multiprocessing INFO See log at : ./logs/all_Lyapunov_test_dso-fn_d_all_l_01_log.txt
SpawnPoolWorker-916| 2026-06-22 04:22:16,036,36 multiprocessing INFO child process calling self.run()
SpawnPoolWorker-910| 2026-06-22 04:22:16,113,113 multiprocessing INFO STARTING NEW RUN ==========
SpawnPoolWorker-910| 2026-06-22 04:22:16,113,113 multiprocessing INFO SEE LOG AT : ./logs/all_Lyapunov_test_dso-fn_d_all_l_01_log.txt
SpawnPoolWorker-910| 2026-06-22 04:22:16,113,113 multiprocessing INFO See log at : ./logs/all_Lyapunov_test_dso-fn_d_all_l_01_log.txt
SpawnPoolWorker-910| 2026-06-22 04:22:16,115,115 multiprocessing INFO child process calling self.run()
SpawnPoolWorker-897| 2026-06-22 04:22:16,121,121 multiprocessing INFO STARTING NEW RUN ==========
SpawnPoolWorker-897| 2026-06-22 04:22:16,121,121 multiprocessing INFO SEE LOG AT : ./logs/all_Lyapunov_test_dso-fn_d_all_l_01_log.txt
SpawnPoolWorker-897| 2026-06-22 04:22:16,121,121 multiprocessing INFO See log at : ./logs/all_Lyapunov_test_dso-fn_d_all_l_01_log.txt
SpawnPoolWorker-897| 2026-06-22 04:22:16,130,130 multiprocessing INFO child process calling self.run()
SpawnPoolWorker-905| 2026-06-22 04:22:16,141,141 multiprocessing INFO STARTING NEW RUN ==========
SpawnPoolWorker-905| 2026-06-22 04:22:16,141,141 multiprocessing INFO SEE LOG AT : ./logs/all_Lyapunov_test_dso-fn_d_all_l_01_log.txt
SpawnPoolWorker-905| 2026-06-22 04:22:16,141,141 multiprocessing INFO See log at : ./logs/all_Lyapunov_test_dso-fn_d_all_l_01_log.txt
SpawnPoolWorker-905| 2026-06-22 04:22:16,147,147 multiprocessing INFO child process calling self.run()
SpawnPoolWorker-908| 2026-06-22 04:22:16,167,167 multiprocessing INFO STARTING NEW RUN ==========
SpawnPoolWorker-908| 2026-06-22 04:22:16,167,167 multiprocessing INFO SEE LOG AT : ./logs/all_Lyapunov_test_dso-fn_d_all_l_01_log.txt
SpawnPoolWorker-908| 2026-06-22 04:22:16,167,167 multiprocessing INFO See log at : ./logs/all_Lyapunov_test_dso-fn_d_all_l_01_log.txt
SpawnPoolWorker-908| 2026-06-22 04:22:16,175,175 multiprocessing INFO child process calling self.run()
SpawnPoolWorker-902| 2026-06-22 04:22:16,187,187 multiprocessing INFO STARTING NEW RUN ==========
SpawnPoolWorker-902| 2026-06-22 04:22:16,187,187 multiprocessing INFO SEE LOG AT : ./logs/all_Lyapunov_test_dso-fn_d_all_l_01_log.txt
SpawnPoolWorker-902| 2026-06-22 04:22:16,188,188 multiprocessing INFO See log at : ./logs/all_Lyapunov_test_dso-fn_d_all_l_01_log.txt
SpawnPoolWorker-902| 2026-06-22 04:22:16,190,190 multiprocessing INFO child process calling self.run()
SpawnPoolWorker-918| 2026-06-22 04:22:16,330,330 multiprocessing INFO STARTING NEW RUN ==========
SpawnPoolWorker-918| 2026-06-22 04:22:16,330,330 multiprocessing INFO SEE LOG AT : ./logs/all_Lyapunov_test_dso-fn_d_all_l_01_log.txt
SpawnPoolWorker-918| 2026-06-22 04:22:16,330,330 multiprocessing INFO See log at : ./logs/all_Lyapunov_test_dso-fn_d_all_l_01_log.txt
SpawnPoolWorker-918| 2026-06-22 04:22:16,332,332 multiprocessing INFO child process calling self.run()
SpawnPoolWorker-912| 2026-06-22 04:22:16,401,401 multiprocessing INFO STARTING NEW RUN ==========
SpawnPoolWorker-912| 2026-06-22 04:22:16,402,402 multiprocessing INFO SEE LOG AT : ./logs/all_Lyapunov_test_dso-fn_d_all_l_01_log.txt
SpawnPoolWorker-912| 2026-06-22 04:22:16,402,402 multiprocessing INFO See log at : ./logs/all_Lyapunov_test_dso-fn_d_all_l_01_log.txt
SpawnPoolWorker-912| 2026-06-22 04:22:16,403,403 multiprocessing INFO child process calling self.run()
SpawnPoolWorker-913| 2026-06-22 04:22:16,565,565 multiprocessing INFO STARTING NEW RUN ==========
SpawnPoolWorker-913| 2026-06-22 04:22:16,565,565 multiprocessing INFO SEE LOG AT : ./logs/all_Lyapunov_test_dso-fn_d_all_l_01_log.txt
SpawnPoolWorker-913| 2026-06-22 04:22:16,565,565 multiprocessing INFO See log at : ./logs/all_Lyapunov_test_dso-fn_d_all_l_01_log.txt
SpawnPoolWorker-913| 2026-06-22 04:22:16,566,566 multiprocessing INFO child process calling self.run()
SpawnPoolWorker-917| 2026-06-22 04:30:22,615,615 multiprocessing INFO process shutting down
SpawnPoolWorker-915| 2026-06-22 04:30:22,615,615 multiprocessing INFO process shutting down
SpawnPoolWorker-910| 2026-06-22 04:30:22,615,615 multiprocessing INFO process shutting down
SpawnPoolWorker-911| 2026-06-22 04:30:22,615,615 multiprocessing INFO process shutting down
SpawnPoolWorker-895| 2026-06-22 04:30:22,615,615 multiprocessing INFO process shutting down
SpawnPoolWorker-914| 2026-06-22 04:30:22,615,615 multiprocessing INFO process shutting down
SpawnPoolWorker-900| 2026-06-22 04:30:22,616,616 multiprocessing INFO process shutting down
SpawnPoolWorker-906| 2026-06-22 04:30:22,616,616 multiprocessing INFO process shutting down
SpawnPoolWorker-899| 2026-06-22 04:30:22,616,616 multiprocessing INFO process shutting down
SpawnPoolWorker-917| 2026-06-22 04:30:22,616,616 multiprocessing INFO process exiting with exitcode 0
SpawnPoolWorker-905| 2026-06-22 04:30:22,616,616 multiprocessing INFO process shutting down
SpawnPoolWorker-900| 2026-06-22 04:30:22,616,616 multiprocessing INFO process exiting with exitcode 0
SpawnPoolWorker-901| 2026-06-22 04:30:22,616,616 multiprocessing INFO process shutting down
SpawnPoolWorker-906| 2026-06-22 04:30:22,616,616 multiprocessing INFO process exiting with exitcode 0
SpawnPoolWorker-896| 2026-06-22 04:30:22,616,616 multiprocessing INFO process shutting down
SpawnPoolWorker-899| 2026-06-22 04:30:22,616,616 multiprocessing INFO process exiting with exitcode 0
SpawnPoolWorker-905| 2026-06-22 04:30:22,616,616 multiprocessing INFO process exiting with exitcode 0
SpawnPoolWorker-901| 2026-06-22 04:30:22,616,616 multiprocessing INFO process exiting with exitcode 0
SpawnPoolWorker-897| 2026-06-22 04:30:22,616,616 multiprocessing INFO process shutting down
SpawnPoolWorker-896| 2026-06-22 04:30:22,616,616 multiprocessing INFO process exiting with exitcode 0
SpawnPoolWorker-898| 2026-06-22 04:30:22,615,615 multiprocessing INFO process shutting down
SpawnPoolWorker-903| 2026-06-22 04:30:22,615,615 multiprocessing INFO process shutting down
SpawnPoolWorker-897| 2026-06-22 04:30:22,616,616 multiprocessing INFO process exiting with exitcode 0
SpawnPoolWorker-909| 2026-06-22 04:30:22,617,617 multiprocessing INFO process shutting down
SpawnPoolWorker-918| 2026-06-22 04:30:22,617,617 multiprocessing INFO process shutting down
SpawnPoolWorker-902| 2026-06-22 04:30:22,617,617 multiprocessing INFO process shutting down
SpawnPoolWorker-916| 2026-06-22 04:30:22,617,617 multiprocessing INFO process shutting down
SpawnPoolWorker-912| 2026-06-22 04:30:22,617,617 multiprocessing INFO process shutting down
SpawnPoolWorker-913| 2026-06-22 04:30:22,617,617 multiprocessing INFO process shutting down
28
(100000, 9)
(100000,)
(100000, 9)
(100000,)

=======================Successfully Added (32428, 9) Counter Examples=======================


============None of the candidates fulfill the conditions. Training CONTINUES!=================

MainProcess| 2026-06-22 04:30:28,867,867 multiprocessing INFO 
============None of the candidates fulfill the conditions. Training CONTINUES!=================


============None of the candidates fulfill the conditions. Training CONTINUES!=================

(550, 171)
/users/9/chen8596/miniconda3/envs/alfd/lib/python3.9/site-packages/torch/nn/functional.py:4999: UserWarning: Support for mismatched key_padding_mask and attn_mask is deprecated. Use same type for both instead.
  warnings.warn(

==============Start Supervised Learning==============

MainProcess| 2026-06-22 04:30:37,359,359 multiprocessing INFO GP output mean: 0.9999998415154374
GP output mean: 0.9999998415154374
MainProcess| 2026-06-22 04:30:37,898,898 multiprocessing INFO GP output success rate: 0.0
GP output success rate: 0.0

==============End Supervised Learning==============

MainProcess| 2026-06-22 04:30:40,012,12 multiprocessing INFO [Test epoch=0027]  nevals=371446 	| train_loss=9889.81348 	| eqs_invalid %=0.00 	| r_best=0.97722 	| quantile=0.00000 	| r_quantile_mean=0.08610 	| r_raw_sum=47.35555 	|  r_raw_mean=0.87695 	| r2=nan 	| acc_iid=0.00000 	| acc_ood=0.00000 	| nmse_test=0.0059515879243644786 	| true_equation_set_count=0 	| s/it=743.03638
[Test epoch=0027]  nevals=371446 	| train_loss=9889.81348 	| eqs_invalid %=0.00 	| r_best=0.97722 	| quantile=0.00000 	| r_quantile_mean=0.08610 	| r_raw_sum=47.35555 	|  r_raw_mean=0.87695 	| r2=nan 	| acc_iid=0.00000 	| acc_ood=0.00000 	| nmse_test=0.0059515879243644786 	| true_equation_set_count=0 	| s/it=743.03638
MainProcess| 2026-06-22 04:33:11,038,38 multiprocessing INFO Genetic Porgramming Runtime 149.81438235612586
Genetic Porgramming Runtime 149.81438235612586

=========================PGD Collection Starts=========================

SpawnPoolWorker-919| 2026-06-22 04:33:16,188,188 multiprocessing INFO STARTING NEW RUN ==========
SpawnPoolWorker-919| 2026-06-22 04:33:16,188,188 multiprocessing INFO SEE LOG AT : ./logs/all_Lyapunov_test_dso-fn_d_all_l_01_log.txt
SpawnPoolWorker-919| 2026-06-22 04:33:16,188,188 multiprocessing INFO See log at : ./logs/all_Lyapunov_test_dso-fn_d_all_l_01_log.txt
SpawnPoolWorker-925| 2026-06-22 04:33:16,188,188 multiprocessing INFO STARTING NEW RUN ==========
SpawnPoolWorker-925| 2026-06-22 04:33:16,189,189 multiprocessing INFO SEE LOG AT : ./logs/all_Lyapunov_test_dso-fn_d_all_l_01_log.txt
SpawnPoolWorker-925| 2026-06-22 04:33:16,190,190 multiprocessing INFO See log at : ./logs/all_Lyapunov_test_dso-fn_d_all_l_01_log.txt
SpawnPoolWorker-927| 2026-06-22 04:33:16,190,190 multiprocessing INFO STARTING NEW RUN ==========
SpawnPoolWorker-928| 2026-06-22 04:33:16,190,190 multiprocessing INFO STARTING NEW RUN ==========
SpawnPoolWorker-922| 2026-06-22 04:33:16,190,190 multiprocessing INFO STARTING NEW RUN ==========
SpawnPoolWorker-927| 2026-06-22 04:33:16,190,190 multiprocessing INFO SEE LOG AT : ./logs/all_Lyapunov_test_dso-fn_d_all_l_01_log.txt
SpawnPoolWorker-928| 2026-06-22 04:33:16,190,190 multiprocessing INFO SEE LOG AT : ./logs/all_Lyapunov_test_dso-fn_d_all_l_01_log.txt
SpawnPoolWorker-922| 2026-06-22 04:33:16,190,190 multiprocessing INFO SEE LOG AT : ./logs/all_Lyapunov_test_dso-fn_d_all_l_01_log.txt
SpawnPoolWorker-927| 2026-06-22 04:33:16,190,190 multiprocessing INFO See log at : ./logs/all_Lyapunov_test_dso-fn_d_all_l_01_log.txt
SpawnPoolWorker-928| 2026-06-22 04:33:16,190,190 multiprocessing INFO See log at : ./logs/all_Lyapunov_test_dso-fn_d_all_l_01_log.txt
SpawnPoolWorker-922| 2026-06-22 04:33:16,190,190 multiprocessing INFO See log at : ./logs/all_Lyapunov_test_dso-fn_d_all_l_01_log.txt
SpawnPoolWorker-923| 2026-06-22 04:33:16,191,191 multiprocessing INFO STARTING NEW RUN ==========
SpawnPoolWorker-923| 2026-06-22 04:33:16,191,191 multiprocessing INFO SEE LOG AT : ./logs/all_Lyapunov_test_dso-fn_d_all_l_01_log.txt
SpawnPoolWorker-923| 2026-06-22 04:33:16,191,191 multiprocessing INFO See log at : ./logs/all_Lyapunov_test_dso-fn_d_all_l_01_log.txt
SpawnPoolWorker-926| 2026-06-22 04:33:16,193,193 multiprocessing INFO STARTING NEW RUN ==========
SpawnPoolWorker-920| 2026-06-22 04:33:16,193,193 multiprocessing INFO STARTING NEW RUN ==========
SpawnPoolWorker-926| 2026-06-22 04:33:16,193,193 multiprocessing INFO SEE LOG AT : ./logs/all_Lyapunov_test_dso-fn_d_all_l_01_log.txt
SpawnPoolWorker-920| 2026-06-22 04:33:16,193,193 multiprocessing INFO SEE LOG AT : ./logs/all_Lyapunov_test_dso-fn_d_all_l_01_log.txt
SpawnPoolWorker-926| 2026-06-22 04:33:16,193,193 multiprocessing INFO See log at : ./logs/all_Lyapunov_test_dso-fn_d_all_l_01_log.txt
SpawnPoolWorker-920| 2026-06-22 04:33:16,193,193 multiprocessing INFO See log at : ./logs/all_Lyapunov_test_dso-fn_d_all_l_01_log.txt
SpawnPoolWorker-923| 2026-06-22 04:33:16,194,194 multiprocessing INFO child process calling self.run()
SpawnPoolWorker-925| 2026-06-22 04:33:16,194,194 multiprocessing INFO child process calling self.run()
SpawnPoolWorker-927| 2026-06-22 04:33:16,194,194 multiprocessing INFO child process calling self.run()
SpawnPoolWorker-922| 2026-06-22 04:33:16,194,194 multiprocessing INFO child process calling self.run()
SpawnPoolWorker-928| 2026-06-22 04:33:16,194,194 multiprocessing INFO child process calling self.run()
SpawnPoolWorker-919| 2026-06-22 04:33:16,194,194 multiprocessing INFO child process calling self.run()
SpawnPoolWorker-920| 2026-06-22 04:33:16,194,194 multiprocessing INFO child process calling self.run()
SpawnPoolWorker-926| 2026-06-22 04:33:16,194,194 multiprocessing INFO child process calling self.run()
SpawnPoolWorker-921| 2026-06-22 04:33:16,194,194 multiprocessing INFO STARTING NEW RUN ==========
SpawnPoolWorker-924| 2026-06-22 04:33:16,194,194 multiprocessing INFO STARTING NEW RUN ==========
SpawnPoolWorker-921| 2026-06-22 04:33:16,194,194 multiprocessing INFO SEE LOG AT : ./logs/all_Lyapunov_test_dso-fn_d_all_l_01_log.txt
SpawnPoolWorker-924| 2026-06-22 04:33:16,194,194 multiprocessing INFO SEE LOG AT : ./logs/all_Lyapunov_test_dso-fn_d_all_l_01_log.txt
SpawnPoolWorker-921| 2026-06-22 04:33:16,195,195 multiprocessing INFO See log at : ./logs/all_Lyapunov_test_dso-fn_d_all_l_01_log.txt
SpawnPoolWorker-924| 2026-06-22 04:33:16,195,195 multiprocessing INFO See log at : ./logs/all_Lyapunov_test_dso-fn_d_all_l_01_log.txt
SpawnPoolWorker-924| 2026-06-22 04:33:16,196,196 multiprocessing INFO child process calling self.run()
SpawnPoolWorker-921| 2026-06-22 04:33:16,196,196 multiprocessing INFO child process calling self.run()
SpawnPoolWorker-920| 2026-06-22 04:33:33,883,883 multiprocessing INFO process shutting down
SpawnPoolWorker-927| 2026-06-22 04:33:33,883,883 multiprocessing INFO process shutting down
SpawnPoolWorker-920| 2026-06-22 04:33:33,883,883 multiprocessing INFO process exiting with exitcode 0
SpawnPoolWorker-927| 2026-06-22 04:33:33,883,883 multiprocessing INFO process exiting with exitcode 0
SpawnPoolWorker-922| 2026-06-22 04:33:33,883,883 multiprocessing INFO process shutting down
SpawnPoolWorker-924| 2026-06-22 04:33:33,883,883 multiprocessing INFO process shutting down
SpawnPoolWorker-923| 2026-06-22 04:33:33,883,883 multiprocessing INFO process shutting down
SpawnPoolWorker-926| 2026-06-22 04:33:33,883,883 multiprocessing INFO process shutting down
SpawnPoolWorker-921| 2026-06-22 04:33:33,883,883 multiprocessing INFO process shutting down
(20000,)

===================Collect 20000 Examples===================

Epsilon 0.1
500
(550,)
(550,)
(550,)
Number of Programs for Minimization: 28
SpawnPoolWorker-929| 2026-06-22 04:33:50,651,651 multiprocessing INFO STARTING NEW RUN ==========
SpawnPoolWorker-929| 2026-06-22 04:33:50,652,652 multiprocessing INFO SEE LOG AT : ./logs/all_Lyapunov_test_dso-fn_d_all_l_01_log.txt
SpawnPoolWorker-929| 2026-06-22 04:33:50,652,652 multiprocessing INFO See log at : ./logs/all_Lyapunov_test_dso-fn_d_all_l_01_log.txt
SpawnPoolWorker-934| 2026-06-22 04:33:50,652,652 multiprocessing INFO STARTING NEW RUN ==========
SpawnPoolWorker-934| 2026-06-22 04:33:50,652,652 multiprocessing INFO SEE LOG AT : ./logs/all_Lyapunov_test_dso-fn_d_all_l_01_log.txt
SpawnPoolWorker-934| 2026-06-22 04:33:50,652,652 multiprocessing INFO See log at : ./logs/all_Lyapunov_test_dso-fn_d_all_l_01_log.txt
SpawnPoolWorker-929| 2026-06-22 04:33:50,653,653 multiprocessing INFO child process calling self.run()
SpawnPoolWorker-934| 2026-06-22 04:33:50,660,660 multiprocessing INFO child process calling self.run()
SpawnPoolWorker-930| 2026-06-22 04:33:50,676,676 multiprocessing INFO STARTING NEW RUN ==========
SpawnPoolWorker-930| 2026-06-22 04:33:50,677,677 multiprocessing INFO SEE LOG AT : ./logs/all_Lyapunov_test_dso-fn_d_all_l_01_log.txt
SpawnPoolWorker-930| 2026-06-22 04:33:50,677,677 multiprocessing INFO See log at : ./logs/all_Lyapunov_test_dso-fn_d_all_l_01_log.txt
SpawnPoolWorker-930| 2026-06-22 04:33:50,683,683 multiprocessing INFO child process calling self.run()
SpawnPoolWorker-950| 2026-06-22 04:33:50,783,783 multiprocessing INFO STARTING NEW RUN ==========
SpawnPoolWorker-950| 2026-06-22 04:33:50,783,783 multiprocessing INFO SEE LOG AT : ./logs/all_Lyapunov_test_dso-fn_d_all_l_01_log.txt
SpawnPoolWorker-950| 2026-06-22 04:33:50,783,783 multiprocessing INFO See log at : ./logs/all_Lyapunov_test_dso-fn_d_all_l_01_log.txt
SpawnPoolWorker-950| 2026-06-22 04:33:50,790,790 multiprocessing INFO child process calling self.run()
SpawnPoolWorker-931| 2026-06-22 04:33:50,898,898 multiprocessing INFO STARTING NEW RUN ==========
SpawnPoolWorker-931| 2026-06-22 04:33:50,898,898 multiprocessing INFO SEE LOG AT : ./logs/all_Lyapunov_test_dso-fn_d_all_l_01_log.txt
SpawnPoolWorker-931| 2026-06-22 04:33:50,898,898 multiprocessing INFO See log at : ./logs/all_Lyapunov_test_dso-fn_d_all_l_01_log.txt
SpawnPoolWorker-931| 2026-06-22 04:33:50,907,907 multiprocessing INFO child process calling self.run()
SpawnPoolWorker-936| 2026-06-22 04:33:50,922,922 multiprocessing INFO STARTING NEW RUN ==========
SpawnPoolWorker-936| 2026-06-22 04:33:50,922,922 multiprocessing INFO SEE LOG AT : ./logs/all_Lyapunov_test_dso-fn_d_all_l_01_log.txt
SpawnPoolWorker-936| 2026-06-22 04:33:50,922,922 multiprocessing INFO See log at : ./logs/all_Lyapunov_test_dso-fn_d_all_l_01_log.txt
SpawnPoolWorker-936| 2026-06-22 04:33:50,926,926 multiprocessing INFO child process calling self.run()
SpawnPoolWorker-937| 2026-06-22 04:33:51,183,183 multiprocessing INFO STARTING NEW RUN ==========
SpawnPoolWorker-937| 2026-06-22 04:33:51,183,183 multiprocessing INFO SEE LOG AT : ./logs/all_Lyapunov_test_dso-fn_d_all_l_01_log.txt
SpawnPoolWorker-937| 2026-06-22 04:33:51,183,183 multiprocessing INFO See log at : ./logs/all_Lyapunov_test_dso-fn_d_all_l_01_log.txt
SpawnPoolWorker-937| 2026-06-22 04:33:51,187,187 multiprocessing INFO child process calling self.run()
SpawnPoolWorker-938| 2026-06-22 04:33:51,190,190 multiprocessing INFO STARTING NEW RUN ==========
SpawnPoolWorker-938| 2026-06-22 04:33:51,191,191 multiprocessing INFO SEE LOG AT : ./logs/all_Lyapunov_test_dso-fn_d_all_l_01_log.txt
SpawnPoolWorker-938| 2026-06-22 04:33:51,191,191 multiprocessing INFO See log at : ./logs/all_Lyapunov_test_dso-fn_d_all_l_01_log.txt
SpawnPoolWorker-938| 2026-06-22 04:33:51,192,192 multiprocessing INFO child process calling self.run()
SpawnPoolWorker-932| 2026-06-22 04:33:51,235,235 multiprocessing INFO STARTING NEW RUN ==========
SpawnPoolWorker-932| 2026-06-22 04:33:51,235,235 multiprocessing INFO SEE LOG AT : ./logs/all_Lyapunov_test_dso-fn_d_all_l_01_log.txt
SpawnPoolWorker-932| 2026-06-22 04:33:51,235,235 multiprocessing INFO See log at : ./logs/all_Lyapunov_test_dso-fn_d_all_l_01_log.txt
SpawnPoolWorker-932| 2026-06-22 04:33:51,239,239 multiprocessing INFO child process calling self.run()
SpawnPoolWorker-935| 2026-06-22 04:33:51,301,301 multiprocessing INFO STARTING NEW RUN ==========
SpawnPoolWorker-935| 2026-06-22 04:33:51,301,301 multiprocessing INFO SEE LOG AT : ./logs/all_Lyapunov_test_dso-fn_d_all_l_01_log.txt
SpawnPoolWorker-935| 2026-06-22 04:33:51,301,301 multiprocessing INFO See log at : ./logs/all_Lyapunov_test_dso-fn_d_all_l_01_log.txt
SpawnPoolWorker-935| 2026-06-22 04:33:51,304,304 multiprocessing INFO child process calling self.run()
SpawnPoolWorker-942| 2026-06-22 04:33:51,407,407 multiprocessing INFO STARTING NEW RUN ==========
SpawnPoolWorker-942| 2026-06-22 04:33:51,407,407 multiprocessing INFO SEE LOG AT : ./logs/all_Lyapunov_test_dso-fn_d_all_l_01_log.txt
SpawnPoolWorker-942| 2026-06-22 04:33:51,407,407 multiprocessing INFO See log at : ./logs/all_Lyapunov_test_dso-fn_d_all_l_01_log.txt
SpawnPoolWorker-942| 2026-06-22 04:33:51,412,412 multiprocessing INFO child process calling self.run()
SpawnPoolWorker-944| 2026-06-22 04:33:51,467,467 multiprocessing INFO STARTING NEW RUN ==========
SpawnPoolWorker-944| 2026-06-22 04:33:51,467,467 multiprocessing INFO SEE LOG AT : ./logs/all_Lyapunov_test_dso-fn_d_all_l_01_log.txt
SpawnPoolWorker-944| 2026-06-22 04:33:51,467,467 multiprocessing INFO See log at : ./logs/all_Lyapunov_test_dso-fn_d_all_l_01_log.txt
SpawnPoolWorker-944| 2026-06-22 04:33:51,469,469 multiprocessing INFO child process calling self.run()
SpawnPoolWorker-933| 2026-06-22 04:33:51,485,485 multiprocessing INFO STARTING NEW RUN ==========
SpawnPoolWorker-933| 2026-06-22 04:33:51,485,485 multiprocessing INFO SEE LOG AT : ./logs/all_Lyapunov_test_dso-fn_d_all_l_01_log.txt
SpawnPoolWorker-933| 2026-06-22 04:33:51,485,485 multiprocessing INFO See log at : ./logs/all_Lyapunov_test_dso-fn_d_all_l_01_log.txt
SpawnPoolWorker-933| 2026-06-22 04:33:51,486,486 multiprocessing INFO child process calling self.run()
SpawnPoolWorker-945| 2026-06-22 04:33:51,646,646 multiprocessing INFO STARTING NEW RUN ==========
SpawnPoolWorker-945| 2026-06-22 04:33:51,647,647 multiprocessing INFO SEE LOG AT : ./logs/all_Lyapunov_test_dso-fn_d_all_l_01_log.txt
SpawnPoolWorker-945| 2026-06-22 04:33:51,647,647 multiprocessing INFO See log at : ./logs/all_Lyapunov_test_dso-fn_d_all_l_01_log.txt
SpawnPoolWorker-945| 2026-06-22 04:33:51,648,648 multiprocessing INFO child process calling self.run()
SpawnPoolWorker-941| 2026-06-22 04:33:51,650,650 multiprocessing INFO STARTING NEW RUN ==========
SpawnPoolWorker-941| 2026-06-22 04:33:51,651,651 multiprocessing INFO SEE LOG AT : ./logs/all_Lyapunov_test_dso-fn_d_all_l_01_log.txt
SpawnPoolWorker-941| 2026-06-22 04:33:51,651,651 multiprocessing INFO See log at : ./logs/all_Lyapunov_test_dso-fn_d_all_l_01_log.txt
SpawnPoolWorker-941| 2026-06-22 04:33:51,655,655 multiprocessing INFO child process calling self.run()
SpawnPoolWorker-939| 2026-06-22 04:33:51,776,776 multiprocessing INFO STARTING NEW RUN ==========
SpawnPoolWorker-939| 2026-06-22 04:33:51,777,777 multiprocessing INFO SEE LOG AT : ./logs/all_Lyapunov_test_dso-fn_d_all_l_01_log.txt
SpawnPoolWorker-939| 2026-06-22 04:33:51,777,777 multiprocessing INFO See log at : ./logs/all_Lyapunov_test_dso-fn_d_all_l_01_log.txt
SpawnPoolWorker-939| 2026-06-22 04:33:51,779,779 multiprocessing INFO child process calling self.run()
SpawnPoolWorker-949| 2026-06-22 04:33:51,870,870 multiprocessing INFO STARTING NEW RUN ==========
SpawnPoolWorker-949| 2026-06-22 04:33:51,870,870 multiprocessing INFO SEE LOG AT : ./logs/all_Lyapunov_test_dso-fn_d_all_l_01_log.txt
SpawnPoolWorker-949| 2026-06-22 04:33:51,870,870 multiprocessing INFO See log at : ./logs/all_Lyapunov_test_dso-fn_d_all_l_01_log.txt
SpawnPoolWorker-949| 2026-06-22 04:33:51,876,876 multiprocessing INFO child process calling self.run()
SpawnPoolWorker-940| 2026-06-22 04:33:51,946,946 multiprocessing INFO STARTING NEW RUN ==========
SpawnPoolWorker-940| 2026-06-22 04:33:51,947,947 multiprocessing INFO SEE LOG AT : ./logs/all_Lyapunov_test_dso-fn_d_all_l_01_log.txt
SpawnPoolWorker-940| 2026-06-22 04:33:51,947,947 multiprocessing INFO See log at : ./logs/all_Lyapunov_test_dso-fn_d_all_l_01_log.txt
SpawnPoolWorker-940| 2026-06-22 04:33:51,955,955 multiprocessing INFO child process calling self.run()
SpawnPoolWorker-948| 2026-06-22 04:33:52,017,17 multiprocessing INFO STARTING NEW RUN ==========
SpawnPoolWorker-948| 2026-06-22 04:33:52,017,17 multiprocessing INFO SEE LOG AT : ./logs/all_Lyapunov_test_dso-fn_d_all_l_01_log.txt
SpawnPoolWorker-948| 2026-06-22 04:33:52,017,17 multiprocessing INFO See log at : ./logs/all_Lyapunov_test_dso-fn_d_all_l_01_log.txt
SpawnPoolWorker-948| 2026-06-22 04:33:52,020,20 multiprocessing INFO child process calling self.run()
SpawnPoolWorker-952| 2026-06-22 04:33:52,112,112 multiprocessing INFO STARTING NEW RUN ==========
SpawnPoolWorker-952| 2026-06-22 04:33:52,112,112 multiprocessing INFO SEE LOG AT : ./logs/all_Lyapunov_test_dso-fn_d_all_l_01_log.txt
SpawnPoolWorker-952| 2026-06-22 04:33:52,112,112 multiprocessing INFO See log at : ./logs/all_Lyapunov_test_dso-fn_d_all_l_01_log.txt
SpawnPoolWorker-952| 2026-06-22 04:33:52,120,120 multiprocessing INFO child process calling self.run()
SpawnPoolWorker-943| 2026-06-22 04:33:52,283,283 multiprocessing INFO STARTING NEW RUN ==========
SpawnPoolWorker-943| 2026-06-22 04:33:52,283,283 multiprocessing INFO SEE LOG AT : ./logs/all_Lyapunov_test_dso-fn_d_all_l_01_log.txt
SpawnPoolWorker-943| 2026-06-22 04:33:52,283,283 multiprocessing INFO See log at : ./logs/all_Lyapunov_test_dso-fn_d_all_l_01_log.txt
SpawnPoolWorker-943| 2026-06-22 04:33:52,285,285 multiprocessing INFO child process calling self.run()
SpawnPoolWorker-947| 2026-06-22 04:33:52,307,307 multiprocessing INFO STARTING NEW RUN ==========
SpawnPoolWorker-947| 2026-06-22 04:33:52,307,307 multiprocessing INFO SEE LOG AT : ./logs/all_Lyapunov_test_dso-fn_d_all_l_01_log.txt
SpawnPoolWorker-947| 2026-06-22 04:33:52,307,307 multiprocessing INFO See log at : ./logs/all_Lyapunov_test_dso-fn_d_all_l_01_log.txt
SpawnPoolWorker-947| 2026-06-22 04:33:52,309,309 multiprocessing INFO child process calling self.run()
SpawnPoolWorker-946| 2026-06-22 04:33:52,403,403 multiprocessing INFO STARTING NEW RUN ==========
SpawnPoolWorker-946| 2026-06-22 04:33:52,403,403 multiprocessing INFO SEE LOG AT : ./logs/all_Lyapunov_test_dso-fn_d_all_l_01_log.txt
SpawnPoolWorker-946| 2026-06-22 04:33:52,403,403 multiprocessing INFO See log at : ./logs/all_Lyapunov_test_dso-fn_d_all_l_01_log.txt
SpawnPoolWorker-946| 2026-06-22 04:33:52,411,411 multiprocessing INFO child process calling self.run()
SpawnPoolWorker-951| 2026-06-22 04:33:52,844,844 multiprocessing INFO STARTING NEW RUN ==========
SpawnPoolWorker-951| 2026-06-22 04:33:52,844,844 multiprocessing INFO SEE LOG AT : ./logs/all_Lyapunov_test_dso-fn_d_all_l_01_log.txt
SpawnPoolWorker-951| 2026-06-22 04:33:52,844,844 multiprocessing INFO See log at : ./logs/all_Lyapunov_test_dso-fn_d_all_l_01_log.txt
SpawnPoolWorker-951| 2026-06-22 04:33:52,846,846 multiprocessing INFO child process calling self.run()
SpawnPoolWorker-931| 2026-06-22 04:40:47,785,785 multiprocessing INFO process shutting down
SpawnPoolWorker-937| 2026-06-22 04:40:47,786,786 multiprocessing INFO process shutting down
SpawnPoolWorker-938| 2026-06-22 04:40:47,786,786 multiprocessing INFO process shutting down
SpawnPoolWorker-952| 2026-06-22 04:40:47,785,785 multiprocessing INFO process shutting down
SpawnPoolWorker-944| 2026-06-22 04:40:47,786,786 multiprocessing INFO process shutting down
SpawnPoolWorker-942| 2026-06-22 04:40:47,785,785 multiprocessing INFO process shutting down
SpawnPoolWorker-945| 2026-06-22 04:40:47,786,786 multiprocessing INFO process shutting down
SpawnPoolWorker-947| 2026-06-22 04:40:47,786,786 multiprocessing INFO process shutting down
SpawnPoolWorker-946| 2026-06-22 04:40:47,786,786 multiprocessing INFO process shutting down
SpawnPoolWorker-950| 2026-06-22 04:40:47,786,786 multiprocessing INFO process shutting down
SpawnPoolWorker-937| 2026-06-22 04:40:47,787,787 multiprocessing INFO process exiting with exitcode 0
SpawnPoolWorker-941| 2026-06-22 04:40:47,786,786 multiprocessing INFO process shutting down
SpawnPoolWorker-946| 2026-06-22 04:40:47,787,787 multiprocessing INFO process exiting with exitcode 0
SpawnPoolWorker-950| 2026-06-22 04:40:47,787,787 multiprocessing INFO process exiting with exitcode 0
SpawnPoolWorker-935| 2026-06-22 04:40:47,786,786 multiprocessing INFO process shutting down
SpawnPoolWorker-943| 2026-06-22 04:40:47,787,787 multiprocessing INFO process shutting down
SpawnPoolWorker-942| 2026-06-22 04:40:47,787,787 multiprocessing INFO process exiting with exitcode 0
SpawnPoolWorker-941| 2026-06-22 04:40:47,787,787 multiprocessing INFO process exiting with exitcode 0
SpawnPoolWorker-947| 2026-06-22 04:40:47,787,787 multiprocessing INFO process exiting with exitcode 0
SpawnPoolWorker-935| 2026-06-22 04:40:47,787,787 multiprocessing INFO process exiting with exitcode 0
SpawnPoolWorker-934| 2026-06-22 04:40:47,786,786 multiprocessing INFO process shutting down
SpawnPoolWorker-936| 2026-06-22 04:40:47,786,786 multiprocessing INFO process shutting down
SpawnPoolWorker-929| 2026-06-22 04:40:47,786,786 multiprocessing INFO process shutting down
SpawnPoolWorker-939| 2026-06-22 04:40:47,787,787 multiprocessing INFO process shutting down
SpawnPoolWorker-949| 2026-06-22 04:40:47,786,786 multiprocessing INFO process shutting down
SpawnPoolWorker-933| 2026-06-22 04:40:47,787,787 multiprocessing INFO process shutting down
SpawnPoolWorker-930| 2026-06-22 04:40:47,787,787 multiprocessing INFO process shutting down
SpawnPoolWorker-940| 2026-06-22 04:40:47,787,787 multiprocessing INFO process shutting down
SpawnPoolWorker-951| 2026-06-22 04:40:47,787,787 multiprocessing INFO process shutting down
28
(100000, 9)
(100000,)
(100000, 9)
(100000,)

=======================Successfully Added (50000, 9) Counter Examples=======================


============None of the candidates fulfill the conditions. Training CONTINUES!=================

MainProcess| 2026-06-22 04:40:54,565,565 multiprocessing INFO 
============None of the candidates fulfill the conditions. Training CONTINUES!=================


============None of the candidates fulfill the conditions. Training CONTINUES!=================

(550, 171)
/users/9/chen8596/miniconda3/envs/alfd/lib/python3.9/site-packages/torch/nn/functional.py:4999: UserWarning: Support for mismatched key_padding_mask and attn_mask is deprecated. Use same type for both instead.
  warnings.warn(

==============Start Supervised Learning==============

MainProcess| 2026-06-22 04:41:07,518,518 multiprocessing INFO GP output mean: 0.9316489298006567
GP output mean: 0.9316489298006567
MainProcess| 2026-06-22 04:41:08,201,201 multiprocessing INFO GP output success rate: 0.0
GP output success rate: 0.0

==============End Supervised Learning==============

MainProcess| 2026-06-22 04:41:10,300,300 multiprocessing INFO [Test epoch=0028]  nevals=385278 	| train_loss=10753.21094 	| eqs_invalid %=0.36 	| r_best=0.97722 	| quantile=0.00000 	| r_quantile_mean=0.08676 	| r_raw_sum=47.71614 	|  r_raw_mean=0.88363 	| r2=nan 	| acc_iid=0.00000 	| acc_ood=0.00000 	| nmse_test=0.0059515879243644786 	| true_equation_set_count=0 	| s/it=630.28802
[Test epoch=0028]  nevals=385278 	| train_loss=10753.21094 	| eqs_invalid %=0.36 	| r_best=0.97722 	| quantile=0.00000 	| r_quantile_mean=0.08676 	| r_raw_sum=47.71614 	|  r_raw_mean=0.88363 	| r2=nan 	| acc_iid=0.00000 	| acc_ood=0.00000 	| nmse_test=0.0059515879243644786 	| true_equation_set_count=0 	| s/it=630.28802
MainProcess| 2026-06-22 04:43:28,401,401 multiprocessing INFO Genetic Porgramming Runtime 136.90139631205238
Genetic Porgramming Runtime 136.90139631205238

=========================PGD Collection Starts=========================

SpawnPoolWorker-961| 2026-06-22 04:43:33,459,459 multiprocessing INFO STARTING NEW RUN ==========
SpawnPoolWorker-961| 2026-06-22 04:43:33,459,459 multiprocessing INFO SEE LOG AT : ./logs/all_Lyapunov_test_dso-fn_d_all_l_01_log.txt
SpawnPoolWorker-961| 2026-06-22 04:43:33,461,461 multiprocessing INFO See log at : ./logs/all_Lyapunov_test_dso-fn_d_all_l_01_log.txt
SpawnPoolWorker-958| 2026-06-22 04:43:33,461,461 multiprocessing INFO STARTING NEW RUN ==========
SpawnPoolWorker-954| 2026-06-22 04:43:33,461,461 multiprocessing INFO STARTING NEW RUN ==========
SpawnPoolWorker-962| 2026-06-22 04:43:33,461,461 multiprocessing INFO STARTING NEW RUN ==========
SpawnPoolWorker-958| 2026-06-22 04:43:33,461,461 multiprocessing INFO SEE LOG AT : ./logs/all_Lyapunov_test_dso-fn_d_all_l_01_log.txt
SpawnPoolWorker-962| 2026-06-22 04:43:33,461,461 multiprocessing INFO SEE LOG AT : ./logs/all_Lyapunov_test_dso-fn_d_all_l_01_log.txt
SpawnPoolWorker-954| 2026-06-22 04:43:33,461,461 multiprocessing INFO SEE LOG AT : ./logs/all_Lyapunov_test_dso-fn_d_all_l_01_log.txt
SpawnPoolWorker-958| 2026-06-22 04:43:33,461,461 multiprocessing INFO See log at : ./logs/all_Lyapunov_test_dso-fn_d_all_l_01_log.txt
SpawnPoolWorker-962| 2026-06-22 04:43:33,461,461 multiprocessing INFO See log at : ./logs/all_Lyapunov_test_dso-fn_d_all_l_01_log.txt
SpawnPoolWorker-954| 2026-06-22 04:43:33,461,461 multiprocessing INFO See log at : ./logs/all_Lyapunov_test_dso-fn_d_all_l_01_log.txt
SpawnPoolWorker-955| 2026-06-22 04:43:33,462,462 multiprocessing INFO STARTING NEW RUN ==========
SpawnPoolWorker-959| 2026-06-22 04:43:33,462,462 multiprocessing INFO STARTING NEW RUN ==========
SpawnPoolWorker-955| 2026-06-22 04:43:33,462,462 multiprocessing INFO SEE LOG AT : ./logs/all_Lyapunov_test_dso-fn_d_all_l_01_log.txt
SpawnPoolWorker-959| 2026-06-22 04:43:33,462,462 multiprocessing INFO SEE LOG AT : ./logs/all_Lyapunov_test_dso-fn_d_all_l_01_log.txt
SpawnPoolWorker-955| 2026-06-22 04:43:33,462,462 multiprocessing INFO See log at : ./logs/all_Lyapunov_test_dso-fn_d_all_l_01_log.txt
SpawnPoolWorker-959| 2026-06-22 04:43:33,462,462 multiprocessing INFO See log at : ./logs/all_Lyapunov_test_dso-fn_d_all_l_01_log.txt
SpawnPoolWorker-961| 2026-06-22 04:43:33,463,463 multiprocessing INFO child process calling self.run()
SpawnPoolWorker-962| 2026-06-22 04:43:33,463,463 multiprocessing INFO child process calling self.run()
SpawnPoolWorker-958| 2026-06-22 04:43:33,463,463 multiprocessing INFO child process calling self.run()
SpawnPoolWorker-954| 2026-06-22 04:43:33,463,463 multiprocessing INFO child process calling self.run()
SpawnPoolWorker-959| 2026-06-22 04:43:33,464,464 multiprocessing INFO child process calling self.run()
SpawnPoolWorker-955| 2026-06-22 04:43:33,464,464 multiprocessing INFO child process calling self.run()
SpawnPoolWorker-956| 2026-06-22 04:43:33,464,464 multiprocessing INFO STARTING NEW RUN ==========
SpawnPoolWorker-960| 2026-06-22 04:43:33,465,465 multiprocessing INFO STARTING NEW RUN ==========
SpawnPoolWorker-960| 2026-06-22 04:43:33,465,465 multiprocessing INFO SEE LOG AT : ./logs/all_Lyapunov_test_dso-fn_d_all_l_01_log.txt
SpawnPoolWorker-960| 2026-06-22 04:43:33,465,465 multiprocessing INFO See log at : ./logs/all_Lyapunov_test_dso-fn_d_all_l_01_log.txt
SpawnPoolWorker-956| 2026-06-22 04:43:33,466,466 multiprocessing INFO SEE LOG AT : ./logs/all_Lyapunov_test_dso-fn_d_all_l_01_log.txt
SpawnPoolWorker-956| 2026-06-22 04:43:33,466,466 multiprocessing INFO See log at : ./logs/all_Lyapunov_test_dso-fn_d_all_l_01_log.txt
SpawnPoolWorker-960| 2026-06-22 04:43:33,467,467 multiprocessing INFO child process calling self.run()
SpawnPoolWorker-956| 2026-06-22 04:43:33,467,467 multiprocessing INFO child process calling self.run()
SpawnPoolWorker-953| 2026-06-22 04:43:33,470,470 multiprocessing INFO STARTING NEW RUN ==========
SpawnPoolWorker-957| 2026-06-22 04:43:33,470,470 multiprocessing INFO STARTING NEW RUN ==========
SpawnPoolWorker-957| 2026-06-22 04:43:33,470,470 multiprocessing INFO SEE LOG AT : ./logs/all_Lyapunov_test_dso-fn_d_all_l_01_log.txt
SpawnPoolWorker-953| 2026-06-22 04:43:33,470,470 multiprocessing INFO SEE LOG AT : ./logs/all_Lyapunov_test_dso-fn_d_all_l_01_log.txt
SpawnPoolWorker-957| 2026-06-22 04:43:33,470,470 multiprocessing INFO See log at : ./logs/all_Lyapunov_test_dso-fn_d_all_l_01_log.txt
SpawnPoolWorker-953| 2026-06-22 04:43:33,470,470 multiprocessing INFO See log at : ./logs/all_Lyapunov_test_dso-fn_d_all_l_01_log.txt
SpawnPoolWorker-953| 2026-06-22 04:43:33,472,472 multiprocessing INFO child process calling self.run()
SpawnPoolWorker-957| 2026-06-22 04:43:33,472,472 multiprocessing INFO child process calling self.run()
SpawnPoolWorker-958| 2026-06-22 04:43:49,434,434 multiprocessing INFO process shutting down
SpawnPoolWorker-954| 2026-06-22 04:43:49,434,434 multiprocessing INFO process shutting down
SpawnPoolWorker-958| 2026-06-22 04:43:49,435,435 multiprocessing INFO process exiting with exitcode 0
SpawnPoolWorker-954| 2026-06-22 04:43:49,435,435 multiprocessing INFO process exiting with exitcode 0
SpawnPoolWorker-962| 2026-06-22 04:43:49,435,435 multiprocessing INFO process shutting down
SpawnPoolWorker-953| 2026-06-22 04:43:49,435,435 multiprocessing INFO process shutting down
SpawnPoolWorker-961| 2026-06-22 04:43:49,435,435 multiprocessing INFO process shutting down
SpawnPoolWorker-957| 2026-06-22 04:43:49,435,435 multiprocessing INFO process shutting down
SpawnPoolWorker-959| 2026-06-22 04:43:49,435,435 multiprocessing INFO process shutting down
(20000,)

===================Collect 20000 Examples===================

Epsilon 0.1
500
(550,)
(550,)
(550,)
Number of Programs for Minimization: 29
SpawnPoolWorker-967| 2026-06-22 04:44:04,519,519 multiprocessing INFO STARTING NEW RUN ==========
SpawnPoolWorker-967| 2026-06-22 04:44:04,519,519 multiprocessing INFO SEE LOG AT : ./logs/all_Lyapunov_test_dso-fn_d_all_l_01_log.txt
SpawnPoolWorker-967| 2026-06-22 04:44:04,519,519 multiprocessing INFO See log at : ./logs/all_Lyapunov_test_dso-fn_d_all_l_01_log.txt
SpawnPoolWorker-967| 2026-06-22 04:44:04,523,523 multiprocessing INFO child process calling self.run()
SpawnPoolWorker-965| 2026-06-22 04:44:04,666,666 multiprocessing INFO STARTING NEW RUN ==========
SpawnPoolWorker-965| 2026-06-22 04:44:04,666,666 multiprocessing INFO SEE LOG AT : ./logs/all_Lyapunov_test_dso-fn_d_all_l_01_log.txt
SpawnPoolWorker-965| 2026-06-22 04:44:04,666,666 multiprocessing INFO See log at : ./logs/all_Lyapunov_test_dso-fn_d_all_l_01_log.txt
SpawnPoolWorker-965| 2026-06-22 04:44:04,670,670 multiprocessing INFO child process calling self.run()
SpawnPoolWorker-964| 2026-06-22 04:44:04,817,817 multiprocessing INFO STARTING NEW RUN ==========
SpawnPoolWorker-964| 2026-06-22 04:44:04,817,817 multiprocessing INFO SEE LOG AT : ./logs/all_Lyapunov_test_dso-fn_d_all_l_01_log.txt
SpawnPoolWorker-964| 2026-06-22 04:44:04,817,817 multiprocessing INFO See log at : ./logs/all_Lyapunov_test_dso-fn_d_all_l_01_log.txt
SpawnPoolWorker-964| 2026-06-22 04:44:04,819,819 multiprocessing INFO child process calling self.run()
SpawnPoolWorker-977| 2026-06-22 04:44:04,980,980 multiprocessing INFO STARTING NEW RUN ==========
SpawnPoolWorker-977| 2026-06-22 04:44:04,980,980 multiprocessing INFO SEE LOG AT : ./logs/all_Lyapunov_test_dso-fn_d_all_l_01_log.txt
SpawnPoolWorker-977| 2026-06-22 04:44:04,980,980 multiprocessing INFO See log at : ./logs/all_Lyapunov_test_dso-fn_d_all_l_01_log.txt
SpawnPoolWorker-977| 2026-06-22 04:44:04,988,988 multiprocessing INFO child process calling self.run()
SpawnPoolWorker-974| 2026-06-22 04:44:05,017,17 multiprocessing INFO STARTING NEW RUN ==========
SpawnPoolWorker-974| 2026-06-22 04:44:05,017,17 multiprocessing INFO SEE LOG AT : ./logs/all_Lyapunov_test_dso-fn_d_all_l_01_log.txt
SpawnPoolWorker-974| 2026-06-22 04:44:05,017,17 multiprocessing INFO See log at : ./logs/all_Lyapunov_test_dso-fn_d_all_l_01_log.txt
SpawnPoolWorker-974| 2026-06-22 04:44:05,022,22 multiprocessing INFO child process calling self.run()
SpawnPoolWorker-978| 2026-06-22 04:44:05,262,262 multiprocessing INFO STARTING NEW RUN ==========
SpawnPoolWorker-978| 2026-06-22 04:44:05,262,262 multiprocessing INFO SEE LOG AT : ./logs/all_Lyapunov_test_dso-fn_d_all_l_01_log.txt
SpawnPoolWorker-978| 2026-06-22 04:44:05,262,262 multiprocessing INFO See log at : ./logs/all_Lyapunov_test_dso-fn_d_all_l_01_log.txt
SpawnPoolWorker-978| 2026-06-22 04:44:05,265,265 multiprocessing INFO child process calling self.run()
SpawnPoolWorker-969| 2026-06-22 04:44:05,330,330 multiprocessing INFO STARTING NEW RUN ==========
SpawnPoolWorker-969| 2026-06-22 04:44:05,330,330 multiprocessing INFO SEE LOG AT : ./logs/all_Lyapunov_test_dso-fn_d_all_l_01_log.txt
SpawnPoolWorker-969| 2026-06-22 04:44:05,330,330 multiprocessing INFO See log at : ./logs/all_Lyapunov_test_dso-fn_d_all_l_01_log.txt
SpawnPoolWorker-969| 2026-06-22 04:44:05,336,336 multiprocessing INFO child process calling self.run()
SpawnPoolWorker-963| 2026-06-22 04:44:05,514,514 multiprocessing INFO STARTING NEW RUN ==========
SpawnPoolWorker-963| 2026-06-22 04:44:05,514,514 multiprocessing INFO SEE LOG AT : ./logs/all_Lyapunov_test_dso-fn_d_all_l_01_log.txt
SpawnPoolWorker-963| 2026-06-22 04:44:05,514,514 multiprocessing INFO See log at : ./logs/all_Lyapunov_test_dso-fn_d_all_l_01_log.txt
SpawnPoolWorker-963| 2026-06-22 04:44:05,523,523 multiprocessing INFO child process calling self.run()
SpawnPoolWorker-985| 2026-06-22 04:44:05,567,567 multiprocessing INFO STARTING NEW RUN ==========
SpawnPoolWorker-985| 2026-06-22 04:44:05,567,567 multiprocessing INFO SEE LOG AT : ./logs/all_Lyapunov_test_dso-fn_d_all_l_01_log.txt
SpawnPoolWorker-985| 2026-06-22 04:44:05,567,567 multiprocessing INFO See log at : ./logs/all_Lyapunov_test_dso-fn_d_all_l_01_log.txt
SpawnPoolWorker-985| 2026-06-22 04:44:05,574,574 multiprocessing INFO child process calling self.run()
SpawnPoolWorker-972| 2026-06-22 04:44:05,790,790 multiprocessing INFO STARTING NEW RUN ==========
SpawnPoolWorker-972| 2026-06-22 04:44:05,790,790 multiprocessing INFO SEE LOG AT : ./logs/all_Lyapunov_test_dso-fn_d_all_l_01_log.txt
SpawnPoolWorker-972| 2026-06-22 04:44:05,790,790 multiprocessing INFO See log at : ./logs/all_Lyapunov_test_dso-fn_d_all_l_01_log.txt
SpawnPoolWorker-972| 2026-06-22 04:44:05,792,792 multiprocessing INFO child process calling self.run()
SpawnPoolWorker-975| 2026-06-22 04:44:05,941,941 multiprocessing INFO STARTING NEW RUN ==========
SpawnPoolWorker-975| 2026-06-22 04:44:05,941,941 multiprocessing INFO SEE LOG AT : ./logs/all_Lyapunov_test_dso-fn_d_all_l_01_log.txt
SpawnPoolWorker-975| 2026-06-22 04:44:05,941,941 multiprocessing INFO See log at : ./logs/all_Lyapunov_test_dso-fn_d_all_l_01_log.txt
SpawnPoolWorker-975| 2026-06-22 04:44:05,943,943 multiprocessing INFO child process calling self.run()
SpawnPoolWorker-976| 2026-06-22 04:44:06,037,37 multiprocessing INFO STARTING NEW RUN ==========
SpawnPoolWorker-976| 2026-06-22 04:44:06,037,37 multiprocessing INFO SEE LOG AT : ./logs/all_Lyapunov_test_dso-fn_d_all_l_01_log.txt
SpawnPoolWorker-976| 2026-06-22 04:44:06,037,37 multiprocessing INFO See log at : ./logs/all_Lyapunov_test_dso-fn_d_all_l_01_log.txt
SpawnPoolWorker-976| 2026-06-22 04:44:06,040,40 multiprocessing INFO child process calling self.run()
SpawnPoolWorker-981| 2026-06-22 04:44:06,233,233 multiprocessing INFO STARTING NEW RUN ==========
SpawnPoolWorker-981| 2026-06-22 04:44:06,233,233 multiprocessing INFO SEE LOG AT : ./logs/all_Lyapunov_test_dso-fn_d_all_l_01_log.txt
SpawnPoolWorker-981| 2026-06-22 04:44:06,233,233 multiprocessing INFO See log at : ./logs/all_Lyapunov_test_dso-fn_d_all_l_01_log.txt
SpawnPoolWorker-981| 2026-06-22 04:44:06,244,244 multiprocessing INFO child process calling self.run()
SpawnPoolWorker-968| 2026-06-22 04:44:06,285,285 multiprocessing INFO STARTING NEW RUN ==========
SpawnPoolWorker-968| 2026-06-22 04:44:06,285,285 multiprocessing INFO SEE LOG AT : ./logs/all_Lyapunov_test_dso-fn_d_all_l_01_log.txt
SpawnPoolWorker-968| 2026-06-22 04:44:06,285,285 multiprocessing INFO See log at : ./logs/all_Lyapunov_test_dso-fn_d_all_l_01_log.txt
SpawnPoolWorker-968| 2026-06-22 04:44:06,296,296 multiprocessing INFO child process calling self.run()
SpawnPoolWorker-982| 2026-06-22 04:44:06,302,302 multiprocessing INFO STARTING NEW RUN ==========
SpawnPoolWorker-982| 2026-06-22 04:44:06,302,302 multiprocessing INFO SEE LOG AT : ./logs/all_Lyapunov_test_dso-fn_d_all_l_01_log.txt
SpawnPoolWorker-982| 2026-06-22 04:44:06,302,302 multiprocessing INFO See log at : ./logs/all_Lyapunov_test_dso-fn_d_all_l_01_log.txt
SpawnPoolWorker-986| 2026-06-22 04:44:06,304,304 multiprocessing INFO STARTING NEW RUN ==========
SpawnPoolWorker-986| 2026-06-22 04:44:06,304,304 multiprocessing INFO SEE LOG AT : ./logs/all_Lyapunov_test_dso-fn_d_all_l_01_log.txt
SpawnPoolWorker-986| 2026-06-22 04:44:06,304,304 multiprocessing INFO See log at : ./logs/all_Lyapunov_test_dso-fn_d_all_l_01_log.txt
SpawnPoolWorker-982| 2026-06-22 04:44:06,305,305 multiprocessing INFO child process calling self.run()
SpawnPoolWorker-986| 2026-06-22 04:44:06,306,306 multiprocessing INFO child process calling self.run()
SpawnPoolWorker-966| 2026-06-22 04:44:06,332,332 multiprocessing INFO STARTING NEW RUN ==========
SpawnPoolWorker-966| 2026-06-22 04:44:06,332,332 multiprocessing INFO SEE LOG AT : ./logs/all_Lyapunov_test_dso-fn_d_all_l_01_log.txt
SpawnPoolWorker-966| 2026-06-22 04:44:06,332,332 multiprocessing INFO See log at : ./logs/all_Lyapunov_test_dso-fn_d_all_l_01_log.txt
SpawnPoolWorker-966| 2026-06-22 04:44:06,334,334 multiprocessing INFO child process calling self.run()
SpawnPoolWorker-970| 2026-06-22 04:44:06,521,521 multiprocessing INFO STARTING NEW RUN ==========
SpawnPoolWorker-970| 2026-06-22 04:44:06,521,521 multiprocessing INFO SEE LOG AT : ./logs/all_Lyapunov_test_dso-fn_d_all_l_01_log.txt
SpawnPoolWorker-970| 2026-06-22 04:44:06,521,521 multiprocessing INFO See log at : ./logs/all_Lyapunov_test_dso-fn_d_all_l_01_log.txt
SpawnPoolWorker-970| 2026-06-22 04:44:06,522,522 multiprocessing INFO child process calling self.run()
SpawnPoolWorker-984| 2026-06-22 04:44:06,699,699 multiprocessing INFO STARTING NEW RUN ==========
SpawnPoolWorker-984| 2026-06-22 04:44:06,699,699 multiprocessing INFO SEE LOG AT : ./logs/all_Lyapunov_test_dso-fn_d_all_l_01_log.txt
SpawnPoolWorker-984| 2026-06-22 04:44:06,699,699 multiprocessing INFO See log at : ./logs/all_Lyapunov_test_dso-fn_d_all_l_01_log.txt
SpawnPoolWorker-984| 2026-06-22 04:44:06,702,702 multiprocessing INFO child process calling self.run()
SpawnPoolWorker-983| 2026-06-22 04:44:06,884,884 multiprocessing INFO STARTING NEW RUN ==========
SpawnPoolWorker-983| 2026-06-22 04:44:06,884,884 multiprocessing INFO SEE LOG AT : ./logs/all_Lyapunov_test_dso-fn_d_all_l_01_log.txt
SpawnPoolWorker-983| 2026-06-22 04:44:06,884,884 multiprocessing INFO See log at : ./logs/all_Lyapunov_test_dso-fn_d_all_l_01_log.txt
SpawnPoolWorker-983| 2026-06-22 04:44:06,886,886 multiprocessing INFO child process calling self.run()
SpawnPoolWorker-980| 2026-06-22 04:44:06,903,903 multiprocessing INFO STARTING NEW RUN ==========
SpawnPoolWorker-980| 2026-06-22 04:44:06,904,904 multiprocessing INFO SEE LOG AT : ./logs/all_Lyapunov_test_dso-fn_d_all_l_01_log.txt
SpawnPoolWorker-980| 2026-06-22 04:44:06,904,904 multiprocessing INFO See log at : ./logs/all_Lyapunov_test_dso-fn_d_all_l_01_log.txt
SpawnPoolWorker-980| 2026-06-22 04:44:06,907,907 multiprocessing INFO child process calling self.run()
SpawnPoolWorker-973| 2026-06-22 04:44:07,231,231 multiprocessing INFO STARTING NEW RUN ==========
SpawnPoolWorker-973| 2026-06-22 04:44:07,231,231 multiprocessing INFO SEE LOG AT : ./logs/all_Lyapunov_test_dso-fn_d_all_l_01_log.txt
SpawnPoolWorker-973| 2026-06-22 04:44:07,232,232 multiprocessing INFO See log at : ./logs/all_Lyapunov_test_dso-fn_d_all_l_01_log.txt
SpawnPoolWorker-973| 2026-06-22 04:44:07,233,233 multiprocessing INFO child process calling self.run()
SpawnPoolWorker-979| 2026-06-22 04:44:07,340,340 multiprocessing INFO STARTING NEW RUN ==========
SpawnPoolWorker-979| 2026-06-22 04:44:07,340,340 multiprocessing INFO SEE LOG AT : ./logs/all_Lyapunov_test_dso-fn_d_all_l_01_log.txt
SpawnPoolWorker-979| 2026-06-22 04:44:07,340,340 multiprocessing INFO See log at : ./logs/all_Lyapunov_test_dso-fn_d_all_l_01_log.txt
SpawnPoolWorker-979| 2026-06-22 04:44:07,342,342 multiprocessing INFO child process calling self.run()
SpawnPoolWorker-971| 2026-06-22 04:44:07,352,352 multiprocessing INFO STARTING NEW RUN ==========
SpawnPoolWorker-971| 2026-06-22 04:44:07,352,352 multiprocessing INFO SEE LOG AT : ./logs/all_Lyapunov_test_dso-fn_d_all_l_01_log.txt
SpawnPoolWorker-971| 2026-06-22 04:44:07,352,352 multiprocessing INFO See log at : ./logs/all_Lyapunov_test_dso-fn_d_all_l_01_log.txt
SpawnPoolWorker-971| 2026-06-22 04:44:07,355,355 multiprocessing INFO child process calling self.run()
SpawnPoolWorker-980| 2026-06-22 04:54:15,834,834 multiprocessing INFO process shutting down
SpawnPoolWorker-974| 2026-06-22 04:54:15,835,835 multiprocessing INFO process shutting down
SpawnPoolWorker-976| 2026-06-22 04:54:15,835,835 multiprocessing INFO process shutting down
SpawnPoolWorker-969| 2026-06-22 04:54:15,834,834 multiprocessing INFO process shutting down
SpawnPoolWorker-985| 2026-06-22 04:54:15,834,834 multiprocessing INFO process shutting down
SpawnPoolWorker-977| 2026-06-22 04:54:15,835,835 multiprocessing INFO process shutting down
SpawnPoolWorker-978| 2026-06-22 04:54:15,835,835 multiprocessing INFO process shutting down
SpawnPoolWorker-986| 2026-06-22 04:54:15,835,835 multiprocessing INFO process shutting down
SpawnPoolWorker-971| 2026-06-22 04:54:15,835,835 multiprocessing INFO process shutting down
SpawnPoolWorker-967| 2026-06-22 04:54:15,834,834 multiprocessing INFO process shutting down
SpawnPoolWorker-984| 2026-06-22 04:54:15,834,834 multiprocessing INFO process shutting down
SpawnPoolWorker-981| 2026-06-22 04:54:15,835,835 multiprocessing INFO process shutting down
SpawnPoolWorker-964| 2026-06-22 04:54:15,835,835 multiprocessing INFO process shutting down
SpawnPoolWorker-974| 2026-06-22 04:54:15,835,835 multiprocessing INFO process exiting with exitcode 0
SpawnPoolWorker-985| 2026-06-22 04:54:15,836,836 multiprocessing INFO process exiting with exitcode 0
SpawnPoolWorker-976| 2026-06-22 04:54:15,836,836 multiprocessing INFO process exiting with exitcode 0
SpawnPoolWorker-982| 2026-06-22 04:54:15,835,835 multiprocessing INFO process shutting down
SpawnPoolWorker-983| 2026-06-22 04:54:15,835,835 multiprocessing INFO process shutting down
SpawnPoolWorker-984| 2026-06-22 04:54:15,836,836 multiprocessing INFO process exiting with exitcode 0
SpawnPoolWorker-975| 2026-06-22 04:54:15,836,836 multiprocessing INFO process shutting down
SpawnPoolWorker-973| 2026-06-22 04:54:15,836,836 multiprocessing INFO process shutting down
SpawnPoolWorker-982| 2026-06-22 04:54:15,836,836 multiprocessing INFO process exiting with exitcode 0
SpawnPoolWorker-983| 2026-06-22 04:54:15,836,836 multiprocessing INFO process exiting with exitcode 0
SpawnPoolWorker-975| 2026-06-22 04:54:15,836,836 multiprocessing INFO process exiting with exitcode 0
SpawnPoolWorker-963| 2026-06-22 04:54:15,836,836 multiprocessing INFO process shutting down
SpawnPoolWorker-972| 2026-06-22 04:54:15,836,836 multiprocessing INFO process shutting down
SpawnPoolWorker-966| 2026-06-22 04:54:15,836,836 multiprocessing INFO process shutting down
SpawnPoolWorker-968| 2026-06-22 04:54:15,836,836 multiprocessing INFO process shutting down
SpawnPoolWorker-979| 2026-06-22 04:54:15,837,837 multiprocessing INFO process shutting down
29
(100000, 9)
(100000,)
(100000, 9)
(100000,)

=======================Successfully Added (50000, 9) Counter Examples=======================


============None of the candidates fulfill the conditions. Training CONTINUES!=================

MainProcess| 2026-06-22 04:54:21,773,773 multiprocessing INFO 
============None of the candidates fulfill the conditions. Training CONTINUES!=================


============None of the candidates fulfill the conditions. Training CONTINUES!=================

(550, 171)
/users/9/chen8596/miniconda3/envs/alfd/lib/python3.9/site-packages/torch/nn/functional.py:4999: UserWarning: Support for mismatched key_padding_mask and attn_mask is deprecated. Use same type for both instead.
  warnings.warn(

==============Start Supervised Learning==============

MainProcess| 2026-06-22 04:54:30,277,277 multiprocessing INFO GP output mean: 0.8054733268665629
GP output mean: 0.8054733268665629
MainProcess| 2026-06-22 04:54:30,788,788 multiprocessing INFO GP output success rate: 0.0
GP output success rate: 0.0

==============End Supervised Learning==============

MainProcess| 2026-06-22 04:54:32,968,968 multiprocessing INFO [Test epoch=0029]  nevals=399037 	| train_loss=14116.21875 	| eqs_invalid %=0.36 	| r_best=0.97722 	| quantile=0.00000 	| r_quantile_mean=0.08151 	| r_raw_sum=44.82948 	|  r_raw_mean=0.84584 	| r2=nan 	| acc_iid=0.00000 	| acc_ood=0.00000 	| nmse_test=0.0059515879243644786 	| true_equation_set_count=0 	| s/it=802.66724
[Test epoch=0029]  nevals=399037 	| train_loss=14116.21875 	| eqs_invalid %=0.36 	| r_best=0.97722 	| quantile=0.00000 	| r_quantile_mean=0.08151 	| r_raw_sum=44.82948 	|  r_raw_mean=0.84584 	| r2=nan 	| acc_iid=0.00000 	| acc_ood=0.00000 	| nmse_test=0.0059515879243644786 	| true_equation_set_count=0 	| s/it=802.66724
MainProcess| 2026-06-22 04:57:55,917,917 multiprocessing INFO Genetic Porgramming Runtime 201.73913741717115
Genetic Porgramming Runtime 201.73913741717115

=========================PGD Collection Starts=========================

SpawnPoolWorker-992| 2026-06-22 04:58:02,184,184 multiprocessing INFO STARTING NEW RUN ==========
SpawnPoolWorker-992| 2026-06-22 04:58:02,184,184 multiprocessing INFO SEE LOG AT : ./logs/all_Lyapunov_test_dso-fn_d_all_l_01_log.txt
SpawnPoolWorker-992| 2026-06-22 04:58:02,184,184 multiprocessing INFO See log at : ./logs/all_Lyapunov_test_dso-fn_d_all_l_01_log.txt
SpawnPoolWorker-994| 2026-06-22 04:58:02,184,184 multiprocessing INFO STARTING NEW RUN ==========
SpawnPoolWorker-994| 2026-06-22 04:58:02,186,186 multiprocessing INFO SEE LOG AT : ./logs/all_Lyapunov_test_dso-fn_d_all_l_01_log.txt
SpawnPoolWorker-994| 2026-06-22 04:58:02,186,186 multiprocessing INFO See log at : ./logs/all_Lyapunov_test_dso-fn_d_all_l_01_log.txt
SpawnPoolWorker-988| 2026-06-22 04:58:02,186,186 multiprocessing INFO STARTING NEW RUN ==========
SpawnPoolWorker-995| 2026-06-22 04:58:02,186,186 multiprocessing INFO STARTING NEW RUN ==========
SpawnPoolWorker-991| 2026-06-22 04:58:02,186,186 multiprocessing INFO STARTING NEW RUN ==========
SpawnPoolWorker-989| 2026-06-22 04:58:02,186,186 multiprocessing INFO STARTING NEW RUN ==========
SpawnPoolWorker-996| 2026-06-22 04:58:02,186,186 multiprocessing INFO STARTING NEW RUN ==========
SpawnPoolWorker-988| 2026-06-22 04:58:02,186,186 multiprocessing INFO SEE LOG AT : ./logs/all_Lyapunov_test_dso-fn_d_all_l_01_log.txt
SpawnPoolWorker-995| 2026-06-22 04:58:02,186,186 multiprocessing INFO SEE LOG AT : ./logs/all_Lyapunov_test_dso-fn_d_all_l_01_log.txt
SpawnPoolWorker-991| 2026-06-22 04:58:02,186,186 multiprocessing INFO SEE LOG AT : ./logs/all_Lyapunov_test_dso-fn_d_all_l_01_log.txt
SpawnPoolWorker-989| 2026-06-22 04:58:02,186,186 multiprocessing INFO SEE LOG AT : ./logs/all_Lyapunov_test_dso-fn_d_all_l_01_log.txt
SpawnPoolWorker-996| 2026-06-22 04:58:02,186,186 multiprocessing INFO SEE LOG AT : ./logs/all_Lyapunov_test_dso-fn_d_all_l_01_log.txt
SpawnPoolWorker-988| 2026-06-22 04:58:02,186,186 multiprocessing INFO See log at : ./logs/all_Lyapunov_test_dso-fn_d_all_l_01_log.txt
SpawnPoolWorker-995| 2026-06-22 04:58:02,186,186 multiprocessing INFO See log at : ./logs/all_Lyapunov_test_dso-fn_d_all_l_01_log.txt
SpawnPoolWorker-991| 2026-06-22 04:58:02,186,186 multiprocessing INFO See log at : ./logs/all_Lyapunov_test_dso-fn_d_all_l_01_log.txt
SpawnPoolWorker-989| 2026-06-22 04:58:02,186,186 multiprocessing INFO See log at : ./logs/all_Lyapunov_test_dso-fn_d_all_l_01_log.txt
SpawnPoolWorker-996| 2026-06-22 04:58:02,186,186 multiprocessing INFO See log at : ./logs/all_Lyapunov_test_dso-fn_d_all_l_01_log.txt
SpawnPoolWorker-992| 2026-06-22 04:58:02,187,187 multiprocessing INFO child process calling self.run()
SpawnPoolWorker-988| 2026-06-22 04:58:02,187,187 multiprocessing INFO child process calling self.run()
SpawnPoolWorker-994| 2026-06-22 04:58:02,187,187 multiprocessing INFO child process calling self.run()
SpawnPoolWorker-989| 2026-06-22 04:58:02,187,187 multiprocessing INFO child process calling self.run()
SpawnPoolWorker-991| 2026-06-22 04:58:02,187,187 multiprocessing INFO child process calling self.run()
SpawnPoolWorker-996| 2026-06-22 04:58:02,187,187 multiprocessing INFO child process calling self.run()
SpawnPoolWorker-995| 2026-06-22 04:58:02,188,188 multiprocessing INFO child process calling self.run()
SpawnPoolWorker-987| 2026-06-22 04:58:02,188,188 multiprocessing INFO STARTING NEW RUN ==========
SpawnPoolWorker-987| 2026-06-22 04:58:02,189,189 multiprocessing INFO SEE LOG AT : ./logs/all_Lyapunov_test_dso-fn_d_all_l_01_log.txt
SpawnPoolWorker-987| 2026-06-22 04:58:02,189,189 multiprocessing INFO See log at : ./logs/all_Lyapunov_test_dso-fn_d_all_l_01_log.txt
SpawnPoolWorker-993| 2026-06-22 04:58:02,189,189 multiprocessing INFO STARTING NEW RUN ==========
SpawnPoolWorker-993| 2026-06-22 04:58:02,189,189 multiprocessing INFO SEE LOG AT : ./logs/all_Lyapunov_test_dso-fn_d_all_l_01_log.txt
SpawnPoolWorker-993| 2026-06-22 04:58:02,190,190 multiprocessing INFO See log at : ./logs/all_Lyapunov_test_dso-fn_d_all_l_01_log.txt
SpawnPoolWorker-987| 2026-06-22 04:58:02,191,191 multiprocessing INFO child process calling self.run()
SpawnPoolWorker-993| 2026-06-22 04:58:02,192,192 multiprocessing INFO child process calling self.run()
SpawnPoolWorker-990| 2026-06-22 04:58:02,192,192 multiprocessing INFO STARTING NEW RUN ==========
SpawnPoolWorker-990| 2026-06-22 04:58:02,192,192 multiprocessing INFO SEE LOG AT : ./logs/all_Lyapunov_test_dso-fn_d_all_l_01_log.txt
SpawnPoolWorker-990| 2026-06-22 04:58:02,192,192 multiprocessing INFO See log at : ./logs/all_Lyapunov_test_dso-fn_d_all_l_01_log.txt
SpawnPoolWorker-990| 2026-06-22 04:58:02,195,195 multiprocessing INFO child process calling self.run()
SpawnPoolWorker-992| 2026-06-22 04:58:17,787,787 multiprocessing INFO process shutting down
SpawnPoolWorker-996| 2026-06-22 04:58:17,787,787 multiprocessing INFO process shutting down
SpawnPoolWorker-993| 2026-06-22 04:58:17,787,787 multiprocessing INFO process shutting down
SpawnPoolWorker-988| 2026-06-22 04:58:17,787,787 multiprocessing INFO process shutting down
SpawnPoolWorker-996| 2026-06-22 04:58:17,787,787 multiprocessing INFO process exiting with exitcode 0
SpawnPoolWorker-992| 2026-06-22 04:58:17,787,787 multiprocessing INFO process exiting with exitcode 0
SpawnPoolWorker-995| 2026-06-22 04:58:17,787,787 multiprocessing INFO process shutting down
SpawnPoolWorker-993| 2026-06-22 04:58:17,787,787 multiprocessing INFO process exiting with exitcode 0
SpawnPoolWorker-988| 2026-06-22 04:58:17,787,787 multiprocessing INFO process exiting with exitcode 0
SpawnPoolWorker-995| 2026-06-22 04:58:17,788,788 multiprocessing INFO process exiting with exitcode 0
SpawnPoolWorker-994| 2026-06-22 04:58:17,787,787 multiprocessing INFO process shutting down
SpawnPoolWorker-987| 2026-06-22 04:58:17,788,788 multiprocessing INFO process shutting down
(20000,)

===================Collect 20000 Examples===================

Epsilon 0.1
500
(550,)
(550,)
(550,)
Number of Programs for Minimization: 28
SpawnPoolWorker-1004| 2026-06-22 04:58:33,688,688 multiprocessing INFO STARTING NEW RUN ==========
SpawnPoolWorker-1004| 2026-06-22 04:58:33,688,688 multiprocessing INFO SEE LOG AT : ./logs/all_Lyapunov_test_dso-fn_d_all_l_01_log.txt
SpawnPoolWorker-1004| 2026-06-22 04:58:33,688,688 multiprocessing INFO See log at : ./logs/all_Lyapunov_test_dso-fn_d_all_l_01_log.txt
SpawnPoolWorker-1004| 2026-06-22 04:58:33,699,699 multiprocessing INFO child process calling self.run()
SpawnPoolWorker-1000| 2026-06-22 04:58:33,756,756 multiprocessing INFO STARTING NEW RUN ==========
SpawnPoolWorker-1000| 2026-06-22 04:58:33,756,756 multiprocessing INFO SEE LOG AT : ./logs/all_Lyapunov_test_dso-fn_d_all_l_01_log.txt
SpawnPoolWorker-1000| 2026-06-22 04:58:33,756,756 multiprocessing INFO See log at : ./logs/all_Lyapunov_test_dso-fn_d_all_l_01_log.txt
SpawnPoolWorker-1000| 2026-06-22 04:58:33,758,758 multiprocessing INFO child process calling self.run()
SpawnPoolWorker-997| 2026-06-22 04:58:33,825,825 multiprocessing INFO STARTING NEW RUN ==========
SpawnPoolWorker-997| 2026-06-22 04:58:33,825,825 multiprocessing INFO SEE LOG AT : ./logs/all_Lyapunov_test_dso-fn_d_all_l_01_log.txt
SpawnPoolWorker-997| 2026-06-22 04:58:33,825,825 multiprocessing INFO See log at : ./logs/all_Lyapunov_test_dso-fn_d_all_l_01_log.txt
SpawnPoolWorker-997| 2026-06-22 04:58:33,828,828 multiprocessing INFO child process calling self.run()
SpawnPoolWorker-1005| 2026-06-22 04:58:33,943,943 multiprocessing INFO STARTING NEW RUN ==========
SpawnPoolWorker-1005| 2026-06-22 04:58:33,943,943 multiprocessing INFO SEE LOG AT : ./logs/all_Lyapunov_test_dso-fn_d_all_l_01_log.txt
SpawnPoolWorker-1005| 2026-06-22 04:58:33,943,943 multiprocessing INFO See log at : ./logs/all_Lyapunov_test_dso-fn_d_all_l_01_log.txt
SpawnPoolWorker-1005| 2026-06-22 04:58:33,946,946 multiprocessing INFO child process calling self.run()
SpawnPoolWorker-1002| 2026-06-22 04:58:33,962,962 multiprocessing INFO STARTING NEW RUN ==========
SpawnPoolWorker-1002| 2026-06-22 04:58:33,962,962 multiprocessing INFO SEE LOG AT : ./logs/all_Lyapunov_test_dso-fn_d_all_l_01_log.txt
SpawnPoolWorker-1002| 2026-06-22 04:58:33,962,962 multiprocessing INFO See log at : ./logs/all_Lyapunov_test_dso-fn_d_all_l_01_log.txt
SpawnPoolWorker-1002| 2026-06-22 04:58:33,965,965 multiprocessing INFO child process calling self.run()
SpawnPoolWorker-1011| 2026-06-22 04:58:34,011,11 multiprocessing INFO STARTING NEW RUN ==========
SpawnPoolWorker-1011| 2026-06-22 04:58:34,011,11 multiprocessing INFO SEE LOG AT : ./logs/all_Lyapunov_test_dso-fn_d_all_l_01_log.txt
SpawnPoolWorker-1011| 2026-06-22 04:58:34,011,11 multiprocessing INFO See log at : ./logs/all_Lyapunov_test_dso-fn_d_all_l_01_log.txt
SpawnPoolWorker-1011| 2026-06-22 04:58:34,013,13 multiprocessing INFO child process calling self.run()
SpawnPoolWorker-1001| 2026-06-22 04:58:34,171,171 multiprocessing INFO STARTING NEW RUN ==========
SpawnPoolWorker-1001| 2026-06-22 04:58:34,172,172 multiprocessing INFO SEE LOG AT : ./logs/all_Lyapunov_test_dso-fn_d_all_l_01_log.txt
SpawnPoolWorker-1001| 2026-06-22 04:58:34,172,172 multiprocessing INFO See log at : ./logs/all_Lyapunov_test_dso-fn_d_all_l_01_log.txt
SpawnPoolWorker-1001| 2026-06-22 04:58:34,174,174 multiprocessing INFO child process calling self.run()
SpawnPoolWorker-1008| 2026-06-22 04:58:34,280,280 multiprocessing INFO STARTING NEW RUN ==========
SpawnPoolWorker-1008| 2026-06-22 04:58:34,280,280 multiprocessing INFO SEE LOG AT : ./logs/all_Lyapunov_test_dso-fn_d_all_l_01_log.txt
SpawnPoolWorker-1008| 2026-06-22 04:58:34,280,280 multiprocessing INFO See log at : ./logs/all_Lyapunov_test_dso-fn_d_all_l_01_log.txt
SpawnPoolWorker-1008| 2026-06-22 04:58:34,284,284 multiprocessing INFO child process calling self.run()
SpawnPoolWorker-1016| 2026-06-22 04:58:34,633,633 multiprocessing INFO STARTING NEW RUN ==========
SpawnPoolWorker-1016| 2026-06-22 04:58:34,633,633 multiprocessing INFO SEE LOG AT : ./logs/all_Lyapunov_test_dso-fn_d_all_l_01_log.txt
SpawnPoolWorker-1016| 2026-06-22 04:58:34,633,633 multiprocessing INFO See log at : ./logs/all_Lyapunov_test_dso-fn_d_all_l_01_log.txt
SpawnPoolWorker-1016| 2026-06-22 04:58:34,636,636 multiprocessing INFO child process calling self.run()
SpawnPoolWorker-1017| 2026-06-22 04:58:34,721,721 multiprocessing INFO STARTING NEW RUN ==========
SpawnPoolWorker-1017| 2026-06-22 04:58:34,723,723 multiprocessing INFO SEE LOG AT : ./logs/all_Lyapunov_test_dso-fn_d_all_l_01_log.txt
SpawnPoolWorker-1017| 2026-06-22 04:58:34,723,723 multiprocessing INFO See log at : ./logs/all_Lyapunov_test_dso-fn_d_all_l_01_log.txt
SpawnPoolWorker-1017| 2026-06-22 04:58:34,726,726 multiprocessing INFO child process calling self.run()
SpawnPoolWorker-1003| 2026-06-22 04:58:34,801,801 multiprocessing INFO STARTING NEW RUN ==========
SpawnPoolWorker-1003| 2026-06-22 04:58:34,801,801 multiprocessing INFO SEE LOG AT : ./logs/all_Lyapunov_test_dso-fn_d_all_l_01_log.txt
SpawnPoolWorker-1003| 2026-06-22 04:58:34,801,801 multiprocessing INFO See log at : ./logs/all_Lyapunov_test_dso-fn_d_all_l_01_log.txt
SpawnPoolWorker-1003| 2026-06-22 04:58:34,803,803 multiprocessing INFO child process calling self.run()
SpawnPoolWorker-998| 2026-06-22 04:58:34,932,932 multiprocessing INFO STARTING NEW RUN ==========
SpawnPoolWorker-998| 2026-06-22 04:58:34,932,932 multiprocessing INFO SEE LOG AT : ./logs/all_Lyapunov_test_dso-fn_d_all_l_01_log.txt
SpawnPoolWorker-998| 2026-06-22 04:58:34,932,932 multiprocessing INFO See log at : ./logs/all_Lyapunov_test_dso-fn_d_all_l_01_log.txt
SpawnPoolWorker-998| 2026-06-22 04:58:34,933,933 multiprocessing INFO child process calling self.run()
SpawnPoolWorker-1010| 2026-06-22 04:58:35,083,83 multiprocessing INFO STARTING NEW RUN ==========
SpawnPoolWorker-1010| 2026-06-22 04:58:35,083,83 multiprocessing INFO SEE LOG AT : ./logs/all_Lyapunov_test_dso-fn_d_all_l_01_log.txt
SpawnPoolWorker-1010| 2026-06-22 04:58:35,083,83 multiprocessing INFO See log at : ./logs/all_Lyapunov_test_dso-fn_d_all_l_01_log.txt
SpawnPoolWorker-1010| 2026-06-22 04:58:35,085,85 multiprocessing INFO child process calling self.run()
SpawnPoolWorker-1013| 2026-06-22 04:58:35,147,147 multiprocessing INFO STARTING NEW RUN ==========
SpawnPoolWorker-1013| 2026-06-22 04:58:35,147,147 multiprocessing INFO SEE LOG AT : ./logs/all_Lyapunov_test_dso-fn_d_all_l_01_log.txt
SpawnPoolWorker-1013| 2026-06-22 04:58:35,147,147 multiprocessing INFO See log at : ./logs/all_Lyapunov_test_dso-fn_d_all_l_01_log.txt
SpawnPoolWorker-1013| 2026-06-22 04:58:35,152,152 multiprocessing INFO child process calling self.run()
SpawnPoolWorker-1015| 2026-06-22 04:58:35,223,223 multiprocessing INFO STARTING NEW RUN ==========
SpawnPoolWorker-1015| 2026-06-22 04:58:35,223,223 multiprocessing INFO SEE LOG AT : ./logs/all_Lyapunov_test_dso-fn_d_all_l_01_log.txt
SpawnPoolWorker-1015| 2026-06-22 04:58:35,223,223 multiprocessing INFO See log at : ./logs/all_Lyapunov_test_dso-fn_d_all_l_01_log.txt
SpawnPoolWorker-1015| 2026-06-22 04:58:35,227,227 multiprocessing INFO child process calling self.run()
SpawnPoolWorker-999| 2026-06-22 04:58:35,341,341 multiprocessing INFO STARTING NEW RUN ==========
SpawnPoolWorker-999| 2026-06-22 04:58:35,341,341 multiprocessing INFO SEE LOG AT : ./logs/all_Lyapunov_test_dso-fn_d_all_l_01_log.txt
SpawnPoolWorker-999| 2026-06-22 04:58:35,341,341 multiprocessing INFO See log at : ./logs/all_Lyapunov_test_dso-fn_d_all_l_01_log.txt
SpawnPoolWorker-999| 2026-06-22 04:58:35,344,344 multiprocessing INFO child process calling self.run()
SpawnPoolWorker-1007| 2026-06-22 04:58:35,385,385 multiprocessing INFO STARTING NEW RUN ==========
SpawnPoolWorker-1007| 2026-06-22 04:58:35,385,385 multiprocessing INFO SEE LOG AT : ./logs/all_Lyapunov_test_dso-fn_d_all_l_01_log.txt
SpawnPoolWorker-1007| 2026-06-22 04:58:35,385,385 multiprocessing INFO See log at : ./logs/all_Lyapunov_test_dso-fn_d_all_l_01_log.txt
SpawnPoolWorker-1007| 2026-06-22 04:58:35,386,386 multiprocessing INFO child process calling self.run()
SpawnPoolWorker-1009| 2026-06-22 04:58:35,395,395 multiprocessing INFO STARTING NEW RUN ==========
SpawnPoolWorker-1009| 2026-06-22 04:58:35,395,395 multiprocessing INFO SEE LOG AT : ./logs/all_Lyapunov_test_dso-fn_d_all_l_01_log.txt
SpawnPoolWorker-1009| 2026-06-22 04:58:35,395,395 multiprocessing INFO See log at : ./logs/all_Lyapunov_test_dso-fn_d_all_l_01_log.txt
SpawnPoolWorker-1009| 2026-06-22 04:58:35,397,397 multiprocessing INFO child process calling self.run()
SpawnPoolWorker-1020| 2026-06-22 04:58:35,649,649 multiprocessing INFO STARTING NEW RUN ==========
SpawnPoolWorker-1020| 2026-06-22 04:58:35,649,649 multiprocessing INFO SEE LOG AT : ./logs/all_Lyapunov_test_dso-fn_d_all_l_01_log.txt
SpawnPoolWorker-1020| 2026-06-22 04:58:35,649,649 multiprocessing INFO See log at : ./logs/all_Lyapunov_test_dso-fn_d_all_l_01_log.txt
SpawnPoolWorker-1020| 2026-06-22 04:58:35,652,652 multiprocessing INFO child process calling self.run()
SpawnPoolWorker-1014| 2026-06-22 04:58:35,949,949 multiprocessing INFO STARTING NEW RUN ==========
SpawnPoolWorker-1014| 2026-06-22 04:58:35,949,949 multiprocessing INFO SEE LOG AT : ./logs/all_Lyapunov_test_dso-fn_d_all_l_01_log.txt
SpawnPoolWorker-1014| 2026-06-22 04:58:35,949,949 multiprocessing INFO See log at : ./logs/all_Lyapunov_test_dso-fn_d_all_l_01_log.txt
SpawnPoolWorker-1019| 2026-06-22 04:58:35,949,949 multiprocessing INFO STARTING NEW RUN ==========
SpawnPoolWorker-1019| 2026-06-22 04:58:35,949,949 multiprocessing INFO SEE LOG AT : ./logs/all_Lyapunov_test_dso-fn_d_all_l_01_log.txt
SpawnPoolWorker-1019| 2026-06-22 04:58:35,949,949 multiprocessing INFO See log at : ./logs/all_Lyapunov_test_dso-fn_d_all_l_01_log.txt
SpawnPoolWorker-1019| 2026-06-22 04:58:35,952,952 multiprocessing INFO child process calling self.run()
SpawnPoolWorker-1014| 2026-06-22 04:58:35,955,955 multiprocessing INFO child process calling self.run()
SpawnPoolWorker-1006| 2026-06-22 04:58:35,993,993 multiprocessing INFO STARTING NEW RUN ==========
SpawnPoolWorker-1006| 2026-06-22 04:58:35,993,993 multiprocessing INFO SEE LOG AT : ./logs/all_Lyapunov_test_dso-fn_d_all_l_01_log.txt
SpawnPoolWorker-1006| 2026-06-22 04:58:35,993,993 multiprocessing INFO See log at : ./logs/all_Lyapunov_test_dso-fn_d_all_l_01_log.txt
SpawnPoolWorker-1006| 2026-06-22 04:58:35,996,996 multiprocessing INFO child process calling self.run()
SpawnPoolWorker-1018| 2026-06-22 04:58:36,459,459 multiprocessing INFO STARTING NEW RUN ==========
SpawnPoolWorker-1018| 2026-06-22 04:58:36,459,459 multiprocessing INFO SEE LOG AT : ./logs/all_Lyapunov_test_dso-fn_d_all_l_01_log.txt
SpawnPoolWorker-1018| 2026-06-22 04:58:36,459,459 multiprocessing INFO See log at : ./logs/all_Lyapunov_test_dso-fn_d_all_l_01_log.txt
SpawnPoolWorker-1018| 2026-06-22 04:58:36,468,468 multiprocessing INFO child process calling self.run()
SpawnPoolWorker-1012| 2026-06-22 04:58:36,593,593 multiprocessing INFO STARTING NEW RUN ==========
SpawnPoolWorker-1012| 2026-06-22 04:58:36,593,593 multiprocessing INFO SEE LOG AT : ./logs/all_Lyapunov_test_dso-fn_d_all_l_01_log.txt
SpawnPoolWorker-1012| 2026-06-22 04:58:36,593,593 multiprocessing INFO See log at : ./logs/all_Lyapunov_test_dso-fn_d_all_l_01_log.txt
SpawnPoolWorker-1012| 2026-06-22 04:58:36,601,601 multiprocessing INFO child process calling self.run()
SpawnPoolWorker-1009| 2026-06-22 05:05:15,738,738 multiprocessing INFO process shutting down
SpawnPoolWorker-1007| 2026-06-22 05:05:15,739,739 multiprocessing INFO process shutting down
SpawnPoolWorker-1002| 2026-06-22 05:05:15,739,739 multiprocessing INFO process shutting down
SpawnPoolWorker-1013| 2026-06-22 05:05:15,739,739 multiprocessing INFO process shutting down
SpawnPoolWorker-1014| 2026-06-22 05:05:15,739,739 multiprocessing INFO process shutting down
SpawnPoolWorker-998| 2026-06-22 05:05:15,739,739 multiprocessing INFO process shutting down
SpawnPoolWorker-1018| 2026-06-22 05:05:15,738,738 multiprocessing INFO process shutting down
SpawnPoolWorker-1001| 2026-06-22 05:05:15,739,739 multiprocessing INFO process shutting down
SpawnPoolWorker-1015| 2026-06-22 05:05:15,738,738 multiprocessing INFO process shutting down
SpawnPoolWorker-997| 2026-06-22 05:05:15,738,738 multiprocessing INFO process shutting down
SpawnPoolWorker-1004| 2026-06-22 05:05:15,739,739 multiprocessing INFO process shutting down
SpawnPoolWorker-1016| 2026-06-22 05:05:15,738,738 multiprocessing INFO process shutting down
SpawnPoolWorker-1006| 2026-06-22 05:05:15,739,739 multiprocessing INFO process shutting down
SpawnPoolWorker-1010| 2026-06-22 05:05:15,739,739 multiprocessing INFO process shutting down
SpawnPoolWorker-1008| 2026-06-22 05:05:15,739,739 multiprocessing INFO process shutting down
SpawnPoolWorker-1003| 2026-06-22 05:05:15,739,739 multiprocessing INFO process shutting down
SpawnPoolWorker-1013| 2026-06-22 05:05:15,740,740 multiprocessing INFO process exiting with exitcode 0
SpawnPoolWorker-1016| 2026-06-22 05:05:15,740,740 multiprocessing INFO process exiting with exitcode 0
SpawnPoolWorker-1006| 2026-06-22 05:05:15,740,740 multiprocessing INFO process exiting with exitcode 0
SpawnPoolWorker-1005| 2026-06-22 05:05:15,739,739 multiprocessing INFO process shutting down
SpawnPoolWorker-1010| 2026-06-22 05:05:15,740,740 multiprocessing INFO process exiting with exitcode 0
SpawnPoolWorker-1008| 2026-06-22 05:05:15,740,740 multiprocessing INFO process exiting with exitcode 0
SpawnPoolWorker-1018| 2026-06-22 05:05:15,740,740 multiprocessing INFO process exiting with exitcode 0
SpawnPoolWorker-1003| 2026-06-22 05:05:15,740,740 multiprocessing INFO process exiting with exitcode 0
SpawnPoolWorker-1005| 2026-06-22 05:05:15,740,740 multiprocessing INFO process exiting with exitcode 0
SpawnPoolWorker-1019| 2026-06-22 05:05:15,740,740 multiprocessing INFO process shutting down
SpawnPoolWorker-1017| 2026-06-22 05:05:15,740,740 multiprocessing INFO process shutting down
SpawnPoolWorker-1020| 2026-06-22 05:05:15,741,741 multiprocessing INFO process shutting down
SpawnPoolWorker-1011| 2026-06-22 05:05:15,740,740 multiprocessing INFO process shutting down
28
(100000, 9)
(100000,)
(100000, 9)
(100000,)

=======================Successfully Added (50000, 9) Counter Examples=======================


============None of the candidates fulfill the conditions. Training CONTINUES!=================

MainProcess| 2026-06-22 05:05:22,313,313 multiprocessing INFO 
============None of the candidates fulfill the conditions. Training CONTINUES!=================


============None of the candidates fulfill the conditions. Training CONTINUES!=================

(550, 171)
/users/9/chen8596/miniconda3/envs/alfd/lib/python3.9/site-packages/torch/nn/functional.py:4999: UserWarning: Support for mismatched key_padding_mask and attn_mask is deprecated. Use same type for both instead.
  warnings.warn(

==============Start Supervised Learning==============

MainProcess| 2026-06-22 05:05:32,072,72 multiprocessing INFO GP output mean: 0.829966414514844
GP output mean: 0.829966414514844
MainProcess| 2026-06-22 05:05:32,762,762 multiprocessing INFO GP output success rate: 0.0
GP output success rate: 0.0

==============End Supervised Learning==============

MainProcess| 2026-06-22 05:05:34,893,893 multiprocessing INFO [Test epoch=0030]  nevals=412818 	| train_loss=10149.16699 	| eqs_invalid %=0.18 	| r_best=0.97722 	| quantile=0.00000 	| r_quantile_mean=0.08209 	| r_raw_sum=45.15040 	|  r_raw_mean=0.90301 	| r2=nan 	| acc_iid=0.00000 	| acc_ood=0.00000 	| nmse_test=0.0059515879243644786 	| true_equation_set_count=0 	| s/it=661.92519
[Test epoch=0030]  nevals=412818 	| train_loss=10149.16699 	| eqs_invalid %=0.18 	| r_best=0.97722 	| quantile=0.00000 	| r_quantile_mean=0.08209 	| r_raw_sum=45.15040 	|  r_raw_mean=0.90301 	| r2=nan 	| acc_iid=0.00000 	| acc_ood=0.00000 	| nmse_test=0.0059515879243644786 	| true_equation_set_count=0 	| s/it=661.92519
MainProcess| 2026-06-22 05:05:34,893,893 multiprocessing INFO [00:05:42:59.58] Training epoch 30/4000, current best R: 0.9772
[00:05:42:59.58] Training epoch 30/4000, current best R: 0.9772
MainProcess| 2026-06-22 05:08:23,306,306 multiprocessing INFO Genetic Porgramming Runtime 167.1928042860236
Genetic Porgramming Runtime 167.1928042860236

=========================PGD Collection Starts=========================

SpawnPoolWorker-1027| 2026-06-22 05:08:30,308,308 multiprocessing INFO STARTING NEW RUN ==========
SpawnPoolWorker-1027| 2026-06-22 05:08:30,308,308 multiprocessing INFO SEE LOG AT : ./logs/all_Lyapunov_test_dso-fn_d_all_l_01_log.txt
SpawnPoolWorker-1027| 2026-06-22 05:08:30,308,308 multiprocessing INFO See log at : ./logs/all_Lyapunov_test_dso-fn_d_all_l_01_log.txt
SpawnPoolWorker-1024| 2026-06-22 05:08:30,308,308 multiprocessing INFO STARTING NEW RUN ==========
SpawnPoolWorker-1024| 2026-06-22 05:08:30,309,309 multiprocessing INFO SEE LOG AT : ./logs/all_Lyapunov_test_dso-fn_d_all_l_01_log.txt
SpawnPoolWorker-1024| 2026-06-22 05:08:30,309,309 multiprocessing INFO See log at : ./logs/all_Lyapunov_test_dso-fn_d_all_l_01_log.txt
SpawnPoolWorker-1021| 2026-06-22 05:08:30,310,310 multiprocessing INFO STARTING NEW RUN ==========
SpawnPoolWorker-1028| 2026-06-22 05:08:30,310,310 multiprocessing INFO STARTING NEW RUN ==========
SpawnPoolWorker-1023| 2026-06-22 05:08:30,310,310 multiprocessing INFO STARTING NEW RUN ==========
SpawnPoolWorker-1022| 2026-06-22 05:08:30,310,310 multiprocessing INFO STARTING NEW RUN ==========
SpawnPoolWorker-1021| 2026-06-22 05:08:30,310,310 multiprocessing INFO SEE LOG AT : ./logs/all_Lyapunov_test_dso-fn_d_all_l_01_log.txt
SpawnPoolWorker-1028| 2026-06-22 05:08:30,310,310 multiprocessing INFO SEE LOG AT : ./logs/all_Lyapunov_test_dso-fn_d_all_l_01_log.txt
SpawnPoolWorker-1023| 2026-06-22 05:08:30,310,310 multiprocessing INFO SEE LOG AT : ./logs/all_Lyapunov_test_dso-fn_d_all_l_01_log.txt
SpawnPoolWorker-1022| 2026-06-22 05:08:30,310,310 multiprocessing INFO SEE LOG AT : ./logs/all_Lyapunov_test_dso-fn_d_all_l_01_log.txt
SpawnPoolWorker-1021| 2026-06-22 05:08:30,310,310 multiprocessing INFO See log at : ./logs/all_Lyapunov_test_dso-fn_d_all_l_01_log.txt
SpawnPoolWorker-1028| 2026-06-22 05:08:30,310,310 multiprocessing INFO See log at : ./logs/all_Lyapunov_test_dso-fn_d_all_l_01_log.txt
SpawnPoolWorker-1023| 2026-06-22 05:08:30,310,310 multiprocessing INFO See log at : ./logs/all_Lyapunov_test_dso-fn_d_all_l_01_log.txt
SpawnPoolWorker-1022| 2026-06-22 05:08:30,310,310 multiprocessing INFO See log at : ./logs/all_Lyapunov_test_dso-fn_d_all_l_01_log.txt
SpawnPoolWorker-1027| 2026-06-22 05:08:30,310,310 multiprocessing INFO child process calling self.run()
SpawnPoolWorker-1026| 2026-06-22 05:08:30,310,310 multiprocessing INFO STARTING NEW RUN ==========
SpawnPoolWorker-1024| 2026-06-22 05:08:30,311,311 multiprocessing INFO child process calling self.run()
SpawnPoolWorker-1021| 2026-06-22 05:08:30,311,311 multiprocessing INFO child process calling self.run()
SpawnPoolWorker-1028| 2026-06-22 05:08:30,311,311 multiprocessing INFO child process calling self.run()
SpawnPoolWorker-1023| 2026-06-22 05:08:30,311,311 multiprocessing INFO child process calling self.run()
SpawnPoolWorker-1022| 2026-06-22 05:08:30,311,311 multiprocessing INFO child process calling self.run()
SpawnPoolWorker-1026| 2026-06-22 05:08:30,312,312 multiprocessing INFO SEE LOG AT : ./logs/all_Lyapunov_test_dso-fn_d_all_l_01_log.txt
SpawnPoolWorker-1026| 2026-06-22 05:08:30,312,312 multiprocessing INFO See log at : ./logs/all_Lyapunov_test_dso-fn_d_all_l_01_log.txt
SpawnPoolWorker-1029| 2026-06-22 05:08:30,312,312 multiprocessing INFO STARTING NEW RUN ==========
SpawnPoolWorker-1029| 2026-06-22 05:08:30,312,312 multiprocessing INFO SEE LOG AT : ./logs/all_Lyapunov_test_dso-fn_d_all_l_01_log.txt
SpawnPoolWorker-1029| 2026-06-22 05:08:30,312,312 multiprocessing INFO See log at : ./logs/all_Lyapunov_test_dso-fn_d_all_l_01_log.txt
SpawnPoolWorker-1026| 2026-06-22 05:08:30,313,313 multiprocessing INFO child process calling self.run()
SpawnPoolWorker-1029| 2026-06-22 05:08:30,313,313 multiprocessing INFO child process calling self.run()
SpawnPoolWorker-1025| 2026-06-22 05:08:30,314,314 multiprocessing INFO STARTING NEW RUN ==========
SpawnPoolWorker-1025| 2026-06-22 05:08:30,314,314 multiprocessing INFO SEE LOG AT : ./logs/all_Lyapunov_test_dso-fn_d_all_l_01_log.txt
SpawnPoolWorker-1025| 2026-06-22 05:08:30,314,314 multiprocessing INFO See log at : ./logs/all_Lyapunov_test_dso-fn_d_all_l_01_log.txt
SpawnPoolWorker-1025| 2026-06-22 05:08:30,316,316 multiprocessing INFO child process calling self.run()
SpawnPoolWorker-1030| 2026-06-22 05:08:30,317,317 multiprocessing INFO STARTING NEW RUN ==========
SpawnPoolWorker-1030| 2026-06-22 05:08:30,318,318 multiprocessing INFO SEE LOG AT : ./logs/all_Lyapunov_test_dso-fn_d_all_l_01_log.txt
SpawnPoolWorker-1030| 2026-06-22 05:08:30,318,318 multiprocessing INFO See log at : ./logs/all_Lyapunov_test_dso-fn_d_all_l_01_log.txt
SpawnPoolWorker-1030| 2026-06-22 05:08:30,319,319 multiprocessing INFO child process calling self.run()
SpawnPoolWorker-1027| 2026-06-22 05:08:47,338,338 multiprocessing INFO process shutting down
SpawnPoolWorker-1021| 2026-06-22 05:08:47,338,338 multiprocessing INFO process shutting down
SpawnPoolWorker-1023| 2026-06-22 05:08:47,338,338 multiprocessing INFO process shutting down
SpawnPoolWorker-1028| 2026-06-22 05:08:47,338,338 multiprocessing INFO process shutting down
SpawnPoolWorker-1025| 2026-06-22 05:08:47,338,338 multiprocessing INFO process shutting down
SpawnPoolWorker-1027| 2026-06-22 05:08:47,339,339 multiprocessing INFO process exiting with exitcode 0
SpawnPoolWorker-1023| 2026-06-22 05:08:47,339,339 multiprocessing INFO process exiting with exitcode 0
SpawnPoolWorker-1024| 2026-06-22 05:08:47,339,339 multiprocessing INFO process shutting down
SpawnPoolWorker-1029| 2026-06-22 05:08:47,339,339 multiprocessing INFO process shutting down
SpawnPoolWorker-1021| 2026-06-22 05:08:47,339,339 multiprocessing INFO process exiting with exitcode 0
SpawnPoolWorker-1028| 2026-06-22 05:08:47,339,339 multiprocessing INFO process exiting with exitcode 0
SpawnPoolWorker-1024| 2026-06-22 05:08:47,339,339 multiprocessing INFO process exiting with exitcode 0
SpawnPoolWorker-1025| 2026-06-22 05:08:47,339,339 multiprocessing INFO process exiting with exitcode 0
SpawnPoolWorker-1022| 2026-06-22 05:08:47,339,339 multiprocessing INFO process shutting down
SpawnPoolWorker-1029| 2026-06-22 05:08:47,339,339 multiprocessing INFO process exiting with exitcode 0
(20000,)

===================Collect 20000 Examples===================

Epsilon 0.1
500
(550,)
(550,)
(55,)
Number of Programs for Minimization: 28
SpawnPoolWorker-1031| 2026-06-22 05:09:03,490,490 multiprocessing INFO STARTING NEW RUN ==========
SpawnPoolWorker-1031| 2026-06-22 05:09:03,490,490 multiprocessing INFO SEE LOG AT : ./logs/all_Lyapunov_test_dso-fn_d_all_l_01_log.txt
SpawnPoolWorker-1031| 2026-06-22 05:09:03,490,490 multiprocessing INFO See log at : ./logs/all_Lyapunov_test_dso-fn_d_all_l_01_log.txt
SpawnPoolWorker-1031| 2026-06-22 05:09:03,493,493 multiprocessing INFO child process calling self.run()
SpawnPoolWorker-1034| 2026-06-22 05:09:03,810,810 multiprocessing INFO STARTING NEW RUN ==========
SpawnPoolWorker-1034| 2026-06-22 05:09:03,811,811 multiprocessing INFO SEE LOG AT : ./logs/all_Lyapunov_test_dso-fn_d_all_l_01_log.txt
SpawnPoolWorker-1034| 2026-06-22 05:09:03,811,811 multiprocessing INFO See log at : ./logs/all_Lyapunov_test_dso-fn_d_all_l_01_log.txt
SpawnPoolWorker-1034| 2026-06-22 05:09:03,816,816 multiprocessing INFO child process calling self.run()
SpawnPoolWorker-1038| 2026-06-22 05:09:03,985,985 multiprocessing INFO STARTING NEW RUN ==========
SpawnPoolWorker-1038| 2026-06-22 05:09:03,986,986 multiprocessing INFO SEE LOG AT : ./logs/all_Lyapunov_test_dso-fn_d_all_l_01_log.txt
SpawnPoolWorker-1038| 2026-06-22 05:09:03,986,986 multiprocessing INFO See log at : ./logs/all_Lyapunov_test_dso-fn_d_all_l_01_log.txt
SpawnPoolWorker-1038| 2026-06-22 05:09:03,988,988 multiprocessing INFO child process calling self.run()
SpawnPoolWorker-1043| 2026-06-22 05:09:04,004,4 multiprocessing INFO STARTING NEW RUN ==========
SpawnPoolWorker-1043| 2026-06-22 05:09:04,005,5 multiprocessing INFO SEE LOG AT : ./logs/all_Lyapunov_test_dso-fn_d_all_l_01_log.txt
SpawnPoolWorker-1043| 2026-06-22 05:09:04,005,5 multiprocessing INFO See log at : ./logs/all_Lyapunov_test_dso-fn_d_all_l_01_log.txt
SpawnPoolWorker-1043| 2026-06-22 05:09:04,010,10 multiprocessing INFO child process calling self.run()
SpawnPoolWorker-1035| 2026-06-22 05:09:04,151,151 multiprocessing INFO STARTING NEW RUN ==========
SpawnPoolWorker-1035| 2026-06-22 05:09:04,151,151 multiprocessing INFO SEE LOG AT : ./logs/all_Lyapunov_test_dso-fn_d_all_l_01_log.txt
SpawnPoolWorker-1035| 2026-06-22 05:09:04,151,151 multiprocessing INFO See log at : ./logs/all_Lyapunov_test_dso-fn_d_all_l_01_log.txt
SpawnPoolWorker-1035| 2026-06-22 05:09:04,154,154 multiprocessing INFO child process calling self.run()
SpawnPoolWorker-1037| 2026-06-22 05:09:04,166,166 multiprocessing INFO STARTING NEW RUN ==========
SpawnPoolWorker-1037| 2026-06-22 05:09:04,166,166 multiprocessing INFO SEE LOG AT : ./logs/all_Lyapunov_test_dso-fn_d_all_l_01_log.txt
SpawnPoolWorker-1037| 2026-06-22 05:09:04,166,166 multiprocessing INFO See log at : ./logs/all_Lyapunov_test_dso-fn_d_all_l_01_log.txt
SpawnPoolWorker-1037| 2026-06-22 05:09:04,170,170 multiprocessing INFO child process calling self.run()
SpawnPoolWorker-1042| 2026-06-22 05:09:04,177,177 multiprocessing INFO STARTING NEW RUN ==========
SpawnPoolWorker-1042| 2026-06-22 05:09:04,178,178 multiprocessing INFO SEE LOG AT : ./logs/all_Lyapunov_test_dso-fn_d_all_l_01_log.txt
SpawnPoolWorker-1042| 2026-06-22 05:09:04,178,178 multiprocessing INFO See log at : ./logs/all_Lyapunov_test_dso-fn_d_all_l_01_log.txt
SpawnPoolWorker-1042| 2026-06-22 05:09:04,180,180 multiprocessing INFO child process calling self.run()
SpawnPoolWorker-1036| 2026-06-22 05:09:04,281,281 multiprocessing INFO STARTING NEW RUN ==========
SpawnPoolWorker-1036| 2026-06-22 05:09:04,281,281 multiprocessing INFO SEE LOG AT : ./logs/all_Lyapunov_test_dso-fn_d_all_l_01_log.txt
SpawnPoolWorker-1036| 2026-06-22 05:09:04,281,281 multiprocessing INFO See log at : ./logs/all_Lyapunov_test_dso-fn_d_all_l_01_log.txt
SpawnPoolWorker-1036| 2026-06-22 05:09:04,285,285 multiprocessing INFO child process calling self.run()
SpawnPoolWorker-1032| 2026-06-22 05:09:04,376,376 multiprocessing INFO STARTING NEW RUN ==========
SpawnPoolWorker-1032| 2026-06-22 05:09:04,376,376 multiprocessing INFO SEE LOG AT : ./logs/all_Lyapunov_test_dso-fn_d_all_l_01_log.txt
SpawnPoolWorker-1032| 2026-06-22 05:09:04,376,376 multiprocessing INFO See log at : ./logs/all_Lyapunov_test_dso-fn_d_all_l_01_log.txt
SpawnPoolWorker-1032| 2026-06-22 05:09:04,377,377 multiprocessing INFO child process calling self.run()
SpawnPoolWorker-1033| 2026-06-22 05:09:04,662,662 multiprocessing INFO STARTING NEW RUN ==========
SpawnPoolWorker-1033| 2026-06-22 05:09:04,662,662 multiprocessing INFO SEE LOG AT : ./logs/all_Lyapunov_test_dso-fn_d_all_l_01_log.txt
SpawnPoolWorker-1033| 2026-06-22 05:09:04,662,662 multiprocessing INFO See log at : ./logs/all_Lyapunov_test_dso-fn_d_all_l_01_log.txt
SpawnPoolWorker-1033| 2026-06-22 05:09:04,666,666 multiprocessing INFO child process calling self.run()
SpawnPoolWorker-1045| 2026-06-22 05:09:04,815,815 multiprocessing INFO STARTING NEW RUN ==========
SpawnPoolWorker-1045| 2026-06-22 05:09:04,815,815 multiprocessing INFO SEE LOG AT : ./logs/all_Lyapunov_test_dso-fn_d_all_l_01_log.txt
SpawnPoolWorker-1045| 2026-06-22 05:09:04,815,815 multiprocessing INFO See log at : ./logs/all_Lyapunov_test_dso-fn_d_all_l_01_log.txt
SpawnPoolWorker-1045| 2026-06-22 05:09:04,817,817 multiprocessing INFO child process calling self.run()
SpawnPoolWorker-1039| 2026-06-22 05:09:04,837,837 multiprocessing INFO STARTING NEW RUN ==========
SpawnPoolWorker-1039| 2026-06-22 05:09:04,837,837 multiprocessing INFO SEE LOG AT : ./logs/all_Lyapunov_test_dso-fn_d_all_l_01_log.txt
SpawnPoolWorker-1039| 2026-06-22 05:09:04,837,837 multiprocessing INFO See log at : ./logs/all_Lyapunov_test_dso-fn_d_all_l_01_log.txt
SpawnPoolWorker-1039| 2026-06-22 05:09:04,840,840 multiprocessing INFO child process calling self.run()
SpawnPoolWorker-1050| 2026-06-22 05:09:05,004,4 multiprocessing INFO STARTING NEW RUN ==========
SpawnPoolWorker-1050| 2026-06-22 05:09:05,004,4 multiprocessing INFO SEE LOG AT : ./logs/all_Lyapunov_test_dso-fn_d_all_l_01_log.txt
SpawnPoolWorker-1050| 2026-06-22 05:09:05,004,4 multiprocessing INFO See log at : ./logs/all_Lyapunov_test_dso-fn_d_all_l_01_log.txt
SpawnPoolWorker-1050| 2026-06-22 05:09:05,007,7 multiprocessing INFO child process calling self.run()
SpawnPoolWorker-1046| 2026-06-22 05:09:05,068,68 multiprocessing INFO STARTING NEW RUN ==========
SpawnPoolWorker-1046| 2026-06-22 05:09:05,068,68 multiprocessing INFO SEE LOG AT : ./logs/all_Lyapunov_test_dso-fn_d_all_l_01_log.txt
SpawnPoolWorker-1046| 2026-06-22 05:09:05,068,68 multiprocessing INFO See log at : ./logs/all_Lyapunov_test_dso-fn_d_all_l_01_log.txt
SpawnPoolWorker-1046| 2026-06-22 05:09:05,071,71 multiprocessing INFO child process calling self.run()
SpawnPoolWorker-1040| 2026-06-22 05:09:05,077,77 multiprocessing INFO STARTING NEW RUN ==========
SpawnPoolWorker-1040| 2026-06-22 05:09:05,077,77 multiprocessing INFO SEE LOG AT : ./logs/all_Lyapunov_test_dso-fn_d_all_l_01_log.txt
SpawnPoolWorker-1040| 2026-06-22 05:09:05,077,77 multiprocessing INFO See log at : ./logs/all_Lyapunov_test_dso-fn_d_all_l_01_log.txt
SpawnPoolWorker-1040| 2026-06-22 05:09:05,080,80 multiprocessing INFO child process calling self.run()
SpawnPoolWorker-1049| 2026-06-22 05:09:05,234,234 multiprocessing INFO STARTING NEW RUN ==========
SpawnPoolWorker-1049| 2026-06-22 05:09:05,234,234 multiprocessing INFO SEE LOG AT : ./logs/all_Lyapunov_test_dso-fn_d_all_l_01_log.txt
SpawnPoolWorker-1049| 2026-06-22 05:09:05,234,234 multiprocessing INFO See log at : ./logs/all_Lyapunov_test_dso-fn_d_all_l_01_log.txt
SpawnPoolWorker-1049| 2026-06-22 05:09:05,241,241 multiprocessing INFO child process calling self.run()
SpawnPoolWorker-1041| 2026-06-22 05:09:05,251,251 multiprocessing INFO STARTING NEW RUN ==========
SpawnPoolWorker-1041| 2026-06-22 05:09:05,251,251 multiprocessing INFO SEE LOG AT : ./logs/all_Lyapunov_test_dso-fn_d_all_l_01_log.txt
SpawnPoolWorker-1041| 2026-06-22 05:09:05,251,251 multiprocessing INFO See log at : ./logs/all_Lyapunov_test_dso-fn_d_all_l_01_log.txt
SpawnPoolWorker-1041| 2026-06-22 05:09:05,252,252 multiprocessing INFO child process calling self.run()
SpawnPoolWorker-1051| 2026-06-22 05:09:05,262,262 multiprocessing INFO STARTING NEW RUN ==========
SpawnPoolWorker-1051| 2026-06-22 05:09:05,262,262 multiprocessing INFO SEE LOG AT : ./logs/all_Lyapunov_test_dso-fn_d_all_l_01_log.txt
SpawnPoolWorker-1051| 2026-06-22 05:09:05,262,262 multiprocessing INFO See log at : ./logs/all_Lyapunov_test_dso-fn_d_all_l_01_log.txt
SpawnPoolWorker-1051| 2026-06-22 05:09:05,266,266 multiprocessing INFO child process calling self.run()
SpawnPoolWorker-1044| 2026-06-22 05:09:05,336,336 multiprocessing INFO STARTING NEW RUN ==========
SpawnPoolWorker-1044| 2026-06-22 05:09:05,336,336 multiprocessing INFO SEE LOG AT : ./logs/all_Lyapunov_test_dso-fn_d_all_l_01_log.txt
SpawnPoolWorker-1044| 2026-06-22 05:09:05,336,336 multiprocessing INFO See log at : ./logs/all_Lyapunov_test_dso-fn_d_all_l_01_log.txt
SpawnPoolWorker-1044| 2026-06-22 05:09:05,339,339 multiprocessing INFO child process calling self.run()
SpawnPoolWorker-1052| 2026-06-22 05:09:05,479,479 multiprocessing INFO STARTING NEW RUN ==========
SpawnPoolWorker-1052| 2026-06-22 05:09:05,479,479 multiprocessing INFO SEE LOG AT : ./logs/all_Lyapunov_test_dso-fn_d_all_l_01_log.txt
SpawnPoolWorker-1052| 2026-06-22 05:09:05,479,479 multiprocessing INFO See log at : ./logs/all_Lyapunov_test_dso-fn_d_all_l_01_log.txt
SpawnPoolWorker-1052| 2026-06-22 05:09:05,487,487 multiprocessing INFO child process calling self.run()
SpawnPoolWorker-1047| 2026-06-22 05:09:05,693,693 multiprocessing INFO STARTING NEW RUN ==========
SpawnPoolWorker-1047| 2026-06-22 05:09:05,693,693 multiprocessing INFO SEE LOG AT : ./logs/all_Lyapunov_test_dso-fn_d_all_l_01_log.txt
SpawnPoolWorker-1047| 2026-06-22 05:09:05,693,693 multiprocessing INFO See log at : ./logs/all_Lyapunov_test_dso-fn_d_all_l_01_log.txt
SpawnPoolWorker-1047| 2026-06-22 05:09:05,699,699 multiprocessing INFO child process calling self.run()
SpawnPoolWorker-1054| 2026-06-22 05:09:05,837,837 multiprocessing INFO STARTING NEW RUN ==========
SpawnPoolWorker-1054| 2026-06-22 05:09:05,837,837 multiprocessing INFO SEE LOG AT : ./logs/all_Lyapunov_test_dso-fn_d_all_l_01_log.txt
SpawnPoolWorker-1054| 2026-06-22 05:09:05,837,837 multiprocessing INFO See log at : ./logs/all_Lyapunov_test_dso-fn_d_all_l_01_log.txt
SpawnPoolWorker-1054| 2026-06-22 05:09:05,844,844 multiprocessing INFO child process calling self.run()
SpawnPoolWorker-1053| 2026-06-22 05:09:05,893,893 multiprocessing INFO STARTING NEW RUN ==========
SpawnPoolWorker-1053| 2026-06-22 05:09:05,893,893 multiprocessing INFO SEE LOG AT : ./logs/all_Lyapunov_test_dso-fn_d_all_l_01_log.txt
SpawnPoolWorker-1053| 2026-06-22 05:09:05,893,893 multiprocessing INFO See log at : ./logs/all_Lyapunov_test_dso-fn_d_all_l_01_log.txt
SpawnPoolWorker-1053| 2026-06-22 05:09:05,895,895 multiprocessing INFO child process calling self.run()
SpawnPoolWorker-1048| 2026-06-22 05:09:05,944,944 multiprocessing INFO STARTING NEW RUN ==========
SpawnPoolWorker-1048| 2026-06-22 05:09:05,944,944 multiprocessing INFO SEE LOG AT : ./logs/all_Lyapunov_test_dso-fn_d_all_l_01_log.txt
SpawnPoolWorker-1048| 2026-06-22 05:09:05,944,944 multiprocessing INFO See log at : ./logs/all_Lyapunov_test_dso-fn_d_all_l_01_log.txt
SpawnPoolWorker-1048| 2026-06-22 05:09:05,948,948 multiprocessing INFO child process calling self.run()
SpawnPoolWorker-1046| 2026-06-22 05:15:34,281,281 multiprocessing INFO process shutting down
SpawnPoolWorker-1049| 2026-06-22 05:15:34,281,281 multiprocessing INFO process shutting down
SpawnPoolWorker-1035| 2026-06-22 05:15:34,281,281 multiprocessing INFO process shutting down
SpawnPoolWorker-1053| 2026-06-22 05:15:34,281,281 multiprocessing INFO process shutting down
SpawnPoolWorker-1033| 2026-06-22 05:15:34,281,281 multiprocessing INFO process shutting down
SpawnPoolWorker-1045| 2026-06-22 05:15:34,281,281 multiprocessing INFO process shutting down
SpawnPoolWorker-1041| 2026-06-22 05:15:34,282,282 multiprocessing INFO process shutting down
SpawnPoolWorker-1042| 2026-06-22 05:15:34,281,281 multiprocessing INFO process shutting down
SpawnPoolWorker-1043| 2026-06-22 05:15:34,282,282 multiprocessing INFO process shutting down
SpawnPoolWorker-1047| 2026-06-22 05:15:34,282,282 multiprocessing INFO process shutting down
SpawnPoolWorker-1048| 2026-06-22 05:15:34,282,282 multiprocessing INFO process shutting down
SpawnPoolWorker-1042| 2026-06-22 05:15:34,282,282 multiprocessing INFO process exiting with exitcode 0
SpawnPoolWorker-1046| 2026-06-22 05:15:34,282,282 multiprocessing INFO process exiting with exitcode 0
SpawnPoolWorker-1048| 2026-06-22 05:15:34,282,282 multiprocessing INFO process exiting with exitcode 0
SpawnPoolWorker-1032| 2026-06-22 05:15:34,282,282 multiprocessing INFO process shutting down
SpawnPoolWorker-1035| 2026-06-22 05:15:34,282,282 multiprocessing INFO process exiting with exitcode 0
SpawnPoolWorker-1034| 2026-06-22 05:15:34,282,282 multiprocessing INFO process shutting down
SpawnPoolWorker-1045| 2026-06-22 05:15:34,282,282 multiprocessing INFO process exiting with exitcode 0
SpawnPoolWorker-1032| 2026-06-22 05:15:34,282,282 multiprocessing INFO process exiting with exitcode 0
SpawnPoolWorker-1034| 2026-06-22 05:15:34,282,282 multiprocessing INFO process exiting with exitcode 0
SpawnPoolWorker-1031| 2026-06-22 05:15:34,281,281 multiprocessing INFO process shutting down
SpawnPoolWorker-1040| 2026-06-22 05:15:34,281,281 multiprocessing INFO process shutting down
SpawnPoolWorker-1039| 2026-06-22 05:15:34,281,281 multiprocessing INFO process shutting down
SpawnPoolWorker-1038| 2026-06-22 05:15:34,282,282 multiprocessing INFO process shutting down
SpawnPoolWorker-1052| 2026-06-22 05:15:34,283,283 multiprocessing INFO process shutting down
SpawnPoolWorker-1043| 2026-06-22 05:15:34,283,283 multiprocessing INFO process exiting with exitcode 0
SpawnPoolWorker-1051| 2026-06-22 05:15:34,283,283 multiprocessing INFO process shutting down
SpawnPoolWorker-1050| 2026-06-22 05:15:34,283,283 multiprocessing INFO process shutting down
28
(100000, 9)
(100000,)
(100000, 9)
(100000,)

=======================Successfully Added (50000, 9) Counter Examples=======================


============None of the candidates fulfill the conditions. Training CONTINUES!=================

MainProcess| 2026-06-22 05:15:36,705,705 multiprocessing INFO 
============None of the candidates fulfill the conditions. Training CONTINUES!=================


============None of the candidates fulfill the conditions. Training CONTINUES!=================

(55, 171)
/users/9/chen8596/miniconda3/envs/alfd/lib/python3.9/site-packages/torch/nn/functional.py:4999: UserWarning: Support for mismatched key_padding_mask and attn_mask is deprecated. Use same type for both instead.
  warnings.warn(

==============Start Supervised Learning==============

MainProcess| 2026-06-22 05:15:41,076,76 multiprocessing INFO GP output mean: 0.867380076465838
GP output mean: 0.867380076465838
MainProcess| 2026-06-22 05:15:41,609,609 multiprocessing INFO GP output success rate: 0.0
GP output success rate: 0.0

==============End Supervised Learning==============

/users/9/chen8596/LyaDis/repro/runs/syn9d/utils/train.py:971: RuntimeWarning: divide by zero encountered in divide
  error = np.abs(((y_hat - y) / y))
/users/9/chen8596/.local/lib/python3.9/site-packages/scipy/stats/_stats_py.py:4424: ConstantInputWarning: An input array is constant; the correlation coefficient is not defined.
  warnings.warn(stats.ConstantInputWarning(msg))
MainProcess| 2026-06-22 05:15:43,902,902 multiprocessing INFO [Test epoch=0031]  nevals=426547 	| train_loss=14039.41992 	| eqs_invalid %=0.00 	| r_best=0.97881 	| quantile=0.07216 	| r_quantile_mean=0.73415 	| r_raw_sum=40.41033 	|  r_raw_mean=0.70895 	| r2=nan 	| acc_iid=0.00000 	| acc_ood=0.00000 	| nmse_test=0.052550219776231734 	| true_equation_set_count=0 	| s/it=609.00882
[Test epoch=0031]  nevals=426547 	| train_loss=14039.41992 	| eqs_invalid %=0.00 	| r_best=0.97881 	| quantile=0.07216 	| r_quantile_mean=0.73415 	| r_raw_sum=40.41033 	|  r_raw_mean=0.70895 	| r2=nan 	| acc_iid=0.00000 	| acc_ood=0.00000 	| nmse_test=0.052550219776231734 	| true_equation_set_count=0 	| s/it=609.00882
MainProcess| 2026-06-22 05:15:43,902,902 multiprocessing INFO [00:05:53:08.59] Training epoch 31/4000, current best R: 0.9788
[00:05:53:08.59] Training epoch 31/4000, current best R: 0.9788
MainProcess| 2026-06-22 05:15:43,902,902 multiprocessing INFO 
	** New best

	** New best
MainProcess| 2026-06-22 05:15:43,902,902 multiprocessing INFO 	Reward: 0.9788101692878617
	Reward: 0.9788101692878617
MainProcess| 2026-06-22 05:15:43,902,902 multiprocessing INFO 	Count Off-policy: 1
	Count Off-policy: 1
MainProcess| 2026-06-22 05:15:43,903,903 multiprocessing INFO 	Count On-policy: 0
	Count On-policy: 0
MainProcess| 2026-06-22 05:15:43,903,903 multiprocessing INFO 	Originally on Policy: False
	Originally on Policy: False
MainProcess| 2026-06-22 05:15:43,903,903 multiprocessing INFO 	Invalid: False
	Invalid: False
MainProcess| 2026-06-22 05:15:43,903,903 multiprocessing INFO 	Traversal: sub,n2,x3,sub,sub,x2,add,sin,x2,n2,add,x2,x6,add,add,n2,x8,n2,add,x5,add,x4,x1,n2,sub,x7,add,x9,x4
	Traversal: sub,n2,x3,sub,sub,x2,add,sin,x2,n2,add,x2,x6,add,add,n2,x8,n2,add,x5,add,x4,x1,n2,sub,x7,add,x9,x4
MainProcess| 2026-06-22 05:15:43,903,903 multiprocessing INFO 	Expression:
	Expression:
MainProcess| 2026-06-22 05:15:43,905,905 multiprocessing INFO 
	          2     2            2                 2                  2          
	  -x₂ + x₃  + x₈  + (x₂ + x₆)  + (x₁ + x₄ + x₅)  + (-x₄ + x₇ - x₉)  + sin(x₂)


	          2     2            2                 2                  2          
	  -x₂ + x₃  + x₈  + (x₂ + x₆)  + (x₁ + x₄ + x₅)  + (-x₄ + x₇ - x₉)  + sin(x₂)

MainProcess| 2026-06-22 05:18:17,271,271 multiprocessing INFO Genetic Porgramming Runtime 152.13177656312473
Genetic Porgramming Runtime 152.13177656312473

=========================PGD Collection Starts=========================

SpawnPoolWorker-1064| 2026-06-22 05:18:22,474,474 multiprocessing INFO STARTING NEW RUN ==========
SpawnPoolWorker-1064| 2026-06-22 05:18:22,474,474 multiprocessing INFO SEE LOG AT : ./logs/all_Lyapunov_test_dso-fn_d_all_l_01_log.txt
SpawnPoolWorker-1064| 2026-06-22 05:18:22,474,474 multiprocessing INFO See log at : ./logs/all_Lyapunov_test_dso-fn_d_all_l_01_log.txt
SpawnPoolWorker-1061| 2026-06-22 05:18:22,478,478 multiprocessing INFO STARTING NEW RUN ==========
SpawnPoolWorker-1063| 2026-06-22 05:18:22,478,478 multiprocessing INFO STARTING NEW RUN ==========
SpawnPoolWorker-1059| 2026-06-22 05:18:22,478,478 multiprocessing INFO STARTING NEW RUN ==========
SpawnPoolWorker-1061| 2026-06-22 05:18:22,478,478 multiprocessing INFO SEE LOG AT : ./logs/all_Lyapunov_test_dso-fn_d_all_l_01_log.txt
SpawnPoolWorker-1063| 2026-06-22 05:18:22,478,478 multiprocessing INFO SEE LOG AT : ./logs/all_Lyapunov_test_dso-fn_d_all_l_01_log.txt
SpawnPoolWorker-1059| 2026-06-22 05:18:22,478,478 multiprocessing INFO SEE LOG AT : ./logs/all_Lyapunov_test_dso-fn_d_all_l_01_log.txt
SpawnPoolWorker-1061| 2026-06-22 05:18:22,478,478 multiprocessing INFO See log at : ./logs/all_Lyapunov_test_dso-fn_d_all_l_01_log.txt
SpawnPoolWorker-1063| 2026-06-22 05:18:22,478,478 multiprocessing INFO See log at : ./logs/all_Lyapunov_test_dso-fn_d_all_l_01_log.txt
SpawnPoolWorker-1059| 2026-06-22 05:18:22,478,478 multiprocessing INFO See log at : ./logs/all_Lyapunov_test_dso-fn_d_all_l_01_log.txt
SpawnPoolWorker-1060| 2026-06-22 05:18:22,478,478 multiprocessing INFO STARTING NEW RUN ==========
SpawnPoolWorker-1060| 2026-06-22 05:18:22,478,478 multiprocessing INFO SEE LOG AT : ./logs/all_Lyapunov_test_dso-fn_d_all_l_01_log.txt
SpawnPoolWorker-1060| 2026-06-22 05:18:22,478,478 multiprocessing INFO See log at : ./logs/all_Lyapunov_test_dso-fn_d_all_l_01_log.txt
SpawnPoolWorker-1057| 2026-06-22 05:18:22,478,478 multiprocessing INFO STARTING NEW RUN ==========
SpawnPoolWorker-1057| 2026-06-22 05:18:22,480,480 multiprocessing INFO SEE LOG AT : ./logs/all_Lyapunov_test_dso-fn_d_all_l_01_log.txt
SpawnPoolWorker-1057| 2026-06-22 05:18:22,480,480 multiprocessing INFO See log at : ./logs/all_Lyapunov_test_dso-fn_d_all_l_01_log.txt
SpawnPoolWorker-1056| 2026-06-22 05:18:22,480,480 multiprocessing INFO STARTING NEW RUN ==========
SpawnPoolWorker-1056| 2026-06-22 05:18:22,480,480 multiprocessing INFO SEE LOG AT : ./logs/all_Lyapunov_test_dso-fn_d_all_l_01_log.txt
SpawnPoolWorker-1056| 2026-06-22 05:18:22,480,480 multiprocessing INFO See log at : ./logs/all_Lyapunov_test_dso-fn_d_all_l_01_log.txt
SpawnPoolWorker-1059| 2026-06-22 05:18:22,480,480 multiprocessing INFO child process calling self.run()
SpawnPoolWorker-1064| 2026-06-22 05:18:22,480,480 multiprocessing INFO child process calling self.run()
SpawnPoolWorker-1063| 2026-06-22 05:18:22,480,480 multiprocessing INFO child process calling self.run()
SpawnPoolWorker-1060| 2026-06-22 05:18:22,481,481 multiprocessing INFO child process calling self.run()
SpawnPoolWorker-1061| 2026-06-22 05:18:22,481,481 multiprocessing INFO child process calling self.run()
SpawnPoolWorker-1056| 2026-06-22 05:18:22,482,482 multiprocessing INFO child process calling self.run()
SpawnPoolWorker-1057| 2026-06-22 05:18:22,482,482 multiprocessing INFO child process calling self.run()
SpawnPoolWorker-1062| 2026-06-22 05:18:22,483,483 multiprocessing INFO STARTING NEW RUN ==========
SpawnPoolWorker-1062| 2026-06-22 05:18:22,484,484 multiprocessing INFO SEE LOG AT : ./logs/all_Lyapunov_test_dso-fn_d_all_l_01_log.txt
SpawnPoolWorker-1062| 2026-06-22 05:18:22,484,484 multiprocessing INFO See log at : ./logs/all_Lyapunov_test_dso-fn_d_all_l_01_log.txt
SpawnPoolWorker-1062| 2026-06-22 05:18:22,485,485 multiprocessing INFO child process calling self.run()
SpawnPoolWorker-1055| 2026-06-22 05:18:22,489,489 multiprocessing INFO STARTING NEW RUN ==========
SpawnPoolWorker-1055| 2026-06-22 05:18:22,489,489 multiprocessing INFO SEE LOG AT : ./logs/all_Lyapunov_test_dso-fn_d_all_l_01_log.txt
SpawnPoolWorker-1055| 2026-06-22 05:18:22,489,489 multiprocessing INFO See log at : ./logs/all_Lyapunov_test_dso-fn_d_all_l_01_log.txt
SpawnPoolWorker-1055| 2026-06-22 05:18:22,491,491 multiprocessing INFO child process calling self.run()
SpawnPoolWorker-1058| 2026-06-22 05:18:22,497,497 multiprocessing INFO STARTING NEW RUN ==========
SpawnPoolWorker-1058| 2026-06-22 05:18:22,497,497 multiprocessing INFO SEE LOG AT : ./logs/all_Lyapunov_test_dso-fn_d_all_l_01_log.txt
SpawnPoolWorker-1058| 2026-06-22 05:18:22,497,497 multiprocessing INFO See log at : ./logs/all_Lyapunov_test_dso-fn_d_all_l_01_log.txt
SpawnPoolWorker-1058| 2026-06-22 05:18:22,498,498 multiprocessing INFO child process calling self.run()
SpawnPoolWorker-1063| 2026-06-22 05:18:41,071,71 multiprocessing INFO process shutting down
SpawnPoolWorker-1061| 2026-06-22 05:18:41,071,71 multiprocessing INFO process shutting down
SpawnPoolWorker-1063| 2026-06-22 05:18:41,071,71 multiprocessing INFO process exiting with exitcode 0
SpawnPoolWorker-1061| 2026-06-22 05:18:41,071,71 multiprocessing INFO process exiting with exitcode 0
SpawnPoolWorker-1055| 2026-06-22 05:18:41,071,71 multiprocessing INFO process shutting down
SpawnPoolWorker-1064| 2026-06-22 05:18:41,071,71 multiprocessing INFO process shutting down
SpawnPoolWorker-1062| 2026-06-22 05:18:41,071,71 multiprocessing INFO process shutting down
SpawnPoolWorker-1058| 2026-06-22 05:18:41,072,72 multiprocessing INFO process shutting down
SpawnPoolWorker-1057| 2026-06-22 05:18:41,072,72 multiprocessing INFO process shutting down
(20000,)

===================Collect 20000 Examples===================

Epsilon 0.1
500
(550,)
(550,)
(550,)
Number of Programs for Minimization: 28
SpawnPoolWorker-1071| 2026-06-22 05:18:57,612,612 multiprocessing INFO STARTING NEW RUN ==========
SpawnPoolWorker-1071| 2026-06-22 05:18:57,612,612 multiprocessing INFO SEE LOG AT : ./logs/all_Lyapunov_test_dso-fn_d_all_l_01_log.txt
SpawnPoolWorker-1071| 2026-06-22 05:18:57,612,612 multiprocessing INFO See log at : ./logs/all_Lyapunov_test_dso-fn_d_all_l_01_log.txt
SpawnPoolWorker-1071| 2026-06-22 05:18:57,622,622 multiprocessing INFO child process calling self.run()
SpawnPoolWorker-1068| 2026-06-22 05:18:57,927,927 multiprocessing INFO STARTING NEW RUN ==========
SpawnPoolWorker-1068| 2026-06-22 05:18:57,927,927 multiprocessing INFO SEE LOG AT : ./logs/all_Lyapunov_test_dso-fn_d_all_l_01_log.txt
SpawnPoolWorker-1068| 2026-06-22 05:18:57,927,927 multiprocessing INFO See log at : ./logs/all_Lyapunov_test_dso-fn_d_all_l_01_log.txt
SpawnPoolWorker-1068| 2026-06-22 05:18:57,931,931 multiprocessing INFO child process calling self.run()
SpawnPoolWorker-1065| 2026-06-22 05:18:57,975,975 multiprocessing INFO STARTING NEW RUN ==========
SpawnPoolWorker-1065| 2026-06-22 05:18:57,975,975 multiprocessing INFO SEE LOG AT : ./logs/all_Lyapunov_test_dso-fn_d_all_l_01_log.txt
SpawnPoolWorker-1065| 2026-06-22 05:18:57,975,975 multiprocessing INFO See log at : ./logs/all_Lyapunov_test_dso-fn_d_all_l_01_log.txt
SpawnPoolWorker-1065| 2026-06-22 05:18:57,978,978 multiprocessing INFO child process calling self.run()
SpawnPoolWorker-1072| 2026-06-22 05:18:58,109,109 multiprocessing INFO STARTING NEW RUN ==========
SpawnPoolWorker-1072| 2026-06-22 05:18:58,109,109 multiprocessing INFO SEE LOG AT : ./logs/all_Lyapunov_test_dso-fn_d_all_l_01_log.txt
SpawnPoolWorker-1072| 2026-06-22 05:18:58,109,109 multiprocessing INFO See log at : ./logs/all_Lyapunov_test_dso-fn_d_all_l_01_log.txt
SpawnPoolWorker-1072| 2026-06-22 05:18:58,112,112 multiprocessing INFO child process calling self.run()
SpawnPoolWorker-1070| 2026-06-22 05:18:58,208,208 multiprocessing INFO STARTING NEW RUN ==========
SpawnPoolWorker-1070| 2026-06-22 05:18:58,208,208 multiprocessing INFO SEE LOG AT : ./logs/all_Lyapunov_test_dso-fn_d_all_l_01_log.txt
SpawnPoolWorker-1070| 2026-06-22 05:18:58,208,208 multiprocessing INFO See log at : ./logs/all_Lyapunov_test_dso-fn_d_all_l_01_log.txt
SpawnPoolWorker-1070| 2026-06-22 05:18:58,211,211 multiprocessing INFO child process calling self.run()
SpawnPoolWorker-1067| 2026-06-22 05:18:58,349,349 multiprocessing INFO STARTING NEW RUN ==========
SpawnPoolWorker-1067| 2026-06-22 05:18:58,349,349 multiprocessing INFO SEE LOG AT : ./logs/all_Lyapunov_test_dso-fn_d_all_l_01_log.txt
SpawnPoolWorker-1067| 2026-06-22 05:18:58,349,349 multiprocessing INFO See log at : ./logs/all_Lyapunov_test_dso-fn_d_all_l_01_log.txt
SpawnPoolWorker-1069| 2026-06-22 05:18:58,353,353 multiprocessing INFO STARTING NEW RUN ==========
SpawnPoolWorker-1069| 2026-06-22 05:18:58,353,353 multiprocessing INFO SEE LOG AT : ./logs/all_Lyapunov_test_dso-fn_d_all_l_01_log.txt
SpawnPoolWorker-1069| 2026-06-22 05:18:58,353,353 multiprocessing INFO See log at : ./logs/all_Lyapunov_test_dso-fn_d_all_l_01_log.txt
SpawnPoolWorker-1069| 2026-06-22 05:18:58,356,356 multiprocessing INFO child process calling self.run()
SpawnPoolWorker-1067| 2026-06-22 05:18:58,357,357 multiprocessing INFO child process calling self.run()
SpawnPoolWorker-1066| 2026-06-22 05:18:58,485,485 multiprocessing INFO STARTING NEW RUN ==========
SpawnPoolWorker-1066| 2026-06-22 05:18:58,485,485 multiprocessing INFO SEE LOG AT : ./logs/all_Lyapunov_test_dso-fn_d_all_l_01_log.txt
SpawnPoolWorker-1066| 2026-06-22 05:18:58,485,485 multiprocessing INFO See log at : ./logs/all_Lyapunov_test_dso-fn_d_all_l_01_log.txt
SpawnPoolWorker-1066| 2026-06-22 05:18:58,487,487 multiprocessing INFO child process calling self.run()
SpawnPoolWorker-1078| 2026-06-22 05:18:58,929,929 multiprocessing INFO STARTING NEW RUN ==========
SpawnPoolWorker-1078| 2026-06-22 05:18:58,929,929 multiprocessing INFO SEE LOG AT : ./logs/all_Lyapunov_test_dso-fn_d_all_l_01_log.txt
SpawnPoolWorker-1078| 2026-06-22 05:18:58,929,929 multiprocessing INFO See log at : ./logs/all_Lyapunov_test_dso-fn_d_all_l_01_log.txt
SpawnPoolWorker-1078| 2026-06-22 05:18:58,931,931 multiprocessing INFO child process calling self.run()
SpawnPoolWorker-1084| 2026-06-22 05:18:59,028,28 multiprocessing INFO STARTING NEW RUN ==========
SpawnPoolWorker-1084| 2026-06-22 05:18:59,028,28 multiprocessing INFO SEE LOG AT : ./logs/all_Lyapunov_test_dso-fn_d_all_l_01_log.txt
SpawnPoolWorker-1084| 2026-06-22 05:18:59,028,28 multiprocessing INFO See log at : ./logs/all_Lyapunov_test_dso-fn_d_all_l_01_log.txt
SpawnPoolWorker-1084| 2026-06-22 05:18:59,030,30 multiprocessing INFO child process calling self.run()
SpawnPoolWorker-1073| 2026-06-22 05:18:59,087,87 multiprocessing INFO STARTING NEW RUN ==========
SpawnPoolWorker-1073| 2026-06-22 05:18:59,087,87 multiprocessing INFO SEE LOG AT : ./logs/all_Lyapunov_test_dso-fn_d_all_l_01_log.txt
SpawnPoolWorker-1073| 2026-06-22 05:18:59,087,87 multiprocessing INFO See log at : ./logs/all_Lyapunov_test_dso-fn_d_all_l_01_log.txt
SpawnPoolWorker-1073| 2026-06-22 05:18:59,089,89 multiprocessing INFO child process calling self.run()
SpawnPoolWorker-1085| 2026-06-22 05:18:59,113,113 multiprocessing INFO STARTING NEW RUN ==========
SpawnPoolWorker-1085| 2026-06-22 05:18:59,113,113 multiprocessing INFO SEE LOG AT : ./logs/all_Lyapunov_test_dso-fn_d_all_l_01_log.txt
SpawnPoolWorker-1085| 2026-06-22 05:18:59,113,113 multiprocessing INFO See log at : ./logs/all_Lyapunov_test_dso-fn_d_all_l_01_log.txt
SpawnPoolWorker-1085| 2026-06-22 05:18:59,114,114 multiprocessing INFO child process calling self.run()
SpawnPoolWorker-1075| 2026-06-22 05:18:59,179,179 multiprocessing INFO STARTING NEW RUN ==========
SpawnPoolWorker-1075| 2026-06-22 05:18:59,179,179 multiprocessing INFO SEE LOG AT : ./logs/all_Lyapunov_test_dso-fn_d_all_l_01_log.txt
SpawnPoolWorker-1075| 2026-06-22 05:18:59,179,179 multiprocessing INFO See log at : ./logs/all_Lyapunov_test_dso-fn_d_all_l_01_log.txt
SpawnPoolWorker-1075| 2026-06-22 05:18:59,194,194 multiprocessing INFO child process calling self.run()
SpawnPoolWorker-1077| 2026-06-22 05:18:59,231,231 multiprocessing INFO STARTING NEW RUN ==========
SpawnPoolWorker-1077| 2026-06-22 05:18:59,231,231 multiprocessing INFO SEE LOG AT : ./logs/all_Lyapunov_test_dso-fn_d_all_l_01_log.txt
SpawnPoolWorker-1077| 2026-06-22 05:18:59,231,231 multiprocessing INFO See log at : ./logs/all_Lyapunov_test_dso-fn_d_all_l_01_log.txt
SpawnPoolWorker-1077| 2026-06-22 05:18:59,235,235 multiprocessing INFO child process calling self.run()
SpawnPoolWorker-1087| 2026-06-22 05:18:59,352,352 multiprocessing INFO STARTING NEW RUN ==========
SpawnPoolWorker-1087| 2026-06-22 05:18:59,352,352 multiprocessing INFO SEE LOG AT : ./logs/all_Lyapunov_test_dso-fn_d_all_l_01_log.txt
SpawnPoolWorker-1087| 2026-06-22 05:18:59,352,352 multiprocessing INFO See log at : ./logs/all_Lyapunov_test_dso-fn_d_all_l_01_log.txt
SpawnPoolWorker-1087| 2026-06-22 05:18:59,353,353 multiprocessing INFO child process calling self.run()
SpawnPoolWorker-1076| 2026-06-22 05:18:59,373,373 multiprocessing INFO STARTING NEW RUN ==========
SpawnPoolWorker-1076| 2026-06-22 05:18:59,373,373 multiprocessing INFO SEE LOG AT : ./logs/all_Lyapunov_test_dso-fn_d_all_l_01_log.txt
SpawnPoolWorker-1076| 2026-06-22 05:18:59,373,373 multiprocessing INFO See log at : ./logs/all_Lyapunov_test_dso-fn_d_all_l_01_log.txt
SpawnPoolWorker-1076| 2026-06-22 05:18:59,381,381 multiprocessing INFO child process calling self.run()
SpawnPoolWorker-1074| 2026-06-22 05:18:59,511,511 multiprocessing INFO STARTING NEW RUN ==========
SpawnPoolWorker-1074| 2026-06-22 05:18:59,511,511 multiprocessing INFO SEE LOG AT : ./logs/all_Lyapunov_test_dso-fn_d_all_l_01_log.txt
SpawnPoolWorker-1074| 2026-06-22 05:18:59,511,511 multiprocessing INFO See log at : ./logs/all_Lyapunov_test_dso-fn_d_all_l_01_log.txt
SpawnPoolWorker-1074| 2026-06-22 05:18:59,520,520 multiprocessing INFO child process calling self.run()
SpawnPoolWorker-1079| 2026-06-22 05:18:59,583,583 multiprocessing INFO STARTING NEW RUN ==========
SpawnPoolWorker-1079| 2026-06-22 05:18:59,583,583 multiprocessing INFO SEE LOG AT : ./logs/all_Lyapunov_test_dso-fn_d_all_l_01_log.txt
SpawnPoolWorker-1079| 2026-06-22 05:18:59,583,583 multiprocessing INFO See log at : ./logs/all_Lyapunov_test_dso-fn_d_all_l_01_log.txt
SpawnPoolWorker-1079| 2026-06-22 05:18:59,586,586 multiprocessing INFO child process calling self.run()
SpawnPoolWorker-1081| 2026-06-22 05:18:59,660,660 multiprocessing INFO STARTING NEW RUN ==========
SpawnPoolWorker-1081| 2026-06-22 05:18:59,660,660 multiprocessing INFO SEE LOG AT : ./logs/all_Lyapunov_test_dso-fn_d_all_l_01_log.txt
SpawnPoolWorker-1081| 2026-06-22 05:18:59,660,660 multiprocessing INFO See log at : ./logs/all_Lyapunov_test_dso-fn_d_all_l_01_log.txt
SpawnPoolWorker-1081| 2026-06-22 05:18:59,662,662 multiprocessing INFO child process calling self.run()
SpawnPoolWorker-1080| 2026-06-22 05:18:59,864,864 multiprocessing INFO STARTING NEW RUN ==========
SpawnPoolWorker-1080| 2026-06-22 05:18:59,864,864 multiprocessing INFO SEE LOG AT : ./logs/all_Lyapunov_test_dso-fn_d_all_l_01_log.txt
SpawnPoolWorker-1080| 2026-06-22 05:18:59,864,864 multiprocessing INFO See log at : ./logs/all_Lyapunov_test_dso-fn_d_all_l_01_log.txt
SpawnPoolWorker-1080| 2026-06-22 05:18:59,868,868 multiprocessing INFO child process calling self.run()
SpawnPoolWorker-1088| 2026-06-22 05:18:59,922,922 multiprocessing INFO STARTING NEW RUN ==========
SpawnPoolWorker-1088| 2026-06-22 05:18:59,922,922 multiprocessing INFO SEE LOG AT : ./logs/all_Lyapunov_test_dso-fn_d_all_l_01_log.txt
SpawnPoolWorker-1088| 2026-06-22 05:18:59,922,922 multiprocessing INFO See log at : ./logs/all_Lyapunov_test_dso-fn_d_all_l_01_log.txt
SpawnPoolWorker-1088| 2026-06-22 05:18:59,926,926 multiprocessing INFO child process calling self.run()
SpawnPoolWorker-1083| 2026-06-22 05:19:00,346,346 multiprocessing INFO STARTING NEW RUN ==========
SpawnPoolWorker-1083| 2026-06-22 05:19:00,346,346 multiprocessing INFO SEE LOG AT : ./logs/all_Lyapunov_test_dso-fn_d_all_l_01_log.txt
SpawnPoolWorker-1083| 2026-06-22 05:19:00,346,346 multiprocessing INFO See log at : ./logs/all_Lyapunov_test_dso-fn_d_all_l_01_log.txt
SpawnPoolWorker-1083| 2026-06-22 05:19:00,348,348 multiprocessing INFO child process calling self.run()
SpawnPoolWorker-1082| 2026-06-22 05:19:00,549,549 multiprocessing INFO STARTING NEW RUN ==========
SpawnPoolWorker-1082| 2026-06-22 05:19:00,549,549 multiprocessing INFO SEE LOG AT : ./logs/all_Lyapunov_test_dso-fn_d_all_l_01_log.txt
SpawnPoolWorker-1082| 2026-06-22 05:19:00,549,549 multiprocessing INFO See log at : ./logs/all_Lyapunov_test_dso-fn_d_all_l_01_log.txt
SpawnPoolWorker-1082| 2026-06-22 05:19:00,554,554 multiprocessing INFO child process calling self.run()
SpawnPoolWorker-1086| 2026-06-22 05:19:00,672,672 multiprocessing INFO STARTING NEW RUN ==========
SpawnPoolWorker-1086| 2026-06-22 05:19:00,672,672 multiprocessing INFO SEE LOG AT : ./logs/all_Lyapunov_test_dso-fn_d_all_l_01_log.txt
SpawnPoolWorker-1086| 2026-06-22 05:19:00,672,672 multiprocessing INFO See log at : ./logs/all_Lyapunov_test_dso-fn_d_all_l_01_log.txt
SpawnPoolWorker-1086| 2026-06-22 05:19:00,673,673 multiprocessing INFO child process calling self.run()
SpawnPoolWorker-1065| 2026-06-22 05:25:30,073,73 multiprocessing INFO process shutting down
SpawnPoolWorker-1087| 2026-06-22 05:25:30,073,73 multiprocessing INFO process shutting down
SpawnPoolWorker-1081| 2026-06-22 05:25:30,073,73 multiprocessing INFO process shutting down
SpawnPoolWorker-1071| 2026-06-22 05:25:30,073,73 multiprocessing INFO process shutting down
SpawnPoolWorker-1068| 2026-06-22 05:25:30,073,73 multiprocessing INFO process shutting down
SpawnPoolWorker-1066| 2026-06-22 05:25:30,073,73 multiprocessing INFO process shutting down
SpawnPoolWorker-1088| 2026-06-22 05:25:30,074,74 multiprocessing INFO process shutting down
SpawnPoolWorker-1084| 2026-06-22 05:25:30,074,74 multiprocessing INFO process shutting down
SpawnPoolWorker-1067| 2026-06-22 05:25:30,074,74 multiprocessing INFO process shutting down
SpawnPoolWorker-1077| 2026-06-22 05:25:30,074,74 multiprocessing INFO process shutting down
SpawnPoolWorker-1085| 2026-06-22 05:25:30,074,74 multiprocessing INFO process shutting down
SpawnPoolWorker-1069| 2026-06-22 05:25:30,074,74 multiprocessing INFO process shutting down
SpawnPoolWorker-1078| 2026-06-22 05:25:30,074,74 multiprocessing INFO process shutting down
SpawnPoolWorker-1067| 2026-06-22 05:25:30,074,74 multiprocessing INFO process exiting with exitcode 0
SpawnPoolWorker-1074| 2026-06-22 05:25:30,074,74 multiprocessing INFO process shutting down
SpawnPoolWorker-1069| 2026-06-22 05:25:30,075,75 multiprocessing INFO process exiting with exitcode 0
SpawnPoolWorker-1077| 2026-06-22 05:25:30,075,75 multiprocessing INFO process exiting with exitcode 0
SpawnPoolWorker-1076| 2026-06-22 05:25:30,074,74 multiprocessing INFO process shutting down
SpawnPoolWorker-1082| 2026-06-22 05:25:30,074,74 multiprocessing INFO process shutting down
SpawnPoolWorker-1078| 2026-06-22 05:25:30,075,75 multiprocessing INFO process exiting with exitcode 0
SpawnPoolWorker-1083| 2026-06-22 05:25:30,074,74 multiprocessing INFO process shutting down
SpawnPoolWorker-1074| 2026-06-22 05:25:30,075,75 multiprocessing INFO process exiting with exitcode 0
SpawnPoolWorker-1082| 2026-06-22 05:25:30,075,75 multiprocessing INFO process exiting with exitcode 0
SpawnPoolWorker-1076| 2026-06-22 05:25:30,075,75 multiprocessing INFO process exiting with exitcode 0
SpawnPoolWorker-1083| 2026-06-22 05:25:30,075,75 multiprocessing INFO process exiting with exitcode 0
SpawnPoolWorker-1075| 2026-06-22 05:25:30,075,75 multiprocessing INFO process shutting down
SpawnPoolWorker-1073| 2026-06-22 05:25:30,075,75 multiprocessing INFO process shutting down
SpawnPoolWorker-1079| 2026-06-22 05:25:30,075,75 multiprocessing INFO process shutting down
SpawnPoolWorker-1086| 2026-06-22 05:25:30,076,76 multiprocessing INFO process shutting down
SpawnPoolWorker-1080| 2026-06-22 05:25:30,075,75 multiprocessing INFO process shutting down
28
(100000, 9)
(100000,)
(100000, 9)
(100000,)

=======================Successfully Added (50000, 9) Counter Examples=======================


============None of the candidates fulfill the conditions. Training CONTINUES!=================

MainProcess| 2026-06-22 05:25:37,157,157 multiprocessing INFO 
============None of the candidates fulfill the conditions. Training CONTINUES!=================


============None of the candidates fulfill the conditions. Training CONTINUES!=================

(550, 171)
/users/9/chen8596/miniconda3/envs/alfd/lib/python3.9/site-packages/torch/nn/functional.py:4999: UserWarning: Support for mismatched key_padding_mask and attn_mask is deprecated. Use same type for both instead.
  warnings.warn(

==============Start Supervised Learning==============

MainProcess| 2026-06-22 05:25:46,719,719 multiprocessing INFO GP output mean: 0.9897427472937372
GP output mean: 0.9897427472937372
MainProcess| 2026-06-22 05:25:47,424,424 multiprocessing INFO GP output success rate: 0.0
GP output success rate: 0.0

==============End Supervised Learning==============

MainProcess| 2026-06-22 05:25:49,553,553 multiprocessing INFO [Test epoch=0032]  nevals=440361 	| train_loss=12866.64453 	| eqs_invalid %=0.00 	| r_best=0.97881 	| quantile=0.00000 	| r_quantile_mean=0.06954 	| r_raw_sum=38.24465 	|  r_raw_mean=0.70823 	| r2=nan 	| acc_iid=0.00000 	| acc_ood=0.00000 	| nmse_test=0.052550219776231734 	| true_equation_set_count=0 	| s/it=605.64790
[Test epoch=0032]  nevals=440361 	| train_loss=12866.64453 	| eqs_invalid %=0.00 	| r_best=0.97881 	| quantile=0.00000 	| r_quantile_mean=0.06954 	| r_raw_sum=38.24465 	|  r_raw_mean=0.70823 	| r2=nan 	| acc_iid=0.00000 	| acc_ood=0.00000 	| nmse_test=0.052550219776231734 	| true_equation_set_count=0 	| s/it=605.64790
MainProcess| 2026-06-22 05:29:38,915,915 multiprocessing INFO Genetic Porgramming Runtime 228.13271777704358
Genetic Porgramming Runtime 228.13271777704358

=========================PGD Collection Starts=========================

SpawnPoolWorker-1094| 2026-06-22 05:29:44,176,176 multiprocessing INFO STARTING NEW RUN ==========
SpawnPoolWorker-1094| 2026-06-22 05:29:44,176,176 multiprocessing INFO SEE LOG AT : ./logs/all_Lyapunov_test_dso-fn_d_all_l_01_log.txt
SpawnPoolWorker-1094| 2026-06-22 05:29:44,176,176 multiprocessing INFO See log at : ./logs/all_Lyapunov_test_dso-fn_d_all_l_01_log.txt
SpawnPoolWorker-1089| 2026-06-22 05:29:44,176,176 multiprocessing INFO STARTING NEW RUN ==========
SpawnPoolWorker-1089| 2026-06-22 05:29:44,178,178 multiprocessing INFO SEE LOG AT : ./logs/all_Lyapunov_test_dso-fn_d_all_l_01_log.txt
SpawnPoolWorker-1089| 2026-06-22 05:29:44,178,178 multiprocessing INFO See log at : ./logs/all_Lyapunov_test_dso-fn_d_all_l_01_log.txt
SpawnPoolWorker-1096| 2026-06-22 05:29:44,178,178 multiprocessing INFO STARTING NEW RUN ==========
SpawnPoolWorker-1091| 2026-06-22 05:29:44,178,178 multiprocessing INFO STARTING NEW RUN ==========
SpawnPoolWorker-1095| 2026-06-22 05:29:44,178,178 multiprocessing INFO STARTING NEW RUN ==========
SpawnPoolWorker-1096| 2026-06-22 05:29:44,178,178 multiprocessing INFO SEE LOG AT : ./logs/all_Lyapunov_test_dso-fn_d_all_l_01_log.txt
SpawnPoolWorker-1091| 2026-06-22 05:29:44,178,178 multiprocessing INFO SEE LOG AT : ./logs/all_Lyapunov_test_dso-fn_d_all_l_01_log.txt
SpawnPoolWorker-1095| 2026-06-22 05:29:44,178,178 multiprocessing INFO SEE LOG AT : ./logs/all_Lyapunov_test_dso-fn_d_all_l_01_log.txt
SpawnPoolWorker-1096| 2026-06-22 05:29:44,178,178 multiprocessing INFO See log at : ./logs/all_Lyapunov_test_dso-fn_d_all_l_01_log.txt
SpawnPoolWorker-1091| 2026-06-22 05:29:44,178,178 multiprocessing INFO See log at : ./logs/all_Lyapunov_test_dso-fn_d_all_l_01_log.txt
SpawnPoolWorker-1095| 2026-06-22 05:29:44,178,178 multiprocessing INFO See log at : ./logs/all_Lyapunov_test_dso-fn_d_all_l_01_log.txt
SpawnPoolWorker-1094| 2026-06-22 05:29:44,179,179 multiprocessing INFO child process calling self.run()
SpawnPoolWorker-1089| 2026-06-22 05:29:44,180,180 multiprocessing INFO child process calling self.run()
SpawnPoolWorker-1091| 2026-06-22 05:29:44,180,180 multiprocessing INFO child process calling self.run()
SpawnPoolWorker-1096| 2026-06-22 05:29:44,180,180 multiprocessing INFO child process calling self.run()
SpawnPoolWorker-1095| 2026-06-22 05:29:44,180,180 multiprocessing INFO child process calling self.run()
SpawnPoolWorker-1098| 2026-06-22 05:29:44,184,184 multiprocessing INFO STARTING NEW RUN ==========
SpawnPoolWorker-1090| 2026-06-22 05:29:44,184,184 multiprocessing INFO STARTING NEW RUN ==========
SpawnPoolWorker-1098| 2026-06-22 05:29:44,184,184 multiprocessing INFO SEE LOG AT : ./logs/all_Lyapunov_test_dso-fn_d_all_l_01_log.txt
SpawnPoolWorker-1090| 2026-06-22 05:29:44,184,184 multiprocessing INFO SEE LOG AT : ./logs/all_Lyapunov_test_dso-fn_d_all_l_01_log.txt
SpawnPoolWorker-1098| 2026-06-22 05:29:44,184,184 multiprocessing INFO See log at : ./logs/all_Lyapunov_test_dso-fn_d_all_l_01_log.txt
SpawnPoolWorker-1090| 2026-06-22 05:29:44,184,184 multiprocessing INFO See log at : ./logs/all_Lyapunov_test_dso-fn_d_all_l_01_log.txt
SpawnPoolWorker-1090| 2026-06-22 05:29:44,186,186 multiprocessing INFO child process calling self.run()
SpawnPoolWorker-1098| 2026-06-22 05:29:44,187,187 multiprocessing INFO child process calling self.run()
SpawnPoolWorker-1097| 2026-06-22 05:29:44,187,187 multiprocessing INFO STARTING NEW RUN ==========
SpawnPoolWorker-1093| 2026-06-22 05:29:44,187,187 multiprocessing INFO STARTING NEW RUN ==========
SpawnPoolWorker-1097| 2026-06-22 05:29:44,187,187 multiprocessing INFO SEE LOG AT : ./logs/all_Lyapunov_test_dso-fn_d_all_l_01_log.txt
SpawnPoolWorker-1093| 2026-06-22 05:29:44,187,187 multiprocessing INFO SEE LOG AT : ./logs/all_Lyapunov_test_dso-fn_d_all_l_01_log.txt
SpawnPoolWorker-1093| 2026-06-22 05:29:44,188,188 multiprocessing INFO See log at : ./logs/all_Lyapunov_test_dso-fn_d_all_l_01_log.txt
SpawnPoolWorker-1097| 2026-06-22 05:29:44,188,188 multiprocessing INFO See log at : ./logs/all_Lyapunov_test_dso-fn_d_all_l_01_log.txt
SpawnPoolWorker-1093| 2026-06-22 05:29:44,189,189 multiprocessing INFO child process calling self.run()
SpawnPoolWorker-1097| 2026-06-22 05:29:44,189,189 multiprocessing INFO child process calling self.run()
SpawnPoolWorker-1092| 2026-06-22 05:29:44,190,190 multiprocessing INFO STARTING NEW RUN ==========
SpawnPoolWorker-1092| 2026-06-22 05:29:44,190,190 multiprocessing INFO SEE LOG AT : ./logs/all_Lyapunov_test_dso-fn_d_all_l_01_log.txt
SpawnPoolWorker-1092| 2026-06-22 05:29:44,190,190 multiprocessing INFO See log at : ./logs/all_Lyapunov_test_dso-fn_d_all_l_01_log.txt
SpawnPoolWorker-1092| 2026-06-22 05:29:44,193,193 multiprocessing INFO child process calling self.run()
SpawnPoolWorker-1089| 2026-06-22 05:30:01,643,643 multiprocessing INFO process shutting down
SpawnPoolWorker-1092| 2026-06-22 05:30:01,643,643 multiprocessing INFO process shutting down
SpawnPoolWorker-1089| 2026-06-22 05:30:01,643,643 multiprocessing INFO process exiting with exitcode 0
SpawnPoolWorker-1092| 2026-06-22 05:30:01,643,643 multiprocessing INFO process exiting with exitcode 0
SpawnPoolWorker-1097| 2026-06-22 05:30:01,643,643 multiprocessing INFO process shutting down
SpawnPoolWorker-1090| 2026-06-22 05:30:01,643,643 multiprocessing INFO process shutting down
SpawnPoolWorker-1095| 2026-06-22 05:30:01,643,643 multiprocessing INFO process shutting down
SpawnPoolWorker-1093| 2026-06-22 05:30:01,643,643 multiprocessing INFO process shutting down
SpawnPoolWorker-1094| 2026-06-22 05:30:01,643,643 multiprocessing INFO process shutting down
(20000,)

===================Collect 20000 Examples===================

Epsilon 0.1
500
(550,)
(550,)
(55,)
Number of Programs for Minimization: 28
SpawnPoolWorker-1110| 2026-06-22 05:30:18,777,777 multiprocessing INFO STARTING NEW RUN ==========
SpawnPoolWorker-1110| 2026-06-22 05:30:18,777,777 multiprocessing INFO SEE LOG AT : ./logs/all_Lyapunov_test_dso-fn_d_all_l_01_log.txt
SpawnPoolWorker-1110| 2026-06-22 05:30:18,777,777 multiprocessing INFO See log at : ./logs/all_Lyapunov_test_dso-fn_d_all_l_01_log.txt
SpawnPoolWorker-1110| 2026-06-22 05:30:18,782,782 multiprocessing INFO child process calling self.run()
SpawnPoolWorker-1100| 2026-06-22 05:30:18,880,880 multiprocessing INFO STARTING NEW RUN ==========
SpawnPoolWorker-1100| 2026-06-22 05:30:18,881,881 multiprocessing INFO SEE LOG AT : ./logs/all_Lyapunov_test_dso-fn_d_all_l_01_log.txt
SpawnPoolWorker-1100| 2026-06-22 05:30:18,881,881 multiprocessing INFO See log at : ./logs/all_Lyapunov_test_dso-fn_d_all_l_01_log.txt
SpawnPoolWorker-1100| 2026-06-22 05:30:18,884,884 multiprocessing INFO child process calling self.run()
SpawnPoolWorker-1114| 2026-06-22 05:30:19,236,236 multiprocessing INFO STARTING NEW RUN ==========
SpawnPoolWorker-1114| 2026-06-22 05:30:19,236,236 multiprocessing INFO SEE LOG AT : ./logs/all_Lyapunov_test_dso-fn_d_all_l_01_log.txt
SpawnPoolWorker-1114| 2026-06-22 05:30:19,236,236 multiprocessing INFO See log at : ./logs/all_Lyapunov_test_dso-fn_d_all_l_01_log.txt
SpawnPoolWorker-1114| 2026-06-22 05:30:19,246,246 multiprocessing INFO child process calling self.run()
SpawnPoolWorker-1105| 2026-06-22 05:30:19,329,329 multiprocessing INFO STARTING NEW RUN ==========
SpawnPoolWorker-1105| 2026-06-22 05:30:19,329,329 multiprocessing INFO SEE LOG AT : ./logs/all_Lyapunov_test_dso-fn_d_all_l_01_log.txt
SpawnPoolWorker-1105| 2026-06-22 05:30:19,329,329 multiprocessing INFO See log at : ./logs/all_Lyapunov_test_dso-fn_d_all_l_01_log.txt
SpawnPoolWorker-1105| 2026-06-22 05:30:19,338,338 multiprocessing INFO child process calling self.run()
SpawnPoolWorker-1102| 2026-06-22 05:30:19,403,403 multiprocessing INFO STARTING NEW RUN ==========
SpawnPoolWorker-1102| 2026-06-22 05:30:19,403,403 multiprocessing INFO SEE LOG AT : ./logs/all_Lyapunov_test_dso-fn_d_all_l_01_log.txt
SpawnPoolWorker-1102| 2026-06-22 05:30:19,403,403 multiprocessing INFO See log at : ./logs/all_Lyapunov_test_dso-fn_d_all_l_01_log.txt
SpawnPoolWorker-1103| 2026-06-22 05:30:19,404,404 multiprocessing INFO STARTING NEW RUN ==========
SpawnPoolWorker-1103| 2026-06-22 05:30:19,404,404 multiprocessing INFO SEE LOG AT : ./logs/all_Lyapunov_test_dso-fn_d_all_l_01_log.txt
SpawnPoolWorker-1103| 2026-06-22 05:30:19,404,404 multiprocessing INFO See log at : ./logs/all_Lyapunov_test_dso-fn_d_all_l_01_log.txt
SpawnPoolWorker-1102| 2026-06-22 05:30:19,404,404 multiprocessing INFO child process calling self.run()
SpawnPoolWorker-1103| 2026-06-22 05:30:19,406,406 multiprocessing INFO child process calling self.run()
SpawnPoolWorker-1106| 2026-06-22 05:30:19,727,727 multiprocessing INFO STARTING NEW RUN ==========
SpawnPoolWorker-1106| 2026-06-22 05:30:19,727,727 multiprocessing INFO SEE LOG AT : ./logs/all_Lyapunov_test_dso-fn_d_all_l_01_log.txt
SpawnPoolWorker-1106| 2026-06-22 05:30:19,727,727 multiprocessing INFO See log at : ./logs/all_Lyapunov_test_dso-fn_d_all_l_01_log.txt
SpawnPoolWorker-1106| 2026-06-22 05:30:19,732,732 multiprocessing INFO child process calling self.run()
SpawnPoolWorker-1099| 2026-06-22 05:30:19,802,802 multiprocessing INFO STARTING NEW RUN ==========
SpawnPoolWorker-1099| 2026-06-22 05:30:19,803,803 multiprocessing INFO SEE LOG AT : ./logs/all_Lyapunov_test_dso-fn_d_all_l_01_log.txt
SpawnPoolWorker-1099| 2026-06-22 05:30:19,803,803 multiprocessing INFO See log at : ./logs/all_Lyapunov_test_dso-fn_d_all_l_01_log.txt
SpawnPoolWorker-1099| 2026-06-22 05:30:19,805,805 multiprocessing INFO child process calling self.run()
SpawnPoolWorker-1101| 2026-06-22 05:30:19,929,929 multiprocessing INFO STARTING NEW RUN ==========
SpawnPoolWorker-1101| 2026-06-22 05:30:19,929,929 multiprocessing INFO SEE LOG AT : ./logs/all_Lyapunov_test_dso-fn_d_all_l_01_log.txt
SpawnPoolWorker-1101| 2026-06-22 05:30:19,929,929 multiprocessing INFO See log at : ./logs/all_Lyapunov_test_dso-fn_d_all_l_01_log.txt
SpawnPoolWorker-1111| 2026-06-22 05:30:19,931,931 multiprocessing INFO STARTING NEW RUN ==========
SpawnPoolWorker-1111| 2026-06-22 05:30:19,931,931 multiprocessing INFO SEE LOG AT : ./logs/all_Lyapunov_test_dso-fn_d_all_l_01_log.txt
SpawnPoolWorker-1111| 2026-06-22 05:30:19,931,931 multiprocessing INFO See log at : ./logs/all_Lyapunov_test_dso-fn_d_all_l_01_log.txt
SpawnPoolWorker-1111| 2026-06-22 05:30:19,934,934 multiprocessing INFO child process calling self.run()
SpawnPoolWorker-1101| 2026-06-22 05:30:19,938,938 multiprocessing INFO child process calling self.run()
SpawnPoolWorker-1108| 2026-06-22 05:30:19,946,946 multiprocessing INFO STARTING NEW RUN ==========
SpawnPoolWorker-1108| 2026-06-22 05:30:19,946,946 multiprocessing INFO SEE LOG AT : ./logs/all_Lyapunov_test_dso-fn_d_all_l_01_log.txt
SpawnPoolWorker-1108| 2026-06-22 05:30:19,946,946 multiprocessing INFO See log at : ./logs/all_Lyapunov_test_dso-fn_d_all_l_01_log.txt
SpawnPoolWorker-1108| 2026-06-22 05:30:19,954,954 multiprocessing INFO child process calling self.run()
SpawnPoolWorker-1116| 2026-06-22 05:30:20,016,16 multiprocessing INFO STARTING NEW RUN ==========
SpawnPoolWorker-1116| 2026-06-22 05:30:20,016,16 multiprocessing INFO SEE LOG AT : ./logs/all_Lyapunov_test_dso-fn_d_all_l_01_log.txt
SpawnPoolWorker-1116| 2026-06-22 05:30:20,016,16 multiprocessing INFO See log at : ./logs/all_Lyapunov_test_dso-fn_d_all_l_01_log.txt
SpawnPoolWorker-1116| 2026-06-22 05:30:20,026,26 multiprocessing INFO child process calling self.run()
SpawnPoolWorker-1109| 2026-06-22 05:30:20,165,165 multiprocessing INFO STARTING NEW RUN ==========
SpawnPoolWorker-1109| 2026-06-22 05:30:20,165,165 multiprocessing INFO SEE LOG AT : ./logs/all_Lyapunov_test_dso-fn_d_all_l_01_log.txt
SpawnPoolWorker-1109| 2026-06-22 05:30:20,165,165 multiprocessing INFO See log at : ./logs/all_Lyapunov_test_dso-fn_d_all_l_01_log.txt
SpawnPoolWorker-1109| 2026-06-22 05:30:20,167,167 multiprocessing INFO child process calling self.run()
SpawnPoolWorker-1107| 2026-06-22 05:30:20,269,269 multiprocessing INFO STARTING NEW RUN ==========
SpawnPoolWorker-1107| 2026-06-22 05:30:20,269,269 multiprocessing INFO SEE LOG AT : ./logs/all_Lyapunov_test_dso-fn_d_all_l_01_log.txt
SpawnPoolWorker-1107| 2026-06-22 05:30:20,269,269 multiprocessing INFO See log at : ./logs/all_Lyapunov_test_dso-fn_d_all_l_01_log.txt
SpawnPoolWorker-1107| 2026-06-22 05:30:20,272,272 multiprocessing INFO child process calling self.run()
SpawnPoolWorker-1122| 2026-06-22 05:30:20,374,374 multiprocessing INFO STARTING NEW RUN ==========
SpawnPoolWorker-1122| 2026-06-22 05:30:20,374,374 multiprocessing INFO SEE LOG AT : ./logs/all_Lyapunov_test_dso-fn_d_all_l_01_log.txt
SpawnPoolWorker-1122| 2026-06-22 05:30:20,374,374 multiprocessing INFO See log at : ./logs/all_Lyapunov_test_dso-fn_d_all_l_01_log.txt
SpawnPoolWorker-1122| 2026-06-22 05:30:20,375,375 multiprocessing INFO child process calling self.run()
SpawnPoolWorker-1113| 2026-06-22 05:30:20,525,525 multiprocessing INFO STARTING NEW RUN ==========
SpawnPoolWorker-1113| 2026-06-22 05:30:20,525,525 multiprocessing INFO SEE LOG AT : ./logs/all_Lyapunov_test_dso-fn_d_all_l_01_log.txt
SpawnPoolWorker-1113| 2026-06-22 05:30:20,525,525 multiprocessing INFO See log at : ./logs/all_Lyapunov_test_dso-fn_d_all_l_01_log.txt
SpawnPoolWorker-1113| 2026-06-22 05:30:20,527,527 multiprocessing INFO child process calling self.run()
SpawnPoolWorker-1104| 2026-06-22 05:30:20,600,600 multiprocessing INFO STARTING NEW RUN ==========
SpawnPoolWorker-1104| 2026-06-22 05:30:20,600,600 multiprocessing INFO SEE LOG AT : ./logs/all_Lyapunov_test_dso-fn_d_all_l_01_log.txt
SpawnPoolWorker-1104| 2026-06-22 05:30:20,600,600 multiprocessing INFO See log at : ./logs/all_Lyapunov_test_dso-fn_d_all_l_01_log.txt
SpawnPoolWorker-1104| 2026-06-22 05:30:20,602,602 multiprocessing INFO child process calling self.run()
SpawnPoolWorker-1118| 2026-06-22 05:30:20,646,646 multiprocessing INFO STARTING NEW RUN ==========
SpawnPoolWorker-1118| 2026-06-22 05:30:20,646,646 multiprocessing INFO SEE LOG AT : ./logs/all_Lyapunov_test_dso-fn_d_all_l_01_log.txt
SpawnPoolWorker-1118| 2026-06-22 05:30:20,646,646 multiprocessing INFO See log at : ./logs/all_Lyapunov_test_dso-fn_d_all_l_01_log.txt
SpawnPoolWorker-1118| 2026-06-22 05:30:20,648,648 multiprocessing INFO child process calling self.run()
SpawnPoolWorker-1117| 2026-06-22 05:30:20,731,731 multiprocessing INFO STARTING NEW RUN ==========
SpawnPoolWorker-1117| 2026-06-22 05:30:20,731,731 multiprocessing INFO SEE LOG AT : ./logs/all_Lyapunov_test_dso-fn_d_all_l_01_log.txt
SpawnPoolWorker-1117| 2026-06-22 05:30:20,731,731 multiprocessing INFO See log at : ./logs/all_Lyapunov_test_dso-fn_d_all_l_01_log.txt
SpawnPoolWorker-1117| 2026-06-22 05:30:20,734,734 multiprocessing INFO child process calling self.run()
SpawnPoolWorker-1115| 2026-06-22 05:30:20,753,753 multiprocessing INFO STARTING NEW RUN ==========
SpawnPoolWorker-1115| 2026-06-22 05:30:20,753,753 multiprocessing INFO SEE LOG AT : ./logs/all_Lyapunov_test_dso-fn_d_all_l_01_log.txt
SpawnPoolWorker-1115| 2026-06-22 05:30:20,753,753 multiprocessing INFO See log at : ./logs/all_Lyapunov_test_dso-fn_d_all_l_01_log.txt
SpawnPoolWorker-1115| 2026-06-22 05:30:20,755,755 multiprocessing INFO child process calling self.run()
SpawnPoolWorker-1121| 2026-06-22 05:30:20,870,870 multiprocessing INFO STARTING NEW RUN ==========
SpawnPoolWorker-1121| 2026-06-22 05:30:20,870,870 multiprocessing INFO SEE LOG AT : ./logs/all_Lyapunov_test_dso-fn_d_all_l_01_log.txt
SpawnPoolWorker-1121| 2026-06-22 05:30:20,870,870 multiprocessing INFO See log at : ./logs/all_Lyapunov_test_dso-fn_d_all_l_01_log.txt
SpawnPoolWorker-1120| 2026-06-22 05:30:20,871,871 multiprocessing INFO STARTING NEW RUN ==========
SpawnPoolWorker-1120| 2026-06-22 05:30:20,871,871 multiprocessing INFO SEE LOG AT : ./logs/all_Lyapunov_test_dso-fn_d_all_l_01_log.txt
SpawnPoolWorker-1120| 2026-06-22 05:30:20,871,871 multiprocessing INFO See log at : ./logs/all_Lyapunov_test_dso-fn_d_all_l_01_log.txt
SpawnPoolWorker-1121| 2026-06-22 05:30:20,877,877 multiprocessing INFO child process calling self.run()
SpawnPoolWorker-1120| 2026-06-22 05:30:20,878,878 multiprocessing INFO child process calling self.run()
SpawnPoolWorker-1119| 2026-06-22 05:30:21,219,219 multiprocessing INFO STARTING NEW RUN ==========
SpawnPoolWorker-1119| 2026-06-22 05:30:21,219,219 multiprocessing INFO SEE LOG AT : ./logs/all_Lyapunov_test_dso-fn_d_all_l_01_log.txt
SpawnPoolWorker-1119| 2026-06-22 05:30:21,219,219 multiprocessing INFO See log at : ./logs/all_Lyapunov_test_dso-fn_d_all_l_01_log.txt
SpawnPoolWorker-1119| 2026-06-22 05:30:21,220,220 multiprocessing INFO child process calling self.run()
SpawnPoolWorker-1112| 2026-06-22 05:30:21,426,426 multiprocessing INFO STARTING NEW RUN ==========
SpawnPoolWorker-1112| 2026-06-22 05:30:21,426,426 multiprocessing INFO SEE LOG AT : ./logs/all_Lyapunov_test_dso-fn_d_all_l_01_log.txt
SpawnPoolWorker-1112| 2026-06-22 05:30:21,426,426 multiprocessing INFO See log at : ./logs/all_Lyapunov_test_dso-fn_d_all_l_01_log.txt
SpawnPoolWorker-1112| 2026-06-22 05:30:21,432,432 multiprocessing INFO child process calling self.run()
SpawnPoolWorker-1118| 2026-06-22 05:37:12,952,952 multiprocessing INFO process shutting down
SpawnPoolWorker-1101| 2026-06-22 05:37:12,952,952 multiprocessing INFO process shutting down
SpawnPoolWorker-1122| 2026-06-22 05:37:12,952,952 multiprocessing INFO process shutting down
SpawnPoolWorker-1099| 2026-06-22 05:37:12,952,952 multiprocessing INFO process shutting down
SpawnPoolWorker-1121| 2026-06-22 05:37:12,952,952 multiprocessing INFO process shutting down
SpawnPoolWorker-1119| 2026-06-22 05:37:12,952,952 multiprocessing INFO process shutting down
SpawnPoolWorker-1111| 2026-06-22 05:37:12,952,952 multiprocessing INFO process shutting down
SpawnPoolWorker-1120| 2026-06-22 05:37:12,952,952 multiprocessing INFO process shutting down
SpawnPoolWorker-1104| 2026-06-22 05:37:12,952,952 multiprocessing INFO process shutting down
SpawnPoolWorker-1116| 2026-06-22 05:37:12,953,953 multiprocessing INFO process shutting down
SpawnPoolWorker-1108| 2026-06-22 05:37:12,952,952 multiprocessing INFO process shutting down
SpawnPoolWorker-1114| 2026-06-22 05:37:12,953,953 multiprocessing INFO process shutting down
SpawnPoolWorker-1117| 2026-06-22 05:37:12,953,953 multiprocessing INFO process shutting down
SpawnPoolWorker-1106| 2026-06-22 05:37:12,953,953 multiprocessing INFO process shutting down
SpawnPoolWorker-1118| 2026-06-22 05:37:12,953,953 multiprocessing INFO process exiting with exitcode 0
SpawnPoolWorker-1122| 2026-06-22 05:37:12,953,953 multiprocessing INFO process exiting with exitcode 0
SpawnPoolWorker-1107| 2026-06-22 05:37:12,953,953 multiprocessing INFO process shutting down
SpawnPoolWorker-1106| 2026-06-22 05:37:12,953,953 multiprocessing INFO process exiting with exitcode 0
SpawnPoolWorker-1100| 2026-06-22 05:37:12,953,953 multiprocessing INFO process shutting down
SpawnPoolWorker-1107| 2026-06-22 05:37:12,953,953 multiprocessing INFO process exiting with exitcode 0
SpawnPoolWorker-1120| 2026-06-22 05:37:12,953,953 multiprocessing INFO process exiting with exitcode 0
SpawnPoolWorker-1116| 2026-06-22 05:37:12,953,953 multiprocessing INFO process exiting with exitcode 0
SpawnPoolWorker-1100| 2026-06-22 05:37:12,953,953 multiprocessing INFO process exiting with exitcode 0
SpawnPoolWorker-1101| 2026-06-22 05:37:12,953,953 multiprocessing INFO process exiting with exitcode 0
SpawnPoolWorker-1108| 2026-06-22 05:37:12,954,954 multiprocessing INFO process exiting with exitcode 0
SpawnPoolWorker-1109| 2026-06-22 05:37:12,953,953 multiprocessing INFO process shutting down
SpawnPoolWorker-1103| 2026-06-22 05:37:12,953,953 multiprocessing INFO process shutting down
SpawnPoolWorker-1110| 2026-06-22 05:37:12,954,954 multiprocessing INFO process shutting down
SpawnPoolWorker-1113| 2026-06-22 05:37:12,954,954 multiprocessing INFO process shutting down
SpawnPoolWorker-1112| 2026-06-22 05:37:12,954,954 multiprocessing INFO process shutting down
SpawnPoolWorker-1115| 2026-06-22 05:37:12,955,955 multiprocessing INFO process shutting down
28
(100000, 9)
(100000,)
(100000, 9)
(100000,)

=======================Successfully Added (50000, 9) Counter Examples=======================


============None of the candidates fulfill the conditions. Training CONTINUES!=================

MainProcess| 2026-06-22 05:37:16,247,247 multiprocessing INFO 
============None of the candidates fulfill the conditions. Training CONTINUES!=================


============None of the candidates fulfill the conditions. Training CONTINUES!=================

(55, 171)
/users/9/chen8596/miniconda3/envs/alfd/lib/python3.9/site-packages/torch/nn/functional.py:4999: UserWarning: Support for mismatched key_padding_mask and attn_mask is deprecated. Use same type for both instead.
  warnings.warn(

==============Start Supervised Learning==============

MainProcess| 2026-06-22 05:37:21,997,997 multiprocessing INFO GP output mean: 0.8949106020605215
GP output mean: 0.8949106020605215
MainProcess| 2026-06-22 05:37:22,741,741 multiprocessing INFO GP output success rate: 0.0
GP output success rate: 0.0

==============End Supervised Learning==============

MainProcess| 2026-06-22 05:37:24,864,864 multiprocessing INFO [Test epoch=0033]  nevals=454238 	| train_loss=10895.04980 	| eqs_invalid %=0.00 	| r_best=0.97881 	| quantile=0.00235 	| r_quantile_mean=0.79223 	| r_raw_sum=43.57261 	|  r_raw_mean=0.79223 	| r2=nan 	| acc_iid=0.00000 	| acc_ood=0.00000 	| nmse_test=0.052550219776231734 	| true_equation_set_count=0 	| s/it=695.31001
[Test epoch=0033]  nevals=454238 	| train_loss=10895.04980 	| eqs_invalid %=0.00 	| r_best=0.97881 	| quantile=0.00235 	| r_quantile_mean=0.79223 	| r_raw_sum=43.57261 	|  r_raw_mean=0.79223 	| r2=nan 	| acc_iid=0.00000 	| acc_ood=0.00000 	| nmse_test=0.052550219776231734 	| true_equation_set_count=0 	| s/it=695.31001
MainProcess| 2026-06-22 05:39:53,252,252 multiprocessing INFO Genetic Porgramming Runtime 147.1554544940591
Genetic Porgramming Runtime 147.1554544940591

=========================PGD Collection Starts=========================

SpawnPoolWorker-1129| 2026-06-22 05:39:58,643,643 multiprocessing INFO STARTING NEW RUN ==========
SpawnPoolWorker-1129| 2026-06-22 05:39:58,643,643 multiprocessing INFO SEE LOG AT : ./logs/all_Lyapunov_test_dso-fn_d_all_l_01_log.txt
SpawnPoolWorker-1129| 2026-06-22 05:39:58,643,643 multiprocessing INFO See log at : ./logs/all_Lyapunov_test_dso-fn_d_all_l_01_log.txt
SpawnPoolWorker-1126| 2026-06-22 05:39:58,643,643 multiprocessing INFO STARTING NEW RUN ==========
SpawnPoolWorker-1126| 2026-06-22 05:39:58,643,643 multiprocessing INFO SEE LOG AT : ./logs/all_Lyapunov_test_dso-fn_d_all_l_01_log.txt
SpawnPoolWorker-1126| 2026-06-22 05:39:58,643,643 multiprocessing INFO See log at : ./logs/all_Lyapunov_test_dso-fn_d_all_l_01_log.txt
SpawnPoolWorker-1132| 2026-06-22 05:39:58,645,645 multiprocessing INFO STARTING NEW RUN ==========
SpawnPoolWorker-1123| 2026-06-22 05:39:58,645,645 multiprocessing INFO STARTING NEW RUN ==========
SpawnPoolWorker-1125| 2026-06-22 05:39:58,645,645 multiprocessing INFO STARTING NEW RUN ==========
SpawnPoolWorker-1132| 2026-06-22 05:39:58,645,645 multiprocessing INFO SEE LOG AT : ./logs/all_Lyapunov_test_dso-fn_d_all_l_01_log.txt
SpawnPoolWorker-1129| 2026-06-22 05:39:58,645,645 multiprocessing INFO child process calling self.run()
SpawnPoolWorker-1123| 2026-06-22 05:39:58,645,645 multiprocessing INFO SEE LOG AT : ./logs/all_Lyapunov_test_dso-fn_d_all_l_01_log.txt
SpawnPoolWorker-1125| 2026-06-22 05:39:58,645,645 multiprocessing INFO SEE LOG AT : ./logs/all_Lyapunov_test_dso-fn_d_all_l_01_log.txt
SpawnPoolWorker-1126| 2026-06-22 05:39:58,645,645 multiprocessing INFO child process calling self.run()
SpawnPoolWorker-1132| 2026-06-22 05:39:58,645,645 multiprocessing INFO See log at : ./logs/all_Lyapunov_test_dso-fn_d_all_l_01_log.txt
SpawnPoolWorker-1123| 2026-06-22 05:39:58,645,645 multiprocessing INFO See log at : ./logs/all_Lyapunov_test_dso-fn_d_all_l_01_log.txt
SpawnPoolWorker-1125| 2026-06-22 05:39:58,645,645 multiprocessing INFO See log at : ./logs/all_Lyapunov_test_dso-fn_d_all_l_01_log.txt
SpawnPoolWorker-1123| 2026-06-22 05:39:58,646,646 multiprocessing INFO child process calling self.run()
SpawnPoolWorker-1132| 2026-06-22 05:39:58,646,646 multiprocessing INFO child process calling self.run()
SpawnPoolWorker-1131| 2026-06-22 05:39:58,646,646 multiprocessing INFO STARTING NEW RUN ==========
SpawnPoolWorker-1125| 2026-06-22 05:39:58,646,646 multiprocessing INFO child process calling self.run()
SpawnPoolWorker-1131| 2026-06-22 05:39:58,647,647 multiprocessing INFO SEE LOG AT : ./logs/all_Lyapunov_test_dso-fn_d_all_l_01_log.txt
SpawnPoolWorker-1131| 2026-06-22 05:39:58,647,647 multiprocessing INFO See log at : ./logs/all_Lyapunov_test_dso-fn_d_all_l_01_log.txt
SpawnPoolWorker-1130| 2026-06-22 05:39:58,647,647 multiprocessing INFO STARTING NEW RUN ==========
SpawnPoolWorker-1130| 2026-06-22 05:39:58,647,647 multiprocessing INFO SEE LOG AT : ./logs/all_Lyapunov_test_dso-fn_d_all_l_01_log.txt
SpawnPoolWorker-1130| 2026-06-22 05:39:58,647,647 multiprocessing INFO See log at : ./logs/all_Lyapunov_test_dso-fn_d_all_l_01_log.txt
SpawnPoolWorker-1131| 2026-06-22 05:39:58,648,648 multiprocessing INFO child process calling self.run()
SpawnPoolWorker-1130| 2026-06-22 05:39:58,649,649 multiprocessing INFO child process calling self.run()
SpawnPoolWorker-1127| 2026-06-22 05:39:58,650,650 multiprocessing INFO STARTING NEW RUN ==========
SpawnPoolWorker-1128| 2026-06-22 05:39:58,650,650 multiprocessing INFO STARTING NEW RUN ==========
SpawnPoolWorker-1127| 2026-06-22 05:39:58,650,650 multiprocessing INFO SEE LOG AT : ./logs/all_Lyapunov_test_dso-fn_d_all_l_01_log.txt
SpawnPoolWorker-1128| 2026-06-22 05:39:58,650,650 multiprocessing INFO SEE LOG AT : ./logs/all_Lyapunov_test_dso-fn_d_all_l_01_log.txt
SpawnPoolWorker-1127| 2026-06-22 05:39:58,650,650 multiprocessing INFO See log at : ./logs/all_Lyapunov_test_dso-fn_d_all_l_01_log.txt
SpawnPoolWorker-1128| 2026-06-22 05:39:58,650,650 multiprocessing INFO See log at : ./logs/all_Lyapunov_test_dso-fn_d_all_l_01_log.txt
SpawnPoolWorker-1128| 2026-06-22 05:39:58,651,651 multiprocessing INFO child process calling self.run()
SpawnPoolWorker-1127| 2026-06-22 05:39:58,651,651 multiprocessing INFO child process calling self.run()
SpawnPoolWorker-1124| 2026-06-22 05:39:58,661,661 multiprocessing INFO STARTING NEW RUN ==========
SpawnPoolWorker-1124| 2026-06-22 05:39:58,661,661 multiprocessing INFO SEE LOG AT : ./logs/all_Lyapunov_test_dso-fn_d_all_l_01_log.txt
SpawnPoolWorker-1124| 2026-06-22 05:39:58,661,661 multiprocessing INFO See log at : ./logs/all_Lyapunov_test_dso-fn_d_all_l_01_log.txt
SpawnPoolWorker-1124| 2026-06-22 05:39:58,669,669 multiprocessing INFO child process calling self.run()
SpawnPoolWorker-1127| 2026-06-22 05:40:16,647,647 multiprocessing INFO process shutting down
SpawnPoolWorker-1123| 2026-06-22 05:40:16,647,647 multiprocessing INFO process shutting down
SpawnPoolWorker-1129| 2026-06-22 05:40:16,647,647 multiprocessing INFO process shutting down
SpawnPoolWorker-1127| 2026-06-22 05:40:16,647,647 multiprocessing INFO process exiting with exitcode 0
SpawnPoolWorker-1125| 2026-06-22 05:40:16,647,647 multiprocessing INFO process shutting down
SpawnPoolWorker-1128| 2026-06-22 05:40:16,647,647 multiprocessing INFO process shutting down
SpawnPoolWorker-1132| 2026-06-22 05:40:16,647,647 multiprocessing INFO process shutting down
SpawnPoolWorker-1123| 2026-06-22 05:40:16,647,647 multiprocessing INFO process exiting with exitcode 0
SpawnPoolWorker-1124| 2026-06-22 05:40:16,647,647 multiprocessing INFO process shutting down
SpawnPoolWorker-1125| 2026-06-22 05:40:16,647,647 multiprocessing INFO process exiting with exitcode 0
SpawnPoolWorker-1126| 2026-06-22 05:40:16,647,647 multiprocessing INFO process shutting down
SpawnPoolWorker-1129| 2026-06-22 05:40:16,647,647 multiprocessing INFO process exiting with exitcode 0
SpawnPoolWorker-1128| 2026-06-22 05:40:16,647,647 multiprocessing INFO process exiting with exitcode 0
SpawnPoolWorker-1132| 2026-06-22 05:40:16,647,647 multiprocessing INFO process exiting with exitcode 0
SpawnPoolWorker-1124| 2026-06-22 05:40:16,648,648 multiprocessing INFO process exiting with exitcode 0
SpawnPoolWorker-1126| 2026-06-22 05:40:16,648,648 multiprocessing INFO process exiting with exitcode 0
(20000,)

===================Collect 20000 Examples===================

Epsilon 0.1
500
(550,)
(550,)
(55,)
Number of Programs for Minimization: 28
SpawnPoolWorker-1134| 2026-06-22 05:40:32,722,722 multiprocessing INFO STARTING NEW RUN ==========
SpawnPoolWorker-1134| 2026-06-22 05:40:32,722,722 multiprocessing INFO SEE LOG AT : ./logs/all_Lyapunov_test_dso-fn_d_all_l_01_log.txt
SpawnPoolWorker-1134| 2026-06-22 05:40:32,722,722 multiprocessing INFO See log at : ./logs/all_Lyapunov_test_dso-fn_d_all_l_01_log.txt
SpawnPoolWorker-1134| 2026-06-22 05:40:32,725,725 multiprocessing INFO child process calling self.run()
SpawnPoolWorker-1138| 2026-06-22 05:40:33,405,405 multiprocessing INFO STARTING NEW RUN ==========
SpawnPoolWorker-1138| 2026-06-22 05:40:33,405,405 multiprocessing INFO SEE LOG AT : ./logs/all_Lyapunov_test_dso-fn_d_all_l_01_log.txt
SpawnPoolWorker-1138| 2026-06-22 05:40:33,405,405 multiprocessing INFO See log at : ./logs/all_Lyapunov_test_dso-fn_d_all_l_01_log.txt
SpawnPoolWorker-1138| 2026-06-22 05:40:33,408,408 multiprocessing INFO child process calling self.run()
SpawnPoolWorker-1139| 2026-06-22 05:40:33,419,419 multiprocessing INFO STARTING NEW RUN ==========
SpawnPoolWorker-1139| 2026-06-22 05:40:33,419,419 multiprocessing INFO SEE LOG AT : ./logs/all_Lyapunov_test_dso-fn_d_all_l_01_log.txt
SpawnPoolWorker-1139| 2026-06-22 05:40:33,419,419 multiprocessing INFO See log at : ./logs/all_Lyapunov_test_dso-fn_d_all_l_01_log.txt
SpawnPoolWorker-1139| 2026-06-22 05:40:33,421,421 multiprocessing INFO child process calling self.run()
SpawnPoolWorker-1136| 2026-06-22 05:40:33,600,600 multiprocessing INFO STARTING NEW RUN ==========
SpawnPoolWorker-1136| 2026-06-22 05:40:33,600,600 multiprocessing INFO SEE LOG AT : ./logs/all_Lyapunov_test_dso-fn_d_all_l_01_log.txt
SpawnPoolWorker-1136| 2026-06-22 05:40:33,600,600 multiprocessing INFO See log at : ./logs/all_Lyapunov_test_dso-fn_d_all_l_01_log.txt
SpawnPoolWorker-1136| 2026-06-22 05:40:33,606,606 multiprocessing INFO child process calling self.run()
SpawnPoolWorker-1140| 2026-06-22 05:40:33,714,714 multiprocessing INFO STARTING NEW RUN ==========
SpawnPoolWorker-1140| 2026-06-22 05:40:33,714,714 multiprocessing INFO SEE LOG AT : ./logs/all_Lyapunov_test_dso-fn_d_all_l_01_log.txt
SpawnPoolWorker-1140| 2026-06-22 05:40:33,714,714 multiprocessing INFO See log at : ./logs/all_Lyapunov_test_dso-fn_d_all_l_01_log.txt
SpawnPoolWorker-1140| 2026-06-22 05:40:33,721,721 multiprocessing INFO child process calling self.run()
SpawnPoolWorker-1144| 2026-06-22 05:40:33,815,815 multiprocessing INFO STARTING NEW RUN ==========
SpawnPoolWorker-1144| 2026-06-22 05:40:33,815,815 multiprocessing INFO SEE LOG AT : ./logs/all_Lyapunov_test_dso-fn_d_all_l_01_log.txt
SpawnPoolWorker-1144| 2026-06-22 05:40:33,815,815 multiprocessing INFO See log at : ./logs/all_Lyapunov_test_dso-fn_d_all_l_01_log.txt
SpawnPoolWorker-1144| 2026-06-22 05:40:33,821,821 multiprocessing INFO child process calling self.run()
SpawnPoolWorker-1133| 2026-06-22 05:40:33,875,875 multiprocessing INFO STARTING NEW RUN ==========
SpawnPoolWorker-1133| 2026-06-22 05:40:33,876,876 multiprocessing INFO SEE LOG AT : ./logs/all_Lyapunov_test_dso-fn_d_all_l_01_log.txt
SpawnPoolWorker-1133| 2026-06-22 05:40:33,876,876 multiprocessing INFO See log at : ./logs/all_Lyapunov_test_dso-fn_d_all_l_01_log.txt
SpawnPoolWorker-1133| 2026-06-22 05:40:33,881,881 multiprocessing INFO child process calling self.run()
SpawnPoolWorker-1142| 2026-06-22 05:40:33,956,956 multiprocessing INFO STARTING NEW RUN ==========
SpawnPoolWorker-1142| 2026-06-22 05:40:33,957,957 multiprocessing INFO SEE LOG AT : ./logs/all_Lyapunov_test_dso-fn_d_all_l_01_log.txt
SpawnPoolWorker-1142| 2026-06-22 05:40:33,957,957 multiprocessing INFO See log at : ./logs/all_Lyapunov_test_dso-fn_d_all_l_01_log.txt
SpawnPoolWorker-1142| 2026-06-22 05:40:33,960,960 multiprocessing INFO child process calling self.run()
SpawnPoolWorker-1154| 2026-06-22 05:40:33,967,967 multiprocessing INFO STARTING NEW RUN ==========
SpawnPoolWorker-1154| 2026-06-22 05:40:33,968,968 multiprocessing INFO SEE LOG AT : ./logs/all_Lyapunov_test_dso-fn_d_all_l_01_log.txt
SpawnPoolWorker-1154| 2026-06-22 05:40:33,968,968 multiprocessing INFO See log at : ./logs/all_Lyapunov_test_dso-fn_d_all_l_01_log.txt
SpawnPoolWorker-1154| 2026-06-22 05:40:33,971,971 multiprocessing INFO child process calling self.run()
SpawnPoolWorker-1135| 2026-06-22 05:40:33,976,976 multiprocessing INFO STARTING NEW RUN ==========
SpawnPoolWorker-1135| 2026-06-22 05:40:33,976,976 multiprocessing INFO SEE LOG AT : ./logs/all_Lyapunov_test_dso-fn_d_all_l_01_log.txt
SpawnPoolWorker-1135| 2026-06-22 05:40:33,976,976 multiprocessing INFO See log at : ./logs/all_Lyapunov_test_dso-fn_d_all_l_01_log.txt
SpawnPoolWorker-1141| 2026-06-22 05:40:33,980,980 multiprocessing INFO STARTING NEW RUN ==========
SpawnPoolWorker-1141| 2026-06-22 05:40:33,980,980 multiprocessing INFO SEE LOG AT : ./logs/all_Lyapunov_test_dso-fn_d_all_l_01_log.txt
SpawnPoolWorker-1141| 2026-06-22 05:40:33,980,980 multiprocessing INFO See log at : ./logs/all_Lyapunov_test_dso-fn_d_all_l_01_log.txt
SpawnPoolWorker-1135| 2026-06-22 05:40:33,981,981 multiprocessing INFO child process calling self.run()
SpawnPoolWorker-1141| 2026-06-22 05:40:33,983,983 multiprocessing INFO child process calling self.run()
SpawnPoolWorker-1148| 2026-06-22 05:40:34,045,45 multiprocessing INFO STARTING NEW RUN ==========
SpawnPoolWorker-1148| 2026-06-22 05:40:34,045,45 multiprocessing INFO SEE LOG AT : ./logs/all_Lyapunov_test_dso-fn_d_all_l_01_log.txt
SpawnPoolWorker-1148| 2026-06-22 05:40:34,045,45 multiprocessing INFO See log at : ./logs/all_Lyapunov_test_dso-fn_d_all_l_01_log.txt
SpawnPoolWorker-1148| 2026-06-22 05:40:34,048,48 multiprocessing INFO child process calling self.run()
SpawnPoolWorker-1143| 2026-06-22 05:40:34,111,111 multiprocessing INFO STARTING NEW RUN ==========
SpawnPoolWorker-1143| 2026-06-22 05:40:34,111,111 multiprocessing INFO SEE LOG AT : ./logs/all_Lyapunov_test_dso-fn_d_all_l_01_log.txt
SpawnPoolWorker-1143| 2026-06-22 05:40:34,111,111 multiprocessing INFO See log at : ./logs/all_Lyapunov_test_dso-fn_d_all_l_01_log.txt
SpawnPoolWorker-1143| 2026-06-22 05:40:34,114,114 multiprocessing INFO child process calling self.run()
SpawnPoolWorker-1137| 2026-06-22 05:40:34,176,176 multiprocessing INFO STARTING NEW RUN ==========
SpawnPoolWorker-1137| 2026-06-22 05:40:34,176,176 multiprocessing INFO SEE LOG AT : ./logs/all_Lyapunov_test_dso-fn_d_all_l_01_log.txt
SpawnPoolWorker-1137| 2026-06-22 05:40:34,176,176 multiprocessing INFO See log at : ./logs/all_Lyapunov_test_dso-fn_d_all_l_01_log.txt
SpawnPoolWorker-1137| 2026-06-22 05:40:34,182,182 multiprocessing INFO child process calling self.run()
SpawnPoolWorker-1147| 2026-06-22 05:40:34,301,301 multiprocessing INFO STARTING NEW RUN ==========
SpawnPoolWorker-1147| 2026-06-22 05:40:34,301,301 multiprocessing INFO SEE LOG AT : ./logs/all_Lyapunov_test_dso-fn_d_all_l_01_log.txt
SpawnPoolWorker-1147| 2026-06-22 05:40:34,301,301 multiprocessing INFO See log at : ./logs/all_Lyapunov_test_dso-fn_d_all_l_01_log.txt
SpawnPoolWorker-1147| 2026-06-22 05:40:34,304,304 multiprocessing INFO child process calling self.run()
SpawnPoolWorker-1153| 2026-06-22 05:40:34,352,352 multiprocessing INFO STARTING NEW RUN ==========
SpawnPoolWorker-1153| 2026-06-22 05:40:34,352,352 multiprocessing INFO SEE LOG AT : ./logs/all_Lyapunov_test_dso-fn_d_all_l_01_log.txt
SpawnPoolWorker-1153| 2026-06-22 05:40:34,352,352 multiprocessing INFO See log at : ./logs/all_Lyapunov_test_dso-fn_d_all_l_01_log.txt
SpawnPoolWorker-1153| 2026-06-22 05:40:34,357,357 multiprocessing INFO child process calling self.run()
SpawnPoolWorker-1155| 2026-06-22 05:40:34,376,376 multiprocessing INFO STARTING NEW RUN ==========
SpawnPoolWorker-1155| 2026-06-22 05:40:34,376,376 multiprocessing INFO SEE LOG AT : ./logs/all_Lyapunov_test_dso-fn_d_all_l_01_log.txt
SpawnPoolWorker-1155| 2026-06-22 05:40:34,377,377 multiprocessing INFO See log at : ./logs/all_Lyapunov_test_dso-fn_d_all_l_01_log.txt
SpawnPoolWorker-1155| 2026-06-22 05:40:34,380,380 multiprocessing INFO child process calling self.run()
SpawnPoolWorker-1145| 2026-06-22 05:40:34,408,408 multiprocessing INFO STARTING NEW RUN ==========
SpawnPoolWorker-1145| 2026-06-22 05:40:34,408,408 multiprocessing INFO SEE LOG AT : ./logs/all_Lyapunov_test_dso-fn_d_all_l_01_log.txt
SpawnPoolWorker-1145| 2026-06-22 05:40:34,408,408 multiprocessing INFO See log at : ./logs/all_Lyapunov_test_dso-fn_d_all_l_01_log.txt
SpawnPoolWorker-1145| 2026-06-22 05:40:34,409,409 multiprocessing INFO child process calling self.run()
SpawnPoolWorker-1146| 2026-06-22 05:40:34,523,523 multiprocessing INFO STARTING NEW RUN ==========
SpawnPoolWorker-1146| 2026-06-22 05:40:34,523,523 multiprocessing INFO SEE LOG AT : ./logs/all_Lyapunov_test_dso-fn_d_all_l_01_log.txt
SpawnPoolWorker-1146| 2026-06-22 05:40:34,523,523 multiprocessing INFO See log at : ./logs/all_Lyapunov_test_dso-fn_d_all_l_01_log.txt
SpawnPoolWorker-1146| 2026-06-22 05:40:34,526,526 multiprocessing INFO child process calling self.run()
SpawnPoolWorker-1151| 2026-06-22 05:40:34,561,561 multiprocessing INFO STARTING NEW RUN ==========
SpawnPoolWorker-1151| 2026-06-22 05:40:34,562,562 multiprocessing INFO SEE LOG AT : ./logs/all_Lyapunov_test_dso-fn_d_all_l_01_log.txt
SpawnPoolWorker-1151| 2026-06-22 05:40:34,562,562 multiprocessing INFO See log at : ./logs/all_Lyapunov_test_dso-fn_d_all_l_01_log.txt
SpawnPoolWorker-1151| 2026-06-22 05:40:34,563,563 multiprocessing INFO child process calling self.run()
SpawnPoolWorker-1150| 2026-06-22 05:40:34,974,974 multiprocessing INFO STARTING NEW RUN ==========
SpawnPoolWorker-1150| 2026-06-22 05:40:34,974,974 multiprocessing INFO SEE LOG AT : ./logs/all_Lyapunov_test_dso-fn_d_all_l_01_log.txt
SpawnPoolWorker-1150| 2026-06-22 05:40:34,974,974 multiprocessing INFO See log at : ./logs/all_Lyapunov_test_dso-fn_d_all_l_01_log.txt
SpawnPoolWorker-1150| 2026-06-22 05:40:34,981,981 multiprocessing INFO child process calling self.run()
SpawnPoolWorker-1152| 2026-06-22 05:40:35,030,30 multiprocessing INFO STARTING NEW RUN ==========
SpawnPoolWorker-1152| 2026-06-22 05:40:35,031,31 multiprocessing INFO SEE LOG AT : ./logs/all_Lyapunov_test_dso-fn_d_all_l_01_log.txt
SpawnPoolWorker-1152| 2026-06-22 05:40:35,031,31 multiprocessing INFO See log at : ./logs/all_Lyapunov_test_dso-fn_d_all_l_01_log.txt
SpawnPoolWorker-1152| 2026-06-22 05:40:35,032,32 multiprocessing INFO child process calling self.run()
SpawnPoolWorker-1149| 2026-06-22 05:40:35,226,226 multiprocessing INFO STARTING NEW RUN ==========
SpawnPoolWorker-1149| 2026-06-22 05:40:35,226,226 multiprocessing INFO SEE LOG AT : ./logs/all_Lyapunov_test_dso-fn_d_all_l_01_log.txt
SpawnPoolWorker-1149| 2026-06-22 05:40:35,226,226 multiprocessing INFO See log at : ./logs/all_Lyapunov_test_dso-fn_d_all_l_01_log.txt
SpawnPoolWorker-1149| 2026-06-22 05:40:35,227,227 multiprocessing INFO child process calling self.run()
SpawnPoolWorker-1156| 2026-06-22 05:40:35,640,640 multiprocessing INFO STARTING NEW RUN ==========
SpawnPoolWorker-1156| 2026-06-22 05:40:35,640,640 multiprocessing INFO SEE LOG AT : ./logs/all_Lyapunov_test_dso-fn_d_all_l_01_log.txt
SpawnPoolWorker-1156| 2026-06-22 05:40:35,640,640 multiprocessing INFO See log at : ./logs/all_Lyapunov_test_dso-fn_d_all_l_01_log.txt
SpawnPoolWorker-1156| 2026-06-22 05:40:35,642,642 multiprocessing INFO child process calling self.run()
SpawnPoolWorker-1141| 2026-06-22 05:47:29,242,242 multiprocessing INFO process shutting down
SpawnPoolWorker-1144| 2026-06-22 05:47:29,243,243 multiprocessing INFO process shutting down
SpawnPoolWorker-1138| 2026-06-22 05:47:29,242,242 multiprocessing INFO process shutting down
SpawnPoolWorker-1152| 2026-06-22 05:47:29,243,243 multiprocessing INFO process shutting down
SpawnPoolWorker-1150| 2026-06-22 05:47:29,242,242 multiprocessing INFO process shutting down
SpawnPoolWorker-1151| 2026-06-22 05:47:29,243,243 multiprocessing INFO process shutting down
SpawnPoolWorker-1136| 2026-06-22 05:47:29,242,242 multiprocessing INFO process shutting down
SpawnPoolWorker-1135| 2026-06-22 05:47:29,242,242 multiprocessing INFO process shutting down
SpawnPoolWorker-1154| 2026-06-22 05:47:29,243,243 multiprocessing INFO process shutting down
SpawnPoolWorker-1145| 2026-06-22 05:47:29,243,243 multiprocessing INFO process shutting down
SpawnPoolWorker-1143| 2026-06-22 05:47:29,242,242 multiprocessing INFO process shutting down
SpawnPoolWorker-1139| 2026-06-22 05:47:29,243,243 multiprocessing INFO process shutting down
SpawnPoolWorker-1134| 2026-06-22 05:47:29,243,243 multiprocessing INFO process shutting down
SpawnPoolWorker-1148| 2026-06-22 05:47:29,243,243 multiprocessing INFO process shutting down
SpawnPoolWorker-1143| 2026-06-22 05:47:29,243,243 multiprocessing INFO process exiting with exitcode 0
SpawnPoolWorker-1139| 2026-06-22 05:47:29,243,243 multiprocessing INFO process exiting with exitcode 0
SpawnPoolWorker-1152| 2026-06-22 05:47:29,243,243 multiprocessing INFO process exiting with exitcode 0
SpawnPoolWorker-1134| 2026-06-22 05:47:29,243,243 multiprocessing INFO process exiting with exitcode 0
SpawnPoolWorker-1142| 2026-06-22 05:47:29,243,243 multiprocessing INFO process shutting down
SpawnPoolWorker-1148| 2026-06-22 05:47:29,244,244 multiprocessing INFO process exiting with exitcode 0
SpawnPoolWorker-1133| 2026-06-22 05:47:29,243,243 multiprocessing INFO process shutting down
SpawnPoolWorker-1142| 2026-06-22 05:47:29,244,244 multiprocessing INFO process exiting with exitcode 0
SpawnPoolWorker-1133| 2026-06-22 05:47:29,244,244 multiprocessing INFO process exiting with exitcode 0
SpawnPoolWorker-1147| 2026-06-22 05:47:29,243,243 multiprocessing INFO process shutting down
SpawnPoolWorker-1146| 2026-06-22 05:47:29,243,243 multiprocessing INFO process shutting down
SpawnPoolWorker-1154| 2026-06-22 05:47:29,244,244 multiprocessing INFO process exiting with exitcode 0
SpawnPoolWorker-1140| 2026-06-22 05:47:29,243,243 multiprocessing INFO process shutting down
SpawnPoolWorker-1153| 2026-06-22 05:47:29,244,244 multiprocessing INFO process shutting down
28
(100000, 9)
(100000,)
(100000, 9)
(100000,)

=======================Successfully Added (50000, 9) Counter Examples=======================


============None of the candidates fulfill the conditions. Training CONTINUES!=================

MainProcess| 2026-06-22 05:47:31,826,826 multiprocessing INFO 
============None of the candidates fulfill the conditions. Training CONTINUES!=================


============None of the candidates fulfill the conditions. Training CONTINUES!=================

(55, 171)
/users/9/chen8596/miniconda3/envs/alfd/lib/python3.9/site-packages/torch/nn/functional.py:4999: UserWarning: Support for mismatched key_padding_mask and attn_mask is deprecated. Use same type for both instead.
  warnings.warn(

==============Start Supervised Learning==============

MainProcess| 2026-06-22 05:47:36,481,481 multiprocessing INFO GP output mean: 0.9512451557486995
GP output mean: 0.9512451557486995
MainProcess| 2026-06-22 05:47:37,120,120 multiprocessing INFO GP output success rate: 0.0
GP output success rate: 0.0

==============End Supervised Learning==============

MainProcess| 2026-06-22 05:47:39,213,213 multiprocessing INFO [Test epoch=0034]  nevals=468048 	| train_loss=9204.07520 	| eqs_invalid %=0.00 	| r_best=0.97881 	| quantile=0.06816 	| r_quantile_mean=0.82735 	| r_raw_sum=45.55768 	|  r_raw_mean=0.81353 	| r2=nan 	| acc_iid=0.00000 	| acc_ood=0.00000 	| nmse_test=0.052550219776231734 	| true_equation_set_count=0 	| s/it=614.34885
[Test epoch=0034]  nevals=468048 	| train_loss=9204.07520 	| eqs_invalid %=0.00 	| r_best=0.97881 	| quantile=0.06816 	| r_quantile_mean=0.82735 	| r_raw_sum=45.55768 	|  r_raw_mean=0.81353 	| r2=nan 	| acc_iid=0.00000 	| acc_ood=0.00000 	| nmse_test=0.052550219776231734 	| true_equation_set_count=0 	| s/it=614.34885
MainProcess| 2026-06-22 05:50:38,475,475 multiprocessing INFO Genetic Porgramming Runtime 178.02650724421255
Genetic Porgramming Runtime 178.02650724421255

=========================PGD Collection Starts=========================

SpawnPoolWorker-1162| 2026-06-22 05:50:43,631,631 multiprocessing INFO STARTING NEW RUN ==========
SpawnPoolWorker-1162| 2026-06-22 05:50:43,631,631 multiprocessing INFO SEE LOG AT : ./logs/all_Lyapunov_test_dso-fn_d_all_l_01_log.txt
SpawnPoolWorker-1162| 2026-06-22 05:50:43,631,631 multiprocessing INFO See log at : ./logs/all_Lyapunov_test_dso-fn_d_all_l_01_log.txt
SpawnPoolWorker-1160| 2026-06-22 05:50:43,631,631 multiprocessing INFO STARTING NEW RUN ==========
SpawnPoolWorker-1160| 2026-06-22 05:50:43,632,632 multiprocessing INFO SEE LOG AT : ./logs/all_Lyapunov_test_dso-fn_d_all_l_01_log.txt
SpawnPoolWorker-1160| 2026-06-22 05:50:43,632,632 multiprocessing INFO See log at : ./logs/all_Lyapunov_test_dso-fn_d_all_l_01_log.txt
SpawnPoolWorker-1159| 2026-06-22 05:50:43,634,634 multiprocessing INFO STARTING NEW RUN ==========
SpawnPoolWorker-1163| 2026-06-22 05:50:43,634,634 multiprocessing INFO STARTING NEW RUN ==========
SpawnPoolWorker-1159| 2026-06-22 05:50:43,634,634 multiprocessing INFO SEE LOG AT : ./logs/all_Lyapunov_test_dso-fn_d_all_l_01_log.txt
SpawnPoolWorker-1163| 2026-06-22 05:50:43,634,634 multiprocessing INFO SEE LOG AT : ./logs/all_Lyapunov_test_dso-fn_d_all_l_01_log.txt
SpawnPoolWorker-1159| 2026-06-22 05:50:43,634,634 multiprocessing INFO See log at : ./logs/all_Lyapunov_test_dso-fn_d_all_l_01_log.txt
SpawnPoolWorker-1163| 2026-06-22 05:50:43,634,634 multiprocessing INFO See log at : ./logs/all_Lyapunov_test_dso-fn_d_all_l_01_log.txt
SpawnPoolWorker-1160| 2026-06-22 05:50:43,635,635 multiprocessing INFO child process calling self.run()
SpawnPoolWorker-1162| 2026-06-22 05:50:43,635,635 multiprocessing INFO child process calling self.run()
SpawnPoolWorker-1163| 2026-06-22 05:50:43,636,636 multiprocessing INFO child process calling self.run()
SpawnPoolWorker-1159| 2026-06-22 05:50:43,636,636 multiprocessing INFO child process calling self.run()
SpawnPoolWorker-1165| 2026-06-22 05:50:43,636,636 multiprocessing INFO STARTING NEW RUN ==========
SpawnPoolWorker-1165| 2026-06-22 05:50:43,636,636 multiprocessing INFO SEE LOG AT : ./logs/all_Lyapunov_test_dso-fn_d_all_l_01_log.txt
SpawnPoolWorker-1165| 2026-06-22 05:50:43,636,636 multiprocessing INFO See log at : ./logs/all_Lyapunov_test_dso-fn_d_all_l_01_log.txt
SpawnPoolWorker-1165| 2026-06-22 05:50:43,638,638 multiprocessing INFO child process calling self.run()
SpawnPoolWorker-1166| 2026-06-22 05:50:43,638,638 multiprocessing INFO STARTING NEW RUN ==========
SpawnPoolWorker-1166| 2026-06-22 05:50:43,638,638 multiprocessing INFO SEE LOG AT : ./logs/all_Lyapunov_test_dso-fn_d_all_l_01_log.txt
SpawnPoolWorker-1166| 2026-06-22 05:50:43,638,638 multiprocessing INFO See log at : ./logs/all_Lyapunov_test_dso-fn_d_all_l_01_log.txt
SpawnPoolWorker-1166| 2026-06-22 05:50:43,640,640 multiprocessing INFO child process calling self.run()
SpawnPoolWorker-1157| 2026-06-22 05:50:43,642,642 multiprocessing INFO STARTING NEW RUN ==========
SpawnPoolWorker-1157| 2026-06-22 05:50:43,642,642 multiprocessing INFO SEE LOG AT : ./logs/all_Lyapunov_test_dso-fn_d_all_l_01_log.txt
SpawnPoolWorker-1161| 2026-06-22 05:50:43,642,642 multiprocessing INFO STARTING NEW RUN ==========
SpawnPoolWorker-1157| 2026-06-22 05:50:43,642,642 multiprocessing INFO See log at : ./logs/all_Lyapunov_test_dso-fn_d_all_l_01_log.txt
SpawnPoolWorker-1161| 2026-06-22 05:50:43,642,642 multiprocessing INFO SEE LOG AT : ./logs/all_Lyapunov_test_dso-fn_d_all_l_01_log.txt
SpawnPoolWorker-1161| 2026-06-22 05:50:43,642,642 multiprocessing INFO See log at : ./logs/all_Lyapunov_test_dso-fn_d_all_l_01_log.txt
SpawnPoolWorker-1161| 2026-06-22 05:50:43,643,643 multiprocessing INFO child process calling self.run()
SpawnPoolWorker-1157| 2026-06-22 05:50:43,643,643 multiprocessing INFO child process calling self.run()
SpawnPoolWorker-1164| 2026-06-22 05:50:43,645,645 multiprocessing INFO STARTING NEW RUN ==========
SpawnPoolWorker-1164| 2026-06-22 05:50:43,645,645 multiprocessing INFO SEE LOG AT : ./logs/all_Lyapunov_test_dso-fn_d_all_l_01_log.txt
SpawnPoolWorker-1164| 2026-06-22 05:50:43,645,645 multiprocessing INFO See log at : ./logs/all_Lyapunov_test_dso-fn_d_all_l_01_log.txt
SpawnPoolWorker-1164| 2026-06-22 05:50:43,646,646 multiprocessing INFO child process calling self.run()
SpawnPoolWorker-1158| 2026-06-22 05:50:43,650,650 multiprocessing INFO STARTING NEW RUN ==========
SpawnPoolWorker-1158| 2026-06-22 05:50:43,650,650 multiprocessing INFO SEE LOG AT : ./logs/all_Lyapunov_test_dso-fn_d_all_l_01_log.txt
SpawnPoolWorker-1158| 2026-06-22 05:50:43,650,650 multiprocessing INFO See log at : ./logs/all_Lyapunov_test_dso-fn_d_all_l_01_log.txt
SpawnPoolWorker-1158| 2026-06-22 05:50:43,653,653 multiprocessing INFO child process calling self.run()
SpawnPoolWorker-1157| 2026-06-22 05:51:00,274,274 multiprocessing INFO process shutting down
SpawnPoolWorker-1157| 2026-06-22 05:51:00,274,274 multiprocessing INFO process exiting with exitcode 0
SpawnPoolWorker-1163| 2026-06-22 05:51:00,275,275 multiprocessing INFO process shutting down
SpawnPoolWorker-1160| 2026-06-22 05:51:00,275,275 multiprocessing INFO process shutting down
SpawnPoolWorker-1162| 2026-06-22 05:51:00,275,275 multiprocessing INFO process shutting down
SpawnPoolWorker-1161| 2026-06-22 05:51:00,275,275 multiprocessing INFO process shutting down
SpawnPoolWorker-1159| 2026-06-22 05:51:00,275,275 multiprocessing INFO process shutting down
SpawnPoolWorker-1166| 2026-06-22 05:51:00,275,275 multiprocessing INFO process shutting down
SpawnPoolWorker-1164| 2026-06-22 05:51:00,275,275 multiprocessing INFO process shutting down
(20000,)

===================Collect 20000 Examples===================

Epsilon 0.1
500
(550,)
(550,)
(550,)
Number of Programs for Minimization: 28
SpawnPoolWorker-1167| 2026-06-22 05:51:15,688,688 multiprocessing INFO STARTING NEW RUN ==========
SpawnPoolWorker-1167| 2026-06-22 05:51:15,689,689 multiprocessing INFO SEE LOG AT : ./logs/all_Lyapunov_test_dso-fn_d_all_l_01_log.txt
SpawnPoolWorker-1167| 2026-06-22 05:51:15,689,689 multiprocessing INFO See log at : ./logs/all_Lyapunov_test_dso-fn_d_all_l_01_log.txt
SpawnPoolWorker-1167| 2026-06-22 05:51:15,690,690 multiprocessing INFO child process calling self.run()
SpawnPoolWorker-1186| 2026-06-22 05:51:15,947,947 multiprocessing INFO STARTING NEW RUN ==========
SpawnPoolWorker-1186| 2026-06-22 05:51:15,947,947 multiprocessing INFO SEE LOG AT : ./logs/all_Lyapunov_test_dso-fn_d_all_l_01_log.txt
SpawnPoolWorker-1186| 2026-06-22 05:51:15,947,947 multiprocessing INFO See log at : ./logs/all_Lyapunov_test_dso-fn_d_all_l_01_log.txt
SpawnPoolWorker-1186| 2026-06-22 05:51:15,948,948 multiprocessing INFO child process calling self.run()
SpawnPoolWorker-1173| 2026-06-22 05:51:16,432,432 multiprocessing INFO STARTING NEW RUN ==========
SpawnPoolWorker-1173| 2026-06-22 05:51:16,432,432 multiprocessing INFO SEE LOG AT : ./logs/all_Lyapunov_test_dso-fn_d_all_l_01_log.txt
SpawnPoolWorker-1173| 2026-06-22 05:51:16,432,432 multiprocessing INFO See log at : ./logs/all_Lyapunov_test_dso-fn_d_all_l_01_log.txt
SpawnPoolWorker-1173| 2026-06-22 05:51:16,434,434 multiprocessing INFO child process calling self.run()
SpawnPoolWorker-1185| 2026-06-22 05:51:16,632,632 multiprocessing INFO STARTING NEW RUN ==========
SpawnPoolWorker-1185| 2026-06-22 05:51:16,632,632 multiprocessing INFO SEE LOG AT : ./logs/all_Lyapunov_test_dso-fn_d_all_l_01_log.txt
SpawnPoolWorker-1185| 2026-06-22 05:51:16,632,632 multiprocessing INFO See log at : ./logs/all_Lyapunov_test_dso-fn_d_all_l_01_log.txt
SpawnPoolWorker-1185| 2026-06-22 05:51:16,635,635 multiprocessing INFO child process calling self.run()
SpawnPoolWorker-1179| 2026-06-22 05:51:16,718,718 multiprocessing INFO STARTING NEW RUN ==========
SpawnPoolWorker-1179| 2026-06-22 05:51:16,718,718 multiprocessing INFO SEE LOG AT : ./logs/all_Lyapunov_test_dso-fn_d_all_l_01_log.txt
SpawnPoolWorker-1179| 2026-06-22 05:51:16,718,718 multiprocessing INFO See log at : ./logs/all_Lyapunov_test_dso-fn_d_all_l_01_log.txt
SpawnPoolWorker-1179| 2026-06-22 05:51:16,722,722 multiprocessing INFO child process calling self.run()
SpawnPoolWorker-1168| 2026-06-22 05:51:16,750,750 multiprocessing INFO STARTING NEW RUN ==========
SpawnPoolWorker-1168| 2026-06-22 05:51:16,751,751 multiprocessing INFO SEE LOG AT : ./logs/all_Lyapunov_test_dso-fn_d_all_l_01_log.txt
SpawnPoolWorker-1168| 2026-06-22 05:51:16,751,751 multiprocessing INFO See log at : ./logs/all_Lyapunov_test_dso-fn_d_all_l_01_log.txt
SpawnPoolWorker-1168| 2026-06-22 05:51:16,753,753 multiprocessing INFO child process calling self.run()
SpawnPoolWorker-1170| 2026-06-22 05:51:16,819,819 multiprocessing INFO STARTING NEW RUN ==========
SpawnPoolWorker-1170| 2026-06-22 05:51:16,819,819 multiprocessing INFO SEE LOG AT : ./logs/all_Lyapunov_test_dso-fn_d_all_l_01_log.txt
SpawnPoolWorker-1170| 2026-06-22 05:51:16,819,819 multiprocessing INFO See log at : ./logs/all_Lyapunov_test_dso-fn_d_all_l_01_log.txt
SpawnPoolWorker-1170| 2026-06-22 05:51:16,822,822 multiprocessing INFO child process calling self.run()
SpawnPoolWorker-1175| 2026-06-22 05:51:16,876,876 multiprocessing INFO STARTING NEW RUN ==========
SpawnPoolWorker-1175| 2026-06-22 05:51:16,876,876 multiprocessing INFO SEE LOG AT : ./logs/all_Lyapunov_test_dso-fn_d_all_l_01_log.txt
SpawnPoolWorker-1175| 2026-06-22 05:51:16,876,876 multiprocessing INFO See log at : ./logs/all_Lyapunov_test_dso-fn_d_all_l_01_log.txt
SpawnPoolWorker-1175| 2026-06-22 05:51:16,884,884 multiprocessing INFO child process calling self.run()
SpawnPoolWorker-1187| 2026-06-22 05:51:16,950,950 multiprocessing INFO STARTING NEW RUN ==========
SpawnPoolWorker-1187| 2026-06-22 05:51:16,950,950 multiprocessing INFO SEE LOG AT : ./logs/all_Lyapunov_test_dso-fn_d_all_l_01_log.txt
SpawnPoolWorker-1187| 2026-06-22 05:51:16,950,950 multiprocessing INFO See log at : ./logs/all_Lyapunov_test_dso-fn_d_all_l_01_log.txt
SpawnPoolWorker-1187| 2026-06-22 05:51:16,953,953 multiprocessing INFO child process calling self.run()
SpawnPoolWorker-1171| 2026-06-22 05:51:16,993,993 multiprocessing INFO STARTING NEW RUN ==========
SpawnPoolWorker-1171| 2026-06-22 05:51:16,993,993 multiprocessing INFO SEE LOG AT : ./logs/all_Lyapunov_test_dso-fn_d_all_l_01_log.txt
SpawnPoolWorker-1171| 2026-06-22 05:51:16,994,994 multiprocessing INFO See log at : ./logs/all_Lyapunov_test_dso-fn_d_all_l_01_log.txt
SpawnPoolWorker-1171| 2026-06-22 05:51:16,996,996 multiprocessing INFO child process calling self.run()
SpawnPoolWorker-1174| 2026-06-22 05:51:17,021,21 multiprocessing INFO STARTING NEW RUN ==========
SpawnPoolWorker-1174| 2026-06-22 05:51:17,021,21 multiprocessing INFO SEE LOG AT : ./logs/all_Lyapunov_test_dso-fn_d_all_l_01_log.txt
SpawnPoolWorker-1174| 2026-06-22 05:51:17,021,21 multiprocessing INFO See log at : ./logs/all_Lyapunov_test_dso-fn_d_all_l_01_log.txt
SpawnPoolWorker-1174| 2026-06-22 05:51:17,024,24 multiprocessing INFO child process calling self.run()
SpawnPoolWorker-1176| 2026-06-22 05:51:17,366,366 multiprocessing INFO STARTING NEW RUN ==========
SpawnPoolWorker-1176| 2026-06-22 05:51:17,366,366 multiprocessing INFO SEE LOG AT : ./logs/all_Lyapunov_test_dso-fn_d_all_l_01_log.txt
SpawnPoolWorker-1176| 2026-06-22 05:51:17,366,366 multiprocessing INFO See log at : ./logs/all_Lyapunov_test_dso-fn_d_all_l_01_log.txt
SpawnPoolWorker-1182| 2026-06-22 05:51:17,367,367 multiprocessing INFO STARTING NEW RUN ==========
SpawnPoolWorker-1182| 2026-06-22 05:51:17,367,367 multiprocessing INFO SEE LOG AT : ./logs/all_Lyapunov_test_dso-fn_d_all_l_01_log.txt
SpawnPoolWorker-1182| 2026-06-22 05:51:17,367,367 multiprocessing INFO See log at : ./logs/all_Lyapunov_test_dso-fn_d_all_l_01_log.txt
SpawnPoolWorker-1176| 2026-06-22 05:51:17,368,368 multiprocessing INFO child process calling self.run()
SpawnPoolWorker-1182| 2026-06-22 05:51:17,373,373 multiprocessing INFO child process calling self.run()
SpawnPoolWorker-1169| 2026-06-22 05:51:17,393,393 multiprocessing INFO STARTING NEW RUN ==========
SpawnPoolWorker-1169| 2026-06-22 05:51:17,393,393 multiprocessing INFO SEE LOG AT : ./logs/all_Lyapunov_test_dso-fn_d_all_l_01_log.txt
SpawnPoolWorker-1169| 2026-06-22 05:51:17,393,393 multiprocessing INFO See log at : ./logs/all_Lyapunov_test_dso-fn_d_all_l_01_log.txt
SpawnPoolWorker-1169| 2026-06-22 05:51:17,395,395 multiprocessing INFO child process calling self.run()
SpawnPoolWorker-1178| 2026-06-22 05:51:17,463,463 multiprocessing INFO STARTING NEW RUN ==========
SpawnPoolWorker-1178| 2026-06-22 05:51:17,463,463 multiprocessing INFO SEE LOG AT : ./logs/all_Lyapunov_test_dso-fn_d_all_l_01_log.txt
SpawnPoolWorker-1178| 2026-06-22 05:51:17,463,463 multiprocessing INFO See log at : ./logs/all_Lyapunov_test_dso-fn_d_all_l_01_log.txt
SpawnPoolWorker-1178| 2026-06-22 05:51:17,466,466 multiprocessing INFO child process calling self.run()
SpawnPoolWorker-1184| 2026-06-22 05:51:17,545,545 multiprocessing INFO STARTING NEW RUN ==========
SpawnPoolWorker-1184| 2026-06-22 05:51:17,546,546 multiprocessing INFO SEE LOG AT : ./logs/all_Lyapunov_test_dso-fn_d_all_l_01_log.txt
SpawnPoolWorker-1184| 2026-06-22 05:51:17,546,546 multiprocessing INFO See log at : ./logs/all_Lyapunov_test_dso-fn_d_all_l_01_log.txt
SpawnPoolWorker-1172| 2026-06-22 05:51:17,546,546 multiprocessing INFO STARTING NEW RUN ==========
SpawnPoolWorker-1172| 2026-06-22 05:51:17,546,546 multiprocessing INFO SEE LOG AT : ./logs/all_Lyapunov_test_dso-fn_d_all_l_01_log.txt
SpawnPoolWorker-1172| 2026-06-22 05:51:17,546,546 multiprocessing INFO See log at : ./logs/all_Lyapunov_test_dso-fn_d_all_l_01_log.txt
SpawnPoolWorker-1184| 2026-06-22 05:51:17,548,548 multiprocessing INFO child process calling self.run()
SpawnPoolWorker-1172| 2026-06-22 05:51:17,548,548 multiprocessing INFO child process calling self.run()
SpawnPoolWorker-1189| 2026-06-22 05:51:17,608,608 multiprocessing INFO STARTING NEW RUN ==========
SpawnPoolWorker-1189| 2026-06-22 05:51:17,608,608 multiprocessing INFO SEE LOG AT : ./logs/all_Lyapunov_test_dso-fn_d_all_l_01_log.txt
SpawnPoolWorker-1189| 2026-06-22 05:51:17,608,608 multiprocessing INFO See log at : ./logs/all_Lyapunov_test_dso-fn_d_all_l_01_log.txt
SpawnPoolWorker-1189| 2026-06-22 05:51:17,610,610 multiprocessing INFO child process calling self.run()
SpawnPoolWorker-1181| 2026-06-22 05:51:17,623,623 multiprocessing INFO STARTING NEW RUN ==========
SpawnPoolWorker-1181| 2026-06-22 05:51:17,624,624 multiprocessing INFO SEE LOG AT : ./logs/all_Lyapunov_test_dso-fn_d_all_l_01_log.txt
SpawnPoolWorker-1181| 2026-06-22 05:51:17,624,624 multiprocessing INFO See log at : ./logs/all_Lyapunov_test_dso-fn_d_all_l_01_log.txt
SpawnPoolWorker-1181| 2026-06-22 05:51:17,626,626 multiprocessing INFO child process calling self.run()
SpawnPoolWorker-1177| 2026-06-22 05:51:17,723,723 multiprocessing INFO STARTING NEW RUN ==========
SpawnPoolWorker-1177| 2026-06-22 05:51:17,723,723 multiprocessing INFO SEE LOG AT : ./logs/all_Lyapunov_test_dso-fn_d_all_l_01_log.txt
SpawnPoolWorker-1177| 2026-06-22 05:51:17,723,723 multiprocessing INFO See log at : ./logs/all_Lyapunov_test_dso-fn_d_all_l_01_log.txt
SpawnPoolWorker-1177| 2026-06-22 05:51:17,731,731 multiprocessing INFO child process calling self.run()
SpawnPoolWorker-1190| 2026-06-22 05:51:17,846,846 multiprocessing INFO STARTING NEW RUN ==========
SpawnPoolWorker-1190| 2026-06-22 05:51:17,846,846 multiprocessing INFO SEE LOG AT : ./logs/all_Lyapunov_test_dso-fn_d_all_l_01_log.txt
SpawnPoolWorker-1190| 2026-06-22 05:51:17,846,846 multiprocessing INFO See log at : ./logs/all_Lyapunov_test_dso-fn_d_all_l_01_log.txt
SpawnPoolWorker-1190| 2026-06-22 05:51:17,853,853 multiprocessing INFO child process calling self.run()
SpawnPoolWorker-1183| 2026-06-22 05:51:17,950,950 multiprocessing INFO STARTING NEW RUN ==========
SpawnPoolWorker-1183| 2026-06-22 05:51:17,950,950 multiprocessing INFO SEE LOG AT : ./logs/all_Lyapunov_test_dso-fn_d_all_l_01_log.txt
SpawnPoolWorker-1183| 2026-06-22 05:51:17,950,950 multiprocessing INFO See log at : ./logs/all_Lyapunov_test_dso-fn_d_all_l_01_log.txt
SpawnPoolWorker-1183| 2026-06-22 05:51:17,954,954 multiprocessing INFO child process calling self.run()
SpawnPoolWorker-1180| 2026-06-22 05:51:18,115,115 multiprocessing INFO STARTING NEW RUN ==========
SpawnPoolWorker-1180| 2026-06-22 05:51:18,115,115 multiprocessing INFO SEE LOG AT : ./logs/all_Lyapunov_test_dso-fn_d_all_l_01_log.txt
SpawnPoolWorker-1180| 2026-06-22 05:51:18,115,115 multiprocessing INFO See log at : ./logs/all_Lyapunov_test_dso-fn_d_all_l_01_log.txt
SpawnPoolWorker-1180| 2026-06-22 05:51:18,117,117 multiprocessing INFO child process calling self.run()
SpawnPoolWorker-1188| 2026-06-22 05:51:18,191,191 multiprocessing INFO STARTING NEW RUN ==========
SpawnPoolWorker-1188| 2026-06-22 05:51:18,191,191 multiprocessing INFO SEE LOG AT : ./logs/all_Lyapunov_test_dso-fn_d_all_l_01_log.txt
SpawnPoolWorker-1188| 2026-06-22 05:51:18,191,191 multiprocessing INFO See log at : ./logs/all_Lyapunov_test_dso-fn_d_all_l_01_log.txt
SpawnPoolWorker-1188| 2026-06-22 05:51:18,192,192 multiprocessing INFO child process calling self.run()
SpawnPoolWorker-1175| 2026-06-22 05:57:56,388,388 multiprocessing INFO process shutting down
SpawnPoolWorker-1188| 2026-06-22 05:57:56,388,388 multiprocessing INFO process shutting down
SpawnPoolWorker-1182| 2026-06-22 05:57:56,388,388 multiprocessing INFO process shutting down
SpawnPoolWorker-1172| 2026-06-22 05:57:56,388,388 multiprocessing INFO process shutting down
SpawnPoolWorker-1168| 2026-06-22 05:57:56,388,388 multiprocessing INFO process shutting down
SpawnPoolWorker-1181| 2026-06-22 05:57:56,388,388 multiprocessing INFO process shutting down
SpawnPoolWorker-1174| 2026-06-22 05:57:56,388,388 multiprocessing INFO process shutting down
SpawnPoolWorker-1170| 2026-06-22 05:57:56,388,388 multiprocessing INFO process shutting down
SpawnPoolWorker-1171| 2026-06-22 05:57:56,388,388 multiprocessing INFO process shutting down
SpawnPoolWorker-1185| 2026-06-22 05:57:56,388,388 multiprocessing INFO process shutting down
SpawnPoolWorker-1183| 2026-06-22 05:57:56,388,388 multiprocessing INFO process shutting down
SpawnPoolWorker-1179| 2026-06-22 05:57:56,389,389 multiprocessing INFO process shutting down
SpawnPoolWorker-1185| 2026-06-22 05:57:56,389,389 multiprocessing INFO process exiting with exitcode 0
SpawnPoolWorker-1170| 2026-06-22 05:57:56,389,389 multiprocessing INFO process exiting with exitcode 0
SpawnPoolWorker-1168| 2026-06-22 05:57:56,389,389 multiprocessing INFO process exiting with exitcode 0
SpawnPoolWorker-1182| 2026-06-22 05:57:56,389,389 multiprocessing INFO process exiting with exitcode 0
SpawnPoolWorker-1173| 2026-06-22 05:57:56,389,389 multiprocessing INFO process shutting down
SpawnPoolWorker-1178| 2026-06-22 05:57:56,389,389 multiprocessing INFO process shutting down
SpawnPoolWorker-1179| 2026-06-22 05:57:56,389,389 multiprocessing INFO process exiting with exitcode 0
SpawnPoolWorker-1172| 2026-06-22 05:57:56,389,389 multiprocessing INFO process exiting with exitcode 0
SpawnPoolWorker-1173| 2026-06-22 05:57:56,389,389 multiprocessing INFO process exiting with exitcode 0
SpawnPoolWorker-1189| 2026-06-22 05:57:56,388,388 multiprocessing INFO process shutting down
SpawnPoolWorker-1178| 2026-06-22 05:57:56,389,389 multiprocessing INFO process exiting with exitcode 0
SpawnPoolWorker-1180| 2026-06-22 05:57:56,388,388 multiprocessing INFO process shutting down
SpawnPoolWorker-1187| 2026-06-22 05:57:56,389,389 multiprocessing INFO process shutting down
28
(100000, 9)
(100000,)
(100000, 9)
(100000,)

=======================Successfully Added (50000, 9) Counter Examples=======================


============None of the candidates fulfill the conditions. Training CONTINUES!=================

MainProcess| 2026-06-22 05:58:02,732,732 multiprocessing INFO 
============None of the candidates fulfill the conditions. Training CONTINUES!=================


============None of the candidates fulfill the conditions. Training CONTINUES!=================

(550, 171)
/users/9/chen8596/miniconda3/envs/alfd/lib/python3.9/site-packages/torch/nn/functional.py:4999: UserWarning: Support for mismatched key_padding_mask and attn_mask is deprecated. Use same type for both instead.
  warnings.warn(

==============Start Supervised Learning==============

MainProcess| 2026-06-22 05:58:11,669,669 multiprocessing INFO GP output mean: 0.8456456565150812
GP output mean: 0.8456456565150812
MainProcess| 2026-06-22 05:58:12,201,201 multiprocessing INFO GP output success rate: 0.0
GP output success rate: 0.0

==============End Supervised Learning==============

/users/9/chen8596/LyaDis/repro/runs/syn9d/utils/train.py:971: RuntimeWarning: divide by zero encountered in divide
  error = np.abs(((y_hat - y) / y))
/users/9/chen8596/.local/lib/python3.9/site-packages/scipy/stats/_stats_py.py:4424: ConstantInputWarning: An input array is constant; the correlation coefficient is not defined.
  warnings.warn(stats.ConstantInputWarning(msg))
MainProcess| 2026-06-22 05:58:14,471,471 multiprocessing INFO [Test epoch=0035]  nevals=481804 	| train_loss=8396.92871 	| eqs_invalid %=0.00 	| r_best=0.98387 	| quantile=0.00000 	| r_quantile_mean=0.08528 	| r_raw_sum=46.90392 	|  r_raw_mean=0.86859 	| r2=nan 	| acc_iid=0.00000 	| acc_ood=0.00000 	| nmse_test=0.10530802104144006 	| true_equation_set_count=0 	| s/it=635.25845
[Test epoch=0035]  nevals=481804 	| train_loss=8396.92871 	| eqs_invalid %=0.00 	| r_best=0.98387 	| quantile=0.00000 	| r_quantile_mean=0.08528 	| r_raw_sum=46.90392 	|  r_raw_mean=0.86859 	| r2=nan 	| acc_iid=0.00000 	| acc_ood=0.00000 	| nmse_test=0.10530802104144006 	| true_equation_set_count=0 	| s/it=635.25845
MainProcess| 2026-06-22 05:58:14,471,471 multiprocessing INFO [00:06:35:39.16] Training epoch 35/4000, current best R: 0.9839
[00:06:35:39.16] Training epoch 35/4000, current best R: 0.9839
MainProcess| 2026-06-22 05:58:14,471,471 multiprocessing INFO 
	** New best

	** New best
MainProcess| 2026-06-22 05:58:14,472,472 multiprocessing INFO 	Reward: 0.9838724595161781
	Reward: 0.9838724595161781
MainProcess| 2026-06-22 05:58:14,472,472 multiprocessing INFO 	Count Off-policy: 1
	Count Off-policy: 1
MainProcess| 2026-06-22 05:58:14,472,472 multiprocessing INFO 	Count On-policy: 0
	Count On-policy: 0
MainProcess| 2026-06-22 05:58:14,472,472 multiprocessing INFO 	Originally on Policy: False
	Originally on Policy: False
MainProcess| 2026-06-22 05:58:14,472,472 multiprocessing INFO 	Invalid: False
	Invalid: False
MainProcess| 2026-06-22 05:58:14,472,472 multiprocessing INFO 	Traversal: add,sub,mul,cos,x7,n2,x9,cos,x8,sub,add,n2,sub,x4,x1,n2,add,x2,x6,sub,cos,x5,n2,sub,x4,add,x3,x2
	Traversal: add,sub,mul,cos,x7,n2,x9,cos,x8,sub,add,n2,sub,x4,x1,n2,add,x2,x6,sub,cos,x5,n2,sub,x4,add,x3,x2
MainProcess| 2026-06-22 05:58:14,472,472 multiprocessing INFO 	Expression:
	Expression:
MainProcess| 2026-06-22 05:58:14,475,475 multiprocessing INFO 
	    2                     2            2                  2                    
	  x₉ ⋅cos(x₇) + (-x₁ + x₄)  + (x₂ + x₆)  + (-x₂ - x₃ + x₄)  - cos(x₅) - cos(x₈)


	    2                     2            2                  2                    
	  x₉ ⋅cos(x₇) + (-x₁ + x₄)  + (x₂ + x₆)  + (-x₂ - x₃ + x₄)  - cos(x₅) - cos(x₈)

MainProcess| 2026-06-22 05:58:14,475,475 multiprocessing INFO [00:06:35:39.16] Training epoch 35/4000, current best R: 0.9839
[00:06:35:39.16] Training epoch 35/4000, current best R: 0.9839
MainProcess| 2026-06-22 06:00:30,134,134 multiprocessing INFO Genetic Porgramming Runtime 134.3964117600117
Genetic Porgramming Runtime 134.3964117600117

=========================PGD Collection Starts=========================

SpawnPoolWorker-1199| 2026-06-22 06:00:35,684,684 multiprocessing INFO STARTING NEW RUN ==========
SpawnPoolWorker-1199| 2026-06-22 06:00:35,684,684 multiprocessing INFO SEE LOG AT : ./logs/all_Lyapunov_test_dso-fn_d_all_l_01_log.txt
SpawnPoolWorker-1199| 2026-06-22 06:00:35,684,684 multiprocessing INFO See log at : ./logs/all_Lyapunov_test_dso-fn_d_all_l_01_log.txt
SpawnPoolWorker-1197| 2026-06-22 06:00:35,684,684 multiprocessing INFO STARTING NEW RUN ==========
SpawnPoolWorker-1197| 2026-06-22 06:00:35,686,686 multiprocessing INFO SEE LOG AT : ./logs/all_Lyapunov_test_dso-fn_d_all_l_01_log.txt
SpawnPoolWorker-1197| 2026-06-22 06:00:35,686,686 multiprocessing INFO See log at : ./logs/all_Lyapunov_test_dso-fn_d_all_l_01_log.txt
SpawnPoolWorker-1195| 2026-06-22 06:00:35,686,686 multiprocessing INFO STARTING NEW RUN ==========
SpawnPoolWorker-1191| 2026-06-22 06:00:35,686,686 multiprocessing INFO STARTING NEW RUN ==========
SpawnPoolWorker-1192| 2026-06-22 06:00:35,686,686 multiprocessing INFO STARTING NEW RUN ==========
SpawnPoolWorker-1193| 2026-06-22 06:00:35,686,686 multiprocessing INFO STARTING NEW RUN ==========
SpawnPoolWorker-1195| 2026-06-22 06:00:35,686,686 multiprocessing INFO SEE LOG AT : ./logs/all_Lyapunov_test_dso-fn_d_all_l_01_log.txt
SpawnPoolWorker-1191| 2026-06-22 06:00:35,686,686 multiprocessing INFO SEE LOG AT : ./logs/all_Lyapunov_test_dso-fn_d_all_l_01_log.txt
SpawnPoolWorker-1192| 2026-06-22 06:00:35,686,686 multiprocessing INFO SEE LOG AT : ./logs/all_Lyapunov_test_dso-fn_d_all_l_01_log.txt
SpawnPoolWorker-1193| 2026-06-22 06:00:35,686,686 multiprocessing INFO SEE LOG AT : ./logs/all_Lyapunov_test_dso-fn_d_all_l_01_log.txt
SpawnPoolWorker-1195| 2026-06-22 06:00:35,686,686 multiprocessing INFO See log at : ./logs/all_Lyapunov_test_dso-fn_d_all_l_01_log.txt
SpawnPoolWorker-1191| 2026-06-22 06:00:35,686,686 multiprocessing INFO See log at : ./logs/all_Lyapunov_test_dso-fn_d_all_l_01_log.txt
SpawnPoolWorker-1192| 2026-06-22 06:00:35,686,686 multiprocessing INFO See log at : ./logs/all_Lyapunov_test_dso-fn_d_all_l_01_log.txt
SpawnPoolWorker-1193| 2026-06-22 06:00:35,686,686 multiprocessing INFO See log at : ./logs/all_Lyapunov_test_dso-fn_d_all_l_01_log.txt
SpawnPoolWorker-1199| 2026-06-22 06:00:35,687,687 multiprocessing INFO child process calling self.run()
SpawnPoolWorker-1197| 2026-06-22 06:00:35,687,687 multiprocessing INFO child process calling self.run()
SpawnPoolWorker-1193| 2026-06-22 06:00:35,688,688 multiprocessing INFO child process calling self.run()
SpawnPoolWorker-1195| 2026-06-22 06:00:35,688,688 multiprocessing INFO child process calling self.run()
SpawnPoolWorker-1192| 2026-06-22 06:00:35,688,688 multiprocessing INFO child process calling self.run()
SpawnPoolWorker-1191| 2026-06-22 06:00:35,688,688 multiprocessing INFO child process calling self.run()
SpawnPoolWorker-1200| 2026-06-22 06:00:35,688,688 multiprocessing INFO STARTING NEW RUN ==========
SpawnPoolWorker-1200| 2026-06-22 06:00:35,688,688 multiprocessing INFO SEE LOG AT : ./logs/all_Lyapunov_test_dso-fn_d_all_l_01_log.txt
SpawnPoolWorker-1200| 2026-06-22 06:00:35,689,689 multiprocessing INFO See log at : ./logs/all_Lyapunov_test_dso-fn_d_all_l_01_log.txt
SpawnPoolWorker-1198| 2026-06-22 06:00:35,690,690 multiprocessing INFO STARTING NEW RUN ==========
SpawnPoolWorker-1194| 2026-06-22 06:00:35,690,690 multiprocessing INFO STARTING NEW RUN ==========
SpawnPoolWorker-1198| 2026-06-22 06:00:35,690,690 multiprocessing INFO SEE LOG AT : ./logs/all_Lyapunov_test_dso-fn_d_all_l_01_log.txt
SpawnPoolWorker-1194| 2026-06-22 06:00:35,690,690 multiprocessing INFO SEE LOG AT : ./logs/all_Lyapunov_test_dso-fn_d_all_l_01_log.txt
SpawnPoolWorker-1198| 2026-06-22 06:00:35,691,691 multiprocessing INFO See log at : ./logs/all_Lyapunov_test_dso-fn_d_all_l_01_log.txt
SpawnPoolWorker-1194| 2026-06-22 06:00:35,691,691 multiprocessing INFO See log at : ./logs/all_Lyapunov_test_dso-fn_d_all_l_01_log.txt
SpawnPoolWorker-1200| 2026-06-22 06:00:35,691,691 multiprocessing INFO child process calling self.run()
SpawnPoolWorker-1198| 2026-06-22 06:00:35,692,692 multiprocessing INFO child process calling self.run()
SpawnPoolWorker-1194| 2026-06-22 06:00:35,692,692 multiprocessing INFO child process calling self.run()
SpawnPoolWorker-1196| 2026-06-22 06:00:35,694,694 multiprocessing INFO STARTING NEW RUN ==========
SpawnPoolWorker-1196| 2026-06-22 06:00:35,694,694 multiprocessing INFO SEE LOG AT : ./logs/all_Lyapunov_test_dso-fn_d_all_l_01_log.txt
SpawnPoolWorker-1196| 2026-06-22 06:00:35,695,695 multiprocessing INFO See log at : ./logs/all_Lyapunov_test_dso-fn_d_all_l_01_log.txt
SpawnPoolWorker-1196| 2026-06-22 06:00:35,696,696 multiprocessing INFO child process calling self.run()
SpawnPoolWorker-1200| 2026-06-22 06:00:51,345,345 multiprocessing INFO process shutting down
SpawnPoolWorker-1200| 2026-06-22 06:00:51,345,345 multiprocessing INFO process exiting with exitcode 0
SpawnPoolWorker-1198| 2026-06-22 06:00:51,345,345 multiprocessing INFO process shutting down
SpawnPoolWorker-1193| 2026-06-22 06:00:51,345,345 multiprocessing INFO process shutting down
SpawnPoolWorker-1192| 2026-06-22 06:00:51,345,345 multiprocessing INFO process shutting down
SpawnPoolWorker-1191| 2026-06-22 06:00:51,345,345 multiprocessing INFO process shutting down
SpawnPoolWorker-1196| 2026-06-22 06:00:51,345,345 multiprocessing INFO process shutting down
SpawnPoolWorker-1194| 2026-06-22 06:00:51,345,345 multiprocessing INFO process shutting down
SpawnPoolWorker-1195| 2026-06-22 06:00:51,345,345 multiprocessing INFO process shutting down
(20000,)

===================Collect 20000 Examples===================

Epsilon 0.1
500
(550,)
(550,)
(550,)
Number of Programs for Minimization: 28
SpawnPoolWorker-1203| 2026-06-22 06:01:07,212,212 multiprocessing INFO STARTING NEW RUN ==========
SpawnPoolWorker-1203| 2026-06-22 06:01:07,213,213 multiprocessing INFO SEE LOG AT : ./logs/all_Lyapunov_test_dso-fn_d_all_l_01_log.txt
SpawnPoolWorker-1203| 2026-06-22 06:01:07,213,213 multiprocessing INFO See log at : ./logs/all_Lyapunov_test_dso-fn_d_all_l_01_log.txt
SpawnPoolWorker-1203| 2026-06-22 06:01:07,217,217 multiprocessing INFO child process calling self.run()
SpawnPoolWorker-1212| 2026-06-22 06:01:07,243,243 multiprocessing INFO STARTING NEW RUN ==========
SpawnPoolWorker-1212| 2026-06-22 06:01:07,243,243 multiprocessing INFO SEE LOG AT : ./logs/all_Lyapunov_test_dso-fn_d_all_l_01_log.txt
SpawnPoolWorker-1212| 2026-06-22 06:01:07,243,243 multiprocessing INFO See log at : ./logs/all_Lyapunov_test_dso-fn_d_all_l_01_log.txt
SpawnPoolWorker-1212| 2026-06-22 06:01:07,252,252 multiprocessing INFO child process calling self.run()
SpawnPoolWorker-1208| 2026-06-22 06:01:07,285,285 multiprocessing INFO STARTING NEW RUN ==========
SpawnPoolWorker-1208| 2026-06-22 06:01:07,285,285 multiprocessing INFO SEE LOG AT : ./logs/all_Lyapunov_test_dso-fn_d_all_l_01_log.txt
SpawnPoolWorker-1208| 2026-06-22 06:01:07,285,285 multiprocessing INFO See log at : ./logs/all_Lyapunov_test_dso-fn_d_all_l_01_log.txt
SpawnPoolWorker-1208| 2026-06-22 06:01:07,287,287 multiprocessing INFO child process calling self.run()
SpawnPoolWorker-1211| 2026-06-22 06:01:07,696,696 multiprocessing INFO STARTING NEW RUN ==========
SpawnPoolWorker-1211| 2026-06-22 06:01:07,696,696 multiprocessing INFO SEE LOG AT : ./logs/all_Lyapunov_test_dso-fn_d_all_l_01_log.txt
SpawnPoolWorker-1211| 2026-06-22 06:01:07,696,696 multiprocessing INFO See log at : ./logs/all_Lyapunov_test_dso-fn_d_all_l_01_log.txt
SpawnPoolWorker-1211| 2026-06-22 06:01:07,702,702 multiprocessing INFO child process calling self.run()
SpawnPoolWorker-1204| 2026-06-22 06:01:07,746,746 multiprocessing INFO STARTING NEW RUN ==========
SpawnPoolWorker-1204| 2026-06-22 06:01:07,746,746 multiprocessing INFO SEE LOG AT : ./logs/all_Lyapunov_test_dso-fn_d_all_l_01_log.txt
SpawnPoolWorker-1204| 2026-06-22 06:01:07,746,746 multiprocessing INFO See log at : ./logs/all_Lyapunov_test_dso-fn_d_all_l_01_log.txt
SpawnPoolWorker-1204| 2026-06-22 06:01:07,757,757 multiprocessing INFO child process calling self.run()
SpawnPoolWorker-1209| 2026-06-22 06:01:07,762,762 multiprocessing INFO STARTING NEW RUN ==========
SpawnPoolWorker-1209| 2026-06-22 06:01:07,763,763 multiprocessing INFO SEE LOG AT : ./logs/all_Lyapunov_test_dso-fn_d_all_l_01_log.txt
SpawnPoolWorker-1209| 2026-06-22 06:01:07,763,763 multiprocessing INFO See log at : ./logs/all_Lyapunov_test_dso-fn_d_all_l_01_log.txt
SpawnPoolWorker-1209| 2026-06-22 06:01:07,767,767 multiprocessing INFO child process calling self.run()
SpawnPoolWorker-1201| 2026-06-22 06:01:07,873,873 multiprocessing INFO STARTING NEW RUN ==========
SpawnPoolWorker-1201| 2026-06-22 06:01:07,873,873 multiprocessing INFO SEE LOG AT : ./logs/all_Lyapunov_test_dso-fn_d_all_l_01_log.txt
SpawnPoolWorker-1201| 2026-06-22 06:01:07,873,873 multiprocessing INFO See log at : ./logs/all_Lyapunov_test_dso-fn_d_all_l_01_log.txt
SpawnPoolWorker-1201| 2026-06-22 06:01:07,880,880 multiprocessing INFO child process calling self.run()
SpawnPoolWorker-1205| 2026-06-22 06:01:07,971,971 multiprocessing INFO STARTING NEW RUN ==========
SpawnPoolWorker-1205| 2026-06-22 06:01:07,972,972 multiprocessing INFO SEE LOG AT : ./logs/all_Lyapunov_test_dso-fn_d_all_l_01_log.txt
SpawnPoolWorker-1205| 2026-06-22 06:01:07,972,972 multiprocessing INFO See log at : ./logs/all_Lyapunov_test_dso-fn_d_all_l_01_log.txt
SpawnPoolWorker-1205| 2026-06-22 06:01:07,974,974 multiprocessing INFO child process calling self.run()
SpawnPoolWorker-1206| 2026-06-22 06:01:08,066,66 multiprocessing INFO STARTING NEW RUN ==========
SpawnPoolWorker-1206| 2026-06-22 06:01:08,066,66 multiprocessing INFO SEE LOG AT : ./logs/all_Lyapunov_test_dso-fn_d_all_l_01_log.txt
SpawnPoolWorker-1206| 2026-06-22 06:01:08,066,66 multiprocessing INFO See log at : ./logs/all_Lyapunov_test_dso-fn_d_all_l_01_log.txt
SpawnPoolWorker-1206| 2026-06-22 06:01:08,069,69 multiprocessing INFO child process calling self.run()
SpawnPoolWorker-1207| 2026-06-22 06:01:08,217,217 multiprocessing INFO STARTING NEW RUN ==========
SpawnPoolWorker-1207| 2026-06-22 06:01:08,217,217 multiprocessing INFO SEE LOG AT : ./logs/all_Lyapunov_test_dso-fn_d_all_l_01_log.txt
SpawnPoolWorker-1207| 2026-06-22 06:01:08,217,217 multiprocessing INFO See log at : ./logs/all_Lyapunov_test_dso-fn_d_all_l_01_log.txt
SpawnPoolWorker-1207| 2026-06-22 06:01:08,221,221 multiprocessing INFO child process calling self.run()
SpawnPoolWorker-1202| 2026-06-22 06:01:08,344,344 multiprocessing INFO STARTING NEW RUN ==========
SpawnPoolWorker-1202| 2026-06-22 06:01:08,344,344 multiprocessing INFO SEE LOG AT : ./logs/all_Lyapunov_test_dso-fn_d_all_l_01_log.txt
SpawnPoolWorker-1202| 2026-06-22 06:01:08,344,344 multiprocessing INFO See log at : ./logs/all_Lyapunov_test_dso-fn_d_all_l_01_log.txt
SpawnPoolWorker-1202| 2026-06-22 06:01:08,346,346 multiprocessing INFO child process calling self.run()
SpawnPoolWorker-1210| 2026-06-22 06:01:08,568,568 multiprocessing INFO STARTING NEW RUN ==========
SpawnPoolWorker-1210| 2026-06-22 06:01:08,568,568 multiprocessing INFO SEE LOG AT : ./logs/all_Lyapunov_test_dso-fn_d_all_l_01_log.txt
SpawnPoolWorker-1210| 2026-06-22 06:01:08,568,568 multiprocessing INFO See log at : ./logs/all_Lyapunov_test_dso-fn_d_all_l_01_log.txt
SpawnPoolWorker-1210| 2026-06-22 06:01:08,571,571 multiprocessing INFO child process calling self.run()
SpawnPoolWorker-1218| 2026-06-22 06:01:08,662,662 multiprocessing INFO STARTING NEW RUN ==========
SpawnPoolWorker-1218| 2026-06-22 06:01:08,662,662 multiprocessing INFO SEE LOG AT : ./logs/all_Lyapunov_test_dso-fn_d_all_l_01_log.txt
SpawnPoolWorker-1218| 2026-06-22 06:01:08,662,662 multiprocessing INFO See log at : ./logs/all_Lyapunov_test_dso-fn_d_all_l_01_log.txt
SpawnPoolWorker-1218| 2026-06-22 06:01:08,667,667 multiprocessing INFO child process calling self.run()
SpawnPoolWorker-1220| 2026-06-22 06:01:08,752,752 multiprocessing INFO STARTING NEW RUN ==========
SpawnPoolWorker-1220| 2026-06-22 06:01:08,752,752 multiprocessing INFO SEE LOG AT : ./logs/all_Lyapunov_test_dso-fn_d_all_l_01_log.txt
SpawnPoolWorker-1220| 2026-06-22 06:01:08,752,752 multiprocessing INFO See log at : ./logs/all_Lyapunov_test_dso-fn_d_all_l_01_log.txt
SpawnPoolWorker-1220| 2026-06-22 06:01:08,754,754 multiprocessing INFO child process calling self.run()
SpawnPoolWorker-1215| 2026-06-22 06:01:08,807,807 multiprocessing INFO STARTING NEW RUN ==========
SpawnPoolWorker-1215| 2026-06-22 06:01:08,807,807 multiprocessing INFO SEE LOG AT : ./logs/all_Lyapunov_test_dso-fn_d_all_l_01_log.txt
SpawnPoolWorker-1215| 2026-06-22 06:01:08,808,808 multiprocessing INFO See log at : ./logs/all_Lyapunov_test_dso-fn_d_all_l_01_log.txt
SpawnPoolWorker-1215| 2026-06-22 06:01:08,809,809 multiprocessing INFO child process calling self.run()
SpawnPoolWorker-1223| 2026-06-22 06:01:08,880,880 multiprocessing INFO STARTING NEW RUN ==========
SpawnPoolWorker-1223| 2026-06-22 06:01:08,880,880 multiprocessing INFO SEE LOG AT : ./logs/all_Lyapunov_test_dso-fn_d_all_l_01_log.txt
SpawnPoolWorker-1223| 2026-06-22 06:01:08,880,880 multiprocessing INFO See log at : ./logs/all_Lyapunov_test_dso-fn_d_all_l_01_log.txt
SpawnPoolWorker-1223| 2026-06-22 06:01:08,882,882 multiprocessing INFO child process calling self.run()
SpawnPoolWorker-1222| 2026-06-22 06:01:09,026,26 multiprocessing INFO STARTING NEW RUN ==========
SpawnPoolWorker-1222| 2026-06-22 06:01:09,027,27 multiprocessing INFO SEE LOG AT : ./logs/all_Lyapunov_test_dso-fn_d_all_l_01_log.txt
SpawnPoolWorker-1222| 2026-06-22 06:01:09,027,27 multiprocessing INFO See log at : ./logs/all_Lyapunov_test_dso-fn_d_all_l_01_log.txt
SpawnPoolWorker-1222| 2026-06-22 06:01:09,031,31 multiprocessing INFO child process calling self.run()
SpawnPoolWorker-1217| 2026-06-22 06:01:09,171,171 multiprocessing INFO STARTING NEW RUN ==========
SpawnPoolWorker-1217| 2026-06-22 06:01:09,171,171 multiprocessing INFO SEE LOG AT : ./logs/all_Lyapunov_test_dso-fn_d_all_l_01_log.txt
SpawnPoolWorker-1217| 2026-06-22 06:01:09,171,171 multiprocessing INFO See log at : ./logs/all_Lyapunov_test_dso-fn_d_all_l_01_log.txt
SpawnPoolWorker-1217| 2026-06-22 06:01:09,172,172 multiprocessing INFO child process calling self.run()
SpawnPoolWorker-1213| 2026-06-22 06:01:09,200,200 multiprocessing INFO STARTING NEW RUN ==========
SpawnPoolWorker-1213| 2026-06-22 06:01:09,200,200 multiprocessing INFO SEE LOG AT : ./logs/all_Lyapunov_test_dso-fn_d_all_l_01_log.txt
SpawnPoolWorker-1213| 2026-06-22 06:01:09,200,200 multiprocessing INFO See log at : ./logs/all_Lyapunov_test_dso-fn_d_all_l_01_log.txt
SpawnPoolWorker-1213| 2026-06-22 06:01:09,207,207 multiprocessing INFO child process calling self.run()
SpawnPoolWorker-1216| 2026-06-22 06:01:09,272,272 multiprocessing INFO STARTING NEW RUN ==========
SpawnPoolWorker-1216| 2026-06-22 06:01:09,272,272 multiprocessing INFO SEE LOG AT : ./logs/all_Lyapunov_test_dso-fn_d_all_l_01_log.txt
SpawnPoolWorker-1216| 2026-06-22 06:01:09,272,272 multiprocessing INFO See log at : ./logs/all_Lyapunov_test_dso-fn_d_all_l_01_log.txt
SpawnPoolWorker-1216| 2026-06-22 06:01:09,281,281 multiprocessing INFO child process calling self.run()
SpawnPoolWorker-1224| 2026-06-22 06:01:09,357,357 multiprocessing INFO STARTING NEW RUN ==========
SpawnPoolWorker-1224| 2026-06-22 06:01:09,357,357 multiprocessing INFO SEE LOG AT : ./logs/all_Lyapunov_test_dso-fn_d_all_l_01_log.txt
SpawnPoolWorker-1224| 2026-06-22 06:01:09,357,357 multiprocessing INFO See log at : ./logs/all_Lyapunov_test_dso-fn_d_all_l_01_log.txt
SpawnPoolWorker-1224| 2026-06-22 06:01:09,359,359 multiprocessing INFO child process calling self.run()
SpawnPoolWorker-1214| 2026-06-22 06:01:09,596,596 multiprocessing INFO STARTING NEW RUN ==========
SpawnPoolWorker-1214| 2026-06-22 06:01:09,598,598 multiprocessing INFO SEE LOG AT : ./logs/all_Lyapunov_test_dso-fn_d_all_l_01_log.txt
SpawnPoolWorker-1214| 2026-06-22 06:01:09,598,598 multiprocessing INFO See log at : ./logs/all_Lyapunov_test_dso-fn_d_all_l_01_log.txt
SpawnPoolWorker-1214| 2026-06-22 06:01:09,600,600 multiprocessing INFO child process calling self.run()
SpawnPoolWorker-1221| 2026-06-22 06:01:09,644,644 multiprocessing INFO STARTING NEW RUN ==========
SpawnPoolWorker-1221| 2026-06-22 06:01:09,644,644 multiprocessing INFO SEE LOG AT : ./logs/all_Lyapunov_test_dso-fn_d_all_l_01_log.txt
SpawnPoolWorker-1221| 2026-06-22 06:01:09,644,644 multiprocessing INFO See log at : ./logs/all_Lyapunov_test_dso-fn_d_all_l_01_log.txt
SpawnPoolWorker-1221| 2026-06-22 06:01:09,654,654 multiprocessing INFO child process calling self.run()
SpawnPoolWorker-1219| 2026-06-22 06:01:09,833,833 multiprocessing INFO STARTING NEW RUN ==========
SpawnPoolWorker-1219| 2026-06-22 06:01:09,833,833 multiprocessing INFO SEE LOG AT : ./logs/all_Lyapunov_test_dso-fn_d_all_l_01_log.txt
SpawnPoolWorker-1219| 2026-06-22 06:01:09,833,833 multiprocessing INFO See log at : ./logs/all_Lyapunov_test_dso-fn_d_all_l_01_log.txt
SpawnPoolWorker-1219| 2026-06-22 06:01:09,834,834 multiprocessing INFO child process calling self.run()
SpawnPoolWorker-1219| 2026-06-22 06:08:59,529,529 multiprocessing INFO process shutting down
SpawnPoolWorker-1215| 2026-06-22 06:08:59,529,529 multiprocessing INFO process shutting down
SpawnPoolWorker-1203| 2026-06-22 06:08:59,529,529 multiprocessing INFO process shutting down
SpawnPoolWorker-1221| 2026-06-22 06:08:59,529,529 multiprocessing INFO process shutting down
SpawnPoolWorker-1222| 2026-06-22 06:08:59,529,529 multiprocessing INFO process shutting down
SpawnPoolWorker-1213| 2026-06-22 06:08:59,530,530 multiprocessing INFO process shutting down
SpawnPoolWorker-1205| 2026-06-22 06:08:59,529,529 multiprocessing INFO process shutting down
SpawnPoolWorker-1209| 2026-06-22 06:08:59,530,530 multiprocessing INFO process shutting down
SpawnPoolWorker-1216| 2026-06-22 06:08:59,529,529 multiprocessing INFO process shutting down
SpawnPoolWorker-1220| 2026-06-22 06:08:59,529,529 multiprocessing INFO process shutting down
SpawnPoolWorker-1207| 2026-06-22 06:08:59,530,530 multiprocessing INFO process shutting down
SpawnPoolWorker-1208| 2026-06-22 06:08:59,529,529 multiprocessing INFO process shutting down
SpawnPoolWorker-1223| 2026-06-22 06:08:59,529,529 multiprocessing INFO process shutting down
SpawnPoolWorker-1218| 2026-06-22 06:08:59,529,529 multiprocessing INFO process shutting down
SpawnPoolWorker-1206| 2026-06-22 06:08:59,529,529 multiprocessing INFO process shutting down
SpawnPoolWorker-1217| 2026-06-22 06:08:59,529,529 multiprocessing INFO process shutting down
SpawnPoolWorker-1204| 2026-06-22 06:08:59,530,530 multiprocessing INFO process shutting down
SpawnPoolWorker-1210| 2026-06-22 06:08:59,530,530 multiprocessing INFO process shutting down
SpawnPoolWorker-1215| 2026-06-22 06:08:59,530,530 multiprocessing INFO process exiting with exitcode 0
SpawnPoolWorker-1213| 2026-06-22 06:08:59,530,530 multiprocessing INFO process exiting with exitcode 0
SpawnPoolWorker-1222| 2026-06-22 06:08:59,530,530 multiprocessing INFO process exiting with exitcode 0
SpawnPoolWorker-1216| 2026-06-22 06:08:59,530,530 multiprocessing INFO process exiting with exitcode 0
SpawnPoolWorker-1221| 2026-06-22 06:08:59,531,531 multiprocessing INFO process exiting with exitcode 0
SpawnPoolWorker-1219| 2026-06-22 06:08:59,531,531 multiprocessing INFO process exiting with exitcode 0
SpawnPoolWorker-1224| 2026-06-22 06:08:59,530,530 multiprocessing INFO process shutting down
28
(100000, 9)
(100000,)
(100000, 9)
(100000,)

=======================Successfully Added (6674, 9) Counter Examples=======================


============None of the candidates fulfill the conditions. Training CONTINUES!=================

MainProcess| 2026-06-22 06:09:05,865,865 multiprocessing INFO 
============None of the candidates fulfill the conditions. Training CONTINUES!=================


============None of the candidates fulfill the conditions. Training CONTINUES!=================

(550, 171)
/users/9/chen8596/miniconda3/envs/alfd/lib/python3.9/site-packages/torch/nn/functional.py:4999: UserWarning: Support for mismatched key_padding_mask and attn_mask is deprecated. Use same type for both instead.
  warnings.warn(

==============Start Supervised Learning==============

MainProcess| 2026-06-22 06:09:18,375,375 multiprocessing INFO GP output mean: 0.999999657985844
GP output mean: 0.999999657985844
MainProcess| 2026-06-22 06:09:18,865,865 multiprocessing INFO GP output success rate: 0.0
GP output success rate: 0.0

==============End Supervised Learning==============

/users/9/chen8596/LyaDis/repro/runs/syn9d/utils/train.py:971: RuntimeWarning: divide by zero encountered in divide
  error = np.abs(((y_hat - y) / y))
/users/9/chen8596/.local/lib/python3.9/site-packages/scipy/stats/_stats_py.py:4424: ConstantInputWarning: An input array is constant; the correlation coefficient is not defined.
  warnings.warn(stats.ConstantInputWarning(msg))
MainProcess| 2026-06-22 06:09:21,117,117 multiprocessing INFO [Test epoch=0036]  nevals=495556 	| train_loss=8417.77148 	| eqs_invalid %=0.00 	| r_best=0.98690 	| quantile=0.00000 	| r_quantile_mean=0.08644 	| r_raw_sum=47.54254 	|  r_raw_mean=0.88042 	| r2=nan 	| acc_iid=0.00000 	| acc_ood=0.00000 	| nmse_test=2.4131483305701776e-09 	| true_equation_set_count=0 	| s/it=666.64258
[Test epoch=0036]  nevals=495556 	| train_loss=8417.77148 	| eqs_invalid %=0.00 	| r_best=0.98690 	| quantile=0.00000 	| r_quantile_mean=0.08644 	| r_raw_sum=47.54254 	|  r_raw_mean=0.88042 	| r2=nan 	| acc_iid=0.00000 	| acc_ood=0.00000 	| nmse_test=2.4131483305701776e-09 	| true_equation_set_count=0 	| s/it=666.64258
MainProcess| 2026-06-22 06:09:21,118,118 multiprocessing INFO [00:06:46:45.81] Training epoch 36/4000, current best R: 0.9869
[00:06:46:45.81] Training epoch 36/4000, current best R: 0.9869
MainProcess| 2026-06-22 06:09:21,118,118 multiprocessing INFO 
	** New best

	** New best
MainProcess| 2026-06-22 06:09:21,118,118 multiprocessing INFO 	Reward: 0.986895002296666
	Reward: 0.986895002296666
MainProcess| 2026-06-22 06:09:21,118,118 multiprocessing INFO 	Count Off-policy: 1
	Count Off-policy: 1
MainProcess| 2026-06-22 06:09:21,118,118 multiprocessing INFO 	Count On-policy: 0
	Count On-policy: 0
MainProcess| 2026-06-22 06:09:21,118,118 multiprocessing INFO 	Originally on Policy: False
	Originally on Policy: False
MainProcess| 2026-06-22 06:09:21,118,118 multiprocessing INFO 	Invalid: False
	Invalid: False
MainProcess| 2026-06-22 06:09:21,118,118 multiprocessing INFO 	Traversal: add,add,add,add,add,n2,x8,add,add,n2,add,add,x2,add,x4,x4,x1,n2,x3,n2,x5,n2,x6,n2,x2,n2,x9,n2,x7
	Traversal: add,add,add,add,add,n2,x8,add,add,n2,add,add,x2,add,x4,x4,x1,n2,x3,n2,x5,n2,x6,n2,x2,n2,x9,n2,x7
MainProcess| 2026-06-22 06:09:21,118,118 multiprocessing INFO 	Expression:
	Expression:
MainProcess| 2026-06-22 06:09:21,120,120 multiprocessing INFO 
	    2     2     2     2     2     2     2                   2
	  x₂  + x₃  + x₅  + x₆  + x₇  + x₈  + x₉  + (x₁ + x₂ + 2⋅x₄) 


	    2     2     2     2     2     2     2                   2
	  x₂  + x₃  + x₅  + x₆  + x₇  + x₈  + x₉  + (x₁ + x₂ + 2⋅x₄) 

MainProcess| 2026-06-22 06:11:59,976,976 multiprocessing INFO Genetic Porgramming Runtime 157.6386278369464
Genetic Porgramming Runtime 157.6386278369464

=========================PGD Collection Starts=========================

SpawnPoolWorker-1226| 2026-06-22 06:12:06,037,37 multiprocessing INFO STARTING NEW RUN ==========
SpawnPoolWorker-1226| 2026-06-22 06:12:06,037,37 multiprocessing INFO SEE LOG AT : ./logs/all_Lyapunov_test_dso-fn_d_all_l_01_log.txt
SpawnPoolWorker-1226| 2026-06-22 06:12:06,037,37 multiprocessing INFO See log at : ./logs/all_Lyapunov_test_dso-fn_d_all_l_01_log.txt
SpawnPoolWorker-1226| 2026-06-22 06:12:06,040,40 multiprocessing INFO child process calling self.run()
SpawnPoolWorker-1225| 2026-06-22 06:12:06,067,67 multiprocessing INFO STARTING NEW RUN ==========
SpawnPoolWorker-1234| 2026-06-22 06:12:06,067,67 multiprocessing INFO STARTING NEW RUN ==========
SpawnPoolWorker-1228| 2026-06-22 06:12:06,068,68 multiprocessing INFO STARTING NEW RUN ==========
SpawnPoolWorker-1230| 2026-06-22 06:12:06,068,68 multiprocessing INFO STARTING NEW RUN ==========
SpawnPoolWorker-1227| 2026-06-22 06:12:06,068,68 multiprocessing INFO STARTING NEW RUN ==========
SpawnPoolWorker-1233| 2026-06-22 06:12:06,068,68 multiprocessing INFO STARTING NEW RUN ==========
SpawnPoolWorker-1229| 2026-06-22 06:12:06,068,68 multiprocessing INFO STARTING NEW RUN ==========
SpawnPoolWorker-1232| 2026-06-22 06:12:06,068,68 multiprocessing INFO STARTING NEW RUN ==========
SpawnPoolWorker-1229| 2026-06-22 06:12:06,068,68 multiprocessing INFO SEE LOG AT : ./logs/all_Lyapunov_test_dso-fn_d_all_l_01_log.txt
SpawnPoolWorker-1225| 2026-06-22 06:12:06,068,68 multiprocessing INFO SEE LOG AT : ./logs/all_Lyapunov_test_dso-fn_d_all_l_01_log.txt
SpawnPoolWorker-1232| 2026-06-22 06:12:06,068,68 multiprocessing INFO SEE LOG AT : ./logs/all_Lyapunov_test_dso-fn_d_all_l_01_log.txt
SpawnPoolWorker-1229| 2026-06-22 06:12:06,068,68 multiprocessing INFO See log at : ./logs/all_Lyapunov_test_dso-fn_d_all_l_01_log.txt
SpawnPoolWorker-1225| 2026-06-22 06:12:06,068,68 multiprocessing INFO See log at : ./logs/all_Lyapunov_test_dso-fn_d_all_l_01_log.txt
SpawnPoolWorker-1232| 2026-06-22 06:12:06,068,68 multiprocessing INFO See log at : ./logs/all_Lyapunov_test_dso-fn_d_all_l_01_log.txt
SpawnPoolWorker-1234| 2026-06-22 06:12:06,068,68 multiprocessing INFO SEE LOG AT : ./logs/all_Lyapunov_test_dso-fn_d_all_l_01_log.txt
SpawnPoolWorker-1228| 2026-06-22 06:12:06,068,68 multiprocessing INFO SEE LOG AT : ./logs/all_Lyapunov_test_dso-fn_d_all_l_01_log.txt
SpawnPoolWorker-1230| 2026-06-22 06:12:06,068,68 multiprocessing INFO SEE LOG AT : ./logs/all_Lyapunov_test_dso-fn_d_all_l_01_log.txt
SpawnPoolWorker-1231| 2026-06-22 06:12:06,068,68 multiprocessing INFO STARTING NEW RUN ==========
SpawnPoolWorker-1234| 2026-06-22 06:12:06,068,68 multiprocessing INFO See log at : ./logs/all_Lyapunov_test_dso-fn_d_all_l_01_log.txt
SpawnPoolWorker-1228| 2026-06-22 06:12:06,068,68 multiprocessing INFO See log at : ./logs/all_Lyapunov_test_dso-fn_d_all_l_01_log.txt
SpawnPoolWorker-1230| 2026-06-22 06:12:06,068,68 multiprocessing INFO See log at : ./logs/all_Lyapunov_test_dso-fn_d_all_l_01_log.txt
SpawnPoolWorker-1231| 2026-06-22 06:12:06,068,68 multiprocessing INFO SEE LOG AT : ./logs/all_Lyapunov_test_dso-fn_d_all_l_01_log.txt
SpawnPoolWorker-1231| 2026-06-22 06:12:06,068,68 multiprocessing INFO See log at : ./logs/all_Lyapunov_test_dso-fn_d_all_l_01_log.txt
SpawnPoolWorker-1227| 2026-06-22 06:12:06,068,68 multiprocessing INFO SEE LOG AT : ./logs/all_Lyapunov_test_dso-fn_d_all_l_01_log.txt
SpawnPoolWorker-1233| 2026-06-22 06:12:06,068,68 multiprocessing INFO SEE LOG AT : ./logs/all_Lyapunov_test_dso-fn_d_all_l_01_log.txt
SpawnPoolWorker-1227| 2026-06-22 06:12:06,068,68 multiprocessing INFO See log at : ./logs/all_Lyapunov_test_dso-fn_d_all_l_01_log.txt
SpawnPoolWorker-1233| 2026-06-22 06:12:06,068,68 multiprocessing INFO See log at : ./logs/all_Lyapunov_test_dso-fn_d_all_l_01_log.txt
SpawnPoolWorker-1230| 2026-06-22 06:12:06,069,69 multiprocessing INFO child process calling self.run()
SpawnPoolWorker-1229| 2026-06-22 06:12:06,069,69 multiprocessing INFO child process calling self.run()
SpawnPoolWorker-1225| 2026-06-22 06:12:06,069,69 multiprocessing INFO child process calling self.run()
SpawnPoolWorker-1228| 2026-06-22 06:12:06,069,69 multiprocessing INFO child process calling self.run()
SpawnPoolWorker-1234| 2026-06-22 06:12:06,069,69 multiprocessing INFO child process calling self.run()
SpawnPoolWorker-1227| 2026-06-22 06:12:06,070,70 multiprocessing INFO child process calling self.run()
SpawnPoolWorker-1231| 2026-06-22 06:12:06,070,70 multiprocessing INFO child process calling self.run()
SpawnPoolWorker-1233| 2026-06-22 06:12:06,070,70 multiprocessing INFO child process calling self.run()
SpawnPoolWorker-1232| 2026-06-22 06:12:06,070,70 multiprocessing INFO child process calling self.run()
SpawnPoolWorker-1226| 2026-06-22 06:12:21,887,887 multiprocessing INFO process shutting down
SpawnPoolWorker-1225| 2026-06-22 06:12:21,887,887 multiprocessing INFO process shutting down
SpawnPoolWorker-1226| 2026-06-22 06:12:21,887,887 multiprocessing INFO process exiting with exitcode 0
SpawnPoolWorker-1225| 2026-06-22 06:12:21,887,887 multiprocessing INFO process exiting with exitcode 0
SpawnPoolWorker-1231| 2026-06-22 06:12:21,887,887 multiprocessing INFO process shutting down
SpawnPoolWorker-1227| 2026-06-22 06:12:21,888,888 multiprocessing INFO process shutting down
SpawnPoolWorker-1233| 2026-06-22 06:12:21,888,888 multiprocessing INFO process shutting down
SpawnPoolWorker-1229| 2026-06-22 06:12:21,888,888 multiprocessing INFO process shutting down
SpawnPoolWorker-1228| 2026-06-22 06:12:21,888,888 multiprocessing INFO process shutting down
SpawnPoolWorker-1234| 2026-06-22 06:12:21,888,888 multiprocessing INFO process shutting down
SpawnPoolWorker-1232| 2026-06-22 06:12:21,888,888 multiprocessing INFO process shutting down
(20000,)

===================Collect 20000 Examples===================

Epsilon 0.1
500
(550,)
(550,)
(550,)
Number of Programs for Minimization: 29
SpawnPoolWorker-1235| 2026-06-22 06:12:37,342,342 multiprocessing INFO STARTING NEW RUN ==========
SpawnPoolWorker-1235| 2026-06-22 06:12:37,343,343 multiprocessing INFO SEE LOG AT : ./logs/all_Lyapunov_test_dso-fn_d_all_l_01_log.txt
SpawnPoolWorker-1235| 2026-06-22 06:12:37,343,343 multiprocessing INFO See log at : ./logs/all_Lyapunov_test_dso-fn_d_all_l_01_log.txt
SpawnPoolWorker-1235| 2026-06-22 06:12:37,348,348 multiprocessing INFO child process calling self.run()
SpawnPoolWorker-1240| 2026-06-22 06:12:37,554,554 multiprocessing INFO STARTING NEW RUN ==========
SpawnPoolWorker-1240| 2026-06-22 06:12:37,554,554 multiprocessing INFO SEE LOG AT : ./logs/all_Lyapunov_test_dso-fn_d_all_l_01_log.txt
SpawnPoolWorker-1240| 2026-06-22 06:12:37,554,554 multiprocessing INFO See log at : ./logs/all_Lyapunov_test_dso-fn_d_all_l_01_log.txt
SpawnPoolWorker-1240| 2026-06-22 06:12:37,556,556 multiprocessing INFO child process calling self.run()
SpawnPoolWorker-1237| 2026-06-22 06:12:37,658,658 multiprocessing INFO STARTING NEW RUN ==========
SpawnPoolWorker-1237| 2026-06-22 06:12:37,658,658 multiprocessing INFO SEE LOG AT : ./logs/all_Lyapunov_test_dso-fn_d_all_l_01_log.txt
SpawnPoolWorker-1237| 2026-06-22 06:12:37,658,658 multiprocessing INFO See log at : ./logs/all_Lyapunov_test_dso-fn_d_all_l_01_log.txt
SpawnPoolWorker-1237| 2026-06-22 06:12:37,662,662 multiprocessing INFO child process calling self.run()
SpawnPoolWorker-1246| 2026-06-22 06:12:37,840,840 multiprocessing INFO STARTING NEW RUN ==========
SpawnPoolWorker-1246| 2026-06-22 06:12:37,840,840 multiprocessing INFO SEE LOG AT : ./logs/all_Lyapunov_test_dso-fn_d_all_l_01_log.txt
SpawnPoolWorker-1246| 2026-06-22 06:12:37,840,840 multiprocessing INFO See log at : ./logs/all_Lyapunov_test_dso-fn_d_all_l_01_log.txt
SpawnPoolWorker-1246| 2026-06-22 06:12:37,842,842 multiprocessing INFO child process calling self.run()
SpawnPoolWorker-1236| 2026-06-22 06:12:37,860,860 multiprocessing INFO STARTING NEW RUN ==========
SpawnPoolWorker-1236| 2026-06-22 06:12:37,860,860 multiprocessing INFO SEE LOG AT : ./logs/all_Lyapunov_test_dso-fn_d_all_l_01_log.txt
SpawnPoolWorker-1236| 2026-06-22 06:12:37,861,861 multiprocessing INFO See log at : ./logs/all_Lyapunov_test_dso-fn_d_all_l_01_log.txt
SpawnPoolWorker-1236| 2026-06-22 06:12:37,864,864 multiprocessing INFO child process calling self.run()
SpawnPoolWorker-1243| 2026-06-22 06:12:37,888,888 multiprocessing INFO STARTING NEW RUN ==========
SpawnPoolWorker-1243| 2026-06-22 06:12:37,888,888 multiprocessing INFO SEE LOG AT : ./logs/all_Lyapunov_test_dso-fn_d_all_l_01_log.txt
SpawnPoolWorker-1243| 2026-06-22 06:12:37,888,888 multiprocessing INFO See log at : ./logs/all_Lyapunov_test_dso-fn_d_all_l_01_log.txt
SpawnPoolWorker-1243| 2026-06-22 06:12:37,890,890 multiprocessing INFO child process calling self.run()
SpawnPoolWorker-1242| 2026-06-22 06:12:38,019,19 multiprocessing INFO STARTING NEW RUN ==========
SpawnPoolWorker-1242| 2026-06-22 06:12:38,020,20 multiprocessing INFO SEE LOG AT : ./logs/all_Lyapunov_test_dso-fn_d_all_l_01_log.txt
SpawnPoolWorker-1242| 2026-06-22 06:12:38,020,20 multiprocessing INFO See log at : ./logs/all_Lyapunov_test_dso-fn_d_all_l_01_log.txt
SpawnPoolWorker-1242| 2026-06-22 06:12:38,028,28 multiprocessing INFO child process calling self.run()
SpawnPoolWorker-1249| 2026-06-22 06:12:38,055,55 multiprocessing INFO STARTING NEW RUN ==========
SpawnPoolWorker-1249| 2026-06-22 06:12:38,055,55 multiprocessing INFO SEE LOG AT : ./logs/all_Lyapunov_test_dso-fn_d_all_l_01_log.txt
SpawnPoolWorker-1249| 2026-06-22 06:12:38,055,55 multiprocessing INFO See log at : ./logs/all_Lyapunov_test_dso-fn_d_all_l_01_log.txt
SpawnPoolWorker-1249| 2026-06-22 06:12:38,060,60 multiprocessing INFO child process calling self.run()
SpawnPoolWorker-1241| 2026-06-22 06:12:38,108,108 multiprocessing INFO STARTING NEW RUN ==========
SpawnPoolWorker-1241| 2026-06-22 06:12:38,108,108 multiprocessing INFO SEE LOG AT : ./logs/all_Lyapunov_test_dso-fn_d_all_l_01_log.txt
SpawnPoolWorker-1241| 2026-06-22 06:12:38,108,108 multiprocessing INFO See log at : ./logs/all_Lyapunov_test_dso-fn_d_all_l_01_log.txt
SpawnPoolWorker-1241| 2026-06-22 06:12:38,111,111 multiprocessing INFO child process calling self.run()
SpawnPoolWorker-1253| 2026-06-22 06:12:38,483,483 multiprocessing INFO STARTING NEW RUN ==========
SpawnPoolWorker-1253| 2026-06-22 06:12:38,483,483 multiprocessing INFO SEE LOG AT : ./logs/all_Lyapunov_test_dso-fn_d_all_l_01_log.txt
SpawnPoolWorker-1253| 2026-06-22 06:12:38,483,483 multiprocessing INFO See log at : ./logs/all_Lyapunov_test_dso-fn_d_all_l_01_log.txt
SpawnPoolWorker-1253| 2026-06-22 06:12:38,485,485 multiprocessing INFO child process calling self.run()
SpawnPoolWorker-1256| 2026-06-22 06:12:38,519,519 multiprocessing INFO STARTING NEW RUN ==========
SpawnPoolWorker-1256| 2026-06-22 06:12:38,519,519 multiprocessing INFO SEE LOG AT : ./logs/all_Lyapunov_test_dso-fn_d_all_l_01_log.txt
SpawnPoolWorker-1256| 2026-06-22 06:12:38,519,519 multiprocessing INFO See log at : ./logs/all_Lyapunov_test_dso-fn_d_all_l_01_log.txt
SpawnPoolWorker-1256| 2026-06-22 06:12:38,523,523 multiprocessing INFO child process calling self.run()
SpawnPoolWorker-1254| 2026-06-22 06:12:38,608,608 multiprocessing INFO STARTING NEW RUN ==========
SpawnPoolWorker-1254| 2026-06-22 06:12:38,608,608 multiprocessing INFO SEE LOG AT : ./logs/all_Lyapunov_test_dso-fn_d_all_l_01_log.txt
SpawnPoolWorker-1254| 2026-06-22 06:12:38,608,608 multiprocessing INFO See log at : ./logs/all_Lyapunov_test_dso-fn_d_all_l_01_log.txt
SpawnPoolWorker-1254| 2026-06-22 06:12:38,610,610 multiprocessing INFO child process calling self.run()
SpawnPoolWorker-1239| 2026-06-22 06:12:38,734,734 multiprocessing INFO STARTING NEW RUN ==========
SpawnPoolWorker-1239| 2026-06-22 06:12:38,734,734 multiprocessing INFO SEE LOG AT : ./logs/all_Lyapunov_test_dso-fn_d_all_l_01_log.txt
SpawnPoolWorker-1239| 2026-06-22 06:12:38,734,734 multiprocessing INFO See log at : ./logs/all_Lyapunov_test_dso-fn_d_all_l_01_log.txt
SpawnPoolWorker-1239| 2026-06-22 06:12:38,739,739 multiprocessing INFO child process calling self.run()
SpawnPoolWorker-1257| 2026-06-22 06:12:38,906,906 multiprocessing INFO STARTING NEW RUN ==========
SpawnPoolWorker-1257| 2026-06-22 06:12:38,906,906 multiprocessing INFO SEE LOG AT : ./logs/all_Lyapunov_test_dso-fn_d_all_l_01_log.txt
SpawnPoolWorker-1257| 2026-06-22 06:12:38,906,906 multiprocessing INFO See log at : ./logs/all_Lyapunov_test_dso-fn_d_all_l_01_log.txt
SpawnPoolWorker-1257| 2026-06-22 06:12:38,912,912 multiprocessing INFO child process calling self.run()
SpawnPoolWorker-1258| 2026-06-22 06:12:38,961,961 multiprocessing INFO STARTING NEW RUN ==========
SpawnPoolWorker-1258| 2026-06-22 06:12:38,961,961 multiprocessing INFO SEE LOG AT : ./logs/all_Lyapunov_test_dso-fn_d_all_l_01_log.txt
SpawnPoolWorker-1258| 2026-06-22 06:12:38,963,963 multiprocessing INFO See log at : ./logs/all_Lyapunov_test_dso-fn_d_all_l_01_log.txt
SpawnPoolWorker-1258| 2026-06-22 06:12:38,967,967 multiprocessing INFO child process calling self.run()
SpawnPoolWorker-1255| 2026-06-22 06:12:38,980,980 multiprocessing INFO STARTING NEW RUN ==========
SpawnPoolWorker-1255| 2026-06-22 06:12:38,980,980 multiprocessing INFO SEE LOG AT : ./logs/all_Lyapunov_test_dso-fn_d_all_l_01_log.txt
SpawnPoolWorker-1255| 2026-06-22 06:12:38,980,980 multiprocessing INFO See log at : ./logs/all_Lyapunov_test_dso-fn_d_all_l_01_log.txt
SpawnPoolWorker-1248| 2026-06-22 06:12:38,984,984 multiprocessing INFO STARTING NEW RUN ==========
SpawnPoolWorker-1248| 2026-06-22 06:12:38,984,984 multiprocessing INFO SEE LOG AT : ./logs/all_Lyapunov_test_dso-fn_d_all_l_01_log.txt
SpawnPoolWorker-1248| 2026-06-22 06:12:38,984,984 multiprocessing INFO See log at : ./logs/all_Lyapunov_test_dso-fn_d_all_l_01_log.txt
SpawnPoolWorker-1248| 2026-06-22 06:12:38,988,988 multiprocessing INFO child process calling self.run()
SpawnPoolWorker-1255| 2026-06-22 06:12:38,990,990 multiprocessing INFO child process calling self.run()
SpawnPoolWorker-1252| 2026-06-22 06:12:39,006,6 multiprocessing INFO STARTING NEW RUN ==========
SpawnPoolWorker-1252| 2026-06-22 06:12:39,006,6 multiprocessing INFO SEE LOG AT : ./logs/all_Lyapunov_test_dso-fn_d_all_l_01_log.txt
SpawnPoolWorker-1252| 2026-06-22 06:12:39,006,6 multiprocessing INFO See log at : ./logs/all_Lyapunov_test_dso-fn_d_all_l_01_log.txt
SpawnPoolWorker-1252| 2026-06-22 06:12:39,007,7 multiprocessing INFO child process calling self.run()
SpawnPoolWorker-1238| 2026-06-22 06:12:39,071,71 multiprocessing INFO STARTING NEW RUN ==========
SpawnPoolWorker-1238| 2026-06-22 06:12:39,071,71 multiprocessing INFO SEE LOG AT : ./logs/all_Lyapunov_test_dso-fn_d_all_l_01_log.txt
SpawnPoolWorker-1238| 2026-06-22 06:12:39,071,71 multiprocessing INFO See log at : ./logs/all_Lyapunov_test_dso-fn_d_all_l_01_log.txt
SpawnPoolWorker-1238| 2026-06-22 06:12:39,073,73 multiprocessing INFO child process calling self.run()
SpawnPoolWorker-1245| 2026-06-22 06:12:39,090,90 multiprocessing INFO STARTING NEW RUN ==========
SpawnPoolWorker-1245| 2026-06-22 06:12:39,090,90 multiprocessing INFO SEE LOG AT : ./logs/all_Lyapunov_test_dso-fn_d_all_l_01_log.txt
SpawnPoolWorker-1245| 2026-06-22 06:12:39,090,90 multiprocessing INFO See log at : ./logs/all_Lyapunov_test_dso-fn_d_all_l_01_log.txt
SpawnPoolWorker-1245| 2026-06-22 06:12:39,097,97 multiprocessing INFO child process calling self.run()
SpawnPoolWorker-1247| 2026-06-22 06:12:39,482,482 multiprocessing INFO STARTING NEW RUN ==========
SpawnPoolWorker-1247| 2026-06-22 06:12:39,482,482 multiprocessing INFO SEE LOG AT : ./logs/all_Lyapunov_test_dso-fn_d_all_l_01_log.txt
SpawnPoolWorker-1247| 2026-06-22 06:12:39,482,482 multiprocessing INFO See log at : ./logs/all_Lyapunov_test_dso-fn_d_all_l_01_log.txt
SpawnPoolWorker-1247| 2026-06-22 06:12:39,486,486 multiprocessing INFO child process calling self.run()
SpawnPoolWorker-1251| 2026-06-22 06:12:39,511,511 multiprocessing INFO STARTING NEW RUN ==========
SpawnPoolWorker-1251| 2026-06-22 06:12:39,511,511 multiprocessing INFO SEE LOG AT : ./logs/all_Lyapunov_test_dso-fn_d_all_l_01_log.txt
SpawnPoolWorker-1251| 2026-06-22 06:12:39,511,511 multiprocessing INFO See log at : ./logs/all_Lyapunov_test_dso-fn_d_all_l_01_log.txt
SpawnPoolWorker-1251| 2026-06-22 06:12:39,512,512 multiprocessing INFO child process calling self.run()
SpawnPoolWorker-1244| 2026-06-22 06:12:39,866,866 multiprocessing INFO STARTING NEW RUN ==========
SpawnPoolWorker-1244| 2026-06-22 06:12:39,866,866 multiprocessing INFO SEE LOG AT : ./logs/all_Lyapunov_test_dso-fn_d_all_l_01_log.txt
SpawnPoolWorker-1244| 2026-06-22 06:12:39,866,866 multiprocessing INFO See log at : ./logs/all_Lyapunov_test_dso-fn_d_all_l_01_log.txt
SpawnPoolWorker-1244| 2026-06-22 06:12:39,868,868 multiprocessing INFO child process calling self.run()
SpawnPoolWorker-1250| 2026-06-22 06:12:40,282,282 multiprocessing INFO STARTING NEW RUN ==========
SpawnPoolWorker-1250| 2026-06-22 06:12:40,282,282 multiprocessing INFO SEE LOG AT : ./logs/all_Lyapunov_test_dso-fn_d_all_l_01_log.txt
SpawnPoolWorker-1250| 2026-06-22 06:12:40,282,282 multiprocessing INFO See log at : ./logs/all_Lyapunov_test_dso-fn_d_all_l_01_log.txt
SpawnPoolWorker-1250| 2026-06-22 06:12:40,283,283 multiprocessing INFO child process calling self.run()
SpawnPoolWorker-1242| 2026-06-22 06:20:29,285,285 multiprocessing INFO process shutting down
SpawnPoolWorker-1247| 2026-06-22 06:20:29,286,286 multiprocessing INFO process shutting down
SpawnPoolWorker-1252| 2026-06-22 06:20:29,286,286 multiprocessing INFO process shutting down
SpawnPoolWorker-1257| 2026-06-22 06:20:29,286,286 multiprocessing INFO process shutting down
SpawnPoolWorker-1248| 2026-06-22 06:20:29,286,286 multiprocessing INFO process shutting down
SpawnPoolWorker-1237| 2026-06-22 06:20:29,286,286 multiprocessing INFO process shutting down
SpawnPoolWorker-1246| 2026-06-22 06:20:29,287,287 multiprocessing INFO process shutting down
SpawnPoolWorker-1241| 2026-06-22 06:20:29,287,287 multiprocessing INFO process shutting down
SpawnPoolWorker-1239| 2026-06-22 06:20:29,286,286 multiprocessing INFO process shutting down
SpawnPoolWorker-1256| 2026-06-22 06:20:29,286,286 multiprocessing INFO process shutting down
SpawnPoolWorker-1238| 2026-06-22 06:20:29,286,286 multiprocessing INFO process shutting down
SpawnPoolWorker-1245| 2026-06-22 06:20:29,286,286 multiprocessing INFO process shutting down
SpawnPoolWorker-1255| 2026-06-22 06:20:29,286,286 multiprocessing INFO process shutting down
SpawnPoolWorker-1236| 2026-06-22 06:20:29,286,286 multiprocessing INFO process shutting down
SpawnPoolWorker-1254| 2026-06-22 06:20:29,287,287 multiprocessing INFO process shutting down
SpawnPoolWorker-1245| 2026-06-22 06:20:29,287,287 multiprocessing INFO process exiting with exitcode 0
SpawnPoolWorker-1247| 2026-06-22 06:20:29,287,287 multiprocessing INFO process exiting with exitcode 0
SpawnPoolWorker-1255| 2026-06-22 06:20:29,287,287 multiprocessing INFO process exiting with exitcode 0
SpawnPoolWorker-1248| 2026-06-22 06:20:29,287,287 multiprocessing INFO process exiting with exitcode 0
SpawnPoolWorker-1256| 2026-06-22 06:20:29,287,287 multiprocessing INFO process exiting with exitcode 0
SpawnPoolWorker-1258| 2026-06-22 06:20:29,287,287 multiprocessing INFO process shutting down
SpawnPoolWorker-1253| 2026-06-22 06:20:29,286,286 multiprocessing INFO process shutting down
29
(100000, 9)
(100000,)
(100000, 9)
(100000,)

=======================Successfully Added (22372, 9) Counter Examples=======================


============None of the candidates fulfill the conditions. Training CONTINUES!=================

MainProcess| 2026-06-22 06:20:35,438,438 multiprocessing INFO 
============None of the candidates fulfill the conditions. Training CONTINUES!=================


============None of the candidates fulfill the conditions. Training CONTINUES!=================

(550, 171)
/users/9/chen8596/miniconda3/envs/alfd/lib/python3.9/site-packages/torch/nn/functional.py:4999: UserWarning: Support for mismatched key_padding_mask and attn_mask is deprecated. Use same type for both instead.
  warnings.warn(

==============Start Supervised Learning==============

MainProcess| 2026-06-22 06:20:44,304,304 multiprocessing INFO GP output mean: 0.9999999711991879
GP output mean: 0.9999999711991879
MainProcess| 2026-06-22 06:20:44,872,872 multiprocessing INFO GP output success rate: 0.0
GP output success rate: 0.0

==============End Supervised Learning==============

MainProcess| 2026-06-22 06:20:46,974,974 multiprocessing INFO [Test epoch=0037]  nevals=509352 	| train_loss=6259.87793 	| eqs_invalid %=0.00 	| r_best=0.98690 	| quantile=0.00000 	| r_quantile_mean=0.08922 	| r_raw_sum=49.07271 	|  r_raw_mean=0.92590 	| r2=nan 	| acc_iid=0.00000 	| acc_ood=0.00000 	| nmse_test=2.4131483305701776e-09 	| true_equation_set_count=0 	| s/it=685.85411
[Test epoch=0037]  nevals=509352 	| train_loss=6259.87793 	| eqs_invalid %=0.00 	| r_best=0.98690 	| quantile=0.00000 	| r_quantile_mean=0.08922 	| r_raw_sum=49.07271 	|  r_raw_mean=0.92590 	| r2=nan 	| acc_iid=0.00000 	| acc_ood=0.00000 	| nmse_test=2.4131483305701776e-09 	| true_equation_set_count=0 	| s/it=685.85411
MainProcess| 2026-06-22 06:22:47,458,458 multiprocessing INFO Genetic Porgramming Runtime 119.25803960999474
Genetic Porgramming Runtime 119.25803960999474

=========================PGD Collection Starts=========================

SpawnPoolWorker-1267| 2026-06-22 06:22:52,608,608 multiprocessing INFO STARTING NEW RUN ==========
SpawnPoolWorker-1267| 2026-06-22 06:22:52,609,609 multiprocessing INFO SEE LOG AT : ./logs/all_Lyapunov_test_dso-fn_d_all_l_01_log.txt
SpawnPoolWorker-1267| 2026-06-22 06:22:52,609,609 multiprocessing INFO See log at : ./logs/all_Lyapunov_test_dso-fn_d_all_l_01_log.txt
SpawnPoolWorker-1267| 2026-06-22 06:22:52,611,611 multiprocessing INFO child process calling self.run()
SpawnPoolWorker-1261| 2026-06-22 06:22:52,611,611 multiprocessing INFO STARTING NEW RUN ==========
SpawnPoolWorker-1266| 2026-06-22 06:22:52,611,611 multiprocessing INFO STARTING NEW RUN ==========
SpawnPoolWorker-1261| 2026-06-22 06:22:52,612,612 multiprocessing INFO SEE LOG AT : ./logs/all_Lyapunov_test_dso-fn_d_all_l_01_log.txt
SpawnPoolWorker-1261| 2026-06-22 06:22:52,612,612 multiprocessing INFO See log at : ./logs/all_Lyapunov_test_dso-fn_d_all_l_01_log.txt
SpawnPoolWorker-1262| 2026-06-22 06:22:52,612,612 multiprocessing INFO STARTING NEW RUN ==========
SpawnPoolWorker-1268| 2026-06-22 06:22:52,612,612 multiprocessing INFO STARTING NEW RUN ==========
SpawnPoolWorker-1263| 2026-06-22 06:22:52,612,612 multiprocessing INFO STARTING NEW RUN ==========
SpawnPoolWorker-1262| 2026-06-22 06:22:52,612,612 multiprocessing INFO SEE LOG AT : ./logs/all_Lyapunov_test_dso-fn_d_all_l_01_log.txt
SpawnPoolWorker-1268| 2026-06-22 06:22:52,612,612 multiprocessing INFO SEE LOG AT : ./logs/all_Lyapunov_test_dso-fn_d_all_l_01_log.txt
SpawnPoolWorker-1263| 2026-06-22 06:22:52,612,612 multiprocessing INFO SEE LOG AT : ./logs/all_Lyapunov_test_dso-fn_d_all_l_01_log.txt
SpawnPoolWorker-1262| 2026-06-22 06:22:52,612,612 multiprocessing INFO See log at : ./logs/all_Lyapunov_test_dso-fn_d_all_l_01_log.txt
SpawnPoolWorker-1268| 2026-06-22 06:22:52,612,612 multiprocessing INFO See log at : ./logs/all_Lyapunov_test_dso-fn_d_all_l_01_log.txt
SpawnPoolWorker-1263| 2026-06-22 06:22:52,612,612 multiprocessing INFO See log at : ./logs/all_Lyapunov_test_dso-fn_d_all_l_01_log.txt
SpawnPoolWorker-1266| 2026-06-22 06:22:52,612,612 multiprocessing INFO SEE LOG AT : ./logs/all_Lyapunov_test_dso-fn_d_all_l_01_log.txt
SpawnPoolWorker-1266| 2026-06-22 06:22:52,613,613 multiprocessing INFO See log at : ./logs/all_Lyapunov_test_dso-fn_d_all_l_01_log.txt
SpawnPoolWorker-1264| 2026-06-22 06:22:52,614,614 multiprocessing INFO STARTING NEW RUN ==========
SpawnPoolWorker-1264| 2026-06-22 06:22:52,614,614 multiprocessing INFO SEE LOG AT : ./logs/all_Lyapunov_test_dso-fn_d_all_l_01_log.txt
SpawnPoolWorker-1264| 2026-06-22 06:22:52,614,614 multiprocessing INFO See log at : ./logs/all_Lyapunov_test_dso-fn_d_all_l_01_log.txt
SpawnPoolWorker-1261| 2026-06-22 06:22:52,614,614 multiprocessing INFO child process calling self.run()
SpawnPoolWorker-1263| 2026-06-22 06:22:52,614,614 multiprocessing INFO child process calling self.run()
SpawnPoolWorker-1262| 2026-06-22 06:22:52,614,614 multiprocessing INFO child process calling self.run()
SpawnPoolWorker-1268| 2026-06-22 06:22:52,614,614 multiprocessing INFO child process calling self.run()
SpawnPoolWorker-1266| 2026-06-22 06:22:52,615,615 multiprocessing INFO child process calling self.run()
SpawnPoolWorker-1264| 2026-06-22 06:22:52,615,615 multiprocessing INFO child process calling self.run()
SpawnPoolWorker-1260| 2026-06-22 06:22:52,617,617 multiprocessing INFO STARTING NEW RUN ==========
SpawnPoolWorker-1260| 2026-06-22 06:22:52,617,617 multiprocessing INFO SEE LOG AT : ./logs/all_Lyapunov_test_dso-fn_d_all_l_01_log.txt
SpawnPoolWorker-1260| 2026-06-22 06:22:52,617,617 multiprocessing INFO See log at : ./logs/all_Lyapunov_test_dso-fn_d_all_l_01_log.txt
SpawnPoolWorker-1260| 2026-06-22 06:22:52,619,619 multiprocessing INFO child process calling self.run()
SpawnPoolWorker-1259| 2026-06-22 06:22:52,620,620 multiprocessing INFO STARTING NEW RUN ==========
SpawnPoolWorker-1265| 2026-06-22 06:22:52,620,620 multiprocessing INFO STARTING NEW RUN ==========
SpawnPoolWorker-1259| 2026-06-22 06:22:52,620,620 multiprocessing INFO SEE LOG AT : ./logs/all_Lyapunov_test_dso-fn_d_all_l_01_log.txt
SpawnPoolWorker-1265| 2026-06-22 06:22:52,620,620 multiprocessing INFO SEE LOG AT : ./logs/all_Lyapunov_test_dso-fn_d_all_l_01_log.txt
SpawnPoolWorker-1259| 2026-06-22 06:22:52,620,620 multiprocessing INFO See log at : ./logs/all_Lyapunov_test_dso-fn_d_all_l_01_log.txt
SpawnPoolWorker-1265| 2026-06-22 06:22:52,620,620 multiprocessing INFO See log at : ./logs/all_Lyapunov_test_dso-fn_d_all_l_01_log.txt
SpawnPoolWorker-1259| 2026-06-22 06:22:52,622,622 multiprocessing INFO child process calling self.run()
SpawnPoolWorker-1265| 2026-06-22 06:22:52,622,622 multiprocessing INFO child process calling self.run()
SpawnPoolWorker-1264| 2026-06-22 06:23:11,721,721 multiprocessing INFO process shutting down
SpawnPoolWorker-1264| 2026-06-22 06:23:11,722,722 multiprocessing INFO process exiting with exitcode 0
SpawnPoolWorker-1266| 2026-06-22 06:23:11,721,721 multiprocessing INFO process shutting down
SpawnPoolWorker-1267| 2026-06-22 06:23:11,721,721 multiprocessing INFO process shutting down
SpawnPoolWorker-1262| 2026-06-22 06:23:11,721,721 multiprocessing INFO process shutting down
SpawnPoolWorker-1261| 2026-06-22 06:23:11,722,722 multiprocessing INFO process shutting down
SpawnPoolWorker-1266| 2026-06-22 06:23:11,722,722 multiprocessing INFO process exiting with exitcode 0
SpawnPoolWorker-1267| 2026-06-22 06:23:11,722,722 multiprocessing INFO process exiting with exitcode 0
SpawnPoolWorker-1268| 2026-06-22 06:23:11,722,722 multiprocessing INFO process shutting down
SpawnPoolWorker-1262| 2026-06-22 06:23:11,722,722 multiprocessing INFO process exiting with exitcode 0
SpawnPoolWorker-1259| 2026-06-22 06:23:11,722,722 multiprocessing INFO process shutting down
SpawnPoolWorker-1263| 2026-06-22 06:23:11,722,722 multiprocessing INFO process shutting down
SpawnPoolWorker-1261| 2026-06-22 06:23:11,722,722 multiprocessing INFO process exiting with exitcode 0
(20000,)

===================Collect 20000 Examples===================

Epsilon 0.1
500
(550,)
(550,)
(55,)
Number of Programs for Minimization: 28
SpawnPoolWorker-1273| 2026-06-22 06:23:27,644,644 multiprocessing INFO STARTING NEW RUN ==========
SpawnPoolWorker-1273| 2026-06-22 06:23:27,644,644 multiprocessing INFO SEE LOG AT : ./logs/all_Lyapunov_test_dso-fn_d_all_l_01_log.txt
SpawnPoolWorker-1273| 2026-06-22 06:23:27,644,644 multiprocessing INFO See log at : ./logs/all_Lyapunov_test_dso-fn_d_all_l_01_log.txt
SpawnPoolWorker-1273| 2026-06-22 06:23:27,649,649 multiprocessing INFO child process calling self.run()
SpawnPoolWorker-1277| 2026-06-22 06:23:27,876,876 multiprocessing INFO STARTING NEW RUN ==========
SpawnPoolWorker-1277| 2026-06-22 06:23:27,876,876 multiprocessing INFO SEE LOG AT : ./logs/all_Lyapunov_test_dso-fn_d_all_l_01_log.txt
SpawnPoolWorker-1277| 2026-06-22 06:23:27,876,876 multiprocessing INFO See log at : ./logs/all_Lyapunov_test_dso-fn_d_all_l_01_log.txt
SpawnPoolWorker-1277| 2026-06-22 06:23:27,878,878 multiprocessing INFO child process calling self.run()
SpawnPoolWorker-1276| 2026-06-22 06:23:28,309,309 multiprocessing INFO STARTING NEW RUN ==========
SpawnPoolWorker-1276| 2026-06-22 06:23:28,309,309 multiprocessing INFO SEE LOG AT : ./logs/all_Lyapunov_test_dso-fn_d_all_l_01_log.txt
SpawnPoolWorker-1276| 2026-06-22 06:23:28,309,309 multiprocessing INFO See log at : ./logs/all_Lyapunov_test_dso-fn_d_all_l_01_log.txt
SpawnPoolWorker-1276| 2026-06-22 06:23:28,312,312 multiprocessing INFO child process calling self.run()
SpawnPoolWorker-1272| 2026-06-22 06:23:28,677,677 multiprocessing INFO STARTING NEW RUN ==========
SpawnPoolWorker-1272| 2026-06-22 06:23:28,677,677 multiprocessing INFO SEE LOG AT : ./logs/all_Lyapunov_test_dso-fn_d_all_l_01_log.txt
SpawnPoolWorker-1272| 2026-06-22 06:23:28,677,677 multiprocessing INFO See log at : ./logs/all_Lyapunov_test_dso-fn_d_all_l_01_log.txt
SpawnPoolWorker-1272| 2026-06-22 06:23:28,680,680 multiprocessing INFO child process calling self.run()
SpawnPoolWorker-1269| 2026-06-22 06:23:28,727,727 multiprocessing INFO STARTING NEW RUN ==========
SpawnPoolWorker-1269| 2026-06-22 06:23:28,727,727 multiprocessing INFO SEE LOG AT : ./logs/all_Lyapunov_test_dso-fn_d_all_l_01_log.txt
SpawnPoolWorker-1269| 2026-06-22 06:23:28,727,727 multiprocessing INFO See log at : ./logs/all_Lyapunov_test_dso-fn_d_all_l_01_log.txt
SpawnPoolWorker-1269| 2026-06-22 06:23:28,733,733 multiprocessing INFO child process calling self.run()
SpawnPoolWorker-1271| 2026-06-22 06:23:28,752,752 multiprocessing INFO STARTING NEW RUN ==========
SpawnPoolWorker-1271| 2026-06-22 06:23:28,752,752 multiprocessing INFO SEE LOG AT : ./logs/all_Lyapunov_test_dso-fn_d_all_l_01_log.txt
SpawnPoolWorker-1271| 2026-06-22 06:23:28,752,752 multiprocessing INFO See log at : ./logs/all_Lyapunov_test_dso-fn_d_all_l_01_log.txt
SpawnPoolWorker-1271| 2026-06-22 06:23:28,759,759 multiprocessing INFO child process calling self.run()
SpawnPoolWorker-1274| 2026-06-22 06:23:28,984,984 multiprocessing INFO STARTING NEW RUN ==========
SpawnPoolWorker-1274| 2026-06-22 06:23:28,984,984 multiprocessing INFO SEE LOG AT : ./logs/all_Lyapunov_test_dso-fn_d_all_l_01_log.txt
SpawnPoolWorker-1274| 2026-06-22 06:23:28,984,984 multiprocessing INFO See log at : ./logs/all_Lyapunov_test_dso-fn_d_all_l_01_log.txt
SpawnPoolWorker-1274| 2026-06-22 06:23:28,986,986 multiprocessing INFO child process calling self.run()
SpawnPoolWorker-1280| 2026-06-22 06:23:29,127,127 multiprocessing INFO STARTING NEW RUN ==========
SpawnPoolWorker-1280| 2026-06-22 06:23:29,127,127 multiprocessing INFO SEE LOG AT : ./logs/all_Lyapunov_test_dso-fn_d_all_l_01_log.txt
SpawnPoolWorker-1280| 2026-06-22 06:23:29,127,127 multiprocessing INFO See log at : ./logs/all_Lyapunov_test_dso-fn_d_all_l_01_log.txt
SpawnPoolWorker-1280| 2026-06-22 06:23:29,131,131 multiprocessing INFO child process calling self.run()
SpawnPoolWorker-1288| 2026-06-22 06:23:29,163,163 multiprocessing INFO STARTING NEW RUN ==========
SpawnPoolWorker-1288| 2026-06-22 06:23:29,163,163 multiprocessing INFO SEE LOG AT : ./logs/all_Lyapunov_test_dso-fn_d_all_l_01_log.txt
SpawnPoolWorker-1288| 2026-06-22 06:23:29,163,163 multiprocessing INFO See log at : ./logs/all_Lyapunov_test_dso-fn_d_all_l_01_log.txt
SpawnPoolWorker-1288| 2026-06-22 06:23:29,166,166 multiprocessing INFO child process calling self.run()
SpawnPoolWorker-1284| 2026-06-22 06:23:29,301,301 multiprocessing INFO STARTING NEW RUN ==========
SpawnPoolWorker-1284| 2026-06-22 06:23:29,301,301 multiprocessing INFO SEE LOG AT : ./logs/all_Lyapunov_test_dso-fn_d_all_l_01_log.txt
SpawnPoolWorker-1284| 2026-06-22 06:23:29,301,301 multiprocessing INFO See log at : ./logs/all_Lyapunov_test_dso-fn_d_all_l_01_log.txt
SpawnPoolWorker-1284| 2026-06-22 06:23:29,303,303 multiprocessing INFO child process calling self.run()
SpawnPoolWorker-1278| 2026-06-22 06:23:29,342,342 multiprocessing INFO STARTING NEW RUN ==========
SpawnPoolWorker-1278| 2026-06-22 06:23:29,342,342 multiprocessing INFO SEE LOG AT : ./logs/all_Lyapunov_test_dso-fn_d_all_l_01_log.txt
SpawnPoolWorker-1278| 2026-06-22 06:23:29,342,342 multiprocessing INFO See log at : ./logs/all_Lyapunov_test_dso-fn_d_all_l_01_log.txt
SpawnPoolWorker-1278| 2026-06-22 06:23:29,344,344 multiprocessing INFO child process calling self.run()
SpawnPoolWorker-1285| 2026-06-22 06:23:29,455,455 multiprocessing INFO STARTING NEW RUN ==========
SpawnPoolWorker-1285| 2026-06-22 06:23:29,455,455 multiprocessing INFO SEE LOG AT : ./logs/all_Lyapunov_test_dso-fn_d_all_l_01_log.txt
SpawnPoolWorker-1285| 2026-06-22 06:23:29,455,455 multiprocessing INFO See log at : ./logs/all_Lyapunov_test_dso-fn_d_all_l_01_log.txt
SpawnPoolWorker-1285| 2026-06-22 06:23:29,459,459 multiprocessing INFO child process calling self.run()
SpawnPoolWorker-1281| 2026-06-22 06:23:29,860,860 multiprocessing INFO STARTING NEW RUN ==========
SpawnPoolWorker-1281| 2026-06-22 06:23:29,861,861 multiprocessing INFO SEE LOG AT : ./logs/all_Lyapunov_test_dso-fn_d_all_l_01_log.txt
SpawnPoolWorker-1281| 2026-06-22 06:23:29,861,861 multiprocessing INFO See log at : ./logs/all_Lyapunov_test_dso-fn_d_all_l_01_log.txt
SpawnPoolWorker-1281| 2026-06-22 06:23:29,863,863 multiprocessing INFO child process calling self.run()
SpawnPoolWorker-1292| 2026-06-22 06:23:29,953,953 multiprocessing INFO STARTING NEW RUN ==========
SpawnPoolWorker-1292| 2026-06-22 06:23:29,953,953 multiprocessing INFO SEE LOG AT : ./logs/all_Lyapunov_test_dso-fn_d_all_l_01_log.txt
SpawnPoolWorker-1292| 2026-06-22 06:23:29,953,953 multiprocessing INFO See log at : ./logs/all_Lyapunov_test_dso-fn_d_all_l_01_log.txt
SpawnPoolWorker-1292| 2026-06-22 06:23:29,961,961 multiprocessing INFO child process calling self.run()
SpawnPoolWorker-1291| 2026-06-22 06:23:30,014,14 multiprocessing INFO STARTING NEW RUN ==========
SpawnPoolWorker-1291| 2026-06-22 06:23:30,014,14 multiprocessing INFO SEE LOG AT : ./logs/all_Lyapunov_test_dso-fn_d_all_l_01_log.txt
SpawnPoolWorker-1291| 2026-06-22 06:23:30,014,14 multiprocessing INFO See log at : ./logs/all_Lyapunov_test_dso-fn_d_all_l_01_log.txt
SpawnPoolWorker-1291| 2026-06-22 06:23:30,021,21 multiprocessing INFO child process calling self.run()
SpawnPoolWorker-1283| 2026-06-22 06:23:30,054,54 multiprocessing INFO STARTING NEW RUN ==========
SpawnPoolWorker-1283| 2026-06-22 06:23:30,054,54 multiprocessing INFO SEE LOG AT : ./logs/all_Lyapunov_test_dso-fn_d_all_l_01_log.txt
SpawnPoolWorker-1283| 2026-06-22 06:23:30,054,54 multiprocessing INFO See log at : ./logs/all_Lyapunov_test_dso-fn_d_all_l_01_log.txt
SpawnPoolWorker-1283| 2026-06-22 06:23:30,060,60 multiprocessing INFO child process calling self.run()
SpawnPoolWorker-1279| 2026-06-22 06:23:30,069,69 multiprocessing INFO STARTING NEW RUN ==========
SpawnPoolWorker-1279| 2026-06-22 06:23:30,069,69 multiprocessing INFO SEE LOG AT : ./logs/all_Lyapunov_test_dso-fn_d_all_l_01_log.txt
SpawnPoolWorker-1279| 2026-06-22 06:23:30,069,69 multiprocessing INFO See log at : ./logs/all_Lyapunov_test_dso-fn_d_all_l_01_log.txt
SpawnPoolWorker-1279| 2026-06-22 06:23:30,072,72 multiprocessing INFO child process calling self.run()
SpawnPoolWorker-1270| 2026-06-22 06:23:30,244,244 multiprocessing INFO STARTING NEW RUN ==========
SpawnPoolWorker-1270| 2026-06-22 06:23:30,244,244 multiprocessing INFO SEE LOG AT : ./logs/all_Lyapunov_test_dso-fn_d_all_l_01_log.txt
SpawnPoolWorker-1270| 2026-06-22 06:23:30,244,244 multiprocessing INFO See log at : ./logs/all_Lyapunov_test_dso-fn_d_all_l_01_log.txt
SpawnPoolWorker-1270| 2026-06-22 06:23:30,246,246 multiprocessing INFO child process calling self.run()
SpawnPoolWorker-1289| 2026-06-22 06:23:30,289,289 multiprocessing INFO STARTING NEW RUN ==========
SpawnPoolWorker-1289| 2026-06-22 06:23:30,289,289 multiprocessing INFO SEE LOG AT : ./logs/all_Lyapunov_test_dso-fn_d_all_l_01_log.txt
SpawnPoolWorker-1289| 2026-06-22 06:23:30,289,289 multiprocessing INFO See log at : ./logs/all_Lyapunov_test_dso-fn_d_all_l_01_log.txt
SpawnPoolWorker-1289| 2026-06-22 06:23:30,297,297 multiprocessing INFO child process calling self.run()
SpawnPoolWorker-1286| 2026-06-22 06:23:30,334,334 multiprocessing INFO STARTING NEW RUN ==========
SpawnPoolWorker-1286| 2026-06-22 06:23:30,335,335 multiprocessing INFO SEE LOG AT : ./logs/all_Lyapunov_test_dso-fn_d_all_l_01_log.txt
SpawnPoolWorker-1286| 2026-06-22 06:23:30,335,335 multiprocessing INFO See log at : ./logs/all_Lyapunov_test_dso-fn_d_all_l_01_log.txt
SpawnPoolWorker-1286| 2026-06-22 06:23:30,339,339 multiprocessing INFO child process calling self.run()
SpawnPoolWorker-1282| 2026-06-22 06:23:30,538,538 multiprocessing INFO STARTING NEW RUN ==========
SpawnPoolWorker-1282| 2026-06-22 06:23:30,538,538 multiprocessing INFO SEE LOG AT : ./logs/all_Lyapunov_test_dso-fn_d_all_l_01_log.txt
SpawnPoolWorker-1282| 2026-06-22 06:23:30,538,538 multiprocessing INFO See log at : ./logs/all_Lyapunov_test_dso-fn_d_all_l_01_log.txt
SpawnPoolWorker-1282| 2026-06-22 06:23:30,539,539 multiprocessing INFO child process calling self.run()
SpawnPoolWorker-1275| 2026-06-22 06:23:30,558,558 multiprocessing INFO STARTING NEW RUN ==========
SpawnPoolWorker-1275| 2026-06-22 06:23:30,558,558 multiprocessing INFO SEE LOG AT : ./logs/all_Lyapunov_test_dso-fn_d_all_l_01_log.txt
SpawnPoolWorker-1275| 2026-06-22 06:23:30,558,558 multiprocessing INFO See log at : ./logs/all_Lyapunov_test_dso-fn_d_all_l_01_log.txt
SpawnPoolWorker-1275| 2026-06-22 06:23:30,560,560 multiprocessing INFO child process calling self.run()
SpawnPoolWorker-1287| 2026-06-22 06:23:30,654,654 multiprocessing INFO STARTING NEW RUN ==========
SpawnPoolWorker-1287| 2026-06-22 06:23:30,654,654 multiprocessing INFO SEE LOG AT : ./logs/all_Lyapunov_test_dso-fn_d_all_l_01_log.txt
SpawnPoolWorker-1287| 2026-06-22 06:23:30,654,654 multiprocessing INFO See log at : ./logs/all_Lyapunov_test_dso-fn_d_all_l_01_log.txt
SpawnPoolWorker-1287| 2026-06-22 06:23:30,656,656 multiprocessing INFO child process calling self.run()
SpawnPoolWorker-1290| 2026-06-22 06:23:30,920,920 multiprocessing INFO STARTING NEW RUN ==========
SpawnPoolWorker-1290| 2026-06-22 06:23:30,920,920 multiprocessing INFO SEE LOG AT : ./logs/all_Lyapunov_test_dso-fn_d_all_l_01_log.txt
SpawnPoolWorker-1290| 2026-06-22 06:23:30,920,920 multiprocessing INFO See log at : ./logs/all_Lyapunov_test_dso-fn_d_all_l_01_log.txt
SpawnPoolWorker-1290| 2026-06-22 06:23:30,928,928 multiprocessing INFO child process calling self.run()
[2026-06-22T06:24:11.486] error: *** JOB 11502035 ON cn2105 CANCELLED AT 2026-06-22T06:24:11 DUE to SIGNAL Terminated ***
