[job] sys=lossless6d benchmark=fn_d_all_e seed=4 host=cn2103 gpu=0 start=2026-06-22T06:04:46-05:00
MainProcess| 2026-06-22 06:05:02,481,481 multiprocessing INFO STARTING NEW RUN ==========
MainProcess| 2026-06-22 06:05:02,482,482 multiprocessing INFO SEE LOG AT : ./logs/all_Lyapunov_test_dso-fn_d_all_e_01_log.txt
MainProcess| 2026-06-22 06:05:02,482,482 multiprocessing INFO See log at : ./logs/all_Lyapunov_test_dso-fn_d_all_e_01_log.txt
MainProcess| 2026-06-22 06:05:02,487,487 multiprocessing INFO               variables           expression                                                                                                                                                                            train_spec test_spec function_set
name                                                                                                                                                                                                                                                     
fn_d_all_e_5          6  0*x1+0*x2+0*x3+0*x4  {"x1":{"U":[-0.75,0.75,50000]}, "x2":{"U":[-0.75,0.75,50000]}, "x3":{"U":[-0.75,0.75,50000]}, "x4":{"U":[-1.2,1.2,50000]}, "x5":{"U":[-1.2,1.2,50000]}, "x6":{"U":[-1.2,1.2,50000]}}      None         Koza
              variables           expression                                                                                                                                                                            train_spec test_spec function_set
name                                                                                                                                                                                                                                                     
fn_d_all_e_5          6  0*x1+0*x2+0*x3+0*x4  {"x1":{"U":[-0.75,0.75,50000]}, "x2":{"U":[-0.75,0.75,50000]}, "x3":{"U":[-0.75,0.75,50000]}, "x4":{"U":[-1.2,1.2,50000]}, "x5":{"U":[-1.2,1.2,50000]}, "x6":{"U":[-1.2,1.2,50000]}}      None         Koza

-- BUILDING DATASET START -----------
Benchmark path                 : /users/9/chen8596/LyaDis/repro/runs/lossless6d/libs/sd3/dso/dso/task/regression/benchmarks_bkup_1.csv
Generated data for benchmark   : fn_d_all_e_5
-- BUILDING DATASET END -------------

Function set                   : Koza --> ['add', 'sub', 'mul', 'sin', 'cos', 'n2']

MainProcess| 2026-06-22 06:05:02,599,599 multiprocessing INFO [BASELINE_TESTING NOW] dataset=fn_d_all_e_5 	| baseline=transformer 	| seed=4 	| data_samples=50000 	| noise=0.0
MainProcess| 2026-06-22 06:05:02,610,610 multiprocessing INFO [RUN SETTINGS]: test_dataset=fn_d_all_e_5  batch_outer_datasets=24 pre_train=False load_pre_trained_path= priority_queue_training=True gp_meld=True model=TransformerTreeEncoderController train_path= risk_seeking_pg_train=True
[RUN SETTINGS]: test_dataset=fn_d_all_e_5  batch_outer_datasets=24 pre_train=False load_pre_trained_path= priority_queue_training=True gp_meld=True model=TransformerTreeEncoderController train_path= risk_seeking_pg_train=True
MainProcess| 2026-06-22 06:05:02,665,665 multiprocessing INFO Running model : TransformerTreeEncoderController
Running model : TransformerTreeEncoderController

-- BUILDING DATASET START -----------
Benchmark path                 : /users/9/chen8596/LyaDis/repro/runs/lossless6d/libs/sd3/dso/dso/task/regression/benchmarks_bkup_1.csv
Generated data for benchmark   : fn_d_all_e_5
-- BUILDING DATASET END -------------

Function set                   : Koza --> ['add', 'sub', 'mul', 'sin', 'cos', 'n2']

MainProcess| 2026-06-22 06:05:02,687,687 multiprocessing INFO Function set: ['x1', 'x2', 'x3', 'x4', 'x5', 'x6', 'add', 'sub', 'mul', 'sin', 'cos', 'n2']

-- BUILDING DATASET START -----------
Benchmark path                 : /users/9/chen8596/LyaDis/repro/runs/lossless6d/libs/sd3/dso/dso/task/regression/benchmarks_bkup_1.csv
Generated data for benchmark   : fn_d_all_e_5
-- BUILDING DATASET END -------------

Function set                   : Koza --> ['add', 'sub', 'mul', 'sin', 'cos', 'n2']

-- BUILDING PRIOR START -------------
WARNING: Skipping invalid 'RelationalConstraint' with arguments {'targets': [], 'effectors': [], 'relationship': None}. Reason: Prior disabled.
WARNING: Skipping invalid 'RepeatConstraint' with arguments {'tokens': 'const', 'min_': None, 'max_': 5}. Reason: Uses Tokens not in the Library.
WARNING: Skipping invalid 'InverseUnaryConstraint' with arguments {}. Reason: There are no inverse unary Token pairs in the Library.
WARNING: Skipping invalid 'ConstConstraint' with arguments {}. Reason: Prior disabled.
WARNING: Skipping invalid 'NoInputsConstraint' with arguments {}. Reason: All terminal tokens are input variables, so allsequences will have an input variable.
WARNING: Skipping invalid 'UniformArityPrior' with arguments {}. Reason: Prior disabled.
LengthConstraint: Sequences have minimum length 10.
                  Sequences have maximum length 20.
TrigConstraint: [sin, cos] cannot be a descendant of [sin, cos].
SoftLengthPrior: No description available.
-- BUILDING PRIOR END ---------------

MainProcess| 2026-06-22 06:05:03,401,401 multiprocessing INFO Transformer overwriting hidden size to input_dim 128
Transformer overwriting hidden size to input_dim 128
MainProcess| 2026-06-22 06:05:04,874,874 multiprocessing INFO Encoder params: {'sinuisodal_embeddings': False, 'dec_pf_dim': 32, 'dec_layers': 1, 'dim_hidden': 128, 'lr': 0.0001, 'dropout': 0, 'num_features': 1, 'ln': True, 'N_p': 0, 'num_inds': 64, 'activation': 'relu', 'bit16': False, 'norm': True, 'linear': True, 'input_normalization': False, 'src_pad_idx': 0, 'trg_pad_idx': 0, 'length_eq': 20, 'n_l_enc': 3, 'mean': 0.5, 'std': 0.5, 'dim_input': 64, 'num_heads': 2, 'output_dim': 10}
Encoder params: {'sinuisodal_embeddings': False, 'dec_pf_dim': 32, 'dec_layers': 1, 'dim_hidden': 128, 'lr': 0.0001, 'dropout': 0, 'num_features': 1, 'ln': True, 'N_p': 0, 'num_inds': 64, 'activation': 'relu', 'bit16': False, 'norm': True, 'linear': True, 'input_normalization': False, 'src_pad_idx': 0, 'trg_pad_idx': 0, 'length_eq': 20, 'n_l_enc': 3, 'mean': 0.5, 'std': 0.5, 'dim_input': 64, 'num_heads': 2, 'output_dim': 10}
MainProcess| 2026-06-22 06:05:05,029,29 multiprocessing INFO TransformerTreeEncoderController parameters: 4036852 	 | trainable : 4036852
TransformerTreeEncoderController parameters: 4036852 	 | trainable : 4036852
MainProcess| 2026-06-22 06:05:05,096,96 multiprocessing INFO GP CONFIG : {'verbose': False, 'generations': 35, 'p_crossover': 0.5, 'p_mutate': 0.5, 'tournament_size': 7, 'train_n': 50, 'mutate_tree_max': 3}
GP CONFIG : {'verbose': False, 'generations': 35, 'p_crossover': 0.5, 'p_mutate': 0.5, 'tournament_size': 7, 'train_n': 50, 'mutate_tree_max': 3}
MainProcess| 2026-06-22 06:05:05,309,309 multiprocessing INFO config: {'experiment': {'logdir': './log', 'seed': 13, 'timestamp': '2026-06-22-060502', 'task_name': 'fn_d_all_e_5', 'save_path': './log/fn_d_all_e_5_2026-06-22-060502_4'}, 'task': {'task_type': 'regression', 'dataset': 'fn_d_all_e_5', 'function_set': ['add', 'sub', 'mul', 'sin', 'cos', 'n2'], 'metric': 'lyapunov_risk', 'metric_params': [1.0], 'extra_metric_test': None, 'extra_metric_test_params': [], 'threshold': 1e-12, 'protected': False, 'reward_noise': 0.0, 'reward_noise_type': 'r', 'normalize_variance': False, 'decision_tree_threshold_set': []}, 'training': {'n_epochs': None, 'n_samples': 2000000, 'batch_size': 500, 'epsilon': 0.1, 'baseline': 'R_e', 'alpha': 0.5, 'b_jumpstart': False, 'n_cores_batch': 1, 'complexity': 'token', 'const_optimizer': 'scipy', 'const_params': {'method': 'L-BFGS-B', 'options': {'gtol': 0.001}}, 'verbose': True, 'debug': 0, 'early_stopping': True, 'hof': 100, 'use_memory': False, 'memory_capacity': 1000.0, 'warm_start': None, 'memory_threshold': None, 'save_all_epoch': False, 'save_summary': False, 'save_positional_entropy': False, 'save_pareto_front': True, 'save_cache': False, 'save_cache_r_min': 0.9, 'save_freq': 1, 'save_token_count': False}, 'state_manager': {'observe_action': False, 'observe_parent': True, 'observe_sibling': True, 'observe_dangling': False, 'embedding': True, 'embedding_size': 64}, 'controller': {'max_length': 64, 'cell': 'lstm', 'num_layers': 1, 'num_units': 64, 'initializer': 'zeros', 'learning_rate': 0.0003, 'optimizer': 'adam', 'entropy_weight': 0.005, 'entropy_gamma': 0.8, 'pqt': True, 'pqt_k': 10, 'pqt_batch_size': 1, 'pqt_weight': 200.0, 'pqt_use_pg': False, 'summary': False, 'rl_weight': 1.0}, 'gp_meld': {'generations': 35, 'p_crossover': 0.5, 'p_mutate': 0.5, 'tournament_size': 7, 'train_n': 50, 'mutate_tree_max': 3}, 'prior': {'relational': {'targets': [], 'effectors': [], 'relationship': None}, 'length': {'min_': 10, 'max_': 20}, 'repeat': {'tokens': 'const', 'min_': None, 'max_': 5}, 'inverse': {}, 'trig': {}, 'const': {}, 'no_inputs': {}, 'uniform_arity': {}, 'soft_length': {'loc': 15, 'scale': 5}}, 'postprocess': {'show_count': 5, 'save_plots': True}, 'model': 'TransformerTreeEncoderController', 'function_names_str': 'x1,x2,x3,x4,x5,x6,add,sub,mul,sin,cos,n2', 'nesymres_train_config': {'architecture': {'sinuisodal_embeddings': False, 'dec_pf_dim': 32, 'dec_layers': 1, 'dim_hidden': 128, 'lr': 0.0001, 'dropout': 0, 'num_features': 1, 'ln': True, 'N_p': 0, 'num_inds': 64, 'activation': 'relu', 'bit16': False, 'norm': True, 'linear': True, 'input_normalization': False, 'src_pad_idx': 0, 'trg_pad_idx': 0, 'length_eq': 20, 'n_l_enc': 3, 'mean': 0.5, 'std': 0.5, 'dim_input': 64, 'num_heads': 2, 'output_dim': 10}}}

-- BUILDING DATASET START -----------
Benchmark path                 : /users/9/chen8596/LyaDis/repro/runs/lossless6d/libs/sd3/dso/dso/task/regression/benchmarks_bkup_1.csv
Generated data for benchmark   : fn_d_all_e_5
-- BUILDING DATASET END -------------

Function set                   : Koza --> ['add', 'sub', 'mul', 'sin', 'cos', 'n2']

-- RUNNING EPOCHS START -------------
torch.Size([500, 114])
/users/9/chen8596/miniconda3/envs/alfd/lib/python3.9/site-packages/torch/nn/functional.py:4999: UserWarning: Support for mismatched key_padding_mask and attn_mask is deprecated. Use same type for both instead.
  warnings.warn(
/users/9/chen8596/miniconda3/envs/alfd/lib/python3.9/site-packages/torch/nn/functional.py:4999: UserWarning: Support for mismatched key_padding_mask and attn_mask is deprecated. Use same type for both instead.
  warnings.warn(
/users/9/chen8596/miniconda3/envs/alfd/lib/python3.9/site-packages/torch/nn/functional.py:4999: UserWarning: Support for mismatched key_padding_mask and attn_mask is deprecated. Use same type for both instead.
  warnings.warn(
MainProcess| 2026-06-22 06:06:16,749,749 multiprocessing INFO Genetic Porgramming Runtime 66.43922108015977
Genetic Porgramming Runtime 66.43922108015977

=========================PGD Collection Starts=========================

MainProcess| 2026-06-22 06:06:17,735,735 multiprocessing INFO created temp directory /tmp/pymp-i8ofip0o
SpawnPoolWorker-2| 2026-06-22 06:06:22,403,403 multiprocessing INFO STARTING NEW RUN ==========
SpawnPoolWorker-2| 2026-06-22 06:06:22,403,403 multiprocessing INFO SEE LOG AT : ./logs/all_Lyapunov_test_dso-fn_d_all_e_01_log.txt
SpawnPoolWorker-2| 2026-06-22 06:06:22,404,404 multiprocessing INFO See log at : ./logs/all_Lyapunov_test_dso-fn_d_all_e_01_log.txt
SpawnPoolWorker-2| 2026-06-22 06:06:22,405,405 multiprocessing INFO child process calling self.run()
SpawnPoolWorker-5| 2026-06-22 06:06:22,407,407 multiprocessing INFO STARTING NEW RUN ==========
SpawnPoolWorker-4| 2026-06-22 06:06:22,407,407 multiprocessing INFO STARTING NEW RUN ==========
SpawnPoolWorker-1| 2026-06-22 06:06:22,407,407 multiprocessing INFO STARTING NEW RUN ==========
SpawnPoolWorker-4| 2026-06-22 06:06:22,407,407 multiprocessing INFO SEE LOG AT : ./logs/all_Lyapunov_test_dso-fn_d_all_e_01_log.txt
SpawnPoolWorker-1| 2026-06-22 06:06:22,407,407 multiprocessing INFO SEE LOG AT : ./logs/all_Lyapunov_test_dso-fn_d_all_e_01_log.txt
SpawnPoolWorker-5| 2026-06-22 06:06:22,407,407 multiprocessing INFO SEE LOG AT : ./logs/all_Lyapunov_test_dso-fn_d_all_e_01_log.txt
SpawnPoolWorker-4| 2026-06-22 06:06:22,407,407 multiprocessing INFO See log at : ./logs/all_Lyapunov_test_dso-fn_d_all_e_01_log.txt
SpawnPoolWorker-5| 2026-06-22 06:06:22,407,407 multiprocessing INFO See log at : ./logs/all_Lyapunov_test_dso-fn_d_all_e_01_log.txt
SpawnPoolWorker-1| 2026-06-22 06:06:22,407,407 multiprocessing INFO See log at : ./logs/all_Lyapunov_test_dso-fn_d_all_e_01_log.txt
SpawnPoolWorker-3| 2026-06-22 06:06:22,411,411 multiprocessing INFO STARTING NEW RUN ==========
SpawnPoolWorker-8| 2026-06-22 06:06:22,411,411 multiprocessing INFO STARTING NEW RUN ==========
SpawnPoolWorker-6| 2026-06-22 06:06:22,411,411 multiprocessing INFO STARTING NEW RUN ==========
SpawnPoolWorker-7| 2026-06-22 06:06:22,411,411 multiprocessing INFO STARTING NEW RUN ==========
SpawnPoolWorker-3| 2026-06-22 06:06:22,411,411 multiprocessing INFO SEE LOG AT : ./logs/all_Lyapunov_test_dso-fn_d_all_e_01_log.txt
SpawnPoolWorker-8| 2026-06-22 06:06:22,411,411 multiprocessing INFO SEE LOG AT : ./logs/all_Lyapunov_test_dso-fn_d_all_e_01_log.txt
SpawnPoolWorker-6| 2026-06-22 06:06:22,411,411 multiprocessing INFO SEE LOG AT : ./logs/all_Lyapunov_test_dso-fn_d_all_e_01_log.txt
SpawnPoolWorker-3| 2026-06-22 06:06:22,411,411 multiprocessing INFO See log at : ./logs/all_Lyapunov_test_dso-fn_d_all_e_01_log.txt
SpawnPoolWorker-7| 2026-06-22 06:06:22,411,411 multiprocessing INFO SEE LOG AT : ./logs/all_Lyapunov_test_dso-fn_d_all_e_01_log.txt
SpawnPoolWorker-8| 2026-06-22 06:06:22,411,411 multiprocessing INFO See log at : ./logs/all_Lyapunov_test_dso-fn_d_all_e_01_log.txt
SpawnPoolWorker-6| 2026-06-22 06:06:22,411,411 multiprocessing INFO See log at : ./logs/all_Lyapunov_test_dso-fn_d_all_e_01_log.txt
SpawnPoolWorker-7| 2026-06-22 06:06:22,411,411 multiprocessing INFO See log at : ./logs/all_Lyapunov_test_dso-fn_d_all_e_01_log.txt
SpawnPoolWorker-3| 2026-06-22 06:06:22,412,412 multiprocessing INFO child process calling self.run()
SpawnPoolWorker-7| 2026-06-22 06:06:22,412,412 multiprocessing INFO child process calling self.run()
SpawnPoolWorker-8| 2026-06-22 06:06:22,412,412 multiprocessing INFO child process calling self.run()
SpawnPoolWorker-4| 2026-06-22 06:06:22,413,413 multiprocessing INFO child process calling self.run()
SpawnPoolWorker-6| 2026-06-22 06:06:22,413,413 multiprocessing INFO child process calling self.run()
SpawnPoolWorker-1| 2026-06-22 06:06:22,413,413 multiprocessing INFO child process calling self.run()
SpawnPoolWorker-5| 2026-06-22 06:06:22,414,414 multiprocessing INFO child process calling self.run()
SpawnPoolWorker-9| 2026-06-22 06:06:22,415,415 multiprocessing INFO STARTING NEW RUN ==========
SpawnPoolWorker-9| 2026-06-22 06:06:22,415,415 multiprocessing INFO SEE LOG AT : ./logs/all_Lyapunov_test_dso-fn_d_all_e_01_log.txt
SpawnPoolWorker-9| 2026-06-22 06:06:22,415,415 multiprocessing INFO See log at : ./logs/all_Lyapunov_test_dso-fn_d_all_e_01_log.txt
SpawnPoolWorker-9| 2026-06-22 06:06:22,417,417 multiprocessing INFO child process calling self.run()
SpawnPoolWorker-10| 2026-06-22 06:06:22,419,419 multiprocessing INFO STARTING NEW RUN ==========
SpawnPoolWorker-10| 2026-06-22 06:06:22,419,419 multiprocessing INFO SEE LOG AT : ./logs/all_Lyapunov_test_dso-fn_d_all_e_01_log.txt
SpawnPoolWorker-10| 2026-06-22 06:06:22,419,419 multiprocessing INFO See log at : ./logs/all_Lyapunov_test_dso-fn_d_all_e_01_log.txt
SpawnPoolWorker-10| 2026-06-22 06:06:22,421,421 multiprocessing INFO child process calling self.run()
(10000,)

===================Collect 10000 Examples===================

Epsilon 0.1
500
(550,)
(550,)
(55,)
Number of Programs for Minimization: 28
SpawnPoolWorker-22| 2026-06-22 06:06:56,532,532 multiprocessing INFO STARTING NEW RUN ==========
SpawnPoolWorker-22| 2026-06-22 06:06:56,532,532 multiprocessing INFO SEE LOG AT : ./logs/all_Lyapunov_test_dso-fn_d_all_e_01_log.txt
SpawnPoolWorker-22| 2026-06-22 06:06:56,532,532 multiprocessing INFO See log at : ./logs/all_Lyapunov_test_dso-fn_d_all_e_01_log.txt
SpawnPoolWorker-22| 2026-06-22 06:06:56,535,535 multiprocessing INFO child process calling self.run()
SpawnPoolWorker-18| 2026-06-22 06:06:56,733,733 multiprocessing INFO STARTING NEW RUN ==========
SpawnPoolWorker-18| 2026-06-22 06:06:56,734,734 multiprocessing INFO SEE LOG AT : ./logs/all_Lyapunov_test_dso-fn_d_all_e_01_log.txt
SpawnPoolWorker-18| 2026-06-22 06:06:56,734,734 multiprocessing INFO See log at : ./logs/all_Lyapunov_test_dso-fn_d_all_e_01_log.txt
SpawnPoolWorker-18| 2026-06-22 06:06:56,735,735 multiprocessing INFO child process calling self.run()
SpawnPoolWorker-13| 2026-06-22 06:06:56,807,807 multiprocessing INFO STARTING NEW RUN ==========
SpawnPoolWorker-13| 2026-06-22 06:06:56,807,807 multiprocessing INFO SEE LOG AT : ./logs/all_Lyapunov_test_dso-fn_d_all_e_01_log.txt
SpawnPoolWorker-13| 2026-06-22 06:06:56,807,807 multiprocessing INFO See log at : ./logs/all_Lyapunov_test_dso-fn_d_all_e_01_log.txt
SpawnPoolWorker-13| 2026-06-22 06:06:56,810,810 multiprocessing INFO child process calling self.run()
SpawnPoolWorker-15| 2026-06-22 06:06:57,018,18 multiprocessing INFO STARTING NEW RUN ==========
SpawnPoolWorker-15| 2026-06-22 06:06:57,018,18 multiprocessing INFO SEE LOG AT : ./logs/all_Lyapunov_test_dso-fn_d_all_e_01_log.txt
SpawnPoolWorker-15| 2026-06-22 06:06:57,018,18 multiprocessing INFO See log at : ./logs/all_Lyapunov_test_dso-fn_d_all_e_01_log.txt
SpawnPoolWorker-15| 2026-06-22 06:06:57,029,29 multiprocessing INFO child process calling self.run()
SpawnPoolWorker-21| 2026-06-22 06:06:57,110,110 multiprocessing INFO STARTING NEW RUN ==========
SpawnPoolWorker-21| 2026-06-22 06:06:57,110,110 multiprocessing INFO SEE LOG AT : ./logs/all_Lyapunov_test_dso-fn_d_all_e_01_log.txt
SpawnPoolWorker-21| 2026-06-22 06:06:57,110,110 multiprocessing INFO See log at : ./logs/all_Lyapunov_test_dso-fn_d_all_e_01_log.txt
SpawnPoolWorker-21| 2026-06-22 06:06:57,115,115 multiprocessing INFO child process calling self.run()
SpawnPoolWorker-16| 2026-06-22 06:06:57,238,238 multiprocessing INFO STARTING NEW RUN ==========
SpawnPoolWorker-16| 2026-06-22 06:06:57,238,238 multiprocessing INFO SEE LOG AT : ./logs/all_Lyapunov_test_dso-fn_d_all_e_01_log.txt
SpawnPoolWorker-16| 2026-06-22 06:06:57,238,238 multiprocessing INFO See log at : ./logs/all_Lyapunov_test_dso-fn_d_all_e_01_log.txt
SpawnPoolWorker-16| 2026-06-22 06:06:57,245,245 multiprocessing INFO child process calling self.run()
SpawnPoolWorker-14| 2026-06-22 06:06:57,246,246 multiprocessing INFO STARTING NEW RUN ==========
SpawnPoolWorker-14| 2026-06-22 06:06:57,246,246 multiprocessing INFO SEE LOG AT : ./logs/all_Lyapunov_test_dso-fn_d_all_e_01_log.txt
SpawnPoolWorker-14| 2026-06-22 06:06:57,246,246 multiprocessing INFO See log at : ./logs/all_Lyapunov_test_dso-fn_d_all_e_01_log.txt
SpawnPoolWorker-14| 2026-06-22 06:06:57,250,250 multiprocessing INFO child process calling self.run()
SpawnPoolWorker-25| 2026-06-22 06:06:57,263,263 multiprocessing INFO STARTING NEW RUN ==========
SpawnPoolWorker-25| 2026-06-22 06:06:57,263,263 multiprocessing INFO SEE LOG AT : ./logs/all_Lyapunov_test_dso-fn_d_all_e_01_log.txt
SpawnPoolWorker-25| 2026-06-22 06:06:57,263,263 multiprocessing INFO See log at : ./logs/all_Lyapunov_test_dso-fn_d_all_e_01_log.txt
SpawnPoolWorker-25| 2026-06-22 06:06:57,266,266 multiprocessing INFO child process calling self.run()
SpawnPoolWorker-28| 2026-06-22 06:06:57,781,781 multiprocessing INFO STARTING NEW RUN ==========
SpawnPoolWorker-28| 2026-06-22 06:06:57,781,781 multiprocessing INFO SEE LOG AT : ./logs/all_Lyapunov_test_dso-fn_d_all_e_01_log.txt
SpawnPoolWorker-28| 2026-06-22 06:06:57,781,781 multiprocessing INFO See log at : ./logs/all_Lyapunov_test_dso-fn_d_all_e_01_log.txt
SpawnPoolWorker-28| 2026-06-22 06:06:57,783,783 multiprocessing INFO child process calling self.run()
SpawnPoolWorker-23| 2026-06-22 06:06:57,885,885 multiprocessing INFO STARTING NEW RUN ==========
SpawnPoolWorker-23| 2026-06-22 06:06:57,885,885 multiprocessing INFO SEE LOG AT : ./logs/all_Lyapunov_test_dso-fn_d_all_e_01_log.txt
SpawnPoolWorker-23| 2026-06-22 06:06:57,885,885 multiprocessing INFO See log at : ./logs/all_Lyapunov_test_dso-fn_d_all_e_01_log.txt
SpawnPoolWorker-23| 2026-06-22 06:06:57,889,889 multiprocessing INFO child process calling self.run()
SpawnPoolWorker-31| 2026-06-22 06:06:57,907,907 multiprocessing INFO STARTING NEW RUN ==========
SpawnPoolWorker-31| 2026-06-22 06:06:57,907,907 multiprocessing INFO SEE LOG AT : ./logs/all_Lyapunov_test_dso-fn_d_all_e_01_log.txt
SpawnPoolWorker-31| 2026-06-22 06:06:57,907,907 multiprocessing INFO See log at : ./logs/all_Lyapunov_test_dso-fn_d_all_e_01_log.txt
SpawnPoolWorker-31| 2026-06-22 06:06:57,911,911 multiprocessing INFO child process calling self.run()
SpawnPoolWorker-26| 2026-06-22 06:06:58,249,249 multiprocessing INFO STARTING NEW RUN ==========
SpawnPoolWorker-26| 2026-06-22 06:06:58,250,250 multiprocessing INFO SEE LOG AT : ./logs/all_Lyapunov_test_dso-fn_d_all_e_01_log.txt
SpawnPoolWorker-26| 2026-06-22 06:06:58,250,250 multiprocessing INFO See log at : ./logs/all_Lyapunov_test_dso-fn_d_all_e_01_log.txt
SpawnPoolWorker-26| 2026-06-22 06:06:58,254,254 multiprocessing INFO child process calling self.run()
SpawnPoolWorker-17| 2026-06-22 06:06:58,431,431 multiprocessing INFO STARTING NEW RUN ==========
SpawnPoolWorker-17| 2026-06-22 06:06:58,431,431 multiprocessing INFO SEE LOG AT : ./logs/all_Lyapunov_test_dso-fn_d_all_e_01_log.txt
SpawnPoolWorker-17| 2026-06-22 06:06:58,431,431 multiprocessing INFO See log at : ./logs/all_Lyapunov_test_dso-fn_d_all_e_01_log.txt
SpawnPoolWorker-17| 2026-06-22 06:06:58,433,433 multiprocessing INFO child process calling self.run()
SpawnPoolWorker-30| 2026-06-22 06:06:58,782,782 multiprocessing INFO STARTING NEW RUN ==========
SpawnPoolWorker-30| 2026-06-22 06:06:58,782,782 multiprocessing INFO SEE LOG AT : ./logs/all_Lyapunov_test_dso-fn_d_all_e_01_log.txt
SpawnPoolWorker-30| 2026-06-22 06:06:58,782,782 multiprocessing INFO See log at : ./logs/all_Lyapunov_test_dso-fn_d_all_e_01_log.txt
SpawnPoolWorker-30| 2026-06-22 06:06:58,798,798 multiprocessing INFO child process calling self.run()
SpawnPoolWorker-19| 2026-06-22 06:06:58,893,893 multiprocessing INFO STARTING NEW RUN ==========
SpawnPoolWorker-19| 2026-06-22 06:06:58,894,894 multiprocessing INFO SEE LOG AT : ./logs/all_Lyapunov_test_dso-fn_d_all_e_01_log.txt
SpawnPoolWorker-19| 2026-06-22 06:06:58,894,894 multiprocessing INFO See log at : ./logs/all_Lyapunov_test_dso-fn_d_all_e_01_log.txt
SpawnPoolWorker-19| 2026-06-22 06:06:58,909,909 multiprocessing INFO child process calling self.run()
SpawnPoolWorker-29| 2026-06-22 06:06:58,971,971 multiprocessing INFO STARTING NEW RUN ==========
SpawnPoolWorker-29| 2026-06-22 06:06:58,971,971 multiprocessing INFO SEE LOG AT : ./logs/all_Lyapunov_test_dso-fn_d_all_e_01_log.txt
SpawnPoolWorker-29| 2026-06-22 06:06:58,971,971 multiprocessing INFO See log at : ./logs/all_Lyapunov_test_dso-fn_d_all_e_01_log.txt
SpawnPoolWorker-29| 2026-06-22 06:06:58,973,973 multiprocessing INFO child process calling self.run()
SpawnPoolWorker-34| 2026-06-22 06:06:59,016,16 multiprocessing INFO STARTING NEW RUN ==========
SpawnPoolWorker-34| 2026-06-22 06:06:59,016,16 multiprocessing INFO SEE LOG AT : ./logs/all_Lyapunov_test_dso-fn_d_all_e_01_log.txt
SpawnPoolWorker-34| 2026-06-22 06:06:59,016,16 multiprocessing INFO See log at : ./logs/all_Lyapunov_test_dso-fn_d_all_e_01_log.txt
SpawnPoolWorker-34| 2026-06-22 06:06:59,018,18 multiprocessing INFO child process calling self.run()
SpawnPoolWorker-12| 2026-06-22 06:06:59,683,683 multiprocessing INFO STARTING NEW RUN ==========
SpawnPoolWorker-12| 2026-06-22 06:06:59,684,684 multiprocessing INFO SEE LOG AT : ./logs/all_Lyapunov_test_dso-fn_d_all_e_01_log.txt
SpawnPoolWorker-12| 2026-06-22 06:06:59,684,684 multiprocessing INFO See log at : ./logs/all_Lyapunov_test_dso-fn_d_all_e_01_log.txt
SpawnPoolWorker-12| 2026-06-22 06:06:59,696,696 multiprocessing INFO child process calling self.run()
SpawnPoolWorker-11| 2026-06-22 06:06:59,833,833 multiprocessing INFO STARTING NEW RUN ==========
SpawnPoolWorker-11| 2026-06-22 06:06:59,833,833 multiprocessing INFO SEE LOG AT : ./logs/all_Lyapunov_test_dso-fn_d_all_e_01_log.txt
SpawnPoolWorker-11| 2026-06-22 06:06:59,833,833 multiprocessing INFO See log at : ./logs/all_Lyapunov_test_dso-fn_d_all_e_01_log.txt
SpawnPoolWorker-11| 2026-06-22 06:06:59,835,835 multiprocessing INFO child process calling self.run()
SpawnPoolWorker-24| 2026-06-22 06:07:00,256,256 multiprocessing INFO STARTING NEW RUN ==========
SpawnPoolWorker-24| 2026-06-22 06:07:00,256,256 multiprocessing INFO SEE LOG AT : ./logs/all_Lyapunov_test_dso-fn_d_all_e_01_log.txt
SpawnPoolWorker-24| 2026-06-22 06:07:00,257,257 multiprocessing INFO See log at : ./logs/all_Lyapunov_test_dso-fn_d_all_e_01_log.txt
SpawnPoolWorker-24| 2026-06-22 06:07:00,263,263 multiprocessing INFO child process calling self.run()
SpawnPoolWorker-20| 2026-06-22 06:07:00,813,813 multiprocessing INFO STARTING NEW RUN ==========
SpawnPoolWorker-20| 2026-06-22 06:07:00,813,813 multiprocessing INFO SEE LOG AT : ./logs/all_Lyapunov_test_dso-fn_d_all_e_01_log.txt
SpawnPoolWorker-20| 2026-06-22 06:07:00,813,813 multiprocessing INFO See log at : ./logs/all_Lyapunov_test_dso-fn_d_all_e_01_log.txt
SpawnPoolWorker-20| 2026-06-22 06:07:00,815,815 multiprocessing INFO child process calling self.run()
SpawnPoolWorker-32| 2026-06-22 06:07:00,984,984 multiprocessing INFO STARTING NEW RUN ==========
SpawnPoolWorker-32| 2026-06-22 06:07:00,984,984 multiprocessing INFO SEE LOG AT : ./logs/all_Lyapunov_test_dso-fn_d_all_e_01_log.txt
SpawnPoolWorker-32| 2026-06-22 06:07:00,984,984 multiprocessing INFO See log at : ./logs/all_Lyapunov_test_dso-fn_d_all_e_01_log.txt
SpawnPoolWorker-32| 2026-06-22 06:07:00,985,985 multiprocessing INFO child process calling self.run()
SpawnPoolWorker-12| 2026-06-22 06:07:01,161,161 multiprocessing INFO process shutting down
SpawnPoolWorker-12| 2026-06-22 06:07:01,162,162 multiprocessing INFO process exiting with exitcode 0
SpawnPoolWorker-11| 2026-06-22 06:07:01,162,162 multiprocessing INFO process shutting down
SpawnPoolWorker-34| 2026-06-22 06:07:01,162,162 multiprocessing INFO process shutting down
SpawnPoolWorker-24| 2026-06-22 06:07:01,162,162 multiprocessing INFO process shutting down
SpawnPoolWorker-11| 2026-06-22 06:07:01,162,162 multiprocessing INFO process exiting with exitcode 0
SpawnPoolWorker-34| 2026-06-22 06:07:01,162,162 multiprocessing INFO process exiting with exitcode 0
SpawnPoolWorker-16| 2026-06-22 06:07:01,162,162 multiprocessing INFO process shutting down
SpawnPoolWorker-18| 2026-06-22 06:07:01,162,162 multiprocessing INFO process shutting down
SpawnPoolWorker-13| 2026-06-22 06:07:01,162,162 multiprocessing INFO process shutting down
SpawnPoolWorker-29| 2026-06-22 06:07:01,162,162 multiprocessing INFO process shutting down
SpawnPoolWorker-22| 2026-06-22 06:07:01,162,162 multiprocessing INFO process shutting down
SpawnPoolWorker-30| 2026-06-22 06:07:01,162,162 multiprocessing INFO process shutting down
SpawnPoolWorker-21| 2026-06-22 06:07:01,162,162 multiprocessing INFO process shutting down
SpawnPoolWorker-20| 2026-06-22 06:07:01,162,162 multiprocessing INFO process shutting down
SpawnPoolWorker-25| 2026-06-22 06:07:01,162,162 multiprocessing INFO process shutting down
SpawnPoolWorker-14| 2026-06-22 06:07:01,162,162 multiprocessing INFO process shutting down
SpawnPoolWorker-23| 2026-06-22 06:07:01,163,163 multiprocessing INFO process shutting down
SpawnPoolWorker-19| 2026-06-22 06:07:01,163,163 multiprocessing INFO process shutting down
SpawnPoolWorker-32| 2026-06-22 06:07:01,163,163 multiprocessing INFO process shutting down
SpawnPoolWorker-24| 2026-06-22 06:07:01,163,163 multiprocessing INFO process exiting with exitcode 0
SpawnPoolWorker-32| 2026-06-22 06:07:01,163,163 multiprocessing INFO process exiting with exitcode 0
SpawnPoolWorker-28| 2026-06-22 06:07:01,163,163 multiprocessing INFO process shutting down
SpawnPoolWorker-15| 2026-06-22 06:07:01,163,163 multiprocessing INFO process shutting down
SpawnPoolWorker-31| 2026-06-22 06:07:01,163,163 multiprocessing INFO process shutting down
28
(100000, 6)
(100000,)
(100000, 6)
(100000,)

=======================Successfully Added (50000, 6) Counter Examples=======================


============None of the candidates fulfill the conditions. Training CONTINUES!=================

MainProcess| 2026-06-22 06:07:04,056,56 multiprocessing INFO 
============None of the candidates fulfill the conditions. Training CONTINUES!=================


============None of the candidates fulfill the conditions. Training CONTINUES!=================

(55, 114)
/users/9/chen8596/miniconda3/envs/alfd/lib/python3.9/site-packages/torch/nn/functional.py:4999: UserWarning: Support for mismatched key_padding_mask and attn_mask is deprecated. Use same type for both instead.
  warnings.warn(

==============Start Supervised Learning==============

MainProcess| 2026-06-22 06:07:10,080,80 multiprocessing INFO GP output mean: 0.9746592836257378
GP output mean: 0.9746592836257378
MainProcess| 2026-06-22 06:07:10,810,810 multiprocessing INFO GP output success rate: 0.0
GP output success rate: 0.0

==============End Supervised Learning==============

/users/9/chen8596/LyaDis/repro/runs/lossless6d/utils/train.py:971: RuntimeWarning: divide by zero encountered in divide
  error = np.abs(((y_hat - y) / y))
/users/9/chen8596/.local/lib/python3.9/site-packages/scipy/stats/_stats_py.py:4424: ConstantInputWarning: An input array is constant; the correlation coefficient is not defined.
  warnings.warn(stats.ConstantInputWarning(msg))
MainProcess| 2026-06-22 06:07:13,056,56 multiprocessing INFO [Test epoch=0001]  nevals=13814 	| train_loss=8993.60156 	| eqs_invalid %=0.00 	| r_best=0.93215 	| quantile=0.52765 	| r_quantile_mean=0.88062 	| r_raw_sum=56.74365 	|  r_raw_mean=0.73693 	| r2=nan 	| acc_iid=0.00000 	| acc_ood=0.00000 	| nmse_test=0.037778856699940765 	| true_equation_set_count=0 	| s/it=127.67559
[Test epoch=0001]  nevals=13814 	| train_loss=8993.60156 	| eqs_invalid %=0.00 	| r_best=0.93215 	| quantile=0.52765 	| r_quantile_mean=0.88062 	| r_raw_sum=56.74365 	|  r_raw_mean=0.73693 	| r2=nan 	| acc_iid=0.00000 	| acc_ood=0.00000 	| nmse_test=0.037778856699940765 	| true_equation_set_count=0 	| s/it=127.67559
MainProcess| 2026-06-22 06:07:13,056,56 multiprocessing INFO [00:00:02:07.72] Training epoch 1/4000, current best R: 0.9321
[00:00:02:07.72] Training epoch 1/4000, current best R: 0.9321
MainProcess| 2026-06-22 06:07:13,056,56 multiprocessing INFO 
	** New best

	** New best
MainProcess| 2026-06-22 06:07:13,056,56 multiprocessing INFO 	Reward: 0.9321453243005087
	Reward: 0.9321453243005087
MainProcess| 2026-06-22 06:07:13,056,56 multiprocessing INFO 	Count Off-policy: 1
	Count Off-policy: 1
MainProcess| 2026-06-22 06:07:13,056,56 multiprocessing INFO 	Count On-policy: 0
	Count On-policy: 0
MainProcess| 2026-06-22 06:07:13,056,56 multiprocessing INFO 	Originally on Policy: False
	Originally on Policy: False
MainProcess| 2026-06-22 06:07:13,056,56 multiprocessing INFO 	Invalid: False
	Invalid: False
MainProcess| 2026-06-22 06:07:13,057,57 multiprocessing INFO 	Traversal: mul,n2,x5,add,n2,x4,add,n2,n2,x6,cos,mul,x2,add,x2,sub,x5,mul,x3,x1
	Traversal: mul,n2,x5,add,n2,x4,add,n2,n2,x6,cos,mul,x2,add,x2,sub,x5,mul,x3,x1
MainProcess| 2026-06-22 06:07:13,057,57 multiprocessing INFO 	Expression:
	Expression:
MainProcess| 2026-06-22 06:07:13,207,207 multiprocessing INFO 
	    2 ⎛  2     4                             ⎞
	  x₅ ⋅⎝x₄  + x₆  + cos(x₂⋅(-x₁⋅x₃ + x₂ + x₅))⎠


	    2 ⎛  2     4                             ⎞
	  x₅ ⋅⎝x₄  + x₆  + cos(x₂⋅(-x₁⋅x₃ + x₂ + x₅))⎠

MainProcess| 2026-06-22 06:11:10,248,248 multiprocessing INFO Genetic Porgramming Runtime 236.18357039499097
Genetic Porgramming Runtime 236.18357039499097

=========================PGD Collection Starts=========================

SpawnPoolWorker-39| 2026-06-22 06:11:15,361,361 multiprocessing INFO STARTING NEW RUN ==========
SpawnPoolWorker-39| 2026-06-22 06:11:15,362,362 multiprocessing INFO SEE LOG AT : ./logs/all_Lyapunov_test_dso-fn_d_all_e_01_log.txt
SpawnPoolWorker-39| 2026-06-22 06:11:15,362,362 multiprocessing INFO See log at : ./logs/all_Lyapunov_test_dso-fn_d_all_e_01_log.txt
SpawnPoolWorker-39| 2026-06-22 06:11:15,363,363 multiprocessing INFO child process calling self.run()
SpawnPoolWorker-37| 2026-06-22 06:11:15,420,420 multiprocessing INFO STARTING NEW RUN ==========
SpawnPoolWorker-37| 2026-06-22 06:11:15,420,420 multiprocessing INFO SEE LOG AT : ./logs/all_Lyapunov_test_dso-fn_d_all_e_01_log.txt
SpawnPoolWorker-37| 2026-06-22 06:11:15,420,420 multiprocessing INFO See log at : ./logs/all_Lyapunov_test_dso-fn_d_all_e_01_log.txt
SpawnPoolWorker-37| 2026-06-22 06:11:15,422,422 multiprocessing INFO child process calling self.run()
SpawnPoolWorker-40| 2026-06-22 06:11:15,433,433 multiprocessing INFO STARTING NEW RUN ==========
SpawnPoolWorker-40| 2026-06-22 06:11:15,434,434 multiprocessing INFO SEE LOG AT : ./logs/all_Lyapunov_test_dso-fn_d_all_e_01_log.txt
SpawnPoolWorker-40| 2026-06-22 06:11:15,434,434 multiprocessing INFO See log at : ./logs/all_Lyapunov_test_dso-fn_d_all_e_01_log.txt
SpawnPoolWorker-40| 2026-06-22 06:11:15,435,435 multiprocessing INFO child process calling self.run()
SpawnPoolWorker-38| 2026-06-22 06:11:15,506,506 multiprocessing INFO STARTING NEW RUN ==========
SpawnPoolWorker-38| 2026-06-22 06:11:15,506,506 multiprocessing INFO SEE LOG AT : ./logs/all_Lyapunov_test_dso-fn_d_all_e_01_log.txt
SpawnPoolWorker-38| 2026-06-22 06:11:15,506,506 multiprocessing INFO See log at : ./logs/all_Lyapunov_test_dso-fn_d_all_e_01_log.txt
SpawnPoolWorker-38| 2026-06-22 06:11:15,508,508 multiprocessing INFO child process calling self.run()
SpawnPoolWorker-36| 2026-06-22 06:11:15,508,508 multiprocessing INFO STARTING NEW RUN ==========
SpawnPoolWorker-36| 2026-06-22 06:11:15,508,508 multiprocessing INFO SEE LOG AT : ./logs/all_Lyapunov_test_dso-fn_d_all_e_01_log.txt
SpawnPoolWorker-36| 2026-06-22 06:11:15,508,508 multiprocessing INFO See log at : ./logs/all_Lyapunov_test_dso-fn_d_all_e_01_log.txt
SpawnPoolWorker-36| 2026-06-22 06:11:15,510,510 multiprocessing INFO child process calling self.run()
SpawnPoolWorker-44| 2026-06-22 06:11:15,538,538 multiprocessing INFO STARTING NEW RUN ==========
SpawnPoolWorker-44| 2026-06-22 06:11:15,539,539 multiprocessing INFO SEE LOG AT : ./logs/all_Lyapunov_test_dso-fn_d_all_e_01_log.txt
SpawnPoolWorker-44| 2026-06-22 06:11:15,539,539 multiprocessing INFO See log at : ./logs/all_Lyapunov_test_dso-fn_d_all_e_01_log.txt
SpawnPoolWorker-44| 2026-06-22 06:11:15,541,541 multiprocessing INFO child process calling self.run()
SpawnPoolWorker-41| 2026-06-22 06:11:15,565,565 multiprocessing INFO STARTING NEW RUN ==========
SpawnPoolWorker-41| 2026-06-22 06:11:15,565,565 multiprocessing INFO SEE LOG AT : ./logs/all_Lyapunov_test_dso-fn_d_all_e_01_log.txt
SpawnPoolWorker-41| 2026-06-22 06:11:15,565,565 multiprocessing INFO See log at : ./logs/all_Lyapunov_test_dso-fn_d_all_e_01_log.txt
SpawnPoolWorker-41| 2026-06-22 06:11:15,567,567 multiprocessing INFO child process calling self.run()
SpawnPoolWorker-35| 2026-06-22 06:11:15,597,597 multiprocessing INFO STARTING NEW RUN ==========
SpawnPoolWorker-35| 2026-06-22 06:11:15,597,597 multiprocessing INFO SEE LOG AT : ./logs/all_Lyapunov_test_dso-fn_d_all_e_01_log.txt
SpawnPoolWorker-35| 2026-06-22 06:11:15,597,597 multiprocessing INFO See log at : ./logs/all_Lyapunov_test_dso-fn_d_all_e_01_log.txt
SpawnPoolWorker-35| 2026-06-22 06:11:15,600,600 multiprocessing INFO child process calling self.run()
SpawnPoolWorker-42| 2026-06-22 06:11:15,797,797 multiprocessing INFO STARTING NEW RUN ==========
SpawnPoolWorker-42| 2026-06-22 06:11:15,797,797 multiprocessing INFO SEE LOG AT : ./logs/all_Lyapunov_test_dso-fn_d_all_e_01_log.txt
SpawnPoolWorker-42| 2026-06-22 06:11:15,797,797 multiprocessing INFO See log at : ./logs/all_Lyapunov_test_dso-fn_d_all_e_01_log.txt
SpawnPoolWorker-42| 2026-06-22 06:11:15,798,798 multiprocessing INFO child process calling self.run()
SpawnPoolWorker-43| 2026-06-22 06:11:15,895,895 multiprocessing INFO STARTING NEW RUN ==========
SpawnPoolWorker-43| 2026-06-22 06:11:15,895,895 multiprocessing INFO SEE LOG AT : ./logs/all_Lyapunov_test_dso-fn_d_all_e_01_log.txt
SpawnPoolWorker-43| 2026-06-22 06:11:15,895,895 multiprocessing INFO See log at : ./logs/all_Lyapunov_test_dso-fn_d_all_e_01_log.txt
SpawnPoolWorker-43| 2026-06-22 06:11:15,897,897 multiprocessing INFO child process calling self.run()
SpawnPoolWorker-41| 2026-06-22 06:11:34,537,537 multiprocessing INFO process shutting down
SpawnPoolWorker-39| 2026-06-22 06:11:34,537,537 multiprocessing INFO process shutting down
SpawnPoolWorker-44| 2026-06-22 06:11:34,537,537 multiprocessing INFO process shutting down
SpawnPoolWorker-43| 2026-06-22 06:11:34,537,537 multiprocessing INFO process shutting down
SpawnPoolWorker-41| 2026-06-22 06:11:34,537,537 multiprocessing INFO process exiting with exitcode 0
SpawnPoolWorker-37| 2026-06-22 06:11:34,537,537 multiprocessing INFO process shutting down
SpawnPoolWorker-40| 2026-06-22 06:11:34,537,537 multiprocessing INFO process shutting down
SpawnPoolWorker-39| 2026-06-22 06:11:34,538,538 multiprocessing INFO process exiting with exitcode 0
SpawnPoolWorker-44| 2026-06-22 06:11:34,538,538 multiprocessing INFO process exiting with exitcode 0
SpawnPoolWorker-37| 2026-06-22 06:11:34,538,538 multiprocessing INFO process exiting with exitcode 0
SpawnPoolWorker-43| 2026-06-22 06:11:34,538,538 multiprocessing INFO process exiting with exitcode 0
SpawnPoolWorker-40| 2026-06-22 06:11:34,538,538 multiprocessing INFO process exiting with exitcode 0
SpawnPoolWorker-35| 2026-06-22 06:11:34,537,537 multiprocessing INFO process shutting down
SpawnPoolWorker-42| 2026-06-22 06:11:34,538,538 multiprocessing INFO process shutting down
(20000,)

===================Collect 20000 Examples===================

Epsilon 0.1
500
(550,)
(550,)
(55,)
Number of Programs for Minimization: 28
SpawnPoolWorker-49| 2026-06-22 06:11:52,847,847 multiprocessing INFO STARTING NEW RUN ==========
SpawnPoolWorker-49| 2026-06-22 06:11:52,847,847 multiprocessing INFO SEE LOG AT : ./logs/all_Lyapunov_test_dso-fn_d_all_e_01_log.txt
SpawnPoolWorker-49| 2026-06-22 06:11:52,847,847 multiprocessing INFO See log at : ./logs/all_Lyapunov_test_dso-fn_d_all_e_01_log.txt
SpawnPoolWorker-49| 2026-06-22 06:11:52,849,849 multiprocessing INFO child process calling self.run()
SpawnPoolWorker-52| 2026-06-22 06:11:52,959,959 multiprocessing INFO STARTING NEW RUN ==========
SpawnPoolWorker-52| 2026-06-22 06:11:52,959,959 multiprocessing INFO SEE LOG AT : ./logs/all_Lyapunov_test_dso-fn_d_all_e_01_log.txt
SpawnPoolWorker-52| 2026-06-22 06:11:52,959,959 multiprocessing INFO See log at : ./logs/all_Lyapunov_test_dso-fn_d_all_e_01_log.txt
SpawnPoolWorker-52| 2026-06-22 06:11:52,961,961 multiprocessing INFO child process calling self.run()
SpawnPoolWorker-50| 2026-06-22 06:11:53,194,194 multiprocessing INFO STARTING NEW RUN ==========
SpawnPoolWorker-50| 2026-06-22 06:11:53,194,194 multiprocessing INFO SEE LOG AT : ./logs/all_Lyapunov_test_dso-fn_d_all_e_01_log.txt
SpawnPoolWorker-50| 2026-06-22 06:11:53,194,194 multiprocessing INFO See log at : ./logs/all_Lyapunov_test_dso-fn_d_all_e_01_log.txt
SpawnPoolWorker-50| 2026-06-22 06:11:53,197,197 multiprocessing INFO child process calling self.run()
SpawnPoolWorker-58| 2026-06-22 06:11:53,923,923 multiprocessing INFO STARTING NEW RUN ==========
SpawnPoolWorker-58| 2026-06-22 06:11:53,923,923 multiprocessing INFO SEE LOG AT : ./logs/all_Lyapunov_test_dso-fn_d_all_e_01_log.txt
SpawnPoolWorker-58| 2026-06-22 06:11:53,926,926 multiprocessing INFO See log at : ./logs/all_Lyapunov_test_dso-fn_d_all_e_01_log.txt
SpawnPoolWorker-58| 2026-06-22 06:11:53,931,931 multiprocessing INFO child process calling self.run()
SpawnPoolWorker-59| 2026-06-22 06:11:54,192,192 multiprocessing INFO STARTING NEW RUN ==========
SpawnPoolWorker-59| 2026-06-22 06:11:54,192,192 multiprocessing INFO SEE LOG AT : ./logs/all_Lyapunov_test_dso-fn_d_all_e_01_log.txt
SpawnPoolWorker-59| 2026-06-22 06:11:54,192,192 multiprocessing INFO See log at : ./logs/all_Lyapunov_test_dso-fn_d_all_e_01_log.txt
SpawnPoolWorker-59| 2026-06-22 06:11:54,198,198 multiprocessing INFO child process calling self.run()
SpawnPoolWorker-47| 2026-06-22 06:11:54,199,199 multiprocessing INFO STARTING NEW RUN ==========
SpawnPoolWorker-47| 2026-06-22 06:11:54,199,199 multiprocessing INFO SEE LOG AT : ./logs/all_Lyapunov_test_dso-fn_d_all_e_01_log.txt
SpawnPoolWorker-47| 2026-06-22 06:11:54,199,199 multiprocessing INFO See log at : ./logs/all_Lyapunov_test_dso-fn_d_all_e_01_log.txt
SpawnPoolWorker-47| 2026-06-22 06:11:54,202,202 multiprocessing INFO child process calling self.run()
SpawnPoolWorker-48| 2026-06-22 06:11:54,306,306 multiprocessing INFO STARTING NEW RUN ==========
SpawnPoolWorker-48| 2026-06-22 06:11:54,307,307 multiprocessing INFO SEE LOG AT : ./logs/all_Lyapunov_test_dso-fn_d_all_e_01_log.txt
SpawnPoolWorker-48| 2026-06-22 06:11:54,307,307 multiprocessing INFO See log at : ./logs/all_Lyapunov_test_dso-fn_d_all_e_01_log.txt
SpawnPoolWorker-48| 2026-06-22 06:11:54,308,308 multiprocessing INFO child process calling self.run()
SpawnPoolWorker-55| 2026-06-22 06:11:54,628,628 multiprocessing INFO STARTING NEW RUN ==========
SpawnPoolWorker-55| 2026-06-22 06:11:54,628,628 multiprocessing INFO SEE LOG AT : ./logs/all_Lyapunov_test_dso-fn_d_all_e_01_log.txt
SpawnPoolWorker-55| 2026-06-22 06:11:54,628,628 multiprocessing INFO See log at : ./logs/all_Lyapunov_test_dso-fn_d_all_e_01_log.txt
SpawnPoolWorker-55| 2026-06-22 06:11:54,630,630 multiprocessing INFO child process calling self.run()
SpawnPoolWorker-46| 2026-06-22 06:11:54,776,776 multiprocessing INFO STARTING NEW RUN ==========
SpawnPoolWorker-46| 2026-06-22 06:11:54,777,777 multiprocessing INFO SEE LOG AT : ./logs/all_Lyapunov_test_dso-fn_d_all_e_01_log.txt
SpawnPoolWorker-46| 2026-06-22 06:11:54,777,777 multiprocessing INFO See log at : ./logs/all_Lyapunov_test_dso-fn_d_all_e_01_log.txt
SpawnPoolWorker-63| 2026-06-22 06:11:54,777,777 multiprocessing INFO STARTING NEW RUN ==========
SpawnPoolWorker-63| 2026-06-22 06:11:54,777,777 multiprocessing INFO SEE LOG AT : ./logs/all_Lyapunov_test_dso-fn_d_all_e_01_log.txt
SpawnPoolWorker-63| 2026-06-22 06:11:54,777,777 multiprocessing INFO See log at : ./logs/all_Lyapunov_test_dso-fn_d_all_e_01_log.txt
SpawnPoolWorker-46| 2026-06-22 06:11:54,782,782 multiprocessing INFO child process calling self.run()
SpawnPoolWorker-63| 2026-06-22 06:11:54,784,784 multiprocessing INFO child process calling self.run()
SpawnPoolWorker-45| 2026-06-22 06:11:54,869,869 multiprocessing INFO STARTING NEW RUN ==========
SpawnPoolWorker-45| 2026-06-22 06:11:54,869,869 multiprocessing INFO SEE LOG AT : ./logs/all_Lyapunov_test_dso-fn_d_all_e_01_log.txt
SpawnPoolWorker-45| 2026-06-22 06:11:54,869,869 multiprocessing INFO See log at : ./logs/all_Lyapunov_test_dso-fn_d_all_e_01_log.txt
SpawnPoolWorker-45| 2026-06-22 06:11:54,873,873 multiprocessing INFO child process calling self.run()
SpawnPoolWorker-56| 2026-06-22 06:11:55,064,64 multiprocessing INFO STARTING NEW RUN ==========
SpawnPoolWorker-56| 2026-06-22 06:11:55,064,64 multiprocessing INFO SEE LOG AT : ./logs/all_Lyapunov_test_dso-fn_d_all_e_01_log.txt
SpawnPoolWorker-56| 2026-06-22 06:11:55,064,64 multiprocessing INFO See log at : ./logs/all_Lyapunov_test_dso-fn_d_all_e_01_log.txt
SpawnPoolWorker-56| 2026-06-22 06:11:55,066,66 multiprocessing INFO child process calling self.run()
SpawnPoolWorker-66| 2026-06-22 06:11:55,108,108 multiprocessing INFO STARTING NEW RUN ==========
SpawnPoolWorker-66| 2026-06-22 06:11:55,108,108 multiprocessing INFO SEE LOG AT : ./logs/all_Lyapunov_test_dso-fn_d_all_e_01_log.txt
SpawnPoolWorker-66| 2026-06-22 06:11:55,108,108 multiprocessing INFO See log at : ./logs/all_Lyapunov_test_dso-fn_d_all_e_01_log.txt
SpawnPoolWorker-66| 2026-06-22 06:11:55,117,117 multiprocessing INFO child process calling self.run()
SpawnPoolWorker-60| 2026-06-22 06:11:55,233,233 multiprocessing INFO STARTING NEW RUN ==========
SpawnPoolWorker-60| 2026-06-22 06:11:55,233,233 multiprocessing INFO SEE LOG AT : ./logs/all_Lyapunov_test_dso-fn_d_all_e_01_log.txt
SpawnPoolWorker-60| 2026-06-22 06:11:55,233,233 multiprocessing INFO See log at : ./logs/all_Lyapunov_test_dso-fn_d_all_e_01_log.txt
SpawnPoolWorker-60| 2026-06-22 06:11:55,247,247 multiprocessing INFO child process calling self.run()
SpawnPoolWorker-53| 2026-06-22 06:11:55,554,554 multiprocessing INFO STARTING NEW RUN ==========
SpawnPoolWorker-53| 2026-06-22 06:11:55,555,555 multiprocessing INFO SEE LOG AT : ./logs/all_Lyapunov_test_dso-fn_d_all_e_01_log.txt
SpawnPoolWorker-53| 2026-06-22 06:11:55,555,555 multiprocessing INFO See log at : ./logs/all_Lyapunov_test_dso-fn_d_all_e_01_log.txt
SpawnPoolWorker-53| 2026-06-22 06:11:55,558,558 multiprocessing INFO child process calling self.run()
SpawnPoolWorker-57| 2026-06-22 06:11:55,931,931 multiprocessing INFO STARTING NEW RUN ==========
SpawnPoolWorker-57| 2026-06-22 06:11:55,931,931 multiprocessing INFO SEE LOG AT : ./logs/all_Lyapunov_test_dso-fn_d_all_e_01_log.txt
SpawnPoolWorker-57| 2026-06-22 06:11:55,931,931 multiprocessing INFO See log at : ./logs/all_Lyapunov_test_dso-fn_d_all_e_01_log.txt
SpawnPoolWorker-57| 2026-06-22 06:11:55,945,945 multiprocessing INFO child process calling self.run()
SpawnPoolWorker-54| 2026-06-22 06:11:55,979,979 multiprocessing INFO STARTING NEW RUN ==========
SpawnPoolWorker-54| 2026-06-22 06:11:55,979,979 multiprocessing INFO SEE LOG AT : ./logs/all_Lyapunov_test_dso-fn_d_all_e_01_log.txt
SpawnPoolWorker-54| 2026-06-22 06:11:55,979,979 multiprocessing INFO See log at : ./logs/all_Lyapunov_test_dso-fn_d_all_e_01_log.txt
SpawnPoolWorker-54| 2026-06-22 06:11:55,981,981 multiprocessing INFO child process calling self.run()
SpawnPoolWorker-51| 2026-06-22 06:11:56,426,426 multiprocessing INFO STARTING NEW RUN ==========
SpawnPoolWorker-51| 2026-06-22 06:11:56,427,427 multiprocessing INFO SEE LOG AT : ./logs/all_Lyapunov_test_dso-fn_d_all_e_01_log.txt
SpawnPoolWorker-51| 2026-06-22 06:11:56,427,427 multiprocessing INFO See log at : ./logs/all_Lyapunov_test_dso-fn_d_all_e_01_log.txt
SpawnPoolWorker-51| 2026-06-22 06:11:56,428,428 multiprocessing INFO child process calling self.run()
SpawnPoolWorker-62| 2026-06-22 06:11:57,089,89 multiprocessing INFO STARTING NEW RUN ==========
SpawnPoolWorker-62| 2026-06-22 06:11:57,089,89 multiprocessing INFO SEE LOG AT : ./logs/all_Lyapunov_test_dso-fn_d_all_e_01_log.txt
SpawnPoolWorker-62| 2026-06-22 06:11:57,089,89 multiprocessing INFO See log at : ./logs/all_Lyapunov_test_dso-fn_d_all_e_01_log.txt
SpawnPoolWorker-62| 2026-06-22 06:11:57,090,90 multiprocessing INFO child process calling self.run()
SpawnPoolWorker-68| 2026-06-22 06:11:57,209,209 multiprocessing INFO STARTING NEW RUN ==========
SpawnPoolWorker-68| 2026-06-22 06:11:57,209,209 multiprocessing INFO SEE LOG AT : ./logs/all_Lyapunov_test_dso-fn_d_all_e_01_log.txt
SpawnPoolWorker-68| 2026-06-22 06:11:57,209,209 multiprocessing INFO See log at : ./logs/all_Lyapunov_test_dso-fn_d_all_e_01_log.txt
SpawnPoolWorker-68| 2026-06-22 06:11:57,211,211 multiprocessing INFO child process calling self.run()
SpawnPoolWorker-61| 2026-06-22 06:11:57,323,323 multiprocessing INFO STARTING NEW RUN ==========
SpawnPoolWorker-61| 2026-06-22 06:11:57,323,323 multiprocessing INFO SEE LOG AT : ./logs/all_Lyapunov_test_dso-fn_d_all_e_01_log.txt
SpawnPoolWorker-61| 2026-06-22 06:11:57,323,323 multiprocessing INFO See log at : ./logs/all_Lyapunov_test_dso-fn_d_all_e_01_log.txt
SpawnPoolWorker-61| 2026-06-22 06:11:57,325,325 multiprocessing INFO child process calling self.run()
SpawnPoolWorker-64| 2026-06-22 06:11:57,366,366 multiprocessing INFO STARTING NEW RUN ==========
SpawnPoolWorker-64| 2026-06-22 06:11:57,366,366 multiprocessing INFO SEE LOG AT : ./logs/all_Lyapunov_test_dso-fn_d_all_e_01_log.txt
SpawnPoolWorker-64| 2026-06-22 06:11:57,366,366 multiprocessing INFO See log at : ./logs/all_Lyapunov_test_dso-fn_d_all_e_01_log.txt
SpawnPoolWorker-64| 2026-06-22 06:11:57,368,368 multiprocessing INFO child process calling self.run()
SpawnPoolWorker-67| 2026-06-22 06:11:57,608,608 multiprocessing INFO STARTING NEW RUN ==========
SpawnPoolWorker-67| 2026-06-22 06:11:57,608,608 multiprocessing INFO SEE LOG AT : ./logs/all_Lyapunov_test_dso-fn_d_all_e_01_log.txt
SpawnPoolWorker-67| 2026-06-22 06:11:57,608,608 multiprocessing INFO See log at : ./logs/all_Lyapunov_test_dso-fn_d_all_e_01_log.txt
SpawnPoolWorker-67| 2026-06-22 06:11:57,610,610 multiprocessing INFO child process calling self.run()
SpawnPoolWorker-65| 2026-06-22 06:11:57,679,679 multiprocessing INFO STARTING NEW RUN ==========
SpawnPoolWorker-65| 2026-06-22 06:11:57,679,679 multiprocessing INFO SEE LOG AT : ./logs/all_Lyapunov_test_dso-fn_d_all_e_01_log.txt
SpawnPoolWorker-65| 2026-06-22 06:11:57,679,679 multiprocessing INFO See log at : ./logs/all_Lyapunov_test_dso-fn_d_all_e_01_log.txt
SpawnPoolWorker-65| 2026-06-22 06:11:57,680,680 multiprocessing INFO child process calling self.run()
SpawnPoolWorker-51| 2026-06-22 06:11:57,776,776 multiprocessing INFO process shutting down
SpawnPoolWorker-51| 2026-06-22 06:11:57,776,776 multiprocessing INFO process exiting with exitcode 0
SpawnPoolWorker-55| 2026-06-22 06:11:57,776,776 multiprocessing INFO process shutting down
SpawnPoolWorker-48| 2026-06-22 06:11:57,776,776 multiprocessing INFO process shutting down
SpawnPoolWorker-62| 2026-06-22 06:11:57,776,776 multiprocessing INFO process shutting down
SpawnPoolWorker-55| 2026-06-22 06:11:57,776,776 multiprocessing INFO process exiting with exitcode 0
SpawnPoolWorker-56| 2026-06-22 06:11:57,776,776 multiprocessing INFO process shutting down
SpawnPoolWorker-58| 2026-06-22 06:11:57,777,777 multiprocessing INFO process shutting down
SpawnPoolWorker-68| 2026-06-22 06:11:57,777,777 multiprocessing INFO process shutting down
SpawnPoolWorker-49| 2026-06-22 06:11:57,776,776 multiprocessing INFO process shutting down
SpawnPoolWorker-61| 2026-06-22 06:11:57,777,777 multiprocessing INFO process shutting down
SpawnPoolWorker-46| 2026-06-22 06:11:57,777,777 multiprocessing INFO process shutting down
SpawnPoolWorker-64| 2026-06-22 06:11:57,777,777 multiprocessing INFO process shutting down
SpawnPoolWorker-63| 2026-06-22 06:11:57,777,777 multiprocessing INFO process shutting down
SpawnPoolWorker-66| 2026-06-22 06:11:57,777,777 multiprocessing INFO process shutting down
SpawnPoolWorker-57| 2026-06-22 06:11:57,777,777 multiprocessing INFO process shutting down
SpawnPoolWorker-67| 2026-06-22 06:11:57,777,777 multiprocessing INFO process shutting down
SpawnPoolWorker-47| 2026-06-22 06:11:57,777,777 multiprocessing INFO process shutting down
SpawnPoolWorker-45| 2026-06-22 06:11:57,777,777 multiprocessing INFO process shutting down
SpawnPoolWorker-65| 2026-06-22 06:11:57,777,777 multiprocessing INFO process shutting down
SpawnPoolWorker-52| 2026-06-22 06:11:57,777,777 multiprocessing INFO process shutting down
SpawnPoolWorker-60| 2026-06-22 06:11:57,777,777 multiprocessing INFO process shutting down
SpawnPoolWorker-50| 2026-06-22 06:11:57,777,777 multiprocessing INFO process shutting down
SpawnPoolWorker-54| 2026-06-22 06:11:57,777,777 multiprocessing INFO process shutting down
SpawnPoolWorker-54| 2026-06-22 06:11:57,778,778 multiprocessing INFO process exiting with exitcode 0
SpawnPoolWorker-62| 2026-06-22 06:11:57,778,778 multiprocessing INFO process exiting with exitcode 0
28
(100000, 6)
(100000,)
(100000, 6)
(100000,)

=======================Successfully Added (50000, 6) Counter Examples=======================


============None of the candidates fulfill the conditions. Training CONTINUES!=================

MainProcess| 2026-06-22 06:11:59,893,893 multiprocessing INFO 
============None of the candidates fulfill the conditions. Training CONTINUES!=================


============None of the candidates fulfill the conditions. Training CONTINUES!=================

(55, 114)
/users/9/chen8596/miniconda3/envs/alfd/lib/python3.9/site-packages/torch/nn/functional.py:4999: UserWarning: Support for mismatched key_padding_mask and attn_mask is deprecated. Use same type for both instead.
  warnings.warn(

==============Start Supervised Learning==============

MainProcess| 2026-06-22 06:12:03,445,445 multiprocessing INFO GP output mean: 0.9610477533900517
GP output mean: 0.9610477533900517
MainProcess| 2026-06-22 06:12:03,924,924 multiprocessing INFO GP output success rate: 0.0
GP output success rate: 0.0

==============End Supervised Learning==============

/users/9/chen8596/LyaDis/repro/runs/lossless6d/utils/train.py:971: RuntimeWarning: divide by zero encountered in divide
  error = np.abs(((y_hat - y) / y))
/users/9/chen8596/.local/lib/python3.9/site-packages/scipy/stats/_stats_py.py:4424: ConstantInputWarning: An input array is constant; the correlation coefficient is not defined.
  warnings.warn(stats.ConstantInputWarning(msg))
MainProcess| 2026-06-22 06:12:06,052,52 multiprocessing INFO [Test epoch=0002]  nevals=27660 	| train_loss=7736.14600 	| eqs_invalid %=0.73 	| r_best=0.96075 	| quantile=0.59248 	| r_quantile_mean=0.92016 	| r_raw_sum=59.27661 	|  r_raw_mean=0.75034 	| r2=nan 	| acc_iid=0.00000 	| acc_ood=0.00000 	| nmse_test=0.029295056295521146 	| true_equation_set_count=0 	| s/it=292.84459
[Test epoch=0002]  nevals=27660 	| train_loss=7736.14600 	| eqs_invalid %=0.73 	| r_best=0.96075 	| quantile=0.59248 	| r_quantile_mean=0.92016 	| r_raw_sum=59.27661 	|  r_raw_mean=0.75034 	| r2=nan 	| acc_iid=0.00000 	| acc_ood=0.00000 	| nmse_test=0.029295056295521146 	| true_equation_set_count=0 	| s/it=292.84459
MainProcess| 2026-06-22 06:12:06,052,52 multiprocessing INFO [00:00:07:00.71] Training epoch 2/4000, current best R: 0.9607
[00:00:07:00.71] Training epoch 2/4000, current best R: 0.9607
MainProcess| 2026-06-22 06:12:06,052,52 multiprocessing INFO 
	** New best

	** New best
MainProcess| 2026-06-22 06:12:06,052,52 multiprocessing INFO 	Reward: 0.9607467613970618
	Reward: 0.9607467613970618
MainProcess| 2026-06-22 06:12:06,052,52 multiprocessing INFO 	Count Off-policy: 1
	Count Off-policy: 1
MainProcess| 2026-06-22 06:12:06,052,52 multiprocessing INFO 	Count On-policy: 0
	Count On-policy: 0
MainProcess| 2026-06-22 06:12:06,052,52 multiprocessing INFO 	Originally on Policy: False
	Originally on Policy: False
MainProcess| 2026-06-22 06:12:06,052,52 multiprocessing INFO 	Invalid: False
	Invalid: False
MainProcess| 2026-06-22 06:12:06,052,52 multiprocessing INFO 	Traversal: add,add,n2,x6,n2,add,n2,x4,mul,n2,x1,cos,mul,x3,x2,n2,add,x5,n2,x4
	Traversal: add,add,n2,x6,n2,add,n2,x4,mul,n2,x1,cos,mul,x3,x2,n2,add,x5,n2,x4
MainProcess| 2026-06-22 06:12:06,052,52 multiprocessing INFO 	Expression:
	Expression:
MainProcess| 2026-06-22 06:12:06,054,54 multiprocessing INFO 
	                  2                         2
	    2   ⎛  2     ⎞    ⎛  2                2⎞ 
	  x₆  + ⎝x₄  + x₅⎠  + ⎝x₁ ⋅cos(x₂⋅x₃) + x₄ ⎠ 


	                  2                         2
	    2   ⎛  2     ⎞    ⎛  2                2⎞ 
	  x₆  + ⎝x₄  + x₅⎠  + ⎝x₁ ⋅cos(x₂⋅x₃) + x₄ ⎠ 

MainProcess| 2026-06-22 06:16:33,148,148 multiprocessing INFO Genetic Porgramming Runtime 266.23481485503726
Genetic Porgramming Runtime 266.23481485503726

=========================PGD Collection Starts=========================

SpawnPoolWorker-70| 2026-06-22 06:16:38,478,478 multiprocessing INFO STARTING NEW RUN ==========
SpawnPoolWorker-70| 2026-06-22 06:16:38,478,478 multiprocessing INFO SEE LOG AT : ./logs/all_Lyapunov_test_dso-fn_d_all_e_01_log.txt
SpawnPoolWorker-70| 2026-06-22 06:16:38,478,478 multiprocessing INFO See log at : ./logs/all_Lyapunov_test_dso-fn_d_all_e_01_log.txt
SpawnPoolWorker-70| 2026-06-22 06:16:38,480,480 multiprocessing INFO child process calling self.run()
SpawnPoolWorker-76| 2026-06-22 06:16:38,481,481 multiprocessing INFO STARTING NEW RUN ==========
SpawnPoolWorker-76| 2026-06-22 06:16:38,481,481 multiprocessing INFO SEE LOG AT : ./logs/all_Lyapunov_test_dso-fn_d_all_e_01_log.txt
SpawnPoolWorker-76| 2026-06-22 06:16:38,482,482 multiprocessing INFO See log at : ./logs/all_Lyapunov_test_dso-fn_d_all_e_01_log.txt
SpawnPoolWorker-76| 2026-06-22 06:16:38,483,483 multiprocessing INFO child process calling self.run()
SpawnPoolWorker-69| 2026-06-22 06:16:38,483,483 multiprocessing INFO STARTING NEW RUN ==========
SpawnPoolWorker-78| 2026-06-22 06:16:38,483,483 multiprocessing INFO STARTING NEW RUN ==========
SpawnPoolWorker-69| 2026-06-22 06:16:38,484,484 multiprocessing INFO SEE LOG AT : ./logs/all_Lyapunov_test_dso-fn_d_all_e_01_log.txt
SpawnPoolWorker-78| 2026-06-22 06:16:38,484,484 multiprocessing INFO SEE LOG AT : ./logs/all_Lyapunov_test_dso-fn_d_all_e_01_log.txt
SpawnPoolWorker-69| 2026-06-22 06:16:38,484,484 multiprocessing INFO See log at : ./logs/all_Lyapunov_test_dso-fn_d_all_e_01_log.txt
SpawnPoolWorker-78| 2026-06-22 06:16:38,484,484 multiprocessing INFO See log at : ./logs/all_Lyapunov_test_dso-fn_d_all_e_01_log.txt
SpawnPoolWorker-72| 2026-06-22 06:16:38,484,484 multiprocessing INFO STARTING NEW RUN ==========
SpawnPoolWorker-78| 2026-06-22 06:16:38,485,485 multiprocessing INFO child process calling self.run()
SpawnPoolWorker-69| 2026-06-22 06:16:38,485,485 multiprocessing INFO child process calling self.run()
SpawnPoolWorker-72| 2026-06-22 06:16:38,486,486 multiprocessing INFO SEE LOG AT : ./logs/all_Lyapunov_test_dso-fn_d_all_e_01_log.txt
SpawnPoolWorker-72| 2026-06-22 06:16:38,486,486 multiprocessing INFO See log at : ./logs/all_Lyapunov_test_dso-fn_d_all_e_01_log.txt
SpawnPoolWorker-71| 2026-06-22 06:16:38,486,486 multiprocessing INFO STARTING NEW RUN ==========
SpawnPoolWorker-71| 2026-06-22 06:16:38,486,486 multiprocessing INFO SEE LOG AT : ./logs/all_Lyapunov_test_dso-fn_d_all_e_01_log.txt
SpawnPoolWorker-71| 2026-06-22 06:16:38,486,486 multiprocessing INFO See log at : ./logs/all_Lyapunov_test_dso-fn_d_all_e_01_log.txt
SpawnPoolWorker-72| 2026-06-22 06:16:38,487,487 multiprocessing INFO child process calling self.run()
SpawnPoolWorker-71| 2026-06-22 06:16:38,488,488 multiprocessing INFO child process calling self.run()
SpawnPoolWorker-74| 2026-06-22 06:16:38,488,488 multiprocessing INFO STARTING NEW RUN ==========
SpawnPoolWorker-73| 2026-06-22 06:16:38,488,488 multiprocessing INFO STARTING NEW RUN ==========
SpawnPoolWorker-74| 2026-06-22 06:16:38,488,488 multiprocessing INFO SEE LOG AT : ./logs/all_Lyapunov_test_dso-fn_d_all_e_01_log.txt
SpawnPoolWorker-73| 2026-06-22 06:16:38,488,488 multiprocessing INFO SEE LOG AT : ./logs/all_Lyapunov_test_dso-fn_d_all_e_01_log.txt
SpawnPoolWorker-74| 2026-06-22 06:16:38,488,488 multiprocessing INFO See log at : ./logs/all_Lyapunov_test_dso-fn_d_all_e_01_log.txt
SpawnPoolWorker-73| 2026-06-22 06:16:38,488,488 multiprocessing INFO See log at : ./logs/all_Lyapunov_test_dso-fn_d_all_e_01_log.txt
SpawnPoolWorker-74| 2026-06-22 06:16:38,489,489 multiprocessing INFO child process calling self.run()
SpawnPoolWorker-75| 2026-06-22 06:16:38,489,489 multiprocessing INFO STARTING NEW RUN ==========
SpawnPoolWorker-73| 2026-06-22 06:16:38,490,490 multiprocessing INFO child process calling self.run()
SpawnPoolWorker-75| 2026-06-22 06:16:38,490,490 multiprocessing INFO SEE LOG AT : ./logs/all_Lyapunov_test_dso-fn_d_all_e_01_log.txt
SpawnPoolWorker-75| 2026-06-22 06:16:38,490,490 multiprocessing INFO See log at : ./logs/all_Lyapunov_test_dso-fn_d_all_e_01_log.txt
SpawnPoolWorker-75| 2026-06-22 06:16:38,492,492 multiprocessing INFO child process calling self.run()
SpawnPoolWorker-77| 2026-06-22 06:16:38,548,548 multiprocessing INFO STARTING NEW RUN ==========
SpawnPoolWorker-77| 2026-06-22 06:16:38,548,548 multiprocessing INFO SEE LOG AT : ./logs/all_Lyapunov_test_dso-fn_d_all_e_01_log.txt
SpawnPoolWorker-77| 2026-06-22 06:16:38,548,548 multiprocessing INFO See log at : ./logs/all_Lyapunov_test_dso-fn_d_all_e_01_log.txt
SpawnPoolWorker-77| 2026-06-22 06:16:38,550,550 multiprocessing INFO child process calling self.run()
SpawnPoolWorker-75| 2026-06-22 06:17:01,594,594 multiprocessing INFO process shutting down
SpawnPoolWorker-74| 2026-06-22 06:17:01,594,594 multiprocessing INFO process shutting down
SpawnPoolWorker-69| 2026-06-22 06:17:01,594,594 multiprocessing INFO process shutting down
SpawnPoolWorker-75| 2026-06-22 06:17:01,594,594 multiprocessing INFO process exiting with exitcode 0
SpawnPoolWorker-74| 2026-06-22 06:17:01,594,594 multiprocessing INFO process exiting with exitcode 0
SpawnPoolWorker-72| 2026-06-22 06:17:01,594,594 multiprocessing INFO process shutting down
SpawnPoolWorker-76| 2026-06-22 06:17:01,594,594 multiprocessing INFO process shutting down
SpawnPoolWorker-69| 2026-06-22 06:17:01,594,594 multiprocessing INFO process exiting with exitcode 0
SpawnPoolWorker-73| 2026-06-22 06:17:01,594,594 multiprocessing INFO process shutting down
SpawnPoolWorker-71| 2026-06-22 06:17:01,594,594 multiprocessing INFO process shutting down
SpawnPoolWorker-76| 2026-06-22 06:17:01,595,595 multiprocessing INFO process exiting with exitcode 0
SpawnPoolWorker-72| 2026-06-22 06:17:01,595,595 multiprocessing INFO process exiting with exitcode 0
SpawnPoolWorker-71| 2026-06-22 06:17:01,595,595 multiprocessing INFO process exiting with exitcode 0
SpawnPoolWorker-73| 2026-06-22 06:17:01,595,595 multiprocessing INFO process exiting with exitcode 0
SpawnPoolWorker-78| 2026-06-22 06:17:01,595,595 multiprocessing INFO process shutting down
(20000,)

===================Collect 20000 Examples===================

Epsilon 0.1
500
(550,)
(550,)
(55,)
Number of Programs for Minimization: 28
SpawnPoolWorker-91| 2026-06-22 06:17:20,496,496 multiprocessing INFO STARTING NEW RUN ==========
SpawnPoolWorker-91| 2026-06-22 06:17:20,497,497 multiprocessing INFO SEE LOG AT : ./logs/all_Lyapunov_test_dso-fn_d_all_e_01_log.txt
SpawnPoolWorker-91| 2026-06-22 06:17:20,497,497 multiprocessing INFO See log at : ./logs/all_Lyapunov_test_dso-fn_d_all_e_01_log.txt
SpawnPoolWorker-91| 2026-06-22 06:17:20,500,500 multiprocessing INFO child process calling self.run()
SpawnPoolWorker-79| 2026-06-22 06:17:20,610,610 multiprocessing INFO STARTING NEW RUN ==========
SpawnPoolWorker-79| 2026-06-22 06:17:20,610,610 multiprocessing INFO SEE LOG AT : ./logs/all_Lyapunov_test_dso-fn_d_all_e_01_log.txt
SpawnPoolWorker-79| 2026-06-22 06:17:20,610,610 multiprocessing INFO See log at : ./logs/all_Lyapunov_test_dso-fn_d_all_e_01_log.txt
SpawnPoolWorker-79| 2026-06-22 06:17:20,613,613 multiprocessing INFO child process calling self.run()
SpawnPoolWorker-97| 2026-06-22 06:17:21,107,107 multiprocessing INFO STARTING NEW RUN ==========
SpawnPoolWorker-97| 2026-06-22 06:17:21,107,107 multiprocessing INFO SEE LOG AT : ./logs/all_Lyapunov_test_dso-fn_d_all_e_01_log.txt
SpawnPoolWorker-97| 2026-06-22 06:17:21,108,108 multiprocessing INFO See log at : ./logs/all_Lyapunov_test_dso-fn_d_all_e_01_log.txt
SpawnPoolWorker-97| 2026-06-22 06:17:21,109,109 multiprocessing INFO child process calling self.run()
SpawnPoolWorker-87| 2026-06-22 06:17:21,147,147 multiprocessing INFO STARTING NEW RUN ==========
SpawnPoolWorker-87| 2026-06-22 06:17:21,147,147 multiprocessing INFO SEE LOG AT : ./logs/all_Lyapunov_test_dso-fn_d_all_e_01_log.txt
SpawnPoolWorker-87| 2026-06-22 06:17:21,147,147 multiprocessing INFO See log at : ./logs/all_Lyapunov_test_dso-fn_d_all_e_01_log.txt
SpawnPoolWorker-87| 2026-06-22 06:17:21,150,150 multiprocessing INFO child process calling self.run()
SpawnPoolWorker-85| 2026-06-22 06:17:21,485,485 multiprocessing INFO STARTING NEW RUN ==========
SpawnPoolWorker-85| 2026-06-22 06:17:21,485,485 multiprocessing INFO SEE LOG AT : ./logs/all_Lyapunov_test_dso-fn_d_all_e_01_log.txt
SpawnPoolWorker-85| 2026-06-22 06:17:21,485,485 multiprocessing INFO See log at : ./logs/all_Lyapunov_test_dso-fn_d_all_e_01_log.txt
SpawnPoolWorker-85| 2026-06-22 06:17:21,490,490 multiprocessing INFO child process calling self.run()
SpawnPoolWorker-99| 2026-06-22 06:17:21,490,490 multiprocessing INFO STARTING NEW RUN ==========
SpawnPoolWorker-99| 2026-06-22 06:17:21,490,490 multiprocessing INFO SEE LOG AT : ./logs/all_Lyapunov_test_dso-fn_d_all_e_01_log.txt
SpawnPoolWorker-99| 2026-06-22 06:17:21,490,490 multiprocessing INFO See log at : ./logs/all_Lyapunov_test_dso-fn_d_all_e_01_log.txt
SpawnPoolWorker-99| 2026-06-22 06:17:21,492,492 multiprocessing INFO child process calling self.run()
SpawnPoolWorker-83| 2026-06-22 06:17:21,732,732 multiprocessing INFO STARTING NEW RUN ==========
SpawnPoolWorker-83| 2026-06-22 06:17:21,732,732 multiprocessing INFO SEE LOG AT : ./logs/all_Lyapunov_test_dso-fn_d_all_e_01_log.txt
SpawnPoolWorker-83| 2026-06-22 06:17:21,732,732 multiprocessing INFO See log at : ./logs/all_Lyapunov_test_dso-fn_d_all_e_01_log.txt
SpawnPoolWorker-83| 2026-06-22 06:17:21,735,735 multiprocessing INFO child process calling self.run()
SpawnPoolWorker-96| 2026-06-22 06:17:21,827,827 multiprocessing INFO STARTING NEW RUN ==========
SpawnPoolWorker-96| 2026-06-22 06:17:21,827,827 multiprocessing INFO SEE LOG AT : ./logs/all_Lyapunov_test_dso-fn_d_all_e_01_log.txt
SpawnPoolWorker-96| 2026-06-22 06:17:21,828,828 multiprocessing INFO See log at : ./logs/all_Lyapunov_test_dso-fn_d_all_e_01_log.txt
SpawnPoolWorker-96| 2026-06-22 06:17:21,830,830 multiprocessing INFO child process calling self.run()
SpawnPoolWorker-82| 2026-06-22 06:17:22,136,136 multiprocessing INFO STARTING NEW RUN ==========
SpawnPoolWorker-82| 2026-06-22 06:17:22,136,136 multiprocessing INFO SEE LOG AT : ./logs/all_Lyapunov_test_dso-fn_d_all_e_01_log.txt
SpawnPoolWorker-82| 2026-06-22 06:17:22,136,136 multiprocessing INFO See log at : ./logs/all_Lyapunov_test_dso-fn_d_all_e_01_log.txt
SpawnPoolWorker-82| 2026-06-22 06:17:22,137,137 multiprocessing INFO child process calling self.run()
SpawnPoolWorker-86| 2026-06-22 06:17:22,356,356 multiprocessing INFO STARTING NEW RUN ==========
SpawnPoolWorker-86| 2026-06-22 06:17:22,356,356 multiprocessing INFO SEE LOG AT : ./logs/all_Lyapunov_test_dso-fn_d_all_e_01_log.txt
SpawnPoolWorker-86| 2026-06-22 06:17:22,356,356 multiprocessing INFO See log at : ./logs/all_Lyapunov_test_dso-fn_d_all_e_01_log.txt
SpawnPoolWorker-86| 2026-06-22 06:17:22,359,359 multiprocessing INFO child process calling self.run()
SpawnPoolWorker-94| 2026-06-22 06:17:22,576,576 multiprocessing INFO STARTING NEW RUN ==========
SpawnPoolWorker-94| 2026-06-22 06:17:22,576,576 multiprocessing INFO SEE LOG AT : ./logs/all_Lyapunov_test_dso-fn_d_all_e_01_log.txt
SpawnPoolWorker-94| 2026-06-22 06:17:22,576,576 multiprocessing INFO See log at : ./logs/all_Lyapunov_test_dso-fn_d_all_e_01_log.txt
SpawnPoolWorker-94| 2026-06-22 06:17:22,579,579 multiprocessing INFO child process calling self.run()
SpawnPoolWorker-93| 2026-06-22 06:17:22,739,739 multiprocessing INFO STARTING NEW RUN ==========
SpawnPoolWorker-93| 2026-06-22 06:17:22,740,740 multiprocessing INFO SEE LOG AT : ./logs/all_Lyapunov_test_dso-fn_d_all_e_01_log.txt
SpawnPoolWorker-93| 2026-06-22 06:17:22,740,740 multiprocessing INFO See log at : ./logs/all_Lyapunov_test_dso-fn_d_all_e_01_log.txt
SpawnPoolWorker-93| 2026-06-22 06:17:22,749,749 multiprocessing INFO child process calling self.run()
SpawnPoolWorker-81| 2026-06-22 06:17:23,650,650 multiprocessing INFO STARTING NEW RUN ==========
SpawnPoolWorker-81| 2026-06-22 06:17:23,650,650 multiprocessing INFO SEE LOG AT : ./logs/all_Lyapunov_test_dso-fn_d_all_e_01_log.txt
SpawnPoolWorker-81| 2026-06-22 06:17:23,650,650 multiprocessing INFO See log at : ./logs/all_Lyapunov_test_dso-fn_d_all_e_01_log.txt
SpawnPoolWorker-81| 2026-06-22 06:17:23,656,656 multiprocessing INFO child process calling self.run()
SpawnPoolWorker-95| 2026-06-22 06:17:23,657,657 multiprocessing INFO STARTING NEW RUN ==========
SpawnPoolWorker-95| 2026-06-22 06:17:23,657,657 multiprocessing INFO SEE LOG AT : ./logs/all_Lyapunov_test_dso-fn_d_all_e_01_log.txt
SpawnPoolWorker-95| 2026-06-22 06:17:23,657,657 multiprocessing INFO See log at : ./logs/all_Lyapunov_test_dso-fn_d_all_e_01_log.txt
SpawnPoolWorker-95| 2026-06-22 06:17:23,673,673 multiprocessing INFO child process calling self.run()
SpawnPoolWorker-80| 2026-06-22 06:17:23,738,738 multiprocessing INFO STARTING NEW RUN ==========
SpawnPoolWorker-80| 2026-06-22 06:17:23,738,738 multiprocessing INFO SEE LOG AT : ./logs/all_Lyapunov_test_dso-fn_d_all_e_01_log.txt
SpawnPoolWorker-80| 2026-06-22 06:17:23,738,738 multiprocessing INFO See log at : ./logs/all_Lyapunov_test_dso-fn_d_all_e_01_log.txt
SpawnPoolWorker-80| 2026-06-22 06:17:23,743,743 multiprocessing INFO child process calling self.run()
SpawnPoolWorker-89| 2026-06-22 06:17:23,745,745 multiprocessing INFO STARTING NEW RUN ==========
SpawnPoolWorker-89| 2026-06-22 06:17:23,749,749 multiprocessing INFO SEE LOG AT : ./logs/all_Lyapunov_test_dso-fn_d_all_e_01_log.txt
SpawnPoolWorker-89| 2026-06-22 06:17:23,749,749 multiprocessing INFO See log at : ./logs/all_Lyapunov_test_dso-fn_d_all_e_01_log.txt
SpawnPoolWorker-89| 2026-06-22 06:17:23,755,755 multiprocessing INFO child process calling self.run()
SpawnPoolWorker-84| 2026-06-22 06:17:23,797,797 multiprocessing INFO STARTING NEW RUN ==========
SpawnPoolWorker-84| 2026-06-22 06:17:23,797,797 multiprocessing INFO SEE LOG AT : ./logs/all_Lyapunov_test_dso-fn_d_all_e_01_log.txt
SpawnPoolWorker-84| 2026-06-22 06:17:23,797,797 multiprocessing INFO See log at : ./logs/all_Lyapunov_test_dso-fn_d_all_e_01_log.txt
SpawnPoolWorker-84| 2026-06-22 06:17:23,799,799 multiprocessing INFO child process calling self.run()
SpawnPoolWorker-92| 2026-06-22 06:17:24,160,160 multiprocessing INFO STARTING NEW RUN ==========
SpawnPoolWorker-92| 2026-06-22 06:17:24,160,160 multiprocessing INFO SEE LOG AT : ./logs/all_Lyapunov_test_dso-fn_d_all_e_01_log.txt
SpawnPoolWorker-92| 2026-06-22 06:17:24,160,160 multiprocessing INFO See log at : ./logs/all_Lyapunov_test_dso-fn_d_all_e_01_log.txt
SpawnPoolWorker-92| 2026-06-22 06:17:24,163,163 multiprocessing INFO child process calling self.run()
SpawnPoolWorker-98| 2026-06-22 06:17:24,402,402 multiprocessing INFO STARTING NEW RUN ==========
SpawnPoolWorker-98| 2026-06-22 06:17:24,403,403 multiprocessing INFO SEE LOG AT : ./logs/all_Lyapunov_test_dso-fn_d_all_e_01_log.txt
SpawnPoolWorker-98| 2026-06-22 06:17:24,403,403 multiprocessing INFO See log at : ./logs/all_Lyapunov_test_dso-fn_d_all_e_01_log.txt
SpawnPoolWorker-98| 2026-06-22 06:17:24,412,412 multiprocessing INFO child process calling self.run()
SpawnPoolWorker-102| 2026-06-22 06:17:24,454,454 multiprocessing INFO STARTING NEW RUN ==========
SpawnPoolWorker-102| 2026-06-22 06:17:24,454,454 multiprocessing INFO SEE LOG AT : ./logs/all_Lyapunov_test_dso-fn_d_all_e_01_log.txt
SpawnPoolWorker-102| 2026-06-22 06:17:24,454,454 multiprocessing INFO See log at : ./logs/all_Lyapunov_test_dso-fn_d_all_e_01_log.txt
SpawnPoolWorker-102| 2026-06-22 06:17:24,456,456 multiprocessing INFO child process calling self.run()
SpawnPoolWorker-88| 2026-06-22 06:17:24,526,526 multiprocessing INFO STARTING NEW RUN ==========
SpawnPoolWorker-88| 2026-06-22 06:17:24,527,527 multiprocessing INFO SEE LOG AT : ./logs/all_Lyapunov_test_dso-fn_d_all_e_01_log.txt
SpawnPoolWorker-88| 2026-06-22 06:17:24,527,527 multiprocessing INFO See log at : ./logs/all_Lyapunov_test_dso-fn_d_all_e_01_log.txt
SpawnPoolWorker-88| 2026-06-22 06:17:24,535,535 multiprocessing INFO child process calling self.run()
SpawnPoolWorker-90| 2026-06-22 06:17:24,703,703 multiprocessing INFO STARTING NEW RUN ==========
SpawnPoolWorker-90| 2026-06-22 06:17:24,703,703 multiprocessing INFO SEE LOG AT : ./logs/all_Lyapunov_test_dso-fn_d_all_e_01_log.txt
SpawnPoolWorker-90| 2026-06-22 06:17:24,703,703 multiprocessing INFO See log at : ./logs/all_Lyapunov_test_dso-fn_d_all_e_01_log.txt
SpawnPoolWorker-90| 2026-06-22 06:17:24,705,705 multiprocessing INFO child process calling self.run()
SpawnPoolWorker-100| 2026-06-22 06:17:25,009,9 multiprocessing INFO STARTING NEW RUN ==========
SpawnPoolWorker-100| 2026-06-22 06:17:25,009,9 multiprocessing INFO SEE LOG AT : ./logs/all_Lyapunov_test_dso-fn_d_all_e_01_log.txt
SpawnPoolWorker-100| 2026-06-22 06:17:25,009,9 multiprocessing INFO See log at : ./logs/all_Lyapunov_test_dso-fn_d_all_e_01_log.txt
SpawnPoolWorker-100| 2026-06-22 06:17:25,012,12 multiprocessing INFO child process calling self.run()
SpawnPoolWorker-101| 2026-06-22 06:17:25,206,206 multiprocessing INFO STARTING NEW RUN ==========
SpawnPoolWorker-101| 2026-06-22 06:17:25,206,206 multiprocessing INFO SEE LOG AT : ./logs/all_Lyapunov_test_dso-fn_d_all_e_01_log.txt
SpawnPoolWorker-101| 2026-06-22 06:17:25,206,206 multiprocessing INFO See log at : ./logs/all_Lyapunov_test_dso-fn_d_all_e_01_log.txt
SpawnPoolWorker-101| 2026-06-22 06:17:25,208,208 multiprocessing INFO child process calling self.run()
SpawnPoolWorker-83| 2026-06-22 06:17:25,386,386 multiprocessing INFO process shutting down
SpawnPoolWorker-92| 2026-06-22 06:17:25,386,386 multiprocessing INFO process shutting down
SpawnPoolWorker-98| 2026-06-22 06:17:25,386,386 multiprocessing INFO process shutting down
SpawnPoolWorker-92| 2026-06-22 06:17:25,386,386 multiprocessing INFO process exiting with exitcode 0
SpawnPoolWorker-102| 2026-06-22 06:17:25,386,386 multiprocessing INFO process shutting down
SpawnPoolWorker-83| 2026-06-22 06:17:25,386,386 multiprocessing INFO process exiting with exitcode 0
SpawnPoolWorker-98| 2026-06-22 06:17:25,386,386 multiprocessing INFO process exiting with exitcode 0
SpawnPoolWorker-88| 2026-06-22 06:17:25,386,386 multiprocessing INFO process shutting down
SpawnPoolWorker-102| 2026-06-22 06:17:25,386,386 multiprocessing INFO process exiting with exitcode 0
SpawnPoolWorker-82| 2026-06-22 06:17:25,386,386 multiprocessing INFO process shutting down
SpawnPoolWorker-90| 2026-06-22 06:17:25,387,387 multiprocessing INFO process shutting down
SpawnPoolWorker-86| 2026-06-22 06:17:25,386,386 multiprocessing INFO process shutting down
SpawnPoolWorker-85| 2026-06-22 06:17:25,387,387 multiprocessing INFO process shutting down
SpawnPoolWorker-80| 2026-06-22 06:17:25,387,387 multiprocessing INFO process shutting down
SpawnPoolWorker-84| 2026-06-22 06:17:25,387,387 multiprocessing INFO process shutting down
SpawnPoolWorker-87| 2026-06-22 06:17:25,387,387 multiprocessing INFO process shutting down
SpawnPoolWorker-89| 2026-06-22 06:17:25,387,387 multiprocessing INFO process shutting down
SpawnPoolWorker-100| 2026-06-22 06:17:25,387,387 multiprocessing INFO process shutting down
SpawnPoolWorker-96| 2026-06-22 06:17:25,387,387 multiprocessing INFO process shutting down
SpawnPoolWorker-97| 2026-06-22 06:17:25,387,387 multiprocessing INFO process shutting down
SpawnPoolWorker-91| 2026-06-22 06:17:25,387,387 multiprocessing INFO process shutting down
SpawnPoolWorker-101| 2026-06-22 06:17:25,387,387 multiprocessing INFO process shutting down
SpawnPoolWorker-95| 2026-06-22 06:17:25,387,387 multiprocessing INFO process shutting down
SpawnPoolWorker-99| 2026-06-22 06:17:25,387,387 multiprocessing INFO process shutting down
SpawnPoolWorker-81| 2026-06-22 06:17:25,387,387 multiprocessing INFO process shutting down
SpawnPoolWorker-94| 2026-06-22 06:17:25,387,387 multiprocessing INFO process shutting down
SpawnPoolWorker-93| 2026-06-22 06:17:25,387,387 multiprocessing INFO process shutting down
SpawnPoolWorker-93| 2026-06-22 06:17:25,388,388 multiprocessing INFO process exiting with exitcode 0
28
(100000, 6)
(100000,)
(100000, 6)
(100000,)

=======================Successfully Added (50000, 6) Counter Examples=======================


============None of the candidates fulfill the conditions. Training CONTINUES!=================

MainProcess| 2026-06-22 06:17:27,665,665 multiprocessing INFO 
============None of the candidates fulfill the conditions. Training CONTINUES!=================


============None of the candidates fulfill the conditions. Training CONTINUES!=================

(55, 114)
/users/9/chen8596/miniconda3/envs/alfd/lib/python3.9/site-packages/torch/nn/functional.py:4999: UserWarning: Support for mismatched key_padding_mask and attn_mask is deprecated. Use same type for both instead.
  warnings.warn(

==============Start Supervised Learning==============

MainProcess| 2026-06-22 06:17:31,579,579 multiprocessing INFO GP output mean: 0.9642559916792848
GP output mean: 0.9642559916792848
MainProcess| 2026-06-22 06:17:32,121,121 multiprocessing INFO GP output success rate: 0.0
GP output success rate: 0.0

==============End Supervised Learning==============

/users/9/chen8596/LyaDis/repro/runs/lossless6d/utils/train.py:971: RuntimeWarning: divide by zero encountered in divide
  error = np.abs(((y_hat - y) / y))
/users/9/chen8596/.local/lib/python3.9/site-packages/scipy/stats/_stats_py.py:4424: ConstantInputWarning: An input array is constant; the correlation coefficient is not defined.
  warnings.warn(stats.ConstantInputWarning(msg))
MainProcess| 2026-06-22 06:17:34,228,228 multiprocessing INFO [Test epoch=0003]  nevals=41383 	| train_loss=8463.69141 	| eqs_invalid %=0.18 	| r_best=0.97888 	| quantile=0.74633 	| r_quantile_mean=0.92763 	| r_raw_sum=66.12876 	|  r_raw_mean=0.67478 	| r2=nan 	| acc_iid=0.00000 	| acc_ood=0.00000 	| nmse_test=0.005003198518658672 	| true_equation_set_count=0 	| s/it=328.17347
[Test epoch=0003]  nevals=41383 	| train_loss=8463.69141 	| eqs_invalid %=0.18 	| r_best=0.97888 	| quantile=0.74633 	| r_quantile_mean=0.92763 	| r_raw_sum=66.12876 	|  r_raw_mean=0.67478 	| r2=nan 	| acc_iid=0.00000 	| acc_ood=0.00000 	| nmse_test=0.005003198518658672 	| true_equation_set_count=0 	| s/it=328.17347
MainProcess| 2026-06-22 06:17:34,228,228 multiprocessing INFO [00:00:12:28.89] Training epoch 3/4000, current best R: 0.9789
[00:00:12:28.89] Training epoch 3/4000, current best R: 0.9789
MainProcess| 2026-06-22 06:17:34,228,228 multiprocessing INFO 
	** New best

	** New best
MainProcess| 2026-06-22 06:17:34,228,228 multiprocessing INFO 	Reward: 0.9788849086064332
	Reward: 0.9788849086064332
MainProcess| 2026-06-22 06:17:34,228,228 multiprocessing INFO 	Count Off-policy: 1
	Count Off-policy: 1
MainProcess| 2026-06-22 06:17:34,228,228 multiprocessing INFO 	Count On-policy: 0
	Count On-policy: 0
MainProcess| 2026-06-22 06:17:34,228,228 multiprocessing INFO 	Originally on Policy: False
	Originally on Policy: False
MainProcess| 2026-06-22 06:17:34,228,228 multiprocessing INFO 	Invalid: False
	Invalid: False
MainProcess| 2026-06-22 06:17:34,228,228 multiprocessing INFO 	Traversal: add,n2,x4,add,n2,x6,add,n2,x5,n2,mul,n2,cos,x4,sin,sub,mul,x3,x1,x2
	Traversal: add,n2,x4,add,n2,x6,add,n2,x5,n2,mul,n2,cos,x4,sin,sub,mul,x3,x1,x2
MainProcess| 2026-06-22 06:17:34,228,228 multiprocessing INFO 	Expression:
	Expression:
MainProcess| 2026-06-22 06:17:34,230,230 multiprocessing INFO 
	    2     2     2      2                4    
	  x₄  + x₅  + x₆  + sin (x₁⋅x₃ - x₂)⋅cos (x₄)


	    2     2     2      2                4    
	  x₄  + x₅  + x₆  + sin (x₁⋅x₃ - x₂)⋅cos (x₄)

MainProcess| 2026-06-22 06:18:57,507,507 multiprocessing INFO Genetic Porgramming Runtime 82.41630684700795
Genetic Porgramming Runtime 82.41630684700795

=========================PGD Collection Starts=========================

SpawnPoolWorker-105| 2026-06-22 06:19:06,639,639 multiprocessing INFO STARTING NEW RUN ==========
SpawnPoolWorker-105| 2026-06-22 06:19:06,639,639 multiprocessing INFO SEE LOG AT : ./logs/all_Lyapunov_test_dso-fn_d_all_e_01_log.txt
SpawnPoolWorker-105| 2026-06-22 06:19:06,639,639 multiprocessing INFO See log at : ./logs/all_Lyapunov_test_dso-fn_d_all_e_01_log.txt
SpawnPoolWorker-110| 2026-06-22 06:19:06,645,645 multiprocessing INFO STARTING NEW RUN ==========
SpawnPoolWorker-110| 2026-06-22 06:19:06,645,645 multiprocessing INFO SEE LOG AT : ./logs/all_Lyapunov_test_dso-fn_d_all_e_01_log.txt
SpawnPoolWorker-110| 2026-06-22 06:19:06,645,645 multiprocessing INFO See log at : ./logs/all_Lyapunov_test_dso-fn_d_all_e_01_log.txt
SpawnPoolWorker-105| 2026-06-22 06:19:06,645,645 multiprocessing INFO child process calling self.run()
SpawnPoolWorker-110| 2026-06-22 06:19:06,647,647 multiprocessing INFO child process calling self.run()
SpawnPoolWorker-109| 2026-06-22 06:19:06,991,991 multiprocessing INFO STARTING NEW RUN ==========
SpawnPoolWorker-109| 2026-06-22 06:19:06,991,991 multiprocessing INFO SEE LOG AT : ./logs/all_Lyapunov_test_dso-fn_d_all_e_01_log.txt
SpawnPoolWorker-109| 2026-06-22 06:19:06,991,991 multiprocessing INFO See log at : ./logs/all_Lyapunov_test_dso-fn_d_all_e_01_log.txt
SpawnPoolWorker-109| 2026-06-22 06:19:06,993,993 multiprocessing INFO child process calling self.run()
SpawnPoolWorker-104| 2026-06-22 06:19:07,172,172 multiprocessing INFO STARTING NEW RUN ==========
SpawnPoolWorker-104| 2026-06-22 06:19:07,172,172 multiprocessing INFO SEE LOG AT : ./logs/all_Lyapunov_test_dso-fn_d_all_e_01_log.txt
SpawnPoolWorker-104| 2026-06-22 06:19:07,172,172 multiprocessing INFO See log at : ./logs/all_Lyapunov_test_dso-fn_d_all_e_01_log.txt
SpawnPoolWorker-104| 2026-06-22 06:19:07,176,176 multiprocessing INFO child process calling self.run()
SpawnPoolWorker-106| 2026-06-22 06:19:07,912,912 multiprocessing INFO STARTING NEW RUN ==========
SpawnPoolWorker-106| 2026-06-22 06:19:07,913,913 multiprocessing INFO SEE LOG AT : ./logs/all_Lyapunov_test_dso-fn_d_all_e_01_log.txt
SpawnPoolWorker-106| 2026-06-22 06:19:07,913,913 multiprocessing INFO See log at : ./logs/all_Lyapunov_test_dso-fn_d_all_e_01_log.txt
SpawnPoolWorker-106| 2026-06-22 06:19:07,915,915 multiprocessing INFO child process calling self.run()
SpawnPoolWorker-108| 2026-06-22 06:19:08,099,99 multiprocessing INFO STARTING NEW RUN ==========
SpawnPoolWorker-108| 2026-06-22 06:19:08,099,99 multiprocessing INFO SEE LOG AT : ./logs/all_Lyapunov_test_dso-fn_d_all_e_01_log.txt
SpawnPoolWorker-108| 2026-06-22 06:19:08,099,99 multiprocessing INFO See log at : ./logs/all_Lyapunov_test_dso-fn_d_all_e_01_log.txt
SpawnPoolWorker-108| 2026-06-22 06:19:08,101,101 multiprocessing INFO child process calling self.run()
SpawnPoolWorker-112| 2026-06-22 06:19:08,105,105 multiprocessing INFO STARTING NEW RUN ==========
SpawnPoolWorker-112| 2026-06-22 06:19:08,105,105 multiprocessing INFO SEE LOG AT : ./logs/all_Lyapunov_test_dso-fn_d_all_e_01_log.txt
SpawnPoolWorker-112| 2026-06-22 06:19:08,105,105 multiprocessing INFO See log at : ./logs/all_Lyapunov_test_dso-fn_d_all_e_01_log.txt
SpawnPoolWorker-112| 2026-06-22 06:19:08,112,112 multiprocessing INFO child process calling self.run()
SpawnPoolWorker-103| 2026-06-22 06:19:08,683,683 multiprocessing INFO STARTING NEW RUN ==========
SpawnPoolWorker-103| 2026-06-22 06:19:08,683,683 multiprocessing INFO SEE LOG AT : ./logs/all_Lyapunov_test_dso-fn_d_all_e_01_log.txt
SpawnPoolWorker-103| 2026-06-22 06:19:08,683,683 multiprocessing INFO See log at : ./logs/all_Lyapunov_test_dso-fn_d_all_e_01_log.txt
SpawnPoolWorker-103| 2026-06-22 06:19:08,685,685 multiprocessing INFO child process calling self.run()
SpawnPoolWorker-111| 2026-06-22 06:19:08,798,798 multiprocessing INFO STARTING NEW RUN ==========
SpawnPoolWorker-111| 2026-06-22 06:19:08,798,798 multiprocessing INFO SEE LOG AT : ./logs/all_Lyapunov_test_dso-fn_d_all_e_01_log.txt
SpawnPoolWorker-111| 2026-06-22 06:19:08,798,798 multiprocessing INFO See log at : ./logs/all_Lyapunov_test_dso-fn_d_all_e_01_log.txt
SpawnPoolWorker-111| 2026-06-22 06:19:08,801,801 multiprocessing INFO child process calling self.run()
SpawnPoolWorker-107| 2026-06-22 06:19:08,832,832 multiprocessing INFO STARTING NEW RUN ==========
SpawnPoolWorker-107| 2026-06-22 06:19:08,832,832 multiprocessing INFO SEE LOG AT : ./logs/all_Lyapunov_test_dso-fn_d_all_e_01_log.txt
SpawnPoolWorker-107| 2026-06-22 06:19:08,832,832 multiprocessing INFO See log at : ./logs/all_Lyapunov_test_dso-fn_d_all_e_01_log.txt
SpawnPoolWorker-107| 2026-06-22 06:19:08,834,834 multiprocessing INFO child process calling self.run()
SpawnPoolWorker-112| 2026-06-22 06:19:30,606,606 multiprocessing INFO process shutting down
SpawnPoolWorker-104| 2026-06-22 06:19:30,607,607 multiprocessing INFO process shutting down
SpawnPoolWorker-105| 2026-06-22 06:19:30,607,607 multiprocessing INFO process shutting down
SpawnPoolWorker-106| 2026-06-22 06:19:30,607,607 multiprocessing INFO process shutting down
SpawnPoolWorker-108| 2026-06-22 06:19:30,607,607 multiprocessing INFO process shutting down
SpawnPoolWorker-106| 2026-06-22 06:19:30,607,607 multiprocessing INFO process exiting with exitcode 0
SpawnPoolWorker-112| 2026-06-22 06:19:30,607,607 multiprocessing INFO process exiting with exitcode 0
SpawnPoolWorker-104| 2026-06-22 06:19:30,607,607 multiprocessing INFO process exiting with exitcode 0
SpawnPoolWorker-103| 2026-06-22 06:19:30,607,607 multiprocessing INFO process shutting down
SpawnPoolWorker-105| 2026-06-22 06:19:30,607,607 multiprocessing INFO process exiting with exitcode 0
SpawnPoolWorker-108| 2026-06-22 06:19:30,607,607 multiprocessing INFO process exiting with exitcode 0
SpawnPoolWorker-110| 2026-06-22 06:19:30,607,607 multiprocessing INFO process shutting down
SpawnPoolWorker-103| 2026-06-22 06:19:30,607,607 multiprocessing INFO process exiting with exitcode 0
SpawnPoolWorker-109| 2026-06-22 06:19:30,607,607 multiprocessing INFO process shutting down
(20000,)

===================Collect 20000 Examples===================

Epsilon 0.1
500
(550,)
(550,)
(55,)
Number of Programs for Minimization: 28
SpawnPoolWorker-113| 2026-06-22 06:19:48,236,236 multiprocessing INFO STARTING NEW RUN ==========
SpawnPoolWorker-113| 2026-06-22 06:19:48,236,236 multiprocessing INFO SEE LOG AT : ./logs/all_Lyapunov_test_dso-fn_d_all_e_01_log.txt
SpawnPoolWorker-113| 2026-06-22 06:19:48,237,237 multiprocessing INFO See log at : ./logs/all_Lyapunov_test_dso-fn_d_all_e_01_log.txt
SpawnPoolWorker-113| 2026-06-22 06:19:48,240,240 multiprocessing INFO child process calling self.run()
SpawnPoolWorker-122| 2026-06-22 06:19:48,854,854 multiprocessing INFO STARTING NEW RUN ==========
SpawnPoolWorker-122| 2026-06-22 06:19:48,855,855 multiprocessing INFO SEE LOG AT : ./logs/all_Lyapunov_test_dso-fn_d_all_e_01_log.txt
SpawnPoolWorker-122| 2026-06-22 06:19:48,855,855 multiprocessing INFO See log at : ./logs/all_Lyapunov_test_dso-fn_d_all_e_01_log.txt
SpawnPoolWorker-122| 2026-06-22 06:19:48,860,860 multiprocessing INFO child process calling self.run()
SpawnPoolWorker-124| 2026-06-22 06:19:49,157,157 multiprocessing INFO STARTING NEW RUN ==========
SpawnPoolWorker-124| 2026-06-22 06:19:49,157,157 multiprocessing INFO SEE LOG AT : ./logs/all_Lyapunov_test_dso-fn_d_all_e_01_log.txt
SpawnPoolWorker-124| 2026-06-22 06:19:49,157,157 multiprocessing INFO See log at : ./logs/all_Lyapunov_test_dso-fn_d_all_e_01_log.txt
SpawnPoolWorker-124| 2026-06-22 06:19:49,159,159 multiprocessing INFO child process calling self.run()
SpawnPoolWorker-126| 2026-06-22 06:19:49,538,538 multiprocessing INFO STARTING NEW RUN ==========
SpawnPoolWorker-126| 2026-06-22 06:19:49,538,538 multiprocessing INFO SEE LOG AT : ./logs/all_Lyapunov_test_dso-fn_d_all_e_01_log.txt
SpawnPoolWorker-126| 2026-06-22 06:19:49,538,538 multiprocessing INFO See log at : ./logs/all_Lyapunov_test_dso-fn_d_all_e_01_log.txt
SpawnPoolWorker-126| 2026-06-22 06:19:49,540,540 multiprocessing INFO child process calling self.run()
SpawnPoolWorker-120| 2026-06-22 06:19:49,614,614 multiprocessing INFO STARTING NEW RUN ==========
SpawnPoolWorker-120| 2026-06-22 06:19:49,614,614 multiprocessing INFO SEE LOG AT : ./logs/all_Lyapunov_test_dso-fn_d_all_e_01_log.txt
SpawnPoolWorker-120| 2026-06-22 06:19:49,614,614 multiprocessing INFO See log at : ./logs/all_Lyapunov_test_dso-fn_d_all_e_01_log.txt
SpawnPoolWorker-120| 2026-06-22 06:19:49,616,616 multiprocessing INFO child process calling self.run()
SpawnPoolWorker-115| 2026-06-22 06:19:49,829,829 multiprocessing INFO STARTING NEW RUN ==========
SpawnPoolWorker-115| 2026-06-22 06:19:49,829,829 multiprocessing INFO SEE LOG AT : ./logs/all_Lyapunov_test_dso-fn_d_all_e_01_log.txt
SpawnPoolWorker-115| 2026-06-22 06:19:49,829,829 multiprocessing INFO See log at : ./logs/all_Lyapunov_test_dso-fn_d_all_e_01_log.txt
SpawnPoolWorker-115| 2026-06-22 06:19:49,831,831 multiprocessing INFO child process calling self.run()
SpawnPoolWorker-128| 2026-06-22 06:19:49,919,919 multiprocessing INFO STARTING NEW RUN ==========
SpawnPoolWorker-128| 2026-06-22 06:19:49,920,920 multiprocessing INFO SEE LOG AT : ./logs/all_Lyapunov_test_dso-fn_d_all_e_01_log.txt
SpawnPoolWorker-128| 2026-06-22 06:19:49,920,920 multiprocessing INFO See log at : ./logs/all_Lyapunov_test_dso-fn_d_all_e_01_log.txt
SpawnPoolWorker-128| 2026-06-22 06:19:49,921,921 multiprocessing INFO child process calling self.run()
SpawnPoolWorker-117| 2026-06-22 06:19:50,117,117 multiprocessing INFO STARTING NEW RUN ==========
SpawnPoolWorker-117| 2026-06-22 06:19:50,118,118 multiprocessing INFO SEE LOG AT : ./logs/all_Lyapunov_test_dso-fn_d_all_e_01_log.txt
SpawnPoolWorker-117| 2026-06-22 06:19:50,118,118 multiprocessing INFO See log at : ./logs/all_Lyapunov_test_dso-fn_d_all_e_01_log.txt
SpawnPoolWorker-117| 2026-06-22 06:19:50,123,123 multiprocessing INFO child process calling self.run()
SpawnPoolWorker-134| 2026-06-22 06:19:50,161,161 multiprocessing INFO STARTING NEW RUN ==========
SpawnPoolWorker-134| 2026-06-22 06:19:50,162,162 multiprocessing INFO SEE LOG AT : ./logs/all_Lyapunov_test_dso-fn_d_all_e_01_log.txt
SpawnPoolWorker-134| 2026-06-22 06:19:50,162,162 multiprocessing INFO See log at : ./logs/all_Lyapunov_test_dso-fn_d_all_e_01_log.txt
SpawnPoolWorker-134| 2026-06-22 06:19:50,165,165 multiprocessing INFO child process calling self.run()
SpawnPoolWorker-118| 2026-06-22 06:19:50,249,249 multiprocessing INFO STARTING NEW RUN ==========
SpawnPoolWorker-118| 2026-06-22 06:19:50,249,249 multiprocessing INFO SEE LOG AT : ./logs/all_Lyapunov_test_dso-fn_d_all_e_01_log.txt
SpawnPoolWorker-118| 2026-06-22 06:19:50,250,250 multiprocessing INFO See log at : ./logs/all_Lyapunov_test_dso-fn_d_all_e_01_log.txt
SpawnPoolWorker-118| 2026-06-22 06:19:50,253,253 multiprocessing INFO child process calling self.run()
SpawnPoolWorker-123| 2026-06-22 06:19:50,256,256 multiprocessing INFO STARTING NEW RUN ==========
SpawnPoolWorker-123| 2026-06-22 06:19:50,256,256 multiprocessing INFO SEE LOG AT : ./logs/all_Lyapunov_test_dso-fn_d_all_e_01_log.txt
SpawnPoolWorker-123| 2026-06-22 06:19:50,256,256 multiprocessing INFO See log at : ./logs/all_Lyapunov_test_dso-fn_d_all_e_01_log.txt
SpawnPoolWorker-123| 2026-06-22 06:19:50,260,260 multiprocessing INFO child process calling self.run()
SpawnPoolWorker-114| 2026-06-22 06:19:50,295,295 multiprocessing INFO STARTING NEW RUN ==========
SpawnPoolWorker-114| 2026-06-22 06:19:50,295,295 multiprocessing INFO SEE LOG AT : ./logs/all_Lyapunov_test_dso-fn_d_all_e_01_log.txt
SpawnPoolWorker-114| 2026-06-22 06:19:50,295,295 multiprocessing INFO See log at : ./logs/all_Lyapunov_test_dso-fn_d_all_e_01_log.txt
SpawnPoolWorker-114| 2026-06-22 06:19:50,297,297 multiprocessing INFO child process calling self.run()
SpawnPoolWorker-130| 2026-06-22 06:19:50,567,567 multiprocessing INFO STARTING NEW RUN ==========
SpawnPoolWorker-130| 2026-06-22 06:19:50,568,568 multiprocessing INFO SEE LOG AT : ./logs/all_Lyapunov_test_dso-fn_d_all_e_01_log.txt
SpawnPoolWorker-130| 2026-06-22 06:19:50,568,568 multiprocessing INFO See log at : ./logs/all_Lyapunov_test_dso-fn_d_all_e_01_log.txt
SpawnPoolWorker-130| 2026-06-22 06:19:50,572,572 multiprocessing INFO child process calling self.run()
SpawnPoolWorker-131| 2026-06-22 06:19:50,809,809 multiprocessing INFO STARTING NEW RUN ==========
SpawnPoolWorker-131| 2026-06-22 06:19:50,809,809 multiprocessing INFO SEE LOG AT : ./logs/all_Lyapunov_test_dso-fn_d_all_e_01_log.txt
SpawnPoolWorker-131| 2026-06-22 06:19:50,809,809 multiprocessing INFO See log at : ./logs/all_Lyapunov_test_dso-fn_d_all_e_01_log.txt
SpawnPoolWorker-131| 2026-06-22 06:19:50,815,815 multiprocessing INFO child process calling self.run()
SpawnPoolWorker-116| 2026-06-22 06:19:51,106,106 multiprocessing INFO STARTING NEW RUN ==========
SpawnPoolWorker-116| 2026-06-22 06:19:51,106,106 multiprocessing INFO SEE LOG AT : ./logs/all_Lyapunov_test_dso-fn_d_all_e_01_log.txt
SpawnPoolWorker-116| 2026-06-22 06:19:51,107,107 multiprocessing INFO See log at : ./logs/all_Lyapunov_test_dso-fn_d_all_e_01_log.txt
SpawnPoolWorker-116| 2026-06-22 06:19:51,110,110 multiprocessing INFO child process calling self.run()
SpawnPoolWorker-132| 2026-06-22 06:19:51,308,308 multiprocessing INFO STARTING NEW RUN ==========
SpawnPoolWorker-132| 2026-06-22 06:19:51,308,308 multiprocessing INFO SEE LOG AT : ./logs/all_Lyapunov_test_dso-fn_d_all_e_01_log.txt
SpawnPoolWorker-132| 2026-06-22 06:19:51,308,308 multiprocessing INFO See log at : ./logs/all_Lyapunov_test_dso-fn_d_all_e_01_log.txt
SpawnPoolWorker-132| 2026-06-22 06:19:51,320,320 multiprocessing INFO child process calling self.run()
SpawnPoolWorker-136| 2026-06-22 06:19:52,329,329 multiprocessing INFO STARTING NEW RUN ==========
SpawnPoolWorker-136| 2026-06-22 06:19:52,329,329 multiprocessing INFO SEE LOG AT : ./logs/all_Lyapunov_test_dso-fn_d_all_e_01_log.txt
SpawnPoolWorker-136| 2026-06-22 06:19:52,329,329 multiprocessing INFO See log at : ./logs/all_Lyapunov_test_dso-fn_d_all_e_01_log.txt
SpawnPoolWorker-136| 2026-06-22 06:19:52,331,331 multiprocessing INFO child process calling self.run()
SpawnPoolWorker-129| 2026-06-22 06:19:52,593,593 multiprocessing INFO STARTING NEW RUN ==========
SpawnPoolWorker-129| 2026-06-22 06:19:52,593,593 multiprocessing INFO SEE LOG AT : ./logs/all_Lyapunov_test_dso-fn_d_all_e_01_log.txt
SpawnPoolWorker-129| 2026-06-22 06:19:52,593,593 multiprocessing INFO See log at : ./logs/all_Lyapunov_test_dso-fn_d_all_e_01_log.txt
SpawnPoolWorker-129| 2026-06-22 06:19:52,597,597 multiprocessing INFO child process calling self.run()
SpawnPoolWorker-121| 2026-06-22 06:19:52,778,778 multiprocessing INFO STARTING NEW RUN ==========
SpawnPoolWorker-121| 2026-06-22 06:19:52,778,778 multiprocessing INFO SEE LOG AT : ./logs/all_Lyapunov_test_dso-fn_d_all_e_01_log.txt
SpawnPoolWorker-121| 2026-06-22 06:19:52,778,778 multiprocessing INFO See log at : ./logs/all_Lyapunov_test_dso-fn_d_all_e_01_log.txt
SpawnPoolWorker-121| 2026-06-22 06:19:52,781,781 multiprocessing INFO child process calling self.run()
SpawnPoolWorker-133| 2026-06-22 06:19:52,810,810 multiprocessing INFO STARTING NEW RUN ==========
SpawnPoolWorker-133| 2026-06-22 06:19:52,810,810 multiprocessing INFO SEE LOG AT : ./logs/all_Lyapunov_test_dso-fn_d_all_e_01_log.txt
SpawnPoolWorker-133| 2026-06-22 06:19:52,810,810 multiprocessing INFO See log at : ./logs/all_Lyapunov_test_dso-fn_d_all_e_01_log.txt
SpawnPoolWorker-133| 2026-06-22 06:19:52,814,814 multiprocessing INFO child process calling self.run()
SpawnPoolWorker-127| 2026-06-22 06:19:52,980,980 multiprocessing INFO STARTING NEW RUN ==========
SpawnPoolWorker-127| 2026-06-22 06:19:52,980,980 multiprocessing INFO SEE LOG AT : ./logs/all_Lyapunov_test_dso-fn_d_all_e_01_log.txt
SpawnPoolWorker-127| 2026-06-22 06:19:52,981,981 multiprocessing INFO See log at : ./logs/all_Lyapunov_test_dso-fn_d_all_e_01_log.txt
SpawnPoolWorker-127| 2026-06-22 06:19:52,989,989 multiprocessing INFO child process calling self.run()
SpawnPoolWorker-125| 2026-06-22 06:19:53,143,143 multiprocessing INFO STARTING NEW RUN ==========
SpawnPoolWorker-125| 2026-06-22 06:19:53,143,143 multiprocessing INFO SEE LOG AT : ./logs/all_Lyapunov_test_dso-fn_d_all_e_01_log.txt
SpawnPoolWorker-125| 2026-06-22 06:19:53,143,143 multiprocessing INFO See log at : ./logs/all_Lyapunov_test_dso-fn_d_all_e_01_log.txt
SpawnPoolWorker-125| 2026-06-22 06:19:53,145,145 multiprocessing INFO child process calling self.run()
SpawnPoolWorker-113| 2026-06-22 06:19:53,460,460 multiprocessing INFO process shutting down
SpawnPoolWorker-115| 2026-06-22 06:19:53,460,460 multiprocessing INFO process shutting down
SpawnPoolWorker-136| 2026-06-22 06:19:53,460,460 multiprocessing INFO process shutting down
SpawnPoolWorker-115| 2026-06-22 06:19:53,460,460 multiprocessing INFO process exiting with exitcode 0
SpawnPoolWorker-113| 2026-06-22 06:19:53,460,460 multiprocessing INFO process exiting with exitcode 0
SpawnPoolWorker-134| 2026-06-22 06:19:53,460,460 multiprocessing INFO process shutting down
SpawnPoolWorker-124| 2026-06-22 06:19:53,460,460 multiprocessing INFO process shutting down
SpawnPoolWorker-136| 2026-06-22 06:19:53,460,460 multiprocessing INFO process exiting with exitcode 0
SpawnPoolWorker-134| 2026-06-22 06:19:53,460,460 multiprocessing INFO process exiting with exitcode 0
SpawnPoolWorker-124| 2026-06-22 06:19:53,460,460 multiprocessing INFO process exiting with exitcode 0
SpawnPoolWorker-129| 2026-06-22 06:19:53,461,461 multiprocessing INFO process shutting down
SpawnPoolWorker-120| 2026-06-22 06:19:53,461,461 multiprocessing INFO process shutting down
SpawnPoolWorker-121| 2026-06-22 06:19:53,461,461 multiprocessing INFO process shutting down
SpawnPoolWorker-118| 2026-06-22 06:19:53,461,461 multiprocessing INFO process shutting down
SpawnPoolWorker-133| 2026-06-22 06:19:53,461,461 multiprocessing INFO process shutting down
SpawnPoolWorker-127| 2026-06-22 06:19:53,461,461 multiprocessing INFO process shutting down
SpawnPoolWorker-117| 2026-06-22 06:19:53,461,461 multiprocessing INFO process shutting down
SpawnPoolWorker-128| 2026-06-22 06:19:53,461,461 multiprocessing INFO process shutting down
SpawnPoolWorker-125| 2026-06-22 06:19:53,461,461 multiprocessing INFO process shutting down
SpawnPoolWorker-132| 2026-06-22 06:19:53,461,461 multiprocessing INFO process shutting down
SpawnPoolWorker-131| 2026-06-22 06:19:53,461,461 multiprocessing INFO process shutting down
SpawnPoolWorker-126| 2026-06-22 06:19:53,461,461 multiprocessing INFO process shutting down
SpawnPoolWorker-114| 2026-06-22 06:19:53,461,461 multiprocessing INFO process shutting down
SpawnPoolWorker-122| 2026-06-22 06:19:53,461,461 multiprocessing INFO process shutting down
SpawnPoolWorker-130| 2026-06-22 06:19:53,462,462 multiprocessing INFO process shutting down
SpawnPoolWorker-122| 2026-06-22 06:19:53,462,462 multiprocessing INFO process exiting with exitcode 0
SpawnPoolWorker-123| 2026-06-22 06:19:53,462,462 multiprocessing INFO process shutting down
SpawnPoolWorker-129| 2026-06-22 06:19:53,463,463 multiprocessing INFO process exiting with exitcode 0
28
(100000, 6)
(100000,)
(100000, 6)
(100000,)

=======================Successfully Added (17957, 6) Counter Examples=======================


============None of the candidates fulfill the conditions. Training CONTINUES!=================

MainProcess| 2026-06-22 06:19:54,901,901 multiprocessing INFO 
============None of the candidates fulfill the conditions. Training CONTINUES!=================


============None of the candidates fulfill the conditions. Training CONTINUES!=================

(55, 114)
/users/9/chen8596/miniconda3/envs/alfd/lib/python3.9/site-packages/torch/nn/functional.py:4999: UserWarning: Support for mismatched key_padding_mask and attn_mask is deprecated. Use same type for both instead.
  warnings.warn(

==============Start Supervised Learning==============

MainProcess| 2026-06-22 06:19:58,127,127 multiprocessing INFO GP output mean: 0.9966547082538292
GP output mean: 0.9966547082538292
MainProcess| 2026-06-22 06:19:58,454,454 multiprocessing INFO GP output success rate: 0.0
GP output success rate: 0.0

==============End Supervised Learning==============

/users/9/chen8596/LyaDis/repro/runs/lossless6d/utils/train.py:971: RuntimeWarning: divide by zero encountered in divide
  error = np.abs(((y_hat - y) / y))
/users/9/chen8596/.local/lib/python3.9/site-packages/scipy/stats/_stats_py.py:4424: ConstantInputWarning: An input array is constant; the correlation coefficient is not defined.
  warnings.warn(stats.ConstantInputWarning(msg))
MainProcess| 2026-06-22 06:20:00,592,592 multiprocessing INFO [Test epoch=0004]  nevals=55163 	| train_loss=4953.74072 	| eqs_invalid %=0.00 	| r_best=0.98860 	| quantile=0.72627 	| r_quantile_mean=0.92494 	| r_raw_sum=64.54767 	|  r_raw_mean=0.65200 	| r2=nan 	| acc_iid=0.00000 	| acc_ood=0.00000 	| nmse_test=0.005104520124732857 	| true_equation_set_count=0 	| s/it=146.36157
[Test epoch=0004]  nevals=55163 	| train_loss=4953.74072 	| eqs_invalid %=0.00 	| r_best=0.98860 	| quantile=0.72627 	| r_quantile_mean=0.92494 	| r_raw_sum=64.54767 	|  r_raw_mean=0.65200 	| r2=nan 	| acc_iid=0.00000 	| acc_ood=0.00000 	| nmse_test=0.005104520124732857 	| true_equation_set_count=0 	| s/it=146.36157
MainProcess| 2026-06-22 06:20:00,592,592 multiprocessing INFO [00:00:14:55.25] Training epoch 4/4000, current best R: 0.9886
[00:00:14:55.25] Training epoch 4/4000, current best R: 0.9886
MainProcess| 2026-06-22 06:20:00,592,592 multiprocessing INFO 
	** New best

	** New best
MainProcess| 2026-06-22 06:20:00,592,592 multiprocessing INFO 	Reward: 0.9885973217221179
	Reward: 0.9885973217221179
MainProcess| 2026-06-22 06:20:00,592,592 multiprocessing INFO 	Count Off-policy: 1
	Count Off-policy: 1
MainProcess| 2026-06-22 06:20:00,592,592 multiprocessing INFO 	Count On-policy: 0
	Count On-policy: 0
MainProcess| 2026-06-22 06:20:00,592,592 multiprocessing INFO 	Originally on Policy: False
	Originally on Policy: False
MainProcess| 2026-06-22 06:20:00,592,592 multiprocessing INFO 	Invalid: False
	Invalid: False
MainProcess| 2026-06-22 06:20:00,592,592 multiprocessing INFO 	Traversal: add,n2,x5,add,n2,x6,add,add,n2,x4,add,n2,sub,x1,x2,n2,x3,n2,n2,x6
	Traversal: add,n2,x5,add,n2,x6,add,add,n2,x4,add,n2,sub,x1,x2,n2,x3,n2,n2,x6
MainProcess| 2026-06-22 06:20:00,592,592 multiprocessing INFO 	Expression:
	Expression:
MainProcess| 2026-06-22 06:20:00,595,595 multiprocessing INFO 
	    2     2     2     4     2            2
	  x₃  + x₄  + x₅  + x₆  + x₆  + (x₁ - x₂) 


	    2     2     2     4     2            2
	  x₃  + x₄  + x₅  + x₆  + x₆  + (x₁ - x₂) 

MainProcess| 2026-06-22 06:22:36,377,377 multiprocessing INFO Genetic Porgramming Runtime 154.92251041484997
Genetic Porgramming Runtime 154.92251041484997

=========================PGD Collection Starts=========================

SpawnPoolWorker-142| 2026-06-22 06:22:41,735,735 multiprocessing INFO STARTING NEW RUN ==========
SpawnPoolWorker-142| 2026-06-22 06:22:41,735,735 multiprocessing INFO SEE LOG AT : ./logs/all_Lyapunov_test_dso-fn_d_all_e_01_log.txt
SpawnPoolWorker-142| 2026-06-22 06:22:41,735,735 multiprocessing INFO See log at : ./logs/all_Lyapunov_test_dso-fn_d_all_e_01_log.txt
SpawnPoolWorker-142| 2026-06-22 06:22:41,737,737 multiprocessing INFO child process calling self.run()
SpawnPoolWorker-140| 2026-06-22 06:22:41,737,737 multiprocessing INFO STARTING NEW RUN ==========
SpawnPoolWorker-140| 2026-06-22 06:22:41,737,737 multiprocessing INFO SEE LOG AT : ./logs/all_Lyapunov_test_dso-fn_d_all_e_01_log.txt
SpawnPoolWorker-140| 2026-06-22 06:22:41,737,737 multiprocessing INFO See log at : ./logs/all_Lyapunov_test_dso-fn_d_all_e_01_log.txt
SpawnPoolWorker-137| 2026-06-22 06:22:41,737,737 multiprocessing INFO STARTING NEW RUN ==========
SpawnPoolWorker-137| 2026-06-22 06:22:41,738,738 multiprocessing INFO SEE LOG AT : ./logs/all_Lyapunov_test_dso-fn_d_all_e_01_log.txt
SpawnPoolWorker-137| 2026-06-22 06:22:41,738,738 multiprocessing INFO See log at : ./logs/all_Lyapunov_test_dso-fn_d_all_e_01_log.txt
SpawnPoolWorker-145| 2026-06-22 06:22:41,738,738 multiprocessing INFO STARTING NEW RUN ==========
SpawnPoolWorker-138| 2026-06-22 06:22:41,738,738 multiprocessing INFO STARTING NEW RUN ==========
SpawnPoolWorker-145| 2026-06-22 06:22:41,739,739 multiprocessing INFO SEE LOG AT : ./logs/all_Lyapunov_test_dso-fn_d_all_e_01_log.txt
SpawnPoolWorker-145| 2026-06-22 06:22:41,739,739 multiprocessing INFO See log at : ./logs/all_Lyapunov_test_dso-fn_d_all_e_01_log.txt
SpawnPoolWorker-138| 2026-06-22 06:22:41,739,739 multiprocessing INFO SEE LOG AT : ./logs/all_Lyapunov_test_dso-fn_d_all_e_01_log.txt
SpawnPoolWorker-138| 2026-06-22 06:22:41,739,739 multiprocessing INFO See log at : ./logs/all_Lyapunov_test_dso-fn_d_all_e_01_log.txt
SpawnPoolWorker-140| 2026-06-22 06:22:41,739,739 multiprocessing INFO child process calling self.run()
SpawnPoolWorker-137| 2026-06-22 06:22:41,740,740 multiprocessing INFO child process calling self.run()
SpawnPoolWorker-138| 2026-06-22 06:22:41,741,741 multiprocessing INFO child process calling self.run()
SpawnPoolWorker-145| 2026-06-22 06:22:41,741,741 multiprocessing INFO child process calling self.run()
SpawnPoolWorker-141| 2026-06-22 06:22:41,742,742 multiprocessing INFO STARTING NEW RUN ==========
SpawnPoolWorker-141| 2026-06-22 06:22:41,742,742 multiprocessing INFO SEE LOG AT : ./logs/all_Lyapunov_test_dso-fn_d_all_e_01_log.txt
SpawnPoolWorker-141| 2026-06-22 06:22:41,742,742 multiprocessing INFO See log at : ./logs/all_Lyapunov_test_dso-fn_d_all_e_01_log.txt
SpawnPoolWorker-141| 2026-06-22 06:22:41,744,744 multiprocessing INFO child process calling self.run()
SpawnPoolWorker-146| 2026-06-22 06:22:41,746,746 multiprocessing INFO STARTING NEW RUN ==========
SpawnPoolWorker-146| 2026-06-22 06:22:41,746,746 multiprocessing INFO SEE LOG AT : ./logs/all_Lyapunov_test_dso-fn_d_all_e_01_log.txt
SpawnPoolWorker-146| 2026-06-22 06:22:41,746,746 multiprocessing INFO See log at : ./logs/all_Lyapunov_test_dso-fn_d_all_e_01_log.txt
SpawnPoolWorker-139| 2026-06-22 06:22:41,746,746 multiprocessing INFO STARTING NEW RUN ==========
SpawnPoolWorker-139| 2026-06-22 06:22:41,747,747 multiprocessing INFO SEE LOG AT : ./logs/all_Lyapunov_test_dso-fn_d_all_e_01_log.txt
SpawnPoolWorker-139| 2026-06-22 06:22:41,747,747 multiprocessing INFO See log at : ./logs/all_Lyapunov_test_dso-fn_d_all_e_01_log.txt
SpawnPoolWorker-146| 2026-06-22 06:22:41,747,747 multiprocessing INFO child process calling self.run()
SpawnPoolWorker-139| 2026-06-22 06:22:41,748,748 multiprocessing INFO child process calling self.run()
SpawnPoolWorker-143| 2026-06-22 06:22:41,792,792 multiprocessing INFO STARTING NEW RUN ==========
SpawnPoolWorker-143| 2026-06-22 06:22:41,793,793 multiprocessing INFO SEE LOG AT : ./logs/all_Lyapunov_test_dso-fn_d_all_e_01_log.txt
SpawnPoolWorker-143| 2026-06-22 06:22:41,793,793 multiprocessing INFO See log at : ./logs/all_Lyapunov_test_dso-fn_d_all_e_01_log.txt
SpawnPoolWorker-144| 2026-06-22 06:22:41,793,793 multiprocessing INFO STARTING NEW RUN ==========
SpawnPoolWorker-144| 2026-06-22 06:22:41,793,793 multiprocessing INFO SEE LOG AT : ./logs/all_Lyapunov_test_dso-fn_d_all_e_01_log.txt
SpawnPoolWorker-144| 2026-06-22 06:22:41,793,793 multiprocessing INFO See log at : ./logs/all_Lyapunov_test_dso-fn_d_all_e_01_log.txt
SpawnPoolWorker-143| 2026-06-22 06:22:41,795,795 multiprocessing INFO child process calling self.run()
SpawnPoolWorker-144| 2026-06-22 06:22:41,795,795 multiprocessing INFO child process calling self.run()
SpawnPoolWorker-141| 2026-06-22 06:23:00,155,155 multiprocessing INFO process shutting down
SpawnPoolWorker-138| 2026-06-22 06:23:00,155,155 multiprocessing INFO process shutting down
SpawnPoolWorker-143| 2026-06-22 06:23:00,155,155 multiprocessing INFO process shutting down
SpawnPoolWorker-139| 2026-06-22 06:23:00,155,155 multiprocessing INFO process shutting down
SpawnPoolWorker-141| 2026-06-22 06:23:00,155,155 multiprocessing INFO process exiting with exitcode 0
SpawnPoolWorker-146| 2026-06-22 06:23:00,155,155 multiprocessing INFO process shutting down
SpawnPoolWorker-138| 2026-06-22 06:23:00,155,155 multiprocessing INFO process exiting with exitcode 0
SpawnPoolWorker-143| 2026-06-22 06:23:00,155,155 multiprocessing INFO process exiting with exitcode 0
SpawnPoolWorker-137| 2026-06-22 06:23:00,155,155 multiprocessing INFO process shutting down
SpawnPoolWorker-139| 2026-06-22 06:23:00,155,155 multiprocessing INFO process exiting with exitcode 0
SpawnPoolWorker-144| 2026-06-22 06:23:00,155,155 multiprocessing INFO process shutting down
SpawnPoolWorker-146| 2026-06-22 06:23:00,156,156 multiprocessing INFO process exiting with exitcode 0
SpawnPoolWorker-137| 2026-06-22 06:23:00,156,156 multiprocessing INFO process exiting with exitcode 0
SpawnPoolWorker-144| 2026-06-22 06:23:00,156,156 multiprocessing INFO process exiting with exitcode 0
SpawnPoolWorker-142| 2026-06-22 06:23:00,156,156 multiprocessing INFO process shutting down
SpawnPoolWorker-145| 2026-06-22 06:23:00,156,156 multiprocessing INFO process shutting down
(20000,)

===================Collect 20000 Examples===================

Epsilon 0.1
500
(550,)
(550,)
(55,)
Number of Programs for Minimization: 29
SpawnPoolWorker-170| 2026-06-22 06:23:20,247,247 multiprocessing INFO STARTING NEW RUN ==========
SpawnPoolWorker-170| 2026-06-22 06:23:20,247,247 multiprocessing INFO SEE LOG AT : ./logs/all_Lyapunov_test_dso-fn_d_all_e_01_log.txt
SpawnPoolWorker-170| 2026-06-22 06:23:20,248,248 multiprocessing INFO See log at : ./logs/all_Lyapunov_test_dso-fn_d_all_e_01_log.txt
SpawnPoolWorker-170| 2026-06-22 06:23:20,250,250 multiprocessing INFO child process calling self.run()
SpawnPoolWorker-164| 2026-06-22 06:23:20,330,330 multiprocessing INFO STARTING NEW RUN ==========
SpawnPoolWorker-152| 2026-06-22 06:23:20,330,330 multiprocessing INFO STARTING NEW RUN ==========
SpawnPoolWorker-164| 2026-06-22 06:23:20,331,331 multiprocessing INFO SEE LOG AT : ./logs/all_Lyapunov_test_dso-fn_d_all_e_01_log.txt
SpawnPoolWorker-152| 2026-06-22 06:23:20,331,331 multiprocessing INFO SEE LOG AT : ./logs/all_Lyapunov_test_dso-fn_d_all_e_01_log.txt
SpawnPoolWorker-164| 2026-06-22 06:23:20,331,331 multiprocessing INFO See log at : ./logs/all_Lyapunov_test_dso-fn_d_all_e_01_log.txt
SpawnPoolWorker-152| 2026-06-22 06:23:20,331,331 multiprocessing INFO See log at : ./logs/all_Lyapunov_test_dso-fn_d_all_e_01_log.txt
SpawnPoolWorker-164| 2026-06-22 06:23:20,333,333 multiprocessing INFO child process calling self.run()
SpawnPoolWorker-152| 2026-06-22 06:23:20,333,333 multiprocessing INFO child process calling self.run()
SpawnPoolWorker-169| 2026-06-22 06:23:20,410,410 multiprocessing INFO STARTING NEW RUN ==========
SpawnPoolWorker-169| 2026-06-22 06:23:20,410,410 multiprocessing INFO SEE LOG AT : ./logs/all_Lyapunov_test_dso-fn_d_all_e_01_log.txt
SpawnPoolWorker-169| 2026-06-22 06:23:20,410,410 multiprocessing INFO See log at : ./logs/all_Lyapunov_test_dso-fn_d_all_e_01_log.txt
SpawnPoolWorker-169| 2026-06-22 06:23:20,413,413 multiprocessing INFO child process calling self.run()
SpawnPoolWorker-165| 2026-06-22 06:23:21,139,139 multiprocessing INFO STARTING NEW RUN ==========
SpawnPoolWorker-165| 2026-06-22 06:23:21,139,139 multiprocessing INFO SEE LOG AT : ./logs/all_Lyapunov_test_dso-fn_d_all_e_01_log.txt
SpawnPoolWorker-165| 2026-06-22 06:23:21,139,139 multiprocessing INFO See log at : ./logs/all_Lyapunov_test_dso-fn_d_all_e_01_log.txt
SpawnPoolWorker-165| 2026-06-22 06:23:21,142,142 multiprocessing INFO child process calling self.run()
SpawnPoolWorker-158| 2026-06-22 06:23:21,366,366 multiprocessing INFO STARTING NEW RUN ==========
SpawnPoolWorker-158| 2026-06-22 06:23:21,366,366 multiprocessing INFO SEE LOG AT : ./logs/all_Lyapunov_test_dso-fn_d_all_e_01_log.txt
SpawnPoolWorker-158| 2026-06-22 06:23:21,366,366 multiprocessing INFO See log at : ./logs/all_Lyapunov_test_dso-fn_d_all_e_01_log.txt
SpawnPoolWorker-158| 2026-06-22 06:23:21,370,370 multiprocessing INFO child process calling self.run()
SpawnPoolWorker-147| 2026-06-22 06:23:21,372,372 multiprocessing INFO STARTING NEW RUN ==========
SpawnPoolWorker-147| 2026-06-22 06:23:21,372,372 multiprocessing INFO SEE LOG AT : ./logs/all_Lyapunov_test_dso-fn_d_all_e_01_log.txt
SpawnPoolWorker-147| 2026-06-22 06:23:21,372,372 multiprocessing INFO See log at : ./logs/all_Lyapunov_test_dso-fn_d_all_e_01_log.txt
SpawnPoolWorker-147| 2026-06-22 06:23:21,375,375 multiprocessing INFO child process calling self.run()
SpawnPoolWorker-155| 2026-06-22 06:23:21,458,458 multiprocessing INFO STARTING NEW RUN ==========
SpawnPoolWorker-155| 2026-06-22 06:23:21,458,458 multiprocessing INFO SEE LOG AT : ./logs/all_Lyapunov_test_dso-fn_d_all_e_01_log.txt
SpawnPoolWorker-155| 2026-06-22 06:23:21,458,458 multiprocessing INFO See log at : ./logs/all_Lyapunov_test_dso-fn_d_all_e_01_log.txt
SpawnPoolWorker-155| 2026-06-22 06:23:21,459,459 multiprocessing INFO child process calling self.run()
SpawnPoolWorker-154| 2026-06-22 06:23:21,486,486 multiprocessing INFO STARTING NEW RUN ==========
SpawnPoolWorker-154| 2026-06-22 06:23:21,486,486 multiprocessing INFO SEE LOG AT : ./logs/all_Lyapunov_test_dso-fn_d_all_e_01_log.txt
SpawnPoolWorker-154| 2026-06-22 06:23:21,486,486 multiprocessing INFO See log at : ./logs/all_Lyapunov_test_dso-fn_d_all_e_01_log.txt
SpawnPoolWorker-154| 2026-06-22 06:23:21,498,498 multiprocessing INFO child process calling self.run()
SpawnPoolWorker-160| 2026-06-22 06:23:21,627,627 multiprocessing INFO STARTING NEW RUN ==========
SpawnPoolWorker-160| 2026-06-22 06:23:21,627,627 multiprocessing INFO SEE LOG AT : ./logs/all_Lyapunov_test_dso-fn_d_all_e_01_log.txt
SpawnPoolWorker-160| 2026-06-22 06:23:21,627,627 multiprocessing INFO See log at : ./logs/all_Lyapunov_test_dso-fn_d_all_e_01_log.txt
SpawnPoolWorker-160| 2026-06-22 06:23:21,649,649 multiprocessing INFO child process calling self.run()
SpawnPoolWorker-159| 2026-06-22 06:23:21,810,810 multiprocessing INFO STARTING NEW RUN ==========
SpawnPoolWorker-159| 2026-06-22 06:23:21,810,810 multiprocessing INFO SEE LOG AT : ./logs/all_Lyapunov_test_dso-fn_d_all_e_01_log.txt
SpawnPoolWorker-159| 2026-06-22 06:23:21,810,810 multiprocessing INFO See log at : ./logs/all_Lyapunov_test_dso-fn_d_all_e_01_log.txt
SpawnPoolWorker-159| 2026-06-22 06:23:21,813,813 multiprocessing INFO child process calling self.run()
SpawnPoolWorker-162| 2026-06-22 06:23:21,872,872 multiprocessing INFO STARTING NEW RUN ==========
SpawnPoolWorker-162| 2026-06-22 06:23:21,872,872 multiprocessing INFO SEE LOG AT : ./logs/all_Lyapunov_test_dso-fn_d_all_e_01_log.txt
SpawnPoolWorker-162| 2026-06-22 06:23:21,872,872 multiprocessing INFO See log at : ./logs/all_Lyapunov_test_dso-fn_d_all_e_01_log.txt
SpawnPoolWorker-162| 2026-06-22 06:23:21,874,874 multiprocessing INFO child process calling self.run()
SpawnPoolWorker-150| 2026-06-22 06:23:22,076,76 multiprocessing INFO STARTING NEW RUN ==========
SpawnPoolWorker-150| 2026-06-22 06:23:22,076,76 multiprocessing INFO SEE LOG AT : ./logs/all_Lyapunov_test_dso-fn_d_all_e_01_log.txt
SpawnPoolWorker-150| 2026-06-22 06:23:22,076,76 multiprocessing INFO See log at : ./logs/all_Lyapunov_test_dso-fn_d_all_e_01_log.txt
SpawnPoolWorker-150| 2026-06-22 06:23:22,078,78 multiprocessing INFO child process calling self.run()
SpawnPoolWorker-157| 2026-06-22 06:23:22,246,246 multiprocessing INFO STARTING NEW RUN ==========
SpawnPoolWorker-157| 2026-06-22 06:23:22,246,246 multiprocessing INFO SEE LOG AT : ./logs/all_Lyapunov_test_dso-fn_d_all_e_01_log.txt
SpawnPoolWorker-157| 2026-06-22 06:23:22,247,247 multiprocessing INFO See log at : ./logs/all_Lyapunov_test_dso-fn_d_all_e_01_log.txt
SpawnPoolWorker-157| 2026-06-22 06:23:22,249,249 multiprocessing INFO child process calling self.run()
SpawnPoolWorker-149| 2026-06-22 06:23:22,297,297 multiprocessing INFO STARTING NEW RUN ==========
SpawnPoolWorker-149| 2026-06-22 06:23:22,297,297 multiprocessing INFO SEE LOG AT : ./logs/all_Lyapunov_test_dso-fn_d_all_e_01_log.txt
SpawnPoolWorker-149| 2026-06-22 06:23:22,297,297 multiprocessing INFO See log at : ./logs/all_Lyapunov_test_dso-fn_d_all_e_01_log.txt
SpawnPoolWorker-163| 2026-06-22 06:23:22,298,298 multiprocessing INFO STARTING NEW RUN ==========
SpawnPoolWorker-163| 2026-06-22 06:23:22,298,298 multiprocessing INFO SEE LOG AT : ./logs/all_Lyapunov_test_dso-fn_d_all_e_01_log.txt
SpawnPoolWorker-163| 2026-06-22 06:23:22,298,298 multiprocessing INFO See log at : ./logs/all_Lyapunov_test_dso-fn_d_all_e_01_log.txt
SpawnPoolWorker-149| 2026-06-22 06:23:22,301,301 multiprocessing INFO child process calling self.run()
SpawnPoolWorker-163| 2026-06-22 06:23:22,301,301 multiprocessing INFO child process calling self.run()
SpawnPoolWorker-156| 2026-06-22 06:23:22,969,969 multiprocessing INFO STARTING NEW RUN ==========
SpawnPoolWorker-156| 2026-06-22 06:23:22,969,969 multiprocessing INFO SEE LOG AT : ./logs/all_Lyapunov_test_dso-fn_d_all_e_01_log.txt
SpawnPoolWorker-156| 2026-06-22 06:23:22,969,969 multiprocessing INFO See log at : ./logs/all_Lyapunov_test_dso-fn_d_all_e_01_log.txt
SpawnPoolWorker-156| 2026-06-22 06:23:22,971,971 multiprocessing INFO child process calling self.run()
SpawnPoolWorker-148| 2026-06-22 06:23:23,071,71 multiprocessing INFO STARTING NEW RUN ==========
SpawnPoolWorker-148| 2026-06-22 06:23:23,072,72 multiprocessing INFO SEE LOG AT : ./logs/all_Lyapunov_test_dso-fn_d_all_e_01_log.txt
SpawnPoolWorker-148| 2026-06-22 06:23:23,072,72 multiprocessing INFO See log at : ./logs/all_Lyapunov_test_dso-fn_d_all_e_01_log.txt
SpawnPoolWorker-148| 2026-06-22 06:23:23,073,73 multiprocessing INFO child process calling self.run()
SpawnPoolWorker-161| 2026-06-22 06:23:23,192,192 multiprocessing INFO STARTING NEW RUN ==========
SpawnPoolWorker-161| 2026-06-22 06:23:23,192,192 multiprocessing INFO SEE LOG AT : ./logs/all_Lyapunov_test_dso-fn_d_all_e_01_log.txt
SpawnPoolWorker-161| 2026-06-22 06:23:23,192,192 multiprocessing INFO See log at : ./logs/all_Lyapunov_test_dso-fn_d_all_e_01_log.txt
SpawnPoolWorker-161| 2026-06-22 06:23:23,194,194 multiprocessing INFO child process calling self.run()
SpawnPoolWorker-168| 2026-06-22 06:23:23,395,395 multiprocessing INFO STARTING NEW RUN ==========
SpawnPoolWorker-168| 2026-06-22 06:23:23,395,395 multiprocessing INFO SEE LOG AT : ./logs/all_Lyapunov_test_dso-fn_d_all_e_01_log.txt
SpawnPoolWorker-168| 2026-06-22 06:23:23,395,395 multiprocessing INFO See log at : ./logs/all_Lyapunov_test_dso-fn_d_all_e_01_log.txt
SpawnPoolWorker-168| 2026-06-22 06:23:23,407,407 multiprocessing INFO child process calling self.run()
SpawnPoolWorker-151| 2026-06-22 06:23:23,691,691 multiprocessing INFO STARTING NEW RUN ==========
SpawnPoolWorker-151| 2026-06-22 06:23:23,692,692 multiprocessing INFO SEE LOG AT : ./logs/all_Lyapunov_test_dso-fn_d_all_e_01_log.txt
SpawnPoolWorker-151| 2026-06-22 06:23:23,692,692 multiprocessing INFO See log at : ./logs/all_Lyapunov_test_dso-fn_d_all_e_01_log.txt
SpawnPoolWorker-151| 2026-06-22 06:23:23,693,693 multiprocessing INFO child process calling self.run()
SpawnPoolWorker-166| 2026-06-22 06:23:24,231,231 multiprocessing INFO STARTING NEW RUN ==========
SpawnPoolWorker-166| 2026-06-22 06:23:24,231,231 multiprocessing INFO SEE LOG AT : ./logs/all_Lyapunov_test_dso-fn_d_all_e_01_log.txt
SpawnPoolWorker-166| 2026-06-22 06:23:24,231,231 multiprocessing INFO See log at : ./logs/all_Lyapunov_test_dso-fn_d_all_e_01_log.txt
SpawnPoolWorker-166| 2026-06-22 06:23:24,233,233 multiprocessing INFO child process calling self.run()
SpawnPoolWorker-167| 2026-06-22 06:23:24,314,314 multiprocessing INFO STARTING NEW RUN ==========
SpawnPoolWorker-167| 2026-06-22 06:23:24,314,314 multiprocessing INFO SEE LOG AT : ./logs/all_Lyapunov_test_dso-fn_d_all_e_01_log.txt
SpawnPoolWorker-167| 2026-06-22 06:23:24,314,314 multiprocessing INFO See log at : ./logs/all_Lyapunov_test_dso-fn_d_all_e_01_log.txt
SpawnPoolWorker-167| 2026-06-22 06:23:24,316,316 multiprocessing INFO child process calling self.run()
SpawnPoolWorker-153| 2026-06-22 06:23:24,514,514 multiprocessing INFO STARTING NEW RUN ==========
SpawnPoolWorker-153| 2026-06-22 06:23:24,514,514 multiprocessing INFO SEE LOG AT : ./logs/all_Lyapunov_test_dso-fn_d_all_e_01_log.txt
SpawnPoolWorker-153| 2026-06-22 06:23:24,514,514 multiprocessing INFO See log at : ./logs/all_Lyapunov_test_dso-fn_d_all_e_01_log.txt
SpawnPoolWorker-153| 2026-06-22 06:23:24,515,515 multiprocessing INFO child process calling self.run()
SpawnPoolWorker-150| 2026-06-22 06:23:25,095,95 multiprocessing INFO process shutting down
SpawnPoolWorker-170| 2026-06-22 06:23:25,095,95 multiprocessing INFO process shutting down
SpawnPoolWorker-166| 2026-06-22 06:23:25,095,95 multiprocessing INFO process shutting down
SpawnPoolWorker-150| 2026-06-22 06:23:25,095,95 multiprocessing INFO process exiting with exitcode 0
SpawnPoolWorker-166| 2026-06-22 06:23:25,095,95 multiprocessing INFO process exiting with exitcode 0
SpawnPoolWorker-167| 2026-06-22 06:23:25,095,95 multiprocessing INFO process shutting down
SpawnPoolWorker-152| 2026-06-22 06:23:25,095,95 multiprocessing INFO process shutting down
SpawnPoolWorker-154| 2026-06-22 06:23:25,095,95 multiprocessing INFO process shutting down
SpawnPoolWorker-168| 2026-06-22 06:23:25,095,95 multiprocessing INFO process shutting down
SpawnPoolWorker-170| 2026-06-22 06:23:25,095,95 multiprocessing INFO process exiting with exitcode 0
SpawnPoolWorker-167| 2026-06-22 06:23:25,095,95 multiprocessing INFO process exiting with exitcode 0
SpawnPoolWorker-152| 2026-06-22 06:23:25,095,95 multiprocessing INFO process exiting with exitcode 0
SpawnPoolWorker-168| 2026-06-22 06:23:25,095,95 multiprocessing INFO process exiting with exitcode 0
SpawnPoolWorker-153| 2026-06-22 06:23:25,095,95 multiprocessing INFO process shutting down
SpawnPoolWorker-151| 2026-06-22 06:23:25,095,95 multiprocessing INFO process shutting down
SpawnPoolWorker-165| 2026-06-22 06:23:25,095,95 multiprocessing INFO process shutting down
SpawnPoolWorker-158| 2026-06-22 06:23:25,096,96 multiprocessing INFO process shutting down
SpawnPoolWorker-155| 2026-06-22 06:23:25,096,96 multiprocessing INFO process shutting down
SpawnPoolWorker-157| 2026-06-22 06:23:25,096,96 multiprocessing INFO process shutting down
SpawnPoolWorker-164| 2026-06-22 06:23:25,096,96 multiprocessing INFO process shutting down
SpawnPoolWorker-161| 2026-06-22 06:23:25,096,96 multiprocessing INFO process shutting down
SpawnPoolWorker-163| 2026-06-22 06:23:25,096,96 multiprocessing INFO process shutting down
SpawnPoolWorker-147| 2026-06-22 06:23:25,096,96 multiprocessing INFO process shutting down
SpawnPoolWorker-149| 2026-06-22 06:23:25,096,96 multiprocessing INFO process shutting down
SpawnPoolWorker-154| 2026-06-22 06:23:25,096,96 multiprocessing INFO process exiting with exitcode 0
SpawnPoolWorker-159| 2026-06-22 06:23:25,096,96 multiprocessing INFO process shutting down
SpawnPoolWorker-160| 2026-06-22 06:23:25,096,96 multiprocessing INFO process shutting down
SpawnPoolWorker-169| 2026-06-22 06:23:25,097,97 multiprocessing INFO process shutting down
29
(100000, 6)
(100000,)
(100000, 6)
(100000,)

=======================Successfully Added (50000, 6) Counter Examples=======================


============None of the candidates fulfill the conditions. Training CONTINUES!=================

MainProcess| 2026-06-22 06:23:30,339,339 multiprocessing INFO 
============None of the candidates fulfill the conditions. Training CONTINUES!=================


============None of the candidates fulfill the conditions. Training CONTINUES!=================

(55, 114)
/users/9/chen8596/miniconda3/envs/alfd/lib/python3.9/site-packages/torch/nn/functional.py:4999: UserWarning: Support for mismatched key_padding_mask and attn_mask is deprecated. Use same type for both instead.
  warnings.warn(

==============Start Supervised Learning==============

MainProcess| 2026-06-22 06:23:40,502,502 multiprocessing INFO GP output mean: 0.9643964595966946
GP output mean: 0.9643964595966946
MainProcess| 2026-06-22 06:23:42,161,161 multiprocessing INFO GP output success rate: 0.0
GP output success rate: 0.0

==============End Supervised Learning==============

MainProcess| 2026-06-22 06:23:44,117,117 multiprocessing INFO [Test epoch=0005]  nevals=69057 	| train_loss=7752.57129 	| eqs_invalid %=0.36 	| r_best=0.98860 	| quantile=0.67030 	| r_quantile_mean=0.91208 	| r_raw_sum=55.12086 	|  r_raw_mean=0.81060 	| r2=nan 	| acc_iid=0.00000 	| acc_ood=0.00000 	| nmse_test=0.005104520124732857 	| true_equation_set_count=0 	| s/it=223.52178
[Test epoch=0005]  nevals=69057 	| train_loss=7752.57129 	| eqs_invalid %=0.36 	| r_best=0.98860 	| quantile=0.67030 	| r_quantile_mean=0.91208 	| r_raw_sum=55.12086 	|  r_raw_mean=0.81060 	| r2=nan 	| acc_iid=0.00000 	| acc_ood=0.00000 	| nmse_test=0.005104520124732857 	| true_equation_set_count=0 	| s/it=223.52178
MainProcess| 2026-06-22 06:23:44,117,117 multiprocessing INFO [00:00:18:38.78] Training epoch 5/4000, current best R: 0.9886
[00:00:18:38.78] Training epoch 5/4000, current best R: 0.9886
[2026-06-22T06:24:11.466] error: *** JOB 11510889 ON cn2103 CANCELLED AT 2026-06-22T06:24:11 DUE to SIGNAL Terminated ***
