[job] sys=poly8d benchmark=fn_d_all_n seed=3 host=cn2101 gpu=0 start=2026-06-21T23:02:19-05:00
MainProcess| 2026-06-21 23:02:23,193,193 multiprocessing INFO STARTING NEW RUN ==========
MainProcess| 2026-06-21 23:02:23,193,193 multiprocessing INFO SEE LOG AT : ./logs/all_Lyapunov_test_dso-fn_d_all_n_01_log.txt
MainProcess| 2026-06-21 23:02:23,193,193 multiprocessing INFO See log at : ./logs/all_Lyapunov_test_dso-fn_d_all_n_01_log.txt
MainProcess| 2026-06-21 23:02:23,196,196 multiprocessing INFO               variables           expression                                                                                                                                                                                                                          train_spec test_spec function_set
name                                                                                                                                                                                                                                                                                                   
fn_d_all_n_5          8  0*x1+0*x2+0*x3+0*x4  {"x1":{"U":[-1.0,1.0,50000]}, "x2":{"U":[-1.0,1.0,50000]},"x3":{"U":[-1.0,1.0,50000]},"x4":{"U":[-1.0,1.0,50000]},"x5":{"U":[-1.0,1.0,50000]},"x6":{"U":[-1.0,1.0,50000]},"x7":{"U":[-1.0,1.0,50000]},"x8":{"U":[-1.0,1.0,50000]}}      None         Koza
              variables           expression                                                                                                                                                                                                                          train_spec test_spec function_set
name                                                                                                                                                                                                                                                                                                   
fn_d_all_n_5          8  0*x1+0*x2+0*x3+0*x4  {"x1":{"U":[-1.0,1.0,50000]}, "x2":{"U":[-1.0,1.0,50000]},"x3":{"U":[-1.0,1.0,50000]},"x4":{"U":[-1.0,1.0,50000]},"x5":{"U":[-1.0,1.0,50000]},"x6":{"U":[-1.0,1.0,50000]},"x7":{"U":[-1.0,1.0,50000]},"x8":{"U":[-1.0,1.0,50000]}}      None         Koza

-- BUILDING DATASET START -----------
Benchmark path                 : /users/9/chen8596/LyaDis/repro/runs/poly8d/libs/sd3/dso/dso/task/regression/benchmarks_bkup_1.csv
Generated data for benchmark   : fn_d_all_n_5
-- BUILDING DATASET END -------------

Function set                   : Koza --> ['add', 'sub', 'mul', 'sin', 'cos', 'n2']

MainProcess| 2026-06-21 23:02:23,308,308 multiprocessing INFO [BASELINE_TESTING NOW] dataset=fn_d_all_n_5 	| baseline=transformer 	| seed=3 	| data_samples=50000 	| noise=0.0
MainProcess| 2026-06-21 23:02:23,312,312 multiprocessing INFO [RUN SETTINGS]: test_dataset=fn_d_all_n_5  batch_outer_datasets=24 pre_train=False load_pre_trained_path= priority_queue_training=True gp_meld=True model=TransformerTreeEncoderController train_path= risk_seeking_pg_train=True
[RUN SETTINGS]: test_dataset=fn_d_all_n_5  batch_outer_datasets=24 pre_train=False load_pre_trained_path= priority_queue_training=True gp_meld=True model=TransformerTreeEncoderController train_path= risk_seeking_pg_train=True
MainProcess| 2026-06-21 23:02:23,372,372 multiprocessing INFO Running model : TransformerTreeEncoderController
Running model : TransformerTreeEncoderController

-- BUILDING DATASET START -----------
Benchmark path                 : /users/9/chen8596/LyaDis/repro/runs/poly8d/libs/sd3/dso/dso/task/regression/benchmarks_bkup_1.csv
Generated data for benchmark   : fn_d_all_n_5
-- BUILDING DATASET END -------------

Function set                   : Koza --> ['add', 'sub', 'mul', 'sin', 'cos', 'n2']

MainProcess| 2026-06-21 23:02:23,401,401 multiprocessing INFO Function set: ['x1', 'x2', 'x3', 'x4', 'x5', 'x6', 'x7', 'x8', 'add', 'sub', 'mul', 'sin', 'cos', 'n2']

-- BUILDING DATASET START -----------
Benchmark path                 : /users/9/chen8596/LyaDis/repro/runs/poly8d/libs/sd3/dso/dso/task/regression/benchmarks_bkup_1.csv
Generated data for benchmark   : fn_d_all_n_5
-- BUILDING DATASET END -------------

Function set                   : Koza --> ['add', 'sub', 'mul', 'sin', 'cos', 'n2']

-- BUILDING PRIOR START -------------
WARNING: Skipping invalid 'RelationalConstraint' with arguments {'targets': [], 'effectors': [], 'relationship': None}. Reason: Prior disabled.
WARNING: Skipping invalid 'RepeatConstraint' with arguments {'tokens': 'const', 'min_': None, 'max_': 5}. Reason: Uses Tokens not in the Library.
WARNING: Skipping invalid 'InverseUnaryConstraint' with arguments {}. Reason: There are no inverse unary Token pairs in the Library.
WARNING: Skipping invalid 'ConstConstraint' with arguments {}. Reason: Prior disabled.
WARNING: Skipping invalid 'NoInputsConstraint' with arguments {}. Reason: All terminal tokens are input variables, so allsequences will have an input variable.
WARNING: Skipping invalid 'UniformArityPrior' with arguments {}. Reason: Prior disabled.
LengthConstraint: Sequences have minimum length 12.
                  Sequences have maximum length 25.
TrigConstraint: [sin, cos] cannot be a descendant of [sin, cos].
SoftLengthPrior: No description available.
-- BUILDING PRIOR END ---------------

MainProcess| 2026-06-21 23:02:23,647,647 multiprocessing INFO Transformer overwriting hidden size to input_dim 128
Transformer overwriting hidden size to input_dim 128
MainProcess| 2026-06-21 23:02:23,823,823 multiprocessing INFO Encoder params: {'sinuisodal_embeddings': False, 'dec_pf_dim': 32, 'dec_layers': 1, 'dim_hidden': 128, 'lr': 0.0001, 'dropout': 0, 'num_features': 1, 'ln': True, 'N_p': 0, 'num_inds': 64, 'activation': 'relu', 'bit16': False, 'norm': True, 'linear': True, 'input_normalization': False, 'src_pad_idx': 0, 'trg_pad_idx': 0, 'length_eq': 20, 'n_l_enc': 3, 'mean': 0.5, 'std': 0.5, 'dim_input': 64, 'num_heads': 2, 'output_dim': 10}
Encoder params: {'sinuisodal_embeddings': False, 'dec_pf_dim': 32, 'dec_layers': 1, 'dim_hidden': 128, 'lr': 0.0001, 'dropout': 0, 'num_features': 1, 'ln': True, 'N_p': 0, 'num_inds': 64, 'activation': 'relu', 'bit16': False, 'norm': True, 'linear': True, 'input_normalization': False, 'src_pad_idx': 0, 'trg_pad_idx': 0, 'length_eq': 20, 'n_l_enc': 3, 'mean': 0.5, 'std': 0.5, 'dim_input': 64, 'num_heads': 2, 'output_dim': 10}
MainProcess| 2026-06-21 23:02:23,840,840 multiprocessing INFO TransformerTreeEncoderController parameters: 4039010 	 | trainable : 4039010
TransformerTreeEncoderController parameters: 4039010 	 | trainable : 4039010
MainProcess| 2026-06-21 23:02:23,914,914 multiprocessing INFO GP CONFIG : {'verbose': False, 'generations': 35, 'p_crossover': 0.5, 'p_mutate': 0.5, 'tournament_size': 7, 'train_n': 50, 'mutate_tree_max': 3}
GP CONFIG : {'verbose': False, 'generations': 35, 'p_crossover': 0.5, 'p_mutate': 0.5, 'tournament_size': 7, 'train_n': 50, 'mutate_tree_max': 3}
MainProcess| 2026-06-21 23:02:24,005,5 multiprocessing INFO config: {'experiment': {'logdir': './log', 'seed': 13, 'timestamp': '2026-06-21-230223', 'task_name': 'fn_d_all_n_5', 'save_path': './log/fn_d_all_n_5_2026-06-21-230223_3'}, 'task': {'task_type': 'regression', 'dataset': 'fn_d_all_n_5', 'function_set': ['add', 'sub', 'mul', 'sin', 'cos', 'n2'], 'metric': 'lyapunov_risk', 'metric_params': [1.0], 'extra_metric_test': None, 'extra_metric_test_params': [], 'threshold': 1e-12, 'protected': False, 'reward_noise': 0.0, 'reward_noise_type': 'r', 'normalize_variance': False, 'decision_tree_threshold_set': []}, 'training': {'n_epochs': None, 'n_samples': 2000000, 'batch_size': 500, 'epsilon': 0.1, 'baseline': 'R_e', 'alpha': 0.5, 'b_jumpstart': False, 'n_cores_batch': 1, 'complexity': 'token', 'const_optimizer': 'scipy', 'const_params': {'method': 'L-BFGS-B', 'options': {'gtol': 0.001}}, 'verbose': True, 'debug': 0, 'early_stopping': True, 'hof': 100, 'use_memory': False, 'memory_capacity': 1000.0, 'warm_start': None, 'memory_threshold': None, 'save_all_epoch': False, 'save_summary': False, 'save_positional_entropy': False, 'save_pareto_front': True, 'save_cache': False, 'save_cache_r_min': 0.9, 'save_freq': 1, 'save_token_count': False}, 'state_manager': {'observe_action': False, 'observe_parent': True, 'observe_sibling': True, 'observe_dangling': False, 'embedding': True, 'embedding_size': 64}, 'controller': {'max_length': 64, 'cell': 'lstm', 'num_layers': 1, 'num_units': 64, 'initializer': 'zeros', 'learning_rate': 0.0003, 'optimizer': 'adam', 'entropy_weight': 0.005, 'entropy_gamma': 0.8, 'pqt': True, 'pqt_k': 10, 'pqt_batch_size': 1, 'pqt_weight': 200.0, 'pqt_use_pg': False, 'summary': False, 'rl_weight': 1.0}, 'gp_meld': {'generations': 35, 'p_crossover': 0.5, 'p_mutate': 0.5, 'tournament_size': 7, 'train_n': 50, 'mutate_tree_max': 3}, 'prior': {'relational': {'targets': [], 'effectors': [], 'relationship': None}, 'length': {'min_': 12, 'max_': 25}, 'repeat': {'tokens': 'const', 'min_': None, 'max_': 5}, 'inverse': {}, 'trig': {}, 'const': {}, 'no_inputs': {}, 'uniform_arity': {}, 'soft_length': {'loc': 15, 'scale': 5}}, 'postprocess': {'show_count': 5, 'save_plots': True}, 'model': 'TransformerTreeEncoderController', 'function_names_str': 'x1,x2,x3,x4,x5,x6,x7,x8,add,sub,mul,sin,cos,n2', 'nesymres_train_config': {'architecture': {'sinuisodal_embeddings': False, 'dec_pf_dim': 32, 'dec_layers': 1, 'dim_hidden': 128, 'lr': 0.0001, 'dropout': 0, 'num_features': 1, 'ln': True, 'N_p': 0, 'num_inds': 64, 'activation': 'relu', 'bit16': False, 'norm': True, 'linear': True, 'input_normalization': False, 'src_pad_idx': 0, 'trg_pad_idx': 0, 'length_eq': 20, 'n_l_enc': 3, 'mean': 0.5, 'std': 0.5, 'dim_input': 64, 'num_heads': 2, 'output_dim': 10}}}

-- BUILDING DATASET START -----------
Benchmark path                 : /users/9/chen8596/LyaDis/repro/runs/poly8d/libs/sd3/dso/dso/task/regression/benchmarks_bkup_1.csv
Generated data for benchmark   : fn_d_all_n_5
-- BUILDING DATASET END -------------

Function set                   : Koza --> ['add', 'sub', 'mul', 'sin', 'cos', 'n2']

-- RUNNING EPOCHS START -------------
torch.Size([500, 164])
/users/9/chen8596/miniconda3/envs/alfd/lib/python3.9/site-packages/torch/nn/functional.py:4999: UserWarning: Support for mismatched key_padding_mask and attn_mask is deprecated. Use same type for both instead.
  warnings.warn(
/users/9/chen8596/miniconda3/envs/alfd/lib/python3.9/site-packages/torch/nn/functional.py:4999: UserWarning: Support for mismatched key_padding_mask and attn_mask is deprecated. Use same type for both instead.
  warnings.warn(
/users/9/chen8596/miniconda3/envs/alfd/lib/python3.9/site-packages/torch/nn/functional.py:4999: UserWarning: Support for mismatched key_padding_mask and attn_mask is deprecated. Use same type for both instead.
  warnings.warn(
MainProcess| 2026-06-21 23:05:03,208,208 multiprocessing INFO Genetic Porgramming Runtime 155.3310409199912
Genetic Porgramming Runtime 155.3310409199912

=========================PGD Collection Starts=========================

MainProcess| 2026-06-21 23:05:04,680,680 multiprocessing INFO created temp directory /tmp/pymp-47umqrtg
SpawnPoolWorker-3| 2026-06-21 23:05:08,578,578 multiprocessing INFO STARTING NEW RUN ==========
SpawnPoolWorker-3| 2026-06-21 23:05:08,578,578 multiprocessing INFO SEE LOG AT : ./logs/all_Lyapunov_test_dso-fn_d_all_n_01_log.txt
SpawnPoolWorker-3| 2026-06-21 23:05:08,578,578 multiprocessing INFO See log at : ./logs/all_Lyapunov_test_dso-fn_d_all_n_01_log.txt
SpawnPoolWorker-3| 2026-06-21 23:05:08,580,580 multiprocessing INFO child process calling self.run()
SpawnPoolWorker-6| 2026-06-21 23:05:08,587,587 multiprocessing INFO STARTING NEW RUN ==========
SpawnPoolWorker-6| 2026-06-21 23:05:08,587,587 multiprocessing INFO SEE LOG AT : ./logs/all_Lyapunov_test_dso-fn_d_all_n_01_log.txt
SpawnPoolWorker-6| 2026-06-21 23:05:08,587,587 multiprocessing INFO See log at : ./logs/all_Lyapunov_test_dso-fn_d_all_n_01_log.txt
SpawnPoolWorker-1| 2026-06-21 23:05:08,588,588 multiprocessing INFO STARTING NEW RUN ==========
SpawnPoolWorker-1| 2026-06-21 23:05:08,588,588 multiprocessing INFO SEE LOG AT : ./logs/all_Lyapunov_test_dso-fn_d_all_n_01_log.txt
SpawnPoolWorker-1| 2026-06-21 23:05:08,589,589 multiprocessing INFO See log at : ./logs/all_Lyapunov_test_dso-fn_d_all_n_01_log.txt
SpawnPoolWorker-7| 2026-06-21 23:05:08,589,589 multiprocessing INFO STARTING NEW RUN ==========
SpawnPoolWorker-7| 2026-06-21 23:05:08,589,589 multiprocessing INFO SEE LOG AT : ./logs/all_Lyapunov_test_dso-fn_d_all_n_01_log.txt
SpawnPoolWorker-7| 2026-06-21 23:05:08,589,589 multiprocessing INFO See log at : ./logs/all_Lyapunov_test_dso-fn_d_all_n_01_log.txt
SpawnPoolWorker-6| 2026-06-21 23:05:08,589,589 multiprocessing INFO child process calling self.run()
SpawnPoolWorker-1| 2026-06-21 23:05:08,590,590 multiprocessing INFO child process calling self.run()
SpawnPoolWorker-7| 2026-06-21 23:05:08,590,590 multiprocessing INFO child process calling self.run()
SpawnPoolWorker-9| 2026-06-21 23:05:08,594,594 multiprocessing INFO STARTING NEW RUN ==========
SpawnPoolWorker-9| 2026-06-21 23:05:08,594,594 multiprocessing INFO SEE LOG AT : ./logs/all_Lyapunov_test_dso-fn_d_all_n_01_log.txt
SpawnPoolWorker-9| 2026-06-21 23:05:08,594,594 multiprocessing INFO See log at : ./logs/all_Lyapunov_test_dso-fn_d_all_n_01_log.txt
SpawnPoolWorker-9| 2026-06-21 23:05:08,596,596 multiprocessing INFO child process calling self.run()
SpawnPoolWorker-4| 2026-06-21 23:05:08,598,598 multiprocessing INFO STARTING NEW RUN ==========
SpawnPoolWorker-4| 2026-06-21 23:05:08,598,598 multiprocessing INFO SEE LOG AT : ./logs/all_Lyapunov_test_dso-fn_d_all_n_01_log.txt
SpawnPoolWorker-4| 2026-06-21 23:05:08,598,598 multiprocessing INFO See log at : ./logs/all_Lyapunov_test_dso-fn_d_all_n_01_log.txt
SpawnPoolWorker-4| 2026-06-21 23:05:08,600,600 multiprocessing INFO child process calling self.run()
SpawnPoolWorker-5| 2026-06-21 23:05:08,609,609 multiprocessing INFO STARTING NEW RUN ==========
SpawnPoolWorker-5| 2026-06-21 23:05:08,609,609 multiprocessing INFO SEE LOG AT : ./logs/all_Lyapunov_test_dso-fn_d_all_n_01_log.txt
SpawnPoolWorker-5| 2026-06-21 23:05:08,609,609 multiprocessing INFO See log at : ./logs/all_Lyapunov_test_dso-fn_d_all_n_01_log.txt
SpawnPoolWorker-10| 2026-06-21 23:05:08,610,610 multiprocessing INFO STARTING NEW RUN ==========
SpawnPoolWorker-10| 2026-06-21 23:05:08,610,610 multiprocessing INFO SEE LOG AT : ./logs/all_Lyapunov_test_dso-fn_d_all_n_01_log.txt
SpawnPoolWorker-10| 2026-06-21 23:05:08,610,610 multiprocessing INFO See log at : ./logs/all_Lyapunov_test_dso-fn_d_all_n_01_log.txt
SpawnPoolWorker-2| 2026-06-21 23:05:08,610,610 multiprocessing INFO STARTING NEW RUN ==========
SpawnPoolWorker-2| 2026-06-21 23:05:08,611,611 multiprocessing INFO SEE LOG AT : ./logs/all_Lyapunov_test_dso-fn_d_all_n_01_log.txt
SpawnPoolWorker-2| 2026-06-21 23:05:08,611,611 multiprocessing INFO See log at : ./logs/all_Lyapunov_test_dso-fn_d_all_n_01_log.txt
SpawnPoolWorker-5| 2026-06-21 23:05:08,611,611 multiprocessing INFO child process calling self.run()
SpawnPoolWorker-2| 2026-06-21 23:05:08,614,614 multiprocessing INFO child process calling self.run()
SpawnPoolWorker-10| 2026-06-21 23:05:08,618,618 multiprocessing INFO child process calling self.run()
SpawnPoolWorker-8| 2026-06-21 23:05:08,625,625 multiprocessing INFO STARTING NEW RUN ==========
SpawnPoolWorker-8| 2026-06-21 23:05:08,625,625 multiprocessing INFO SEE LOG AT : ./logs/all_Lyapunov_test_dso-fn_d_all_n_01_log.txt
SpawnPoolWorker-8| 2026-06-21 23:05:08,625,625 multiprocessing INFO See log at : ./logs/all_Lyapunov_test_dso-fn_d_all_n_01_log.txt
SpawnPoolWorker-8| 2026-06-21 23:05:08,627,627 multiprocessing INFO child process calling self.run()
SpawnPoolWorker-7| 2026-06-21 23:05:24,783,783 multiprocessing INFO process shutting down
SpawnPoolWorker-4| 2026-06-21 23:05:24,783,783 multiprocessing INFO process shutting down
SpawnPoolWorker-1| 2026-06-21 23:05:24,783,783 multiprocessing INFO process shutting down
SpawnPoolWorker-8| 2026-06-21 23:05:24,783,783 multiprocessing INFO process shutting down
SpawnPoolWorker-7| 2026-06-21 23:05:24,784,784 multiprocessing INFO process exiting with exitcode 0
SpawnPoolWorker-4| 2026-06-21 23:05:24,784,784 multiprocessing INFO process exiting with exitcode 0
SpawnPoolWorker-8| 2026-06-21 23:05:24,784,784 multiprocessing INFO process exiting with exitcode 0
SpawnPoolWorker-1| 2026-06-21 23:05:24,784,784 multiprocessing INFO process exiting with exitcode 0
SpawnPoolWorker-3| 2026-06-21 23:05:24,784,784 multiprocessing INFO process shutting down
SpawnPoolWorker-5| 2026-06-21 23:05:24,784,784 multiprocessing INFO process shutting down
SpawnPoolWorker-10| 2026-06-21 23:05:24,784,784 multiprocessing INFO process shutting down
SpawnPoolWorker-6| 2026-06-21 23:05:24,784,784 multiprocessing INFO process shutting down
SpawnPoolWorker-9| 2026-06-21 23:05:24,784,784 multiprocessing INFO process shutting down
(10000,)

===================Collect 10000 Examples===================

Epsilon 0.1
500
(550,)
(550,)
(550,)
Number of Programs for Minimization: 28
SpawnPoolWorker-25| 2026-06-21 23:05:38,251,251 multiprocessing INFO STARTING NEW RUN ==========
SpawnPoolWorker-25| 2026-06-21 23:05:38,252,252 multiprocessing INFO SEE LOG AT : ./logs/all_Lyapunov_test_dso-fn_d_all_n_01_log.txt
SpawnPoolWorker-25| 2026-06-21 23:05:38,252,252 multiprocessing INFO See log at : ./logs/all_Lyapunov_test_dso-fn_d_all_n_01_log.txt
SpawnPoolWorker-30| 2026-06-21 23:05:38,256,256 multiprocessing INFO STARTING NEW RUN ==========
SpawnPoolWorker-30| 2026-06-21 23:05:38,256,256 multiprocessing INFO SEE LOG AT : ./logs/all_Lyapunov_test_dso-fn_d_all_n_01_log.txt
SpawnPoolWorker-30| 2026-06-21 23:05:38,256,256 multiprocessing INFO See log at : ./logs/all_Lyapunov_test_dso-fn_d_all_n_01_log.txt
SpawnPoolWorker-30| 2026-06-21 23:05:38,258,258 multiprocessing INFO child process calling self.run()
SpawnPoolWorker-25| 2026-06-21 23:05:38,262,262 multiprocessing INFO child process calling self.run()
SpawnPoolWorker-18| 2026-06-21 23:05:38,827,827 multiprocessing INFO STARTING NEW RUN ==========
SpawnPoolWorker-18| 2026-06-21 23:05:38,827,827 multiprocessing INFO SEE LOG AT : ./logs/all_Lyapunov_test_dso-fn_d_all_n_01_log.txt
SpawnPoolWorker-18| 2026-06-21 23:05:38,827,827 multiprocessing INFO See log at : ./logs/all_Lyapunov_test_dso-fn_d_all_n_01_log.txt
SpawnPoolWorker-18| 2026-06-21 23:05:38,829,829 multiprocessing INFO child process calling self.run()
SpawnPoolWorker-15| 2026-06-21 23:05:39,342,342 multiprocessing INFO STARTING NEW RUN ==========
SpawnPoolWorker-15| 2026-06-21 23:05:39,342,342 multiprocessing INFO SEE LOG AT : ./logs/all_Lyapunov_test_dso-fn_d_all_n_01_log.txt
SpawnPoolWorker-15| 2026-06-21 23:05:39,342,342 multiprocessing INFO See log at : ./logs/all_Lyapunov_test_dso-fn_d_all_n_01_log.txt
SpawnPoolWorker-15| 2026-06-21 23:05:39,344,344 multiprocessing INFO child process calling self.run()
SpawnPoolWorker-11| 2026-06-21 23:05:39,398,398 multiprocessing INFO STARTING NEW RUN ==========
SpawnPoolWorker-11| 2026-06-21 23:05:39,398,398 multiprocessing INFO SEE LOG AT : ./logs/all_Lyapunov_test_dso-fn_d_all_n_01_log.txt
SpawnPoolWorker-11| 2026-06-21 23:05:39,398,398 multiprocessing INFO See log at : ./logs/all_Lyapunov_test_dso-fn_d_all_n_01_log.txt
SpawnPoolWorker-11| 2026-06-21 23:05:39,403,403 multiprocessing INFO child process calling self.run()
SpawnPoolWorker-14| 2026-06-21 23:05:39,848,848 multiprocessing INFO STARTING NEW RUN ==========
SpawnPoolWorker-14| 2026-06-21 23:05:39,848,848 multiprocessing INFO SEE LOG AT : ./logs/all_Lyapunov_test_dso-fn_d_all_n_01_log.txt
SpawnPoolWorker-14| 2026-06-21 23:05:39,848,848 multiprocessing INFO See log at : ./logs/all_Lyapunov_test_dso-fn_d_all_n_01_log.txt
SpawnPoolWorker-14| 2026-06-21 23:05:39,852,852 multiprocessing INFO child process calling self.run()
SpawnPoolWorker-20| 2026-06-21 23:05:39,907,907 multiprocessing INFO STARTING NEW RUN ==========
SpawnPoolWorker-20| 2026-06-21 23:05:39,907,907 multiprocessing INFO SEE LOG AT : ./logs/all_Lyapunov_test_dso-fn_d_all_n_01_log.txt
SpawnPoolWorker-20| 2026-06-21 23:05:39,907,907 multiprocessing INFO See log at : ./logs/all_Lyapunov_test_dso-fn_d_all_n_01_log.txt
SpawnPoolWorker-20| 2026-06-21 23:05:39,909,909 multiprocessing INFO child process calling self.run()
SpawnPoolWorker-12| 2026-06-21 23:05:39,921,921 multiprocessing INFO STARTING NEW RUN ==========
SpawnPoolWorker-12| 2026-06-21 23:05:39,921,921 multiprocessing INFO SEE LOG AT : ./logs/all_Lyapunov_test_dso-fn_d_all_n_01_log.txt
SpawnPoolWorker-12| 2026-06-21 23:05:39,921,921 multiprocessing INFO See log at : ./logs/all_Lyapunov_test_dso-fn_d_all_n_01_log.txt
SpawnPoolWorker-12| 2026-06-21 23:05:39,923,923 multiprocessing INFO child process calling self.run()
SpawnPoolWorker-27| 2026-06-21 23:05:39,983,983 multiprocessing INFO STARTING NEW RUN ==========
SpawnPoolWorker-27| 2026-06-21 23:05:39,983,983 multiprocessing INFO SEE LOG AT : ./logs/all_Lyapunov_test_dso-fn_d_all_n_01_log.txt
SpawnPoolWorker-27| 2026-06-21 23:05:39,983,983 multiprocessing INFO See log at : ./logs/all_Lyapunov_test_dso-fn_d_all_n_01_log.txt
SpawnPoolWorker-27| 2026-06-21 23:05:39,985,985 multiprocessing INFO child process calling self.run()
SpawnPoolWorker-17| 2026-06-21 23:05:40,087,87 multiprocessing INFO STARTING NEW RUN ==========
SpawnPoolWorker-17| 2026-06-21 23:05:40,087,87 multiprocessing INFO SEE LOG AT : ./logs/all_Lyapunov_test_dso-fn_d_all_n_01_log.txt
SpawnPoolWorker-17| 2026-06-21 23:05:40,087,87 multiprocessing INFO See log at : ./logs/all_Lyapunov_test_dso-fn_d_all_n_01_log.txt
SpawnPoolWorker-17| 2026-06-21 23:05:40,094,94 multiprocessing INFO child process calling self.run()
SpawnPoolWorker-28| 2026-06-21 23:05:40,098,98 multiprocessing INFO STARTING NEW RUN ==========
SpawnPoolWorker-28| 2026-06-21 23:05:40,098,98 multiprocessing INFO SEE LOG AT : ./logs/all_Lyapunov_test_dso-fn_d_all_n_01_log.txt
SpawnPoolWorker-28| 2026-06-21 23:05:40,098,98 multiprocessing INFO See log at : ./logs/all_Lyapunov_test_dso-fn_d_all_n_01_log.txt
SpawnPoolWorker-13| 2026-06-21 23:05:40,099,99 multiprocessing INFO STARTING NEW RUN ==========
SpawnPoolWorker-13| 2026-06-21 23:05:40,099,99 multiprocessing INFO SEE LOG AT : ./logs/all_Lyapunov_test_dso-fn_d_all_n_01_log.txt
SpawnPoolWorker-13| 2026-06-21 23:05:40,099,99 multiprocessing INFO See log at : ./logs/all_Lyapunov_test_dso-fn_d_all_n_01_log.txt
SpawnPoolWorker-28| 2026-06-21 23:05:40,108,108 multiprocessing INFO child process calling self.run()
SpawnPoolWorker-13| 2026-06-21 23:05:40,109,109 multiprocessing INFO child process calling self.run()
SpawnPoolWorker-23| 2026-06-21 23:05:40,110,110 multiprocessing INFO STARTING NEW RUN ==========
SpawnPoolWorker-23| 2026-06-21 23:05:40,111,111 multiprocessing INFO SEE LOG AT : ./logs/all_Lyapunov_test_dso-fn_d_all_n_01_log.txt
SpawnPoolWorker-23| 2026-06-21 23:05:40,111,111 multiprocessing INFO See log at : ./logs/all_Lyapunov_test_dso-fn_d_all_n_01_log.txt
SpawnPoolWorker-23| 2026-06-21 23:05:40,114,114 multiprocessing INFO child process calling self.run()
SpawnPoolWorker-22| 2026-06-21 23:05:40,522,522 multiprocessing INFO STARTING NEW RUN ==========
SpawnPoolWorker-22| 2026-06-21 23:05:40,522,522 multiprocessing INFO SEE LOG AT : ./logs/all_Lyapunov_test_dso-fn_d_all_n_01_log.txt
SpawnPoolWorker-22| 2026-06-21 23:05:40,522,522 multiprocessing INFO See log at : ./logs/all_Lyapunov_test_dso-fn_d_all_n_01_log.txt
SpawnPoolWorker-22| 2026-06-21 23:05:40,524,524 multiprocessing INFO child process calling self.run()
SpawnPoolWorker-19| 2026-06-21 23:05:40,750,750 multiprocessing INFO STARTING NEW RUN ==========
SpawnPoolWorker-19| 2026-06-21 23:05:40,750,750 multiprocessing INFO SEE LOG AT : ./logs/all_Lyapunov_test_dso-fn_d_all_n_01_log.txt
SpawnPoolWorker-19| 2026-06-21 23:05:40,750,750 multiprocessing INFO See log at : ./logs/all_Lyapunov_test_dso-fn_d_all_n_01_log.txt
SpawnPoolWorker-19| 2026-06-21 23:05:40,755,755 multiprocessing INFO child process calling self.run()
SpawnPoolWorker-24| 2026-06-21 23:05:41,004,4 multiprocessing INFO STARTING NEW RUN ==========
SpawnPoolWorker-24| 2026-06-21 23:05:41,004,4 multiprocessing INFO SEE LOG AT : ./logs/all_Lyapunov_test_dso-fn_d_all_n_01_log.txt
SpawnPoolWorker-24| 2026-06-21 23:05:41,004,4 multiprocessing INFO See log at : ./logs/all_Lyapunov_test_dso-fn_d_all_n_01_log.txt
SpawnPoolWorker-24| 2026-06-21 23:05:41,006,6 multiprocessing INFO child process calling self.run()
SpawnPoolWorker-16| 2026-06-21 23:05:41,197,197 multiprocessing INFO STARTING NEW RUN ==========
SpawnPoolWorker-16| 2026-06-21 23:05:41,197,197 multiprocessing INFO SEE LOG AT : ./logs/all_Lyapunov_test_dso-fn_d_all_n_01_log.txt
SpawnPoolWorker-16| 2026-06-21 23:05:41,197,197 multiprocessing INFO See log at : ./logs/all_Lyapunov_test_dso-fn_d_all_n_01_log.txt
SpawnPoolWorker-16| 2026-06-21 23:05:41,199,199 multiprocessing INFO child process calling self.run()
SpawnPoolWorker-33| 2026-06-21 23:05:41,278,278 multiprocessing INFO STARTING NEW RUN ==========
SpawnPoolWorker-33| 2026-06-21 23:05:41,278,278 multiprocessing INFO SEE LOG AT : ./logs/all_Lyapunov_test_dso-fn_d_all_n_01_log.txt
SpawnPoolWorker-33| 2026-06-21 23:05:41,278,278 multiprocessing INFO See log at : ./logs/all_Lyapunov_test_dso-fn_d_all_n_01_log.txt
SpawnPoolWorker-33| 2026-06-21 23:05:41,279,279 multiprocessing INFO child process calling self.run()
SpawnPoolWorker-31| 2026-06-21 23:05:41,347,347 multiprocessing INFO STARTING NEW RUN ==========
SpawnPoolWorker-31| 2026-06-21 23:05:41,347,347 multiprocessing INFO SEE LOG AT : ./logs/all_Lyapunov_test_dso-fn_d_all_n_01_log.txt
SpawnPoolWorker-31| 2026-06-21 23:05:41,347,347 multiprocessing INFO See log at : ./logs/all_Lyapunov_test_dso-fn_d_all_n_01_log.txt
SpawnPoolWorker-31| 2026-06-21 23:05:41,349,349 multiprocessing INFO child process calling self.run()
SpawnPoolWorker-26| 2026-06-21 23:05:41,353,353 multiprocessing INFO STARTING NEW RUN ==========
SpawnPoolWorker-26| 2026-06-21 23:05:41,353,353 multiprocessing INFO SEE LOG AT : ./logs/all_Lyapunov_test_dso-fn_d_all_n_01_log.txt
SpawnPoolWorker-26| 2026-06-21 23:05:41,353,353 multiprocessing INFO See log at : ./logs/all_Lyapunov_test_dso-fn_d_all_n_01_log.txt
SpawnPoolWorker-26| 2026-06-21 23:05:41,357,357 multiprocessing INFO child process calling self.run()
SpawnPoolWorker-21| 2026-06-21 23:05:41,373,373 multiprocessing INFO STARTING NEW RUN ==========
SpawnPoolWorker-21| 2026-06-21 23:05:41,374,374 multiprocessing INFO SEE LOG AT : ./logs/all_Lyapunov_test_dso-fn_d_all_n_01_log.txt
SpawnPoolWorker-21| 2026-06-21 23:05:41,374,374 multiprocessing INFO See log at : ./logs/all_Lyapunov_test_dso-fn_d_all_n_01_log.txt
SpawnPoolWorker-21| 2026-06-21 23:05:41,376,376 multiprocessing INFO child process calling self.run()
SpawnPoolWorker-34| 2026-06-21 23:05:41,385,385 multiprocessing INFO STARTING NEW RUN ==========
SpawnPoolWorker-34| 2026-06-21 23:05:41,385,385 multiprocessing INFO SEE LOG AT : ./logs/all_Lyapunov_test_dso-fn_d_all_n_01_log.txt
SpawnPoolWorker-34| 2026-06-21 23:05:41,385,385 multiprocessing INFO See log at : ./logs/all_Lyapunov_test_dso-fn_d_all_n_01_log.txt
SpawnPoolWorker-34| 2026-06-21 23:05:41,394,394 multiprocessing INFO child process calling self.run()
SpawnPoolWorker-32| 2026-06-21 23:05:41,599,599 multiprocessing INFO STARTING NEW RUN ==========
SpawnPoolWorker-32| 2026-06-21 23:05:41,599,599 multiprocessing INFO SEE LOG AT : ./logs/all_Lyapunov_test_dso-fn_d_all_n_01_log.txt
SpawnPoolWorker-32| 2026-06-21 23:05:41,599,599 multiprocessing INFO See log at : ./logs/all_Lyapunov_test_dso-fn_d_all_n_01_log.txt
SpawnPoolWorker-32| 2026-06-21 23:05:41,612,612 multiprocessing INFO child process calling self.run()
SpawnPoolWorker-29| 2026-06-21 23:05:41,671,671 multiprocessing INFO STARTING NEW RUN ==========
SpawnPoolWorker-29| 2026-06-21 23:05:41,671,671 multiprocessing INFO SEE LOG AT : ./logs/all_Lyapunov_test_dso-fn_d_all_n_01_log.txt
SpawnPoolWorker-29| 2026-06-21 23:05:41,671,671 multiprocessing INFO See log at : ./logs/all_Lyapunov_test_dso-fn_d_all_n_01_log.txt
SpawnPoolWorker-29| 2026-06-21 23:05:41,672,672 multiprocessing INFO child process calling self.run()
SpawnPoolWorker-30| 2026-06-21 23:06:44,401,401 multiprocessing INFO process shutting down
SpawnPoolWorker-28| 2026-06-21 23:06:44,402,402 multiprocessing INFO process shutting down
SpawnPoolWorker-20| 2026-06-21 23:06:44,402,402 multiprocessing INFO process shutting down
SpawnPoolWorker-13| 2026-06-21 23:06:44,402,402 multiprocessing INFO process shutting down
SpawnPoolWorker-33| 2026-06-21 23:06:44,402,402 multiprocessing INFO process shutting down
SpawnPoolWorker-25| 2026-06-21 23:06:44,402,402 multiprocessing INFO process shutting down
SpawnPoolWorker-14| 2026-06-21 23:06:44,402,402 multiprocessing INFO process shutting down
SpawnPoolWorker-30| 2026-06-21 23:06:44,402,402 multiprocessing INFO process exiting with exitcode 0
SpawnPoolWorker-13| 2026-06-21 23:06:44,402,402 multiprocessing INFO process exiting with exitcode 0
SpawnPoolWorker-28| 2026-06-21 23:06:44,402,402 multiprocessing INFO process exiting with exitcode 0
SpawnPoolWorker-33| 2026-06-21 23:06:44,402,402 multiprocessing INFO process exiting with exitcode 0
SpawnPoolWorker-15| 2026-06-21 23:06:44,402,402 multiprocessing INFO process shutting down
SpawnPoolWorker-34| 2026-06-21 23:06:44,402,402 multiprocessing INFO process shutting down
SpawnPoolWorker-25| 2026-06-21 23:06:44,402,402 multiprocessing INFO process exiting with exitcode 0
SpawnPoolWorker-14| 2026-06-21 23:06:44,402,402 multiprocessing INFO process exiting with exitcode 0
SpawnPoolWorker-15| 2026-06-21 23:06:44,403,403 multiprocessing INFO process exiting with exitcode 0
SpawnPoolWorker-26| 2026-06-21 23:06:44,403,403 multiprocessing INFO process shutting down
SpawnPoolWorker-17| 2026-06-21 23:06:44,403,403 multiprocessing INFO process shutting down
SpawnPoolWorker-34| 2026-06-21 23:06:44,403,403 multiprocessing INFO process exiting with exitcode 0
SpawnPoolWorker-23| 2026-06-21 23:06:44,403,403 multiprocessing INFO process shutting down
SpawnPoolWorker-11| 2026-06-21 23:06:44,403,403 multiprocessing INFO process shutting down
SpawnPoolWorker-12| 2026-06-21 23:06:44,403,403 multiprocessing INFO process shutting down
SpawnPoolWorker-22| 2026-06-21 23:06:44,403,403 multiprocessing INFO process shutting down
SpawnPoolWorker-18| 2026-06-21 23:06:44,403,403 multiprocessing INFO process shutting down
SpawnPoolWorker-21| 2026-06-21 23:06:44,403,403 multiprocessing INFO process shutting down
SpawnPoolWorker-31| 2026-06-21 23:06:44,404,404 multiprocessing INFO process shutting down
SpawnPoolWorker-29| 2026-06-21 23:06:44,404,404 multiprocessing INFO process shutting down
SpawnPoolWorker-20| 2026-06-21 23:06:44,404,404 multiprocessing INFO process exiting with exitcode 0
28
(100000, 8)
(100000,)
(100000, 8)
(100000,)

=======================Successfully Added (50000, 8) Counter Examples=======================


============None of the candidates fulfill the conditions. Training CONTINUES!=================

MainProcess| 2026-06-21 23:06:50,298,298 multiprocessing INFO 
============None of the candidates fulfill the conditions. Training CONTINUES!=================


============None of the candidates fulfill the conditions. Training CONTINUES!=================

(550, 164)
/users/9/chen8596/miniconda3/envs/alfd/lib/python3.9/site-packages/torch/nn/functional.py:4999: UserWarning: Support for mismatched key_padding_mask and attn_mask is deprecated. Use same type for both instead.
  warnings.warn(

==============Start Supervised Learning==============

MainProcess| 2026-06-21 23:07:00,780,780 multiprocessing INFO GP output mean: 0.672291038526678
GP output mean: 0.672291038526678
MainProcess| 2026-06-21 23:07:01,471,471 multiprocessing INFO GP output success rate: 0.0
GP output success rate: 0.0

==============End Supervised Learning==============

/users/9/chen8596/LyaDis/repro/runs/poly8d/utils/train.py:971: RuntimeWarning: divide by zero encountered in divide
  error = np.abs(((y_hat - y) / y))
/users/9/chen8596/.local/lib/python3.9/site-packages/scipy/stats/_stats_py.py:4424: ConstantInputWarning: An input array is constant; the correlation coefficient is not defined.
  warnings.warn(stats.ConstantInputWarning(msg))
MainProcess| 2026-06-21 23:07:03,469,469 multiprocessing INFO [Test epoch=0001]  nevals=13768 	| train_loss=13795.99023 	| eqs_invalid %=0.00 	| r_best=0.97883 	| quantile=0.00000 	| r_quantile_mean=0.08683 	| r_raw_sum=47.75750 	|  r_raw_mean=0.93642 	| r2=nan 	| acc_iid=0.00000 	| acc_ood=0.00000 	| nmse_test=1.1688858237410373 	| true_equation_set_count=0 	| s/it=279.41598
[Test epoch=0001]  nevals=13768 	| train_loss=13795.99023 	| eqs_invalid %=0.00 	| r_best=0.97883 	| quantile=0.00000 	| r_quantile_mean=0.08683 	| r_raw_sum=47.75750 	|  r_raw_mean=0.93642 	| r2=nan 	| acc_iid=0.00000 	| acc_ood=0.00000 	| nmse_test=1.1688858237410373 	| true_equation_set_count=0 	| s/it=279.41598
MainProcess| 2026-06-21 23:07:03,469,469 multiprocessing INFO [00:00:04:39.43] Training epoch 1/4000, current best R: 0.9788
[00:00:04:39.43] Training epoch 1/4000, current best R: 0.9788
MainProcess| 2026-06-21 23:07:03,469,469 multiprocessing INFO 
	** New best

	** New best
MainProcess| 2026-06-21 23:07:03,469,469 multiprocessing INFO 	Reward: 0.9788288595255459
	Reward: 0.9788288595255459
MainProcess| 2026-06-21 23:07:03,469,469 multiprocessing INFO 	Count Off-policy: 1
	Count Off-policy: 1
MainProcess| 2026-06-21 23:07:03,470,470 multiprocessing INFO 	Count On-policy: 0
	Count On-policy: 0
MainProcess| 2026-06-21 23:07:03,470,470 multiprocessing INFO 	Originally on Policy: False
	Originally on Policy: False
MainProcess| 2026-06-21 23:07:03,470,470 multiprocessing INFO 	Invalid: False
	Invalid: False
MainProcess| 2026-06-21 23:07:03,470,470 multiprocessing INFO 	Traversal: sub,n2,sub,mul,sin,add,x2,x6,x4,n2,add,x6,x5,cos,sub,x8,mul,x1,mul,x1,add,sub,x7,x8,x3
	Traversal: sub,n2,sub,mul,sin,add,x2,x6,x4,n2,add,x6,x5,cos,sub,x8,mul,x1,mul,x1,add,sub,x7,x8,x3
MainProcess| 2026-06-21 23:07:03,470,470 multiprocessing INFO 	Expression:
	Expression:
MainProcess| 2026-06-21 23:07:03,586,586 multiprocessing INFO 
	                                2                               
	  ⎛                           2⎞       ⎛  2                    ⎞
	  ⎝x₄⋅sin(x₂ + x₆) - (x₅ + x₆) ⎠  - cos⎝x₁ ⋅(x₃ + x₇ - x₈) - x₈⎠


	                                2                               
	  ⎛                           2⎞       ⎛  2                    ⎞
	  ⎝x₄⋅sin(x₂ + x₆) - (x₅ + x₆) ⎠  - cos⎝x₁ ⋅(x₃ + x₇ - x₈) - x₈⎠

MainProcess| 2026-06-21 23:11:35,563,563 multiprocessing INFO Genetic Porgramming Runtime 271.05760137806647
Genetic Porgramming Runtime 271.05760137806647

=========================PGD Collection Starts=========================

SpawnPoolWorker-37| 2026-06-21 23:11:40,353,353 multiprocessing INFO STARTING NEW RUN ==========
SpawnPoolWorker-37| 2026-06-21 23:11:40,353,353 multiprocessing INFO SEE LOG AT : ./logs/all_Lyapunov_test_dso-fn_d_all_n_01_log.txt
SpawnPoolWorker-37| 2026-06-21 23:11:40,353,353 multiprocessing INFO See log at : ./logs/all_Lyapunov_test_dso-fn_d_all_n_01_log.txt
SpawnPoolWorker-37| 2026-06-21 23:11:40,355,355 multiprocessing INFO child process calling self.run()
SpawnPoolWorker-38| 2026-06-21 23:11:40,362,362 multiprocessing INFO STARTING NEW RUN ==========
SpawnPoolWorker-38| 2026-06-21 23:11:40,362,362 multiprocessing INFO SEE LOG AT : ./logs/all_Lyapunov_test_dso-fn_d_all_n_01_log.txt
SpawnPoolWorker-38| 2026-06-21 23:11:40,362,362 multiprocessing INFO See log at : ./logs/all_Lyapunov_test_dso-fn_d_all_n_01_log.txt
SpawnPoolWorker-38| 2026-06-21 23:11:40,364,364 multiprocessing INFO child process calling self.run()
SpawnPoolWorker-39| 2026-06-21 23:11:40,385,385 multiprocessing INFO STARTING NEW RUN ==========
SpawnPoolWorker-39| 2026-06-21 23:11:40,385,385 multiprocessing INFO SEE LOG AT : ./logs/all_Lyapunov_test_dso-fn_d_all_n_01_log.txt
SpawnPoolWorker-39| 2026-06-21 23:11:40,385,385 multiprocessing INFO See log at : ./logs/all_Lyapunov_test_dso-fn_d_all_n_01_log.txt
SpawnPoolWorker-39| 2026-06-21 23:11:40,388,388 multiprocessing INFO child process calling self.run()
SpawnPoolWorker-35| 2026-06-21 23:11:40,389,389 multiprocessing INFO STARTING NEW RUN ==========
SpawnPoolWorker-35| 2026-06-21 23:11:40,389,389 multiprocessing INFO SEE LOG AT : ./logs/all_Lyapunov_test_dso-fn_d_all_n_01_log.txt
SpawnPoolWorker-35| 2026-06-21 23:11:40,389,389 multiprocessing INFO See log at : ./logs/all_Lyapunov_test_dso-fn_d_all_n_01_log.txt
SpawnPoolWorker-35| 2026-06-21 23:11:40,391,391 multiprocessing INFO child process calling self.run()
SpawnPoolWorker-40| 2026-06-21 23:11:40,411,411 multiprocessing INFO STARTING NEW RUN ==========
SpawnPoolWorker-40| 2026-06-21 23:11:40,412,412 multiprocessing INFO SEE LOG AT : ./logs/all_Lyapunov_test_dso-fn_d_all_n_01_log.txt
SpawnPoolWorker-40| 2026-06-21 23:11:40,412,412 multiprocessing INFO See log at : ./logs/all_Lyapunov_test_dso-fn_d_all_n_01_log.txt
SpawnPoolWorker-40| 2026-06-21 23:11:40,413,413 multiprocessing INFO child process calling self.run()
SpawnPoolWorker-36| 2026-06-21 23:11:40,436,436 multiprocessing INFO STARTING NEW RUN ==========
SpawnPoolWorker-36| 2026-06-21 23:11:40,436,436 multiprocessing INFO SEE LOG AT : ./logs/all_Lyapunov_test_dso-fn_d_all_n_01_log.txt
SpawnPoolWorker-36| 2026-06-21 23:11:40,436,436 multiprocessing INFO See log at : ./logs/all_Lyapunov_test_dso-fn_d_all_n_01_log.txt
SpawnPoolWorker-36| 2026-06-21 23:11:40,437,437 multiprocessing INFO child process calling self.run()
SpawnPoolWorker-44| 2026-06-21 23:11:40,521,521 multiprocessing INFO STARTING NEW RUN ==========
SpawnPoolWorker-44| 2026-06-21 23:11:40,522,522 multiprocessing INFO SEE LOG AT : ./logs/all_Lyapunov_test_dso-fn_d_all_n_01_log.txt
SpawnPoolWorker-44| 2026-06-21 23:11:40,522,522 multiprocessing INFO See log at : ./logs/all_Lyapunov_test_dso-fn_d_all_n_01_log.txt
SpawnPoolWorker-44| 2026-06-21 23:11:40,523,523 multiprocessing INFO child process calling self.run()
SpawnPoolWorker-42| 2026-06-21 23:11:40,614,614 multiprocessing INFO STARTING NEW RUN ==========
SpawnPoolWorker-42| 2026-06-21 23:11:40,614,614 multiprocessing INFO SEE LOG AT : ./logs/all_Lyapunov_test_dso-fn_d_all_n_01_log.txt
SpawnPoolWorker-42| 2026-06-21 23:11:40,615,615 multiprocessing INFO See log at : ./logs/all_Lyapunov_test_dso-fn_d_all_n_01_log.txt
SpawnPoolWorker-42| 2026-06-21 23:11:40,617,617 multiprocessing INFO child process calling self.run()
SpawnPoolWorker-43| 2026-06-21 23:11:40,733,733 multiprocessing INFO STARTING NEW RUN ==========
SpawnPoolWorker-43| 2026-06-21 23:11:40,733,733 multiprocessing INFO SEE LOG AT : ./logs/all_Lyapunov_test_dso-fn_d_all_n_01_log.txt
SpawnPoolWorker-43| 2026-06-21 23:11:40,733,733 multiprocessing INFO See log at : ./logs/all_Lyapunov_test_dso-fn_d_all_n_01_log.txt
SpawnPoolWorker-43| 2026-06-21 23:11:40,735,735 multiprocessing INFO child process calling self.run()
SpawnPoolWorker-41| 2026-06-21 23:11:40,754,754 multiprocessing INFO STARTING NEW RUN ==========
SpawnPoolWorker-41| 2026-06-21 23:11:40,754,754 multiprocessing INFO SEE LOG AT : ./logs/all_Lyapunov_test_dso-fn_d_all_n_01_log.txt
SpawnPoolWorker-41| 2026-06-21 23:11:40,754,754 multiprocessing INFO See log at : ./logs/all_Lyapunov_test_dso-fn_d_all_n_01_log.txt
SpawnPoolWorker-41| 2026-06-21 23:11:40,756,756 multiprocessing INFO child process calling self.run()
SpawnPoolWorker-35| 2026-06-21 23:12:00,629,629 multiprocessing INFO process shutting down
SpawnPoolWorker-41| 2026-06-21 23:12:00,629,629 multiprocessing INFO process shutting down
SpawnPoolWorker-39| 2026-06-21 23:12:00,629,629 multiprocessing INFO process shutting down
SpawnPoolWorker-36| 2026-06-21 23:12:00,629,629 multiprocessing INFO process shutting down
SpawnPoolWorker-41| 2026-06-21 23:12:00,630,630 multiprocessing INFO process exiting with exitcode 0
SpawnPoolWorker-35| 2026-06-21 23:12:00,630,630 multiprocessing INFO process exiting with exitcode 0
SpawnPoolWorker-39| 2026-06-21 23:12:00,630,630 multiprocessing INFO process exiting with exitcode 0
SpawnPoolWorker-37| 2026-06-21 23:12:00,629,629 multiprocessing INFO process shutting down
SpawnPoolWorker-36| 2026-06-21 23:12:00,630,630 multiprocessing INFO process exiting with exitcode 0
SpawnPoolWorker-43| 2026-06-21 23:12:00,630,630 multiprocessing INFO process shutting down
SpawnPoolWorker-40| 2026-06-21 23:12:00,630,630 multiprocessing INFO process shutting down
SpawnPoolWorker-37| 2026-06-21 23:12:00,630,630 multiprocessing INFO process exiting with exitcode 0
SpawnPoolWorker-38| 2026-06-21 23:12:00,630,630 multiprocessing INFO process shutting down
SpawnPoolWorker-43| 2026-06-21 23:12:00,630,630 multiprocessing INFO process exiting with exitcode 0
(20000,)

===================Collect 20000 Examples===================

Epsilon 0.1
500
(550,)
(550,)
(55,)
Number of Programs for Minimization: 28
SpawnPoolWorker-48| 2026-06-21 23:12:20,098,98 multiprocessing INFO STARTING NEW RUN ==========
SpawnPoolWorker-48| 2026-06-21 23:12:20,098,98 multiprocessing INFO SEE LOG AT : ./logs/all_Lyapunov_test_dso-fn_d_all_n_01_log.txt
SpawnPoolWorker-48| 2026-06-21 23:12:20,098,98 multiprocessing INFO See log at : ./logs/all_Lyapunov_test_dso-fn_d_all_n_01_log.txt
SpawnPoolWorker-48| 2026-06-21 23:12:20,122,122 multiprocessing INFO child process calling self.run()
SpawnPoolWorker-47| 2026-06-21 23:12:20,129,129 multiprocessing INFO STARTING NEW RUN ==========
SpawnPoolWorker-47| 2026-06-21 23:12:20,130,130 multiprocessing INFO SEE LOG AT : ./logs/all_Lyapunov_test_dso-fn_d_all_n_01_log.txt
SpawnPoolWorker-47| 2026-06-21 23:12:20,130,130 multiprocessing INFO See log at : ./logs/all_Lyapunov_test_dso-fn_d_all_n_01_log.txt
SpawnPoolWorker-47| 2026-06-21 23:12:20,132,132 multiprocessing INFO child process calling self.run()
SpawnPoolWorker-49| 2026-06-21 23:12:20,159,159 multiprocessing INFO STARTING NEW RUN ==========
SpawnPoolWorker-49| 2026-06-21 23:12:20,159,159 multiprocessing INFO SEE LOG AT : ./logs/all_Lyapunov_test_dso-fn_d_all_n_01_log.txt
SpawnPoolWorker-49| 2026-06-21 23:12:20,159,159 multiprocessing INFO See log at : ./logs/all_Lyapunov_test_dso-fn_d_all_n_01_log.txt
SpawnPoolWorker-49| 2026-06-21 23:12:20,163,163 multiprocessing INFO child process calling self.run()
SpawnPoolWorker-52| 2026-06-21 23:12:20,349,349 multiprocessing INFO STARTING NEW RUN ==========
SpawnPoolWorker-52| 2026-06-21 23:12:20,349,349 multiprocessing INFO SEE LOG AT : ./logs/all_Lyapunov_test_dso-fn_d_all_n_01_log.txt
SpawnPoolWorker-52| 2026-06-21 23:12:20,349,349 multiprocessing INFO See log at : ./logs/all_Lyapunov_test_dso-fn_d_all_n_01_log.txt
SpawnPoolWorker-52| 2026-06-21 23:12:20,357,357 multiprocessing INFO child process calling self.run()
SpawnPoolWorker-51| 2026-06-21 23:12:20,516,516 multiprocessing INFO STARTING NEW RUN ==========
SpawnPoolWorker-51| 2026-06-21 23:12:20,516,516 multiprocessing INFO SEE LOG AT : ./logs/all_Lyapunov_test_dso-fn_d_all_n_01_log.txt
SpawnPoolWorker-51| 2026-06-21 23:12:20,516,516 multiprocessing INFO See log at : ./logs/all_Lyapunov_test_dso-fn_d_all_n_01_log.txt
SpawnPoolWorker-51| 2026-06-21 23:12:20,522,522 multiprocessing INFO child process calling self.run()
SpawnPoolWorker-46| 2026-06-21 23:12:20,659,659 multiprocessing INFO STARTING NEW RUN ==========
SpawnPoolWorker-46| 2026-06-21 23:12:20,659,659 multiprocessing INFO SEE LOG AT : ./logs/all_Lyapunov_test_dso-fn_d_all_n_01_log.txt
SpawnPoolWorker-46| 2026-06-21 23:12:20,659,659 multiprocessing INFO See log at : ./logs/all_Lyapunov_test_dso-fn_d_all_n_01_log.txt
SpawnPoolWorker-46| 2026-06-21 23:12:20,661,661 multiprocessing INFO child process calling self.run()
SpawnPoolWorker-63| 2026-06-21 23:12:20,819,819 multiprocessing INFO STARTING NEW RUN ==========
SpawnPoolWorker-63| 2026-06-21 23:12:20,819,819 multiprocessing INFO SEE LOG AT : ./logs/all_Lyapunov_test_dso-fn_d_all_n_01_log.txt
SpawnPoolWorker-63| 2026-06-21 23:12:20,819,819 multiprocessing INFO See log at : ./logs/all_Lyapunov_test_dso-fn_d_all_n_01_log.txt
SpawnPoolWorker-63| 2026-06-21 23:12:20,824,824 multiprocessing INFO child process calling self.run()
SpawnPoolWorker-56| 2026-06-21 23:12:20,831,831 multiprocessing INFO STARTING NEW RUN ==========
SpawnPoolWorker-56| 2026-06-21 23:12:20,831,831 multiprocessing INFO SEE LOG AT : ./logs/all_Lyapunov_test_dso-fn_d_all_n_01_log.txt
SpawnPoolWorker-56| 2026-06-21 23:12:20,831,831 multiprocessing INFO See log at : ./logs/all_Lyapunov_test_dso-fn_d_all_n_01_log.txt
SpawnPoolWorker-56| 2026-06-21 23:12:20,846,846 multiprocessing INFO child process calling self.run()
SpawnPoolWorker-67| 2026-06-21 23:12:21,026,26 multiprocessing INFO STARTING NEW RUN ==========
SpawnPoolWorker-67| 2026-06-21 23:12:21,026,26 multiprocessing INFO SEE LOG AT : ./logs/all_Lyapunov_test_dso-fn_d_all_n_01_log.txt
SpawnPoolWorker-67| 2026-06-21 23:12:21,026,26 multiprocessing INFO See log at : ./logs/all_Lyapunov_test_dso-fn_d_all_n_01_log.txt
SpawnPoolWorker-67| 2026-06-21 23:12:21,027,27 multiprocessing INFO child process calling self.run()
SpawnPoolWorker-45| 2026-06-21 23:12:21,166,166 multiprocessing INFO STARTING NEW RUN ==========
SpawnPoolWorker-45| 2026-06-21 23:12:21,166,166 multiprocessing INFO SEE LOG AT : ./logs/all_Lyapunov_test_dso-fn_d_all_n_01_log.txt
SpawnPoolWorker-45| 2026-06-21 23:12:21,166,166 multiprocessing INFO See log at : ./logs/all_Lyapunov_test_dso-fn_d_all_n_01_log.txt
SpawnPoolWorker-45| 2026-06-21 23:12:21,170,170 multiprocessing INFO child process calling self.run()
SpawnPoolWorker-50| 2026-06-21 23:12:21,361,361 multiprocessing INFO STARTING NEW RUN ==========
SpawnPoolWorker-50| 2026-06-21 23:12:21,361,361 multiprocessing INFO SEE LOG AT : ./logs/all_Lyapunov_test_dso-fn_d_all_n_01_log.txt
SpawnPoolWorker-50| 2026-06-21 23:12:21,361,361 multiprocessing INFO See log at : ./logs/all_Lyapunov_test_dso-fn_d_all_n_01_log.txt
SpawnPoolWorker-50| 2026-06-21 23:12:21,363,363 multiprocessing INFO child process calling self.run()
SpawnPoolWorker-53| 2026-06-21 23:12:21,448,448 multiprocessing INFO STARTING NEW RUN ==========
SpawnPoolWorker-53| 2026-06-21 23:12:21,448,448 multiprocessing INFO SEE LOG AT : ./logs/all_Lyapunov_test_dso-fn_d_all_n_01_log.txt
SpawnPoolWorker-53| 2026-06-21 23:12:21,448,448 multiprocessing INFO See log at : ./logs/all_Lyapunov_test_dso-fn_d_all_n_01_log.txt
SpawnPoolWorker-53| 2026-06-21 23:12:21,452,452 multiprocessing INFO child process calling self.run()
SpawnPoolWorker-64| 2026-06-21 23:12:21,466,466 multiprocessing INFO STARTING NEW RUN ==========
SpawnPoolWorker-64| 2026-06-21 23:12:21,466,466 multiprocessing INFO SEE LOG AT : ./logs/all_Lyapunov_test_dso-fn_d_all_n_01_log.txt
SpawnPoolWorker-64| 2026-06-21 23:12:21,466,466 multiprocessing INFO See log at : ./logs/all_Lyapunov_test_dso-fn_d_all_n_01_log.txt
SpawnPoolWorker-64| 2026-06-21 23:12:21,478,478 multiprocessing INFO child process calling self.run()
SpawnPoolWorker-59| 2026-06-21 23:12:21,489,489 multiprocessing INFO STARTING NEW RUN ==========
SpawnPoolWorker-59| 2026-06-21 23:12:21,490,490 multiprocessing INFO SEE LOG AT : ./logs/all_Lyapunov_test_dso-fn_d_all_n_01_log.txt
SpawnPoolWorker-59| 2026-06-21 23:12:21,490,490 multiprocessing INFO See log at : ./logs/all_Lyapunov_test_dso-fn_d_all_n_01_log.txt
SpawnPoolWorker-59| 2026-06-21 23:12:21,491,491 multiprocessing INFO child process calling self.run()
SpawnPoolWorker-66| 2026-06-21 23:12:21,649,649 multiprocessing INFO STARTING NEW RUN ==========
SpawnPoolWorker-66| 2026-06-21 23:12:21,649,649 multiprocessing INFO SEE LOG AT : ./logs/all_Lyapunov_test_dso-fn_d_all_n_01_log.txt
SpawnPoolWorker-66| 2026-06-21 23:12:21,649,649 multiprocessing INFO See log at : ./logs/all_Lyapunov_test_dso-fn_d_all_n_01_log.txt
SpawnPoolWorker-66| 2026-06-21 23:12:21,651,651 multiprocessing INFO child process calling self.run()
SpawnPoolWorker-55| 2026-06-21 23:12:21,726,726 multiprocessing INFO STARTING NEW RUN ==========
SpawnPoolWorker-55| 2026-06-21 23:12:21,726,726 multiprocessing INFO SEE LOG AT : ./logs/all_Lyapunov_test_dso-fn_d_all_n_01_log.txt
SpawnPoolWorker-55| 2026-06-21 23:12:21,726,726 multiprocessing INFO See log at : ./logs/all_Lyapunov_test_dso-fn_d_all_n_01_log.txt
SpawnPoolWorker-55| 2026-06-21 23:12:21,729,729 multiprocessing INFO child process calling self.run()
SpawnPoolWorker-58| 2026-06-21 23:12:21,850,850 multiprocessing INFO STARTING NEW RUN ==========
SpawnPoolWorker-58| 2026-06-21 23:12:21,850,850 multiprocessing INFO SEE LOG AT : ./logs/all_Lyapunov_test_dso-fn_d_all_n_01_log.txt
SpawnPoolWorker-58| 2026-06-21 23:12:21,850,850 multiprocessing INFO See log at : ./logs/all_Lyapunov_test_dso-fn_d_all_n_01_log.txt
SpawnPoolWorker-58| 2026-06-21 23:12:21,853,853 multiprocessing INFO child process calling self.run()
SpawnPoolWorker-65| 2026-06-21 23:12:21,881,881 multiprocessing INFO STARTING NEW RUN ==========
SpawnPoolWorker-65| 2026-06-21 23:12:21,881,881 multiprocessing INFO SEE LOG AT : ./logs/all_Lyapunov_test_dso-fn_d_all_n_01_log.txt
SpawnPoolWorker-65| 2026-06-21 23:12:21,881,881 multiprocessing INFO See log at : ./logs/all_Lyapunov_test_dso-fn_d_all_n_01_log.txt
SpawnPoolWorker-65| 2026-06-21 23:12:21,896,896 multiprocessing INFO child process calling self.run()
SpawnPoolWorker-61| 2026-06-21 23:12:22,016,16 multiprocessing INFO STARTING NEW RUN ==========
SpawnPoolWorker-61| 2026-06-21 23:12:22,016,16 multiprocessing INFO SEE LOG AT : ./logs/all_Lyapunov_test_dso-fn_d_all_n_01_log.txt
SpawnPoolWorker-61| 2026-06-21 23:12:22,016,16 multiprocessing INFO See log at : ./logs/all_Lyapunov_test_dso-fn_d_all_n_01_log.txt
SpawnPoolWorker-61| 2026-06-21 23:12:22,018,18 multiprocessing INFO child process calling self.run()
SpawnPoolWorker-54| 2026-06-21 23:12:22,019,19 multiprocessing INFO STARTING NEW RUN ==========
SpawnPoolWorker-54| 2026-06-21 23:12:22,020,20 multiprocessing INFO SEE LOG AT : ./logs/all_Lyapunov_test_dso-fn_d_all_n_01_log.txt
SpawnPoolWorker-54| 2026-06-21 23:12:22,020,20 multiprocessing INFO See log at : ./logs/all_Lyapunov_test_dso-fn_d_all_n_01_log.txt
SpawnPoolWorker-54| 2026-06-21 23:12:22,025,25 multiprocessing INFO child process calling self.run()
SpawnPoolWorker-57| 2026-06-21 23:12:22,106,106 multiprocessing INFO STARTING NEW RUN ==========
SpawnPoolWorker-57| 2026-06-21 23:12:22,107,107 multiprocessing INFO SEE LOG AT : ./logs/all_Lyapunov_test_dso-fn_d_all_n_01_log.txt
SpawnPoolWorker-57| 2026-06-21 23:12:22,107,107 multiprocessing INFO See log at : ./logs/all_Lyapunov_test_dso-fn_d_all_n_01_log.txt
SpawnPoolWorker-57| 2026-06-21 23:12:22,115,115 multiprocessing INFO child process calling self.run()
SpawnPoolWorker-62| 2026-06-21 23:12:22,250,250 multiprocessing INFO STARTING NEW RUN ==========
SpawnPoolWorker-62| 2026-06-21 23:12:22,250,250 multiprocessing INFO SEE LOG AT : ./logs/all_Lyapunov_test_dso-fn_d_all_n_01_log.txt
SpawnPoolWorker-62| 2026-06-21 23:12:22,250,250 multiprocessing INFO See log at : ./logs/all_Lyapunov_test_dso-fn_d_all_n_01_log.txt
SpawnPoolWorker-62| 2026-06-21 23:12:22,254,254 multiprocessing INFO child process calling self.run()
SpawnPoolWorker-60| 2026-06-21 23:12:22,375,375 multiprocessing INFO STARTING NEW RUN ==========
SpawnPoolWorker-60| 2026-06-21 23:12:22,375,375 multiprocessing INFO SEE LOG AT : ./logs/all_Lyapunov_test_dso-fn_d_all_n_01_log.txt
SpawnPoolWorker-60| 2026-06-21 23:12:22,375,375 multiprocessing INFO See log at : ./logs/all_Lyapunov_test_dso-fn_d_all_n_01_log.txt
SpawnPoolWorker-60| 2026-06-21 23:12:22,383,383 multiprocessing INFO child process calling self.run()
SpawnPoolWorker-68| 2026-06-21 23:12:22,654,654 multiprocessing INFO STARTING NEW RUN ==========
SpawnPoolWorker-68| 2026-06-21 23:12:22,654,654 multiprocessing INFO SEE LOG AT : ./logs/all_Lyapunov_test_dso-fn_d_all_n_01_log.txt
SpawnPoolWorker-68| 2026-06-21 23:12:22,654,654 multiprocessing INFO See log at : ./logs/all_Lyapunov_test_dso-fn_d_all_n_01_log.txt
SpawnPoolWorker-68| 2026-06-21 23:12:22,655,655 multiprocessing INFO child process calling self.run()
SpawnPoolWorker-66| 2026-06-21 23:13:27,417,417 multiprocessing INFO process shutting down
SpawnPoolWorker-46| 2026-06-21 23:13:27,417,417 multiprocessing INFO process shutting down
SpawnPoolWorker-54| 2026-06-21 23:13:27,417,417 multiprocessing INFO process shutting down
SpawnPoolWorker-55| 2026-06-21 23:13:27,417,417 multiprocessing INFO process shutting down
SpawnPoolWorker-47| 2026-06-21 23:13:27,417,417 multiprocessing INFO process shutting down
SpawnPoolWorker-52| 2026-06-21 23:13:27,417,417 multiprocessing INFO process shutting down
SpawnPoolWorker-50| 2026-06-21 23:13:27,417,417 multiprocessing INFO process shutting down
SpawnPoolWorker-65| 2026-06-21 23:13:27,417,417 multiprocessing INFO process shutting down
SpawnPoolWorker-48| 2026-06-21 23:13:27,418,418 multiprocessing INFO process shutting down
SpawnPoolWorker-62| 2026-06-21 23:13:27,418,418 multiprocessing INFO process shutting down
SpawnPoolWorker-65| 2026-06-21 23:13:27,418,418 multiprocessing INFO process exiting with exitcode 0
SpawnPoolWorker-55| 2026-06-21 23:13:27,418,418 multiprocessing INFO process exiting with exitcode 0
SpawnPoolWorker-54| 2026-06-21 23:13:27,418,418 multiprocessing INFO process exiting with exitcode 0
SpawnPoolWorker-48| 2026-06-21 23:13:27,418,418 multiprocessing INFO process exiting with exitcode 0
SpawnPoolWorker-58| 2026-06-21 23:13:27,418,418 multiprocessing INFO process shutting down
SpawnPoolWorker-62| 2026-06-21 23:13:27,418,418 multiprocessing INFO process exiting with exitcode 0
SpawnPoolWorker-46| 2026-06-21 23:13:27,418,418 multiprocessing INFO process exiting with exitcode 0
SpawnPoolWorker-64| 2026-06-21 23:13:27,418,418 multiprocessing INFO process shutting down
SpawnPoolWorker-52| 2026-06-21 23:13:27,418,418 multiprocessing INFO process exiting with exitcode 0
SpawnPoolWorker-58| 2026-06-21 23:13:27,418,418 multiprocessing INFO process exiting with exitcode 0
SpawnPoolWorker-64| 2026-06-21 23:13:27,418,418 multiprocessing INFO process exiting with exitcode 0
SpawnPoolWorker-45| 2026-06-21 23:13:27,417,417 multiprocessing INFO process shutting down
SpawnPoolWorker-68| 2026-06-21 23:13:27,417,417 multiprocessing INFO process shutting down
SpawnPoolWorker-63| 2026-06-21 23:13:27,417,417 multiprocessing INFO process shutting down
SpawnPoolWorker-57| 2026-06-21 23:13:27,417,417 multiprocessing INFO process shutting down
SpawnPoolWorker-51| 2026-06-21 23:13:27,417,417 multiprocessing INFO process shutting down
SpawnPoolWorker-50| 2026-06-21 23:13:27,419,419 multiprocessing INFO process exiting with exitcode 0
SpawnPoolWorker-49| 2026-06-21 23:13:27,419,419 multiprocessing INFO process shutting down
SpawnPoolWorker-61| 2026-06-21 23:13:27,419,419 multiprocessing INFO process shutting down
SpawnPoolWorker-60| 2026-06-21 23:13:27,419,419 multiprocessing INFO process shutting down
SpawnPoolWorker-67| 2026-06-21 23:13:27,419,419 multiprocessing INFO process shutting down
SpawnPoolWorker-59| 2026-06-21 23:13:27,419,419 multiprocessing INFO process shutting down
SpawnPoolWorker-53| 2026-06-21 23:13:27,419,419 multiprocessing INFO process shutting down
28
(100000, 8)
(100000,)
(100000, 8)
(100000,)

=======================Successfully Added (50000, 8) Counter Examples=======================


============None of the candidates fulfill the conditions. Training CONTINUES!=================

MainProcess| 2026-06-21 23:13:31,390,390 multiprocessing INFO 
============None of the candidates fulfill the conditions. Training CONTINUES!=================


============None of the candidates fulfill the conditions. Training CONTINUES!=================

(55, 164)
/users/9/chen8596/miniconda3/envs/alfd/lib/python3.9/site-packages/torch/nn/functional.py:4999: UserWarning: Support for mismatched key_padding_mask and attn_mask is deprecated. Use same type for both instead.
  warnings.warn(

==============Start Supervised Learning==============

MainProcess| 2026-06-21 23:13:38,970,970 multiprocessing INFO GP output mean: 0.9659752367800557
GP output mean: 0.9659752367800557
MainProcess| 2026-06-21 23:13:40,081,81 multiprocessing INFO GP output success rate: 0.0
GP output success rate: 0.0

==============End Supervised Learning==============

MainProcess| 2026-06-21 23:13:42,125,125 multiprocessing INFO [Test epoch=0002]  nevals=27523 	| train_loss=11659.51172 	| eqs_invalid %=0.00 	| r_best=0.97883 	| quantile=0.29472 	| r_quantile_mean=0.88804 	| r_raw_sum=51.16582 	|  r_raw_mean=0.77524 	| r2=nan 	| acc_iid=0.00000 	| acc_ood=0.00000 	| nmse_test=1.1688858237410373 	| true_equation_set_count=0 	| s/it=398.53962
[Test epoch=0002]  nevals=27523 	| train_loss=11659.51172 	| eqs_invalid %=0.00 	| r_best=0.97883 	| quantile=0.29472 	| r_quantile_mean=0.88804 	| r_raw_sum=51.16582 	|  r_raw_mean=0.77524 	| r2=nan 	| acc_iid=0.00000 	| acc_ood=0.00000 	| nmse_test=1.1688858237410373 	| true_equation_set_count=0 	| s/it=398.53962
MainProcess| 2026-06-21 23:17:21,330,330 multiprocessing INFO Genetic Porgramming Runtime 218.2239226680249
Genetic Porgramming Runtime 218.2239226680249

=========================PGD Collection Starts=========================

SpawnPoolWorker-71| 2026-06-21 23:17:27,868,868 multiprocessing INFO STARTING NEW RUN ==========
SpawnPoolWorker-71| 2026-06-21 23:17:27,868,868 multiprocessing INFO SEE LOG AT : ./logs/all_Lyapunov_test_dso-fn_d_all_n_01_log.txt
SpawnPoolWorker-73| 2026-06-21 23:17:27,868,868 multiprocessing INFO STARTING NEW RUN ==========
SpawnPoolWorker-71| 2026-06-21 23:17:27,869,869 multiprocessing INFO See log at : ./logs/all_Lyapunov_test_dso-fn_d_all_n_01_log.txt
SpawnPoolWorker-74| 2026-06-21 23:17:27,869,869 multiprocessing INFO STARTING NEW RUN ==========
SpawnPoolWorker-76| 2026-06-21 23:17:27,869,869 multiprocessing INFO STARTING NEW RUN ==========
SpawnPoolWorker-75| 2026-06-21 23:17:27,869,869 multiprocessing INFO STARTING NEW RUN ==========
SpawnPoolWorker-74| 2026-06-21 23:17:27,869,869 multiprocessing INFO SEE LOG AT : ./logs/all_Lyapunov_test_dso-fn_d_all_n_01_log.txt
SpawnPoolWorker-76| 2026-06-21 23:17:27,869,869 multiprocessing INFO SEE LOG AT : ./logs/all_Lyapunov_test_dso-fn_d_all_n_01_log.txt
SpawnPoolWorker-75| 2026-06-21 23:17:27,869,869 multiprocessing INFO SEE LOG AT : ./logs/all_Lyapunov_test_dso-fn_d_all_n_01_log.txt
SpawnPoolWorker-74| 2026-06-21 23:17:27,869,869 multiprocessing INFO See log at : ./logs/all_Lyapunov_test_dso-fn_d_all_n_01_log.txt
SpawnPoolWorker-76| 2026-06-21 23:17:27,869,869 multiprocessing INFO See log at : ./logs/all_Lyapunov_test_dso-fn_d_all_n_01_log.txt
SpawnPoolWorker-75| 2026-06-21 23:17:27,870,870 multiprocessing INFO See log at : ./logs/all_Lyapunov_test_dso-fn_d_all_n_01_log.txt
SpawnPoolWorker-73| 2026-06-21 23:17:27,871,871 multiprocessing INFO SEE LOG AT : ./logs/all_Lyapunov_test_dso-fn_d_all_n_01_log.txt
SpawnPoolWorker-73| 2026-06-21 23:17:27,871,871 multiprocessing INFO See log at : ./logs/all_Lyapunov_test_dso-fn_d_all_n_01_log.txt
SpawnPoolWorker-72| 2026-06-21 23:17:27,871,871 multiprocessing INFO STARTING NEW RUN ==========
SpawnPoolWorker-78| 2026-06-21 23:17:27,871,871 multiprocessing INFO STARTING NEW RUN ==========
SpawnPoolWorker-72| 2026-06-21 23:17:27,871,871 multiprocessing INFO SEE LOG AT : ./logs/all_Lyapunov_test_dso-fn_d_all_n_01_log.txt
SpawnPoolWorker-78| 2026-06-21 23:17:27,871,871 multiprocessing INFO SEE LOG AT : ./logs/all_Lyapunov_test_dso-fn_d_all_n_01_log.txt
SpawnPoolWorker-72| 2026-06-21 23:17:27,871,871 multiprocessing INFO See log at : ./logs/all_Lyapunov_test_dso-fn_d_all_n_01_log.txt
SpawnPoolWorker-78| 2026-06-21 23:17:27,871,871 multiprocessing INFO See log at : ./logs/all_Lyapunov_test_dso-fn_d_all_n_01_log.txt
SpawnPoolWorker-69| 2026-06-21 23:17:27,872,872 multiprocessing INFO STARTING NEW RUN ==========
SpawnPoolWorker-69| 2026-06-21 23:17:27,872,872 multiprocessing INFO SEE LOG AT : ./logs/all_Lyapunov_test_dso-fn_d_all_n_01_log.txt
SpawnPoolWorker-69| 2026-06-21 23:17:27,872,872 multiprocessing INFO See log at : ./logs/all_Lyapunov_test_dso-fn_d_all_n_01_log.txt
SpawnPoolWorker-73| 2026-06-21 23:17:27,873,873 multiprocessing INFO child process calling self.run()
SpawnPoolWorker-74| 2026-06-21 23:17:27,873,873 multiprocessing INFO child process calling self.run()
SpawnPoolWorker-76| 2026-06-21 23:17:27,873,873 multiprocessing INFO child process calling self.run()
SpawnPoolWorker-72| 2026-06-21 23:17:27,873,873 multiprocessing INFO child process calling self.run()
SpawnPoolWorker-78| 2026-06-21 23:17:27,873,873 multiprocessing INFO child process calling self.run()
SpawnPoolWorker-69| 2026-06-21 23:17:27,873,873 multiprocessing INFO child process calling self.run()
SpawnPoolWorker-75| 2026-06-21 23:17:27,874,874 multiprocessing INFO child process calling self.run()
SpawnPoolWorker-71| 2026-06-21 23:17:27,874,874 multiprocessing INFO child process calling self.run()
SpawnPoolWorker-70| 2026-06-21 23:17:27,879,879 multiprocessing INFO STARTING NEW RUN ==========
SpawnPoolWorker-77| 2026-06-21 23:17:27,879,879 multiprocessing INFO STARTING NEW RUN ==========
SpawnPoolWorker-70| 2026-06-21 23:17:27,879,879 multiprocessing INFO SEE LOG AT : ./logs/all_Lyapunov_test_dso-fn_d_all_n_01_log.txt
SpawnPoolWorker-77| 2026-06-21 23:17:27,879,879 multiprocessing INFO SEE LOG AT : ./logs/all_Lyapunov_test_dso-fn_d_all_n_01_log.txt
SpawnPoolWorker-70| 2026-06-21 23:17:27,879,879 multiprocessing INFO See log at : ./logs/all_Lyapunov_test_dso-fn_d_all_n_01_log.txt
SpawnPoolWorker-77| 2026-06-21 23:17:27,879,879 multiprocessing INFO See log at : ./logs/all_Lyapunov_test_dso-fn_d_all_n_01_log.txt
SpawnPoolWorker-77| 2026-06-21 23:17:27,880,880 multiprocessing INFO child process calling self.run()
SpawnPoolWorker-70| 2026-06-21 23:17:27,880,880 multiprocessing INFO child process calling self.run()
SpawnPoolWorker-70| 2026-06-21 23:17:46,782,782 multiprocessing INFO process shutting down
SpawnPoolWorker-78| 2026-06-21 23:17:46,782,782 multiprocessing INFO process shutting down
SpawnPoolWorker-73| 2026-06-21 23:17:46,782,782 multiprocessing INFO process shutting down
SpawnPoolWorker-76| 2026-06-21 23:17:46,782,782 multiprocessing INFO process shutting down
SpawnPoolWorker-72| 2026-06-21 23:17:46,782,782 multiprocessing INFO process shutting down
SpawnPoolWorker-70| 2026-06-21 23:17:46,782,782 multiprocessing INFO process exiting with exitcode 0
SpawnPoolWorker-78| 2026-06-21 23:17:46,783,783 multiprocessing INFO process exiting with exitcode 0
SpawnPoolWorker-71| 2026-06-21 23:17:46,782,782 multiprocessing INFO process shutting down
SpawnPoolWorker-73| 2026-06-21 23:17:46,783,783 multiprocessing INFO process exiting with exitcode 0
SpawnPoolWorker-74| 2026-06-21 23:17:46,782,782 multiprocessing INFO process shutting down
SpawnPoolWorker-76| 2026-06-21 23:17:46,783,783 multiprocessing INFO process exiting with exitcode 0
SpawnPoolWorker-72| 2026-06-21 23:17:46,783,783 multiprocessing INFO process exiting with exitcode 0
SpawnPoolWorker-77| 2026-06-21 23:17:46,782,782 multiprocessing INFO process shutting down
SpawnPoolWorker-71| 2026-06-21 23:17:46,783,783 multiprocessing INFO process exiting with exitcode 0
SpawnPoolWorker-74| 2026-06-21 23:17:46,783,783 multiprocessing INFO process exiting with exitcode 0
SpawnPoolWorker-77| 2026-06-21 23:17:46,783,783 multiprocessing INFO process exiting with exitcode 0
(20000,)

===================Collect 20000 Examples===================

Epsilon 0.1
500
(550,)
(550,)
(55,)
Number of Programs for Minimization: 28
SpawnPoolWorker-81| 2026-06-21 23:18:03,743,743 multiprocessing INFO STARTING NEW RUN ==========
SpawnPoolWorker-81| 2026-06-21 23:18:03,743,743 multiprocessing INFO SEE LOG AT : ./logs/all_Lyapunov_test_dso-fn_d_all_n_01_log.txt
SpawnPoolWorker-81| 2026-06-21 23:18:03,743,743 multiprocessing INFO See log at : ./logs/all_Lyapunov_test_dso-fn_d_all_n_01_log.txt
SpawnPoolWorker-81| 2026-06-21 23:18:03,746,746 multiprocessing INFO child process calling self.run()
SpawnPoolWorker-79| 2026-06-21 23:18:04,022,22 multiprocessing INFO STARTING NEW RUN ==========
SpawnPoolWorker-79| 2026-06-21 23:18:04,022,22 multiprocessing INFO SEE LOG AT : ./logs/all_Lyapunov_test_dso-fn_d_all_n_01_log.txt
SpawnPoolWorker-79| 2026-06-21 23:18:04,023,23 multiprocessing INFO See log at : ./logs/all_Lyapunov_test_dso-fn_d_all_n_01_log.txt
SpawnPoolWorker-79| 2026-06-21 23:18:04,026,26 multiprocessing INFO child process calling self.run()
SpawnPoolWorker-89| 2026-06-21 23:18:04,035,35 multiprocessing INFO STARTING NEW RUN ==========
SpawnPoolWorker-89| 2026-06-21 23:18:04,035,35 multiprocessing INFO SEE LOG AT : ./logs/all_Lyapunov_test_dso-fn_d_all_n_01_log.txt
SpawnPoolWorker-89| 2026-06-21 23:18:04,036,36 multiprocessing INFO See log at : ./logs/all_Lyapunov_test_dso-fn_d_all_n_01_log.txt
SpawnPoolWorker-89| 2026-06-21 23:18:04,038,38 multiprocessing INFO child process calling self.run()
SpawnPoolWorker-84| 2026-06-21 23:18:04,077,77 multiprocessing INFO STARTING NEW RUN ==========
SpawnPoolWorker-84| 2026-06-21 23:18:04,077,77 multiprocessing INFO SEE LOG AT : ./logs/all_Lyapunov_test_dso-fn_d_all_n_01_log.txt
SpawnPoolWorker-84| 2026-06-21 23:18:04,077,77 multiprocessing INFO See log at : ./logs/all_Lyapunov_test_dso-fn_d_all_n_01_log.txt
SpawnPoolWorker-82| 2026-06-21 23:18:04,078,78 multiprocessing INFO STARTING NEW RUN ==========
SpawnPoolWorker-82| 2026-06-21 23:18:04,078,78 multiprocessing INFO SEE LOG AT : ./logs/all_Lyapunov_test_dso-fn_d_all_n_01_log.txt
SpawnPoolWorker-82| 2026-06-21 23:18:04,078,78 multiprocessing INFO See log at : ./logs/all_Lyapunov_test_dso-fn_d_all_n_01_log.txt
SpawnPoolWorker-84| 2026-06-21 23:18:04,079,79 multiprocessing INFO child process calling self.run()
SpawnPoolWorker-82| 2026-06-21 23:18:04,084,84 multiprocessing INFO child process calling self.run()
SpawnPoolWorker-91| 2026-06-21 23:18:04,197,197 multiprocessing INFO STARTING NEW RUN ==========
SpawnPoolWorker-91| 2026-06-21 23:18:04,197,197 multiprocessing INFO SEE LOG AT : ./logs/all_Lyapunov_test_dso-fn_d_all_n_01_log.txt
SpawnPoolWorker-91| 2026-06-21 23:18:04,197,197 multiprocessing INFO See log at : ./logs/all_Lyapunov_test_dso-fn_d_all_n_01_log.txt
SpawnPoolWorker-91| 2026-06-21 23:18:04,200,200 multiprocessing INFO child process calling self.run()
SpawnPoolWorker-80| 2026-06-21 23:18:04,246,246 multiprocessing INFO STARTING NEW RUN ==========
SpawnPoolWorker-80| 2026-06-21 23:18:04,249,249 multiprocessing INFO SEE LOG AT : ./logs/all_Lyapunov_test_dso-fn_d_all_n_01_log.txt
SpawnPoolWorker-80| 2026-06-21 23:18:04,249,249 multiprocessing INFO See log at : ./logs/all_Lyapunov_test_dso-fn_d_all_n_01_log.txt
SpawnPoolWorker-80| 2026-06-21 23:18:04,257,257 multiprocessing INFO child process calling self.run()
SpawnPoolWorker-85| 2026-06-21 23:18:04,307,307 multiprocessing INFO STARTING NEW RUN ==========
SpawnPoolWorker-85| 2026-06-21 23:18:04,307,307 multiprocessing INFO SEE LOG AT : ./logs/all_Lyapunov_test_dso-fn_d_all_n_01_log.txt
SpawnPoolWorker-85| 2026-06-21 23:18:04,308,308 multiprocessing INFO See log at : ./logs/all_Lyapunov_test_dso-fn_d_all_n_01_log.txt
SpawnPoolWorker-85| 2026-06-21 23:18:04,310,310 multiprocessing INFO child process calling self.run()
SpawnPoolWorker-92| 2026-06-21 23:18:04,319,319 multiprocessing INFO STARTING NEW RUN ==========
SpawnPoolWorker-92| 2026-06-21 23:18:04,319,319 multiprocessing INFO SEE LOG AT : ./logs/all_Lyapunov_test_dso-fn_d_all_n_01_log.txt
SpawnPoolWorker-92| 2026-06-21 23:18:04,319,319 multiprocessing INFO See log at : ./logs/all_Lyapunov_test_dso-fn_d_all_n_01_log.txt
SpawnPoolWorker-92| 2026-06-21 23:18:04,323,323 multiprocessing INFO child process calling self.run()
SpawnPoolWorker-88| 2026-06-21 23:18:04,486,486 multiprocessing INFO STARTING NEW RUN ==========
SpawnPoolWorker-88| 2026-06-21 23:18:04,486,486 multiprocessing INFO SEE LOG AT : ./logs/all_Lyapunov_test_dso-fn_d_all_n_01_log.txt
SpawnPoolWorker-88| 2026-06-21 23:18:04,486,486 multiprocessing INFO See log at : ./logs/all_Lyapunov_test_dso-fn_d_all_n_01_log.txt
SpawnPoolWorker-88| 2026-06-21 23:18:04,496,496 multiprocessing INFO child process calling self.run()
SpawnPoolWorker-86| 2026-06-21 23:18:04,514,514 multiprocessing INFO STARTING NEW RUN ==========
SpawnPoolWorker-86| 2026-06-21 23:18:04,514,514 multiprocessing INFO SEE LOG AT : ./logs/all_Lyapunov_test_dso-fn_d_all_n_01_log.txt
SpawnPoolWorker-86| 2026-06-21 23:18:04,514,514 multiprocessing INFO See log at : ./logs/all_Lyapunov_test_dso-fn_d_all_n_01_log.txt
SpawnPoolWorker-86| 2026-06-21 23:18:04,517,517 multiprocessing INFO child process calling self.run()
SpawnPoolWorker-97| 2026-06-21 23:18:04,773,773 multiprocessing INFO STARTING NEW RUN ==========
SpawnPoolWorker-97| 2026-06-21 23:18:04,773,773 multiprocessing INFO SEE LOG AT : ./logs/all_Lyapunov_test_dso-fn_d_all_n_01_log.txt
SpawnPoolWorker-97| 2026-06-21 23:18:04,773,773 multiprocessing INFO See log at : ./logs/all_Lyapunov_test_dso-fn_d_all_n_01_log.txt
SpawnPoolWorker-97| 2026-06-21 23:18:04,775,775 multiprocessing INFO child process calling self.run()
SpawnPoolWorker-95| 2026-06-21 23:18:04,886,886 multiprocessing INFO STARTING NEW RUN ==========
SpawnPoolWorker-95| 2026-06-21 23:18:04,886,886 multiprocessing INFO SEE LOG AT : ./logs/all_Lyapunov_test_dso-fn_d_all_n_01_log.txt
SpawnPoolWorker-95| 2026-06-21 23:18:04,886,886 multiprocessing INFO See log at : ./logs/all_Lyapunov_test_dso-fn_d_all_n_01_log.txt
SpawnPoolWorker-95| 2026-06-21 23:18:04,889,889 multiprocessing INFO child process calling self.run()
SpawnPoolWorker-87| 2026-06-21 23:18:04,914,914 multiprocessing INFO STARTING NEW RUN ==========
SpawnPoolWorker-87| 2026-06-21 23:18:04,914,914 multiprocessing INFO SEE LOG AT : ./logs/all_Lyapunov_test_dso-fn_d_all_n_01_log.txt
SpawnPoolWorker-87| 2026-06-21 23:18:04,914,914 multiprocessing INFO See log at : ./logs/all_Lyapunov_test_dso-fn_d_all_n_01_log.txt
SpawnPoolWorker-87| 2026-06-21 23:18:04,918,918 multiprocessing INFO child process calling self.run()
SpawnPoolWorker-90| 2026-06-21 23:18:05,025,25 multiprocessing INFO STARTING NEW RUN ==========
SpawnPoolWorker-90| 2026-06-21 23:18:05,025,25 multiprocessing INFO SEE LOG AT : ./logs/all_Lyapunov_test_dso-fn_d_all_n_01_log.txt
SpawnPoolWorker-90| 2026-06-21 23:18:05,025,25 multiprocessing INFO See log at : ./logs/all_Lyapunov_test_dso-fn_d_all_n_01_log.txt
SpawnPoolWorker-90| 2026-06-21 23:18:05,028,28 multiprocessing INFO child process calling self.run()
SpawnPoolWorker-102| 2026-06-21 23:18:05,124,124 multiprocessing INFO STARTING NEW RUN ==========
SpawnPoolWorker-102| 2026-06-21 23:18:05,124,124 multiprocessing INFO SEE LOG AT : ./logs/all_Lyapunov_test_dso-fn_d_all_n_01_log.txt
SpawnPoolWorker-102| 2026-06-21 23:18:05,124,124 multiprocessing INFO See log at : ./logs/all_Lyapunov_test_dso-fn_d_all_n_01_log.txt
SpawnPoolWorker-102| 2026-06-21 23:18:05,129,129 multiprocessing INFO child process calling self.run()
SpawnPoolWorker-94| 2026-06-21 23:18:05,242,242 multiprocessing INFO STARTING NEW RUN ==========
SpawnPoolWorker-94| 2026-06-21 23:18:05,242,242 multiprocessing INFO SEE LOG AT : ./logs/all_Lyapunov_test_dso-fn_d_all_n_01_log.txt
SpawnPoolWorker-94| 2026-06-21 23:18:05,242,242 multiprocessing INFO See log at : ./logs/all_Lyapunov_test_dso-fn_d_all_n_01_log.txt
SpawnPoolWorker-94| 2026-06-21 23:18:05,253,253 multiprocessing INFO child process calling self.run()
SpawnPoolWorker-83| 2026-06-21 23:18:05,593,593 multiprocessing INFO STARTING NEW RUN ==========
SpawnPoolWorker-83| 2026-06-21 23:18:05,593,593 multiprocessing INFO SEE LOG AT : ./logs/all_Lyapunov_test_dso-fn_d_all_n_01_log.txt
SpawnPoolWorker-83| 2026-06-21 23:18:05,593,593 multiprocessing INFO See log at : ./logs/all_Lyapunov_test_dso-fn_d_all_n_01_log.txt
SpawnPoolWorker-83| 2026-06-21 23:18:05,595,595 multiprocessing INFO child process calling self.run()
SpawnPoolWorker-101| 2026-06-21 23:18:05,681,681 multiprocessing INFO STARTING NEW RUN ==========
SpawnPoolWorker-101| 2026-06-21 23:18:05,682,682 multiprocessing INFO SEE LOG AT : ./logs/all_Lyapunov_test_dso-fn_d_all_n_01_log.txt
SpawnPoolWorker-101| 2026-06-21 23:18:05,682,682 multiprocessing INFO See log at : ./logs/all_Lyapunov_test_dso-fn_d_all_n_01_log.txt
SpawnPoolWorker-101| 2026-06-21 23:18:05,684,684 multiprocessing INFO child process calling self.run()
SpawnPoolWorker-93| 2026-06-21 23:18:05,807,807 multiprocessing INFO STARTING NEW RUN ==========
SpawnPoolWorker-93| 2026-06-21 23:18:05,807,807 multiprocessing INFO SEE LOG AT : ./logs/all_Lyapunov_test_dso-fn_d_all_n_01_log.txt
SpawnPoolWorker-93| 2026-06-21 23:18:05,807,807 multiprocessing INFO See log at : ./logs/all_Lyapunov_test_dso-fn_d_all_n_01_log.txt
SpawnPoolWorker-93| 2026-06-21 23:18:05,809,809 multiprocessing INFO child process calling self.run()
SpawnPoolWorker-96| 2026-06-21 23:18:05,853,853 multiprocessing INFO STARTING NEW RUN ==========
SpawnPoolWorker-96| 2026-06-21 23:18:05,853,853 multiprocessing INFO SEE LOG AT : ./logs/all_Lyapunov_test_dso-fn_d_all_n_01_log.txt
SpawnPoolWorker-96| 2026-06-21 23:18:05,853,853 multiprocessing INFO See log at : ./logs/all_Lyapunov_test_dso-fn_d_all_n_01_log.txt
SpawnPoolWorker-96| 2026-06-21 23:18:05,857,857 multiprocessing INFO child process calling self.run()
SpawnPoolWorker-98| 2026-06-21 23:18:06,047,47 multiprocessing INFO STARTING NEW RUN ==========
SpawnPoolWorker-98| 2026-06-21 23:18:06,047,47 multiprocessing INFO SEE LOG AT : ./logs/all_Lyapunov_test_dso-fn_d_all_n_01_log.txt
SpawnPoolWorker-98| 2026-06-21 23:18:06,047,47 multiprocessing INFO See log at : ./logs/all_Lyapunov_test_dso-fn_d_all_n_01_log.txt
SpawnPoolWorker-98| 2026-06-21 23:18:06,052,52 multiprocessing INFO child process calling self.run()
SpawnPoolWorker-99| 2026-06-21 23:18:06,152,152 multiprocessing INFO STARTING NEW RUN ==========
SpawnPoolWorker-99| 2026-06-21 23:18:06,152,152 multiprocessing INFO SEE LOG AT : ./logs/all_Lyapunov_test_dso-fn_d_all_n_01_log.txt
SpawnPoolWorker-99| 2026-06-21 23:18:06,152,152 multiprocessing INFO See log at : ./logs/all_Lyapunov_test_dso-fn_d_all_n_01_log.txt
SpawnPoolWorker-99| 2026-06-21 23:18:06,160,160 multiprocessing INFO child process calling self.run()
SpawnPoolWorker-100| 2026-06-21 23:18:06,173,173 multiprocessing INFO STARTING NEW RUN ==========
SpawnPoolWorker-100| 2026-06-21 23:18:06,173,173 multiprocessing INFO SEE LOG AT : ./logs/all_Lyapunov_test_dso-fn_d_all_n_01_log.txt
SpawnPoolWorker-100| 2026-06-21 23:18:06,173,173 multiprocessing INFO See log at : ./logs/all_Lyapunov_test_dso-fn_d_all_n_01_log.txt
SpawnPoolWorker-100| 2026-06-21 23:18:06,174,174 multiprocessing INFO child process calling self.run()
SpawnPoolWorker-98| 2026-06-21 23:19:10,161,161 multiprocessing INFO process shutting down
SpawnPoolWorker-81| 2026-06-21 23:19:10,161,161 multiprocessing INFO process shutting down
SpawnPoolWorker-99| 2026-06-21 23:19:10,161,161 multiprocessing INFO process shutting down
SpawnPoolWorker-98| 2026-06-21 23:19:10,162,162 multiprocessing INFO process exiting with exitcode 0
SpawnPoolWorker-81| 2026-06-21 23:19:10,162,162 multiprocessing INFO process exiting with exitcode 0
SpawnPoolWorker-79| 2026-06-21 23:19:10,161,161 multiprocessing INFO process shutting down
SpawnPoolWorker-89| 2026-06-21 23:19:10,162,162 multiprocessing INFO process shutting down
SpawnPoolWorker-99| 2026-06-21 23:19:10,162,162 multiprocessing INFO process exiting with exitcode 0
SpawnPoolWorker-87| 2026-06-21 23:19:10,162,162 multiprocessing INFO process shutting down
SpawnPoolWorker-100| 2026-06-21 23:19:10,162,162 multiprocessing INFO process shutting down
SpawnPoolWorker-79| 2026-06-21 23:19:10,162,162 multiprocessing INFO process exiting with exitcode 0
SpawnPoolWorker-93| 2026-06-21 23:19:10,162,162 multiprocessing INFO process shutting down
SpawnPoolWorker-89| 2026-06-21 23:19:10,162,162 multiprocessing INFO process exiting with exitcode 0
SpawnPoolWorker-100| 2026-06-21 23:19:10,162,162 multiprocessing INFO process exiting with exitcode 0
SpawnPoolWorker-87| 2026-06-21 23:19:10,162,162 multiprocessing INFO process exiting with exitcode 0
SpawnPoolWorker-91| 2026-06-21 23:19:10,162,162 multiprocessing INFO process shutting down
SpawnPoolWorker-82| 2026-06-21 23:19:10,162,162 multiprocessing INFO process shutting down
SpawnPoolWorker-101| 2026-06-21 23:19:10,162,162 multiprocessing INFO process shutting down
SpawnPoolWorker-83| 2026-06-21 23:19:10,163,163 multiprocessing INFO process shutting down
SpawnPoolWorker-88| 2026-06-21 23:19:10,163,163 multiprocessing INFO process shutting down
SpawnPoolWorker-80| 2026-06-21 23:19:10,163,163 multiprocessing INFO process shutting down
SpawnPoolWorker-97| 2026-06-21 23:19:10,163,163 multiprocessing INFO process shutting down
SpawnPoolWorker-92| 2026-06-21 23:19:10,163,163 multiprocessing INFO process shutting down
SpawnPoolWorker-85| 2026-06-21 23:19:10,163,163 multiprocessing INFO process shutting down
SpawnPoolWorker-102| 2026-06-21 23:19:10,163,163 multiprocessing INFO process shutting down
SpawnPoolWorker-96| 2026-06-21 23:19:10,163,163 multiprocessing INFO process shutting down
SpawnPoolWorker-90| 2026-06-21 23:19:10,163,163 multiprocessing INFO process shutting down
SpawnPoolWorker-84| 2026-06-21 23:19:10,163,163 multiprocessing INFO process shutting down
SpawnPoolWorker-94| 2026-06-21 23:19:10,164,164 multiprocessing INFO process shutting down
28
(100000, 8)
(100000,)
(100000, 8)
(100000,)

=======================Successfully Added (6400, 8) Counter Examples=======================

MainProcess| 2026-06-21 23:29:22,003,3 multiprocessing INFO Number of potential valid equations: 0
Number of potential valid equations: 0
(55, 164)
/users/9/chen8596/miniconda3/envs/alfd/lib/python3.9/site-packages/torch/nn/functional.py:4999: UserWarning: Support for mismatched key_padding_mask and attn_mask is deprecated. Use same type for both instead.
  warnings.warn(

==============Start Supervised Learning==============

MainProcess| 2026-06-21 23:29:26,961,961 multiprocessing INFO GP output mean: 1.0
GP output mean: 1.0
MainProcess| 2026-06-21 23:29:28,698,698 multiprocessing INFO GP output success rate: 1.0
GP output success rate: 1.0
MainProcess| 2026-06-21 23:29:28,698,698 multiprocessing INFO [x2**2 + x4**2*(x2*x3*x8 - x7)**2 + x5**2 + x6**2 + (x1 - x6)**2, x1**2 + x2**2 + x4**2*(x3*x8*(x2 + x6) - x7)**2 + x5**2 + x6**2, x1**2 + x2**2 + x4**2*(-x7 + (x3 + x5 + x8)*sin(x2))**2 + x5**2 + x6**2, x1**2 + x2**2 + x4**2*(x2*(x3 - x8 + cos(x6)) + x7)**2 + x5**2 + x6**2, x1**2 + x2**2 + x4**2*(x2*(x3 + x5 + x8) - x7)**2 + x5**2 + x6**2, x1**2 + x2**2 + x4**2*(x2*(x3 + x8 + sin(x5)) - x7)**2 + x5**2 + x6**2, x2**2 + x4**2*(x2*(x3 + x5 + x8) - x7)**2 + x5**2 + x6**2 + sin(x1**2), x1**2 + x2**2 + x4**2*(x2*(x8 + sin(x3 + x5)) - x7)**2 + x5**2 + x6**2, x1**2 + x2**2 + x4**2*(x2*x8*(x1 + x3) - x7)**2 + x5**2 + x6**2, x1**2 + x2**2 + x4**2*(x2*x8*(x3 + x6**2) - x7)**2 + x5**2 + x6**2, x1**2 + x2**2 + x4**2*(x2*x3*x8 - x7)**2 + x5**2 + x6**2, x1**2 + x2**2 + x4**2*(x2*x3*x8*cos(x6) - x7)**2 + x5**2 + x6**2, x1**2 + x2**2 + x4**2*(x2*x3*x8*cos(x6) - x7)**2 + x5**2 + x6**2, x1**2 + x2**2 + x4**2*(x2*x3*x8*cos(x1) - x7)**2 + x5**2 + x6**2, x1**2 + x2**2 + x4**2*(x2*x3*x8*cos(x2) - x7)**2 + x5**2 + x6**2, x1**2 + x2**2 + x4**2*(x2*x8*(x3 + x6) - x7)**2 + x5**2 + x6**2, x1**2 + x2**2 + x4**2*(x2*(x3 + x7 - x8) - x7)**2 + x5**2 + x6**2, x1**2 + x2**2 + x4**2*(x2*(x3 + x7 - x8) - x7)**2 + x5**2 + x6**2, x2**2 + x4**2*(x2*(x3 + x7 - x8) - x7)**2 + x5**2 + x6**2 + sin(x1**2), x1**2 + x2**2 + x4**2*(x2*(x3 + x8) - x7)**2 + x5**2 + x6**2, x1**2 + x2**2 + x4**2*(x2*x8*(x3 + x7) - x7)**2 + x5**2 + x6**2, x1**2 + x4**2*(x2*(x3 + x5 + x8) - x7)**2 + x5**2 + x6**2 + sin(x2)**2, x1**2 + x2**2 + x4**2*(x2*(x2**2 + x3 + x8) - x7)**2 + x5**2 + x6**2, x1**2 + x2**2 + x4**2*(x1*(x1**2 + x3 - x8) - x7)**2 + x5**2 + x6**2, x1**2 + x2**2 + x4**2*(x2*x8*(x3 + cos(x2)) - x7)**2 + x5**2 + x6**2, x1**2 + x2**2 + x4**2*(x2*x8*(x3 + cos(x6)) - x7)**2 + x5**2 + x6**2, x1**2 + x2**2 + x4**2*(x2*(2*x3 - x8) + x7)**2 + x5**2 + x6**2, x1**2 + x2**2 + x4**2*(x2*x8*(x3 + cos(x1)) - x7)**2 + x5**2 + x6**2, x1**2 + x2**2 + x4**2*(x1*(x1**2 + x3 - x8) + x7)**2 + x5**2 + x6**2, x1**2 + x2**2 + x4**2*(x2*x8*(x3 + cos(x5)) - x7)**2 + x5**2 + x6**2, x1**2 + x2**2 + x4**2*(x2*(x3*x5 + x8) - x7)**2 + x5**2 + x6**2, x1**2 + x2**2 + x4**2*(x2*(x3 + x6 + x8) - x7)**2 + x5**2 + x6**2, x1**2 + x2**2 + x4**2*(x2*(x2 + x3 + x8) - x7)**2 + x5**2 + x6**2, x1**2 + x2**2 + x4**2*(x5*(x3 + x6 - x8) - x7)**2 + x5**2 + x6**2, x1**2 + x2**2 + x4**2*(x2**2*(x3 + x5 - x8) - x7)**2 + x5**2 + x6**2, x1**2 + x2**2 + x4**2*(x2*x8*cos(x3) - x7)**2 + x5**2 + x6**2, x1**2 + x2**2 + x4**2*(x2*(x3 - x8 + sin(x6)) + x7)**2 + x5**2 + x6**2, x1**2 + x2**2 + x4**2*(x2*x8*(x3 - cos(x6)) - x7)**2 + x5**2 + x6**2, x1**2 + x2**2 + x4**2*(x2*x8*(x3 - cos(x1)) - x7)**2 + x5**2 + x6**2, x1**2 + x2**2 + x4**2*(x2*(x3 + x8 - cos(x6)) - x7)**2 + x5**2 + x6**2]
[x2**2 + x4**2*(x2*x3*x8 - x7)**2 + x5**2 + x6**2 + (x1 - x6)**2, x1**2 + x2**2 + x4**2*(x3*x8*(x2 + x6) - x7)**2 + x5**2 + x6**2, x1**2 + x2**2 + x4**2*(-x7 + (x3 + x5 + x8)*sin(x2))**2 + x5**2 + x6**2, x1**2 + x2**2 + x4**2*(x2*(x3 - x8 + cos(x6)) + x7)**2 + x5**2 + x6**2, x1**2 + x2**2 + x4**2*(x2*(x3 + x5 + x8) - x7)**2 + x5**2 + x6**2, x1**2 + x2**2 + x4**2*(x2*(x3 + x8 + sin(x5)) - x7)**2 + x5**2 + x6**2, x2**2 + x4**2*(x2*(x3 + x5 + x8) - x7)**2 + x5**2 + x6**2 + sin(x1**2), x1**2 + x2**2 + x4**2*(x2*(x8 + sin(x3 + x5)) - x7)**2 + x5**2 + x6**2, x1**2 + x2**2 + x4**2*(x2*x8*(x1 + x3) - x7)**2 + x5**2 + x6**2, x1**2 + x2**2 + x4**2*(x2*x8*(x3 + x6**2) - x7)**2 + x5**2 + x6**2, x1**2 + x2**2 + x4**2*(x2*x3*x8 - x7)**2 + x5**2 + x6**2, x1**2 + x2**2 + x4**2*(x2*x3*x8*cos(x6) - x7)**2 + x5**2 + x6**2, x1**2 + x2**2 + x4**2*(x2*x3*x8*cos(x6) - x7)**2 + x5**2 + x6**2, x1**2 + x2**2 + x4**2*(x2*x3*x8*cos(x1) - x7)**2 + x5**2 + x6**2, x1**2 + x2**2 + x4**2*(x2*x3*x8*cos(x2) - x7)**2 + x5**2 + x6**2, x1**2 + x2**2 + x4**2*(x2*x8*(x3 + x6) - x7)**2 + x5**2 + x6**2, x1**2 + x2**2 + x4**2*(x2*(x3 + x7 - x8) - x7)**2 + x5**2 + x6**2, x1**2 + x2**2 + x4**2*(x2*(x3 + x7 - x8) - x7)**2 + x5**2 + x6**2, x2**2 + x4**2*(x2*(x3 + x7 - x8) - x7)**2 + x5**2 + x6**2 + sin(x1**2), x1**2 + x2**2 + x4**2*(x2*(x3 + x8) - x7)**2 + x5**2 + x6**2, x1**2 + x2**2 + x4**2*(x2*x8*(x3 + x7) - x7)**2 + x5**2 + x6**2, x1**2 + x4**2*(x2*(x3 + x5 + x8) - x7)**2 + x5**2 + x6**2 + sin(x2)**2, x1**2 + x2**2 + x4**2*(x2*(x2**2 + x3 + x8) - x7)**2 + x5**2 + x6**2, x1**2 + x2**2 + x4**2*(x1*(x1**2 + x3 - x8) - x7)**2 + x5**2 + x6**2, x1**2 + x2**2 + x4**2*(x2*x8*(x3 + cos(x2)) - x7)**2 + x5**2 + x6**2, x1**2 + x2**2 + x4**2*(x2*x8*(x3 + cos(x6)) - x7)**2 + x5**2 + x6**2, x1**2 + x2**2 + x4**2*(x2*(2*x3 - x8) + x7)**2 + x5**2 + x6**2, x1**2 + x2**2 + x4**2*(x2*x8*(x3 + cos(x1)) - x7)**2 + x5**2 + x6**2, x1**2 + x2**2 + x4**2*(x1*(x1**2 + x3 - x8) + x7)**2 + x5**2 + x6**2, x1**2 + x2**2 + x4**2*(x2*x8*(x3 + cos(x5)) - x7)**2 + x5**2 + x6**2, x1**2 + x2**2 + x4**2*(x2*(x3*x5 + x8) - x7)**2 + x5**2 + x6**2, x1**2 + x2**2 + x4**2*(x2*(x3 + x6 + x8) - x7)**2 + x5**2 + x6**2, x1**2 + x2**2 + x4**2*(x2*(x2 + x3 + x8) - x7)**2 + x5**2 + x6**2, x1**2 + x2**2 + x4**2*(x5*(x3 + x6 - x8) - x7)**2 + x5**2 + x6**2, x1**2 + x2**2 + x4**2*(x2**2*(x3 + x5 - x8) - x7)**2 + x5**2 + x6**2, x1**2 + x2**2 + x4**2*(x2*x8*cos(x3) - x7)**2 + x5**2 + x6**2, x1**2 + x2**2 + x4**2*(x2*(x3 - x8 + sin(x6)) + x7)**2 + x5**2 + x6**2, x1**2 + x2**2 + x4**2*(x2*x8*(x3 - cos(x6)) - x7)**2 + x5**2 + x6**2, x1**2 + x2**2 + x4**2*(x2*x8*(x3 - cos(x1)) - x7)**2 + x5**2 + x6**2, x1**2 + x2**2 + x4**2*(x2*(x3 + x8 - cos(x6)) - x7)**2 + x5**2 + x6**2]

==============End Supervised Learning==============

/users/9/chen8596/LyaDis/repro/runs/poly8d/utils/train.py:971: RuntimeWarning: divide by zero encountered in divide
  error = np.abs(((y_hat - y) / y))
/users/9/chen8596/.local/lib/python3.9/site-packages/scipy/stats/_stats_py.py:4424: ConstantInputWarning: An input array is constant; the correlation coefficient is not defined.
  warnings.warn(stats.ConstantInputWarning(msg))
MainProcess| 2026-06-21 23:39:42,004,4 multiprocessing INFO [Test epoch=0003]  nevals=41300 	| train_loss=12209.21777 	| eqs_invalid %=0.00 	| r_best=0.98653 	| quantile=0.30244 	| r_quantile_mean=0.92299 	| r_raw_sum=52.11348 	|  r_raw_mean=0.82720 	| r2=nan 	| acc_iid=0.00000 	| acc_ood=0.00000 	| nmse_test=5.2803845314529436e-05 	| true_equation_set_count=0 	| s/it=1559.87809
[Test epoch=0003]  nevals=41300 	| train_loss=12209.21777 	| eqs_invalid %=0.00 	| r_best=0.98653 	| quantile=0.30244 	| r_quantile_mean=0.92299 	| r_raw_sum=52.11348 	|  r_raw_mean=0.82720 	| r2=nan 	| acc_iid=0.00000 	| acc_ood=0.00000 	| nmse_test=5.2803845314529436e-05 	| true_equation_set_count=0 	| s/it=1559.87809
MainProcess| 2026-06-21 23:39:42,004,4 multiprocessing INFO [00:00:37:17.97] Training epoch 3/4000, current best R: 0.9865
[00:00:37:17.97] Training epoch 3/4000, current best R: 0.9865
MainProcess| 2026-06-21 23:39:42,004,4 multiprocessing INFO 
	** New best

	** New best
MainProcess| 2026-06-21 23:39:42,004,4 multiprocessing INFO 	Reward: 0.9865260151125069
	Reward: 0.9865260151125069
MainProcess| 2026-06-21 23:39:42,004,4 multiprocessing INFO 	Count Off-policy: 1
	Count Off-policy: 1
MainProcess| 2026-06-21 23:39:42,004,4 multiprocessing INFO 	Count On-policy: 0
	Count On-policy: 0
MainProcess| 2026-06-21 23:39:42,004,4 multiprocessing INFO 	Originally on Policy: False
	Originally on Policy: False
MainProcess| 2026-06-21 23:39:42,004,4 multiprocessing INFO 	Invalid: False
	Invalid: False
MainProcess| 2026-06-21 23:39:42,004,4 multiprocessing INFO 	Traversal: add,n2,x2,add,n2,x1,add,n2,x6,add,n2,x5,n2,mul,sub,mul,x2,sub,add,x3,x7,x8,x4,x4
	Traversal: add,n2,x2,add,n2,x1,add,n2,x6,add,n2,x5,n2,mul,sub,mul,x2,sub,add,x3,x7,x8,x4,x4
MainProcess| 2026-06-21 23:39:42,004,4 multiprocessing INFO 	Expression:
	Expression:
MainProcess| 2026-06-21 23:39:42,007,7 multiprocessing INFO 
	    2     2     2                         2     2     2
	  x₁  + x₂  + x₄ ⋅(x₂⋅(x₃ + x₇ - x₈) - x₄)  + x₅  + x₆ 


	    2     2     2                         2     2     2
	  x₁  + x₂  + x₄ ⋅(x₂⋅(x₃ + x₇ - x₈) - x₄)  + x₅  + x₆ 

MainProcess| 2026-06-21 23:44:20,650,650 multiprocessing INFO Genetic Porgramming Runtime 277.65634662285447
Genetic Porgramming Runtime 277.65634662285447

=========================PGD Collection Starts=========================

SpawnPoolWorker-108| 2026-06-21 23:44:27,169,169 multiprocessing INFO STARTING NEW RUN ==========
SpawnPoolWorker-108| 2026-06-21 23:44:27,169,169 multiprocessing INFO SEE LOG AT : ./logs/all_Lyapunov_test_dso-fn_d_all_n_01_log.txt
SpawnPoolWorker-108| 2026-06-21 23:44:27,169,169 multiprocessing INFO See log at : ./logs/all_Lyapunov_test_dso-fn_d_all_n_01_log.txt
SpawnPoolWorker-107| 2026-06-21 23:44:27,169,169 multiprocessing INFO STARTING NEW RUN ==========
SpawnPoolWorker-107| 2026-06-21 23:44:27,169,169 multiprocessing INFO SEE LOG AT : ./logs/all_Lyapunov_test_dso-fn_d_all_n_01_log.txt
SpawnPoolWorker-107| 2026-06-21 23:44:27,169,169 multiprocessing INFO See log at : ./logs/all_Lyapunov_test_dso-fn_d_all_n_01_log.txt
SpawnPoolWorker-105| 2026-06-21 23:44:27,171,171 multiprocessing INFO STARTING NEW RUN ==========
SpawnPoolWorker-105| 2026-06-21 23:44:27,172,172 multiprocessing INFO SEE LOG AT : ./logs/all_Lyapunov_test_dso-fn_d_all_n_01_log.txt
SpawnPoolWorker-105| 2026-06-21 23:44:27,172,172 multiprocessing INFO See log at : ./logs/all_Lyapunov_test_dso-fn_d_all_n_01_log.txt
SpawnPoolWorker-108| 2026-06-21 23:44:27,172,172 multiprocessing INFO child process calling self.run()
SpawnPoolWorker-107| 2026-06-21 23:44:27,172,172 multiprocessing INFO child process calling self.run()
SpawnPoolWorker-103| 2026-06-21 23:44:27,172,172 multiprocessing INFO STARTING NEW RUN ==========
SpawnPoolWorker-103| 2026-06-21 23:44:27,172,172 multiprocessing INFO SEE LOG AT : ./logs/all_Lyapunov_test_dso-fn_d_all_n_01_log.txt
SpawnPoolWorker-103| 2026-06-21 23:44:27,172,172 multiprocessing INFO See log at : ./logs/all_Lyapunov_test_dso-fn_d_all_n_01_log.txt
SpawnPoolWorker-105| 2026-06-21 23:44:27,174,174 multiprocessing INFO child process calling self.run()
SpawnPoolWorker-103| 2026-06-21 23:44:27,174,174 multiprocessing INFO child process calling self.run()
SpawnPoolWorker-111| 2026-06-21 23:44:27,177,177 multiprocessing INFO STARTING NEW RUN ==========
SpawnPoolWorker-110| 2026-06-21 23:44:27,177,177 multiprocessing INFO STARTING NEW RUN ==========
SpawnPoolWorker-104| 2026-06-21 23:44:27,177,177 multiprocessing INFO STARTING NEW RUN ==========
SpawnPoolWorker-112| 2026-06-21 23:44:27,177,177 multiprocessing INFO STARTING NEW RUN ==========
SpawnPoolWorker-111| 2026-06-21 23:44:27,178,178 multiprocessing INFO SEE LOG AT : ./logs/all_Lyapunov_test_dso-fn_d_all_n_01_log.txt
SpawnPoolWorker-110| 2026-06-21 23:44:27,178,178 multiprocessing INFO SEE LOG AT : ./logs/all_Lyapunov_test_dso-fn_d_all_n_01_log.txt
SpawnPoolWorker-104| 2026-06-21 23:44:27,178,178 multiprocessing INFO SEE LOG AT : ./logs/all_Lyapunov_test_dso-fn_d_all_n_01_log.txt
SpawnPoolWorker-111| 2026-06-21 23:44:27,178,178 multiprocessing INFO See log at : ./logs/all_Lyapunov_test_dso-fn_d_all_n_01_log.txt
SpawnPoolWorker-110| 2026-06-21 23:44:27,178,178 multiprocessing INFO See log at : ./logs/all_Lyapunov_test_dso-fn_d_all_n_01_log.txt
SpawnPoolWorker-112| 2026-06-21 23:44:27,178,178 multiprocessing INFO SEE LOG AT : ./logs/all_Lyapunov_test_dso-fn_d_all_n_01_log.txt
SpawnPoolWorker-104| 2026-06-21 23:44:27,178,178 multiprocessing INFO See log at : ./logs/all_Lyapunov_test_dso-fn_d_all_n_01_log.txt
SpawnPoolWorker-106| 2026-06-21 23:44:27,178,178 multiprocessing INFO STARTING NEW RUN ==========
SpawnPoolWorker-106| 2026-06-21 23:44:27,178,178 multiprocessing INFO SEE LOG AT : ./logs/all_Lyapunov_test_dso-fn_d_all_n_01_log.txt
SpawnPoolWorker-106| 2026-06-21 23:44:27,178,178 multiprocessing INFO See log at : ./logs/all_Lyapunov_test_dso-fn_d_all_n_01_log.txt
SpawnPoolWorker-112| 2026-06-21 23:44:27,178,178 multiprocessing INFO See log at : ./logs/all_Lyapunov_test_dso-fn_d_all_n_01_log.txt
SpawnPoolWorker-111| 2026-06-21 23:44:27,179,179 multiprocessing INFO child process calling self.run()
SpawnPoolWorker-104| 2026-06-21 23:44:27,179,179 multiprocessing INFO child process calling self.run()
SpawnPoolWorker-106| 2026-06-21 23:44:27,180,180 multiprocessing INFO child process calling self.run()
SpawnPoolWorker-110| 2026-06-21 23:44:27,180,180 multiprocessing INFO child process calling self.run()
SpawnPoolWorker-112| 2026-06-21 23:44:27,183,183 multiprocessing INFO child process calling self.run()
SpawnPoolWorker-109| 2026-06-21 23:44:27,192,192 multiprocessing INFO STARTING NEW RUN ==========
SpawnPoolWorker-109| 2026-06-21 23:44:27,192,192 multiprocessing INFO SEE LOG AT : ./logs/all_Lyapunov_test_dso-fn_d_all_n_01_log.txt
SpawnPoolWorker-109| 2026-06-21 23:44:27,192,192 multiprocessing INFO See log at : ./logs/all_Lyapunov_test_dso-fn_d_all_n_01_log.txt
SpawnPoolWorker-109| 2026-06-21 23:44:27,193,193 multiprocessing INFO child process calling self.run()
SpawnPoolWorker-110| 2026-06-21 23:44:45,477,477 multiprocessing INFO process shutting down
SpawnPoolWorker-110| 2026-06-21 23:44:45,478,478 multiprocessing INFO process exiting with exitcode 0
SpawnPoolWorker-108| 2026-06-21 23:44:45,479,479 multiprocessing INFO process shutting down
SpawnPoolWorker-111| 2026-06-21 23:44:45,479,479 multiprocessing INFO process shutting down
SpawnPoolWorker-104| 2026-06-21 23:44:45,479,479 multiprocessing INFO process shutting down
SpawnPoolWorker-103| 2026-06-21 23:44:45,479,479 multiprocessing INFO process shutting down
SpawnPoolWorker-103| 2026-06-21 23:44:45,480,480 multiprocessing INFO process exiting with exitcode 0
SpawnPoolWorker-108| 2026-06-21 23:44:45,480,480 multiprocessing INFO process exiting with exitcode 0
SpawnPoolWorker-109| 2026-06-21 23:44:45,480,480 multiprocessing INFO process shutting down
SpawnPoolWorker-107| 2026-06-21 23:44:45,481,481 multiprocessing INFO process shutting down
SpawnPoolWorker-105| 2026-06-21 23:44:45,481,481 multiprocessing INFO process shutting down
SpawnPoolWorker-105| 2026-06-21 23:44:45,481,481 multiprocessing INFO process exiting with exitcode 0
SpawnPoolWorker-111| 2026-06-21 23:44:45,481,481 multiprocessing INFO process exiting with exitcode 0
SpawnPoolWorker-104| 2026-06-21 23:44:45,483,483 multiprocessing INFO process exiting with exitcode 0
SpawnPoolWorker-106| 2026-06-21 23:44:45,483,483 multiprocessing INFO process shutting down
SpawnPoolWorker-106| 2026-06-21 23:44:45,483,483 multiprocessing INFO process exiting with exitcode 0
(20000,)

===================Collect 20000 Examples===================

Epsilon 0.1
500
(550,)
(550,)
(55,)
Number of Programs for Minimization: 28
SpawnPoolWorker-117| 2026-06-21 23:45:07,381,381 multiprocessing INFO STARTING NEW RUN ==========
SpawnPoolWorker-117| 2026-06-21 23:45:07,382,382 multiprocessing INFO SEE LOG AT : ./logs/all_Lyapunov_test_dso-fn_d_all_n_01_log.txt
SpawnPoolWorker-117| 2026-06-21 23:45:07,382,382 multiprocessing INFO See log at : ./logs/all_Lyapunov_test_dso-fn_d_all_n_01_log.txt
SpawnPoolWorker-117| 2026-06-21 23:45:07,384,384 multiprocessing INFO child process calling self.run()
SpawnPoolWorker-120| 2026-06-21 23:45:08,028,28 multiprocessing INFO STARTING NEW RUN ==========
SpawnPoolWorker-120| 2026-06-21 23:45:08,028,28 multiprocessing INFO SEE LOG AT : ./logs/all_Lyapunov_test_dso-fn_d_all_n_01_log.txt
SpawnPoolWorker-120| 2026-06-21 23:45:08,028,28 multiprocessing INFO See log at : ./logs/all_Lyapunov_test_dso-fn_d_all_n_01_log.txt
SpawnPoolWorker-120| 2026-06-21 23:45:08,032,32 multiprocessing INFO child process calling self.run()
SpawnPoolWorker-119| 2026-06-21 23:45:08,644,644 multiprocessing INFO STARTING NEW RUN ==========
SpawnPoolWorker-119| 2026-06-21 23:45:08,644,644 multiprocessing INFO SEE LOG AT : ./logs/all_Lyapunov_test_dso-fn_d_all_n_01_log.txt
SpawnPoolWorker-119| 2026-06-21 23:45:08,644,644 multiprocessing INFO See log at : ./logs/all_Lyapunov_test_dso-fn_d_all_n_01_log.txt
SpawnPoolWorker-119| 2026-06-21 23:45:08,648,648 multiprocessing INFO child process calling self.run()
SpawnPoolWorker-113| 2026-06-21 23:45:08,873,873 multiprocessing INFO STARTING NEW RUN ==========
SpawnPoolWorker-113| 2026-06-21 23:45:08,873,873 multiprocessing INFO SEE LOG AT : ./logs/all_Lyapunov_test_dso-fn_d_all_n_01_log.txt
SpawnPoolWorker-113| 2026-06-21 23:45:08,873,873 multiprocessing INFO See log at : ./logs/all_Lyapunov_test_dso-fn_d_all_n_01_log.txt
SpawnPoolWorker-113| 2026-06-21 23:45:08,877,877 multiprocessing INFO child process calling self.run()
SpawnPoolWorker-116| 2026-06-21 23:45:09,026,26 multiprocessing INFO STARTING NEW RUN ==========
SpawnPoolWorker-116| 2026-06-21 23:45:09,026,26 multiprocessing INFO SEE LOG AT : ./logs/all_Lyapunov_test_dso-fn_d_all_n_01_log.txt
SpawnPoolWorker-116| 2026-06-21 23:45:09,026,26 multiprocessing INFO See log at : ./logs/all_Lyapunov_test_dso-fn_d_all_n_01_log.txt
SpawnPoolWorker-116| 2026-06-21 23:45:09,030,30 multiprocessing INFO child process calling self.run()
SpawnPoolWorker-125| 2026-06-21 23:45:09,654,654 multiprocessing INFO STARTING NEW RUN ==========
SpawnPoolWorker-125| 2026-06-21 23:45:09,656,656 multiprocessing INFO SEE LOG AT : ./logs/all_Lyapunov_test_dso-fn_d_all_n_01_log.txt
SpawnPoolWorker-125| 2026-06-21 23:45:09,656,656 multiprocessing INFO See log at : ./logs/all_Lyapunov_test_dso-fn_d_all_n_01_log.txt
SpawnPoolWorker-125| 2026-06-21 23:45:09,658,658 multiprocessing INFO child process calling self.run()
SpawnPoolWorker-114| 2026-06-21 23:45:09,895,895 multiprocessing INFO STARTING NEW RUN ==========
SpawnPoolWorker-114| 2026-06-21 23:45:09,895,895 multiprocessing INFO SEE LOG AT : ./logs/all_Lyapunov_test_dso-fn_d_all_n_01_log.txt
SpawnPoolWorker-114| 2026-06-21 23:45:09,896,896 multiprocessing INFO See log at : ./logs/all_Lyapunov_test_dso-fn_d_all_n_01_log.txt
SpawnPoolWorker-114| 2026-06-21 23:45:09,899,899 multiprocessing INFO child process calling self.run()
SpawnPoolWorker-126| 2026-06-21 23:45:09,940,940 multiprocessing INFO STARTING NEW RUN ==========
SpawnPoolWorker-126| 2026-06-21 23:45:09,940,940 multiprocessing INFO SEE LOG AT : ./logs/all_Lyapunov_test_dso-fn_d_all_n_01_log.txt
SpawnPoolWorker-126| 2026-06-21 23:45:09,940,940 multiprocessing INFO See log at : ./logs/all_Lyapunov_test_dso-fn_d_all_n_01_log.txt
SpawnPoolWorker-126| 2026-06-21 23:45:09,946,946 multiprocessing INFO child process calling self.run()
SpawnPoolWorker-115| 2026-06-21 23:45:10,469,469 multiprocessing INFO STARTING NEW RUN ==========
SpawnPoolWorker-115| 2026-06-21 23:45:10,469,469 multiprocessing INFO SEE LOG AT : ./logs/all_Lyapunov_test_dso-fn_d_all_n_01_log.txt
SpawnPoolWorker-115| 2026-06-21 23:45:10,469,469 multiprocessing INFO See log at : ./logs/all_Lyapunov_test_dso-fn_d_all_n_01_log.txt
SpawnPoolWorker-115| 2026-06-21 23:45:10,471,471 multiprocessing INFO child process calling self.run()
SpawnPoolWorker-123| 2026-06-21 23:45:10,568,568 multiprocessing INFO STARTING NEW RUN ==========
SpawnPoolWorker-123| 2026-06-21 23:45:10,568,568 multiprocessing INFO SEE LOG AT : ./logs/all_Lyapunov_test_dso-fn_d_all_n_01_log.txt
SpawnPoolWorker-123| 2026-06-21 23:45:10,568,568 multiprocessing INFO See log at : ./logs/all_Lyapunov_test_dso-fn_d_all_n_01_log.txt
SpawnPoolWorker-123| 2026-06-21 23:45:10,574,574 multiprocessing INFO child process calling self.run()
SpawnPoolWorker-136| 2026-06-21 23:45:10,808,808 multiprocessing INFO STARTING NEW RUN ==========
SpawnPoolWorker-136| 2026-06-21 23:45:10,808,808 multiprocessing INFO SEE LOG AT : ./logs/all_Lyapunov_test_dso-fn_d_all_n_01_log.txt
SpawnPoolWorker-136| 2026-06-21 23:45:10,808,808 multiprocessing INFO See log at : ./logs/all_Lyapunov_test_dso-fn_d_all_n_01_log.txt
SpawnPoolWorker-136| 2026-06-21 23:45:10,817,817 multiprocessing INFO child process calling self.run()
SpawnPoolWorker-122| 2026-06-21 23:45:10,921,921 multiprocessing INFO STARTING NEW RUN ==========
SpawnPoolWorker-122| 2026-06-21 23:45:10,921,921 multiprocessing INFO SEE LOG AT : ./logs/all_Lyapunov_test_dso-fn_d_all_n_01_log.txt
SpawnPoolWorker-122| 2026-06-21 23:45:10,921,921 multiprocessing INFO See log at : ./logs/all_Lyapunov_test_dso-fn_d_all_n_01_log.txt
SpawnPoolWorker-122| 2026-06-21 23:45:10,929,929 multiprocessing INFO child process calling self.run()
SpawnPoolWorker-127| 2026-06-21 23:45:11,555,555 multiprocessing INFO STARTING NEW RUN ==========
SpawnPoolWorker-127| 2026-06-21 23:45:11,555,555 multiprocessing INFO SEE LOG AT : ./logs/all_Lyapunov_test_dso-fn_d_all_n_01_log.txt
SpawnPoolWorker-127| 2026-06-21 23:45:11,555,555 multiprocessing INFO See log at : ./logs/all_Lyapunov_test_dso-fn_d_all_n_01_log.txt
SpawnPoolWorker-127| 2026-06-21 23:45:11,557,557 multiprocessing INFO child process calling self.run()
SpawnPoolWorker-135| 2026-06-21 23:45:11,623,623 multiprocessing INFO STARTING NEW RUN ==========
SpawnPoolWorker-135| 2026-06-21 23:45:11,623,623 multiprocessing INFO SEE LOG AT : ./logs/all_Lyapunov_test_dso-fn_d_all_n_01_log.txt
SpawnPoolWorker-135| 2026-06-21 23:45:11,623,623 multiprocessing INFO See log at : ./logs/all_Lyapunov_test_dso-fn_d_all_n_01_log.txt
SpawnPoolWorker-135| 2026-06-21 23:45:11,636,636 multiprocessing INFO child process calling self.run()
SpawnPoolWorker-128| 2026-06-21 23:45:11,694,694 multiprocessing INFO STARTING NEW RUN ==========
SpawnPoolWorker-128| 2026-06-21 23:45:11,694,694 multiprocessing INFO SEE LOG AT : ./logs/all_Lyapunov_test_dso-fn_d_all_n_01_log.txt
SpawnPoolWorker-128| 2026-06-21 23:45:11,694,694 multiprocessing INFO See log at : ./logs/all_Lyapunov_test_dso-fn_d_all_n_01_log.txt
SpawnPoolWorker-128| 2026-06-21 23:45:11,697,697 multiprocessing INFO child process calling self.run()
SpawnPoolWorker-118| 2026-06-21 23:45:11,749,749 multiprocessing INFO STARTING NEW RUN ==========
SpawnPoolWorker-118| 2026-06-21 23:45:11,749,749 multiprocessing INFO SEE LOG AT : ./logs/all_Lyapunov_test_dso-fn_d_all_n_01_log.txt
SpawnPoolWorker-118| 2026-06-21 23:45:11,749,749 multiprocessing INFO See log at : ./logs/all_Lyapunov_test_dso-fn_d_all_n_01_log.txt
SpawnPoolWorker-118| 2026-06-21 23:45:11,751,751 multiprocessing INFO child process calling self.run()
SpawnPoolWorker-121| 2026-06-21 23:45:11,950,950 multiprocessing INFO STARTING NEW RUN ==========
SpawnPoolWorker-121| 2026-06-21 23:45:11,950,950 multiprocessing INFO SEE LOG AT : ./logs/all_Lyapunov_test_dso-fn_d_all_n_01_log.txt
SpawnPoolWorker-121| 2026-06-21 23:45:11,950,950 multiprocessing INFO See log at : ./logs/all_Lyapunov_test_dso-fn_d_all_n_01_log.txt
SpawnPoolWorker-121| 2026-06-21 23:45:11,953,953 multiprocessing INFO child process calling self.run()
SpawnPoolWorker-129| 2026-06-21 23:45:12,258,258 multiprocessing INFO STARTING NEW RUN ==========
SpawnPoolWorker-129| 2026-06-21 23:45:12,258,258 multiprocessing INFO SEE LOG AT : ./logs/all_Lyapunov_test_dso-fn_d_all_n_01_log.txt
SpawnPoolWorker-129| 2026-06-21 23:45:12,258,258 multiprocessing INFO See log at : ./logs/all_Lyapunov_test_dso-fn_d_all_n_01_log.txt
SpawnPoolWorker-129| 2026-06-21 23:45:12,260,260 multiprocessing INFO child process calling self.run()
SpawnPoolWorker-134| 2026-06-21 23:45:12,527,527 multiprocessing INFO STARTING NEW RUN ==========
SpawnPoolWorker-134| 2026-06-21 23:45:12,527,527 multiprocessing INFO SEE LOG AT : ./logs/all_Lyapunov_test_dso-fn_d_all_n_01_log.txt
SpawnPoolWorker-134| 2026-06-21 23:45:12,527,527 multiprocessing INFO See log at : ./logs/all_Lyapunov_test_dso-fn_d_all_n_01_log.txt
SpawnPoolWorker-134| 2026-06-21 23:45:12,534,534 multiprocessing INFO child process calling self.run()
SpawnPoolWorker-131| 2026-06-21 23:45:12,648,648 multiprocessing INFO STARTING NEW RUN ==========
SpawnPoolWorker-131| 2026-06-21 23:45:12,648,648 multiprocessing INFO SEE LOG AT : ./logs/all_Lyapunov_test_dso-fn_d_all_n_01_log.txt
SpawnPoolWorker-131| 2026-06-21 23:45:12,648,648 multiprocessing INFO See log at : ./logs/all_Lyapunov_test_dso-fn_d_all_n_01_log.txt
SpawnPoolWorker-131| 2026-06-21 23:45:12,654,654 multiprocessing INFO child process calling self.run()
SpawnPoolWorker-130| 2026-06-21 23:45:12,892,892 multiprocessing INFO STARTING NEW RUN ==========
SpawnPoolWorker-130| 2026-06-21 23:45:12,892,892 multiprocessing INFO SEE LOG AT : ./logs/all_Lyapunov_test_dso-fn_d_all_n_01_log.txt
SpawnPoolWorker-130| 2026-06-21 23:45:12,892,892 multiprocessing INFO See log at : ./logs/all_Lyapunov_test_dso-fn_d_all_n_01_log.txt
SpawnPoolWorker-130| 2026-06-21 23:45:12,893,893 multiprocessing INFO child process calling self.run()
SpawnPoolWorker-132| 2026-06-21 23:45:12,934,934 multiprocessing INFO STARTING NEW RUN ==========
SpawnPoolWorker-132| 2026-06-21 23:45:12,934,934 multiprocessing INFO SEE LOG AT : ./logs/all_Lyapunov_test_dso-fn_d_all_n_01_log.txt
SpawnPoolWorker-132| 2026-06-21 23:45:12,934,934 multiprocessing INFO See log at : ./logs/all_Lyapunov_test_dso-fn_d_all_n_01_log.txt
SpawnPoolWorker-132| 2026-06-21 23:45:12,940,940 multiprocessing INFO child process calling self.run()
SpawnPoolWorker-124| 2026-06-21 23:45:13,345,345 multiprocessing INFO STARTING NEW RUN ==========
SpawnPoolWorker-124| 2026-06-21 23:45:13,345,345 multiprocessing INFO SEE LOG AT : ./logs/all_Lyapunov_test_dso-fn_d_all_n_01_log.txt
SpawnPoolWorker-124| 2026-06-21 23:45:13,345,345 multiprocessing INFO See log at : ./logs/all_Lyapunov_test_dso-fn_d_all_n_01_log.txt
SpawnPoolWorker-124| 2026-06-21 23:45:13,351,351 multiprocessing INFO child process calling self.run()
SpawnPoolWorker-133| 2026-06-21 23:45:13,694,694 multiprocessing INFO STARTING NEW RUN ==========
SpawnPoolWorker-133| 2026-06-21 23:45:13,694,694 multiprocessing INFO SEE LOG AT : ./logs/all_Lyapunov_test_dso-fn_d_all_n_01_log.txt
SpawnPoolWorker-133| 2026-06-21 23:45:13,694,694 multiprocessing INFO See log at : ./logs/all_Lyapunov_test_dso-fn_d_all_n_01_log.txt
SpawnPoolWorker-133| 2026-06-21 23:45:13,695,695 multiprocessing INFO child process calling self.run()
SpawnPoolWorker-125| 2026-06-21 23:46:33,278,278 multiprocessing INFO process shutting down
SpawnPoolWorker-117| 2026-06-21 23:46:33,278,278 multiprocessing INFO process shutting down
SpawnPoolWorker-133| 2026-06-21 23:46:33,278,278 multiprocessing INFO process shutting down
SpawnPoolWorker-132| 2026-06-21 23:46:33,279,279 multiprocessing INFO process shutting down
SpawnPoolWorker-114| 2026-06-21 23:46:33,279,279 multiprocessing INFO process shutting down
SpawnPoolWorker-131| 2026-06-21 23:46:33,279,279 multiprocessing INFO process shutting down
SpawnPoolWorker-128| 2026-06-21 23:46:33,279,279 multiprocessing INFO process shutting down
SpawnPoolWorker-125| 2026-06-21 23:46:33,279,279 multiprocessing INFO process exiting with exitcode 0
SpawnPoolWorker-133| 2026-06-21 23:46:33,279,279 multiprocessing INFO process exiting with exitcode 0
SpawnPoolWorker-114| 2026-06-21 23:46:33,279,279 multiprocessing INFO process exiting with exitcode 0
SpawnPoolWorker-132| 2026-06-21 23:46:33,279,279 multiprocessing INFO process exiting with exitcode 0
SpawnPoolWorker-123| 2026-06-21 23:46:33,279,279 multiprocessing INFO process shutting down
SpawnPoolWorker-134| 2026-06-21 23:46:33,279,279 multiprocessing INFO process shutting down
SpawnPoolWorker-120| 2026-06-21 23:46:33,279,279 multiprocessing INFO process shutting down
SpawnPoolWorker-123| 2026-06-21 23:46:33,280,280 multiprocessing INFO process exiting with exitcode 0
SpawnPoolWorker-134| 2026-06-21 23:46:33,280,280 multiprocessing INFO process exiting with exitcode 0
SpawnPoolWorker-120| 2026-06-21 23:46:33,280,280 multiprocessing INFO process exiting with exitcode 0
SpawnPoolWorker-130| 2026-06-21 23:46:33,280,280 multiprocessing INFO process shutting down
SpawnPoolWorker-116| 2026-06-21 23:46:33,280,280 multiprocessing INFO process shutting down
SpawnPoolWorker-126| 2026-06-21 23:46:33,280,280 multiprocessing INFO process shutting down
SpawnPoolWorker-118| 2026-06-21 23:46:33,280,280 multiprocessing INFO process shutting down
SpawnPoolWorker-113| 2026-06-21 23:46:33,280,280 multiprocessing INFO process shutting down
SpawnPoolWorker-136| 2026-06-21 23:46:33,280,280 multiprocessing INFO process shutting down
SpawnPoolWorker-122| 2026-06-21 23:46:33,280,280 multiprocessing INFO process shutting down
SpawnPoolWorker-135| 2026-06-21 23:46:33,281,281 multiprocessing INFO process shutting down
SpawnPoolWorker-129| 2026-06-21 23:46:33,281,281 multiprocessing INFO process shutting down
SpawnPoolWorker-131| 2026-06-21 23:46:33,282,282 multiprocessing INFO process exiting with exitcode 0
SpawnPoolWorker-128| 2026-06-21 23:46:33,283,283 multiprocessing INFO process exiting with exitcode 0
28
(100000, 8)
(100000,)
(100000, 8)
(100000,)

=======================Successfully Added (50000, 8) Counter Examples=======================


============None of the candidates fulfill the conditions. Training CONTINUES!=================

MainProcess| 2026-06-21 23:46:37,984,984 multiprocessing INFO 
============None of the candidates fulfill the conditions. Training CONTINUES!=================


============None of the candidates fulfill the conditions. Training CONTINUES!=================

(55, 164)
/users/9/chen8596/miniconda3/envs/alfd/lib/python3.9/site-packages/torch/nn/functional.py:4999: UserWarning: Support for mismatched key_padding_mask and attn_mask is deprecated. Use same type for both instead.
  warnings.warn(

==============Start Supervised Learning==============

MainProcess| 2026-06-21 23:46:46,604,604 multiprocessing INFO GP output mean: 0.9087053812060674
GP output mean: 0.9087053812060674
MainProcess| 2026-06-21 23:46:47,999,999 multiprocessing INFO GP output success rate: 0.0
GP output success rate: 0.0

==============End Supervised Learning==============

MainProcess| 2026-06-21 23:46:50,458,458 multiprocessing INFO [Test epoch=0004]  nevals=55050 	| train_loss=9723.98438 	| eqs_invalid %=0.00 	| r_best=0.98653 	| quantile=0.14801 	| r_quantile_mean=0.84575 	| r_raw_sum=46.79891 	|  r_raw_mean=0.82103 	| r2=nan 	| acc_iid=0.00000 	| acc_ood=0.00000 	| nmse_test=5.2803845314529436e-05 	| true_equation_set_count=0 	| s/it=428.45155
[Test epoch=0004]  nevals=55050 	| train_loss=9723.98438 	| eqs_invalid %=0.00 	| r_best=0.98653 	| quantile=0.14801 	| r_quantile_mean=0.84575 	| r_raw_sum=46.79891 	|  r_raw_mean=0.82103 	| r2=nan 	| acc_iid=0.00000 	| acc_ood=0.00000 	| nmse_test=5.2803845314529436e-05 	| true_equation_set_count=0 	| s/it=428.45155
MainProcess| 2026-06-21 23:51:31,175,175 multiprocessing INFO Genetic Porgramming Runtime 279.44392819306813
Genetic Porgramming Runtime 279.44392819306813

=========================PGD Collection Starts=========================

SpawnPoolWorker-142| 2026-06-21 23:51:36,923,923 multiprocessing INFO STARTING NEW RUN ==========
SpawnPoolWorker-142| 2026-06-21 23:51:36,923,923 multiprocessing INFO SEE LOG AT : ./logs/all_Lyapunov_test_dso-fn_d_all_n_01_log.txt
SpawnPoolWorker-142| 2026-06-21 23:51:36,923,923 multiprocessing INFO See log at : ./logs/all_Lyapunov_test_dso-fn_d_all_n_01_log.txt
SpawnPoolWorker-141| 2026-06-21 23:51:36,924,924 multiprocessing INFO STARTING NEW RUN ==========
SpawnPoolWorker-141| 2026-06-21 23:51:36,924,924 multiprocessing INFO SEE LOG AT : ./logs/all_Lyapunov_test_dso-fn_d_all_n_01_log.txt
SpawnPoolWorker-141| 2026-06-21 23:51:36,924,924 multiprocessing INFO See log at : ./logs/all_Lyapunov_test_dso-fn_d_all_n_01_log.txt
SpawnPoolWorker-141| 2026-06-21 23:51:36,927,927 multiprocessing INFO child process calling self.run()
SpawnPoolWorker-146| 2026-06-21 23:51:36,927,927 multiprocessing INFO STARTING NEW RUN ==========
SpawnPoolWorker-142| 2026-06-21 23:51:36,927,927 multiprocessing INFO child process calling self.run()
SpawnPoolWorker-146| 2026-06-21 23:51:36,929,929 multiprocessing INFO SEE LOG AT : ./logs/all_Lyapunov_test_dso-fn_d_all_n_01_log.txt
SpawnPoolWorker-146| 2026-06-21 23:51:36,929,929 multiprocessing INFO See log at : ./logs/all_Lyapunov_test_dso-fn_d_all_n_01_log.txt
SpawnPoolWorker-145| 2026-06-21 23:51:36,929,929 multiprocessing INFO STARTING NEW RUN ==========
SpawnPoolWorker-145| 2026-06-21 23:51:36,929,929 multiprocessing INFO SEE LOG AT : ./logs/all_Lyapunov_test_dso-fn_d_all_n_01_log.txt
SpawnPoolWorker-145| 2026-06-21 23:51:36,929,929 multiprocessing INFO See log at : ./logs/all_Lyapunov_test_dso-fn_d_all_n_01_log.txt
SpawnPoolWorker-143| 2026-06-21 23:51:36,930,930 multiprocessing INFO STARTING NEW RUN ==========
SpawnPoolWorker-143| 2026-06-21 23:51:36,930,930 multiprocessing INFO SEE LOG AT : ./logs/all_Lyapunov_test_dso-fn_d_all_n_01_log.txt
SpawnPoolWorker-143| 2026-06-21 23:51:36,930,930 multiprocessing INFO See log at : ./logs/all_Lyapunov_test_dso-fn_d_all_n_01_log.txt
SpawnPoolWorker-144| 2026-06-21 23:51:36,931,931 multiprocessing INFO STARTING NEW RUN ==========
SpawnPoolWorker-144| 2026-06-21 23:51:36,931,931 multiprocessing INFO SEE LOG AT : ./logs/all_Lyapunov_test_dso-fn_d_all_n_01_log.txt
SpawnPoolWorker-144| 2026-06-21 23:51:36,931,931 multiprocessing INFO See log at : ./logs/all_Lyapunov_test_dso-fn_d_all_n_01_log.txt
SpawnPoolWorker-145| 2026-06-21 23:51:36,931,931 multiprocessing INFO child process calling self.run()
SpawnPoolWorker-146| 2026-06-21 23:51:36,932,932 multiprocessing INFO child process calling self.run()
SpawnPoolWorker-140| 2026-06-21 23:51:36,932,932 multiprocessing INFO STARTING NEW RUN ==========
SpawnPoolWorker-137| 2026-06-21 23:51:36,932,932 multiprocessing INFO STARTING NEW RUN ==========
SpawnPoolWorker-140| 2026-06-21 23:51:36,932,932 multiprocessing INFO SEE LOG AT : ./logs/all_Lyapunov_test_dso-fn_d_all_n_01_log.txt
SpawnPoolWorker-137| 2026-06-21 23:51:36,932,932 multiprocessing INFO SEE LOG AT : ./logs/all_Lyapunov_test_dso-fn_d_all_n_01_log.txt
SpawnPoolWorker-140| 2026-06-21 23:51:36,932,932 multiprocessing INFO See log at : ./logs/all_Lyapunov_test_dso-fn_d_all_n_01_log.txt
SpawnPoolWorker-137| 2026-06-21 23:51:36,932,932 multiprocessing INFO See log at : ./logs/all_Lyapunov_test_dso-fn_d_all_n_01_log.txt
SpawnPoolWorker-144| 2026-06-21 23:51:36,932,932 multiprocessing INFO child process calling self.run()
SpawnPoolWorker-143| 2026-06-21 23:51:36,933,933 multiprocessing INFO child process calling self.run()
SpawnPoolWorker-137| 2026-06-21 23:51:36,934,934 multiprocessing INFO child process calling self.run()
SpawnPoolWorker-140| 2026-06-21 23:51:36,935,935 multiprocessing INFO child process calling self.run()
SpawnPoolWorker-138| 2026-06-21 23:51:36,943,943 multiprocessing INFO STARTING NEW RUN ==========
SpawnPoolWorker-138| 2026-06-21 23:51:36,943,943 multiprocessing INFO SEE LOG AT : ./logs/all_Lyapunov_test_dso-fn_d_all_n_01_log.txt
SpawnPoolWorker-138| 2026-06-21 23:51:36,943,943 multiprocessing INFO See log at : ./logs/all_Lyapunov_test_dso-fn_d_all_n_01_log.txt
SpawnPoolWorker-138| 2026-06-21 23:51:36,946,946 multiprocessing INFO child process calling self.run()
SpawnPoolWorker-139| 2026-06-21 23:51:36,994,994 multiprocessing INFO STARTING NEW RUN ==========
SpawnPoolWorker-139| 2026-06-21 23:51:36,994,994 multiprocessing INFO SEE LOG AT : ./logs/all_Lyapunov_test_dso-fn_d_all_n_01_log.txt
SpawnPoolWorker-139| 2026-06-21 23:51:36,994,994 multiprocessing INFO See log at : ./logs/all_Lyapunov_test_dso-fn_d_all_n_01_log.txt
SpawnPoolWorker-139| 2026-06-21 23:51:36,996,996 multiprocessing INFO child process calling self.run()
SpawnPoolWorker-146| 2026-06-21 23:51:58,078,78 multiprocessing INFO process shutting down
SpawnPoolWorker-145| 2026-06-21 23:51:58,077,77 multiprocessing INFO process shutting down
SpawnPoolWorker-146| 2026-06-21 23:51:58,078,78 multiprocessing INFO process exiting with exitcode 0
SpawnPoolWorker-142| 2026-06-21 23:51:58,078,78 multiprocessing INFO process shutting down
SpawnPoolWorker-141| 2026-06-21 23:51:58,078,78 multiprocessing INFO process shutting down
SpawnPoolWorker-143| 2026-06-21 23:51:58,078,78 multiprocessing INFO process shutting down
SpawnPoolWorker-145| 2026-06-21 23:51:58,078,78 multiprocessing INFO process exiting with exitcode 0
SpawnPoolWorker-141| 2026-06-21 23:51:58,078,78 multiprocessing INFO process exiting with exitcode 0
SpawnPoolWorker-137| 2026-06-21 23:51:58,078,78 multiprocessing INFO process shutting down
SpawnPoolWorker-142| 2026-06-21 23:51:58,078,78 multiprocessing INFO process exiting with exitcode 0
SpawnPoolWorker-140| 2026-06-21 23:51:58,078,78 multiprocessing INFO process shutting down
(20000,)

===================Collect 20000 Examples===================

Epsilon 0.1
500
(550,)
(550,)
(55,)
Number of Programs for Minimization: 28
SpawnPoolWorker-159| 2026-06-21 23:52:18,789,789 multiprocessing INFO STARTING NEW RUN ==========
SpawnPoolWorker-159| 2026-06-21 23:52:18,790,790 multiprocessing INFO SEE LOG AT : ./logs/all_Lyapunov_test_dso-fn_d_all_n_01_log.txt
SpawnPoolWorker-159| 2026-06-21 23:52:18,790,790 multiprocessing INFO See log at : ./logs/all_Lyapunov_test_dso-fn_d_all_n_01_log.txt
SpawnPoolWorker-159| 2026-06-21 23:52:18,791,791 multiprocessing INFO child process calling self.run()
SpawnPoolWorker-157| 2026-06-21 23:52:19,276,276 multiprocessing INFO STARTING NEW RUN ==========
SpawnPoolWorker-157| 2026-06-21 23:52:19,276,276 multiprocessing INFO SEE LOG AT : ./logs/all_Lyapunov_test_dso-fn_d_all_n_01_log.txt
SpawnPoolWorker-157| 2026-06-21 23:52:19,277,277 multiprocessing INFO See log at : ./logs/all_Lyapunov_test_dso-fn_d_all_n_01_log.txt
SpawnPoolWorker-157| 2026-06-21 23:52:19,287,287 multiprocessing INFO child process calling self.run()
SpawnPoolWorker-150| 2026-06-21 23:52:19,523,523 multiprocessing INFO STARTING NEW RUN ==========
SpawnPoolWorker-150| 2026-06-21 23:52:19,523,523 multiprocessing INFO SEE LOG AT : ./logs/all_Lyapunov_test_dso-fn_d_all_n_01_log.txt
SpawnPoolWorker-150| 2026-06-21 23:52:19,524,524 multiprocessing INFO See log at : ./logs/all_Lyapunov_test_dso-fn_d_all_n_01_log.txt
SpawnPoolWorker-150| 2026-06-21 23:52:19,528,528 multiprocessing INFO child process calling self.run()
SpawnPoolWorker-148| 2026-06-21 23:52:19,912,912 multiprocessing INFO STARTING NEW RUN ==========
SpawnPoolWorker-148| 2026-06-21 23:52:19,913,913 multiprocessing INFO SEE LOG AT : ./logs/all_Lyapunov_test_dso-fn_d_all_n_01_log.txt
SpawnPoolWorker-148| 2026-06-21 23:52:19,913,913 multiprocessing INFO See log at : ./logs/all_Lyapunov_test_dso-fn_d_all_n_01_log.txt
SpawnPoolWorker-148| 2026-06-21 23:52:19,921,921 multiprocessing INFO child process calling self.run()
SpawnPoolWorker-160| 2026-06-21 23:52:20,307,307 multiprocessing INFO STARTING NEW RUN ==========
SpawnPoolWorker-160| 2026-06-21 23:52:20,307,307 multiprocessing INFO SEE LOG AT : ./logs/all_Lyapunov_test_dso-fn_d_all_n_01_log.txt
SpawnPoolWorker-160| 2026-06-21 23:52:20,307,307 multiprocessing INFO See log at : ./logs/all_Lyapunov_test_dso-fn_d_all_n_01_log.txt
SpawnPoolWorker-160| 2026-06-21 23:52:20,314,314 multiprocessing INFO child process calling self.run()
SpawnPoolWorker-161| 2026-06-21 23:52:20,399,399 multiprocessing INFO STARTING NEW RUN ==========
SpawnPoolWorker-161| 2026-06-21 23:52:20,399,399 multiprocessing INFO SEE LOG AT : ./logs/all_Lyapunov_test_dso-fn_d_all_n_01_log.txt
SpawnPoolWorker-161| 2026-06-21 23:52:20,399,399 multiprocessing INFO See log at : ./logs/all_Lyapunov_test_dso-fn_d_all_n_01_log.txt
SpawnPoolWorker-161| 2026-06-21 23:52:20,402,402 multiprocessing INFO child process calling self.run()
SpawnPoolWorker-147| 2026-06-21 23:52:20,555,555 multiprocessing INFO STARTING NEW RUN ==========
SpawnPoolWorker-147| 2026-06-21 23:52:20,555,555 multiprocessing INFO SEE LOG AT : ./logs/all_Lyapunov_test_dso-fn_d_all_n_01_log.txt
SpawnPoolWorker-147| 2026-06-21 23:52:20,555,555 multiprocessing INFO See log at : ./logs/all_Lyapunov_test_dso-fn_d_all_n_01_log.txt
SpawnPoolWorker-147| 2026-06-21 23:52:20,561,561 multiprocessing INFO child process calling self.run()
SpawnPoolWorker-151| 2026-06-21 23:52:20,593,593 multiprocessing INFO STARTING NEW RUN ==========
SpawnPoolWorker-151| 2026-06-21 23:52:20,594,594 multiprocessing INFO SEE LOG AT : ./logs/all_Lyapunov_test_dso-fn_d_all_n_01_log.txt
SpawnPoolWorker-151| 2026-06-21 23:52:20,594,594 multiprocessing INFO See log at : ./logs/all_Lyapunov_test_dso-fn_d_all_n_01_log.txt
SpawnPoolWorker-151| 2026-06-21 23:52:20,599,599 multiprocessing INFO child process calling self.run()
SpawnPoolWorker-163| 2026-06-21 23:52:21,472,472 multiprocessing INFO STARTING NEW RUN ==========
SpawnPoolWorker-163| 2026-06-21 23:52:21,472,472 multiprocessing INFO SEE LOG AT : ./logs/all_Lyapunov_test_dso-fn_d_all_n_01_log.txt
SpawnPoolWorker-163| 2026-06-21 23:52:21,472,472 multiprocessing INFO See log at : ./logs/all_Lyapunov_test_dso-fn_d_all_n_01_log.txt
SpawnPoolWorker-163| 2026-06-21 23:52:21,478,478 multiprocessing INFO child process calling self.run()
SpawnPoolWorker-158| 2026-06-21 23:52:21,505,505 multiprocessing INFO STARTING NEW RUN ==========
SpawnPoolWorker-158| 2026-06-21 23:52:21,506,506 multiprocessing INFO SEE LOG AT : ./logs/all_Lyapunov_test_dso-fn_d_all_n_01_log.txt
SpawnPoolWorker-158| 2026-06-21 23:52:21,506,506 multiprocessing INFO See log at : ./logs/all_Lyapunov_test_dso-fn_d_all_n_01_log.txt
SpawnPoolWorker-158| 2026-06-21 23:52:21,511,511 multiprocessing INFO child process calling self.run()
SpawnPoolWorker-154| 2026-06-21 23:52:21,593,593 multiprocessing INFO STARTING NEW RUN ==========
SpawnPoolWorker-154| 2026-06-21 23:52:21,594,594 multiprocessing INFO SEE LOG AT : ./logs/all_Lyapunov_test_dso-fn_d_all_n_01_log.txt
SpawnPoolWorker-154| 2026-06-21 23:52:21,594,594 multiprocessing INFO See log at : ./logs/all_Lyapunov_test_dso-fn_d_all_n_01_log.txt
SpawnPoolWorker-154| 2026-06-21 23:52:21,598,598 multiprocessing INFO child process calling self.run()
SpawnPoolWorker-168| 2026-06-21 23:52:21,728,728 multiprocessing INFO STARTING NEW RUN ==========
SpawnPoolWorker-168| 2026-06-21 23:52:21,729,729 multiprocessing INFO SEE LOG AT : ./logs/all_Lyapunov_test_dso-fn_d_all_n_01_log.txt
SpawnPoolWorker-168| 2026-06-21 23:52:21,729,729 multiprocessing INFO See log at : ./logs/all_Lyapunov_test_dso-fn_d_all_n_01_log.txt
SpawnPoolWorker-168| 2026-06-21 23:52:21,732,732 multiprocessing INFO child process calling self.run()
SpawnPoolWorker-153| 2026-06-21 23:52:21,923,923 multiprocessing INFO STARTING NEW RUN ==========
SpawnPoolWorker-153| 2026-06-21 23:52:21,924,924 multiprocessing INFO SEE LOG AT : ./logs/all_Lyapunov_test_dso-fn_d_all_n_01_log.txt
SpawnPoolWorker-153| 2026-06-21 23:52:21,924,924 multiprocessing INFO See log at : ./logs/all_Lyapunov_test_dso-fn_d_all_n_01_log.txt
SpawnPoolWorker-153| 2026-06-21 23:52:21,933,933 multiprocessing INFO child process calling self.run()
SpawnPoolWorker-156| 2026-06-21 23:52:21,999,999 multiprocessing INFO STARTING NEW RUN ==========
SpawnPoolWorker-156| 2026-06-21 23:52:21,999,999 multiprocessing INFO SEE LOG AT : ./logs/all_Lyapunov_test_dso-fn_d_all_n_01_log.txt
SpawnPoolWorker-156| 2026-06-21 23:52:21,999,999 multiprocessing INFO See log at : ./logs/all_Lyapunov_test_dso-fn_d_all_n_01_log.txt
SpawnPoolWorker-156| 2026-06-21 23:52:22,006,6 multiprocessing INFO child process calling self.run()
SpawnPoolWorker-167| 2026-06-21 23:52:22,044,44 multiprocessing INFO STARTING NEW RUN ==========
SpawnPoolWorker-167| 2026-06-21 23:52:22,044,44 multiprocessing INFO SEE LOG AT : ./logs/all_Lyapunov_test_dso-fn_d_all_n_01_log.txt
SpawnPoolWorker-167| 2026-06-21 23:52:22,044,44 multiprocessing INFO See log at : ./logs/all_Lyapunov_test_dso-fn_d_all_n_01_log.txt
SpawnPoolWorker-167| 2026-06-21 23:52:22,052,52 multiprocessing INFO child process calling self.run()
SpawnPoolWorker-162| 2026-06-21 23:52:22,130,130 multiprocessing INFO STARTING NEW RUN ==========
SpawnPoolWorker-162| 2026-06-21 23:52:22,130,130 multiprocessing INFO SEE LOG AT : ./logs/all_Lyapunov_test_dso-fn_d_all_n_01_log.txt
SpawnPoolWorker-162| 2026-06-21 23:52:22,130,130 multiprocessing INFO See log at : ./logs/all_Lyapunov_test_dso-fn_d_all_n_01_log.txt
SpawnPoolWorker-162| 2026-06-21 23:52:22,132,132 multiprocessing INFO child process calling self.run()
SpawnPoolWorker-152| 2026-06-21 23:52:22,288,288 multiprocessing INFO STARTING NEW RUN ==========
SpawnPoolWorker-152| 2026-06-21 23:52:22,288,288 multiprocessing INFO SEE LOG AT : ./logs/all_Lyapunov_test_dso-fn_d_all_n_01_log.txt
SpawnPoolWorker-152| 2026-06-21 23:52:22,288,288 multiprocessing INFO See log at : ./logs/all_Lyapunov_test_dso-fn_d_all_n_01_log.txt
SpawnPoolWorker-152| 2026-06-21 23:52:22,307,307 multiprocessing INFO child process calling self.run()
SpawnPoolWorker-164| 2026-06-21 23:52:22,394,394 multiprocessing INFO STARTING NEW RUN ==========
SpawnPoolWorker-164| 2026-06-21 23:52:22,395,395 multiprocessing INFO SEE LOG AT : ./logs/all_Lyapunov_test_dso-fn_d_all_n_01_log.txt
SpawnPoolWorker-164| 2026-06-21 23:52:22,395,395 multiprocessing INFO See log at : ./logs/all_Lyapunov_test_dso-fn_d_all_n_01_log.txt
SpawnPoolWorker-164| 2026-06-21 23:52:22,401,401 multiprocessing INFO child process calling self.run()
SpawnPoolWorker-170| 2026-06-21 23:52:22,635,635 multiprocessing INFO STARTING NEW RUN ==========
SpawnPoolWorker-170| 2026-06-21 23:52:22,635,635 multiprocessing INFO SEE LOG AT : ./logs/all_Lyapunov_test_dso-fn_d_all_n_01_log.txt
SpawnPoolWorker-170| 2026-06-21 23:52:22,635,635 multiprocessing INFO See log at : ./logs/all_Lyapunov_test_dso-fn_d_all_n_01_log.txt
SpawnPoolWorker-170| 2026-06-21 23:52:22,641,641 multiprocessing INFO child process calling self.run()
SpawnPoolWorker-149| 2026-06-21 23:52:22,736,736 multiprocessing INFO STARTING NEW RUN ==========
SpawnPoolWorker-149| 2026-06-21 23:52:22,736,736 multiprocessing INFO SEE LOG AT : ./logs/all_Lyapunov_test_dso-fn_d_all_n_01_log.txt
SpawnPoolWorker-149| 2026-06-21 23:52:22,736,736 multiprocessing INFO See log at : ./logs/all_Lyapunov_test_dso-fn_d_all_n_01_log.txt
SpawnPoolWorker-149| 2026-06-21 23:52:22,745,745 multiprocessing INFO child process calling self.run()
SpawnPoolWorker-169| 2026-06-21 23:52:22,967,967 multiprocessing INFO STARTING NEW RUN ==========
SpawnPoolWorker-169| 2026-06-21 23:52:22,967,967 multiprocessing INFO SEE LOG AT : ./logs/all_Lyapunov_test_dso-fn_d_all_n_01_log.txt
SpawnPoolWorker-169| 2026-06-21 23:52:22,967,967 multiprocessing INFO See log at : ./logs/all_Lyapunov_test_dso-fn_d_all_n_01_log.txt
SpawnPoolWorker-169| 2026-06-21 23:52:22,978,978 multiprocessing INFO child process calling self.run()
SpawnPoolWorker-166| 2026-06-21 23:52:23,138,138 multiprocessing INFO STARTING NEW RUN ==========
SpawnPoolWorker-166| 2026-06-21 23:52:23,138,138 multiprocessing INFO SEE LOG AT : ./logs/all_Lyapunov_test_dso-fn_d_all_n_01_log.txt
SpawnPoolWorker-166| 2026-06-21 23:52:23,138,138 multiprocessing INFO See log at : ./logs/all_Lyapunov_test_dso-fn_d_all_n_01_log.txt
SpawnPoolWorker-166| 2026-06-21 23:52:23,149,149 multiprocessing INFO child process calling self.run()
SpawnPoolWorker-165| 2026-06-21 23:52:23,865,865 multiprocessing INFO STARTING NEW RUN ==========
SpawnPoolWorker-165| 2026-06-21 23:52:23,865,865 multiprocessing INFO SEE LOG AT : ./logs/all_Lyapunov_test_dso-fn_d_all_n_01_log.txt
SpawnPoolWorker-165| 2026-06-21 23:52:23,865,865 multiprocessing INFO See log at : ./logs/all_Lyapunov_test_dso-fn_d_all_n_01_log.txt
SpawnPoolWorker-165| 2026-06-21 23:52:23,867,867 multiprocessing INFO child process calling self.run()
SpawnPoolWorker-155| 2026-06-21 23:52:24,129,129 multiprocessing INFO STARTING NEW RUN ==========
SpawnPoolWorker-155| 2026-06-21 23:52:24,129,129 multiprocessing INFO SEE LOG AT : ./logs/all_Lyapunov_test_dso-fn_d_all_n_01_log.txt
SpawnPoolWorker-155| 2026-06-21 23:52:24,129,129 multiprocessing INFO See log at : ./logs/all_Lyapunov_test_dso-fn_d_all_n_01_log.txt
SpawnPoolWorker-155| 2026-06-21 23:52:24,131,131 multiprocessing INFO child process calling self.run()
SpawnPoolWorker-151| 2026-06-21 23:53:33,879,879 multiprocessing INFO process shutting down
SpawnPoolWorker-161| 2026-06-21 23:53:33,879,879 multiprocessing INFO process shutting down
SpawnPoolWorker-164| 2026-06-21 23:53:33,880,880 multiprocessing INFO process shutting down
SpawnPoolWorker-161| 2026-06-21 23:53:33,880,880 multiprocessing INFO process exiting with exitcode 0
SpawnPoolWorker-151| 2026-06-21 23:53:33,880,880 multiprocessing INFO process exiting with exitcode 0
SpawnPoolWorker-167| 2026-06-21 23:53:33,880,880 multiprocessing INFO process shutting down
SpawnPoolWorker-162| 2026-06-21 23:53:33,880,880 multiprocessing INFO process shutting down
SpawnPoolWorker-164| 2026-06-21 23:53:33,880,880 multiprocessing INFO process exiting with exitcode 0
SpawnPoolWorker-166| 2026-06-21 23:53:33,880,880 multiprocessing INFO process shutting down
SpawnPoolWorker-170| 2026-06-21 23:53:33,880,880 multiprocessing INFO process shutting down
SpawnPoolWorker-167| 2026-06-21 23:53:33,880,880 multiprocessing INFO process exiting with exitcode 0
SpawnPoolWorker-162| 2026-06-21 23:53:33,880,880 multiprocessing INFO process exiting with exitcode 0
SpawnPoolWorker-166| 2026-06-21 23:53:33,880,880 multiprocessing INFO process exiting with exitcode 0
SpawnPoolWorker-170| 2026-06-21 23:53:33,880,880 multiprocessing INFO process exiting with exitcode 0
SpawnPoolWorker-154| 2026-06-21 23:53:33,881,881 multiprocessing INFO process shutting down
SpawnPoolWorker-165| 2026-06-21 23:53:33,881,881 multiprocessing INFO process shutting down
SpawnPoolWorker-163| 2026-06-21 23:53:33,881,881 multiprocessing INFO process shutting down
SpawnPoolWorker-169| 2026-06-21 23:53:33,881,881 multiprocessing INFO process shutting down
SpawnPoolWorker-157| 2026-06-21 23:53:33,881,881 multiprocessing INFO process shutting down
SpawnPoolWorker-168| 2026-06-21 23:53:33,881,881 multiprocessing INFO process shutting down
SpawnPoolWorker-153| 2026-06-21 23:53:33,881,881 multiprocessing INFO process shutting down
SpawnPoolWorker-147| 2026-06-21 23:53:33,881,881 multiprocessing INFO process shutting down
SpawnPoolWorker-152| 2026-06-21 23:53:33,881,881 multiprocessing INFO process shutting down
SpawnPoolWorker-158| 2026-06-21 23:53:33,882,882 multiprocessing INFO process shutting down
SpawnPoolWorker-152| 2026-06-21 23:53:33,882,882 multiprocessing INFO process exiting with exitcode 0
SpawnPoolWorker-158| 2026-06-21 23:53:33,882,882 multiprocessing INFO process exiting with exitcode 0
SpawnPoolWorker-160| 2026-06-21 23:53:33,882,882 multiprocessing INFO process shutting down
SpawnPoolWorker-150| 2026-06-21 23:53:33,882,882 multiprocessing INFO process shutting down
SpawnPoolWorker-159| 2026-06-21 23:53:33,883,883 multiprocessing INFO process shutting down
SpawnPoolWorker-148| 2026-06-21 23:53:33,882,882 multiprocessing INFO process shutting down
SpawnPoolWorker-149| 2026-06-21 23:53:33,883,883 multiprocessing INFO process shutting down
SpawnPoolWorker-154| 2026-06-21 23:53:33,883,883 multiprocessing INFO process exiting with exitcode 0
SpawnPoolWorker-165| 2026-06-21 23:53:33,883,883 multiprocessing INFO process exiting with exitcode 0
SpawnPoolWorker-163| 2026-06-21 23:53:33,883,883 multiprocessing INFO process exiting with exitcode 0
SpawnPoolWorker-155| 2026-06-21 23:53:33,884,884 multiprocessing INFO process shutting down
28
(100000, 8)
(100000,)
(100000, 8)
(100000,)

=======================Successfully Added (50000, 8) Counter Examples=======================


============None of the candidates fulfill the conditions. Training CONTINUES!=================

MainProcess| 2026-06-21 23:53:39,776,776 multiprocessing INFO 
============None of the candidates fulfill the conditions. Training CONTINUES!=================


============None of the candidates fulfill the conditions. Training CONTINUES!=================

(55, 164)
/users/9/chen8596/miniconda3/envs/alfd/lib/python3.9/site-packages/torch/nn/functional.py:4999: UserWarning: Support for mismatched key_padding_mask and attn_mask is deprecated. Use same type for both instead.
  warnings.warn(

==============Start Supervised Learning==============

MainProcess| 2026-06-21 23:53:48,216,216 multiprocessing INFO GP output mean: 0.8992831256564863
GP output mean: 0.8992831256564863
MainProcess| 2026-06-21 23:53:49,378,378 multiprocessing INFO GP output success rate: 0.0
GP output success rate: 0.0

==============End Supervised Learning==============

MainProcess| 2026-06-21 23:53:51,852,852 multiprocessing INFO [Test epoch=0005]  nevals=68799 	| train_loss=7692.14844 	| eqs_invalid %=0.00 	| r_best=0.98653 	| quantile=0.80647 	| r_quantile_mean=0.91217 	| r_raw_sum=52.60319 	|  r_raw_mean=0.80928 	| r2=nan 	| acc_iid=0.00000 	| acc_ood=0.00000 	| nmse_test=5.2803845314529436e-05 	| true_equation_set_count=0 	| s/it=421.39395
[Test epoch=0005]  nevals=68799 	| train_loss=7692.14844 	| eqs_invalid %=0.00 	| r_best=0.98653 	| quantile=0.80647 	| r_quantile_mean=0.91217 	| r_raw_sum=52.60319 	|  r_raw_mean=0.80928 	| r2=nan 	| acc_iid=0.00000 	| acc_ood=0.00000 	| nmse_test=5.2803845314529436e-05 	| true_equation_set_count=0 	| s/it=421.39395
MainProcess| 2026-06-21 23:53:51,853,853 multiprocessing INFO [00:00:51:27.81] Training epoch 5/4000, current best R: 0.9865
[00:00:51:27.81] Training epoch 5/4000, current best R: 0.9865
MainProcess| 2026-06-21 23:57:36,706,706 multiprocessing INFO Genetic Porgramming Runtime 223.58829992287792
Genetic Porgramming Runtime 223.58829992287792

=========================PGD Collection Starts=========================

SpawnPoolWorker-172| 2026-06-21 23:57:43,145,145 multiprocessing INFO STARTING NEW RUN ==========
SpawnPoolWorker-172| 2026-06-21 23:57:43,145,145 multiprocessing INFO SEE LOG AT : ./logs/all_Lyapunov_test_dso-fn_d_all_n_01_log.txt
SpawnPoolWorker-172| 2026-06-21 23:57:43,145,145 multiprocessing INFO See log at : ./logs/all_Lyapunov_test_dso-fn_d_all_n_01_log.txt
SpawnPoolWorker-176| 2026-06-21 23:57:43,146,146 multiprocessing INFO STARTING NEW RUN ==========
SpawnPoolWorker-178| 2026-06-21 23:57:43,146,146 multiprocessing INFO STARTING NEW RUN ==========
SpawnPoolWorker-176| 2026-06-21 23:57:43,146,146 multiprocessing INFO SEE LOG AT : ./logs/all_Lyapunov_test_dso-fn_d_all_n_01_log.txt
SpawnPoolWorker-178| 2026-06-21 23:57:43,146,146 multiprocessing INFO SEE LOG AT : ./logs/all_Lyapunov_test_dso-fn_d_all_n_01_log.txt
SpawnPoolWorker-177| 2026-06-21 23:57:43,146,146 multiprocessing INFO STARTING NEW RUN ==========
SpawnPoolWorker-176| 2026-06-21 23:57:43,146,146 multiprocessing INFO See log at : ./logs/all_Lyapunov_test_dso-fn_d_all_n_01_log.txt
SpawnPoolWorker-178| 2026-06-21 23:57:43,146,146 multiprocessing INFO See log at : ./logs/all_Lyapunov_test_dso-fn_d_all_n_01_log.txt
SpawnPoolWorker-177| 2026-06-21 23:57:43,146,146 multiprocessing INFO SEE LOG AT : ./logs/all_Lyapunov_test_dso-fn_d_all_n_01_log.txt
SpawnPoolWorker-177| 2026-06-21 23:57:43,146,146 multiprocessing INFO See log at : ./logs/all_Lyapunov_test_dso-fn_d_all_n_01_log.txt
SpawnPoolWorker-172| 2026-06-21 23:57:43,148,148 multiprocessing INFO child process calling self.run()
SpawnPoolWorker-179| 2026-06-21 23:57:43,148,148 multiprocessing INFO STARTING NEW RUN ==========
SpawnPoolWorker-179| 2026-06-21 23:57:43,148,148 multiprocessing INFO SEE LOG AT : ./logs/all_Lyapunov_test_dso-fn_d_all_n_01_log.txt
SpawnPoolWorker-179| 2026-06-21 23:57:43,148,148 multiprocessing INFO See log at : ./logs/all_Lyapunov_test_dso-fn_d_all_n_01_log.txt
SpawnPoolWorker-178| 2026-06-21 23:57:43,148,148 multiprocessing INFO child process calling self.run()
SpawnPoolWorker-177| 2026-06-21 23:57:43,149,149 multiprocessing INFO child process calling self.run()
SpawnPoolWorker-176| 2026-06-21 23:57:43,149,149 multiprocessing INFO child process calling self.run()
SpawnPoolWorker-179| 2026-06-21 23:57:43,149,149 multiprocessing INFO child process calling self.run()
SpawnPoolWorker-171| 2026-06-21 23:57:43,150,150 multiprocessing INFO STARTING NEW RUN ==========
SpawnPoolWorker-174| 2026-06-21 23:57:43,150,150 multiprocessing INFO STARTING NEW RUN ==========
SpawnPoolWorker-171| 2026-06-21 23:57:43,151,151 multiprocessing INFO SEE LOG AT : ./logs/all_Lyapunov_test_dso-fn_d_all_n_01_log.txt
SpawnPoolWorker-174| 2026-06-21 23:57:43,151,151 multiprocessing INFO SEE LOG AT : ./logs/all_Lyapunov_test_dso-fn_d_all_n_01_log.txt
SpawnPoolWorker-171| 2026-06-21 23:57:43,151,151 multiprocessing INFO See log at : ./logs/all_Lyapunov_test_dso-fn_d_all_n_01_log.txt
SpawnPoolWorker-174| 2026-06-21 23:57:43,151,151 multiprocessing INFO See log at : ./logs/all_Lyapunov_test_dso-fn_d_all_n_01_log.txt
SpawnPoolWorker-171| 2026-06-21 23:57:43,153,153 multiprocessing INFO child process calling self.run()
SpawnPoolWorker-174| 2026-06-21 23:57:43,153,153 multiprocessing INFO child process calling self.run()
SpawnPoolWorker-175| 2026-06-21 23:57:43,153,153 multiprocessing INFO STARTING NEW RUN ==========
SpawnPoolWorker-175| 2026-06-21 23:57:43,154,154 multiprocessing INFO SEE LOG AT : ./logs/all_Lyapunov_test_dso-fn_d_all_n_01_log.txt
SpawnPoolWorker-175| 2026-06-21 23:57:43,154,154 multiprocessing INFO See log at : ./logs/all_Lyapunov_test_dso-fn_d_all_n_01_log.txt
SpawnPoolWorker-180| 2026-06-21 23:57:43,154,154 multiprocessing INFO STARTING NEW RUN ==========
SpawnPoolWorker-180| 2026-06-21 23:57:43,154,154 multiprocessing INFO SEE LOG AT : ./logs/all_Lyapunov_test_dso-fn_d_all_n_01_log.txt
SpawnPoolWorker-180| 2026-06-21 23:57:43,154,154 multiprocessing INFO See log at : ./logs/all_Lyapunov_test_dso-fn_d_all_n_01_log.txt
SpawnPoolWorker-175| 2026-06-21 23:57:43,156,156 multiprocessing INFO child process calling self.run()
SpawnPoolWorker-180| 2026-06-21 23:57:43,156,156 multiprocessing INFO child process calling self.run()
SpawnPoolWorker-173| 2026-06-21 23:57:43,162,162 multiprocessing INFO STARTING NEW RUN ==========
SpawnPoolWorker-173| 2026-06-21 23:57:43,162,162 multiprocessing INFO SEE LOG AT : ./logs/all_Lyapunov_test_dso-fn_d_all_n_01_log.txt
SpawnPoolWorker-173| 2026-06-21 23:57:43,162,162 multiprocessing INFO See log at : ./logs/all_Lyapunov_test_dso-fn_d_all_n_01_log.txt
SpawnPoolWorker-173| 2026-06-21 23:57:43,164,164 multiprocessing INFO child process calling self.run()
SpawnPoolWorker-178| 2026-06-21 23:58:01,709,709 multiprocessing INFO process shutting down
SpawnPoolWorker-177| 2026-06-21 23:58:01,710,710 multiprocessing INFO process shutting down
SpawnPoolWorker-178| 2026-06-21 23:58:01,710,710 multiprocessing INFO process exiting with exitcode 0
SpawnPoolWorker-175| 2026-06-21 23:58:01,710,710 multiprocessing INFO process shutting down
SpawnPoolWorker-173| 2026-06-21 23:58:01,710,710 multiprocessing INFO process shutting down
SpawnPoolWorker-177| 2026-06-21 23:58:01,710,710 multiprocessing INFO process exiting with exitcode 0
SpawnPoolWorker-174| 2026-06-21 23:58:01,710,710 multiprocessing INFO process shutting down
SpawnPoolWorker-179| 2026-06-21 23:58:01,710,710 multiprocessing INFO process shutting down
SpawnPoolWorker-173| 2026-06-21 23:58:01,710,710 multiprocessing INFO process exiting with exitcode 0
SpawnPoolWorker-175| 2026-06-21 23:58:01,710,710 multiprocessing INFO process exiting with exitcode 0
SpawnPoolWorker-176| 2026-06-21 23:58:01,710,710 multiprocessing INFO process shutting down
SpawnPoolWorker-174| 2026-06-21 23:58:01,710,710 multiprocessing INFO process exiting with exitcode 0
SpawnPoolWorker-179| 2026-06-21 23:58:01,710,710 multiprocessing INFO process exiting with exitcode 0
SpawnPoolWorker-176| 2026-06-21 23:58:01,710,710 multiprocessing INFO process exiting with exitcode 0
(20000,)

===================Collect 20000 Examples===================

Epsilon 0.1
500
(550,)
(550,)
(55,)
Number of Programs for Minimization: 28
SpawnPoolWorker-189| 2026-06-21 23:58:22,274,274 multiprocessing INFO STARTING NEW RUN ==========
SpawnPoolWorker-189| 2026-06-21 23:58:22,274,274 multiprocessing INFO SEE LOG AT : ./logs/all_Lyapunov_test_dso-fn_d_all_n_01_log.txt
SpawnPoolWorker-189| 2026-06-21 23:58:22,274,274 multiprocessing INFO See log at : ./logs/all_Lyapunov_test_dso-fn_d_all_n_01_log.txt
SpawnPoolWorker-189| 2026-06-21 23:58:22,277,277 multiprocessing INFO child process calling self.run()
SpawnPoolWorker-182| 2026-06-21 23:58:22,391,391 multiprocessing INFO STARTING NEW RUN ==========
SpawnPoolWorker-182| 2026-06-21 23:58:22,392,392 multiprocessing INFO SEE LOG AT : ./logs/all_Lyapunov_test_dso-fn_d_all_n_01_log.txt
SpawnPoolWorker-182| 2026-06-21 23:58:22,392,392 multiprocessing INFO See log at : ./logs/all_Lyapunov_test_dso-fn_d_all_n_01_log.txt
SpawnPoolWorker-182| 2026-06-21 23:58:22,399,399 multiprocessing INFO child process calling self.run()
SpawnPoolWorker-190| 2026-06-21 23:58:22,602,602 multiprocessing INFO STARTING NEW RUN ==========
SpawnPoolWorker-190| 2026-06-21 23:58:22,603,603 multiprocessing INFO SEE LOG AT : ./logs/all_Lyapunov_test_dso-fn_d_all_n_01_log.txt
SpawnPoolWorker-190| 2026-06-21 23:58:22,603,603 multiprocessing INFO See log at : ./logs/all_Lyapunov_test_dso-fn_d_all_n_01_log.txt
SpawnPoolWorker-190| 2026-06-21 23:58:22,607,607 multiprocessing INFO child process calling self.run()
SpawnPoolWorker-183| 2026-06-21 23:58:22,906,906 multiprocessing INFO STARTING NEW RUN ==========
SpawnPoolWorker-183| 2026-06-21 23:58:22,906,906 multiprocessing INFO SEE LOG AT : ./logs/all_Lyapunov_test_dso-fn_d_all_n_01_log.txt
SpawnPoolWorker-183| 2026-06-21 23:58:22,906,906 multiprocessing INFO See log at : ./logs/all_Lyapunov_test_dso-fn_d_all_n_01_log.txt
SpawnPoolWorker-183| 2026-06-21 23:58:22,908,908 multiprocessing INFO child process calling self.run()
SpawnPoolWorker-199| 2026-06-21 23:58:22,968,968 multiprocessing INFO STARTING NEW RUN ==========
SpawnPoolWorker-199| 2026-06-21 23:58:22,969,969 multiprocessing INFO SEE LOG AT : ./logs/all_Lyapunov_test_dso-fn_d_all_n_01_log.txt
SpawnPoolWorker-199| 2026-06-21 23:58:22,969,969 multiprocessing INFO See log at : ./logs/all_Lyapunov_test_dso-fn_d_all_n_01_log.txt
SpawnPoolWorker-199| 2026-06-21 23:58:22,972,972 multiprocessing INFO child process calling self.run()
SpawnPoolWorker-185| 2026-06-21 23:58:23,274,274 multiprocessing INFO STARTING NEW RUN ==========
SpawnPoolWorker-185| 2026-06-21 23:58:23,275,275 multiprocessing INFO SEE LOG AT : ./logs/all_Lyapunov_test_dso-fn_d_all_n_01_log.txt
SpawnPoolWorker-185| 2026-06-21 23:58:23,275,275 multiprocessing INFO See log at : ./logs/all_Lyapunov_test_dso-fn_d_all_n_01_log.txt
SpawnPoolWorker-185| 2026-06-21 23:58:23,276,276 multiprocessing INFO child process calling self.run()
SpawnPoolWorker-184| 2026-06-21 23:58:23,480,480 multiprocessing INFO STARTING NEW RUN ==========
SpawnPoolWorker-184| 2026-06-21 23:58:23,480,480 multiprocessing INFO SEE LOG AT : ./logs/all_Lyapunov_test_dso-fn_d_all_n_01_log.txt
SpawnPoolWorker-184| 2026-06-21 23:58:23,480,480 multiprocessing INFO See log at : ./logs/all_Lyapunov_test_dso-fn_d_all_n_01_log.txt
SpawnPoolWorker-184| 2026-06-21 23:58:23,487,487 multiprocessing INFO child process calling self.run()
SpawnPoolWorker-195| 2026-06-21 23:58:23,545,545 multiprocessing INFO STARTING NEW RUN ==========
SpawnPoolWorker-195| 2026-06-21 23:58:23,545,545 multiprocessing INFO SEE LOG AT : ./logs/all_Lyapunov_test_dso-fn_d_all_n_01_log.txt
SpawnPoolWorker-195| 2026-06-21 23:58:23,546,546 multiprocessing INFO See log at : ./logs/all_Lyapunov_test_dso-fn_d_all_n_01_log.txt
SpawnPoolWorker-195| 2026-06-21 23:58:23,548,548 multiprocessing INFO child process calling self.run()
SpawnPoolWorker-191| 2026-06-21 23:58:23,564,564 multiprocessing INFO STARTING NEW RUN ==========
SpawnPoolWorker-191| 2026-06-21 23:58:23,564,564 multiprocessing INFO SEE LOG AT : ./logs/all_Lyapunov_test_dso-fn_d_all_n_01_log.txt
SpawnPoolWorker-191| 2026-06-21 23:58:23,564,564 multiprocessing INFO See log at : ./logs/all_Lyapunov_test_dso-fn_d_all_n_01_log.txt
SpawnPoolWorker-191| 2026-06-21 23:58:23,570,570 multiprocessing INFO child process calling self.run()
SpawnPoolWorker-188| 2026-06-21 23:58:23,724,724 multiprocessing INFO STARTING NEW RUN ==========
SpawnPoolWorker-188| 2026-06-21 23:58:23,724,724 multiprocessing INFO SEE LOG AT : ./logs/all_Lyapunov_test_dso-fn_d_all_n_01_log.txt
SpawnPoolWorker-188| 2026-06-21 23:58:23,724,724 multiprocessing INFO See log at : ./logs/all_Lyapunov_test_dso-fn_d_all_n_01_log.txt
SpawnPoolWorker-188| 2026-06-21 23:58:23,728,728 multiprocessing INFO child process calling self.run()
SpawnPoolWorker-202| 2026-06-21 23:58:23,819,819 multiprocessing INFO STARTING NEW RUN ==========
SpawnPoolWorker-202| 2026-06-21 23:58:23,819,819 multiprocessing INFO SEE LOG AT : ./logs/all_Lyapunov_test_dso-fn_d_all_n_01_log.txt
SpawnPoolWorker-202| 2026-06-21 23:58:23,819,819 multiprocessing INFO See log at : ./logs/all_Lyapunov_test_dso-fn_d_all_n_01_log.txt
SpawnPoolWorker-202| 2026-06-21 23:58:23,822,822 multiprocessing INFO child process calling self.run()
SpawnPoolWorker-187| 2026-06-21 23:58:23,925,925 multiprocessing INFO STARTING NEW RUN ==========
SpawnPoolWorker-187| 2026-06-21 23:58:23,925,925 multiprocessing INFO SEE LOG AT : ./logs/all_Lyapunov_test_dso-fn_d_all_n_01_log.txt
SpawnPoolWorker-187| 2026-06-21 23:58:23,925,925 multiprocessing INFO See log at : ./logs/all_Lyapunov_test_dso-fn_d_all_n_01_log.txt
SpawnPoolWorker-187| 2026-06-21 23:58:23,936,936 multiprocessing INFO child process calling self.run()
SpawnPoolWorker-194| 2026-06-21 23:58:23,993,993 multiprocessing INFO STARTING NEW RUN ==========
SpawnPoolWorker-194| 2026-06-21 23:58:23,993,993 multiprocessing INFO SEE LOG AT : ./logs/all_Lyapunov_test_dso-fn_d_all_n_01_log.txt
SpawnPoolWorker-194| 2026-06-21 23:58:23,993,993 multiprocessing INFO See log at : ./logs/all_Lyapunov_test_dso-fn_d_all_n_01_log.txt
SpawnPoolWorker-194| 2026-06-21 23:58:23,998,998 multiprocessing INFO child process calling self.run()
SpawnPoolWorker-186| 2026-06-21 23:58:24,032,32 multiprocessing INFO STARTING NEW RUN ==========
SpawnPoolWorker-186| 2026-06-21 23:58:24,032,32 multiprocessing INFO SEE LOG AT : ./logs/all_Lyapunov_test_dso-fn_d_all_n_01_log.txt
SpawnPoolWorker-186| 2026-06-21 23:58:24,032,32 multiprocessing INFO See log at : ./logs/all_Lyapunov_test_dso-fn_d_all_n_01_log.txt
SpawnPoolWorker-186| 2026-06-21 23:58:24,035,35 multiprocessing INFO child process calling self.run()
SpawnPoolWorker-200| 2026-06-21 23:58:24,096,96 multiprocessing INFO STARTING NEW RUN ==========
SpawnPoolWorker-200| 2026-06-21 23:58:24,096,96 multiprocessing INFO SEE LOG AT : ./logs/all_Lyapunov_test_dso-fn_d_all_n_01_log.txt
SpawnPoolWorker-200| 2026-06-21 23:58:24,096,96 multiprocessing INFO See log at : ./logs/all_Lyapunov_test_dso-fn_d_all_n_01_log.txt
SpawnPoolWorker-200| 2026-06-21 23:58:24,102,102 multiprocessing INFO child process calling self.run()
SpawnPoolWorker-198| 2026-06-21 23:58:24,256,256 multiprocessing INFO STARTING NEW RUN ==========
SpawnPoolWorker-198| 2026-06-21 23:58:24,256,256 multiprocessing INFO SEE LOG AT : ./logs/all_Lyapunov_test_dso-fn_d_all_n_01_log.txt
SpawnPoolWorker-198| 2026-06-21 23:58:24,256,256 multiprocessing INFO See log at : ./logs/all_Lyapunov_test_dso-fn_d_all_n_01_log.txt
SpawnPoolWorker-192| 2026-06-21 23:58:24,257,257 multiprocessing INFO STARTING NEW RUN ==========
SpawnPoolWorker-192| 2026-06-21 23:58:24,257,257 multiprocessing INFO SEE LOG AT : ./logs/all_Lyapunov_test_dso-fn_d_all_n_01_log.txt
SpawnPoolWorker-192| 2026-06-21 23:58:24,257,257 multiprocessing INFO See log at : ./logs/all_Lyapunov_test_dso-fn_d_all_n_01_log.txt
SpawnPoolWorker-198| 2026-06-21 23:58:24,259,259 multiprocessing INFO child process calling self.run()
SpawnPoolWorker-192| 2026-06-21 23:58:24,263,263 multiprocessing INFO child process calling self.run()
SpawnPoolWorker-196| 2026-06-21 23:58:24,499,499 multiprocessing INFO STARTING NEW RUN ==========
SpawnPoolWorker-196| 2026-06-21 23:58:24,499,499 multiprocessing INFO SEE LOG AT : ./logs/all_Lyapunov_test_dso-fn_d_all_n_01_log.txt
SpawnPoolWorker-196| 2026-06-21 23:58:24,499,499 multiprocessing INFO See log at : ./logs/all_Lyapunov_test_dso-fn_d_all_n_01_log.txt
SpawnPoolWorker-196| 2026-06-21 23:58:24,502,502 multiprocessing INFO child process calling self.run()
SpawnPoolWorker-204| 2026-06-21 23:58:24,643,643 multiprocessing INFO STARTING NEW RUN ==========
SpawnPoolWorker-204| 2026-06-21 23:58:24,643,643 multiprocessing INFO SEE LOG AT : ./logs/all_Lyapunov_test_dso-fn_d_all_n_01_log.txt
SpawnPoolWorker-204| 2026-06-21 23:58:24,643,643 multiprocessing INFO See log at : ./logs/all_Lyapunov_test_dso-fn_d_all_n_01_log.txt
SpawnPoolWorker-204| 2026-06-21 23:58:24,646,646 multiprocessing INFO child process calling self.run()
SpawnPoolWorker-203| 2026-06-21 23:58:24,690,690 multiprocessing INFO STARTING NEW RUN ==========
SpawnPoolWorker-203| 2026-06-21 23:58:24,690,690 multiprocessing INFO SEE LOG AT : ./logs/all_Lyapunov_test_dso-fn_d_all_n_01_log.txt
SpawnPoolWorker-203| 2026-06-21 23:58:24,690,690 multiprocessing INFO See log at : ./logs/all_Lyapunov_test_dso-fn_d_all_n_01_log.txt
SpawnPoolWorker-203| 2026-06-21 23:58:24,693,693 multiprocessing INFO child process calling self.run()
SpawnPoolWorker-193| 2026-06-21 23:58:24,877,877 multiprocessing INFO STARTING NEW RUN ==========
SpawnPoolWorker-193| 2026-06-21 23:58:24,877,877 multiprocessing INFO SEE LOG AT : ./logs/all_Lyapunov_test_dso-fn_d_all_n_01_log.txt
SpawnPoolWorker-193| 2026-06-21 23:58:24,877,877 multiprocessing INFO See log at : ./logs/all_Lyapunov_test_dso-fn_d_all_n_01_log.txt
SpawnPoolWorker-193| 2026-06-21 23:58:24,880,880 multiprocessing INFO child process calling self.run()
SpawnPoolWorker-201| 2026-06-21 23:58:24,914,914 multiprocessing INFO STARTING NEW RUN ==========
SpawnPoolWorker-201| 2026-06-21 23:58:24,914,914 multiprocessing INFO SEE LOG AT : ./logs/all_Lyapunov_test_dso-fn_d_all_n_01_log.txt
SpawnPoolWorker-201| 2026-06-21 23:58:24,914,914 multiprocessing INFO See log at : ./logs/all_Lyapunov_test_dso-fn_d_all_n_01_log.txt
SpawnPoolWorker-201| 2026-06-21 23:58:24,916,916 multiprocessing INFO child process calling self.run()
SpawnPoolWorker-181| 2026-06-21 23:58:24,979,979 multiprocessing INFO STARTING NEW RUN ==========
SpawnPoolWorker-181| 2026-06-21 23:58:24,979,979 multiprocessing INFO SEE LOG AT : ./logs/all_Lyapunov_test_dso-fn_d_all_n_01_log.txt
SpawnPoolWorker-181| 2026-06-21 23:58:24,979,979 multiprocessing INFO See log at : ./logs/all_Lyapunov_test_dso-fn_d_all_n_01_log.txt
SpawnPoolWorker-181| 2026-06-21 23:58:24,981,981 multiprocessing INFO child process calling self.run()
SpawnPoolWorker-197| 2026-06-21 23:58:25,215,215 multiprocessing INFO STARTING NEW RUN ==========
SpawnPoolWorker-197| 2026-06-21 23:58:25,215,215 multiprocessing INFO SEE LOG AT : ./logs/all_Lyapunov_test_dso-fn_d_all_n_01_log.txt
SpawnPoolWorker-197| 2026-06-21 23:58:25,215,215 multiprocessing INFO See log at : ./logs/all_Lyapunov_test_dso-fn_d_all_n_01_log.txt
SpawnPoolWorker-197| 2026-06-21 23:58:25,228,228 multiprocessing INFO child process calling self.run()
SpawnPoolWorker-189| 2026-06-21 23:59:49,559,559 multiprocessing INFO process shutting down
SpawnPoolWorker-189| 2026-06-21 23:59:49,561,561 multiprocessing INFO process exiting with exitcode 0
SpawnPoolWorker-200| 2026-06-21 23:59:49,560,560 multiprocessing INFO process shutting down
SpawnPoolWorker-191| 2026-06-21 23:59:49,561,561 multiprocessing INFO process shutting down
SpawnPoolWorker-195| 2026-06-21 23:59:49,562,562 multiprocessing INFO process shutting down
SpawnPoolWorker-181| 2026-06-21 23:59:49,562,562 multiprocessing INFO process shutting down
SpawnPoolWorker-192| 2026-06-21 23:59:49,563,563 multiprocessing INFO process shutting down
SpawnPoolWorker-181| 2026-06-21 23:59:49,563,563 multiprocessing INFO process exiting with exitcode 0
SpawnPoolWorker-200| 2026-06-21 23:59:49,563,563 multiprocessing INFO process exiting with exitcode 0
SpawnPoolWorker-194| 2026-06-21 23:59:49,563,563 multiprocessing INFO process shutting down
SpawnPoolWorker-192| 2026-06-21 23:59:49,563,563 multiprocessing INFO process exiting with exitcode 0
SpawnPoolWorker-194| 2026-06-21 23:59:49,563,563 multiprocessing INFO process exiting with exitcode 0
SpawnPoolWorker-184| 2026-06-21 23:59:49,562,562 multiprocessing INFO process shutting down
SpawnPoolWorker-187| 2026-06-21 23:59:49,564,564 multiprocessing INFO process shutting down
SpawnPoolWorker-201| 2026-06-21 23:59:49,564,564 multiprocessing INFO process shutting down
SpawnPoolWorker-182| 2026-06-21 23:59:49,564,564 multiprocessing INFO process shutting down
SpawnPoolWorker-204| 2026-06-21 23:59:49,565,565 multiprocessing INFO process shutting down
SpawnPoolWorker-190| 2026-06-21 23:59:49,566,566 multiprocessing INFO process shutting down
SpawnPoolWorker-183| 2026-06-21 23:59:49,566,566 multiprocessing INFO process shutting down
SpawnPoolWorker-199| 2026-06-21 23:59:49,567,567 multiprocessing INFO process shutting down
SpawnPoolWorker-185| 2026-06-21 23:59:49,567,567 multiprocessing INFO process shutting down
SpawnPoolWorker-191| 2026-06-21 23:59:49,568,568 multiprocessing INFO process exiting with exitcode 0
SpawnPoolWorker-203| 2026-06-21 23:59:49,567,567 multiprocessing INFO process shutting down
SpawnPoolWorker-203| 2026-06-21 23:59:49,568,568 multiprocessing INFO process exiting with exitcode 0
SpawnPoolWorker-198| 2026-06-21 23:59:49,568,568 multiprocessing INFO process shutting down
SpawnPoolWorker-195| 2026-06-21 23:59:49,568,568 multiprocessing INFO process exiting with exitcode 0
SpawnPoolWorker-198| 2026-06-21 23:59:49,568,568 multiprocessing INFO process exiting with exitcode 0
SpawnPoolWorker-188| 2026-06-21 23:59:49,569,569 multiprocessing INFO process shutting down
SpawnPoolWorker-196| 2026-06-21 23:59:49,569,569 multiprocessing INFO process shutting down
SpawnPoolWorker-184| 2026-06-21 23:59:49,572,572 multiprocessing INFO process exiting with exitcode 0
SpawnPoolWorker-187| 2026-06-21 23:59:49,572,572 multiprocessing INFO process exiting with exitcode 0
SpawnPoolWorker-201| 2026-06-21 23:59:49,573,573 multiprocessing INFO process exiting with exitcode 0
SpawnPoolWorker-182| 2026-06-21 23:59:49,573,573 multiprocessing INFO process exiting with exitcode 0
SpawnPoolWorker-204| 2026-06-21 23:59:49,576,576 multiprocessing INFO process exiting with exitcode 0
SpawnPoolWorker-190| 2026-06-21 23:59:49,581,581 multiprocessing INFO process exiting with exitcode 0
SpawnPoolWorker-183| 2026-06-21 23:59:49,586,586 multiprocessing INFO process exiting with exitcode 0
SpawnPoolWorker-186| 2026-06-21 23:59:49,570,570 multiprocessing INFO process shutting down
SpawnPoolWorker-186| 2026-06-21 23:59:49,588,588 multiprocessing INFO process exiting with exitcode 0
SpawnPoolWorker-199| 2026-06-21 23:59:49,592,592 multiprocessing INFO process exiting with exitcode 0
SpawnPoolWorker-185| 2026-06-21 23:59:49,597,597 multiprocessing INFO process exiting with exitcode 0
SpawnPoolWorker-188| 2026-06-21 23:59:49,604,604 multiprocessing INFO process exiting with exitcode 0
SpawnPoolWorker-196| 2026-06-21 23:59:49,608,608 multiprocessing INFO process exiting with exitcode 0
SpawnPoolWorker-197| 2026-06-21 23:59:49,686,686 multiprocessing INFO process shutting down
SpawnPoolWorker-197| 2026-06-21 23:59:49,687,687 multiprocessing INFO process exiting with exitcode 0
SpawnPoolWorker-202| 2026-06-21 23:59:49,700,700 multiprocessing INFO process shutting down
SpawnPoolWorker-202| 2026-06-21 23:59:49,701,701 multiprocessing INFO process exiting with exitcode 0
28
(100000, 8)
(100000,)
(100000, 8)
(100000,)

=======================Successfully Added (50000, 8) Counter Examples=======================


============None of the candidates fulfill the conditions. Training CONTINUES!=================

MainProcess| 2026-06-21 23:59:55,324,324 multiprocessing INFO 
============None of the candidates fulfill the conditions. Training CONTINUES!=================


============None of the candidates fulfill the conditions. Training CONTINUES!=================

(55, 164)
/users/9/chen8596/miniconda3/envs/alfd/lib/python3.9/site-packages/torch/nn/functional.py:4999: UserWarning: Support for mismatched key_padding_mask and attn_mask is deprecated. Use same type for both instead.
  warnings.warn(

==============Start Supervised Learning==============

MainProcess| 2026-06-22 00:00:04,522,522 multiprocessing INFO GP output mean: 0.9978905612578177
GP output mean: 0.9978905612578177
MainProcess| 2026-06-22 00:00:05,739,739 multiprocessing INFO GP output success rate: 0.0
GP output success rate: 0.0

==============End Supervised Learning==============

/users/9/chen8596/LyaDis/repro/runs/poly8d/utils/train.py:971: RuntimeWarning: divide by zero encountered in divide
  error = np.abs(((y_hat - y) / y))
/users/9/chen8596/.local/lib/python3.9/site-packages/scipy/stats/_stats_py.py:4424: ConstantInputWarning: An input array is constant; the correlation coefficient is not defined.
  warnings.warn(stats.ConstantInputWarning(msg))
MainProcess| 2026-06-22 00:00:08,803,803 multiprocessing INFO [Test epoch=0006]  nevals=82625 	| train_loss=4879.67090 	| eqs_invalid %=0.00 	| r_best=0.98810 	| quantile=0.25015 	| r_quantile_mean=0.92138 	| r_raw_sum=50.87947 	|  r_raw_mean=0.90856 	| r2=nan 	| acc_iid=0.00000 	| acc_ood=0.00000 	| nmse_test=0.11517668148937704 	| true_equation_set_count=0 	| s/it=376.95023
[Test epoch=0006]  nevals=82625 	| train_loss=4879.67090 	| eqs_invalid %=0.00 	| r_best=0.98810 	| quantile=0.25015 	| r_quantile_mean=0.92138 	| r_raw_sum=50.87947 	|  r_raw_mean=0.90856 	| r2=nan 	| acc_iid=0.00000 	| acc_ood=0.00000 	| nmse_test=0.11517668148937704 	| true_equation_set_count=0 	| s/it=376.95023
MainProcess| 2026-06-22 00:00:08,803,803 multiprocessing INFO [00:00:57:44.76] Training epoch 6/4000, current best R: 0.9881
[00:00:57:44.76] Training epoch 6/4000, current best R: 0.9881
MainProcess| 2026-06-22 00:00:08,803,803 multiprocessing INFO 
	** New best

	** New best
MainProcess| 2026-06-22 00:00:08,803,803 multiprocessing INFO 	Reward: 0.9881020979628106
	Reward: 0.9881020979628106
MainProcess| 2026-06-22 00:00:08,803,803 multiprocessing INFO 	Count Off-policy: 1
	Count Off-policy: 1
MainProcess| 2026-06-22 00:00:08,803,803 multiprocessing INFO 	Count On-policy: 0
	Count On-policy: 0
MainProcess| 2026-06-22 00:00:08,803,803 multiprocessing INFO 	Originally on Policy: False
	Originally on Policy: False
MainProcess| 2026-06-22 00:00:08,803,803 multiprocessing INFO 	Invalid: False
	Invalid: False
MainProcess| 2026-06-22 00:00:08,803,803 multiprocessing INFO 	Traversal: n2,add,n2,add,x2,x2,add,n2,sub,x1,mul,add,add,sub,x4,x7,sub,x8,sub,x6,x3,x5,x8,n2,x1
	Traversal: n2,add,n2,add,x2,x2,add,n2,sub,x1,mul,add,add,sub,x4,x7,sub,x8,sub,x6,x3,x5,x8,n2,x1
MainProcess| 2026-06-22 00:00:08,803,803 multiprocessing INFO 	Expression:
	Expression:
MainProcess| 2026-06-22 00:00:08,806,806 multiprocessing INFO 
	                                                          2
	  ⎛  2       2                                          2⎞ 
	  ⎝x₁  + 4⋅x₂  + (x₁ - x₈⋅(x₃ + x₄ + x₅ - x₆ - x₇ + x₈)) ⎠ 


	                                                          2
	  ⎛  2       2                                          2⎞ 
	  ⎝x₁  + 4⋅x₂  + (x₁ - x₈⋅(x₃ + x₄ + x₅ - x₆ - x₇ + x₈)) ⎠ 

MainProcess| 2026-06-22 00:03:11,873,873 multiprocessing INFO Genetic Porgramming Runtime 181.8067241969984
Genetic Porgramming Runtime 181.8067241969984

=========================PGD Collection Starts=========================

SpawnPoolWorker-209| 2026-06-22 00:03:19,096,96 multiprocessing INFO STARTING NEW RUN ==========
SpawnPoolWorker-209| 2026-06-22 00:03:19,096,96 multiprocessing INFO SEE LOG AT : ./logs/all_Lyapunov_test_dso-fn_d_all_n_01_log.txt
SpawnPoolWorker-210| 2026-06-22 00:03:19,096,96 multiprocessing INFO STARTING NEW RUN ==========
SpawnPoolWorker-209| 2026-06-22 00:03:19,096,96 multiprocessing INFO See log at : ./logs/all_Lyapunov_test_dso-fn_d_all_n_01_log.txt
SpawnPoolWorker-210| 2026-06-22 00:03:19,096,96 multiprocessing INFO SEE LOG AT : ./logs/all_Lyapunov_test_dso-fn_d_all_n_01_log.txt
SpawnPoolWorker-210| 2026-06-22 00:03:19,096,96 multiprocessing INFO See log at : ./logs/all_Lyapunov_test_dso-fn_d_all_n_01_log.txt
SpawnPoolWorker-209| 2026-06-22 00:03:19,100,100 multiprocessing INFO child process calling self.run()
SpawnPoolWorker-210| 2026-06-22 00:03:19,101,101 multiprocessing INFO child process calling self.run()
SpawnPoolWorker-208| 2026-06-22 00:03:19,104,104 multiprocessing INFO STARTING NEW RUN ==========
SpawnPoolWorker-208| 2026-06-22 00:03:19,105,105 multiprocessing INFO SEE LOG AT : ./logs/all_Lyapunov_test_dso-fn_d_all_n_01_log.txt
SpawnPoolWorker-208| 2026-06-22 00:03:19,105,105 multiprocessing INFO See log at : ./logs/all_Lyapunov_test_dso-fn_d_all_n_01_log.txt
SpawnPoolWorker-208| 2026-06-22 00:03:19,108,108 multiprocessing INFO child process calling self.run()
SpawnPoolWorker-207| 2026-06-22 00:03:19,108,108 multiprocessing INFO STARTING NEW RUN ==========
SpawnPoolWorker-212| 2026-06-22 00:03:19,108,108 multiprocessing INFO STARTING NEW RUN ==========
SpawnPoolWorker-213| 2026-06-22 00:03:19,108,108 multiprocessing INFO STARTING NEW RUN ==========
SpawnPoolWorker-207| 2026-06-22 00:03:19,108,108 multiprocessing INFO SEE LOG AT : ./logs/all_Lyapunov_test_dso-fn_d_all_n_01_log.txt
SpawnPoolWorker-212| 2026-06-22 00:03:19,108,108 multiprocessing INFO SEE LOG AT : ./logs/all_Lyapunov_test_dso-fn_d_all_n_01_log.txt
SpawnPoolWorker-213| 2026-06-22 00:03:19,108,108 multiprocessing INFO SEE LOG AT : ./logs/all_Lyapunov_test_dso-fn_d_all_n_01_log.txt
SpawnPoolWorker-207| 2026-06-22 00:03:19,108,108 multiprocessing INFO See log at : ./logs/all_Lyapunov_test_dso-fn_d_all_n_01_log.txt
SpawnPoolWorker-212| 2026-06-22 00:03:19,108,108 multiprocessing INFO See log at : ./logs/all_Lyapunov_test_dso-fn_d_all_n_01_log.txt
SpawnPoolWorker-213| 2026-06-22 00:03:19,108,108 multiprocessing INFO See log at : ./logs/all_Lyapunov_test_dso-fn_d_all_n_01_log.txt
SpawnPoolWorker-214| 2026-06-22 00:03:19,110,110 multiprocessing INFO STARTING NEW RUN ==========
SpawnPoolWorker-211| 2026-06-22 00:03:19,110,110 multiprocessing INFO STARTING NEW RUN ==========
SpawnPoolWorker-214| 2026-06-22 00:03:19,110,110 multiprocessing INFO SEE LOG AT : ./logs/all_Lyapunov_test_dso-fn_d_all_n_01_log.txt
SpawnPoolWorker-211| 2026-06-22 00:03:19,110,110 multiprocessing INFO SEE LOG AT : ./logs/all_Lyapunov_test_dso-fn_d_all_n_01_log.txt
SpawnPoolWorker-214| 2026-06-22 00:03:19,110,110 multiprocessing INFO See log at : ./logs/all_Lyapunov_test_dso-fn_d_all_n_01_log.txt
SpawnPoolWorker-211| 2026-06-22 00:03:19,110,110 multiprocessing INFO See log at : ./logs/all_Lyapunov_test_dso-fn_d_all_n_01_log.txt
SpawnPoolWorker-213| 2026-06-22 00:03:19,111,111 multiprocessing INFO child process calling self.run()
SpawnPoolWorker-212| 2026-06-22 00:03:19,111,111 multiprocessing INFO child process calling self.run()
SpawnPoolWorker-207| 2026-06-22 00:03:19,111,111 multiprocessing INFO child process calling self.run()
SpawnPoolWorker-206| 2026-06-22 00:03:19,112,112 multiprocessing INFO STARTING NEW RUN ==========
SpawnPoolWorker-206| 2026-06-22 00:03:19,112,112 multiprocessing INFO SEE LOG AT : ./logs/all_Lyapunov_test_dso-fn_d_all_n_01_log.txt
SpawnPoolWorker-206| 2026-06-22 00:03:19,112,112 multiprocessing INFO See log at : ./logs/all_Lyapunov_test_dso-fn_d_all_n_01_log.txt
SpawnPoolWorker-214| 2026-06-22 00:03:19,113,113 multiprocessing INFO child process calling self.run()
SpawnPoolWorker-211| 2026-06-22 00:03:19,114,114 multiprocessing INFO child process calling self.run()
SpawnPoolWorker-205| 2026-06-22 00:03:19,116,116 multiprocessing INFO STARTING NEW RUN ==========
SpawnPoolWorker-205| 2026-06-22 00:03:19,116,116 multiprocessing INFO SEE LOG AT : ./logs/all_Lyapunov_test_dso-fn_d_all_n_01_log.txt
SpawnPoolWorker-205| 2026-06-22 00:03:19,116,116 multiprocessing INFO See log at : ./logs/all_Lyapunov_test_dso-fn_d_all_n_01_log.txt
SpawnPoolWorker-206| 2026-06-22 00:03:19,117,117 multiprocessing INFO child process calling self.run()
SpawnPoolWorker-205| 2026-06-22 00:03:19,120,120 multiprocessing INFO child process calling self.run()
SpawnPoolWorker-210| 2026-06-22 00:03:40,292,292 multiprocessing INFO process shutting down
SpawnPoolWorker-208| 2026-06-22 00:03:40,292,292 multiprocessing INFO process shutting down
SpawnPoolWorker-211| 2026-06-22 00:03:40,292,292 multiprocessing INFO process shutting down
SpawnPoolWorker-210| 2026-06-22 00:03:40,292,292 multiprocessing INFO process exiting with exitcode 0
SpawnPoolWorker-213| 2026-06-22 00:03:40,292,292 multiprocessing INFO process shutting down
SpawnPoolWorker-212| 2026-06-22 00:03:40,292,292 multiprocessing INFO process shutting down
SpawnPoolWorker-208| 2026-06-22 00:03:40,292,292 multiprocessing INFO process exiting with exitcode 0
SpawnPoolWorker-211| 2026-06-22 00:03:40,292,292 multiprocessing INFO process exiting with exitcode 0
SpawnPoolWorker-213| 2026-06-22 00:03:40,292,292 multiprocessing INFO process exiting with exitcode 0
SpawnPoolWorker-212| 2026-06-22 00:03:40,292,292 multiprocessing INFO process exiting with exitcode 0
SpawnPoolWorker-206| 2026-06-22 00:03:40,293,293 multiprocessing INFO process shutting down
SpawnPoolWorker-207| 2026-06-22 00:03:40,293,293 multiprocessing INFO process shutting down
SpawnPoolWorker-214| 2026-06-22 00:03:40,293,293 multiprocessing INFO process shutting down
SpawnPoolWorker-209| 2026-06-22 00:03:40,293,293 multiprocessing INFO process shutting down
SpawnPoolWorker-207| 2026-06-22 00:03:40,294,294 multiprocessing INFO process exiting with exitcode 0
(20000,)

===================Collect 20000 Examples===================

Epsilon 0.1
500
(550,)
(550,)
(55,)
Number of Programs for Minimization: 28
SpawnPoolWorker-228| 2026-06-22 00:04:03,448,448 multiprocessing INFO STARTING NEW RUN ==========
SpawnPoolWorker-228| 2026-06-22 00:04:03,448,448 multiprocessing INFO SEE LOG AT : ./logs/all_Lyapunov_test_dso-fn_d_all_n_01_log.txt
SpawnPoolWorker-228| 2026-06-22 00:04:03,448,448 multiprocessing INFO See log at : ./logs/all_Lyapunov_test_dso-fn_d_all_n_01_log.txt
SpawnPoolWorker-228| 2026-06-22 00:04:03,454,454 multiprocessing INFO child process calling self.run()
SpawnPoolWorker-220| 2026-06-22 00:04:03,604,604 multiprocessing INFO STARTING NEW RUN ==========
SpawnPoolWorker-220| 2026-06-22 00:04:03,604,604 multiprocessing INFO SEE LOG AT : ./logs/all_Lyapunov_test_dso-fn_d_all_n_01_log.txt
SpawnPoolWorker-220| 2026-06-22 00:04:03,604,604 multiprocessing INFO See log at : ./logs/all_Lyapunov_test_dso-fn_d_all_n_01_log.txt
SpawnPoolWorker-220| 2026-06-22 00:04:03,607,607 multiprocessing INFO child process calling self.run()
SpawnPoolWorker-222| 2026-06-22 00:04:03,651,651 multiprocessing INFO STARTING NEW RUN ==========
SpawnPoolWorker-222| 2026-06-22 00:04:03,651,651 multiprocessing INFO SEE LOG AT : ./logs/all_Lyapunov_test_dso-fn_d_all_n_01_log.txt
SpawnPoolWorker-222| 2026-06-22 00:04:03,651,651 multiprocessing INFO See log at : ./logs/all_Lyapunov_test_dso-fn_d_all_n_01_log.txt
SpawnPoolWorker-222| 2026-06-22 00:04:03,656,656 multiprocessing INFO child process calling self.run()
SpawnPoolWorker-221| 2026-06-22 00:04:04,026,26 multiprocessing INFO STARTING NEW RUN ==========
SpawnPoolWorker-221| 2026-06-22 00:04:04,026,26 multiprocessing INFO SEE LOG AT : ./logs/all_Lyapunov_test_dso-fn_d_all_n_01_log.txt
SpawnPoolWorker-221| 2026-06-22 00:04:04,026,26 multiprocessing INFO See log at : ./logs/all_Lyapunov_test_dso-fn_d_all_n_01_log.txt
SpawnPoolWorker-221| 2026-06-22 00:04:04,031,31 multiprocessing INFO child process calling self.run()
SpawnPoolWorker-225| 2026-06-22 00:04:04,491,491 multiprocessing INFO STARTING NEW RUN ==========
SpawnPoolWorker-225| 2026-06-22 00:04:04,491,491 multiprocessing INFO SEE LOG AT : ./logs/all_Lyapunov_test_dso-fn_d_all_n_01_log.txt
SpawnPoolWorker-225| 2026-06-22 00:04:04,491,491 multiprocessing INFO See log at : ./logs/all_Lyapunov_test_dso-fn_d_all_n_01_log.txt
SpawnPoolWorker-225| 2026-06-22 00:04:04,501,501 multiprocessing INFO child process calling self.run()
SpawnPoolWorker-219| 2026-06-22 00:04:04,899,899 multiprocessing INFO STARTING NEW RUN ==========
SpawnPoolWorker-219| 2026-06-22 00:04:04,899,899 multiprocessing INFO SEE LOG AT : ./logs/all_Lyapunov_test_dso-fn_d_all_n_01_log.txt
SpawnPoolWorker-219| 2026-06-22 00:04:04,899,899 multiprocessing INFO See log at : ./logs/all_Lyapunov_test_dso-fn_d_all_n_01_log.txt
SpawnPoolWorker-219| 2026-06-22 00:04:04,903,903 multiprocessing INFO child process calling self.run()
SpawnPoolWorker-226| 2026-06-22 00:04:05,199,199 multiprocessing INFO STARTING NEW RUN ==========
SpawnPoolWorker-226| 2026-06-22 00:04:05,199,199 multiprocessing INFO SEE LOG AT : ./logs/all_Lyapunov_test_dso-fn_d_all_n_01_log.txt
SpawnPoolWorker-226| 2026-06-22 00:04:05,199,199 multiprocessing INFO See log at : ./logs/all_Lyapunov_test_dso-fn_d_all_n_01_log.txt
SpawnPoolWorker-226| 2026-06-22 00:04:05,202,202 multiprocessing INFO child process calling self.run()
SpawnPoolWorker-229| 2026-06-22 00:04:05,229,229 multiprocessing INFO STARTING NEW RUN ==========
SpawnPoolWorker-229| 2026-06-22 00:04:05,229,229 multiprocessing INFO SEE LOG AT : ./logs/all_Lyapunov_test_dso-fn_d_all_n_01_log.txt
SpawnPoolWorker-229| 2026-06-22 00:04:05,229,229 multiprocessing INFO See log at : ./logs/all_Lyapunov_test_dso-fn_d_all_n_01_log.txt
SpawnPoolWorker-229| 2026-06-22 00:04:05,231,231 multiprocessing INFO child process calling self.run()
SpawnPoolWorker-230| 2026-06-22 00:04:05,247,247 multiprocessing INFO STARTING NEW RUN ==========
SpawnPoolWorker-230| 2026-06-22 00:04:05,247,247 multiprocessing INFO SEE LOG AT : ./logs/all_Lyapunov_test_dso-fn_d_all_n_01_log.txt
SpawnPoolWorker-230| 2026-06-22 00:04:05,247,247 multiprocessing INFO See log at : ./logs/all_Lyapunov_test_dso-fn_d_all_n_01_log.txt
SpawnPoolWorker-230| 2026-06-22 00:04:05,252,252 multiprocessing INFO child process calling self.run()
SpawnPoolWorker-216| 2026-06-22 00:04:05,315,315 multiprocessing INFO STARTING NEW RUN ==========
SpawnPoolWorker-216| 2026-06-22 00:04:05,315,315 multiprocessing INFO SEE LOG AT : ./logs/all_Lyapunov_test_dso-fn_d_all_n_01_log.txt
SpawnPoolWorker-216| 2026-06-22 00:04:05,315,315 multiprocessing INFO See log at : ./logs/all_Lyapunov_test_dso-fn_d_all_n_01_log.txt
SpawnPoolWorker-216| 2026-06-22 00:04:05,318,318 multiprocessing INFO child process calling self.run()
SpawnPoolWorker-218| 2026-06-22 00:04:05,720,720 multiprocessing INFO STARTING NEW RUN ==========
SpawnPoolWorker-218| 2026-06-22 00:04:05,720,720 multiprocessing INFO SEE LOG AT : ./logs/all_Lyapunov_test_dso-fn_d_all_n_01_log.txt
SpawnPoolWorker-218| 2026-06-22 00:04:05,720,720 multiprocessing INFO See log at : ./logs/all_Lyapunov_test_dso-fn_d_all_n_01_log.txt
SpawnPoolWorker-218| 2026-06-22 00:04:05,725,725 multiprocessing INFO child process calling self.run()
SpawnPoolWorker-234| 2026-06-22 00:04:05,803,803 multiprocessing INFO STARTING NEW RUN ==========
SpawnPoolWorker-234| 2026-06-22 00:04:05,803,803 multiprocessing INFO SEE LOG AT : ./logs/all_Lyapunov_test_dso-fn_d_all_n_01_log.txt
SpawnPoolWorker-234| 2026-06-22 00:04:05,803,803 multiprocessing INFO See log at : ./logs/all_Lyapunov_test_dso-fn_d_all_n_01_log.txt
SpawnPoolWorker-234| 2026-06-22 00:04:05,807,807 multiprocessing INFO child process calling self.run()
SpawnPoolWorker-215| 2026-06-22 00:04:05,848,848 multiprocessing INFO STARTING NEW RUN ==========
SpawnPoolWorker-215| 2026-06-22 00:04:05,848,848 multiprocessing INFO SEE LOG AT : ./logs/all_Lyapunov_test_dso-fn_d_all_n_01_log.txt
SpawnPoolWorker-215| 2026-06-22 00:04:05,848,848 multiprocessing INFO See log at : ./logs/all_Lyapunov_test_dso-fn_d_all_n_01_log.txt
SpawnPoolWorker-215| 2026-06-22 00:04:05,854,854 multiprocessing INFO child process calling self.run()
SpawnPoolWorker-217| 2026-06-22 00:04:06,057,57 multiprocessing INFO STARTING NEW RUN ==========
SpawnPoolWorker-217| 2026-06-22 00:04:06,057,57 multiprocessing INFO SEE LOG AT : ./logs/all_Lyapunov_test_dso-fn_d_all_n_01_log.txt
SpawnPoolWorker-217| 2026-06-22 00:04:06,057,57 multiprocessing INFO See log at : ./logs/all_Lyapunov_test_dso-fn_d_all_n_01_log.txt
SpawnPoolWorker-217| 2026-06-22 00:04:06,060,60 multiprocessing INFO child process calling self.run()
SpawnPoolWorker-224| 2026-06-22 00:04:06,143,143 multiprocessing INFO STARTING NEW RUN ==========
SpawnPoolWorker-224| 2026-06-22 00:04:06,143,143 multiprocessing INFO SEE LOG AT : ./logs/all_Lyapunov_test_dso-fn_d_all_n_01_log.txt
SpawnPoolWorker-224| 2026-06-22 00:04:06,143,143 multiprocessing INFO See log at : ./logs/all_Lyapunov_test_dso-fn_d_all_n_01_log.txt
SpawnPoolWorker-224| 2026-06-22 00:04:06,149,149 multiprocessing INFO child process calling self.run()
SpawnPoolWorker-223| 2026-06-22 00:04:06,298,298 multiprocessing INFO STARTING NEW RUN ==========
SpawnPoolWorker-223| 2026-06-22 00:04:06,298,298 multiprocessing INFO SEE LOG AT : ./logs/all_Lyapunov_test_dso-fn_d_all_n_01_log.txt
SpawnPoolWorker-223| 2026-06-22 00:04:06,298,298 multiprocessing INFO See log at : ./logs/all_Lyapunov_test_dso-fn_d_all_n_01_log.txt
SpawnPoolWorker-223| 2026-06-22 00:04:06,306,306 multiprocessing INFO child process calling self.run()
SpawnPoolWorker-235| 2026-06-22 00:04:06,528,528 multiprocessing INFO STARTING NEW RUN ==========
SpawnPoolWorker-235| 2026-06-22 00:04:06,528,528 multiprocessing INFO SEE LOG AT : ./logs/all_Lyapunov_test_dso-fn_d_all_n_01_log.txt
SpawnPoolWorker-235| 2026-06-22 00:04:06,528,528 multiprocessing INFO See log at : ./logs/all_Lyapunov_test_dso-fn_d_all_n_01_log.txt
SpawnPoolWorker-235| 2026-06-22 00:04:06,536,536 multiprocessing INFO child process calling self.run()
SpawnPoolWorker-237| 2026-06-22 00:04:06,877,877 multiprocessing INFO STARTING NEW RUN ==========
SpawnPoolWorker-237| 2026-06-22 00:04:06,877,877 multiprocessing INFO SEE LOG AT : ./logs/all_Lyapunov_test_dso-fn_d_all_n_01_log.txt
SpawnPoolWorker-237| 2026-06-22 00:04:06,879,879 multiprocessing INFO See log at : ./logs/all_Lyapunov_test_dso-fn_d_all_n_01_log.txt
SpawnPoolWorker-237| 2026-06-22 00:04:06,884,884 multiprocessing INFO child process calling self.run()
SpawnPoolWorker-238| 2026-06-22 00:04:06,931,931 multiprocessing INFO STARTING NEW RUN ==========
SpawnPoolWorker-238| 2026-06-22 00:04:06,931,931 multiprocessing INFO SEE LOG AT : ./logs/all_Lyapunov_test_dso-fn_d_all_n_01_log.txt
SpawnPoolWorker-238| 2026-06-22 00:04:06,931,931 multiprocessing INFO See log at : ./logs/all_Lyapunov_test_dso-fn_d_all_n_01_log.txt
SpawnPoolWorker-238| 2026-06-22 00:04:06,936,936 multiprocessing INFO child process calling self.run()
SpawnPoolWorker-236| 2026-06-22 00:04:07,004,4 multiprocessing INFO STARTING NEW RUN ==========
SpawnPoolWorker-236| 2026-06-22 00:04:07,004,4 multiprocessing INFO SEE LOG AT : ./logs/all_Lyapunov_test_dso-fn_d_all_n_01_log.txt
SpawnPoolWorker-236| 2026-06-22 00:04:07,004,4 multiprocessing INFO See log at : ./logs/all_Lyapunov_test_dso-fn_d_all_n_01_log.txt
SpawnPoolWorker-236| 2026-06-22 00:04:07,007,7 multiprocessing INFO child process calling self.run()
SpawnPoolWorker-227| 2026-06-22 00:04:07,162,162 multiprocessing INFO STARTING NEW RUN ==========
SpawnPoolWorker-227| 2026-06-22 00:04:07,162,162 multiprocessing INFO SEE LOG AT : ./logs/all_Lyapunov_test_dso-fn_d_all_n_01_log.txt
SpawnPoolWorker-227| 2026-06-22 00:04:07,162,162 multiprocessing INFO See log at : ./logs/all_Lyapunov_test_dso-fn_d_all_n_01_log.txt
SpawnPoolWorker-227| 2026-06-22 00:04:07,164,164 multiprocessing INFO child process calling self.run()
SpawnPoolWorker-232| 2026-06-22 00:04:07,915,915 multiprocessing INFO STARTING NEW RUN ==========
SpawnPoolWorker-232| 2026-06-22 00:04:07,915,915 multiprocessing INFO SEE LOG AT : ./logs/all_Lyapunov_test_dso-fn_d_all_n_01_log.txt
SpawnPoolWorker-232| 2026-06-22 00:04:07,915,915 multiprocessing INFO See log at : ./logs/all_Lyapunov_test_dso-fn_d_all_n_01_log.txt
SpawnPoolWorker-232| 2026-06-22 00:04:07,923,923 multiprocessing INFO child process calling self.run()
SpawnPoolWorker-233| 2026-06-22 00:04:08,247,247 multiprocessing INFO STARTING NEW RUN ==========
SpawnPoolWorker-233| 2026-06-22 00:04:08,247,247 multiprocessing INFO SEE LOG AT : ./logs/all_Lyapunov_test_dso-fn_d_all_n_01_log.txt
SpawnPoolWorker-233| 2026-06-22 00:04:08,247,247 multiprocessing INFO See log at : ./logs/all_Lyapunov_test_dso-fn_d_all_n_01_log.txt
SpawnPoolWorker-233| 2026-06-22 00:04:08,250,250 multiprocessing INFO child process calling self.run()
SpawnPoolWorker-231| 2026-06-22 00:04:08,501,501 multiprocessing INFO STARTING NEW RUN ==========
SpawnPoolWorker-231| 2026-06-22 00:04:08,501,501 multiprocessing INFO SEE LOG AT : ./logs/all_Lyapunov_test_dso-fn_d_all_n_01_log.txt
SpawnPoolWorker-231| 2026-06-22 00:04:08,501,501 multiprocessing INFO See log at : ./logs/all_Lyapunov_test_dso-fn_d_all_n_01_log.txt
SpawnPoolWorker-231| 2026-06-22 00:04:08,502,502 multiprocessing INFO child process calling self.run()
SpawnPoolWorker-220| 2026-06-22 00:05:30,967,967 multiprocessing INFO process shutting down
SpawnPoolWorker-223| 2026-06-22 00:05:30,968,968 multiprocessing INFO process shutting down
SpawnPoolWorker-215| 2026-06-22 00:05:30,968,968 multiprocessing INFO process shutting down
SpawnPoolWorker-227| 2026-06-22 00:05:30,968,968 multiprocessing INFO process shutting down
SpawnPoolWorker-222| 2026-06-22 00:05:30,968,968 multiprocessing INFO process shutting down
SpawnPoolWorker-223| 2026-06-22 00:05:30,968,968 multiprocessing INFO process exiting with exitcode 0
SpawnPoolWorker-236| 2026-06-22 00:05:30,968,968 multiprocessing INFO process shutting down
SpawnPoolWorker-220| 2026-06-22 00:05:30,968,968 multiprocessing INFO process exiting with exitcode 0
SpawnPoolWorker-226| 2026-06-22 00:05:30,968,968 multiprocessing INFO process shutting down
SpawnPoolWorker-227| 2026-06-22 00:05:30,969,969 multiprocessing INFO process exiting with exitcode 0
SpawnPoolWorker-215| 2026-06-22 00:05:30,969,969 multiprocessing INFO process exiting with exitcode 0
SpawnPoolWorker-222| 2026-06-22 00:05:30,969,969 multiprocessing INFO process exiting with exitcode 0
SpawnPoolWorker-236| 2026-06-22 00:05:30,969,969 multiprocessing INFO process exiting with exitcode 0
SpawnPoolWorker-226| 2026-06-22 00:05:30,969,969 multiprocessing INFO process exiting with exitcode 0
SpawnPoolWorker-221| 2026-06-22 00:05:30,968,968 multiprocessing INFO process shutting down
SpawnPoolWorker-219| 2026-06-22 00:05:30,968,968 multiprocessing INFO process shutting down
SpawnPoolWorker-232| 2026-06-22 00:05:30,968,968 multiprocessing INFO process shutting down
SpawnPoolWorker-216| 2026-06-22 00:05:30,969,969 multiprocessing INFO process shutting down
SpawnPoolWorker-238| 2026-06-22 00:05:30,970,970 multiprocessing INFO process shutting down
SpawnPoolWorker-233| 2026-06-22 00:05:30,970,970 multiprocessing INFO process shutting down
SpawnPoolWorker-230| 2026-06-22 00:05:30,970,970 multiprocessing INFO process shutting down
SpawnPoolWorker-237| 2026-06-22 00:05:30,970,970 multiprocessing INFO process shutting down
SpawnPoolWorker-224| 2026-06-22 00:05:30,970,970 multiprocessing INFO process shutting down
SpawnPoolWorker-218| 2026-06-22 00:05:30,970,970 multiprocessing INFO process shutting down
SpawnPoolWorker-234| 2026-06-22 00:05:30,970,970 multiprocessing INFO process shutting down
SpawnPoolWorker-235| 2026-06-22 00:05:30,970,970 multiprocessing INFO process shutting down
SpawnPoolWorker-231| 2026-06-22 00:05:30,970,970 multiprocessing INFO process shutting down
28
(100000, 8)
(100000,)
(100000, 8)
(100000,)

=======================Successfully Added (50000, 8) Counter Examples=======================


============None of the candidates fulfill the conditions. Training CONTINUES!=================

MainProcess| 2026-06-22 00:05:34,076,76 multiprocessing INFO 
============None of the candidates fulfill the conditions. Training CONTINUES!=================


============None of the candidates fulfill the conditions. Training CONTINUES!=================

(55, 164)
/users/9/chen8596/miniconda3/envs/alfd/lib/python3.9/site-packages/torch/nn/functional.py:4999: UserWarning: Support for mismatched key_padding_mask and attn_mask is deprecated. Use same type for both instead.
  warnings.warn(

==============Start Supervised Learning==============

MainProcess| 2026-06-22 00:05:39,526,526 multiprocessing INFO GP output mean: 0.9599496652806202
GP output mean: 0.9599496652806202
MainProcess| 2026-06-22 00:05:40,228,228 multiprocessing INFO GP output success rate: 0.0
GP output success rate: 0.0

==============End Supervised Learning==============

MainProcess| 2026-06-22 00:05:42,668,668 multiprocessing INFO [Test epoch=0007]  nevals=96390 	| train_loss=2784.63037 	| eqs_invalid %=0.00 	| r_best=0.98810 	| quantile=0.51637 	| r_quantile_mean=0.92726 	| r_raw_sum=53.43122 	|  r_raw_mean=0.79748 	| r2=nan 	| acc_iid=0.00000 	| acc_ood=0.00000 	| nmse_test=0.11517668148937704 	| true_equation_set_count=0 	| s/it=333.86189
[Test epoch=0007]  nevals=96390 	| train_loss=2784.63037 	| eqs_invalid %=0.00 	| r_best=0.98810 	| quantile=0.51637 	| r_quantile_mean=0.92726 	| r_raw_sum=53.43122 	|  r_raw_mean=0.79748 	| r2=nan 	| acc_iid=0.00000 	| acc_ood=0.00000 	| nmse_test=0.11517668148937704 	| true_equation_set_count=0 	| s/it=333.86189
MainProcess| 2026-06-22 00:08:35,395,395 multiprocessing INFO Genetic Porgramming Runtime 171.4512203608174
Genetic Porgramming Runtime 171.4512203608174

=========================PGD Collection Starts=========================

SpawnPoolWorker-241| 2026-06-22 00:08:43,970,970 multiprocessing INFO STARTING NEW RUN ==========
SpawnPoolWorker-241| 2026-06-22 00:08:43,970,970 multiprocessing INFO SEE LOG AT : ./logs/all_Lyapunov_test_dso-fn_d_all_n_01_log.txt
SpawnPoolWorker-241| 2026-06-22 00:08:43,970,970 multiprocessing INFO See log at : ./logs/all_Lyapunov_test_dso-fn_d_all_n_01_log.txt
SpawnPoolWorker-241| 2026-06-22 00:08:43,972,972 multiprocessing INFO child process calling self.run()
SpawnPoolWorker-246| 2026-06-22 00:08:44,559,559 multiprocessing INFO STARTING NEW RUN ==========
SpawnPoolWorker-246| 2026-06-22 00:08:44,559,559 multiprocessing INFO SEE LOG AT : ./logs/all_Lyapunov_test_dso-fn_d_all_n_01_log.txt
SpawnPoolWorker-246| 2026-06-22 00:08:44,559,559 multiprocessing INFO See log at : ./logs/all_Lyapunov_test_dso-fn_d_all_n_01_log.txt
SpawnPoolWorker-246| 2026-06-22 00:08:44,561,561 multiprocessing INFO child process calling self.run()
SpawnPoolWorker-245| 2026-06-22 00:08:44,598,598 multiprocessing INFO STARTING NEW RUN ==========
SpawnPoolWorker-245| 2026-06-22 00:08:44,598,598 multiprocessing INFO SEE LOG AT : ./logs/all_Lyapunov_test_dso-fn_d_all_n_01_log.txt
SpawnPoolWorker-245| 2026-06-22 00:08:44,598,598 multiprocessing INFO See log at : ./logs/all_Lyapunov_test_dso-fn_d_all_n_01_log.txt
SpawnPoolWorker-245| 2026-06-22 00:08:44,603,603 multiprocessing INFO child process calling self.run()
SpawnPoolWorker-248| 2026-06-22 00:08:44,836,836 multiprocessing INFO STARTING NEW RUN ==========
SpawnPoolWorker-248| 2026-06-22 00:08:44,836,836 multiprocessing INFO SEE LOG AT : ./logs/all_Lyapunov_test_dso-fn_d_all_n_01_log.txt
SpawnPoolWorker-248| 2026-06-22 00:08:44,836,836 multiprocessing INFO See log at : ./logs/all_Lyapunov_test_dso-fn_d_all_n_01_log.txt
SpawnPoolWorker-242| 2026-06-22 00:08:44,840,840 multiprocessing INFO STARTING NEW RUN ==========
SpawnPoolWorker-242| 2026-06-22 00:08:44,840,840 multiprocessing INFO SEE LOG AT : ./logs/all_Lyapunov_test_dso-fn_d_all_n_01_log.txt
SpawnPoolWorker-242| 2026-06-22 00:08:44,840,840 multiprocessing INFO See log at : ./logs/all_Lyapunov_test_dso-fn_d_all_n_01_log.txt
SpawnPoolWorker-242| 2026-06-22 00:08:44,858,858 multiprocessing INFO child process calling self.run()
SpawnPoolWorker-248| 2026-06-22 00:08:44,859,859 multiprocessing INFO child process calling self.run()
SpawnPoolWorker-243| 2026-06-22 00:08:44,915,915 multiprocessing INFO STARTING NEW RUN ==========
SpawnPoolWorker-243| 2026-06-22 00:08:44,915,915 multiprocessing INFO SEE LOG AT : ./logs/all_Lyapunov_test_dso-fn_d_all_n_01_log.txt
SpawnPoolWorker-243| 2026-06-22 00:08:44,915,915 multiprocessing INFO See log at : ./logs/all_Lyapunov_test_dso-fn_d_all_n_01_log.txt
SpawnPoolWorker-243| 2026-06-22 00:08:44,920,920 multiprocessing INFO child process calling self.run()
SpawnPoolWorker-244| 2026-06-22 00:08:44,924,924 multiprocessing INFO STARTING NEW RUN ==========
SpawnPoolWorker-244| 2026-06-22 00:08:44,924,924 multiprocessing INFO SEE LOG AT : ./logs/all_Lyapunov_test_dso-fn_d_all_n_01_log.txt
SpawnPoolWorker-244| 2026-06-22 00:08:44,924,924 multiprocessing INFO See log at : ./logs/all_Lyapunov_test_dso-fn_d_all_n_01_log.txt
SpawnPoolWorker-244| 2026-06-22 00:08:44,930,930 multiprocessing INFO child process calling self.run()
SpawnPoolWorker-247| 2026-06-22 00:08:45,010,10 multiprocessing INFO STARTING NEW RUN ==========
SpawnPoolWorker-247| 2026-06-22 00:08:45,010,10 multiprocessing INFO SEE LOG AT : ./logs/all_Lyapunov_test_dso-fn_d_all_n_01_log.txt
SpawnPoolWorker-247| 2026-06-22 00:08:45,010,10 multiprocessing INFO See log at : ./logs/all_Lyapunov_test_dso-fn_d_all_n_01_log.txt
SpawnPoolWorker-247| 2026-06-22 00:08:45,020,20 multiprocessing INFO child process calling self.run()
SpawnPoolWorker-240| 2026-06-22 00:08:45,440,440 multiprocessing INFO STARTING NEW RUN ==========
SpawnPoolWorker-240| 2026-06-22 00:08:45,440,440 multiprocessing INFO SEE LOG AT : ./logs/all_Lyapunov_test_dso-fn_d_all_n_01_log.txt
SpawnPoolWorker-240| 2026-06-22 00:08:45,440,440 multiprocessing INFO See log at : ./logs/all_Lyapunov_test_dso-fn_d_all_n_01_log.txt
SpawnPoolWorker-240| 2026-06-22 00:08:45,442,442 multiprocessing INFO child process calling self.run()
SpawnPoolWorker-239| 2026-06-22 00:08:45,492,492 multiprocessing INFO STARTING NEW RUN ==========
SpawnPoolWorker-239| 2026-06-22 00:08:45,492,492 multiprocessing INFO SEE LOG AT : ./logs/all_Lyapunov_test_dso-fn_d_all_n_01_log.txt
SpawnPoolWorker-239| 2026-06-22 00:08:45,492,492 multiprocessing INFO See log at : ./logs/all_Lyapunov_test_dso-fn_d_all_n_01_log.txt
SpawnPoolWorker-239| 2026-06-22 00:08:45,514,514 multiprocessing INFO child process calling self.run()
SpawnPoolWorker-248| 2026-06-22 00:09:05,863,863 multiprocessing INFO process shutting down
SpawnPoolWorker-248| 2026-06-22 00:09:05,864,864 multiprocessing INFO process exiting with exitcode 0
SpawnPoolWorker-241| 2026-06-22 00:09:05,864,864 multiprocessing INFO process shutting down
SpawnPoolWorker-247| 2026-06-22 00:09:05,865,865 multiprocessing INFO process shutting down
SpawnPoolWorker-245| 2026-06-22 00:09:05,865,865 multiprocessing INFO process shutting down
SpawnPoolWorker-246| 2026-06-22 00:09:05,866,866 multiprocessing INFO process shutting down
SpawnPoolWorker-243| 2026-06-22 00:09:05,866,866 multiprocessing INFO process shutting down
SpawnPoolWorker-240| 2026-06-22 00:09:05,866,866 multiprocessing INFO process shutting down
SpawnPoolWorker-241| 2026-06-22 00:09:05,867,867 multiprocessing INFO process exiting with exitcode 0
SpawnPoolWorker-239| 2026-06-22 00:09:05,869,869 multiprocessing INFO process shutting down
SpawnPoolWorker-247| 2026-06-22 00:09:05,869,869 multiprocessing INFO process exiting with exitcode 0
SpawnPoolWorker-244| 2026-06-22 00:09:05,869,869 multiprocessing INFO process shutting down
SpawnPoolWorker-242| 2026-06-22 00:09:05,869,869 multiprocessing INFO process shutting down
SpawnPoolWorker-245| 2026-06-22 00:09:05,874,874 multiprocessing INFO process exiting with exitcode 0
(20000,)

===================Collect 20000 Examples===================

Epsilon 0.1
500
(550,)
(550,)
(55,)
Number of Programs for Minimization: 28
SpawnPoolWorker-250| 2026-06-22 00:09:26,992,992 multiprocessing INFO STARTING NEW RUN ==========
SpawnPoolWorker-250| 2026-06-22 00:09:26,992,992 multiprocessing INFO SEE LOG AT : ./logs/all_Lyapunov_test_dso-fn_d_all_n_01_log.txt
SpawnPoolWorker-250| 2026-06-22 00:09:26,992,992 multiprocessing INFO See log at : ./logs/all_Lyapunov_test_dso-fn_d_all_n_01_log.txt
SpawnPoolWorker-250| 2026-06-22 00:09:26,998,998 multiprocessing INFO child process calling self.run()
SpawnPoolWorker-256| 2026-06-22 00:09:27,114,114 multiprocessing INFO STARTING NEW RUN ==========
SpawnPoolWorker-256| 2026-06-22 00:09:27,115,115 multiprocessing INFO SEE LOG AT : ./logs/all_Lyapunov_test_dso-fn_d_all_n_01_log.txt
SpawnPoolWorker-256| 2026-06-22 00:09:27,115,115 multiprocessing INFO See log at : ./logs/all_Lyapunov_test_dso-fn_d_all_n_01_log.txt
SpawnPoolWorker-256| 2026-06-22 00:09:27,118,118 multiprocessing INFO child process calling self.run()
SpawnPoolWorker-255| 2026-06-22 00:09:27,538,538 multiprocessing INFO STARTING NEW RUN ==========
SpawnPoolWorker-255| 2026-06-22 00:09:27,538,538 multiprocessing INFO SEE LOG AT : ./logs/all_Lyapunov_test_dso-fn_d_all_n_01_log.txt
SpawnPoolWorker-255| 2026-06-22 00:09:27,538,538 multiprocessing INFO See log at : ./logs/all_Lyapunov_test_dso-fn_d_all_n_01_log.txt
SpawnPoolWorker-255| 2026-06-22 00:09:27,542,542 multiprocessing INFO child process calling self.run()
SpawnPoolWorker-257| 2026-06-22 00:09:27,666,666 multiprocessing INFO STARTING NEW RUN ==========
SpawnPoolWorker-257| 2026-06-22 00:09:27,666,666 multiprocessing INFO SEE LOG AT : ./logs/all_Lyapunov_test_dso-fn_d_all_n_01_log.txt
SpawnPoolWorker-257| 2026-06-22 00:09:27,666,666 multiprocessing INFO See log at : ./logs/all_Lyapunov_test_dso-fn_d_all_n_01_log.txt
SpawnPoolWorker-257| 2026-06-22 00:09:27,670,670 multiprocessing INFO child process calling self.run()
SpawnPoolWorker-251| 2026-06-22 00:09:27,731,731 multiprocessing INFO STARTING NEW RUN ==========
SpawnPoolWorker-251| 2026-06-22 00:09:27,731,731 multiprocessing INFO SEE LOG AT : ./logs/all_Lyapunov_test_dso-fn_d_all_n_01_log.txt
SpawnPoolWorker-251| 2026-06-22 00:09:27,731,731 multiprocessing INFO See log at : ./logs/all_Lyapunov_test_dso-fn_d_all_n_01_log.txt
SpawnPoolWorker-251| 2026-06-22 00:09:27,746,746 multiprocessing INFO child process calling self.run()
SpawnPoolWorker-252| 2026-06-22 00:09:27,828,828 multiprocessing INFO STARTING NEW RUN ==========
SpawnPoolWorker-252| 2026-06-22 00:09:27,828,828 multiprocessing INFO SEE LOG AT : ./logs/all_Lyapunov_test_dso-fn_d_all_n_01_log.txt
SpawnPoolWorker-252| 2026-06-22 00:09:27,828,828 multiprocessing INFO See log at : ./logs/all_Lyapunov_test_dso-fn_d_all_n_01_log.txt
SpawnPoolWorker-252| 2026-06-22 00:09:27,830,830 multiprocessing INFO child process calling self.run()
SpawnPoolWorker-258| 2026-06-22 00:09:28,195,195 multiprocessing INFO STARTING NEW RUN ==========
SpawnPoolWorker-258| 2026-06-22 00:09:28,195,195 multiprocessing INFO SEE LOG AT : ./logs/all_Lyapunov_test_dso-fn_d_all_n_01_log.txt
SpawnPoolWorker-258| 2026-06-22 00:09:28,195,195 multiprocessing INFO See log at : ./logs/all_Lyapunov_test_dso-fn_d_all_n_01_log.txt
SpawnPoolWorker-258| 2026-06-22 00:09:28,199,199 multiprocessing INFO child process calling self.run()
SpawnPoolWorker-249| 2026-06-22 00:09:28,534,534 multiprocessing INFO STARTING NEW RUN ==========
SpawnPoolWorker-249| 2026-06-22 00:09:28,535,535 multiprocessing INFO SEE LOG AT : ./logs/all_Lyapunov_test_dso-fn_d_all_n_01_log.txt
SpawnPoolWorker-249| 2026-06-22 00:09:28,535,535 multiprocessing INFO See log at : ./logs/all_Lyapunov_test_dso-fn_d_all_n_01_log.txt
SpawnPoolWorker-249| 2026-06-22 00:09:28,541,541 multiprocessing INFO child process calling self.run()
SpawnPoolWorker-253| 2026-06-22 00:09:28,681,681 multiprocessing INFO STARTING NEW RUN ==========
SpawnPoolWorker-253| 2026-06-22 00:09:28,681,681 multiprocessing INFO SEE LOG AT : ./logs/all_Lyapunov_test_dso-fn_d_all_n_01_log.txt
SpawnPoolWorker-253| 2026-06-22 00:09:28,681,681 multiprocessing INFO See log at : ./logs/all_Lyapunov_test_dso-fn_d_all_n_01_log.txt
SpawnPoolWorker-253| 2026-06-22 00:09:28,683,683 multiprocessing INFO child process calling self.run()
SpawnPoolWorker-263| 2026-06-22 00:09:28,838,838 multiprocessing INFO STARTING NEW RUN ==========
SpawnPoolWorker-263| 2026-06-22 00:09:28,838,838 multiprocessing INFO SEE LOG AT : ./logs/all_Lyapunov_test_dso-fn_d_all_n_01_log.txt
SpawnPoolWorker-263| 2026-06-22 00:09:28,838,838 multiprocessing INFO See log at : ./logs/all_Lyapunov_test_dso-fn_d_all_n_01_log.txt
SpawnPoolWorker-263| 2026-06-22 00:09:28,839,839 multiprocessing INFO child process calling self.run()
SpawnPoolWorker-264| 2026-06-22 00:09:29,048,48 multiprocessing INFO STARTING NEW RUN ==========
SpawnPoolWorker-264| 2026-06-22 00:09:29,048,48 multiprocessing INFO SEE LOG AT : ./logs/all_Lyapunov_test_dso-fn_d_all_n_01_log.txt
SpawnPoolWorker-264| 2026-06-22 00:09:29,048,48 multiprocessing INFO See log at : ./logs/all_Lyapunov_test_dso-fn_d_all_n_01_log.txt
SpawnPoolWorker-264| 2026-06-22 00:09:29,061,61 multiprocessing INFO child process calling self.run()
SpawnPoolWorker-260| 2026-06-22 00:09:29,073,73 multiprocessing INFO STARTING NEW RUN ==========
SpawnPoolWorker-260| 2026-06-22 00:09:29,073,73 multiprocessing INFO SEE LOG AT : ./logs/all_Lyapunov_test_dso-fn_d_all_n_01_log.txt
SpawnPoolWorker-260| 2026-06-22 00:09:29,073,73 multiprocessing INFO See log at : ./logs/all_Lyapunov_test_dso-fn_d_all_n_01_log.txt
SpawnPoolWorker-260| 2026-06-22 00:09:29,089,89 multiprocessing INFO child process calling self.run()
SpawnPoolWorker-265| 2026-06-22 00:09:29,409,409 multiprocessing INFO STARTING NEW RUN ==========
SpawnPoolWorker-265| 2026-06-22 00:09:29,409,409 multiprocessing INFO SEE LOG AT : ./logs/all_Lyapunov_test_dso-fn_d_all_n_01_log.txt
SpawnPoolWorker-265| 2026-06-22 00:09:29,409,409 multiprocessing INFO See log at : ./logs/all_Lyapunov_test_dso-fn_d_all_n_01_log.txt
SpawnPoolWorker-265| 2026-06-22 00:09:29,418,418 multiprocessing INFO child process calling self.run()
SpawnPoolWorker-254| 2026-06-22 00:09:29,507,507 multiprocessing INFO STARTING NEW RUN ==========
SpawnPoolWorker-254| 2026-06-22 00:09:29,507,507 multiprocessing INFO SEE LOG AT : ./logs/all_Lyapunov_test_dso-fn_d_all_n_01_log.txt
SpawnPoolWorker-254| 2026-06-22 00:09:29,507,507 multiprocessing INFO See log at : ./logs/all_Lyapunov_test_dso-fn_d_all_n_01_log.txt
SpawnPoolWorker-254| 2026-06-22 00:09:29,509,509 multiprocessing INFO child process calling self.run()
SpawnPoolWorker-259| 2026-06-22 00:09:29,523,523 multiprocessing INFO STARTING NEW RUN ==========
SpawnPoolWorker-259| 2026-06-22 00:09:29,523,523 multiprocessing INFO SEE LOG AT : ./logs/all_Lyapunov_test_dso-fn_d_all_n_01_log.txt
SpawnPoolWorker-259| 2026-06-22 00:09:29,523,523 multiprocessing INFO See log at : ./logs/all_Lyapunov_test_dso-fn_d_all_n_01_log.txt
SpawnPoolWorker-259| 2026-06-22 00:09:29,525,525 multiprocessing INFO child process calling self.run()
SpawnPoolWorker-261| 2026-06-22 00:09:30,127,127 multiprocessing INFO STARTING NEW RUN ==========
SpawnPoolWorker-261| 2026-06-22 00:09:30,127,127 multiprocessing INFO SEE LOG AT : ./logs/all_Lyapunov_test_dso-fn_d_all_n_01_log.txt
SpawnPoolWorker-261| 2026-06-22 00:09:30,127,127 multiprocessing INFO See log at : ./logs/all_Lyapunov_test_dso-fn_d_all_n_01_log.txt
SpawnPoolWorker-261| 2026-06-22 00:09:30,129,129 multiprocessing INFO child process calling self.run()
SpawnPoolWorker-269| 2026-06-22 00:09:30,383,383 multiprocessing INFO STARTING NEW RUN ==========
SpawnPoolWorker-269| 2026-06-22 00:09:30,383,383 multiprocessing INFO SEE LOG AT : ./logs/all_Lyapunov_test_dso-fn_d_all_n_01_log.txt
SpawnPoolWorker-269| 2026-06-22 00:09:30,383,383 multiprocessing INFO See log at : ./logs/all_Lyapunov_test_dso-fn_d_all_n_01_log.txt
SpawnPoolWorker-269| 2026-06-22 00:09:30,412,412 multiprocessing INFO child process calling self.run()
SpawnPoolWorker-262| 2026-06-22 00:09:30,432,432 multiprocessing INFO STARTING NEW RUN ==========
SpawnPoolWorker-262| 2026-06-22 00:09:30,432,432 multiprocessing INFO SEE LOG AT : ./logs/all_Lyapunov_test_dso-fn_d_all_n_01_log.txt
SpawnPoolWorker-262| 2026-06-22 00:09:30,432,432 multiprocessing INFO See log at : ./logs/all_Lyapunov_test_dso-fn_d_all_n_01_log.txt
SpawnPoolWorker-262| 2026-06-22 00:09:30,434,434 multiprocessing INFO child process calling self.run()
SpawnPoolWorker-267| 2026-06-22 00:09:30,663,663 multiprocessing INFO STARTING NEW RUN ==========
SpawnPoolWorker-267| 2026-06-22 00:09:30,663,663 multiprocessing INFO SEE LOG AT : ./logs/all_Lyapunov_test_dso-fn_d_all_n_01_log.txt
SpawnPoolWorker-267| 2026-06-22 00:09:30,663,663 multiprocessing INFO See log at : ./logs/all_Lyapunov_test_dso-fn_d_all_n_01_log.txt
SpawnPoolWorker-267| 2026-06-22 00:09:30,685,685 multiprocessing INFO child process calling self.run()
SpawnPoolWorker-266| 2026-06-22 00:09:30,815,815 multiprocessing INFO STARTING NEW RUN ==========
SpawnPoolWorker-266| 2026-06-22 00:09:30,815,815 multiprocessing INFO SEE LOG AT : ./logs/all_Lyapunov_test_dso-fn_d_all_n_01_log.txt
SpawnPoolWorker-266| 2026-06-22 00:09:30,815,815 multiprocessing INFO See log at : ./logs/all_Lyapunov_test_dso-fn_d_all_n_01_log.txt
SpawnPoolWorker-266| 2026-06-22 00:09:30,817,817 multiprocessing INFO child process calling self.run()
SpawnPoolWorker-271| 2026-06-22 00:09:31,314,314 multiprocessing INFO STARTING NEW RUN ==========
SpawnPoolWorker-271| 2026-06-22 00:09:31,314,314 multiprocessing INFO SEE LOG AT : ./logs/all_Lyapunov_test_dso-fn_d_all_n_01_log.txt
SpawnPoolWorker-271| 2026-06-22 00:09:31,314,314 multiprocessing INFO See log at : ./logs/all_Lyapunov_test_dso-fn_d_all_n_01_log.txt
SpawnPoolWorker-271| 2026-06-22 00:09:31,317,317 multiprocessing INFO child process calling self.run()
SpawnPoolWorker-272| 2026-06-22 00:09:31,362,362 multiprocessing INFO STARTING NEW RUN ==========
SpawnPoolWorker-272| 2026-06-22 00:09:31,363,363 multiprocessing INFO SEE LOG AT : ./logs/all_Lyapunov_test_dso-fn_d_all_n_01_log.txt
SpawnPoolWorker-272| 2026-06-22 00:09:31,363,363 multiprocessing INFO See log at : ./logs/all_Lyapunov_test_dso-fn_d_all_n_01_log.txt
SpawnPoolWorker-272| 2026-06-22 00:09:31,374,374 multiprocessing INFO child process calling self.run()
SpawnPoolWorker-270| 2026-06-22 00:09:31,417,417 multiprocessing INFO STARTING NEW RUN ==========
SpawnPoolWorker-270| 2026-06-22 00:09:31,417,417 multiprocessing INFO SEE LOG AT : ./logs/all_Lyapunov_test_dso-fn_d_all_n_01_log.txt
SpawnPoolWorker-270| 2026-06-22 00:09:31,417,417 multiprocessing INFO See log at : ./logs/all_Lyapunov_test_dso-fn_d_all_n_01_log.txt
SpawnPoolWorker-270| 2026-06-22 00:09:31,421,421 multiprocessing INFO child process calling self.run()
SpawnPoolWorker-268| 2026-06-22 00:09:31,550,550 multiprocessing INFO STARTING NEW RUN ==========
SpawnPoolWorker-268| 2026-06-22 00:09:31,550,550 multiprocessing INFO SEE LOG AT : ./logs/all_Lyapunov_test_dso-fn_d_all_n_01_log.txt
SpawnPoolWorker-268| 2026-06-22 00:09:31,550,550 multiprocessing INFO See log at : ./logs/all_Lyapunov_test_dso-fn_d_all_n_01_log.txt
SpawnPoolWorker-268| 2026-06-22 00:09:31,552,552 multiprocessing INFO child process calling self.run()
SpawnPoolWorker-265| 2026-06-22 00:10:41,389,389 multiprocessing INFO process shutting down
SpawnPoolWorker-256| 2026-06-22 00:10:41,389,389 multiprocessing INFO process shutting down
SpawnPoolWorker-251| 2026-06-22 00:10:41,389,389 multiprocessing INFO process shutting down
SpawnPoolWorker-265| 2026-06-22 00:10:41,389,389 multiprocessing INFO process exiting with exitcode 0
SpawnPoolWorker-262| 2026-06-22 00:10:41,389,389 multiprocessing INFO process shutting down
SpawnPoolWorker-256| 2026-06-22 00:10:41,389,389 multiprocessing INFO process exiting with exitcode 0
SpawnPoolWorker-255| 2026-06-22 00:10:41,389,389 multiprocessing INFO process shutting down
SpawnPoolWorker-249| 2026-06-22 00:10:41,389,389 multiprocessing INFO process shutting down
SpawnPoolWorker-251| 2026-06-22 00:10:41,390,390 multiprocessing INFO process exiting with exitcode 0
SpawnPoolWorker-262| 2026-06-22 00:10:41,390,390 multiprocessing INFO process exiting with exitcode 0
SpawnPoolWorker-258| 2026-06-22 00:10:41,389,389 multiprocessing INFO process shutting down
SpawnPoolWorker-249| 2026-06-22 00:10:41,390,390 multiprocessing INFO process exiting with exitcode 0
SpawnPoolWorker-255| 2026-06-22 00:10:41,390,390 multiprocessing INFO process exiting with exitcode 0
SpawnPoolWorker-258| 2026-06-22 00:10:41,390,390 multiprocessing INFO process exiting with exitcode 0
SpawnPoolWorker-257| 2026-06-22 00:10:41,390,390 multiprocessing INFO process shutting down
SpawnPoolWorker-266| 2026-06-22 00:10:41,390,390 multiprocessing INFO process shutting down
SpawnPoolWorker-267| 2026-06-22 00:10:41,390,390 multiprocessing INFO process shutting down
SpawnPoolWorker-263| 2026-06-22 00:10:41,390,390 multiprocessing INFO process shutting down
SpawnPoolWorker-250| 2026-06-22 00:10:41,391,391 multiprocessing INFO process shutting down
SpawnPoolWorker-269| 2026-06-22 00:10:41,391,391 multiprocessing INFO process shutting down
SpawnPoolWorker-271| 2026-06-22 00:10:41,391,391 multiprocessing INFO process shutting down
SpawnPoolWorker-268| 2026-06-22 00:10:41,391,391 multiprocessing INFO process shutting down
SpawnPoolWorker-272| 2026-06-22 00:10:41,391,391 multiprocessing INFO process shutting down
SpawnPoolWorker-261| 2026-06-22 00:10:41,391,391 multiprocessing INFO process shutting down
SpawnPoolWorker-252| 2026-06-22 00:10:41,391,391 multiprocessing INFO process shutting down
SpawnPoolWorker-260| 2026-06-22 00:10:41,391,391 multiprocessing INFO process shutting down
SpawnPoolWorker-270| 2026-06-22 00:10:41,391,391 multiprocessing INFO process shutting down
SpawnPoolWorker-264| 2026-06-22 00:10:41,391,391 multiprocessing INFO process shutting down
28
(100000, 8)
(100000,)
(100000, 8)
(100000,)

=======================Successfully Added (50000, 8) Counter Examples=======================


============None of the candidates fulfill the conditions. Training CONTINUES!=================

MainProcess| 2026-06-22 00:10:44,721,721 multiprocessing INFO 
============None of the candidates fulfill the conditions. Training CONTINUES!=================


============None of the candidates fulfill the conditions. Training CONTINUES!=================

(55, 164)
/users/9/chen8596/miniconda3/envs/alfd/lib/python3.9/site-packages/torch/nn/functional.py:4999: UserWarning: Support for mismatched key_padding_mask and attn_mask is deprecated. Use same type for both instead.
  warnings.warn(

==============Start Supervised Learning==============

MainProcess| 2026-06-22 00:10:50,723,723 multiprocessing INFO GP output mean: 0.9764116773565347
GP output mean: 0.9764116773565347
MainProcess| 2026-06-22 00:10:51,610,610 multiprocessing INFO GP output success rate: 0.0
GP output success rate: 0.0

==============End Supervised Learning==============

MainProcess| 2026-06-22 00:10:54,086,86 multiprocessing INFO [Test epoch=0008]  nevals=110122 	| train_loss=13290.57422 	| eqs_invalid %=0.00 	| r_best=0.98810 	| quantile=0.39577 	| r_quantile_mean=0.90033 	| r_raw_sum=51.60879 	|  r_raw_mean=0.77028 	| r2=nan 	| acc_iid=0.00000 	| acc_ood=0.00000 	| nmse_test=0.11517668148937704 	| true_equation_set_count=0 	| s/it=311.41852
[Test epoch=0008]  nevals=110122 	| train_loss=13290.57422 	| eqs_invalid %=0.00 	| r_best=0.98810 	| quantile=0.39577 	| r_quantile_mean=0.90033 	| r_raw_sum=51.60879 	|  r_raw_mean=0.77028 	| r2=nan 	| acc_iid=0.00000 	| acc_ood=0.00000 	| nmse_test=0.11517668148937704 	| true_equation_set_count=0 	| s/it=311.41852
MainProcess| 2026-06-22 00:14:19,242,242 multiprocessing INFO Genetic Porgramming Runtime 203.86541717499495
Genetic Porgramming Runtime 203.86541717499495

=========================PGD Collection Starts=========================

SpawnPoolWorker-274| 2026-06-22 00:14:25,484,484 multiprocessing INFO STARTING NEW RUN ==========
SpawnPoolWorker-274| 2026-06-22 00:14:25,485,485 multiprocessing INFO SEE LOG AT : ./logs/all_Lyapunov_test_dso-fn_d_all_n_01_log.txt
SpawnPoolWorker-274| 2026-06-22 00:14:25,485,485 multiprocessing INFO See log at : ./logs/all_Lyapunov_test_dso-fn_d_all_n_01_log.txt
SpawnPoolWorker-279| 2026-06-22 00:14:25,486,486 multiprocessing INFO STARTING NEW RUN ==========
SpawnPoolWorker-279| 2026-06-22 00:14:25,486,486 multiprocessing INFO SEE LOG AT : ./logs/all_Lyapunov_test_dso-fn_d_all_n_01_log.txt
SpawnPoolWorker-279| 2026-06-22 00:14:25,486,486 multiprocessing INFO See log at : ./logs/all_Lyapunov_test_dso-fn_d_all_n_01_log.txt
SpawnPoolWorker-279| 2026-06-22 00:14:25,488,488 multiprocessing INFO child process calling self.run()
SpawnPoolWorker-274| 2026-06-22 00:14:25,488,488 multiprocessing INFO child process calling self.run()
SpawnPoolWorker-276| 2026-06-22 00:14:25,488,488 multiprocessing INFO STARTING NEW RUN ==========
SpawnPoolWorker-278| 2026-06-22 00:14:25,488,488 multiprocessing INFO STARTING NEW RUN ==========
SpawnPoolWorker-281| 2026-06-22 00:14:25,488,488 multiprocessing INFO STARTING NEW RUN ==========
SpawnPoolWorker-273| 2026-06-22 00:14:25,488,488 multiprocessing INFO STARTING NEW RUN ==========
SpawnPoolWorker-276| 2026-06-22 00:14:25,488,488 multiprocessing INFO SEE LOG AT : ./logs/all_Lyapunov_test_dso-fn_d_all_n_01_log.txt
SpawnPoolWorker-278| 2026-06-22 00:14:25,488,488 multiprocessing INFO SEE LOG AT : ./logs/all_Lyapunov_test_dso-fn_d_all_n_01_log.txt
SpawnPoolWorker-281| 2026-06-22 00:14:25,488,488 multiprocessing INFO SEE LOG AT : ./logs/all_Lyapunov_test_dso-fn_d_all_n_01_log.txt
SpawnPoolWorker-273| 2026-06-22 00:14:25,488,488 multiprocessing INFO SEE LOG AT : ./logs/all_Lyapunov_test_dso-fn_d_all_n_01_log.txt
SpawnPoolWorker-276| 2026-06-22 00:14:25,488,488 multiprocessing INFO See log at : ./logs/all_Lyapunov_test_dso-fn_d_all_n_01_log.txt
SpawnPoolWorker-278| 2026-06-22 00:14:25,488,488 multiprocessing INFO See log at : ./logs/all_Lyapunov_test_dso-fn_d_all_n_01_log.txt
SpawnPoolWorker-281| 2026-06-22 00:14:25,488,488 multiprocessing INFO See log at : ./logs/all_Lyapunov_test_dso-fn_d_all_n_01_log.txt
SpawnPoolWorker-273| 2026-06-22 00:14:25,488,488 multiprocessing INFO See log at : ./logs/all_Lyapunov_test_dso-fn_d_all_n_01_log.txt
SpawnPoolWorker-281| 2026-06-22 00:14:25,490,490 multiprocessing INFO child process calling self.run()
SpawnPoolWorker-280| 2026-06-22 00:14:25,490,490 multiprocessing INFO STARTING NEW RUN ==========
SpawnPoolWorker-276| 2026-06-22 00:14:25,490,490 multiprocessing INFO child process calling self.run()
SpawnPoolWorker-280| 2026-06-22 00:14:25,490,490 multiprocessing INFO SEE LOG AT : ./logs/all_Lyapunov_test_dso-fn_d_all_n_01_log.txt
SpawnPoolWorker-273| 2026-06-22 00:14:25,490,490 multiprocessing INFO child process calling self.run()
SpawnPoolWorker-280| 2026-06-22 00:14:25,490,490 multiprocessing INFO See log at : ./logs/all_Lyapunov_test_dso-fn_d_all_n_01_log.txt
SpawnPoolWorker-278| 2026-06-22 00:14:25,490,490 multiprocessing INFO child process calling self.run()
SpawnPoolWorker-282| 2026-06-22 00:14:25,491,491 multiprocessing INFO STARTING NEW RUN ==========
SpawnPoolWorker-282| 2026-06-22 00:14:25,491,491 multiprocessing INFO SEE LOG AT : ./logs/all_Lyapunov_test_dso-fn_d_all_n_01_log.txt
SpawnPoolWorker-282| 2026-06-22 00:14:25,491,491 multiprocessing INFO See log at : ./logs/all_Lyapunov_test_dso-fn_d_all_n_01_log.txt
SpawnPoolWorker-280| 2026-06-22 00:14:25,491,491 multiprocessing INFO child process calling self.run()
SpawnPoolWorker-282| 2026-06-22 00:14:25,493,493 multiprocessing INFO child process calling self.run()
SpawnPoolWorker-277| 2026-06-22 00:14:25,497,497 multiprocessing INFO STARTING NEW RUN ==========
SpawnPoolWorker-277| 2026-06-22 00:14:25,497,497 multiprocessing INFO SEE LOG AT : ./logs/all_Lyapunov_test_dso-fn_d_all_n_01_log.txt
SpawnPoolWorker-277| 2026-06-22 00:14:25,497,497 multiprocessing INFO See log at : ./logs/all_Lyapunov_test_dso-fn_d_all_n_01_log.txt
SpawnPoolWorker-275| 2026-06-22 00:14:25,499,499 multiprocessing INFO STARTING NEW RUN ==========
SpawnPoolWorker-277| 2026-06-22 00:14:25,499,499 multiprocessing INFO child process calling self.run()
SpawnPoolWorker-275| 2026-06-22 00:14:25,499,499 multiprocessing INFO SEE LOG AT : ./logs/all_Lyapunov_test_dso-fn_d_all_n_01_log.txt
SpawnPoolWorker-275| 2026-06-22 00:14:25,499,499 multiprocessing INFO See log at : ./logs/all_Lyapunov_test_dso-fn_d_all_n_01_log.txt
SpawnPoolWorker-275| 2026-06-22 00:14:25,500,500 multiprocessing INFO child process calling self.run()
SpawnPoolWorker-280| 2026-06-22 00:14:46,509,509 multiprocessing INFO process shutting down
SpawnPoolWorker-276| 2026-06-22 00:14:46,509,509 multiprocessing INFO process shutting down
SpawnPoolWorker-282| 2026-06-22 00:14:46,509,509 multiprocessing INFO process shutting down
SpawnPoolWorker-276| 2026-06-22 00:14:46,509,509 multiprocessing INFO process exiting with exitcode 0
SpawnPoolWorker-278| 2026-06-22 00:14:46,509,509 multiprocessing INFO process shutting down
SpawnPoolWorker-280| 2026-06-22 00:14:46,509,509 multiprocessing INFO process exiting with exitcode 0
SpawnPoolWorker-274| 2026-06-22 00:14:46,509,509 multiprocessing INFO process shutting down
SpawnPoolWorker-277| 2026-06-22 00:14:46,509,509 multiprocessing INFO process shutting down
SpawnPoolWorker-282| 2026-06-22 00:14:46,509,509 multiprocessing INFO process exiting with exitcode 0
SpawnPoolWorker-278| 2026-06-22 00:14:46,509,509 multiprocessing INFO process exiting with exitcode 0
SpawnPoolWorker-279| 2026-06-22 00:14:46,509,509 multiprocessing INFO process shutting down
(20000,)

===================Collect 20000 Examples===================

Epsilon 0.1
500
(550,)
(550,)
(55,)
Number of Programs for Minimization: 28
SpawnPoolWorker-285| 2026-06-22 00:15:07,803,803 multiprocessing INFO STARTING NEW RUN ==========
SpawnPoolWorker-285| 2026-06-22 00:15:07,804,804 multiprocessing INFO SEE LOG AT : ./logs/all_Lyapunov_test_dso-fn_d_all_n_01_log.txt
SpawnPoolWorker-285| 2026-06-22 00:15:07,804,804 multiprocessing INFO See log at : ./logs/all_Lyapunov_test_dso-fn_d_all_n_01_log.txt
SpawnPoolWorker-285| 2026-06-22 00:15:07,808,808 multiprocessing INFO child process calling self.run()
SpawnPoolWorker-284| 2026-06-22 00:15:08,028,28 multiprocessing INFO STARTING NEW RUN ==========
SpawnPoolWorker-284| 2026-06-22 00:15:08,028,28 multiprocessing INFO SEE LOG AT : ./logs/all_Lyapunov_test_dso-fn_d_all_n_01_log.txt
SpawnPoolWorker-284| 2026-06-22 00:15:08,028,28 multiprocessing INFO See log at : ./logs/all_Lyapunov_test_dso-fn_d_all_n_01_log.txt
SpawnPoolWorker-284| 2026-06-22 00:15:08,030,30 multiprocessing INFO child process calling self.run()
SpawnPoolWorker-289| 2026-06-22 00:15:08,236,236 multiprocessing INFO STARTING NEW RUN ==========
SpawnPoolWorker-289| 2026-06-22 00:15:08,236,236 multiprocessing INFO SEE LOG AT : ./logs/all_Lyapunov_test_dso-fn_d_all_n_01_log.txt
SpawnPoolWorker-289| 2026-06-22 00:15:08,236,236 multiprocessing INFO See log at : ./logs/all_Lyapunov_test_dso-fn_d_all_n_01_log.txt
SpawnPoolWorker-289| 2026-06-22 00:15:08,243,243 multiprocessing INFO child process calling self.run()
SpawnPoolWorker-288| 2026-06-22 00:15:08,410,410 multiprocessing INFO STARTING NEW RUN ==========
SpawnPoolWorker-288| 2026-06-22 00:15:08,410,410 multiprocessing INFO SEE LOG AT : ./logs/all_Lyapunov_test_dso-fn_d_all_n_01_log.txt
SpawnPoolWorker-288| 2026-06-22 00:15:08,410,410 multiprocessing INFO See log at : ./logs/all_Lyapunov_test_dso-fn_d_all_n_01_log.txt
SpawnPoolWorker-288| 2026-06-22 00:15:08,418,418 multiprocessing INFO child process calling self.run()
SpawnPoolWorker-283| 2026-06-22 00:15:08,514,514 multiprocessing INFO STARTING NEW RUN ==========
SpawnPoolWorker-283| 2026-06-22 00:15:08,514,514 multiprocessing INFO SEE LOG AT : ./logs/all_Lyapunov_test_dso-fn_d_all_n_01_log.txt
SpawnPoolWorker-283| 2026-06-22 00:15:08,514,514 multiprocessing INFO See log at : ./logs/all_Lyapunov_test_dso-fn_d_all_n_01_log.txt
SpawnPoolWorker-283| 2026-06-22 00:15:08,516,516 multiprocessing INFO child process calling self.run()
SpawnPoolWorker-304| 2026-06-22 00:15:08,857,857 multiprocessing INFO STARTING NEW RUN ==========
SpawnPoolWorker-304| 2026-06-22 00:15:08,857,857 multiprocessing INFO SEE LOG AT : ./logs/all_Lyapunov_test_dso-fn_d_all_n_01_log.txt
SpawnPoolWorker-304| 2026-06-22 00:15:08,857,857 multiprocessing INFO See log at : ./logs/all_Lyapunov_test_dso-fn_d_all_n_01_log.txt
SpawnPoolWorker-304| 2026-06-22 00:15:08,867,867 multiprocessing INFO child process calling self.run()
SpawnPoolWorker-305| 2026-06-22 00:15:08,891,891 multiprocessing INFO STARTING NEW RUN ==========
SpawnPoolWorker-305| 2026-06-22 00:15:08,891,891 multiprocessing INFO SEE LOG AT : ./logs/all_Lyapunov_test_dso-fn_d_all_n_01_log.txt
SpawnPoolWorker-305| 2026-06-22 00:15:08,891,891 multiprocessing INFO See log at : ./logs/all_Lyapunov_test_dso-fn_d_all_n_01_log.txt
SpawnPoolWorker-305| 2026-06-22 00:15:08,894,894 multiprocessing INFO child process calling self.run()
SpawnPoolWorker-293| 2026-06-22 00:15:08,929,929 multiprocessing INFO STARTING NEW RUN ==========
SpawnPoolWorker-293| 2026-06-22 00:15:08,930,930 multiprocessing INFO SEE LOG AT : ./logs/all_Lyapunov_test_dso-fn_d_all_n_01_log.txt
SpawnPoolWorker-293| 2026-06-22 00:15:08,930,930 multiprocessing INFO See log at : ./logs/all_Lyapunov_test_dso-fn_d_all_n_01_log.txt
SpawnPoolWorker-293| 2026-06-22 00:15:08,935,935 multiprocessing INFO child process calling self.run()
SpawnPoolWorker-292| 2026-06-22 00:15:09,081,81 multiprocessing INFO STARTING NEW RUN ==========
SpawnPoolWorker-292| 2026-06-22 00:15:09,082,82 multiprocessing INFO SEE LOG AT : ./logs/all_Lyapunov_test_dso-fn_d_all_n_01_log.txt
SpawnPoolWorker-292| 2026-06-22 00:15:09,082,82 multiprocessing INFO See log at : ./logs/all_Lyapunov_test_dso-fn_d_all_n_01_log.txt
SpawnPoolWorker-292| 2026-06-22 00:15:09,095,95 multiprocessing INFO child process calling self.run()
SpawnPoolWorker-287| 2026-06-22 00:15:09,208,208 multiprocessing INFO STARTING NEW RUN ==========
SpawnPoolWorker-287| 2026-06-22 00:15:09,208,208 multiprocessing INFO SEE LOG AT : ./logs/all_Lyapunov_test_dso-fn_d_all_n_01_log.txt
SpawnPoolWorker-287| 2026-06-22 00:15:09,208,208 multiprocessing INFO See log at : ./logs/all_Lyapunov_test_dso-fn_d_all_n_01_log.txt
SpawnPoolWorker-287| 2026-06-22 00:15:09,210,210 multiprocessing INFO child process calling self.run()
SpawnPoolWorker-286| 2026-06-22 00:15:09,352,352 multiprocessing INFO STARTING NEW RUN ==========
SpawnPoolWorker-286| 2026-06-22 00:15:09,352,352 multiprocessing INFO SEE LOG AT : ./logs/all_Lyapunov_test_dso-fn_d_all_n_01_log.txt
SpawnPoolWorker-286| 2026-06-22 00:15:09,352,352 multiprocessing INFO See log at : ./logs/all_Lyapunov_test_dso-fn_d_all_n_01_log.txt
SpawnPoolWorker-286| 2026-06-22 00:15:09,357,357 multiprocessing INFO child process calling self.run()
SpawnPoolWorker-296| 2026-06-22 00:15:09,424,424 multiprocessing INFO STARTING NEW RUN ==========
SpawnPoolWorker-296| 2026-06-22 00:15:09,424,424 multiprocessing INFO SEE LOG AT : ./logs/all_Lyapunov_test_dso-fn_d_all_n_01_log.txt
SpawnPoolWorker-296| 2026-06-22 00:15:09,424,424 multiprocessing INFO See log at : ./logs/all_Lyapunov_test_dso-fn_d_all_n_01_log.txt
SpawnPoolWorker-296| 2026-06-22 00:15:09,431,431 multiprocessing INFO child process calling self.run()
SpawnPoolWorker-299| 2026-06-22 00:15:09,543,543 multiprocessing INFO STARTING NEW RUN ==========
SpawnPoolWorker-299| 2026-06-22 00:15:09,543,543 multiprocessing INFO SEE LOG AT : ./logs/all_Lyapunov_test_dso-fn_d_all_n_01_log.txt
SpawnPoolWorker-299| 2026-06-22 00:15:09,543,543 multiprocessing INFO See log at : ./logs/all_Lyapunov_test_dso-fn_d_all_n_01_log.txt
SpawnPoolWorker-299| 2026-06-22 00:15:09,546,546 multiprocessing INFO child process calling self.run()
SpawnPoolWorker-300| 2026-06-22 00:15:09,581,581 multiprocessing INFO STARTING NEW RUN ==========
SpawnPoolWorker-300| 2026-06-22 00:15:09,581,581 multiprocessing INFO SEE LOG AT : ./logs/all_Lyapunov_test_dso-fn_d_all_n_01_log.txt
SpawnPoolWorker-300| 2026-06-22 00:15:09,581,581 multiprocessing INFO See log at : ./logs/all_Lyapunov_test_dso-fn_d_all_n_01_log.txt
SpawnPoolWorker-300| 2026-06-22 00:15:09,587,587 multiprocessing INFO child process calling self.run()
SpawnPoolWorker-290| 2026-06-22 00:15:09,629,629 multiprocessing INFO STARTING NEW RUN ==========
SpawnPoolWorker-290| 2026-06-22 00:15:09,629,629 multiprocessing INFO SEE LOG AT : ./logs/all_Lyapunov_test_dso-fn_d_all_n_01_log.txt
SpawnPoolWorker-290| 2026-06-22 00:15:09,629,629 multiprocessing INFO See log at : ./logs/all_Lyapunov_test_dso-fn_d_all_n_01_log.txt
SpawnPoolWorker-290| 2026-06-22 00:15:09,632,632 multiprocessing INFO child process calling self.run()
SpawnPoolWorker-303| 2026-06-22 00:15:09,917,917 multiprocessing INFO STARTING NEW RUN ==========
SpawnPoolWorker-303| 2026-06-22 00:15:09,917,917 multiprocessing INFO SEE LOG AT : ./logs/all_Lyapunov_test_dso-fn_d_all_n_01_log.txt
SpawnPoolWorker-303| 2026-06-22 00:15:09,917,917 multiprocessing INFO See log at : ./logs/all_Lyapunov_test_dso-fn_d_all_n_01_log.txt
SpawnPoolWorker-303| 2026-06-22 00:15:09,920,920 multiprocessing INFO child process calling self.run()
SpawnPoolWorker-291| 2026-06-22 00:15:10,094,94 multiprocessing INFO STARTING NEW RUN ==========
SpawnPoolWorker-291| 2026-06-22 00:15:10,094,94 multiprocessing INFO SEE LOG AT : ./logs/all_Lyapunov_test_dso-fn_d_all_n_01_log.txt
SpawnPoolWorker-291| 2026-06-22 00:15:10,094,94 multiprocessing INFO See log at : ./logs/all_Lyapunov_test_dso-fn_d_all_n_01_log.txt
SpawnPoolWorker-291| 2026-06-22 00:15:10,097,97 multiprocessing INFO child process calling self.run()
SpawnPoolWorker-301| 2026-06-22 00:15:10,303,303 multiprocessing INFO STARTING NEW RUN ==========
SpawnPoolWorker-301| 2026-06-22 00:15:10,304,304 multiprocessing INFO SEE LOG AT : ./logs/all_Lyapunov_test_dso-fn_d_all_n_01_log.txt
SpawnPoolWorker-301| 2026-06-22 00:15:10,304,304 multiprocessing INFO See log at : ./logs/all_Lyapunov_test_dso-fn_d_all_n_01_log.txt
SpawnPoolWorker-301| 2026-06-22 00:15:10,306,306 multiprocessing INFO child process calling self.run()
SpawnPoolWorker-302| 2026-06-22 00:15:10,356,356 multiprocessing INFO STARTING NEW RUN ==========
SpawnPoolWorker-302| 2026-06-22 00:15:10,356,356 multiprocessing INFO SEE LOG AT : ./logs/all_Lyapunov_test_dso-fn_d_all_n_01_log.txt
SpawnPoolWorker-302| 2026-06-22 00:15:10,356,356 multiprocessing INFO See log at : ./logs/all_Lyapunov_test_dso-fn_d_all_n_01_log.txt
SpawnPoolWorker-302| 2026-06-22 00:15:10,360,360 multiprocessing INFO child process calling self.run()
SpawnPoolWorker-297| 2026-06-22 00:15:10,511,511 multiprocessing INFO STARTING NEW RUN ==========
SpawnPoolWorker-297| 2026-06-22 00:15:10,511,511 multiprocessing INFO SEE LOG AT : ./logs/all_Lyapunov_test_dso-fn_d_all_n_01_log.txt
SpawnPoolWorker-297| 2026-06-22 00:15:10,511,511 multiprocessing INFO See log at : ./logs/all_Lyapunov_test_dso-fn_d_all_n_01_log.txt
SpawnPoolWorker-297| 2026-06-22 00:15:10,515,515 multiprocessing INFO child process calling self.run()
SpawnPoolWorker-298| 2026-06-22 00:15:10,565,565 multiprocessing INFO STARTING NEW RUN ==========
SpawnPoolWorker-298| 2026-06-22 00:15:10,565,565 multiprocessing INFO SEE LOG AT : ./logs/all_Lyapunov_test_dso-fn_d_all_n_01_log.txt
SpawnPoolWorker-298| 2026-06-22 00:15:10,565,565 multiprocessing INFO See log at : ./logs/all_Lyapunov_test_dso-fn_d_all_n_01_log.txt
SpawnPoolWorker-298| 2026-06-22 00:15:10,567,567 multiprocessing INFO child process calling self.run()
SpawnPoolWorker-294| 2026-06-22 00:15:10,771,771 multiprocessing INFO STARTING NEW RUN ==========
SpawnPoolWorker-294| 2026-06-22 00:15:10,771,771 multiprocessing INFO SEE LOG AT : ./logs/all_Lyapunov_test_dso-fn_d_all_n_01_log.txt
SpawnPoolWorker-294| 2026-06-22 00:15:10,771,771 multiprocessing INFO See log at : ./logs/all_Lyapunov_test_dso-fn_d_all_n_01_log.txt
SpawnPoolWorker-294| 2026-06-22 00:15:10,773,773 multiprocessing INFO child process calling self.run()
SpawnPoolWorker-295| 2026-06-22 00:15:11,026,26 multiprocessing INFO STARTING NEW RUN ==========
SpawnPoolWorker-295| 2026-06-22 00:15:11,026,26 multiprocessing INFO SEE LOG AT : ./logs/all_Lyapunov_test_dso-fn_d_all_n_01_log.txt
SpawnPoolWorker-295| 2026-06-22 00:15:11,026,26 multiprocessing INFO See log at : ./logs/all_Lyapunov_test_dso-fn_d_all_n_01_log.txt
SpawnPoolWorker-295| 2026-06-22 00:15:11,029,29 multiprocessing INFO child process calling self.run()
SpawnPoolWorker-306| 2026-06-22 00:15:12,037,37 multiprocessing INFO STARTING NEW RUN ==========
SpawnPoolWorker-306| 2026-06-22 00:15:12,037,37 multiprocessing INFO SEE LOG AT : ./logs/all_Lyapunov_test_dso-fn_d_all_n_01_log.txt
SpawnPoolWorker-306| 2026-06-22 00:15:12,037,37 multiprocessing INFO See log at : ./logs/all_Lyapunov_test_dso-fn_d_all_n_01_log.txt
SpawnPoolWorker-306| 2026-06-22 00:15:12,039,39 multiprocessing INFO child process calling self.run()
SpawnPoolWorker-304| 2026-06-22 00:16:20,046,46 multiprocessing INFO process shutting down
SpawnPoolWorker-285| 2026-06-22 00:16:20,046,46 multiprocessing INFO process shutting down
SpawnPoolWorker-291| 2026-06-22 00:16:20,046,46 multiprocessing INFO process shutting down
SpawnPoolWorker-304| 2026-06-22 00:16:20,046,46 multiprocessing INFO process exiting with exitcode 0
SpawnPoolWorker-302| 2026-06-22 00:16:20,046,46 multiprocessing INFO process shutting down
SpawnPoolWorker-285| 2026-06-22 00:16:20,047,47 multiprocessing INFO process exiting with exitcode 0
SpawnPoolWorker-283| 2026-06-22 00:16:20,046,46 multiprocessing INFO process shutting down
SpawnPoolWorker-291| 2026-06-22 00:16:20,047,47 multiprocessing INFO process exiting with exitcode 0
SpawnPoolWorker-305| 2026-06-22 00:16:20,046,46 multiprocessing INFO process shutting down
SpawnPoolWorker-294| 2026-06-22 00:16:20,047,47 multiprocessing INFO process shutting down
SpawnPoolWorker-283| 2026-06-22 00:16:20,047,47 multiprocessing INFO process exiting with exitcode 0
SpawnPoolWorker-305| 2026-06-22 00:16:20,047,47 multiprocessing INFO process exiting with exitcode 0
SpawnPoolWorker-287| 2026-06-22 00:16:20,047,47 multiprocessing INFO process shutting down
SpawnPoolWorker-290| 2026-06-22 00:16:20,047,47 multiprocessing INFO process shutting down
SpawnPoolWorker-296| 2026-06-22 00:16:20,047,47 multiprocessing INFO process shutting down
SpawnPoolWorker-297| 2026-06-22 00:16:20,047,47 multiprocessing INFO process shutting down
SpawnPoolWorker-306| 2026-06-22 00:16:20,047,47 multiprocessing INFO process shutting down
SpawnPoolWorker-293| 2026-06-22 00:16:20,047,47 multiprocessing INFO process shutting down
SpawnPoolWorker-289| 2026-06-22 00:16:20,048,48 multiprocessing INFO process shutting down
SpawnPoolWorker-298| 2026-06-22 00:16:20,048,48 multiprocessing INFO process shutting down
SpawnPoolWorker-284| 2026-06-22 00:16:20,048,48 multiprocessing INFO process shutting down
SpawnPoolWorker-286| 2026-06-22 00:16:20,048,48 multiprocessing INFO process shutting down
SpawnPoolWorker-295| 2026-06-22 00:16:20,048,48 multiprocessing INFO process shutting down
SpawnPoolWorker-301| 2026-06-22 00:16:20,048,48 multiprocessing INFO process shutting down
SpawnPoolWorker-292| 2026-06-22 00:16:20,048,48 multiprocessing INFO process shutting down
SpawnPoolWorker-288| 2026-06-22 00:16:20,048,48 multiprocessing INFO process shutting down
SpawnPoolWorker-300| 2026-06-22 00:16:20,048,48 multiprocessing INFO process shutting down
28
(100000, 8)
(100000,)
(100000, 8)
(100000,)

=======================Successfully Added (50000, 8) Counter Examples=======================


============None of the candidates fulfill the conditions. Training CONTINUES!=================

MainProcess| 2026-06-22 00:16:24,843,843 multiprocessing INFO 
============None of the candidates fulfill the conditions. Training CONTINUES!=================


============None of the candidates fulfill the conditions. Training CONTINUES!=================

(55, 164)
/users/9/chen8596/miniconda3/envs/alfd/lib/python3.9/site-packages/torch/nn/functional.py:4999: UserWarning: Support for mismatched key_padding_mask and attn_mask is deprecated. Use same type for both instead.
  warnings.warn(

==============Start Supervised Learning==============

MainProcess| 2026-06-22 00:16:33,774,774 multiprocessing INFO GP output mean: 0.7696298442199087
GP output mean: 0.7696298442199087
MainProcess| 2026-06-22 00:16:34,959,959 multiprocessing INFO GP output success rate: 0.0
GP output success rate: 0.0

==============End Supervised Learning==============

MainProcess| 2026-06-22 00:16:37,430,430 multiprocessing INFO [Test epoch=0009]  nevals=123921 	| train_loss=9688.01953 	| eqs_invalid %=0.00 	| r_best=0.98810 	| quantile=0.37196 	| r_quantile_mean=0.85261 	| r_raw_sum=48.35674 	|  r_raw_mean=0.77995 	| r2=nan 	| acc_iid=0.00000 	| acc_ood=0.00000 	| nmse_test=0.11517668148937704 	| true_equation_set_count=0 	| s/it=343.34317
[Test epoch=0009]  nevals=123921 	| train_loss=9688.01953 	| eqs_invalid %=0.00 	| r_best=0.98810 	| quantile=0.37196 	| r_quantile_mean=0.85261 	| r_raw_sum=48.35674 	|  r_raw_mean=0.77995 	| r2=nan 	| acc_iid=0.00000 	| acc_ood=0.00000 	| nmse_test=0.11517668148937704 	| true_equation_set_count=0 	| s/it=343.34317
MainProcess| 2026-06-22 00:19:57,790,790 multiprocessing INFO Genetic Porgramming Runtime 199.00956238200888
Genetic Porgramming Runtime 199.00956238200888

=========================PGD Collection Starts=========================

SpawnPoolWorker-309| 2026-06-22 00:20:04,828,828 multiprocessing INFO STARTING NEW RUN ==========
SpawnPoolWorker-309| 2026-06-22 00:20:04,828,828 multiprocessing INFO SEE LOG AT : ./logs/all_Lyapunov_test_dso-fn_d_all_n_01_log.txt
SpawnPoolWorker-309| 2026-06-22 00:20:04,828,828 multiprocessing INFO See log at : ./logs/all_Lyapunov_test_dso-fn_d_all_n_01_log.txt
SpawnPoolWorker-310| 2026-06-22 00:20:04,828,828 multiprocessing INFO STARTING NEW RUN ==========
SpawnPoolWorker-310| 2026-06-22 00:20:04,828,828 multiprocessing INFO SEE LOG AT : ./logs/all_Lyapunov_test_dso-fn_d_all_n_01_log.txt
SpawnPoolWorker-310| 2026-06-22 00:20:04,828,828 multiprocessing INFO See log at : ./logs/all_Lyapunov_test_dso-fn_d_all_n_01_log.txt
SpawnPoolWorker-316| 2026-06-22 00:20:04,829,829 multiprocessing INFO STARTING NEW RUN ==========
SpawnPoolWorker-316| 2026-06-22 00:20:04,830,830 multiprocessing INFO SEE LOG AT : ./logs/all_Lyapunov_test_dso-fn_d_all_n_01_log.txt
SpawnPoolWorker-316| 2026-06-22 00:20:04,830,830 multiprocessing INFO See log at : ./logs/all_Lyapunov_test_dso-fn_d_all_n_01_log.txt
SpawnPoolWorker-307| 2026-06-22 00:20:04,831,831 multiprocessing INFO STARTING NEW RUN ==========
SpawnPoolWorker-314| 2026-06-22 00:20:04,831,831 multiprocessing INFO STARTING NEW RUN ==========
SpawnPoolWorker-307| 2026-06-22 00:20:04,831,831 multiprocessing INFO SEE LOG AT : ./logs/all_Lyapunov_test_dso-fn_d_all_n_01_log.txt
SpawnPoolWorker-314| 2026-06-22 00:20:04,831,831 multiprocessing INFO SEE LOG AT : ./logs/all_Lyapunov_test_dso-fn_d_all_n_01_log.txt
SpawnPoolWorker-307| 2026-06-22 00:20:04,831,831 multiprocessing INFO See log at : ./logs/all_Lyapunov_test_dso-fn_d_all_n_01_log.txt
SpawnPoolWorker-314| 2026-06-22 00:20:04,831,831 multiprocessing INFO See log at : ./logs/all_Lyapunov_test_dso-fn_d_all_n_01_log.txt
SpawnPoolWorker-315| 2026-06-22 00:20:04,832,832 multiprocessing INFO STARTING NEW RUN ==========
SpawnPoolWorker-315| 2026-06-22 00:20:04,832,832 multiprocessing INFO SEE LOG AT : ./logs/all_Lyapunov_test_dso-fn_d_all_n_01_log.txt
SpawnPoolWorker-315| 2026-06-22 00:20:04,832,832 multiprocessing INFO See log at : ./logs/all_Lyapunov_test_dso-fn_d_all_n_01_log.txt
SpawnPoolWorker-308| 2026-06-22 00:20:04,834,834 multiprocessing INFO STARTING NEW RUN ==========
SpawnPoolWorker-311| 2026-06-22 00:20:04,834,834 multiprocessing INFO STARTING NEW RUN ==========
SpawnPoolWorker-313| 2026-06-22 00:20:04,834,834 multiprocessing INFO STARTING NEW RUN ==========
SpawnPoolWorker-308| 2026-06-22 00:20:04,834,834 multiprocessing INFO SEE LOG AT : ./logs/all_Lyapunov_test_dso-fn_d_all_n_01_log.txt
SpawnPoolWorker-311| 2026-06-22 00:20:04,834,834 multiprocessing INFO SEE LOG AT : ./logs/all_Lyapunov_test_dso-fn_d_all_n_01_log.txt
SpawnPoolWorker-313| 2026-06-22 00:20:04,834,834 multiprocessing INFO SEE LOG AT : ./logs/all_Lyapunov_test_dso-fn_d_all_n_01_log.txt
SpawnPoolWorker-308| 2026-06-22 00:20:04,834,834 multiprocessing INFO See log at : ./logs/all_Lyapunov_test_dso-fn_d_all_n_01_log.txt
SpawnPoolWorker-311| 2026-06-22 00:20:04,834,834 multiprocessing INFO See log at : ./logs/all_Lyapunov_test_dso-fn_d_all_n_01_log.txt
SpawnPoolWorker-313| 2026-06-22 00:20:04,834,834 multiprocessing INFO See log at : ./logs/all_Lyapunov_test_dso-fn_d_all_n_01_log.txt
SpawnPoolWorker-312| 2026-06-22 00:20:04,835,835 multiprocessing INFO STARTING NEW RUN ==========
SpawnPoolWorker-312| 2026-06-22 00:20:04,835,835 multiprocessing INFO SEE LOG AT : ./logs/all_Lyapunov_test_dso-fn_d_all_n_01_log.txt
SpawnPoolWorker-312| 2026-06-22 00:20:04,835,835 multiprocessing INFO See log at : ./logs/all_Lyapunov_test_dso-fn_d_all_n_01_log.txt
SpawnPoolWorker-310| 2026-06-22 00:20:04,839,839 multiprocessing INFO child process calling self.run()
SpawnPoolWorker-309| 2026-06-22 00:20:04,850,850 multiprocessing INFO child process calling self.run()
SpawnPoolWorker-316| 2026-06-22 00:20:04,850,850 multiprocessing INFO child process calling self.run()
SpawnPoolWorker-307| 2026-06-22 00:20:04,852,852 multiprocessing INFO child process calling self.run()
SpawnPoolWorker-314| 2026-06-22 00:20:04,853,853 multiprocessing INFO child process calling self.run()
SpawnPoolWorker-315| 2026-06-22 00:20:04,853,853 multiprocessing INFO child process calling self.run()
SpawnPoolWorker-311| 2026-06-22 00:20:04,854,854 multiprocessing INFO child process calling self.run()
SpawnPoolWorker-313| 2026-06-22 00:20:04,854,854 multiprocessing INFO child process calling self.run()
SpawnPoolWorker-308| 2026-06-22 00:20:04,856,856 multiprocessing INFO child process calling self.run()
SpawnPoolWorker-312| 2026-06-22 00:20:04,856,856 multiprocessing INFO child process calling self.run()
SpawnPoolWorker-313| 2026-06-22 00:20:32,213,213 multiprocessing INFO process shutting down
SpawnPoolWorker-307| 2026-06-22 00:20:32,213,213 multiprocessing INFO process shutting down
SpawnPoolWorker-308| 2026-06-22 00:20:32,213,213 multiprocessing INFO process shutting down
SpawnPoolWorker-315| 2026-06-22 00:20:32,213,213 multiprocessing INFO process shutting down
SpawnPoolWorker-307| 2026-06-22 00:20:32,214,214 multiprocessing INFO process exiting with exitcode 0
SpawnPoolWorker-313| 2026-06-22 00:20:32,214,214 multiprocessing INFO process exiting with exitcode 0
SpawnPoolWorker-311| 2026-06-22 00:20:32,213,213 multiprocessing INFO process shutting down
SpawnPoolWorker-309| 2026-06-22 00:20:32,213,213 multiprocessing INFO process shutting down
SpawnPoolWorker-314| 2026-06-22 00:20:32,214,214 multiprocessing INFO process shutting down
SpawnPoolWorker-315| 2026-06-22 00:20:32,214,214 multiprocessing INFO process exiting with exitcode 0
SpawnPoolWorker-308| 2026-06-22 00:20:32,214,214 multiprocessing INFO process exiting with exitcode 0
SpawnPoolWorker-311| 2026-06-22 00:20:32,214,214 multiprocessing INFO process exiting with exitcode 0
SpawnPoolWorker-309| 2026-06-22 00:20:32,214,214 multiprocessing INFO process exiting with exitcode 0
SpawnPoolWorker-314| 2026-06-22 00:20:32,214,214 multiprocessing INFO process exiting with exitcode 0
(20000,)

===================Collect 20000 Examples===================

Epsilon 0.1
500
(550,)
(550,)
(55,)
Number of Programs for Minimization: 29
SpawnPoolWorker-319| 2026-06-22 00:20:58,230,230 multiprocessing INFO STARTING NEW RUN ==========
SpawnPoolWorker-319| 2026-06-22 00:20:58,231,231 multiprocessing INFO SEE LOG AT : ./logs/all_Lyapunov_test_dso-fn_d_all_n_01_log.txt
SpawnPoolWorker-319| 2026-06-22 00:20:58,231,231 multiprocessing INFO See log at : ./logs/all_Lyapunov_test_dso-fn_d_all_n_01_log.txt
SpawnPoolWorker-319| 2026-06-22 00:20:58,237,237 multiprocessing INFO child process calling self.run()
SpawnPoolWorker-317| 2026-06-22 00:20:59,498,498 multiprocessing INFO STARTING NEW RUN ==========
SpawnPoolWorker-317| 2026-06-22 00:20:59,498,498 multiprocessing INFO SEE LOG AT : ./logs/all_Lyapunov_test_dso-fn_d_all_n_01_log.txt
SpawnPoolWorker-317| 2026-06-22 00:20:59,498,498 multiprocessing INFO See log at : ./logs/all_Lyapunov_test_dso-fn_d_all_n_01_log.txt
SpawnPoolWorker-317| 2026-06-22 00:20:59,514,514 multiprocessing INFO child process calling self.run()
SpawnPoolWorker-334| 2026-06-22 00:20:59,542,542 multiprocessing INFO STARTING NEW RUN ==========
SpawnPoolWorker-334| 2026-06-22 00:20:59,543,543 multiprocessing INFO SEE LOG AT : ./logs/all_Lyapunov_test_dso-fn_d_all_n_01_log.txt
SpawnPoolWorker-334| 2026-06-22 00:20:59,543,543 multiprocessing INFO See log at : ./logs/all_Lyapunov_test_dso-fn_d_all_n_01_log.txt
SpawnPoolWorker-334| 2026-06-22 00:20:59,548,548 multiprocessing INFO child process calling self.run()
SpawnPoolWorker-323| 2026-06-22 00:20:59,558,558 multiprocessing INFO STARTING NEW RUN ==========
SpawnPoolWorker-323| 2026-06-22 00:20:59,558,558 multiprocessing INFO SEE LOG AT : ./logs/all_Lyapunov_test_dso-fn_d_all_n_01_log.txt
SpawnPoolWorker-323| 2026-06-22 00:20:59,559,559 multiprocessing INFO See log at : ./logs/all_Lyapunov_test_dso-fn_d_all_n_01_log.txt
SpawnPoolWorker-323| 2026-06-22 00:20:59,563,563 multiprocessing INFO child process calling self.run()
SpawnPoolWorker-320| 2026-06-22 00:20:59,744,744 multiprocessing INFO STARTING NEW RUN ==========
SpawnPoolWorker-320| 2026-06-22 00:20:59,744,744 multiprocessing INFO SEE LOG AT : ./logs/all_Lyapunov_test_dso-fn_d_all_n_01_log.txt
SpawnPoolWorker-320| 2026-06-22 00:20:59,744,744 multiprocessing INFO See log at : ./logs/all_Lyapunov_test_dso-fn_d_all_n_01_log.txt
SpawnPoolWorker-320| 2026-06-22 00:20:59,749,749 multiprocessing INFO child process calling self.run()
SpawnPoolWorker-328| 2026-06-22 00:20:59,814,814 multiprocessing INFO STARTING NEW RUN ==========
SpawnPoolWorker-328| 2026-06-22 00:20:59,815,815 multiprocessing INFO SEE LOG AT : ./logs/all_Lyapunov_test_dso-fn_d_all_n_01_log.txt
SpawnPoolWorker-328| 2026-06-22 00:20:59,815,815 multiprocessing INFO See log at : ./logs/all_Lyapunov_test_dso-fn_d_all_n_01_log.txt
SpawnPoolWorker-328| 2026-06-22 00:20:59,819,819 multiprocessing INFO child process calling self.run()
SpawnPoolWorker-318| 2026-06-22 00:21:00,015,15 multiprocessing INFO STARTING NEW RUN ==========
SpawnPoolWorker-318| 2026-06-22 00:21:00,015,15 multiprocessing INFO SEE LOG AT : ./logs/all_Lyapunov_test_dso-fn_d_all_n_01_log.txt
SpawnPoolWorker-318| 2026-06-22 00:21:00,015,15 multiprocessing INFO See log at : ./logs/all_Lyapunov_test_dso-fn_d_all_n_01_log.txt
SpawnPoolWorker-318| 2026-06-22 00:21:00,018,18 multiprocessing INFO child process calling self.run()
SpawnPoolWorker-326| 2026-06-22 00:21:00,423,423 multiprocessing INFO STARTING NEW RUN ==========
SpawnPoolWorker-326| 2026-06-22 00:21:00,423,423 multiprocessing INFO SEE LOG AT : ./logs/all_Lyapunov_test_dso-fn_d_all_n_01_log.txt
SpawnPoolWorker-326| 2026-06-22 00:21:00,423,423 multiprocessing INFO See log at : ./logs/all_Lyapunov_test_dso-fn_d_all_n_01_log.txt
SpawnPoolWorker-326| 2026-06-22 00:21:00,431,431 multiprocessing INFO child process calling self.run()
SpawnPoolWorker-338| 2026-06-22 00:21:00,500,500 multiprocessing INFO STARTING NEW RUN ==========
SpawnPoolWorker-338| 2026-06-22 00:21:00,500,500 multiprocessing INFO SEE LOG AT : ./logs/all_Lyapunov_test_dso-fn_d_all_n_01_log.txt
SpawnPoolWorker-338| 2026-06-22 00:21:00,500,500 multiprocessing INFO See log at : ./logs/all_Lyapunov_test_dso-fn_d_all_n_01_log.txt
SpawnPoolWorker-338| 2026-06-22 00:21:00,503,503 multiprocessing INFO child process calling self.run()
SpawnPoolWorker-333| 2026-06-22 00:21:00,519,519 multiprocessing INFO STARTING NEW RUN ==========
SpawnPoolWorker-333| 2026-06-22 00:21:00,519,519 multiprocessing INFO SEE LOG AT : ./logs/all_Lyapunov_test_dso-fn_d_all_n_01_log.txt
SpawnPoolWorker-333| 2026-06-22 00:21:00,520,520 multiprocessing INFO See log at : ./logs/all_Lyapunov_test_dso-fn_d_all_n_01_log.txt
SpawnPoolWorker-333| 2026-06-22 00:21:00,524,524 multiprocessing INFO child process calling self.run()
SpawnPoolWorker-325| 2026-06-22 00:21:01,075,75 multiprocessing INFO STARTING NEW RUN ==========
SpawnPoolWorker-325| 2026-06-22 00:21:01,075,75 multiprocessing INFO SEE LOG AT : ./logs/all_Lyapunov_test_dso-fn_d_all_n_01_log.txt
SpawnPoolWorker-325| 2026-06-22 00:21:01,075,75 multiprocessing INFO See log at : ./logs/all_Lyapunov_test_dso-fn_d_all_n_01_log.txt
SpawnPoolWorker-325| 2026-06-22 00:21:01,091,91 multiprocessing INFO child process calling self.run()
SpawnPoolWorker-331| 2026-06-22 00:21:01,418,418 multiprocessing INFO STARTING NEW RUN ==========
SpawnPoolWorker-331| 2026-06-22 00:21:01,419,419 multiprocessing INFO SEE LOG AT : ./logs/all_Lyapunov_test_dso-fn_d_all_n_01_log.txt
SpawnPoolWorker-331| 2026-06-22 00:21:01,419,419 multiprocessing INFO See log at : ./logs/all_Lyapunov_test_dso-fn_d_all_n_01_log.txt
SpawnPoolWorker-331| 2026-06-22 00:21:01,421,421 multiprocessing INFO child process calling self.run()
SpawnPoolWorker-322| 2026-06-22 00:21:01,626,626 multiprocessing INFO STARTING NEW RUN ==========
SpawnPoolWorker-322| 2026-06-22 00:21:01,626,626 multiprocessing INFO SEE LOG AT : ./logs/all_Lyapunov_test_dso-fn_d_all_n_01_log.txt
SpawnPoolWorker-322| 2026-06-22 00:21:01,626,626 multiprocessing INFO See log at : ./logs/all_Lyapunov_test_dso-fn_d_all_n_01_log.txt
SpawnPoolWorker-322| 2026-06-22 00:21:01,631,631 multiprocessing INFO child process calling self.run()
SpawnPoolWorker-332| 2026-06-22 00:21:01,638,638 multiprocessing INFO STARTING NEW RUN ==========
SpawnPoolWorker-332| 2026-06-22 00:21:01,638,638 multiprocessing INFO SEE LOG AT : ./logs/all_Lyapunov_test_dso-fn_d_all_n_01_log.txt
SpawnPoolWorker-332| 2026-06-22 00:21:01,638,638 multiprocessing INFO See log at : ./logs/all_Lyapunov_test_dso-fn_d_all_n_01_log.txt
SpawnPoolWorker-332| 2026-06-22 00:21:01,661,661 multiprocessing INFO child process calling self.run()
SpawnPoolWorker-321| 2026-06-22 00:21:01,873,873 multiprocessing INFO STARTING NEW RUN ==========
SpawnPoolWorker-321| 2026-06-22 00:21:01,873,873 multiprocessing INFO SEE LOG AT : ./logs/all_Lyapunov_test_dso-fn_d_all_n_01_log.txt
SpawnPoolWorker-321| 2026-06-22 00:21:01,873,873 multiprocessing INFO See log at : ./logs/all_Lyapunov_test_dso-fn_d_all_n_01_log.txt
SpawnPoolWorker-321| 2026-06-22 00:21:01,875,875 multiprocessing INFO child process calling self.run()
SpawnPoolWorker-330| 2026-06-22 00:21:01,920,920 multiprocessing INFO STARTING NEW RUN ==========
SpawnPoolWorker-330| 2026-06-22 00:21:01,920,920 multiprocessing INFO SEE LOG AT : ./logs/all_Lyapunov_test_dso-fn_d_all_n_01_log.txt
SpawnPoolWorker-330| 2026-06-22 00:21:01,920,920 multiprocessing INFO See log at : ./logs/all_Lyapunov_test_dso-fn_d_all_n_01_log.txt
SpawnPoolWorker-330| 2026-06-22 00:21:01,924,924 multiprocessing INFO child process calling self.run()
SpawnPoolWorker-324| 2026-06-22 00:21:02,080,80 multiprocessing INFO STARTING NEW RUN ==========
SpawnPoolWorker-324| 2026-06-22 00:21:02,080,80 multiprocessing INFO SEE LOG AT : ./logs/all_Lyapunov_test_dso-fn_d_all_n_01_log.txt
SpawnPoolWorker-324| 2026-06-22 00:21:02,080,80 multiprocessing INFO See log at : ./logs/all_Lyapunov_test_dso-fn_d_all_n_01_log.txt
SpawnPoolWorker-324| 2026-06-22 00:21:02,082,82 multiprocessing INFO child process calling self.run()
SpawnPoolWorker-340| 2026-06-22 00:21:02,474,474 multiprocessing INFO STARTING NEW RUN ==========
SpawnPoolWorker-340| 2026-06-22 00:21:02,474,474 multiprocessing INFO SEE LOG AT : ./logs/all_Lyapunov_test_dso-fn_d_all_n_01_log.txt
SpawnPoolWorker-340| 2026-06-22 00:21:02,474,474 multiprocessing INFO See log at : ./logs/all_Lyapunov_test_dso-fn_d_all_n_01_log.txt
SpawnPoolWorker-340| 2026-06-22 00:21:02,476,476 multiprocessing INFO child process calling self.run()
SpawnPoolWorker-327| 2026-06-22 00:21:02,522,522 multiprocessing INFO STARTING NEW RUN ==========
SpawnPoolWorker-327| 2026-06-22 00:21:02,522,522 multiprocessing INFO SEE LOG AT : ./logs/all_Lyapunov_test_dso-fn_d_all_n_01_log.txt
SpawnPoolWorker-327| 2026-06-22 00:21:02,522,522 multiprocessing INFO See log at : ./logs/all_Lyapunov_test_dso-fn_d_all_n_01_log.txt
SpawnPoolWorker-327| 2026-06-22 00:21:02,528,528 multiprocessing INFO child process calling self.run()
SpawnPoolWorker-339| 2026-06-22 00:21:03,045,45 multiprocessing INFO STARTING NEW RUN ==========
SpawnPoolWorker-339| 2026-06-22 00:21:03,045,45 multiprocessing INFO SEE LOG AT : ./logs/all_Lyapunov_test_dso-fn_d_all_n_01_log.txt
SpawnPoolWorker-339| 2026-06-22 00:21:03,045,45 multiprocessing INFO See log at : ./logs/all_Lyapunov_test_dso-fn_d_all_n_01_log.txt
SpawnPoolWorker-339| 2026-06-22 00:21:03,048,48 multiprocessing INFO child process calling self.run()
SpawnPoolWorker-329| 2026-06-22 00:21:03,537,537 multiprocessing INFO STARTING NEW RUN ==========
SpawnPoolWorker-329| 2026-06-22 00:21:03,537,537 multiprocessing INFO SEE LOG AT : ./logs/all_Lyapunov_test_dso-fn_d_all_n_01_log.txt
SpawnPoolWorker-329| 2026-06-22 00:21:03,537,537 multiprocessing INFO See log at : ./logs/all_Lyapunov_test_dso-fn_d_all_n_01_log.txt
SpawnPoolWorker-329| 2026-06-22 00:21:03,541,541 multiprocessing INFO child process calling self.run()
SpawnPoolWorker-336| 2026-06-22 00:21:03,639,639 multiprocessing INFO STARTING NEW RUN ==========
SpawnPoolWorker-336| 2026-06-22 00:21:03,639,639 multiprocessing INFO SEE LOG AT : ./logs/all_Lyapunov_test_dso-fn_d_all_n_01_log.txt
SpawnPoolWorker-336| 2026-06-22 00:21:03,639,639 multiprocessing INFO See log at : ./logs/all_Lyapunov_test_dso-fn_d_all_n_01_log.txt
SpawnPoolWorker-336| 2026-06-22 00:21:03,643,643 multiprocessing INFO child process calling self.run()
SpawnPoolWorker-337| 2026-06-22 00:21:03,953,953 multiprocessing INFO STARTING NEW RUN ==========
SpawnPoolWorker-337| 2026-06-22 00:21:03,953,953 multiprocessing INFO SEE LOG AT : ./logs/all_Lyapunov_test_dso-fn_d_all_n_01_log.txt
SpawnPoolWorker-337| 2026-06-22 00:21:03,953,953 multiprocessing INFO See log at : ./logs/all_Lyapunov_test_dso-fn_d_all_n_01_log.txt
SpawnPoolWorker-337| 2026-06-22 00:21:03,955,955 multiprocessing INFO child process calling self.run()
SpawnPoolWorker-335| 2026-06-22 00:21:04,794,794 multiprocessing INFO STARTING NEW RUN ==========
SpawnPoolWorker-335| 2026-06-22 00:21:04,794,794 multiprocessing INFO SEE LOG AT : ./logs/all_Lyapunov_test_dso-fn_d_all_n_01_log.txt
SpawnPoolWorker-335| 2026-06-22 00:21:04,794,794 multiprocessing INFO See log at : ./logs/all_Lyapunov_test_dso-fn_d_all_n_01_log.txt
SpawnPoolWorker-335| 2026-06-22 00:21:04,796,796 multiprocessing INFO child process calling self.run()
SpawnPoolWorker-331| 2026-06-22 00:22:28,083,83 multiprocessing INFO process shutting down
SpawnPoolWorker-321| 2026-06-22 00:22:28,083,83 multiprocessing INFO process shutting down
SpawnPoolWorker-329| 2026-06-22 00:22:28,084,84 multiprocessing INFO process shutting down
SpawnPoolWorker-331| 2026-06-22 00:22:28,084,84 multiprocessing INFO process exiting with exitcode 0
SpawnPoolWorker-321| 2026-06-22 00:22:28,084,84 multiprocessing INFO process exiting with exitcode 0
SpawnPoolWorker-330| 2026-06-22 00:22:28,084,84 multiprocessing INFO process shutting down
SpawnPoolWorker-318| 2026-06-22 00:22:28,084,84 multiprocessing INFO process shutting down
SpawnPoolWorker-329| 2026-06-22 00:22:28,084,84 multiprocessing INFO process exiting with exitcode 0
SpawnPoolWorker-327| 2026-06-22 00:22:28,084,84 multiprocessing INFO process shutting down
SpawnPoolWorker-317| 2026-06-22 00:22:28,084,84 multiprocessing INFO process shutting down
SpawnPoolWorker-330| 2026-06-22 00:22:28,084,84 multiprocessing INFO process exiting with exitcode 0
SpawnPoolWorker-318| 2026-06-22 00:22:28,084,84 multiprocessing INFO process exiting with exitcode 0
SpawnPoolWorker-327| 2026-06-22 00:22:28,084,84 multiprocessing INFO process exiting with exitcode 0
SpawnPoolWorker-317| 2026-06-22 00:22:28,084,84 multiprocessing INFO process exiting with exitcode 0
SpawnPoolWorker-333| 2026-06-22 00:22:28,085,85 multiprocessing INFO process shutting down
SpawnPoolWorker-326| 2026-06-22 00:22:28,085,85 multiprocessing INFO process shutting down
SpawnPoolWorker-337| 2026-06-22 00:22:28,085,85 multiprocessing INFO process shutting down
SpawnPoolWorker-325| 2026-06-22 00:22:28,085,85 multiprocessing INFO process shutting down
SpawnPoolWorker-324| 2026-06-22 00:22:28,085,85 multiprocessing INFO process shutting down
SpawnPoolWorker-336| 2026-06-22 00:22:28,085,85 multiprocessing INFO process shutting down
SpawnPoolWorker-334| 2026-06-22 00:22:28,085,85 multiprocessing INFO process shutting down
SpawnPoolWorker-320| 2026-06-22 00:22:28,085,85 multiprocessing INFO process shutting down
SpawnPoolWorker-340| 2026-06-22 00:22:28,085,85 multiprocessing INFO process shutting down
SpawnPoolWorker-323| 2026-06-22 00:22:28,086,86 multiprocessing INFO process shutting down
SpawnPoolWorker-322| 2026-06-22 00:22:28,086,86 multiprocessing INFO process shutting down
SpawnPoolWorker-332| 2026-06-22 00:22:28,086,86 multiprocessing INFO process shutting down
29
(100000, 8)
(100000,)
(100000, 8)
(100000,)

=======================Successfully Added (50000, 8) Counter Examples=======================


============None of the candidates fulfill the conditions. Training CONTINUES!=================

MainProcess| 2026-06-22 00:22:32,192,192 multiprocessing INFO 
============None of the candidates fulfill the conditions. Training CONTINUES!=================


============None of the candidates fulfill the conditions. Training CONTINUES!=================

(55, 164)
/users/9/chen8596/miniconda3/envs/alfd/lib/python3.9/site-packages/torch/nn/functional.py:4999: UserWarning: Support for mismatched key_padding_mask and attn_mask is deprecated. Use same type for both instead.
  warnings.warn(

==============Start Supervised Learning==============

MainProcess| 2026-06-22 00:22:39,518,518 multiprocessing INFO GP output mean: 0.8928945327287398
GP output mean: 0.8928945327287398
MainProcess| 2026-06-22 00:22:40,510,510 multiprocessing INFO GP output success rate: 0.0
GP output success rate: 0.0

==============End Supervised Learning==============

MainProcess| 2026-06-22 00:22:42,991,991 multiprocessing INFO [Test epoch=0010]  nevals=137685 	| train_loss=12050.26367 	| eqs_invalid %=0.00 	| r_best=0.98810 	| quantile=0.57580 	| r_quantile_mean=0.90092 	| r_raw_sum=59.42403 	|  r_raw_mean=0.63897 	| r2=nan 	| acc_iid=0.00000 	| acc_ood=0.00000 	| nmse_test=0.11517668148937704 	| true_equation_set_count=0 	| s/it=365.56158
[Test epoch=0010]  nevals=137685 	| train_loss=12050.26367 	| eqs_invalid %=0.00 	| r_best=0.98810 	| quantile=0.57580 	| r_quantile_mean=0.90092 	| r_raw_sum=59.42403 	|  r_raw_mean=0.63897 	| r2=nan 	| acc_iid=0.00000 	| acc_ood=0.00000 	| nmse_test=0.11517668148937704 	| true_equation_set_count=0 	| s/it=365.56158
MainProcess| 2026-06-22 00:22:42,991,991 multiprocessing INFO [00:01:20:18.95] Training epoch 10/4000, current best R: 0.9881
[00:01:20:18.95] Training epoch 10/4000, current best R: 0.9881
MainProcess| 2026-06-22 00:25:50,053,53 multiprocessing INFO Genetic Porgramming Runtime 185.77213887311518
Genetic Porgramming Runtime 185.77213887311518

=========================PGD Collection Starts=========================

SpawnPoolWorker-350| 2026-06-22 00:25:55,955,955 multiprocessing INFO STARTING NEW RUN ==========
SpawnPoolWorker-350| 2026-06-22 00:25:55,955,955 multiprocessing INFO SEE LOG AT : ./logs/all_Lyapunov_test_dso-fn_d_all_n_01_log.txt
SpawnPoolWorker-350| 2026-06-22 00:25:55,955,955 multiprocessing INFO See log at : ./logs/all_Lyapunov_test_dso-fn_d_all_n_01_log.txt
SpawnPoolWorker-347| 2026-06-22 00:25:55,957,957 multiprocessing INFO STARTING NEW RUN ==========
SpawnPoolWorker-344| 2026-06-22 00:25:55,957,957 multiprocessing INFO STARTING NEW RUN ==========
SpawnPoolWorker-346| 2026-06-22 00:25:55,957,957 multiprocessing INFO STARTING NEW RUN ==========
SpawnPoolWorker-347| 2026-06-22 00:25:55,958,958 multiprocessing INFO SEE LOG AT : ./logs/all_Lyapunov_test_dso-fn_d_all_n_01_log.txt
SpawnPoolWorker-344| 2026-06-22 00:25:55,958,958 multiprocessing INFO SEE LOG AT : ./logs/all_Lyapunov_test_dso-fn_d_all_n_01_log.txt
SpawnPoolWorker-346| 2026-06-22 00:25:55,958,958 multiprocessing INFO SEE LOG AT : ./logs/all_Lyapunov_test_dso-fn_d_all_n_01_log.txt
SpawnPoolWorker-347| 2026-06-22 00:25:55,958,958 multiprocessing INFO See log at : ./logs/all_Lyapunov_test_dso-fn_d_all_n_01_log.txt
SpawnPoolWorker-344| 2026-06-22 00:25:55,958,958 multiprocessing INFO See log at : ./logs/all_Lyapunov_test_dso-fn_d_all_n_01_log.txt
SpawnPoolWorker-346| 2026-06-22 00:25:55,958,958 multiprocessing INFO See log at : ./logs/all_Lyapunov_test_dso-fn_d_all_n_01_log.txt
SpawnPoolWorker-350| 2026-06-22 00:25:55,958,958 multiprocessing INFO child process calling self.run()
SpawnPoolWorker-343| 2026-06-22 00:25:55,958,958 multiprocessing INFO STARTING NEW RUN ==========
SpawnPoolWorker-343| 2026-06-22 00:25:55,959,959 multiprocessing INFO SEE LOG AT : ./logs/all_Lyapunov_test_dso-fn_d_all_n_01_log.txt
SpawnPoolWorker-343| 2026-06-22 00:25:55,959,959 multiprocessing INFO See log at : ./logs/all_Lyapunov_test_dso-fn_d_all_n_01_log.txt
SpawnPoolWorker-344| 2026-06-22 00:25:55,959,959 multiprocessing INFO child process calling self.run()
SpawnPoolWorker-347| 2026-06-22 00:25:55,960,960 multiprocessing INFO child process calling self.run()
SpawnPoolWorker-341| 2026-06-22 00:25:55,961,961 multiprocessing INFO STARTING NEW RUN ==========
SpawnPoolWorker-341| 2026-06-22 00:25:55,961,961 multiprocessing INFO SEE LOG AT : ./logs/all_Lyapunov_test_dso-fn_d_all_n_01_log.txt
SpawnPoolWorker-348| 2026-06-22 00:25:55,961,961 multiprocessing INFO STARTING NEW RUN ==========
SpawnPoolWorker-341| 2026-06-22 00:25:55,961,961 multiprocessing INFO See log at : ./logs/all_Lyapunov_test_dso-fn_d_all_n_01_log.txt
SpawnPoolWorker-348| 2026-06-22 00:25:55,961,961 multiprocessing INFO SEE LOG AT : ./logs/all_Lyapunov_test_dso-fn_d_all_n_01_log.txt
SpawnPoolWorker-348| 2026-06-22 00:25:55,961,961 multiprocessing INFO See log at : ./logs/all_Lyapunov_test_dso-fn_d_all_n_01_log.txt
SpawnPoolWorker-343| 2026-06-22 00:25:55,961,961 multiprocessing INFO child process calling self.run()
SpawnPoolWorker-346| 2026-06-22 00:25:55,962,962 multiprocessing INFO child process calling self.run()
SpawnPoolWorker-348| 2026-06-22 00:25:55,963,963 multiprocessing INFO child process calling self.run()
SpawnPoolWorker-345| 2026-06-22 00:25:55,963,963 multiprocessing INFO STARTING NEW RUN ==========
SpawnPoolWorker-342| 2026-06-22 00:25:55,963,963 multiprocessing INFO STARTING NEW RUN ==========
SpawnPoolWorker-341| 2026-06-22 00:25:55,963,963 multiprocessing INFO child process calling self.run()
SpawnPoolWorker-345| 2026-06-22 00:25:55,963,963 multiprocessing INFO SEE LOG AT : ./logs/all_Lyapunov_test_dso-fn_d_all_n_01_log.txt
SpawnPoolWorker-342| 2026-06-22 00:25:55,963,963 multiprocessing INFO SEE LOG AT : ./logs/all_Lyapunov_test_dso-fn_d_all_n_01_log.txt
SpawnPoolWorker-345| 2026-06-22 00:25:55,963,963 multiprocessing INFO See log at : ./logs/all_Lyapunov_test_dso-fn_d_all_n_01_log.txt
SpawnPoolWorker-342| 2026-06-22 00:25:55,963,963 multiprocessing INFO See log at : ./logs/all_Lyapunov_test_dso-fn_d_all_n_01_log.txt
SpawnPoolWorker-349| 2026-06-22 00:25:55,963,963 multiprocessing INFO STARTING NEW RUN ==========
SpawnPoolWorker-349| 2026-06-22 00:25:55,963,963 multiprocessing INFO SEE LOG AT : ./logs/all_Lyapunov_test_dso-fn_d_all_n_01_log.txt
SpawnPoolWorker-349| 2026-06-22 00:25:55,963,963 multiprocessing INFO See log at : ./logs/all_Lyapunov_test_dso-fn_d_all_n_01_log.txt
SpawnPoolWorker-345| 2026-06-22 00:25:55,964,964 multiprocessing INFO child process calling self.run()
SpawnPoolWorker-342| 2026-06-22 00:25:55,964,964 multiprocessing INFO child process calling self.run()
SpawnPoolWorker-349| 2026-06-22 00:25:55,966,966 multiprocessing INFO child process calling self.run()
SpawnPoolWorker-350| 2026-06-22 00:26:14,356,356 multiprocessing INFO process shutting down
SpawnPoolWorker-341| 2026-06-22 00:26:14,356,356 multiprocessing INFO process shutting down
SpawnPoolWorker-345| 2026-06-22 00:26:14,356,356 multiprocessing INFO process shutting down
SpawnPoolWorker-350| 2026-06-22 00:26:14,357,357 multiprocessing INFO process exiting with exitcode 0
SpawnPoolWorker-341| 2026-06-22 00:26:14,357,357 multiprocessing INFO process exiting with exitcode 0
SpawnPoolWorker-347| 2026-06-22 00:26:14,356,356 multiprocessing INFO process shutting down
SpawnPoolWorker-343| 2026-06-22 00:26:14,356,356 multiprocessing INFO process shutting down
SpawnPoolWorker-344| 2026-06-22 00:26:14,356,356 multiprocessing INFO process shutting down
SpawnPoolWorker-345| 2026-06-22 00:26:14,357,357 multiprocessing INFO process exiting with exitcode 0
SpawnPoolWorker-348| 2026-06-22 00:26:14,357,357 multiprocessing INFO process shutting down
SpawnPoolWorker-347| 2026-06-22 00:26:14,357,357 multiprocessing INFO process exiting with exitcode 0
SpawnPoolWorker-344| 2026-06-22 00:26:14,357,357 multiprocessing INFO process exiting with exitcode 0
SpawnPoolWorker-343| 2026-06-22 00:26:14,357,357 multiprocessing INFO process exiting with exitcode 0
SpawnPoolWorker-348| 2026-06-22 00:26:14,357,357 multiprocessing INFO process exiting with exitcode 0
SpawnPoolWorker-346| 2026-06-22 00:26:14,357,357 multiprocessing INFO process shutting down
(20000,)

===================Collect 20000 Examples===================

Epsilon 0.1
500
(550,)
(550,)
(55,)
Number of Programs for Minimization: 28
SpawnPoolWorker-353| 2026-06-22 00:26:32,222,222 multiprocessing INFO STARTING NEW RUN ==========
SpawnPoolWorker-353| 2026-06-22 00:26:32,222,222 multiprocessing INFO SEE LOG AT : ./logs/all_Lyapunov_test_dso-fn_d_all_n_01_log.txt
SpawnPoolWorker-353| 2026-06-22 00:26:32,222,222 multiprocessing INFO See log at : ./logs/all_Lyapunov_test_dso-fn_d_all_n_01_log.txt
SpawnPoolWorker-353| 2026-06-22 00:26:32,224,224 multiprocessing INFO child process calling self.run()
SpawnPoolWorker-355| 2026-06-22 00:26:32,538,538 multiprocessing INFO STARTING NEW RUN ==========
SpawnPoolWorker-355| 2026-06-22 00:26:32,538,538 multiprocessing INFO SEE LOG AT : ./logs/all_Lyapunov_test_dso-fn_d_all_n_01_log.txt
SpawnPoolWorker-355| 2026-06-22 00:26:32,538,538 multiprocessing INFO See log at : ./logs/all_Lyapunov_test_dso-fn_d_all_n_01_log.txt
SpawnPoolWorker-355| 2026-06-22 00:26:32,546,546 multiprocessing INFO child process calling self.run()
SpawnPoolWorker-352| 2026-06-22 00:26:32,818,818 multiprocessing INFO STARTING NEW RUN ==========
SpawnPoolWorker-352| 2026-06-22 00:26:32,818,818 multiprocessing INFO SEE LOG AT : ./logs/all_Lyapunov_test_dso-fn_d_all_n_01_log.txt
SpawnPoolWorker-352| 2026-06-22 00:26:32,818,818 multiprocessing INFO See log at : ./logs/all_Lyapunov_test_dso-fn_d_all_n_01_log.txt
SpawnPoolWorker-352| 2026-06-22 00:26:32,820,820 multiprocessing INFO child process calling self.run()
SpawnPoolWorker-359| 2026-06-22 00:26:33,286,286 multiprocessing INFO STARTING NEW RUN ==========
SpawnPoolWorker-359| 2026-06-22 00:26:33,286,286 multiprocessing INFO SEE LOG AT : ./logs/all_Lyapunov_test_dso-fn_d_all_n_01_log.txt
SpawnPoolWorker-359| 2026-06-22 00:26:33,286,286 multiprocessing INFO See log at : ./logs/all_Lyapunov_test_dso-fn_d_all_n_01_log.txt
SpawnPoolWorker-359| 2026-06-22 00:26:33,288,288 multiprocessing INFO child process calling self.run()
SpawnPoolWorker-354| 2026-06-22 00:26:33,559,559 multiprocessing INFO STARTING NEW RUN ==========
SpawnPoolWorker-354| 2026-06-22 00:26:33,559,559 multiprocessing INFO SEE LOG AT : ./logs/all_Lyapunov_test_dso-fn_d_all_n_01_log.txt
SpawnPoolWorker-354| 2026-06-22 00:26:33,559,559 multiprocessing INFO See log at : ./logs/all_Lyapunov_test_dso-fn_d_all_n_01_log.txt
SpawnPoolWorker-354| 2026-06-22 00:26:33,564,564 multiprocessing INFO child process calling self.run()
SpawnPoolWorker-356| 2026-06-22 00:26:33,788,788 multiprocessing INFO STARTING NEW RUN ==========
SpawnPoolWorker-356| 2026-06-22 00:26:33,788,788 multiprocessing INFO SEE LOG AT : ./logs/all_Lyapunov_test_dso-fn_d_all_n_01_log.txt
SpawnPoolWorker-356| 2026-06-22 00:26:33,788,788 multiprocessing INFO See log at : ./logs/all_Lyapunov_test_dso-fn_d_all_n_01_log.txt
SpawnPoolWorker-356| 2026-06-22 00:26:33,793,793 multiprocessing INFO child process calling self.run()
SpawnPoolWorker-368| 2026-06-22 00:26:33,881,881 multiprocessing INFO STARTING NEW RUN ==========
SpawnPoolWorker-368| 2026-06-22 00:26:33,881,881 multiprocessing INFO SEE LOG AT : ./logs/all_Lyapunov_test_dso-fn_d_all_n_01_log.txt
SpawnPoolWorker-368| 2026-06-22 00:26:33,881,881 multiprocessing INFO See log at : ./logs/all_Lyapunov_test_dso-fn_d_all_n_01_log.txt
SpawnPoolWorker-368| 2026-06-22 00:26:33,885,885 multiprocessing INFO child process calling self.run()
SpawnPoolWorker-372| 2026-06-22 00:26:33,908,908 multiprocessing INFO STARTING NEW RUN ==========
SpawnPoolWorker-372| 2026-06-22 00:26:33,908,908 multiprocessing INFO SEE LOG AT : ./logs/all_Lyapunov_test_dso-fn_d_all_n_01_log.txt
SpawnPoolWorker-372| 2026-06-22 00:26:33,908,908 multiprocessing INFO See log at : ./logs/all_Lyapunov_test_dso-fn_d_all_n_01_log.txt
SpawnPoolWorker-372| 2026-06-22 00:26:33,912,912 multiprocessing INFO child process calling self.run()
SpawnPoolWorker-358| 2026-06-22 00:26:33,919,919 multiprocessing INFO STARTING NEW RUN ==========
SpawnPoolWorker-358| 2026-06-22 00:26:33,919,919 multiprocessing INFO SEE LOG AT : ./logs/all_Lyapunov_test_dso-fn_d_all_n_01_log.txt
SpawnPoolWorker-358| 2026-06-22 00:26:33,919,919 multiprocessing INFO See log at : ./logs/all_Lyapunov_test_dso-fn_d_all_n_01_log.txt
SpawnPoolWorker-358| 2026-06-22 00:26:33,922,922 multiprocessing INFO child process calling self.run()
SpawnPoolWorker-360| 2026-06-22 00:26:33,927,927 multiprocessing INFO STARTING NEW RUN ==========
SpawnPoolWorker-360| 2026-06-22 00:26:33,927,927 multiprocessing INFO SEE LOG AT : ./logs/all_Lyapunov_test_dso-fn_d_all_n_01_log.txt
SpawnPoolWorker-360| 2026-06-22 00:26:33,927,927 multiprocessing INFO See log at : ./logs/all_Lyapunov_test_dso-fn_d_all_n_01_log.txt
SpawnPoolWorker-360| 2026-06-22 00:26:33,933,933 multiprocessing INFO child process calling self.run()
SpawnPoolWorker-369| 2026-06-22 00:26:34,037,37 multiprocessing INFO STARTING NEW RUN ==========
SpawnPoolWorker-369| 2026-06-22 00:26:34,037,37 multiprocessing INFO SEE LOG AT : ./logs/all_Lyapunov_test_dso-fn_d_all_n_01_log.txt
SpawnPoolWorker-369| 2026-06-22 00:26:34,037,37 multiprocessing INFO See log at : ./logs/all_Lyapunov_test_dso-fn_d_all_n_01_log.txt
SpawnPoolWorker-369| 2026-06-22 00:26:34,044,44 multiprocessing INFO child process calling self.run()
SpawnPoolWorker-365| 2026-06-22 00:26:34,137,137 multiprocessing INFO STARTING NEW RUN ==========
SpawnPoolWorker-365| 2026-06-22 00:26:34,137,137 multiprocessing INFO SEE LOG AT : ./logs/all_Lyapunov_test_dso-fn_d_all_n_01_log.txt
SpawnPoolWorker-365| 2026-06-22 00:26:34,137,137 multiprocessing INFO See log at : ./logs/all_Lyapunov_test_dso-fn_d_all_n_01_log.txt
SpawnPoolWorker-365| 2026-06-22 00:26:34,142,142 multiprocessing INFO child process calling self.run()
SpawnPoolWorker-363| 2026-06-22 00:26:34,286,286 multiprocessing INFO STARTING NEW RUN ==========
SpawnPoolWorker-363| 2026-06-22 00:26:34,286,286 multiprocessing INFO SEE LOG AT : ./logs/all_Lyapunov_test_dso-fn_d_all_n_01_log.txt
SpawnPoolWorker-363| 2026-06-22 00:26:34,286,286 multiprocessing INFO See log at : ./logs/all_Lyapunov_test_dso-fn_d_all_n_01_log.txt
SpawnPoolWorker-363| 2026-06-22 00:26:34,293,293 multiprocessing INFO child process calling self.run()
SpawnPoolWorker-351| 2026-06-22 00:26:34,375,375 multiprocessing INFO STARTING NEW RUN ==========
SpawnPoolWorker-351| 2026-06-22 00:26:34,376,376 multiprocessing INFO SEE LOG AT : ./logs/all_Lyapunov_test_dso-fn_d_all_n_01_log.txt
SpawnPoolWorker-351| 2026-06-22 00:26:34,376,376 multiprocessing INFO See log at : ./logs/all_Lyapunov_test_dso-fn_d_all_n_01_log.txt
SpawnPoolWorker-351| 2026-06-22 00:26:34,378,378 multiprocessing INFO child process calling self.run()
SpawnPoolWorker-362| 2026-06-22 00:26:34,637,637 multiprocessing INFO STARTING NEW RUN ==========
SpawnPoolWorker-362| 2026-06-22 00:26:34,637,637 multiprocessing INFO SEE LOG AT : ./logs/all_Lyapunov_test_dso-fn_d_all_n_01_log.txt
SpawnPoolWorker-362| 2026-06-22 00:26:34,637,637 multiprocessing INFO See log at : ./logs/all_Lyapunov_test_dso-fn_d_all_n_01_log.txt
SpawnPoolWorker-362| 2026-06-22 00:26:34,644,644 multiprocessing INFO child process calling self.run()
SpawnPoolWorker-364| 2026-06-22 00:26:34,655,655 multiprocessing INFO STARTING NEW RUN ==========
SpawnPoolWorker-364| 2026-06-22 00:26:34,655,655 multiprocessing INFO SEE LOG AT : ./logs/all_Lyapunov_test_dso-fn_d_all_n_01_log.txt
SpawnPoolWorker-364| 2026-06-22 00:26:34,655,655 multiprocessing INFO See log at : ./logs/all_Lyapunov_test_dso-fn_d_all_n_01_log.txt
SpawnPoolWorker-364| 2026-06-22 00:26:34,659,659 multiprocessing INFO child process calling self.run()
SpawnPoolWorker-361| 2026-06-22 00:26:34,769,769 multiprocessing INFO STARTING NEW RUN ==========
SpawnPoolWorker-361| 2026-06-22 00:26:34,769,769 multiprocessing INFO SEE LOG AT : ./logs/all_Lyapunov_test_dso-fn_d_all_n_01_log.txt
SpawnPoolWorker-361| 2026-06-22 00:26:34,769,769 multiprocessing INFO See log at : ./logs/all_Lyapunov_test_dso-fn_d_all_n_01_log.txt
SpawnPoolWorker-361| 2026-06-22 00:26:34,779,779 multiprocessing INFO child process calling self.run()
SpawnPoolWorker-373| 2026-06-22 00:26:35,006,6 multiprocessing INFO STARTING NEW RUN ==========
SpawnPoolWorker-373| 2026-06-22 00:26:35,006,6 multiprocessing INFO SEE LOG AT : ./logs/all_Lyapunov_test_dso-fn_d_all_n_01_log.txt
SpawnPoolWorker-373| 2026-06-22 00:26:35,006,6 multiprocessing INFO See log at : ./logs/all_Lyapunov_test_dso-fn_d_all_n_01_log.txt
SpawnPoolWorker-373| 2026-06-22 00:26:35,008,8 multiprocessing INFO child process calling self.run()
SpawnPoolWorker-374| 2026-06-22 00:26:35,469,469 multiprocessing INFO STARTING NEW RUN ==========
SpawnPoolWorker-374| 2026-06-22 00:26:35,469,469 multiprocessing INFO SEE LOG AT : ./logs/all_Lyapunov_test_dso-fn_d_all_n_01_log.txt
SpawnPoolWorker-374| 2026-06-22 00:26:35,469,469 multiprocessing INFO See log at : ./logs/all_Lyapunov_test_dso-fn_d_all_n_01_log.txt
SpawnPoolWorker-374| 2026-06-22 00:26:35,476,476 multiprocessing INFO child process calling self.run()
SpawnPoolWorker-367| 2026-06-22 00:26:35,588,588 multiprocessing INFO STARTING NEW RUN ==========
SpawnPoolWorker-367| 2026-06-22 00:26:35,588,588 multiprocessing INFO SEE LOG AT : ./logs/all_Lyapunov_test_dso-fn_d_all_n_01_log.txt
SpawnPoolWorker-367| 2026-06-22 00:26:35,588,588 multiprocessing INFO See log at : ./logs/all_Lyapunov_test_dso-fn_d_all_n_01_log.txt
SpawnPoolWorker-367| 2026-06-22 00:26:35,589,589 multiprocessing INFO child process calling self.run()
SpawnPoolWorker-370| 2026-06-22 00:26:35,947,947 multiprocessing INFO STARTING NEW RUN ==========
SpawnPoolWorker-370| 2026-06-22 00:26:35,947,947 multiprocessing INFO SEE LOG AT : ./logs/all_Lyapunov_test_dso-fn_d_all_n_01_log.txt
SpawnPoolWorker-370| 2026-06-22 00:26:35,947,947 multiprocessing INFO See log at : ./logs/all_Lyapunov_test_dso-fn_d_all_n_01_log.txt
SpawnPoolWorker-370| 2026-06-22 00:26:35,956,956 multiprocessing INFO child process calling self.run()
SpawnPoolWorker-357| 2026-06-22 00:26:36,034,34 multiprocessing INFO STARTING NEW RUN ==========
SpawnPoolWorker-357| 2026-06-22 00:26:36,034,34 multiprocessing INFO SEE LOG AT : ./logs/all_Lyapunov_test_dso-fn_d_all_n_01_log.txt
SpawnPoolWorker-357| 2026-06-22 00:26:36,034,34 multiprocessing INFO See log at : ./logs/all_Lyapunov_test_dso-fn_d_all_n_01_log.txt
SpawnPoolWorker-357| 2026-06-22 00:26:36,040,40 multiprocessing INFO child process calling self.run()
SpawnPoolWorker-366| 2026-06-22 00:26:36,547,547 multiprocessing INFO STARTING NEW RUN ==========
SpawnPoolWorker-366| 2026-06-22 00:26:36,547,547 multiprocessing INFO SEE LOG AT : ./logs/all_Lyapunov_test_dso-fn_d_all_n_01_log.txt
SpawnPoolWorker-366| 2026-06-22 00:26:36,547,547 multiprocessing INFO See log at : ./logs/all_Lyapunov_test_dso-fn_d_all_n_01_log.txt
SpawnPoolWorker-366| 2026-06-22 00:26:36,557,557 multiprocessing INFO child process calling self.run()
SpawnPoolWorker-371| 2026-06-22 00:26:37,407,407 multiprocessing INFO STARTING NEW RUN ==========
SpawnPoolWorker-371| 2026-06-22 00:26:37,407,407 multiprocessing INFO SEE LOG AT : ./logs/all_Lyapunov_test_dso-fn_d_all_n_01_log.txt
SpawnPoolWorker-371| 2026-06-22 00:26:37,407,407 multiprocessing INFO See log at : ./logs/all_Lyapunov_test_dso-fn_d_all_n_01_log.txt
SpawnPoolWorker-371| 2026-06-22 00:26:37,420,420 multiprocessing INFO child process calling self.run()
SpawnPoolWorker-371| 2026-06-22 00:27:56,418,418 multiprocessing INFO process shutting down
SpawnPoolWorker-371| 2026-06-22 00:27:56,419,419 multiprocessing INFO process exiting with exitcode 0
SpawnPoolWorker-368| 2026-06-22 00:27:56,420,420 multiprocessing INFO process shutting down
SpawnPoolWorker-367| 2026-06-22 00:27:56,420,420 multiprocessing INFO process shutting down
SpawnPoolWorker-351| 2026-06-22 00:27:56,421,421 multiprocessing INFO process shutting down
SpawnPoolWorker-368| 2026-06-22 00:27:56,422,422 multiprocessing INFO process exiting with exitcode 0
SpawnPoolWorker-355| 2026-06-22 00:27:56,423,423 multiprocessing INFO process shutting down
SpawnPoolWorker-357| 2026-06-22 00:27:56,424,424 multiprocessing INFO process shutting down
SpawnPoolWorker-372| 2026-06-22 00:27:56,424,424 multiprocessing INFO process shutting down
SpawnPoolWorker-352| 2026-06-22 00:27:56,424,424 multiprocessing INFO process shutting down
SpawnPoolWorker-363| 2026-06-22 00:27:56,425,425 multiprocessing INFO process shutting down
SpawnPoolWorker-367| 2026-06-22 00:27:56,426,426 multiprocessing INFO process exiting with exitcode 0
SpawnPoolWorker-373| 2026-06-22 00:27:56,426,426 multiprocessing INFO process shutting down
SpawnPoolWorker-373| 2026-06-22 00:27:56,426,426 multiprocessing INFO process exiting with exitcode 0
SpawnPoolWorker-361| 2026-06-22 00:27:56,427,427 multiprocessing INFO process shutting down
SpawnPoolWorker-366| 2026-06-22 00:27:56,427,427 multiprocessing INFO process shutting down
SpawnPoolWorker-370| 2026-06-22 00:27:56,428,428 multiprocessing INFO process shutting down
SpawnPoolWorker-359| 2026-06-22 00:27:56,429,429 multiprocessing INFO process shutting down
SpawnPoolWorker-362| 2026-06-22 00:27:56,429,429 multiprocessing INFO process shutting down
SpawnPoolWorker-364| 2026-06-22 00:27:56,429,429 multiprocessing INFO process shutting down
SpawnPoolWorker-358| 2026-06-22 00:27:56,430,430 multiprocessing INFO process shutting down
SpawnPoolWorker-369| 2026-06-22 00:27:56,430,430 multiprocessing INFO process shutting down
SpawnPoolWorker-354| 2026-06-22 00:27:56,430,430 multiprocessing INFO process shutting down
SpawnPoolWorker-351| 2026-06-22 00:27:56,431,431 multiprocessing INFO process exiting with exitcode 0
SpawnPoolWorker-356| 2026-06-22 00:27:56,432,432 multiprocessing INFO process shutting down
SpawnPoolWorker-365| 2026-06-22 00:27:56,432,432 multiprocessing INFO process shutting down
SpawnPoolWorker-365| 2026-06-22 00:27:56,433,433 multiprocessing INFO process exiting with exitcode 0
SpawnPoolWorker-355| 2026-06-22 00:27:56,433,433 multiprocessing INFO process exiting with exitcode 0
SpawnPoolWorker-353| 2026-06-22 00:27:56,434,434 multiprocessing INFO process shutting down
SpawnPoolWorker-360| 2026-06-22 00:27:56,434,434 multiprocessing INFO process shutting down
SpawnPoolWorker-374| 2026-06-22 00:27:56,434,434 multiprocessing INFO process shutting down
SpawnPoolWorker-374| 2026-06-22 00:27:56,434,434 multiprocessing INFO process exiting with exitcode 0
SpawnPoolWorker-357| 2026-06-22 00:27:56,434,434 multiprocessing INFO process exiting with exitcode 0
SpawnPoolWorker-372| 2026-06-22 00:27:56,436,436 multiprocessing INFO process exiting with exitcode 0
SpawnPoolWorker-352| 2026-06-22 00:27:56,438,438 multiprocessing INFO process exiting with exitcode 0
SpawnPoolWorker-363| 2026-06-22 00:27:56,439,439 multiprocessing INFO process exiting with exitcode 0
28
(100000, 8)
(100000,)
(100000, 8)
(100000,)

=======================Successfully Added (12021, 8) Counter Examples=======================

MainProcess| 2026-06-22 00:28:30,689,689 multiprocessing INFO Number of potential valid equations: 0
Number of potential valid equations: 0
(55, 164)
/users/9/chen8596/miniconda3/envs/alfd/lib/python3.9/site-packages/torch/nn/functional.py:4999: UserWarning: Support for mismatched key_padding_mask and attn_mask is deprecated. Use same type for both instead.
  warnings.warn(

==============Start Supervised Learning==============

MainProcess| 2026-06-22 00:28:35,715,715 multiprocessing INFO GP output mean: 0.9995862098361673
GP output mean: 0.9995862098361673
MainProcess| 2026-06-22 00:28:36,578,578 multiprocessing INFO GP output success rate: 0.13333333333333333
GP output success rate: 0.13333333333333333
MainProcess| 2026-06-22 00:28:36,578,578 multiprocessing INFO [(x1**2 + x4**2 + x6**2 + x8**2 + (2*x2 + 2*x3 + x5 - x7)**2)**2, (x1**2 + x3**2 + x6**2 + x8**2 + (-x7 + (x2 + x4 + x5)**2)**2)**2]
[(x1**2 + x4**2 + x6**2 + x8**2 + (2*x2 + 2*x3 + x5 - x7)**2)**2, (x1**2 + x3**2 + x6**2 + x8**2 + (-x7 + (x2 + x4 + x5)**2)**2)**2]

==============End Supervised Learning==============

/users/9/chen8596/LyaDis/repro/runs/poly8d/utils/train.py:971: RuntimeWarning: divide by zero encountered in divide
  error = np.abs(((y_hat - y) / y))
/users/9/chen8596/.local/lib/python3.9/site-packages/scipy/stats/_stats_py.py:4424: ConstantInputWarning: An input array is constant; the correlation coefficient is not defined.
  warnings.warn(stats.ConstantInputWarning(msg))
MainProcess| 2026-06-22 00:29:08,660,660 multiprocessing INFO [Test epoch=0011]  nevals=151554 	| train_loss=11564.57617 	| eqs_invalid %=0.00 	| r_best=0.99511 	| quantile=0.23196 	| r_quantile_mean=0.94600 	| r_raw_sum=52.39776 	|  r_raw_mean=0.88810 	| r2=nan 	| acc_iid=0.00000 	| acc_ood=0.00000 	| nmse_test=0.0020136708412442452 	| true_equation_set_count=0 	| s/it=385.66852
[Test epoch=0011]  nevals=151554 	| train_loss=11564.57617 	| eqs_invalid %=0.00 	| r_best=0.99511 	| quantile=0.23196 	| r_quantile_mean=0.94600 	| r_raw_sum=52.39776 	|  r_raw_mean=0.88810 	| r2=nan 	| acc_iid=0.00000 	| acc_ood=0.00000 	| nmse_test=0.0020136708412442452 	| true_equation_set_count=0 	| s/it=385.66852
MainProcess| 2026-06-22 00:29:08,660,660 multiprocessing INFO [00:01:26:44.62] Training epoch 11/4000, current best R: 0.9951
[00:01:26:44.62] Training epoch 11/4000, current best R: 0.9951
MainProcess| 2026-06-22 00:29:08,660,660 multiprocessing INFO 
	** New best

	** New best
MainProcess| 2026-06-22 00:29:08,660,660 multiprocessing INFO 	Reward: 0.9951118454007474
	Reward: 0.9951118454007474
MainProcess| 2026-06-22 00:29:08,660,660 multiprocessing INFO 	Count Off-policy: 1
	Count Off-policy: 1
MainProcess| 2026-06-22 00:29:08,661,661 multiprocessing INFO 	Count On-policy: 0
	Count On-policy: 0
MainProcess| 2026-06-22 00:29:08,661,661 multiprocessing INFO 	Originally on Policy: False
	Originally on Policy: False
MainProcess| 2026-06-22 00:29:08,661,661 multiprocessing INFO 	Invalid: False
	Invalid: False
MainProcess| 2026-06-22 00:29:08,661,661 multiprocessing INFO 	Traversal: add,add,n2,x6,add,add,add,sub,n2,add,add,x2,add,x5,x3,x7,x4,n2,x8,n2,x4,n2,x1,x4
	Traversal: add,add,n2,x6,add,add,add,sub,n2,add,add,x2,add,x5,x3,x7,x4,n2,x8,n2,x4,n2,x1,x4
MainProcess| 2026-06-22 00:29:08,661,661 multiprocessing INFO 	Expression:
	Expression:
MainProcess| 2026-06-22 00:29:08,662,662 multiprocessing INFO 
	    2     2     2     2                      2
	  x₁  + x₄  + x₆  + x₈  + (x₂ + x₃ + x₅ + x₇) 


	    2     2     2     2                      2
	  x₁  + x₄  + x₆  + x₈  + (x₂ + x₃ + x₅ + x₇) 

MainProcess| 2026-06-22 00:32:23,213,213 multiprocessing INFO Genetic Porgramming Runtime 193.2732965259347
Genetic Porgramming Runtime 193.2732965259347

=========================PGD Collection Starts=========================

SpawnPoolWorker-380| 2026-06-22 00:32:31,798,798 multiprocessing INFO STARTING NEW RUN ==========
SpawnPoolWorker-380| 2026-06-22 00:32:31,798,798 multiprocessing INFO SEE LOG AT : ./logs/all_Lyapunov_test_dso-fn_d_all_n_01_log.txt
SpawnPoolWorker-380| 2026-06-22 00:32:31,798,798 multiprocessing INFO See log at : ./logs/all_Lyapunov_test_dso-fn_d_all_n_01_log.txt
SpawnPoolWorker-380| 2026-06-22 00:32:31,801,801 multiprocessing INFO child process calling self.run()
SpawnPoolWorker-379| 2026-06-22 00:32:31,983,983 multiprocessing INFO STARTING NEW RUN ==========
SpawnPoolWorker-379| 2026-06-22 00:32:31,983,983 multiprocessing INFO SEE LOG AT : ./logs/all_Lyapunov_test_dso-fn_d_all_n_01_log.txt
SpawnPoolWorker-379| 2026-06-22 00:32:31,983,983 multiprocessing INFO See log at : ./logs/all_Lyapunov_test_dso-fn_d_all_n_01_log.txt
SpawnPoolWorker-379| 2026-06-22 00:32:31,985,985 multiprocessing INFO child process calling self.run()
SpawnPoolWorker-375| 2026-06-22 00:32:32,263,263 multiprocessing INFO STARTING NEW RUN ==========
SpawnPoolWorker-375| 2026-06-22 00:32:32,263,263 multiprocessing INFO SEE LOG AT : ./logs/all_Lyapunov_test_dso-fn_d_all_n_01_log.txt
SpawnPoolWorker-375| 2026-06-22 00:32:32,263,263 multiprocessing INFO See log at : ./logs/all_Lyapunov_test_dso-fn_d_all_n_01_log.txt
SpawnPoolWorker-375| 2026-06-22 00:32:32,272,272 multiprocessing INFO child process calling self.run()
SpawnPoolWorker-384| 2026-06-22 00:32:32,429,429 multiprocessing INFO STARTING NEW RUN ==========
SpawnPoolWorker-384| 2026-06-22 00:32:32,429,429 multiprocessing INFO SEE LOG AT : ./logs/all_Lyapunov_test_dso-fn_d_all_n_01_log.txt
SpawnPoolWorker-384| 2026-06-22 00:32:32,429,429 multiprocessing INFO See log at : ./logs/all_Lyapunov_test_dso-fn_d_all_n_01_log.txt
SpawnPoolWorker-384| 2026-06-22 00:32:32,433,433 multiprocessing INFO child process calling self.run()
SpawnPoolWorker-378| 2026-06-22 00:32:32,493,493 multiprocessing INFO STARTING NEW RUN ==========
SpawnPoolWorker-378| 2026-06-22 00:32:32,493,493 multiprocessing INFO SEE LOG AT : ./logs/all_Lyapunov_test_dso-fn_d_all_n_01_log.txt
SpawnPoolWorker-378| 2026-06-22 00:32:32,493,493 multiprocessing INFO See log at : ./logs/all_Lyapunov_test_dso-fn_d_all_n_01_log.txt
SpawnPoolWorker-378| 2026-06-22 00:32:32,496,496 multiprocessing INFO child process calling self.run()
SpawnPoolWorker-376| 2026-06-22 00:32:32,505,505 multiprocessing INFO STARTING NEW RUN ==========
SpawnPoolWorker-376| 2026-06-22 00:32:32,505,505 multiprocessing INFO SEE LOG AT : ./logs/all_Lyapunov_test_dso-fn_d_all_n_01_log.txt
SpawnPoolWorker-376| 2026-06-22 00:32:32,505,505 multiprocessing INFO See log at : ./logs/all_Lyapunov_test_dso-fn_d_all_n_01_log.txt
SpawnPoolWorker-376| 2026-06-22 00:32:32,509,509 multiprocessing INFO child process calling self.run()
SpawnPoolWorker-377| 2026-06-22 00:32:32,600,600 multiprocessing INFO STARTING NEW RUN ==========
SpawnPoolWorker-377| 2026-06-22 00:32:32,600,600 multiprocessing INFO SEE LOG AT : ./logs/all_Lyapunov_test_dso-fn_d_all_n_01_log.txt
SpawnPoolWorker-377| 2026-06-22 00:32:32,600,600 multiprocessing INFO See log at : ./logs/all_Lyapunov_test_dso-fn_d_all_n_01_log.txt
SpawnPoolWorker-377| 2026-06-22 00:32:32,602,602 multiprocessing INFO child process calling self.run()
SpawnPoolWorker-382| 2026-06-22 00:32:32,608,608 multiprocessing INFO STARTING NEW RUN ==========
SpawnPoolWorker-382| 2026-06-22 00:32:32,608,608 multiprocessing INFO SEE LOG AT : ./logs/all_Lyapunov_test_dso-fn_d_all_n_01_log.txt
SpawnPoolWorker-382| 2026-06-22 00:32:32,608,608 multiprocessing INFO See log at : ./logs/all_Lyapunov_test_dso-fn_d_all_n_01_log.txt
SpawnPoolWorker-382| 2026-06-22 00:32:32,609,609 multiprocessing INFO child process calling self.run()
SpawnPoolWorker-383| 2026-06-22 00:32:32,684,684 multiprocessing INFO STARTING NEW RUN ==========
SpawnPoolWorker-383| 2026-06-22 00:32:32,684,684 multiprocessing INFO SEE LOG AT : ./logs/all_Lyapunov_test_dso-fn_d_all_n_01_log.txt
SpawnPoolWorker-383| 2026-06-22 00:32:32,684,684 multiprocessing INFO See log at : ./logs/all_Lyapunov_test_dso-fn_d_all_n_01_log.txt
SpawnPoolWorker-383| 2026-06-22 00:32:32,687,687 multiprocessing INFO child process calling self.run()
SpawnPoolWorker-381| 2026-06-22 00:32:33,271,271 multiprocessing INFO STARTING NEW RUN ==========
SpawnPoolWorker-381| 2026-06-22 00:32:33,271,271 multiprocessing INFO SEE LOG AT : ./logs/all_Lyapunov_test_dso-fn_d_all_n_01_log.txt
SpawnPoolWorker-381| 2026-06-22 00:32:33,271,271 multiprocessing INFO See log at : ./logs/all_Lyapunov_test_dso-fn_d_all_n_01_log.txt
SpawnPoolWorker-381| 2026-06-22 00:32:33,275,275 multiprocessing INFO child process calling self.run()
SpawnPoolWorker-381| 2026-06-22 00:32:50,263,263 multiprocessing INFO process shutting down
SpawnPoolWorker-377| 2026-06-22 00:32:50,263,263 multiprocessing INFO process shutting down
SpawnPoolWorker-381| 2026-06-22 00:32:50,263,263 multiprocessing INFO process exiting with exitcode 0
SpawnPoolWorker-380| 2026-06-22 00:32:50,263,263 multiprocessing INFO process shutting down
SpawnPoolWorker-377| 2026-06-22 00:32:50,263,263 multiprocessing INFO process exiting with exitcode 0
SpawnPoolWorker-379| 2026-06-22 00:32:50,263,263 multiprocessing INFO process shutting down
SpawnPoolWorker-380| 2026-06-22 00:32:50,263,263 multiprocessing INFO process exiting with exitcode 0
SpawnPoolWorker-384| 2026-06-22 00:32:50,263,263 multiprocessing INFO process shutting down
SpawnPoolWorker-383| 2026-06-22 00:32:50,263,263 multiprocessing INFO process shutting down
(20000,)

===================Collect 20000 Examples===================

Epsilon 0.1
500
(550,)
(550,)
(550,)
Number of Programs for Minimization: 29
SpawnPoolWorker-392| 2026-06-22 00:33:14,547,547 multiprocessing INFO STARTING NEW RUN ==========
SpawnPoolWorker-392| 2026-06-22 00:33:14,547,547 multiprocessing INFO SEE LOG AT : ./logs/all_Lyapunov_test_dso-fn_d_all_n_01_log.txt
SpawnPoolWorker-392| 2026-06-22 00:33:14,547,547 multiprocessing INFO See log at : ./logs/all_Lyapunov_test_dso-fn_d_all_n_01_log.txt
SpawnPoolWorker-392| 2026-06-22 00:33:14,571,571 multiprocessing INFO child process calling self.run()
SpawnPoolWorker-400| 2026-06-22 00:33:17,299,299 multiprocessing INFO STARTING NEW RUN ==========
SpawnPoolWorker-400| 2026-06-22 00:33:17,299,299 multiprocessing INFO SEE LOG AT : ./logs/all_Lyapunov_test_dso-fn_d_all_n_01_log.txt
SpawnPoolWorker-400| 2026-06-22 00:33:17,299,299 multiprocessing INFO See log at : ./logs/all_Lyapunov_test_dso-fn_d_all_n_01_log.txt
SpawnPoolWorker-400| 2026-06-22 00:33:17,301,301 multiprocessing INFO child process calling self.run()
SpawnPoolWorker-390| 2026-06-22 00:33:17,877,877 multiprocessing INFO STARTING NEW RUN ==========
SpawnPoolWorker-390| 2026-06-22 00:33:17,877,877 multiprocessing INFO SEE LOG AT : ./logs/all_Lyapunov_test_dso-fn_d_all_n_01_log.txt
SpawnPoolWorker-390| 2026-06-22 00:33:17,877,877 multiprocessing INFO See log at : ./logs/all_Lyapunov_test_dso-fn_d_all_n_01_log.txt
SpawnPoolWorker-390| 2026-06-22 00:33:17,882,882 multiprocessing INFO child process calling self.run()
SpawnPoolWorker-398| 2026-06-22 00:33:17,904,904 multiprocessing INFO STARTING NEW RUN ==========
SpawnPoolWorker-398| 2026-06-22 00:33:17,905,905 multiprocessing INFO SEE LOG AT : ./logs/all_Lyapunov_test_dso-fn_d_all_n_01_log.txt
SpawnPoolWorker-398| 2026-06-22 00:33:17,905,905 multiprocessing INFO See log at : ./logs/all_Lyapunov_test_dso-fn_d_all_n_01_log.txt
SpawnPoolWorker-398| 2026-06-22 00:33:17,914,914 multiprocessing INFO child process calling self.run()
SpawnPoolWorker-401| 2026-06-22 00:33:17,930,930 multiprocessing INFO STARTING NEW RUN ==========
SpawnPoolWorker-401| 2026-06-22 00:33:17,930,930 multiprocessing INFO SEE LOG AT : ./logs/all_Lyapunov_test_dso-fn_d_all_n_01_log.txt
SpawnPoolWorker-401| 2026-06-22 00:33:17,930,930 multiprocessing INFO See log at : ./logs/all_Lyapunov_test_dso-fn_d_all_n_01_log.txt
SpawnPoolWorker-401| 2026-06-22 00:33:17,936,936 multiprocessing INFO child process calling self.run()
SpawnPoolWorker-387| 2026-06-22 00:33:18,173,173 multiprocessing INFO STARTING NEW RUN ==========
SpawnPoolWorker-387| 2026-06-22 00:33:18,173,173 multiprocessing INFO SEE LOG AT : ./logs/all_Lyapunov_test_dso-fn_d_all_n_01_log.txt
SpawnPoolWorker-387| 2026-06-22 00:33:18,173,173 multiprocessing INFO See log at : ./logs/all_Lyapunov_test_dso-fn_d_all_n_01_log.txt
SpawnPoolWorker-387| 2026-06-22 00:33:18,177,177 multiprocessing INFO child process calling self.run()
SpawnPoolWorker-393| 2026-06-22 00:33:18,342,342 multiprocessing INFO STARTING NEW RUN ==========
SpawnPoolWorker-393| 2026-06-22 00:33:18,342,342 multiprocessing INFO SEE LOG AT : ./logs/all_Lyapunov_test_dso-fn_d_all_n_01_log.txt
SpawnPoolWorker-393| 2026-06-22 00:33:18,342,342 multiprocessing INFO See log at : ./logs/all_Lyapunov_test_dso-fn_d_all_n_01_log.txt
SpawnPoolWorker-393| 2026-06-22 00:33:18,347,347 multiprocessing INFO child process calling self.run()
SpawnPoolWorker-388| 2026-06-22 00:33:18,424,424 multiprocessing INFO STARTING NEW RUN ==========
SpawnPoolWorker-388| 2026-06-22 00:33:18,424,424 multiprocessing INFO SEE LOG AT : ./logs/all_Lyapunov_test_dso-fn_d_all_n_01_log.txt
SpawnPoolWorker-388| 2026-06-22 00:33:18,424,424 multiprocessing INFO See log at : ./logs/all_Lyapunov_test_dso-fn_d_all_n_01_log.txt
SpawnPoolWorker-388| 2026-06-22 00:33:18,427,427 multiprocessing INFO child process calling self.run()
SpawnPoolWorker-394| 2026-06-22 00:33:18,699,699 multiprocessing INFO STARTING NEW RUN ==========
SpawnPoolWorker-394| 2026-06-22 00:33:18,699,699 multiprocessing INFO SEE LOG AT : ./logs/all_Lyapunov_test_dso-fn_d_all_n_01_log.txt
SpawnPoolWorker-394| 2026-06-22 00:33:18,699,699 multiprocessing INFO See log at : ./logs/all_Lyapunov_test_dso-fn_d_all_n_01_log.txt
SpawnPoolWorker-394| 2026-06-22 00:33:18,701,701 multiprocessing INFO child process calling self.run()
SpawnPoolWorker-386| 2026-06-22 00:33:18,915,915 multiprocessing INFO STARTING NEW RUN ==========
SpawnPoolWorker-386| 2026-06-22 00:33:18,915,915 multiprocessing INFO SEE LOG AT : ./logs/all_Lyapunov_test_dso-fn_d_all_n_01_log.txt
SpawnPoolWorker-386| 2026-06-22 00:33:18,915,915 multiprocessing INFO See log at : ./logs/all_Lyapunov_test_dso-fn_d_all_n_01_log.txt
SpawnPoolWorker-386| 2026-06-22 00:33:18,917,917 multiprocessing INFO child process calling self.run()
SpawnPoolWorker-403| 2026-06-22 00:33:19,324,324 multiprocessing INFO STARTING NEW RUN ==========
SpawnPoolWorker-403| 2026-06-22 00:33:19,324,324 multiprocessing INFO SEE LOG AT : ./logs/all_Lyapunov_test_dso-fn_d_all_n_01_log.txt
SpawnPoolWorker-403| 2026-06-22 00:33:19,324,324 multiprocessing INFO See log at : ./logs/all_Lyapunov_test_dso-fn_d_all_n_01_log.txt
SpawnPoolWorker-403| 2026-06-22 00:33:19,326,326 multiprocessing INFO child process calling self.run()
SpawnPoolWorker-395| 2026-06-22 00:33:19,531,531 multiprocessing INFO STARTING NEW RUN ==========
SpawnPoolWorker-395| 2026-06-22 00:33:19,531,531 multiprocessing INFO SEE LOG AT : ./logs/all_Lyapunov_test_dso-fn_d_all_n_01_log.txt
SpawnPoolWorker-395| 2026-06-22 00:33:19,531,531 multiprocessing INFO See log at : ./logs/all_Lyapunov_test_dso-fn_d_all_n_01_log.txt
SpawnPoolWorker-395| 2026-06-22 00:33:19,541,541 multiprocessing INFO child process calling self.run()
SpawnPoolWorker-404| 2026-06-22 00:33:19,549,549 multiprocessing INFO STARTING NEW RUN ==========
SpawnPoolWorker-404| 2026-06-22 00:33:19,549,549 multiprocessing INFO SEE LOG AT : ./logs/all_Lyapunov_test_dso-fn_d_all_n_01_log.txt
SpawnPoolWorker-404| 2026-06-22 00:33:19,549,549 multiprocessing INFO See log at : ./logs/all_Lyapunov_test_dso-fn_d_all_n_01_log.txt
SpawnPoolWorker-404| 2026-06-22 00:33:19,553,553 multiprocessing INFO child process calling self.run()
SpawnPoolWorker-396| 2026-06-22 00:33:19,630,630 multiprocessing INFO STARTING NEW RUN ==========
SpawnPoolWorker-396| 2026-06-22 00:33:19,630,630 multiprocessing INFO SEE LOG AT : ./logs/all_Lyapunov_test_dso-fn_d_all_n_01_log.txt
SpawnPoolWorker-396| 2026-06-22 00:33:19,630,630 multiprocessing INFO See log at : ./logs/all_Lyapunov_test_dso-fn_d_all_n_01_log.txt
SpawnPoolWorker-396| 2026-06-22 00:33:19,633,633 multiprocessing INFO child process calling self.run()
SpawnPoolWorker-389| 2026-06-22 00:33:19,698,698 multiprocessing INFO STARTING NEW RUN ==========
SpawnPoolWorker-389| 2026-06-22 00:33:19,698,698 multiprocessing INFO SEE LOG AT : ./logs/all_Lyapunov_test_dso-fn_d_all_n_01_log.txt
SpawnPoolWorker-389| 2026-06-22 00:33:19,698,698 multiprocessing INFO See log at : ./logs/all_Lyapunov_test_dso-fn_d_all_n_01_log.txt
SpawnPoolWorker-389| 2026-06-22 00:33:19,706,706 multiprocessing INFO child process calling self.run()
SpawnPoolWorker-399| 2026-06-22 00:33:19,840,840 multiprocessing INFO STARTING NEW RUN ==========
SpawnPoolWorker-399| 2026-06-22 00:33:19,840,840 multiprocessing INFO SEE LOG AT : ./logs/all_Lyapunov_test_dso-fn_d_all_n_01_log.txt
SpawnPoolWorker-399| 2026-06-22 00:33:19,840,840 multiprocessing INFO See log at : ./logs/all_Lyapunov_test_dso-fn_d_all_n_01_log.txt
SpawnPoolWorker-399| 2026-06-22 00:33:19,842,842 multiprocessing INFO child process calling self.run()
SpawnPoolWorker-397| 2026-06-22 00:33:20,171,171 multiprocessing INFO STARTING NEW RUN ==========
SpawnPoolWorker-397| 2026-06-22 00:33:20,171,171 multiprocessing INFO SEE LOG AT : ./logs/all_Lyapunov_test_dso-fn_d_all_n_01_log.txt
SpawnPoolWorker-397| 2026-06-22 00:33:20,171,171 multiprocessing INFO See log at : ./logs/all_Lyapunov_test_dso-fn_d_all_n_01_log.txt
SpawnPoolWorker-397| 2026-06-22 00:33:20,173,173 multiprocessing INFO child process calling self.run()
SpawnPoolWorker-405| 2026-06-22 00:33:20,338,338 multiprocessing INFO STARTING NEW RUN ==========
SpawnPoolWorker-405| 2026-06-22 00:33:20,338,338 multiprocessing INFO SEE LOG AT : ./logs/all_Lyapunov_test_dso-fn_d_all_n_01_log.txt
SpawnPoolWorker-405| 2026-06-22 00:33:20,338,338 multiprocessing INFO See log at : ./logs/all_Lyapunov_test_dso-fn_d_all_n_01_log.txt
SpawnPoolWorker-405| 2026-06-22 00:33:20,340,340 multiprocessing INFO child process calling self.run()
SpawnPoolWorker-402| 2026-06-22 00:33:20,766,766 multiprocessing INFO STARTING NEW RUN ==========
SpawnPoolWorker-402| 2026-06-22 00:33:20,766,766 multiprocessing INFO SEE LOG AT : ./logs/all_Lyapunov_test_dso-fn_d_all_n_01_log.txt
SpawnPoolWorker-402| 2026-06-22 00:33:20,766,766 multiprocessing INFO See log at : ./logs/all_Lyapunov_test_dso-fn_d_all_n_01_log.txt
SpawnPoolWorker-402| 2026-06-22 00:33:20,776,776 multiprocessing INFO child process calling self.run()
SpawnPoolWorker-408| 2026-06-22 00:33:20,991,991 multiprocessing INFO STARTING NEW RUN ==========
SpawnPoolWorker-408| 2026-06-22 00:33:20,991,991 multiprocessing INFO SEE LOG AT : ./logs/all_Lyapunov_test_dso-fn_d_all_n_01_log.txt
SpawnPoolWorker-408| 2026-06-22 00:33:20,991,991 multiprocessing INFO See log at : ./logs/all_Lyapunov_test_dso-fn_d_all_n_01_log.txt
SpawnPoolWorker-408| 2026-06-22 00:33:20,996,996 multiprocessing INFO child process calling self.run()
SpawnPoolWorker-385| 2026-06-22 00:33:21,096,96 multiprocessing INFO STARTING NEW RUN ==========
SpawnPoolWorker-385| 2026-06-22 00:33:21,096,96 multiprocessing INFO SEE LOG AT : ./logs/all_Lyapunov_test_dso-fn_d_all_n_01_log.txt
SpawnPoolWorker-385| 2026-06-22 00:33:21,096,96 multiprocessing INFO See log at : ./logs/all_Lyapunov_test_dso-fn_d_all_n_01_log.txt
SpawnPoolWorker-385| 2026-06-22 00:33:21,098,98 multiprocessing INFO child process calling self.run()
SpawnPoolWorker-391| 2026-06-22 00:33:21,384,384 multiprocessing INFO STARTING NEW RUN ==========
SpawnPoolWorker-391| 2026-06-22 00:33:21,384,384 multiprocessing INFO SEE LOG AT : ./logs/all_Lyapunov_test_dso-fn_d_all_n_01_log.txt
SpawnPoolWorker-391| 2026-06-22 00:33:21,385,385 multiprocessing INFO See log at : ./logs/all_Lyapunov_test_dso-fn_d_all_n_01_log.txt
SpawnPoolWorker-391| 2026-06-22 00:33:21,388,388 multiprocessing INFO child process calling self.run()
SpawnPoolWorker-407| 2026-06-22 00:33:21,620,620 multiprocessing INFO STARTING NEW RUN ==========
SpawnPoolWorker-407| 2026-06-22 00:33:21,620,620 multiprocessing INFO SEE LOG AT : ./logs/all_Lyapunov_test_dso-fn_d_all_n_01_log.txt
SpawnPoolWorker-407| 2026-06-22 00:33:21,620,620 multiprocessing INFO See log at : ./logs/all_Lyapunov_test_dso-fn_d_all_n_01_log.txt
SpawnPoolWorker-407| 2026-06-22 00:33:21,622,622 multiprocessing INFO child process calling self.run()
SpawnPoolWorker-406| 2026-06-22 00:33:22,764,764 multiprocessing INFO STARTING NEW RUN ==========
SpawnPoolWorker-406| 2026-06-22 00:33:22,764,764 multiprocessing INFO SEE LOG AT : ./logs/all_Lyapunov_test_dso-fn_d_all_n_01_log.txt
SpawnPoolWorker-406| 2026-06-22 00:33:22,764,764 multiprocessing INFO See log at : ./logs/all_Lyapunov_test_dso-fn_d_all_n_01_log.txt
SpawnPoolWorker-406| 2026-06-22 00:33:22,766,766 multiprocessing INFO child process calling self.run()
SpawnPoolWorker-400| 2026-06-22 00:34:31,125,125 multiprocessing INFO process shutting down
SpawnPoolWorker-406| 2026-06-22 00:34:31,126,126 multiprocessing INFO process shutting down
SpawnPoolWorker-403| 2026-06-22 00:34:31,126,126 multiprocessing INFO process shutting down
SpawnPoolWorker-385| 2026-06-22 00:34:31,126,126 multiprocessing INFO process shutting down
SpawnPoolWorker-395| 2026-06-22 00:34:31,126,126 multiprocessing INFO process shutting down
SpawnPoolWorker-403| 2026-06-22 00:34:31,127,127 multiprocessing INFO process exiting with exitcode 0
SpawnPoolWorker-401| 2026-06-22 00:34:31,126,126 multiprocessing INFO process shutting down
SpawnPoolWorker-400| 2026-06-22 00:34:31,127,127 multiprocessing INFO process exiting with exitcode 0
SpawnPoolWorker-406| 2026-06-22 00:34:31,127,127 multiprocessing INFO process exiting with exitcode 0
SpawnPoolWorker-385| 2026-06-22 00:34:31,127,127 multiprocessing INFO process exiting with exitcode 0
SpawnPoolWorker-395| 2026-06-22 00:34:31,127,127 multiprocessing INFO process exiting with exitcode 0
SpawnPoolWorker-404| 2026-06-22 00:34:31,127,127 multiprocessing INFO process shutting down
SpawnPoolWorker-401| 2026-06-22 00:34:31,127,127 multiprocessing INFO process exiting with exitcode 0
SpawnPoolWorker-404| 2026-06-22 00:34:31,127,127 multiprocessing INFO process exiting with exitcode 0
SpawnPoolWorker-393| 2026-06-22 00:34:31,126,126 multiprocessing INFO process shutting down
SpawnPoolWorker-408| 2026-06-22 00:34:31,126,126 multiprocessing INFO process shutting down
SpawnPoolWorker-390| 2026-06-22 00:34:31,126,126 multiprocessing INFO process shutting down
SpawnPoolWorker-389| 2026-06-22 00:34:31,126,126 multiprocessing INFO process shutting down
SpawnPoolWorker-399| 2026-06-22 00:34:31,126,126 multiprocessing INFO process shutting down
SpawnPoolWorker-402| 2026-06-22 00:34:31,126,126 multiprocessing INFO process shutting down
SpawnPoolWorker-394| 2026-06-22 00:34:31,127,127 multiprocessing INFO process shutting down
SpawnPoolWorker-388| 2026-06-22 00:34:31,127,127 multiprocessing INFO process shutting down
SpawnPoolWorker-387| 2026-06-22 00:34:31,128,128 multiprocessing INFO process shutting down
SpawnPoolWorker-397| 2026-06-22 00:34:31,128,128 multiprocessing INFO process shutting down
SpawnPoolWorker-405| 2026-06-22 00:34:31,128,128 multiprocessing INFO process shutting down
SpawnPoolWorker-407| 2026-06-22 00:34:31,128,128 multiprocessing INFO process shutting down
SpawnPoolWorker-391| 2026-06-22 00:34:31,128,128 multiprocessing INFO process shutting down
SpawnPoolWorker-396| 2026-06-22 00:34:31,128,128 multiprocessing INFO process shutting down
29
(100000, 8)
(100000,)
(100000, 8)
(100000,)

=======================Successfully Added (50000, 8) Counter Examples=======================


============None of the candidates fulfill the conditions. Training CONTINUES!=================

MainProcess| 2026-06-22 00:34:38,760,760 multiprocessing INFO 
============None of the candidates fulfill the conditions. Training CONTINUES!=================


============None of the candidates fulfill the conditions. Training CONTINUES!=================

(550, 164)
/users/9/chen8596/miniconda3/envs/alfd/lib/python3.9/site-packages/torch/nn/functional.py:4999: UserWarning: Support for mismatched key_padding_mask and attn_mask is deprecated. Use same type for both instead.
  warnings.warn(

==============Start Supervised Learning==============

MainProcess| 2026-06-22 00:34:52,795,795 multiprocessing INFO GP output mean: 0.9996506256536954
GP output mean: 0.9996506256536954
MainProcess| 2026-06-22 00:34:53,840,840 multiprocessing INFO GP output success rate: 0.0
GP output success rate: 0.0

==============End Supervised Learning==============

MainProcess| 2026-06-22 00:34:56,330,330 multiprocessing INFO [Test epoch=0012]  nevals=165457 	| train_loss=12709.32324 	| eqs_invalid %=0.00 	| r_best=0.99511 	| quantile=0.00000 	| r_quantile_mean=0.08789 	| r_raw_sum=48.34041 	|  r_raw_mean=0.91208 	| r2=nan 	| acc_iid=0.00000 	| acc_ood=0.00000 	| nmse_test=0.0020136708412442452 	| true_equation_set_count=0 	| s/it=347.66766
[Test epoch=0012]  nevals=165457 	| train_loss=12709.32324 	| eqs_invalid %=0.00 	| r_best=0.99511 	| quantile=0.00000 	| r_quantile_mean=0.08789 	| r_raw_sum=48.34041 	|  r_raw_mean=0.91208 	| r2=nan 	| acc_iid=0.00000 	| acc_ood=0.00000 	| nmse_test=0.0020136708412442452 	| true_equation_set_count=0 	| s/it=347.66766
MainProcess| 2026-06-22 00:39:01,325,325 multiprocessing INFO Genetic Porgramming Runtime 243.69509541383013
Genetic Porgramming Runtime 243.69509541383013

=========================PGD Collection Starts=========================

SpawnPoolWorker-410| 2026-06-22 00:39:06,480,480 multiprocessing INFO STARTING NEW RUN ==========
SpawnPoolWorker-410| 2026-06-22 00:39:06,480,480 multiprocessing INFO SEE LOG AT : ./logs/all_Lyapunov_test_dso-fn_d_all_n_01_log.txt
SpawnPoolWorker-410| 2026-06-22 00:39:06,480,480 multiprocessing INFO See log at : ./logs/all_Lyapunov_test_dso-fn_d_all_n_01_log.txt
SpawnPoolWorker-411| 2026-06-22 00:39:06,481,481 multiprocessing INFO STARTING NEW RUN ==========
SpawnPoolWorker-411| 2026-06-22 00:39:06,481,481 multiprocessing INFO SEE LOG AT : ./logs/all_Lyapunov_test_dso-fn_d_all_n_01_log.txt
SpawnPoolWorker-410| 2026-06-22 00:39:06,481,481 multiprocessing INFO child process calling self.run()
SpawnPoolWorker-411| 2026-06-22 00:39:06,481,481 multiprocessing INFO See log at : ./logs/all_Lyapunov_test_dso-fn_d_all_n_01_log.txt
SpawnPoolWorker-411| 2026-06-22 00:39:06,483,483 multiprocessing INFO child process calling self.run()
SpawnPoolWorker-409| 2026-06-22 00:39:06,495,495 multiprocessing INFO STARTING NEW RUN ==========
SpawnPoolWorker-409| 2026-06-22 00:39:06,495,495 multiprocessing INFO SEE LOG AT : ./logs/all_Lyapunov_test_dso-fn_d_all_n_01_log.txt
SpawnPoolWorker-409| 2026-06-22 00:39:06,495,495 multiprocessing INFO See log at : ./logs/all_Lyapunov_test_dso-fn_d_all_n_01_log.txt
SpawnPoolWorker-409| 2026-06-22 00:39:06,497,497 multiprocessing INFO child process calling self.run()
SpawnPoolWorker-412| 2026-06-22 00:39:06,602,602 multiprocessing INFO STARTING NEW RUN ==========
SpawnPoolWorker-412| 2026-06-22 00:39:06,602,602 multiprocessing INFO SEE LOG AT : ./logs/all_Lyapunov_test_dso-fn_d_all_n_01_log.txt
SpawnPoolWorker-412| 2026-06-22 00:39:06,602,602 multiprocessing INFO See log at : ./logs/all_Lyapunov_test_dso-fn_d_all_n_01_log.txt
SpawnPoolWorker-412| 2026-06-22 00:39:06,604,604 multiprocessing INFO child process calling self.run()
SpawnPoolWorker-415| 2026-06-22 00:39:06,641,641 multiprocessing INFO STARTING NEW RUN ==========
SpawnPoolWorker-415| 2026-06-22 00:39:06,641,641 multiprocessing INFO SEE LOG AT : ./logs/all_Lyapunov_test_dso-fn_d_all_n_01_log.txt
SpawnPoolWorker-415| 2026-06-22 00:39:06,641,641 multiprocessing INFO See log at : ./logs/all_Lyapunov_test_dso-fn_d_all_n_01_log.txt
SpawnPoolWorker-415| 2026-06-22 00:39:06,643,643 multiprocessing INFO child process calling self.run()
SpawnPoolWorker-414| 2026-06-22 00:39:06,677,677 multiprocessing INFO STARTING NEW RUN ==========
SpawnPoolWorker-414| 2026-06-22 00:39:06,677,677 multiprocessing INFO SEE LOG AT : ./logs/all_Lyapunov_test_dso-fn_d_all_n_01_log.txt
SpawnPoolWorker-414| 2026-06-22 00:39:06,677,677 multiprocessing INFO See log at : ./logs/all_Lyapunov_test_dso-fn_d_all_n_01_log.txt
SpawnPoolWorker-414| 2026-06-22 00:39:06,680,680 multiprocessing INFO child process calling self.run()
SpawnPoolWorker-413| 2026-06-22 00:39:06,720,720 multiprocessing INFO STARTING NEW RUN ==========
SpawnPoolWorker-413| 2026-06-22 00:39:06,721,721 multiprocessing INFO SEE LOG AT : ./logs/all_Lyapunov_test_dso-fn_d_all_n_01_log.txt
SpawnPoolWorker-413| 2026-06-22 00:39:06,721,721 multiprocessing INFO See log at : ./logs/all_Lyapunov_test_dso-fn_d_all_n_01_log.txt
SpawnPoolWorker-413| 2026-06-22 00:39:06,723,723 multiprocessing INFO child process calling self.run()
SpawnPoolWorker-418| 2026-06-22 00:39:06,817,817 multiprocessing INFO STARTING NEW RUN ==========
SpawnPoolWorker-418| 2026-06-22 00:39:06,818,818 multiprocessing INFO SEE LOG AT : ./logs/all_Lyapunov_test_dso-fn_d_all_n_01_log.txt
SpawnPoolWorker-418| 2026-06-22 00:39:06,818,818 multiprocessing INFO See log at : ./logs/all_Lyapunov_test_dso-fn_d_all_n_01_log.txt
SpawnPoolWorker-418| 2026-06-22 00:39:06,819,819 multiprocessing INFO child process calling self.run()
SpawnPoolWorker-417| 2026-06-22 00:39:06,957,957 multiprocessing INFO STARTING NEW RUN ==========
SpawnPoolWorker-417| 2026-06-22 00:39:06,957,957 multiprocessing INFO SEE LOG AT : ./logs/all_Lyapunov_test_dso-fn_d_all_n_01_log.txt
SpawnPoolWorker-417| 2026-06-22 00:39:06,957,957 multiprocessing INFO See log at : ./logs/all_Lyapunov_test_dso-fn_d_all_n_01_log.txt
SpawnPoolWorker-417| 2026-06-22 00:39:06,958,958 multiprocessing INFO child process calling self.run()
SpawnPoolWorker-416| 2026-06-22 00:39:07,049,49 multiprocessing INFO STARTING NEW RUN ==========
SpawnPoolWorker-416| 2026-06-22 00:39:07,049,49 multiprocessing INFO SEE LOG AT : ./logs/all_Lyapunov_test_dso-fn_d_all_n_01_log.txt
SpawnPoolWorker-416| 2026-06-22 00:39:07,049,49 multiprocessing INFO See log at : ./logs/all_Lyapunov_test_dso-fn_d_all_n_01_log.txt
SpawnPoolWorker-416| 2026-06-22 00:39:07,051,51 multiprocessing INFO child process calling self.run()
SpawnPoolWorker-418| 2026-06-22 00:39:24,453,453 multiprocessing INFO process shutting down
SpawnPoolWorker-417| 2026-06-22 00:39:24,453,453 multiprocessing INFO process shutting down
SpawnPoolWorker-416| 2026-06-22 00:39:24,453,453 multiprocessing INFO process shutting down
SpawnPoolWorker-418| 2026-06-22 00:39:24,453,453 multiprocessing INFO process exiting with exitcode 0
SpawnPoolWorker-417| 2026-06-22 00:39:24,453,453 multiprocessing INFO process exiting with exitcode 0
SpawnPoolWorker-416| 2026-06-22 00:39:24,453,453 multiprocessing INFO process exiting with exitcode 0
SpawnPoolWorker-410| 2026-06-22 00:39:24,453,453 multiprocessing INFO process shutting down
SpawnPoolWorker-414| 2026-06-22 00:39:24,454,454 multiprocessing INFO process shutting down
SpawnPoolWorker-409| 2026-06-22 00:39:24,454,454 multiprocessing INFO process shutting down
SpawnPoolWorker-413| 2026-06-22 00:39:24,454,454 multiprocessing INFO process shutting down
(20000,)

===================Collect 20000 Examples===================

Epsilon 0.1
500
(550,)
(550,)
(550,)
Number of Programs for Minimization: 28
SpawnPoolWorker-432| 2026-06-22 00:39:43,995,995 multiprocessing INFO STARTING NEW RUN ==========
SpawnPoolWorker-432| 2026-06-22 00:39:43,995,995 multiprocessing INFO SEE LOG AT : ./logs/all_Lyapunov_test_dso-fn_d_all_n_01_log.txt
SpawnPoolWorker-432| 2026-06-22 00:39:43,995,995 multiprocessing INFO See log at : ./logs/all_Lyapunov_test_dso-fn_d_all_n_01_log.txt
SpawnPoolWorker-432| 2026-06-22 00:39:44,009,9 multiprocessing INFO child process calling self.run()
SpawnPoolWorker-419| 2026-06-22 00:39:44,044,44 multiprocessing INFO STARTING NEW RUN ==========
SpawnPoolWorker-419| 2026-06-22 00:39:44,044,44 multiprocessing INFO SEE LOG AT : ./logs/all_Lyapunov_test_dso-fn_d_all_n_01_log.txt
SpawnPoolWorker-419| 2026-06-22 00:39:44,044,44 multiprocessing INFO See log at : ./logs/all_Lyapunov_test_dso-fn_d_all_n_01_log.txt
SpawnPoolWorker-419| 2026-06-22 00:39:44,047,47 multiprocessing INFO child process calling self.run()
SpawnPoolWorker-420| 2026-06-22 00:39:44,163,163 multiprocessing INFO STARTING NEW RUN ==========
SpawnPoolWorker-420| 2026-06-22 00:39:44,163,163 multiprocessing INFO SEE LOG AT : ./logs/all_Lyapunov_test_dso-fn_d_all_n_01_log.txt
SpawnPoolWorker-420| 2026-06-22 00:39:44,163,163 multiprocessing INFO See log at : ./logs/all_Lyapunov_test_dso-fn_d_all_n_01_log.txt
SpawnPoolWorker-420| 2026-06-22 00:39:44,169,169 multiprocessing INFO child process calling self.run()
SpawnPoolWorker-424| 2026-06-22 00:39:44,279,279 multiprocessing INFO STARTING NEW RUN ==========
SpawnPoolWorker-424| 2026-06-22 00:39:44,279,279 multiprocessing INFO SEE LOG AT : ./logs/all_Lyapunov_test_dso-fn_d_all_n_01_log.txt
SpawnPoolWorker-424| 2026-06-22 00:39:44,279,279 multiprocessing INFO See log at : ./logs/all_Lyapunov_test_dso-fn_d_all_n_01_log.txt
SpawnPoolWorker-425| 2026-06-22 00:39:44,279,279 multiprocessing INFO STARTING NEW RUN ==========
SpawnPoolWorker-425| 2026-06-22 00:39:44,280,280 multiprocessing INFO SEE LOG AT : ./logs/all_Lyapunov_test_dso-fn_d_all_n_01_log.txt
SpawnPoolWorker-425| 2026-06-22 00:39:44,280,280 multiprocessing INFO See log at : ./logs/all_Lyapunov_test_dso-fn_d_all_n_01_log.txt
SpawnPoolWorker-425| 2026-06-22 00:39:44,283,283 multiprocessing INFO child process calling self.run()
SpawnPoolWorker-424| 2026-06-22 00:39:44,284,284 multiprocessing INFO child process calling self.run()
SpawnPoolWorker-429| 2026-06-22 00:39:44,314,314 multiprocessing INFO STARTING NEW RUN ==========
SpawnPoolWorker-429| 2026-06-22 00:39:44,314,314 multiprocessing INFO SEE LOG AT : ./logs/all_Lyapunov_test_dso-fn_d_all_n_01_log.txt
SpawnPoolWorker-429| 2026-06-22 00:39:44,314,314 multiprocessing INFO See log at : ./logs/all_Lyapunov_test_dso-fn_d_all_n_01_log.txt
SpawnPoolWorker-421| 2026-06-22 00:39:44,316,316 multiprocessing INFO STARTING NEW RUN ==========
SpawnPoolWorker-421| 2026-06-22 00:39:44,316,316 multiprocessing INFO SEE LOG AT : ./logs/all_Lyapunov_test_dso-fn_d_all_n_01_log.txt
SpawnPoolWorker-429| 2026-06-22 00:39:44,316,316 multiprocessing INFO child process calling self.run()
SpawnPoolWorker-421| 2026-06-22 00:39:44,316,316 multiprocessing INFO See log at : ./logs/all_Lyapunov_test_dso-fn_d_all_n_01_log.txt
SpawnPoolWorker-421| 2026-06-22 00:39:44,324,324 multiprocessing INFO child process calling self.run()
SpawnPoolWorker-423| 2026-06-22 00:39:44,472,472 multiprocessing INFO STARTING NEW RUN ==========
SpawnPoolWorker-423| 2026-06-22 00:39:44,472,472 multiprocessing INFO SEE LOG AT : ./logs/all_Lyapunov_test_dso-fn_d_all_n_01_log.txt
SpawnPoolWorker-423| 2026-06-22 00:39:44,472,472 multiprocessing INFO See log at : ./logs/all_Lyapunov_test_dso-fn_d_all_n_01_log.txt
SpawnPoolWorker-423| 2026-06-22 00:39:44,475,475 multiprocessing INFO child process calling self.run()
SpawnPoolWorker-427| 2026-06-22 00:39:44,803,803 multiprocessing INFO STARTING NEW RUN ==========
SpawnPoolWorker-427| 2026-06-22 00:39:44,803,803 multiprocessing INFO SEE LOG AT : ./logs/all_Lyapunov_test_dso-fn_d_all_n_01_log.txt
SpawnPoolWorker-427| 2026-06-22 00:39:44,803,803 multiprocessing INFO See log at : ./logs/all_Lyapunov_test_dso-fn_d_all_n_01_log.txt
SpawnPoolWorker-427| 2026-06-22 00:39:44,805,805 multiprocessing INFO child process calling self.run()
SpawnPoolWorker-436| 2026-06-22 00:39:45,055,55 multiprocessing INFO STARTING NEW RUN ==========
SpawnPoolWorker-436| 2026-06-22 00:39:45,055,55 multiprocessing INFO SEE LOG AT : ./logs/all_Lyapunov_test_dso-fn_d_all_n_01_log.txt
SpawnPoolWorker-436| 2026-06-22 00:39:45,055,55 multiprocessing INFO See log at : ./logs/all_Lyapunov_test_dso-fn_d_all_n_01_log.txt
SpawnPoolWorker-436| 2026-06-22 00:39:45,057,57 multiprocessing INFO child process calling self.run()
SpawnPoolWorker-435| 2026-06-22 00:39:45,182,182 multiprocessing INFO STARTING NEW RUN ==========
SpawnPoolWorker-435| 2026-06-22 00:39:45,182,182 multiprocessing INFO SEE LOG AT : ./logs/all_Lyapunov_test_dso-fn_d_all_n_01_log.txt
SpawnPoolWorker-435| 2026-06-22 00:39:45,182,182 multiprocessing INFO See log at : ./logs/all_Lyapunov_test_dso-fn_d_all_n_01_log.txt
SpawnPoolWorker-435| 2026-06-22 00:39:45,183,183 multiprocessing INFO child process calling self.run()
SpawnPoolWorker-442| 2026-06-22 00:39:45,264,264 multiprocessing INFO STARTING NEW RUN ==========
SpawnPoolWorker-442| 2026-06-22 00:39:45,275,275 multiprocessing INFO SEE LOG AT : ./logs/all_Lyapunov_test_dso-fn_d_all_n_01_log.txt
SpawnPoolWorker-442| 2026-06-22 00:39:45,276,276 multiprocessing INFO See log at : ./logs/all_Lyapunov_test_dso-fn_d_all_n_01_log.txt
SpawnPoolWorker-442| 2026-06-22 00:39:45,295,295 multiprocessing INFO child process calling self.run()
SpawnPoolWorker-422| 2026-06-22 00:39:45,362,362 multiprocessing INFO STARTING NEW RUN ==========
SpawnPoolWorker-422| 2026-06-22 00:39:45,364,364 multiprocessing INFO SEE LOG AT : ./logs/all_Lyapunov_test_dso-fn_d_all_n_01_log.txt
SpawnPoolWorker-422| 2026-06-22 00:39:45,364,364 multiprocessing INFO See log at : ./logs/all_Lyapunov_test_dso-fn_d_all_n_01_log.txt
SpawnPoolWorker-422| 2026-06-22 00:39:45,368,368 multiprocessing INFO child process calling self.run()
SpawnPoolWorker-426| 2026-06-22 00:39:45,441,441 multiprocessing INFO STARTING NEW RUN ==========
SpawnPoolWorker-426| 2026-06-22 00:39:45,441,441 multiprocessing INFO SEE LOG AT : ./logs/all_Lyapunov_test_dso-fn_d_all_n_01_log.txt
SpawnPoolWorker-426| 2026-06-22 00:39:45,441,441 multiprocessing INFO See log at : ./logs/all_Lyapunov_test_dso-fn_d_all_n_01_log.txt
SpawnPoolWorker-434| 2026-06-22 00:39:45,449,449 multiprocessing INFO STARTING NEW RUN ==========
SpawnPoolWorker-434| 2026-06-22 00:39:45,449,449 multiprocessing INFO SEE LOG AT : ./logs/all_Lyapunov_test_dso-fn_d_all_n_01_log.txt
SpawnPoolWorker-434| 2026-06-22 00:39:45,449,449 multiprocessing INFO See log at : ./logs/all_Lyapunov_test_dso-fn_d_all_n_01_log.txt
SpawnPoolWorker-426| 2026-06-22 00:39:45,450,450 multiprocessing INFO child process calling self.run()
SpawnPoolWorker-430| 2026-06-22 00:39:45,452,452 multiprocessing INFO STARTING NEW RUN ==========
SpawnPoolWorker-430| 2026-06-22 00:39:45,452,452 multiprocessing INFO SEE LOG AT : ./logs/all_Lyapunov_test_dso-fn_d_all_n_01_log.txt
SpawnPoolWorker-430| 2026-06-22 00:39:45,452,452 multiprocessing INFO See log at : ./logs/all_Lyapunov_test_dso-fn_d_all_n_01_log.txt
SpawnPoolWorker-434| 2026-06-22 00:39:45,454,454 multiprocessing INFO child process calling self.run()
SpawnPoolWorker-430| 2026-06-22 00:39:45,463,463 multiprocessing INFO child process calling self.run()
SpawnPoolWorker-428| 2026-06-22 00:39:45,480,480 multiprocessing INFO STARTING NEW RUN ==========
SpawnPoolWorker-428| 2026-06-22 00:39:45,481,481 multiprocessing INFO SEE LOG AT : ./logs/all_Lyapunov_test_dso-fn_d_all_n_01_log.txt
SpawnPoolWorker-428| 2026-06-22 00:39:45,481,481 multiprocessing INFO See log at : ./logs/all_Lyapunov_test_dso-fn_d_all_n_01_log.txt
SpawnPoolWorker-428| 2026-06-22 00:39:45,487,487 multiprocessing INFO child process calling self.run()
SpawnPoolWorker-431| 2026-06-22 00:39:45,730,730 multiprocessing INFO STARTING NEW RUN ==========
SpawnPoolWorker-431| 2026-06-22 00:39:45,730,730 multiprocessing INFO SEE LOG AT : ./logs/all_Lyapunov_test_dso-fn_d_all_n_01_log.txt
SpawnPoolWorker-431| 2026-06-22 00:39:45,730,730 multiprocessing INFO See log at : ./logs/all_Lyapunov_test_dso-fn_d_all_n_01_log.txt
SpawnPoolWorker-431| 2026-06-22 00:39:45,736,736 multiprocessing INFO child process calling self.run()
SpawnPoolWorker-440| 2026-06-22 00:39:45,866,866 multiprocessing INFO STARTING NEW RUN ==========
SpawnPoolWorker-440| 2026-06-22 00:39:45,866,866 multiprocessing INFO SEE LOG AT : ./logs/all_Lyapunov_test_dso-fn_d_all_n_01_log.txt
SpawnPoolWorker-440| 2026-06-22 00:39:45,866,866 multiprocessing INFO See log at : ./logs/all_Lyapunov_test_dso-fn_d_all_n_01_log.txt
SpawnPoolWorker-440| 2026-06-22 00:39:45,871,871 multiprocessing INFO child process calling self.run()
SpawnPoolWorker-439| 2026-06-22 00:39:46,016,16 multiprocessing INFO STARTING NEW RUN ==========
SpawnPoolWorker-439| 2026-06-22 00:39:46,016,16 multiprocessing INFO SEE LOG AT : ./logs/all_Lyapunov_test_dso-fn_d_all_n_01_log.txt
SpawnPoolWorker-439| 2026-06-22 00:39:46,016,16 multiprocessing INFO See log at : ./logs/all_Lyapunov_test_dso-fn_d_all_n_01_log.txt
SpawnPoolWorker-439| 2026-06-22 00:39:46,019,19 multiprocessing INFO child process calling self.run()
SpawnPoolWorker-441| 2026-06-22 00:39:46,090,90 multiprocessing INFO STARTING NEW RUN ==========
SpawnPoolWorker-441| 2026-06-22 00:39:46,090,90 multiprocessing INFO SEE LOG AT : ./logs/all_Lyapunov_test_dso-fn_d_all_n_01_log.txt
SpawnPoolWorker-441| 2026-06-22 00:39:46,090,90 multiprocessing INFO See log at : ./logs/all_Lyapunov_test_dso-fn_d_all_n_01_log.txt
SpawnPoolWorker-437| 2026-06-22 00:39:46,090,90 multiprocessing INFO STARTING NEW RUN ==========
SpawnPoolWorker-437| 2026-06-22 00:39:46,091,91 multiprocessing INFO SEE LOG AT : ./logs/all_Lyapunov_test_dso-fn_d_all_n_01_log.txt
SpawnPoolWorker-437| 2026-06-22 00:39:46,091,91 multiprocessing INFO See log at : ./logs/all_Lyapunov_test_dso-fn_d_all_n_01_log.txt
SpawnPoolWorker-441| 2026-06-22 00:39:46,092,92 multiprocessing INFO child process calling self.run()
SpawnPoolWorker-437| 2026-06-22 00:39:46,108,108 multiprocessing INFO child process calling self.run()
SpawnPoolWorker-433| 2026-06-22 00:39:46,517,517 multiprocessing INFO STARTING NEW RUN ==========
SpawnPoolWorker-433| 2026-06-22 00:39:46,518,518 multiprocessing INFO SEE LOG AT : ./logs/all_Lyapunov_test_dso-fn_d_all_n_01_log.txt
SpawnPoolWorker-433| 2026-06-22 00:39:46,518,518 multiprocessing INFO See log at : ./logs/all_Lyapunov_test_dso-fn_d_all_n_01_log.txt
SpawnPoolWorker-433| 2026-06-22 00:39:46,519,519 multiprocessing INFO child process calling self.run()
SpawnPoolWorker-438| 2026-06-22 00:39:47,128,128 multiprocessing INFO STARTING NEW RUN ==========
SpawnPoolWorker-438| 2026-06-22 00:39:47,128,128 multiprocessing INFO SEE LOG AT : ./logs/all_Lyapunov_test_dso-fn_d_all_n_01_log.txt
SpawnPoolWorker-438| 2026-06-22 00:39:47,128,128 multiprocessing INFO See log at : ./logs/all_Lyapunov_test_dso-fn_d_all_n_01_log.txt
SpawnPoolWorker-438| 2026-06-22 00:39:47,137,137 multiprocessing INFO child process calling self.run()
SpawnPoolWorker-428| 2026-06-22 00:40:55,435,435 multiprocessing INFO process shutting down
SpawnPoolWorker-421| 2026-06-22 00:40:55,435,435 multiprocessing INFO process shutting down
SpawnPoolWorker-427| 2026-06-22 00:40:55,436,436 multiprocessing INFO process shutting down
SpawnPoolWorker-436| 2026-06-22 00:40:55,436,436 multiprocessing INFO process shutting down
SpawnPoolWorker-428| 2026-06-22 00:40:55,436,436 multiprocessing INFO process exiting with exitcode 0
SpawnPoolWorker-421| 2026-06-22 00:40:55,436,436 multiprocessing INFO process exiting with exitcode 0
SpawnPoolWorker-442| 2026-06-22 00:40:55,436,436 multiprocessing INFO process shutting down
SpawnPoolWorker-427| 2026-06-22 00:40:55,436,436 multiprocessing INFO process exiting with exitcode 0
SpawnPoolWorker-419| 2026-06-22 00:40:55,436,436 multiprocessing INFO process shutting down
SpawnPoolWorker-436| 2026-06-22 00:40:55,436,436 multiprocessing INFO process exiting with exitcode 0
SpawnPoolWorker-435| 2026-06-22 00:40:55,436,436 multiprocessing INFO process shutting down
SpawnPoolWorker-442| 2026-06-22 00:40:55,436,436 multiprocessing INFO process exiting with exitcode 0
SpawnPoolWorker-419| 2026-06-22 00:40:55,436,436 multiprocessing INFO process exiting with exitcode 0
SpawnPoolWorker-435| 2026-06-22 00:40:55,436,436 multiprocessing INFO process exiting with exitcode 0
SpawnPoolWorker-432| 2026-06-22 00:40:55,437,437 multiprocessing INFO process shutting down
SpawnPoolWorker-422| 2026-06-22 00:40:55,437,437 multiprocessing INFO process shutting down
SpawnPoolWorker-439| 2026-06-22 00:40:55,437,437 multiprocessing INFO process shutting down
SpawnPoolWorker-425| 2026-06-22 00:40:55,437,437 multiprocessing INFO process shutting down
SpawnPoolWorker-423| 2026-06-22 00:40:55,437,437 multiprocessing INFO process shutting down
SpawnPoolWorker-438| 2026-06-22 00:40:55,437,437 multiprocessing INFO process shutting down
SpawnPoolWorker-420| 2026-06-22 00:40:55,437,437 multiprocessing INFO process shutting down
SpawnPoolWorker-434| 2026-06-22 00:40:55,437,437 multiprocessing INFO process shutting down
SpawnPoolWorker-426| 2026-06-22 00:40:55,437,437 multiprocessing INFO process shutting down
SpawnPoolWorker-430| 2026-06-22 00:40:55,437,437 multiprocessing INFO process shutting down
SpawnPoolWorker-431| 2026-06-22 00:40:55,437,437 multiprocessing INFO process shutting down
SpawnPoolWorker-437| 2026-06-22 00:40:55,438,438 multiprocessing INFO process shutting down
SpawnPoolWorker-433| 2026-06-22 00:40:55,438,438 multiprocessing INFO process shutting down
SpawnPoolWorker-440| 2026-06-22 00:40:55,438,438 multiprocessing INFO process shutting down
28
(100000, 8)
(100000,)
(100000, 8)
(100000,)

=======================Successfully Added (50000, 8) Counter Examples=======================


============None of the candidates fulfill the conditions. Training CONTINUES!=================

MainProcess| 2026-06-22 00:41:03,087,87 multiprocessing INFO 
============None of the candidates fulfill the conditions. Training CONTINUES!=================


============None of the candidates fulfill the conditions. Training CONTINUES!=================

(550, 164)
/users/9/chen8596/miniconda3/envs/alfd/lib/python3.9/site-packages/torch/nn/functional.py:4999: UserWarning: Support for mismatched key_padding_mask and attn_mask is deprecated. Use same type for both instead.
  warnings.warn(

==============Start Supervised Learning==============

MainProcess| 2026-06-22 00:41:17,766,766 multiprocessing INFO GP output mean: 0.9962909073291892
GP output mean: 0.9962909073291892
MainProcess| 2026-06-22 00:41:18,967,967 multiprocessing INFO GP output success rate: 0.0
GP output success rate: 0.0

==============End Supervised Learning==============

MainProcess| 2026-06-22 00:41:21,434,434 multiprocessing INFO [Test epoch=0013]  nevals=179134 	| train_loss=10252.04492 	| eqs_invalid %=0.00 	| r_best=0.99511 	| quantile=0.00000 	| r_quantile_mean=0.08983 	| r_raw_sum=49.40655 	|  r_raw_mean=0.93220 	| r2=nan 	| acc_iid=0.00000 	| acc_ood=0.00000 	| nmse_test=0.0020136708412442452 	| true_equation_set_count=0 	| s/it=385.10425
[Test epoch=0013]  nevals=179134 	| train_loss=10252.04492 	| eqs_invalid %=0.00 	| r_best=0.99511 	| quantile=0.00000 	| r_quantile_mean=0.08983 	| r_raw_sum=49.40655 	|  r_raw_mean=0.93220 	| r2=nan 	| acc_iid=0.00000 	| acc_ood=0.00000 	| nmse_test=0.0020136708412442452 	| true_equation_set_count=0 	| s/it=385.10425
MainProcess| 2026-06-22 00:46:56,166,166 multiprocessing INFO Genetic Porgramming Runtime 333.4279761100188
Genetic Porgramming Runtime 333.4279761100188

=========================PGD Collection Starts=========================

SpawnPoolWorker-443| 2026-06-22 00:47:03,303,303 multiprocessing INFO STARTING NEW RUN ==========
SpawnPoolWorker-443| 2026-06-22 00:47:03,303,303 multiprocessing INFO SEE LOG AT : ./logs/all_Lyapunov_test_dso-fn_d_all_n_01_log.txt
SpawnPoolWorker-443| 2026-06-22 00:47:03,303,303 multiprocessing INFO See log at : ./logs/all_Lyapunov_test_dso-fn_d_all_n_01_log.txt
SpawnPoolWorker-451| 2026-06-22 00:47:03,304,304 multiprocessing INFO STARTING NEW RUN ==========
SpawnPoolWorker-447| 2026-06-22 00:47:03,304,304 multiprocessing INFO STARTING NEW RUN ==========
SpawnPoolWorker-451| 2026-06-22 00:47:03,304,304 multiprocessing INFO SEE LOG AT : ./logs/all_Lyapunov_test_dso-fn_d_all_n_01_log.txt
SpawnPoolWorker-447| 2026-06-22 00:47:03,304,304 multiprocessing INFO SEE LOG AT : ./logs/all_Lyapunov_test_dso-fn_d_all_n_01_log.txt
SpawnPoolWorker-451| 2026-06-22 00:47:03,304,304 multiprocessing INFO See log at : ./logs/all_Lyapunov_test_dso-fn_d_all_n_01_log.txt
SpawnPoolWorker-447| 2026-06-22 00:47:03,304,304 multiprocessing INFO See log at : ./logs/all_Lyapunov_test_dso-fn_d_all_n_01_log.txt
SpawnPoolWorker-443| 2026-06-22 00:47:03,307,307 multiprocessing INFO child process calling self.run()
SpawnPoolWorker-444| 2026-06-22 00:47:03,307,307 multiprocessing INFO STARTING NEW RUN ==========
SpawnPoolWorker-446| 2026-06-22 00:47:03,307,307 multiprocessing INFO STARTING NEW RUN ==========
SpawnPoolWorker-449| 2026-06-22 00:47:03,307,307 multiprocessing INFO STARTING NEW RUN ==========
SpawnPoolWorker-444| 2026-06-22 00:47:03,307,307 multiprocessing INFO SEE LOG AT : ./logs/all_Lyapunov_test_dso-fn_d_all_n_01_log.txt
SpawnPoolWorker-446| 2026-06-22 00:47:03,307,307 multiprocessing INFO SEE LOG AT : ./logs/all_Lyapunov_test_dso-fn_d_all_n_01_log.txt
SpawnPoolWorker-449| 2026-06-22 00:47:03,307,307 multiprocessing INFO SEE LOG AT : ./logs/all_Lyapunov_test_dso-fn_d_all_n_01_log.txt
SpawnPoolWorker-444| 2026-06-22 00:47:03,307,307 multiprocessing INFO See log at : ./logs/all_Lyapunov_test_dso-fn_d_all_n_01_log.txt
SpawnPoolWorker-446| 2026-06-22 00:47:03,307,307 multiprocessing INFO See log at : ./logs/all_Lyapunov_test_dso-fn_d_all_n_01_log.txt
SpawnPoolWorker-449| 2026-06-22 00:47:03,307,307 multiprocessing INFO See log at : ./logs/all_Lyapunov_test_dso-fn_d_all_n_01_log.txt
SpawnPoolWorker-447| 2026-06-22 00:47:03,308,308 multiprocessing INFO child process calling self.run()
SpawnPoolWorker-451| 2026-06-22 00:47:03,308,308 multiprocessing INFO child process calling self.run()
SpawnPoolWorker-450| 2026-06-22 00:47:03,308,308 multiprocessing INFO STARTING NEW RUN ==========
SpawnPoolWorker-450| 2026-06-22 00:47:03,309,309 multiprocessing INFO SEE LOG AT : ./logs/all_Lyapunov_test_dso-fn_d_all_n_01_log.txt
SpawnPoolWorker-450| 2026-06-22 00:47:03,309,309 multiprocessing INFO See log at : ./logs/all_Lyapunov_test_dso-fn_d_all_n_01_log.txt
SpawnPoolWorker-444| 2026-06-22 00:47:03,309,309 multiprocessing INFO child process calling self.run()
SpawnPoolWorker-449| 2026-06-22 00:47:03,309,309 multiprocessing INFO child process calling self.run()
SpawnPoolWorker-446| 2026-06-22 00:47:03,309,309 multiprocessing INFO child process calling self.run()
SpawnPoolWorker-450| 2026-06-22 00:47:03,311,311 multiprocessing INFO child process calling self.run()
SpawnPoolWorker-452| 2026-06-22 00:47:03,313,313 multiprocessing INFO STARTING NEW RUN ==========
SpawnPoolWorker-452| 2026-06-22 00:47:03,313,313 multiprocessing INFO SEE LOG AT : ./logs/all_Lyapunov_test_dso-fn_d_all_n_01_log.txt
SpawnPoolWorker-452| 2026-06-22 00:47:03,313,313 multiprocessing INFO See log at : ./logs/all_Lyapunov_test_dso-fn_d_all_n_01_log.txt
SpawnPoolWorker-445| 2026-06-22 00:47:03,315,315 multiprocessing INFO STARTING NEW RUN ==========
SpawnPoolWorker-448| 2026-06-22 00:47:03,315,315 multiprocessing INFO STARTING NEW RUN ==========
SpawnPoolWorker-445| 2026-06-22 00:47:03,315,315 multiprocessing INFO SEE LOG AT : ./logs/all_Lyapunov_test_dso-fn_d_all_n_01_log.txt
SpawnPoolWorker-448| 2026-06-22 00:47:03,315,315 multiprocessing INFO SEE LOG AT : ./logs/all_Lyapunov_test_dso-fn_d_all_n_01_log.txt
SpawnPoolWorker-445| 2026-06-22 00:47:03,315,315 multiprocessing INFO See log at : ./logs/all_Lyapunov_test_dso-fn_d_all_n_01_log.txt
SpawnPoolWorker-448| 2026-06-22 00:47:03,315,315 multiprocessing INFO See log at : ./logs/all_Lyapunov_test_dso-fn_d_all_n_01_log.txt
SpawnPoolWorker-452| 2026-06-22 00:47:03,317,317 multiprocessing INFO child process calling self.run()
SpawnPoolWorker-448| 2026-06-22 00:47:03,318,318 multiprocessing INFO child process calling self.run()
SpawnPoolWorker-445| 2026-06-22 00:47:03,318,318 multiprocessing INFO child process calling self.run()
SpawnPoolWorker-448| 2026-06-22 00:47:23,252,252 multiprocessing INFO process shutting down
SpawnPoolWorker-452| 2026-06-22 00:47:23,252,252 multiprocessing INFO process shutting down
SpawnPoolWorker-443| 2026-06-22 00:47:23,252,252 multiprocessing INFO process shutting down
SpawnPoolWorker-451| 2026-06-22 00:47:23,252,252 multiprocessing INFO process shutting down
SpawnPoolWorker-448| 2026-06-22 00:47:23,253,253 multiprocessing INFO process exiting with exitcode 0
SpawnPoolWorker-449| 2026-06-22 00:47:23,252,252 multiprocessing INFO process shutting down
SpawnPoolWorker-452| 2026-06-22 00:47:23,253,253 multiprocessing INFO process exiting with exitcode 0
SpawnPoolWorker-445| 2026-06-22 00:47:23,252,252 multiprocessing INFO process shutting down
SpawnPoolWorker-451| 2026-06-22 00:47:23,253,253 multiprocessing INFO process exiting with exitcode 0
SpawnPoolWorker-443| 2026-06-22 00:47:23,253,253 multiprocessing INFO process exiting with exitcode 0
SpawnPoolWorker-446| 2026-06-22 00:47:23,252,252 multiprocessing INFO process shutting down
SpawnPoolWorker-449| 2026-06-22 00:47:23,253,253 multiprocessing INFO process exiting with exitcode 0
SpawnPoolWorker-445| 2026-06-22 00:47:23,253,253 multiprocessing INFO process exiting with exitcode 0
SpawnPoolWorker-446| 2026-06-22 00:47:23,253,253 multiprocessing INFO process exiting with exitcode 0
(20000,)

===================Collect 20000 Examples===================

Epsilon 0.1
500
(550,)
(550,)
(55,)
Number of Programs for Minimization: 28
SpawnPoolWorker-454| 2026-06-22 00:47:43,736,736 multiprocessing INFO STARTING NEW RUN ==========
SpawnPoolWorker-454| 2026-06-22 00:47:43,736,736 multiprocessing INFO SEE LOG AT : ./logs/all_Lyapunov_test_dso-fn_d_all_n_01_log.txt
SpawnPoolWorker-454| 2026-06-22 00:47:43,736,736 multiprocessing INFO See log at : ./logs/all_Lyapunov_test_dso-fn_d_all_n_01_log.txt
SpawnPoolWorker-454| 2026-06-22 00:47:43,738,738 multiprocessing INFO child process calling self.run()
SpawnPoolWorker-453| 2026-06-22 00:47:44,189,189 multiprocessing INFO STARTING NEW RUN ==========
SpawnPoolWorker-453| 2026-06-22 00:47:44,189,189 multiprocessing INFO SEE LOG AT : ./logs/all_Lyapunov_test_dso-fn_d_all_n_01_log.txt
SpawnPoolWorker-453| 2026-06-22 00:47:44,189,189 multiprocessing INFO See log at : ./logs/all_Lyapunov_test_dso-fn_d_all_n_01_log.txt
SpawnPoolWorker-453| 2026-06-22 00:47:44,196,196 multiprocessing INFO child process calling self.run()
SpawnPoolWorker-456| 2026-06-22 00:47:44,627,627 multiprocessing INFO STARTING NEW RUN ==========
SpawnPoolWorker-456| 2026-06-22 00:47:44,628,628 multiprocessing INFO SEE LOG AT : ./logs/all_Lyapunov_test_dso-fn_d_all_n_01_log.txt
SpawnPoolWorker-456| 2026-06-22 00:47:44,628,628 multiprocessing INFO See log at : ./logs/all_Lyapunov_test_dso-fn_d_all_n_01_log.txt
SpawnPoolWorker-456| 2026-06-22 00:47:44,633,633 multiprocessing INFO child process calling self.run()
SpawnPoolWorker-461| 2026-06-22 00:47:44,796,796 multiprocessing INFO STARTING NEW RUN ==========
SpawnPoolWorker-461| 2026-06-22 00:47:44,801,801 multiprocessing INFO SEE LOG AT : ./logs/all_Lyapunov_test_dso-fn_d_all_n_01_log.txt
SpawnPoolWorker-461| 2026-06-22 00:47:44,801,801 multiprocessing INFO See log at : ./logs/all_Lyapunov_test_dso-fn_d_all_n_01_log.txt
SpawnPoolWorker-461| 2026-06-22 00:47:44,806,806 multiprocessing INFO child process calling self.run()
SpawnPoolWorker-462| 2026-06-22 00:47:44,868,868 multiprocessing INFO STARTING NEW RUN ==========
SpawnPoolWorker-462| 2026-06-22 00:47:44,869,869 multiprocessing INFO SEE LOG AT : ./logs/all_Lyapunov_test_dso-fn_d_all_n_01_log.txt
SpawnPoolWorker-462| 2026-06-22 00:47:44,869,869 multiprocessing INFO See log at : ./logs/all_Lyapunov_test_dso-fn_d_all_n_01_log.txt
SpawnPoolWorker-462| 2026-06-22 00:47:44,873,873 multiprocessing INFO child process calling self.run()
SpawnPoolWorker-467| 2026-06-22 00:47:44,899,899 multiprocessing INFO STARTING NEW RUN ==========
SpawnPoolWorker-467| 2026-06-22 00:47:44,899,899 multiprocessing INFO SEE LOG AT : ./logs/all_Lyapunov_test_dso-fn_d_all_n_01_log.txt
SpawnPoolWorker-467| 2026-06-22 00:47:44,899,899 multiprocessing INFO See log at : ./logs/all_Lyapunov_test_dso-fn_d_all_n_01_log.txt
SpawnPoolWorker-467| 2026-06-22 00:47:44,901,901 multiprocessing INFO child process calling self.run()
SpawnPoolWorker-460| 2026-06-22 00:47:45,096,96 multiprocessing INFO STARTING NEW RUN ==========
SpawnPoolWorker-460| 2026-06-22 00:47:45,096,96 multiprocessing INFO SEE LOG AT : ./logs/all_Lyapunov_test_dso-fn_d_all_n_01_log.txt
SpawnPoolWorker-460| 2026-06-22 00:47:45,096,96 multiprocessing INFO See log at : ./logs/all_Lyapunov_test_dso-fn_d_all_n_01_log.txt
SpawnPoolWorker-460| 2026-06-22 00:47:45,107,107 multiprocessing INFO child process calling self.run()
SpawnPoolWorker-465| 2026-06-22 00:47:45,360,360 multiprocessing INFO STARTING NEW RUN ==========
SpawnPoolWorker-465| 2026-06-22 00:47:45,360,360 multiprocessing INFO SEE LOG AT : ./logs/all_Lyapunov_test_dso-fn_d_all_n_01_log.txt
SpawnPoolWorker-465| 2026-06-22 00:47:45,360,360 multiprocessing INFO See log at : ./logs/all_Lyapunov_test_dso-fn_d_all_n_01_log.txt
SpawnPoolWorker-465| 2026-06-22 00:47:45,365,365 multiprocessing INFO child process calling self.run()
SpawnPoolWorker-469| 2026-06-22 00:47:45,454,454 multiprocessing INFO STARTING NEW RUN ==========
SpawnPoolWorker-469| 2026-06-22 00:47:45,454,454 multiprocessing INFO SEE LOG AT : ./logs/all_Lyapunov_test_dso-fn_d_all_n_01_log.txt
SpawnPoolWorker-469| 2026-06-22 00:47:45,454,454 multiprocessing INFO See log at : ./logs/all_Lyapunov_test_dso-fn_d_all_n_01_log.txt
SpawnPoolWorker-469| 2026-06-22 00:47:45,456,456 multiprocessing INFO child process calling self.run()
SpawnPoolWorker-463| 2026-06-22 00:47:45,500,500 multiprocessing INFO STARTING NEW RUN ==========
SpawnPoolWorker-463| 2026-06-22 00:47:45,501,501 multiprocessing INFO SEE LOG AT : ./logs/all_Lyapunov_test_dso-fn_d_all_n_01_log.txt
SpawnPoolWorker-463| 2026-06-22 00:47:45,501,501 multiprocessing INFO See log at : ./logs/all_Lyapunov_test_dso-fn_d_all_n_01_log.txt
SpawnPoolWorker-463| 2026-06-22 00:47:45,504,504 multiprocessing INFO child process calling self.run()
SpawnPoolWorker-457| 2026-06-22 00:47:45,592,592 multiprocessing INFO STARTING NEW RUN ==========
SpawnPoolWorker-457| 2026-06-22 00:47:45,592,592 multiprocessing INFO SEE LOG AT : ./logs/all_Lyapunov_test_dso-fn_d_all_n_01_log.txt
SpawnPoolWorker-457| 2026-06-22 00:47:45,592,592 multiprocessing INFO See log at : ./logs/all_Lyapunov_test_dso-fn_d_all_n_01_log.txt
SpawnPoolWorker-457| 2026-06-22 00:47:45,596,596 multiprocessing INFO child process calling self.run()
SpawnPoolWorker-455| 2026-06-22 00:47:45,704,704 multiprocessing INFO STARTING NEW RUN ==========
SpawnPoolWorker-455| 2026-06-22 00:47:45,705,705 multiprocessing INFO SEE LOG AT : ./logs/all_Lyapunov_test_dso-fn_d_all_n_01_log.txt
SpawnPoolWorker-455| 2026-06-22 00:47:45,705,705 multiprocessing INFO See log at : ./logs/all_Lyapunov_test_dso-fn_d_all_n_01_log.txt
SpawnPoolWorker-455| 2026-06-22 00:47:45,722,722 multiprocessing INFO child process calling self.run()
SpawnPoolWorker-458| 2026-06-22 00:47:45,767,767 multiprocessing INFO STARTING NEW RUN ==========
SpawnPoolWorker-458| 2026-06-22 00:47:45,767,767 multiprocessing INFO SEE LOG AT : ./logs/all_Lyapunov_test_dso-fn_d_all_n_01_log.txt
SpawnPoolWorker-458| 2026-06-22 00:47:45,767,767 multiprocessing INFO See log at : ./logs/all_Lyapunov_test_dso-fn_d_all_n_01_log.txt
SpawnPoolWorker-458| 2026-06-22 00:47:45,771,771 multiprocessing INFO child process calling self.run()
SpawnPoolWorker-471| 2026-06-22 00:47:45,827,827 multiprocessing INFO STARTING NEW RUN ==========
SpawnPoolWorker-471| 2026-06-22 00:47:45,827,827 multiprocessing INFO SEE LOG AT : ./logs/all_Lyapunov_test_dso-fn_d_all_n_01_log.txt
SpawnPoolWorker-471| 2026-06-22 00:47:45,827,827 multiprocessing INFO See log at : ./logs/all_Lyapunov_test_dso-fn_d_all_n_01_log.txt
SpawnPoolWorker-471| 2026-06-22 00:47:45,831,831 multiprocessing INFO child process calling self.run()
SpawnPoolWorker-476| 2026-06-22 00:47:46,031,31 multiprocessing INFO STARTING NEW RUN ==========
SpawnPoolWorker-476| 2026-06-22 00:47:46,031,31 multiprocessing INFO SEE LOG AT : ./logs/all_Lyapunov_test_dso-fn_d_all_n_01_log.txt
SpawnPoolWorker-476| 2026-06-22 00:47:46,031,31 multiprocessing INFO See log at : ./logs/all_Lyapunov_test_dso-fn_d_all_n_01_log.txt
SpawnPoolWorker-476| 2026-06-22 00:47:46,035,35 multiprocessing INFO child process calling self.run()
SpawnPoolWorker-472| 2026-06-22 00:47:46,129,129 multiprocessing INFO STARTING NEW RUN ==========
SpawnPoolWorker-472| 2026-06-22 00:47:46,129,129 multiprocessing INFO SEE LOG AT : ./logs/all_Lyapunov_test_dso-fn_d_all_n_01_log.txt
SpawnPoolWorker-472| 2026-06-22 00:47:46,129,129 multiprocessing INFO See log at : ./logs/all_Lyapunov_test_dso-fn_d_all_n_01_log.txt
SpawnPoolWorker-472| 2026-06-22 00:47:46,137,137 multiprocessing INFO child process calling self.run()
SpawnPoolWorker-459| 2026-06-22 00:47:46,232,232 multiprocessing INFO STARTING NEW RUN ==========
SpawnPoolWorker-459| 2026-06-22 00:47:46,232,232 multiprocessing INFO SEE LOG AT : ./logs/all_Lyapunov_test_dso-fn_d_all_n_01_log.txt
SpawnPoolWorker-459| 2026-06-22 00:47:46,232,232 multiprocessing INFO See log at : ./logs/all_Lyapunov_test_dso-fn_d_all_n_01_log.txt
SpawnPoolWorker-459| 2026-06-22 00:47:46,236,236 multiprocessing INFO child process calling self.run()
SpawnPoolWorker-474| 2026-06-22 00:47:46,391,391 multiprocessing INFO STARTING NEW RUN ==========
SpawnPoolWorker-474| 2026-06-22 00:47:46,391,391 multiprocessing INFO SEE LOG AT : ./logs/all_Lyapunov_test_dso-fn_d_all_n_01_log.txt
SpawnPoolWorker-474| 2026-06-22 00:47:46,391,391 multiprocessing INFO See log at : ./logs/all_Lyapunov_test_dso-fn_d_all_n_01_log.txt
SpawnPoolWorker-474| 2026-06-22 00:47:46,398,398 multiprocessing INFO child process calling self.run()
SpawnPoolWorker-464| 2026-06-22 00:47:46,510,510 multiprocessing INFO STARTING NEW RUN ==========
SpawnPoolWorker-464| 2026-06-22 00:47:46,510,510 multiprocessing INFO SEE LOG AT : ./logs/all_Lyapunov_test_dso-fn_d_all_n_01_log.txt
SpawnPoolWorker-464| 2026-06-22 00:47:46,510,510 multiprocessing INFO See log at : ./logs/all_Lyapunov_test_dso-fn_d_all_n_01_log.txt
SpawnPoolWorker-464| 2026-06-22 00:47:46,513,513 multiprocessing INFO child process calling self.run()
SpawnPoolWorker-473| 2026-06-22 00:47:46,581,581 multiprocessing INFO STARTING NEW RUN ==========
SpawnPoolWorker-473| 2026-06-22 00:47:46,581,581 multiprocessing INFO SEE LOG AT : ./logs/all_Lyapunov_test_dso-fn_d_all_n_01_log.txt
SpawnPoolWorker-473| 2026-06-22 00:47:46,581,581 multiprocessing INFO See log at : ./logs/all_Lyapunov_test_dso-fn_d_all_n_01_log.txt
SpawnPoolWorker-473| 2026-06-22 00:47:46,590,590 multiprocessing INFO child process calling self.run()
SpawnPoolWorker-468| 2026-06-22 00:47:46,780,780 multiprocessing INFO STARTING NEW RUN ==========
SpawnPoolWorker-468| 2026-06-22 00:47:46,781,781 multiprocessing INFO SEE LOG AT : ./logs/all_Lyapunov_test_dso-fn_d_all_n_01_log.txt
SpawnPoolWorker-468| 2026-06-22 00:47:46,781,781 multiprocessing INFO See log at : ./logs/all_Lyapunov_test_dso-fn_d_all_n_01_log.txt
SpawnPoolWorker-468| 2026-06-22 00:47:46,784,784 multiprocessing INFO child process calling self.run()
SpawnPoolWorker-475| 2026-06-22 00:47:47,031,31 multiprocessing INFO STARTING NEW RUN ==========
SpawnPoolWorker-475| 2026-06-22 00:47:47,031,31 multiprocessing INFO SEE LOG AT : ./logs/all_Lyapunov_test_dso-fn_d_all_n_01_log.txt
SpawnPoolWorker-475| 2026-06-22 00:47:47,031,31 multiprocessing INFO See log at : ./logs/all_Lyapunov_test_dso-fn_d_all_n_01_log.txt
SpawnPoolWorker-475| 2026-06-22 00:47:47,033,33 multiprocessing INFO child process calling self.run()
SpawnPoolWorker-470| 2026-06-22 00:47:47,264,264 multiprocessing INFO STARTING NEW RUN ==========
SpawnPoolWorker-470| 2026-06-22 00:47:47,264,264 multiprocessing INFO SEE LOG AT : ./logs/all_Lyapunov_test_dso-fn_d_all_n_01_log.txt
SpawnPoolWorker-470| 2026-06-22 00:47:47,264,264 multiprocessing INFO See log at : ./logs/all_Lyapunov_test_dso-fn_d_all_n_01_log.txt
SpawnPoolWorker-470| 2026-06-22 00:47:47,273,273 multiprocessing INFO child process calling self.run()
SpawnPoolWorker-466| 2026-06-22 00:47:47,451,451 multiprocessing INFO STARTING NEW RUN ==========
SpawnPoolWorker-466| 2026-06-22 00:47:47,451,451 multiprocessing INFO SEE LOG AT : ./logs/all_Lyapunov_test_dso-fn_d_all_n_01_log.txt
SpawnPoolWorker-466| 2026-06-22 00:47:47,451,451 multiprocessing INFO See log at : ./logs/all_Lyapunov_test_dso-fn_d_all_n_01_log.txt
SpawnPoolWorker-466| 2026-06-22 00:47:47,457,457 multiprocessing INFO child process calling self.run()
SpawnPoolWorker-456| 2026-06-22 00:49:06,260,260 multiprocessing INFO process shutting down
SpawnPoolWorker-462| 2026-06-22 00:49:06,261,261 multiprocessing INFO process shutting down
SpawnPoolWorker-456| 2026-06-22 00:49:06,261,261 multiprocessing INFO process exiting with exitcode 0
SpawnPoolWorker-459| 2026-06-22 00:49:06,261,261 multiprocessing INFO process shutting down
SpawnPoolWorker-473| 2026-06-22 00:49:06,261,261 multiprocessing INFO process shutting down
SpawnPoolWorker-471| 2026-06-22 00:49:06,261,261 multiprocessing INFO process shutting down
SpawnPoolWorker-462| 2026-06-22 00:49:06,261,261 multiprocessing INFO process exiting with exitcode 0
SpawnPoolWorker-459| 2026-06-22 00:49:06,262,262 multiprocessing INFO process exiting with exitcode 0
SpawnPoolWorker-473| 2026-06-22 00:49:06,262,262 multiprocessing INFO process exiting with exitcode 0
SpawnPoolWorker-471| 2026-06-22 00:49:06,262,262 multiprocessing INFO process exiting with exitcode 0
SpawnPoolWorker-474| 2026-06-22 00:49:06,261,261 multiprocessing INFO process shutting down
SpawnPoolWorker-475| 2026-06-22 00:49:06,262,262 multiprocessing INFO process shutting down
SpawnPoolWorker-465| 2026-06-22 00:49:06,260,260 multiprocessing INFO process shutting down
SpawnPoolWorker-469| 2026-06-22 00:49:06,260,260 multiprocessing INFO process shutting down
SpawnPoolWorker-461| 2026-06-22 00:49:06,261,261 multiprocessing INFO process shutting down
SpawnPoolWorker-454| 2026-06-22 00:49:06,261,261 multiprocessing INFO process shutting down
SpawnPoolWorker-472| 2026-06-22 00:49:06,262,262 multiprocessing INFO process shutting down
SpawnPoolWorker-470| 2026-06-22 00:49:06,263,263 multiprocessing INFO process shutting down
SpawnPoolWorker-464| 2026-06-22 00:49:06,263,263 multiprocessing INFO process shutting down
SpawnPoolWorker-476| 2026-06-22 00:49:06,263,263 multiprocessing INFO process shutting down
SpawnPoolWorker-453| 2026-06-22 00:49:06,263,263 multiprocessing INFO process shutting down
SpawnPoolWorker-460| 2026-06-22 00:49:06,263,263 multiprocessing INFO process shutting down
SpawnPoolWorker-453| 2026-06-22 00:49:06,263,263 multiprocessing INFO process exiting with exitcode 0
SpawnPoolWorker-460| 2026-06-22 00:49:06,264,264 multiprocessing INFO process exiting with exitcode 0
SpawnPoolWorker-467| 2026-06-22 00:49:06,264,264 multiprocessing INFO process shutting down
SpawnPoolWorker-468| 2026-06-22 00:49:06,264,264 multiprocessing INFO process shutting down
SpawnPoolWorker-466| 2026-06-22 00:49:06,265,265 multiprocessing INFO process shutting down
SpawnPoolWorker-475| 2026-06-22 00:49:06,265,265 multiprocessing INFO process exiting with exitcode 0
SpawnPoolWorker-463| 2026-06-22 00:49:06,266,266 multiprocessing INFO process shutting down
SpawnPoolWorker-457| 2026-06-22 00:49:06,285,285 multiprocessing INFO process shutting down
SpawnPoolWorker-474| 2026-06-22 00:49:06,295,295 multiprocessing INFO process exiting with exitcode 0
SpawnPoolWorker-465| 2026-06-22 00:49:06,295,295 multiprocessing INFO process exiting with exitcode 0
SpawnPoolWorker-469| 2026-06-22 00:49:06,301,301 multiprocessing INFO process exiting with exitcode 0
28
(100000, 8)
(100000,)
(100000, 8)
(100000,)

=======================Successfully Added (50000, 8) Counter Examples=======================


============None of the candidates fulfill the conditions. Training CONTINUES!=================

MainProcess| 2026-06-22 00:49:11,190,190 multiprocessing INFO 
============None of the candidates fulfill the conditions. Training CONTINUES!=================


============None of the candidates fulfill the conditions. Training CONTINUES!=================

(55, 164)
/users/9/chen8596/miniconda3/envs/alfd/lib/python3.9/site-packages/torch/nn/functional.py:4999: UserWarning: Support for mismatched key_padding_mask and attn_mask is deprecated. Use same type for both instead.
  warnings.warn(

==============Start Supervised Learning==============

MainProcess| 2026-06-22 00:49:20,594,594 multiprocessing INFO GP output mean: 0.9998614483220584
GP output mean: 0.9998614483220584
MainProcess| 2026-06-22 00:49:21,953,953 multiprocessing INFO GP output success rate: 0.0
GP output success rate: 0.0

==============End Supervised Learning==============

MainProcess| 2026-06-22 00:49:27,320,320 multiprocessing INFO [Test epoch=0014]  nevals=192827 	| train_loss=11359.90137 	| eqs_invalid %=0.00 	| r_best=0.99511 	| quantile=0.10190 	| r_quantile_mean=0.92768 	| r_raw_sum=51.02228 	|  r_raw_mean=0.91111 	| r2=nan 	| acc_iid=0.00000 	| acc_ood=0.00000 	| nmse_test=0.0020136708412442452 	| true_equation_set_count=0 	| s/it=485.88537
[Test epoch=0014]  nevals=192827 	| train_loss=11359.90137 	| eqs_invalid %=0.00 	| r_best=0.99511 	| quantile=0.10190 	| r_quantile_mean=0.92768 	| r_raw_sum=51.02228 	|  r_raw_mean=0.91111 	| r2=nan 	| acc_iid=0.00000 	| acc_ood=0.00000 	| nmse_test=0.0020136708412442452 	| true_equation_set_count=0 	| s/it=485.88537
MainProcess| 2026-06-22 00:52:37,566,566 multiprocessing INFO Genetic Porgramming Runtime 187.53297250601463
Genetic Porgramming Runtime 187.53297250601463

=========================PGD Collection Starts=========================

SpawnPoolWorker-481| 2026-06-22 00:52:43,864,864 multiprocessing INFO STARTING NEW RUN ==========
SpawnPoolWorker-481| 2026-06-22 00:52:43,864,864 multiprocessing INFO SEE LOG AT : ./logs/all_Lyapunov_test_dso-fn_d_all_n_01_log.txt
SpawnPoolWorker-481| 2026-06-22 00:52:43,864,864 multiprocessing INFO See log at : ./logs/all_Lyapunov_test_dso-fn_d_all_n_01_log.txt
SpawnPoolWorker-482| 2026-06-22 00:52:43,864,864 multiprocessing INFO STARTING NEW RUN ==========
SpawnPoolWorker-482| 2026-06-22 00:52:43,864,864 multiprocessing INFO SEE LOG AT : ./logs/all_Lyapunov_test_dso-fn_d_all_n_01_log.txt
SpawnPoolWorker-482| 2026-06-22 00:52:43,864,864 multiprocessing INFO See log at : ./logs/all_Lyapunov_test_dso-fn_d_all_n_01_log.txt
SpawnPoolWorker-486| 2026-06-22 00:52:43,866,866 multiprocessing INFO STARTING NEW RUN ==========
SpawnPoolWorker-483| 2026-06-22 00:52:43,866,866 multiprocessing INFO STARTING NEW RUN ==========
SpawnPoolWorker-486| 2026-06-22 00:52:43,866,866 multiprocessing INFO SEE LOG AT : ./logs/all_Lyapunov_test_dso-fn_d_all_n_01_log.txt
SpawnPoolWorker-483| 2026-06-22 00:52:43,866,866 multiprocessing INFO SEE LOG AT : ./logs/all_Lyapunov_test_dso-fn_d_all_n_01_log.txt
SpawnPoolWorker-486| 2026-06-22 00:52:43,866,866 multiprocessing INFO See log at : ./logs/all_Lyapunov_test_dso-fn_d_all_n_01_log.txt
SpawnPoolWorker-483| 2026-06-22 00:52:43,866,866 multiprocessing INFO See log at : ./logs/all_Lyapunov_test_dso-fn_d_all_n_01_log.txt
SpawnPoolWorker-481| 2026-06-22 00:52:43,867,867 multiprocessing INFO child process calling self.run()
SpawnPoolWorker-483| 2026-06-22 00:52:43,867,867 multiprocessing INFO child process calling self.run()
SpawnPoolWorker-478| 2026-06-22 00:52:43,868,868 multiprocessing INFO STARTING NEW RUN ==========
SpawnPoolWorker-486| 2026-06-22 00:52:43,868,868 multiprocessing INFO child process calling self.run()
SpawnPoolWorker-478| 2026-06-22 00:52:43,868,868 multiprocessing INFO SEE LOG AT : ./logs/all_Lyapunov_test_dso-fn_d_all_n_01_log.txt
SpawnPoolWorker-478| 2026-06-22 00:52:43,868,868 multiprocessing INFO See log at : ./logs/all_Lyapunov_test_dso-fn_d_all_n_01_log.txt
SpawnPoolWorker-482| 2026-06-22 00:52:43,869,869 multiprocessing INFO child process calling self.run()
SpawnPoolWorker-477| 2026-06-22 00:52:43,870,870 multiprocessing INFO STARTING NEW RUN ==========
SpawnPoolWorker-477| 2026-06-22 00:52:43,870,870 multiprocessing INFO SEE LOG AT : ./logs/all_Lyapunov_test_dso-fn_d_all_n_01_log.txt
SpawnPoolWorker-477| 2026-06-22 00:52:43,871,871 multiprocessing INFO See log at : ./logs/all_Lyapunov_test_dso-fn_d_all_n_01_log.txt
SpawnPoolWorker-478| 2026-06-22 00:52:43,871,871 multiprocessing INFO child process calling self.run()
SpawnPoolWorker-477| 2026-06-22 00:52:43,873,873 multiprocessing INFO child process calling self.run()
SpawnPoolWorker-480| 2026-06-22 00:52:43,874,874 multiprocessing INFO STARTING NEW RUN ==========
SpawnPoolWorker-480| 2026-06-22 00:52:43,874,874 multiprocessing INFO SEE LOG AT : ./logs/all_Lyapunov_test_dso-fn_d_all_n_01_log.txt
SpawnPoolWorker-484| 2026-06-22 00:52:43,874,874 multiprocessing INFO STARTING NEW RUN ==========
SpawnPoolWorker-480| 2026-06-22 00:52:43,874,874 multiprocessing INFO See log at : ./logs/all_Lyapunov_test_dso-fn_d_all_n_01_log.txt
SpawnPoolWorker-484| 2026-06-22 00:52:43,874,874 multiprocessing INFO SEE LOG AT : ./logs/all_Lyapunov_test_dso-fn_d_all_n_01_log.txt
SpawnPoolWorker-484| 2026-06-22 00:52:43,874,874 multiprocessing INFO See log at : ./logs/all_Lyapunov_test_dso-fn_d_all_n_01_log.txt
SpawnPoolWorker-480| 2026-06-22 00:52:43,875,875 multiprocessing INFO child process calling self.run()
SpawnPoolWorker-484| 2026-06-22 00:52:43,876,876 multiprocessing INFO child process calling self.run()
SpawnPoolWorker-485| 2026-06-22 00:52:43,887,887 multiprocessing INFO STARTING NEW RUN ==========
SpawnPoolWorker-485| 2026-06-22 00:52:43,887,887 multiprocessing INFO SEE LOG AT : ./logs/all_Lyapunov_test_dso-fn_d_all_n_01_log.txt
SpawnPoolWorker-485| 2026-06-22 00:52:43,887,887 multiprocessing INFO See log at : ./logs/all_Lyapunov_test_dso-fn_d_all_n_01_log.txt
SpawnPoolWorker-485| 2026-06-22 00:52:43,889,889 multiprocessing INFO child process calling self.run()
SpawnPoolWorker-479| 2026-06-22 00:52:43,921,921 multiprocessing INFO STARTING NEW RUN ==========
SpawnPoolWorker-479| 2026-06-22 00:52:43,921,921 multiprocessing INFO SEE LOG AT : ./logs/all_Lyapunov_test_dso-fn_d_all_n_01_log.txt
SpawnPoolWorker-479| 2026-06-22 00:52:43,921,921 multiprocessing INFO See log at : ./logs/all_Lyapunov_test_dso-fn_d_all_n_01_log.txt
SpawnPoolWorker-479| 2026-06-22 00:52:43,923,923 multiprocessing INFO child process calling self.run()
SpawnPoolWorker-480| 2026-06-22 00:53:06,927,927 multiprocessing INFO process shutting down
SpawnPoolWorker-478| 2026-06-22 00:53:06,927,927 multiprocessing INFO process shutting down
SpawnPoolWorker-484| 2026-06-22 00:53:06,927,927 multiprocessing INFO process shutting down
SpawnPoolWorker-482| 2026-06-22 00:53:06,927,927 multiprocessing INFO process shutting down
SpawnPoolWorker-478| 2026-06-22 00:53:06,928,928 multiprocessing INFO process exiting with exitcode 0
SpawnPoolWorker-483| 2026-06-22 00:53:06,927,927 multiprocessing INFO process shutting down
SpawnPoolWorker-480| 2026-06-22 00:53:06,928,928 multiprocessing INFO process exiting with exitcode 0
SpawnPoolWorker-486| 2026-06-22 00:53:06,927,927 multiprocessing INFO process shutting down
SpawnPoolWorker-482| 2026-06-22 00:53:06,928,928 multiprocessing INFO process exiting with exitcode 0
SpawnPoolWorker-484| 2026-06-22 00:53:06,928,928 multiprocessing INFO process exiting with exitcode 0
SpawnPoolWorker-477| 2026-06-22 00:53:06,928,928 multiprocessing INFO process shutting down
SpawnPoolWorker-483| 2026-06-22 00:53:06,928,928 multiprocessing INFO process exiting with exitcode 0
SpawnPoolWorker-486| 2026-06-22 00:53:06,928,928 multiprocessing INFO process exiting with exitcode 0
SpawnPoolWorker-477| 2026-06-22 00:53:06,928,928 multiprocessing INFO process exiting with exitcode 0
(20000,)

===================Collect 20000 Examples===================

Epsilon 0.1
500
(550,)
(550,)
(55,)
Number of Programs for Minimization: 28
SpawnPoolWorker-489| 2026-06-22 00:53:28,571,571 multiprocessing INFO STARTING NEW RUN ==========
SpawnPoolWorker-489| 2026-06-22 00:53:28,571,571 multiprocessing INFO SEE LOG AT : ./logs/all_Lyapunov_test_dso-fn_d_all_n_01_log.txt
SpawnPoolWorker-489| 2026-06-22 00:53:28,571,571 multiprocessing INFO See log at : ./logs/all_Lyapunov_test_dso-fn_d_all_n_01_log.txt
SpawnPoolWorker-489| 2026-06-22 00:53:28,577,577 multiprocessing INFO child process calling self.run()
SpawnPoolWorker-490| 2026-06-22 00:53:28,707,707 multiprocessing INFO STARTING NEW RUN ==========
SpawnPoolWorker-490| 2026-06-22 00:53:28,707,707 multiprocessing INFO SEE LOG AT : ./logs/all_Lyapunov_test_dso-fn_d_all_n_01_log.txt
SpawnPoolWorker-490| 2026-06-22 00:53:28,707,707 multiprocessing INFO See log at : ./logs/all_Lyapunov_test_dso-fn_d_all_n_01_log.txt
SpawnPoolWorker-490| 2026-06-22 00:53:28,713,713 multiprocessing INFO child process calling self.run()
SpawnPoolWorker-488| 2026-06-22 00:53:28,791,791 multiprocessing INFO STARTING NEW RUN ==========
SpawnPoolWorker-488| 2026-06-22 00:53:28,791,791 multiprocessing INFO SEE LOG AT : ./logs/all_Lyapunov_test_dso-fn_d_all_n_01_log.txt
SpawnPoolWorker-488| 2026-06-22 00:53:28,791,791 multiprocessing INFO See log at : ./logs/all_Lyapunov_test_dso-fn_d_all_n_01_log.txt
SpawnPoolWorker-488| 2026-06-22 00:53:28,798,798 multiprocessing INFO child process calling self.run()
SpawnPoolWorker-492| 2026-06-22 00:53:28,989,989 multiprocessing INFO STARTING NEW RUN ==========
SpawnPoolWorker-492| 2026-06-22 00:53:28,989,989 multiprocessing INFO SEE LOG AT : ./logs/all_Lyapunov_test_dso-fn_d_all_n_01_log.txt
SpawnPoolWorker-492| 2026-06-22 00:53:28,989,989 multiprocessing INFO See log at : ./logs/all_Lyapunov_test_dso-fn_d_all_n_01_log.txt
SpawnPoolWorker-492| 2026-06-22 00:53:28,993,993 multiprocessing INFO child process calling self.run()
SpawnPoolWorker-495| 2026-06-22 00:53:29,042,42 multiprocessing INFO STARTING NEW RUN ==========
SpawnPoolWorker-495| 2026-06-22 00:53:29,042,42 multiprocessing INFO SEE LOG AT : ./logs/all_Lyapunov_test_dso-fn_d_all_n_01_log.txt
SpawnPoolWorker-495| 2026-06-22 00:53:29,042,42 multiprocessing INFO See log at : ./logs/all_Lyapunov_test_dso-fn_d_all_n_01_log.txt
SpawnPoolWorker-495| 2026-06-22 00:53:29,046,46 multiprocessing INFO child process calling self.run()
SpawnPoolWorker-497| 2026-06-22 00:53:29,277,277 multiprocessing INFO STARTING NEW RUN ==========
SpawnPoolWorker-497| 2026-06-22 00:53:29,277,277 multiprocessing INFO SEE LOG AT : ./logs/all_Lyapunov_test_dso-fn_d_all_n_01_log.txt
SpawnPoolWorker-497| 2026-06-22 00:53:29,277,277 multiprocessing INFO See log at : ./logs/all_Lyapunov_test_dso-fn_d_all_n_01_log.txt
SpawnPoolWorker-497| 2026-06-22 00:53:29,285,285 multiprocessing INFO child process calling self.run()
SpawnPoolWorker-505| 2026-06-22 00:53:29,740,740 multiprocessing INFO STARTING NEW RUN ==========
SpawnPoolWorker-505| 2026-06-22 00:53:29,740,740 multiprocessing INFO SEE LOG AT : ./logs/all_Lyapunov_test_dso-fn_d_all_n_01_log.txt
SpawnPoolWorker-505| 2026-06-22 00:53:29,740,740 multiprocessing INFO See log at : ./logs/all_Lyapunov_test_dso-fn_d_all_n_01_log.txt
SpawnPoolWorker-505| 2026-06-22 00:53:29,750,750 multiprocessing INFO child process calling self.run()
SpawnPoolWorker-491| 2026-06-22 00:53:29,771,771 multiprocessing INFO STARTING NEW RUN ==========
SpawnPoolWorker-491| 2026-06-22 00:53:29,771,771 multiprocessing INFO SEE LOG AT : ./logs/all_Lyapunov_test_dso-fn_d_all_n_01_log.txt
SpawnPoolWorker-491| 2026-06-22 00:53:29,771,771 multiprocessing INFO See log at : ./logs/all_Lyapunov_test_dso-fn_d_all_n_01_log.txt
SpawnPoolWorker-491| 2026-06-22 00:53:29,777,777 multiprocessing INFO child process calling self.run()
SpawnPoolWorker-504| 2026-06-22 00:53:29,806,806 multiprocessing INFO STARTING NEW RUN ==========
SpawnPoolWorker-504| 2026-06-22 00:53:29,806,806 multiprocessing INFO SEE LOG AT : ./logs/all_Lyapunov_test_dso-fn_d_all_n_01_log.txt
SpawnPoolWorker-504| 2026-06-22 00:53:29,806,806 multiprocessing INFO See log at : ./logs/all_Lyapunov_test_dso-fn_d_all_n_01_log.txt
SpawnPoolWorker-504| 2026-06-22 00:53:29,808,808 multiprocessing INFO child process calling self.run()
SpawnPoolWorker-487| 2026-06-22 00:53:30,055,55 multiprocessing INFO STARTING NEW RUN ==========
SpawnPoolWorker-487| 2026-06-22 00:53:30,055,55 multiprocessing INFO SEE LOG AT : ./logs/all_Lyapunov_test_dso-fn_d_all_n_01_log.txt
SpawnPoolWorker-487| 2026-06-22 00:53:30,055,55 multiprocessing INFO See log at : ./logs/all_Lyapunov_test_dso-fn_d_all_n_01_log.txt
SpawnPoolWorker-487| 2026-06-22 00:53:30,059,59 multiprocessing INFO child process calling self.run()
SpawnPoolWorker-499| 2026-06-22 00:53:30,070,70 multiprocessing INFO STARTING NEW RUN ==========
SpawnPoolWorker-499| 2026-06-22 00:53:30,070,70 multiprocessing INFO SEE LOG AT : ./logs/all_Lyapunov_test_dso-fn_d_all_n_01_log.txt
SpawnPoolWorker-499| 2026-06-22 00:53:30,070,70 multiprocessing INFO See log at : ./logs/all_Lyapunov_test_dso-fn_d_all_n_01_log.txt
SpawnPoolWorker-499| 2026-06-22 00:53:30,078,78 multiprocessing INFO child process calling self.run()
SpawnPoolWorker-507| 2026-06-22 00:53:30,461,461 multiprocessing INFO STARTING NEW RUN ==========
SpawnPoolWorker-507| 2026-06-22 00:53:30,461,461 multiprocessing INFO SEE LOG AT : ./logs/all_Lyapunov_test_dso-fn_d_all_n_01_log.txt
SpawnPoolWorker-507| 2026-06-22 00:53:30,461,461 multiprocessing INFO See log at : ./logs/all_Lyapunov_test_dso-fn_d_all_n_01_log.txt
SpawnPoolWorker-510| 2026-06-22 00:53:30,467,467 multiprocessing INFO STARTING NEW RUN ==========
SpawnPoolWorker-510| 2026-06-22 00:53:30,467,467 multiprocessing INFO SEE LOG AT : ./logs/all_Lyapunov_test_dso-fn_d_all_n_01_log.txt
SpawnPoolWorker-510| 2026-06-22 00:53:30,467,467 multiprocessing INFO See log at : ./logs/all_Lyapunov_test_dso-fn_d_all_n_01_log.txt
SpawnPoolWorker-507| 2026-06-22 00:53:30,468,468 multiprocessing INFO child process calling self.run()
SpawnPoolWorker-510| 2026-06-22 00:53:30,471,471 multiprocessing INFO child process calling self.run()
SpawnPoolWorker-498| 2026-06-22 00:53:30,471,471 multiprocessing INFO STARTING NEW RUN ==========
SpawnPoolWorker-498| 2026-06-22 00:53:30,471,471 multiprocessing INFO SEE LOG AT : ./logs/all_Lyapunov_test_dso-fn_d_all_n_01_log.txt
SpawnPoolWorker-498| 2026-06-22 00:53:30,471,471 multiprocessing INFO See log at : ./logs/all_Lyapunov_test_dso-fn_d_all_n_01_log.txt
SpawnPoolWorker-498| 2026-06-22 00:53:30,478,478 multiprocessing INFO child process calling self.run()
SpawnPoolWorker-503| 2026-06-22 00:53:30,513,513 multiprocessing INFO STARTING NEW RUN ==========
SpawnPoolWorker-503| 2026-06-22 00:53:30,514,514 multiprocessing INFO SEE LOG AT : ./logs/all_Lyapunov_test_dso-fn_d_all_n_01_log.txt
SpawnPoolWorker-503| 2026-06-22 00:53:30,514,514 multiprocessing INFO See log at : ./logs/all_Lyapunov_test_dso-fn_d_all_n_01_log.txt
SpawnPoolWorker-503| 2026-06-22 00:53:30,522,522 multiprocessing INFO child process calling self.run()
SpawnPoolWorker-509| 2026-06-22 00:53:30,612,612 multiprocessing INFO STARTING NEW RUN ==========
SpawnPoolWorker-509| 2026-06-22 00:53:30,612,612 multiprocessing INFO SEE LOG AT : ./logs/all_Lyapunov_test_dso-fn_d_all_n_01_log.txt
SpawnPoolWorker-509| 2026-06-22 00:53:30,612,612 multiprocessing INFO See log at : ./logs/all_Lyapunov_test_dso-fn_d_all_n_01_log.txt
SpawnPoolWorker-509| 2026-06-22 00:53:30,616,616 multiprocessing INFO child process calling self.run()
SpawnPoolWorker-500| 2026-06-22 00:53:30,638,638 multiprocessing INFO STARTING NEW RUN ==========
SpawnPoolWorker-500| 2026-06-22 00:53:30,639,639 multiprocessing INFO SEE LOG AT : ./logs/all_Lyapunov_test_dso-fn_d_all_n_01_log.txt
SpawnPoolWorker-500| 2026-06-22 00:53:30,639,639 multiprocessing INFO See log at : ./logs/all_Lyapunov_test_dso-fn_d_all_n_01_log.txt
SpawnPoolWorker-500| 2026-06-22 00:53:30,647,647 multiprocessing INFO child process calling self.run()
SpawnPoolWorker-506| 2026-06-22 00:53:31,004,4 multiprocessing INFO STARTING NEW RUN ==========
SpawnPoolWorker-506| 2026-06-22 00:53:31,005,5 multiprocessing INFO SEE LOG AT : ./logs/all_Lyapunov_test_dso-fn_d_all_n_01_log.txt
SpawnPoolWorker-506| 2026-06-22 00:53:31,005,5 multiprocessing INFO See log at : ./logs/all_Lyapunov_test_dso-fn_d_all_n_01_log.txt
SpawnPoolWorker-506| 2026-06-22 00:53:31,026,26 multiprocessing INFO child process calling self.run()
SpawnPoolWorker-502| 2026-06-22 00:53:31,123,123 multiprocessing INFO STARTING NEW RUN ==========
SpawnPoolWorker-502| 2026-06-22 00:53:31,123,123 multiprocessing INFO SEE LOG AT : ./logs/all_Lyapunov_test_dso-fn_d_all_n_01_log.txt
SpawnPoolWorker-502| 2026-06-22 00:53:31,123,123 multiprocessing INFO See log at : ./logs/all_Lyapunov_test_dso-fn_d_all_n_01_log.txt
SpawnPoolWorker-502| 2026-06-22 00:53:31,125,125 multiprocessing INFO child process calling self.run()
SpawnPoolWorker-496| 2026-06-22 00:53:31,197,197 multiprocessing INFO STARTING NEW RUN ==========
SpawnPoolWorker-496| 2026-06-22 00:53:31,197,197 multiprocessing INFO SEE LOG AT : ./logs/all_Lyapunov_test_dso-fn_d_all_n_01_log.txt
SpawnPoolWorker-496| 2026-06-22 00:53:31,197,197 multiprocessing INFO See log at : ./logs/all_Lyapunov_test_dso-fn_d_all_n_01_log.txt
SpawnPoolWorker-496| 2026-06-22 00:53:31,200,200 multiprocessing INFO child process calling self.run()
SpawnPoolWorker-501| 2026-06-22 00:53:31,323,323 multiprocessing INFO STARTING NEW RUN ==========
SpawnPoolWorker-501| 2026-06-22 00:53:31,323,323 multiprocessing INFO SEE LOG AT : ./logs/all_Lyapunov_test_dso-fn_d_all_n_01_log.txt
SpawnPoolWorker-501| 2026-06-22 00:53:31,323,323 multiprocessing INFO See log at : ./logs/all_Lyapunov_test_dso-fn_d_all_n_01_log.txt
SpawnPoolWorker-501| 2026-06-22 00:53:31,325,325 multiprocessing INFO child process calling self.run()
SpawnPoolWorker-493| 2026-06-22 00:53:31,562,562 multiprocessing INFO STARTING NEW RUN ==========
SpawnPoolWorker-493| 2026-06-22 00:53:31,562,562 multiprocessing INFO SEE LOG AT : ./logs/all_Lyapunov_test_dso-fn_d_all_n_01_log.txt
SpawnPoolWorker-493| 2026-06-22 00:53:31,562,562 multiprocessing INFO See log at : ./logs/all_Lyapunov_test_dso-fn_d_all_n_01_log.txt
SpawnPoolWorker-493| 2026-06-22 00:53:31,566,566 multiprocessing INFO child process calling self.run()
SpawnPoolWorker-508| 2026-06-22 00:53:31,681,681 multiprocessing INFO STARTING NEW RUN ==========
SpawnPoolWorker-508| 2026-06-22 00:53:31,681,681 multiprocessing INFO SEE LOG AT : ./logs/all_Lyapunov_test_dso-fn_d_all_n_01_log.txt
SpawnPoolWorker-508| 2026-06-22 00:53:31,681,681 multiprocessing INFO See log at : ./logs/all_Lyapunov_test_dso-fn_d_all_n_01_log.txt
SpawnPoolWorker-508| 2026-06-22 00:53:31,682,682 multiprocessing INFO child process calling self.run()
SpawnPoolWorker-494| 2026-06-22 00:53:32,094,94 multiprocessing INFO STARTING NEW RUN ==========
SpawnPoolWorker-494| 2026-06-22 00:53:32,094,94 multiprocessing INFO SEE LOG AT : ./logs/all_Lyapunov_test_dso-fn_d_all_n_01_log.txt
SpawnPoolWorker-494| 2026-06-22 00:53:32,094,94 multiprocessing INFO See log at : ./logs/all_Lyapunov_test_dso-fn_d_all_n_01_log.txt
SpawnPoolWorker-494| 2026-06-22 00:53:32,103,103 multiprocessing INFO child process calling self.run()
SpawnPoolWorker-498| 2026-06-22 00:54:41,617,617 multiprocessing INFO process shutting down
SpawnPoolWorker-505| 2026-06-22 00:54:41,617,617 multiprocessing INFO process shutting down
SpawnPoolWorker-498| 2026-06-22 00:54:41,617,617 multiprocessing INFO process exiting with exitcode 0
SpawnPoolWorker-505| 2026-06-22 00:54:41,617,617 multiprocessing INFO process exiting with exitcode 0
SpawnPoolWorker-510| 2026-06-22 00:54:41,618,618 multiprocessing INFO process shutting down
SpawnPoolWorker-493| 2026-06-22 00:54:41,619,619 multiprocessing INFO process shutting down
SpawnPoolWorker-492| 2026-06-22 00:54:41,619,619 multiprocessing INFO process shutting down
SpawnPoolWorker-489| 2026-06-22 00:54:41,619,619 multiprocessing INFO process shutting down
SpawnPoolWorker-504| 2026-06-22 00:54:41,620,620 multiprocessing INFO process shutting down
SpawnPoolWorker-508| 2026-06-22 00:54:41,620,620 multiprocessing INFO process shutting down
SpawnPoolWorker-502| 2026-06-22 00:54:41,621,621 multiprocessing INFO process shutting down
SpawnPoolWorker-507| 2026-06-22 00:54:41,621,621 multiprocessing INFO process shutting down
SpawnPoolWorker-503| 2026-06-22 00:54:41,621,621 multiprocessing INFO process shutting down
SpawnPoolWorker-499| 2026-06-22 00:54:41,621,621 multiprocessing INFO process shutting down
SpawnPoolWorker-495| 2026-06-22 00:54:41,621,621 multiprocessing INFO process shutting down
SpawnPoolWorker-488| 2026-06-22 00:54:41,622,622 multiprocessing INFO process shutting down
SpawnPoolWorker-510| 2026-06-22 00:54:41,623,623 multiprocessing INFO process exiting with exitcode 0
SpawnPoolWorker-509| 2026-06-22 00:54:41,623,623 multiprocessing INFO process shutting down
SpawnPoolWorker-509| 2026-06-22 00:54:41,623,623 multiprocessing INFO process exiting with exitcode 0
SpawnPoolWorker-497| 2026-06-22 00:54:41,624,624 multiprocessing INFO process shutting down
SpawnPoolWorker-501| 2026-06-22 00:54:41,624,624 multiprocessing INFO process shutting down
SpawnPoolWorker-493| 2026-06-22 00:54:41,629,629 multiprocessing INFO process exiting with exitcode 0
SpawnPoolWorker-492| 2026-06-22 00:54:41,631,631 multiprocessing INFO process exiting with exitcode 0
SpawnPoolWorker-489| 2026-06-22 00:54:41,631,631 multiprocessing INFO process exiting with exitcode 0
SpawnPoolWorker-504| 2026-06-22 00:54:41,636,636 multiprocessing INFO process exiting with exitcode 0
SpawnPoolWorker-508| 2026-06-22 00:54:41,642,642 multiprocessing INFO process exiting with exitcode 0
SpawnPoolWorker-502| 2026-06-22 00:54:41,644,644 multiprocessing INFO process exiting with exitcode 0
SpawnPoolWorker-507| 2026-06-22 00:54:41,649,649 multiprocessing INFO process exiting with exitcode 0
SpawnPoolWorker-503| 2026-06-22 00:54:41,651,651 multiprocessing INFO process exiting with exitcode 0
SpawnPoolWorker-499| 2026-06-22 00:54:41,656,656 multiprocessing INFO process exiting with exitcode 0
SpawnPoolWorker-495| 2026-06-22 00:54:41,656,656 multiprocessing INFO process exiting with exitcode 0
SpawnPoolWorker-488| 2026-06-22 00:54:41,658,658 multiprocessing INFO process exiting with exitcode 0
SpawnPoolWorker-497| 2026-06-22 00:54:41,673,673 multiprocessing INFO process exiting with exitcode 0
SpawnPoolWorker-501| 2026-06-22 00:54:41,683,683 multiprocessing INFO process exiting with exitcode 0
SpawnPoolWorker-487| 2026-06-22 00:54:41,744,744 multiprocessing INFO process shutting down
SpawnPoolWorker-487| 2026-06-22 00:54:41,745,745 multiprocessing INFO process exiting with exitcode 0
SpawnPoolWorker-506| 2026-06-22 00:54:41,749,749 multiprocessing INFO process shutting down
28
(100000, 8)
(100000,)
(100000, 8)
(100000,)

=======================Successfully Added (50000, 8) Counter Examples=======================


============None of the candidates fulfill the conditions. Training CONTINUES!=================

MainProcess| 2026-06-22 00:54:46,690,690 multiprocessing INFO 
============None of the candidates fulfill the conditions. Training CONTINUES!=================


============None of the candidates fulfill the conditions. Training CONTINUES!=================

(55, 164)
/users/9/chen8596/miniconda3/envs/alfd/lib/python3.9/site-packages/torch/nn/functional.py:4999: UserWarning: Support for mismatched key_padding_mask and attn_mask is deprecated. Use same type for both instead.
  warnings.warn(

==============Start Supervised Learning==============

MainProcess| 2026-06-22 00:54:54,742,742 multiprocessing INFO GP output mean: 0.827535150444869
GP output mean: 0.827535150444869
MainProcess| 2026-06-22 00:54:55,974,974 multiprocessing INFO GP output success rate: 0.0
GP output success rate: 0.0

==============End Supervised Learning==============

MainProcess| 2026-06-22 00:54:58,839,839 multiprocessing INFO [Test epoch=0015]  nevals=206625 	| train_loss=11009.31055 	| eqs_invalid %=0.00 	| r_best=0.99511 	| quantile=0.73411 	| r_quantile_mean=0.88409 	| r_raw_sum=53.39098 	|  r_raw_mean=0.77378 	| r2=nan 	| acc_iid=0.00000 	| acc_ood=0.00000 	| nmse_test=0.0020136708412442452 	| true_equation_set_count=0 	| s/it=331.51894
[Test epoch=0015]  nevals=206625 	| train_loss=11009.31055 	| eqs_invalid %=0.00 	| r_best=0.99511 	| quantile=0.73411 	| r_quantile_mean=0.88409 	| r_raw_sum=53.39098 	|  r_raw_mean=0.77378 	| r2=nan 	| acc_iid=0.00000 	| acc_ood=0.00000 	| nmse_test=0.0020136708412442452 	| true_equation_set_count=0 	| s/it=331.51894
MainProcess| 2026-06-22 00:54:58,839,839 multiprocessing INFO [00:01:52:34.80] Training epoch 15/4000, current best R: 0.9951
[00:01:52:34.80] Training epoch 15/4000, current best R: 0.9951
MainProcess| 2026-06-22 00:59:02,858,858 multiprocessing INFO Genetic Porgramming Runtime 242.76218679384328
Genetic Porgramming Runtime 242.76218679384328

=========================PGD Collection Starts=========================

SpawnPoolWorker-511| 2026-06-22 00:59:08,681,681 multiprocessing INFO STARTING NEW RUN ==========
SpawnPoolWorker-511| 2026-06-22 00:59:08,681,681 multiprocessing INFO SEE LOG AT : ./logs/all_Lyapunov_test_dso-fn_d_all_n_01_log.txt
SpawnPoolWorker-511| 2026-06-22 00:59:08,681,681 multiprocessing INFO See log at : ./logs/all_Lyapunov_test_dso-fn_d_all_n_01_log.txt
SpawnPoolWorker-511| 2026-06-22 00:59:08,683,683 multiprocessing INFO child process calling self.run()
SpawnPoolWorker-512| 2026-06-22 00:59:08,791,791 multiprocessing INFO STARTING NEW RUN ==========
SpawnPoolWorker-512| 2026-06-22 00:59:08,791,791 multiprocessing INFO SEE LOG AT : ./logs/all_Lyapunov_test_dso-fn_d_all_n_01_log.txt
SpawnPoolWorker-512| 2026-06-22 00:59:08,791,791 multiprocessing INFO See log at : ./logs/all_Lyapunov_test_dso-fn_d_all_n_01_log.txt
SpawnPoolWorker-512| 2026-06-22 00:59:08,794,794 multiprocessing INFO child process calling self.run()
SpawnPoolWorker-513| 2026-06-22 00:59:08,941,941 multiprocessing INFO STARTING NEW RUN ==========
SpawnPoolWorker-513| 2026-06-22 00:59:08,941,941 multiprocessing INFO SEE LOG AT : ./logs/all_Lyapunov_test_dso-fn_d_all_n_01_log.txt
SpawnPoolWorker-513| 2026-06-22 00:59:08,941,941 multiprocessing INFO See log at : ./logs/all_Lyapunov_test_dso-fn_d_all_n_01_log.txt
SpawnPoolWorker-513| 2026-06-22 00:59:08,943,943 multiprocessing INFO child process calling self.run()
SpawnPoolWorker-515| 2026-06-22 00:59:08,948,948 multiprocessing INFO STARTING NEW RUN ==========
SpawnPoolWorker-515| 2026-06-22 00:59:08,949,949 multiprocessing INFO SEE LOG AT : ./logs/all_Lyapunov_test_dso-fn_d_all_n_01_log.txt
SpawnPoolWorker-515| 2026-06-22 00:59:08,949,949 multiprocessing INFO See log at : ./logs/all_Lyapunov_test_dso-fn_d_all_n_01_log.txt
SpawnPoolWorker-515| 2026-06-22 00:59:08,951,951 multiprocessing INFO child process calling self.run()
SpawnPoolWorker-516| 2026-06-22 00:59:09,026,26 multiprocessing INFO STARTING NEW RUN ==========
SpawnPoolWorker-516| 2026-06-22 00:59:09,026,26 multiprocessing INFO SEE LOG AT : ./logs/all_Lyapunov_test_dso-fn_d_all_n_01_log.txt
SpawnPoolWorker-516| 2026-06-22 00:59:09,026,26 multiprocessing INFO See log at : ./logs/all_Lyapunov_test_dso-fn_d_all_n_01_log.txt
SpawnPoolWorker-516| 2026-06-22 00:59:09,032,32 multiprocessing INFO child process calling self.run()
SpawnPoolWorker-514| 2026-06-22 00:59:09,159,159 multiprocessing INFO STARTING NEW RUN ==========
SpawnPoolWorker-514| 2026-06-22 00:59:09,159,159 multiprocessing INFO SEE LOG AT : ./logs/all_Lyapunov_test_dso-fn_d_all_n_01_log.txt
SpawnPoolWorker-514| 2026-06-22 00:59:09,159,159 multiprocessing INFO See log at : ./logs/all_Lyapunov_test_dso-fn_d_all_n_01_log.txt
SpawnPoolWorker-514| 2026-06-22 00:59:09,161,161 multiprocessing INFO child process calling self.run()
SpawnPoolWorker-518| 2026-06-22 00:59:09,331,331 multiprocessing INFO STARTING NEW RUN ==========
SpawnPoolWorker-518| 2026-06-22 00:59:09,331,331 multiprocessing INFO SEE LOG AT : ./logs/all_Lyapunov_test_dso-fn_d_all_n_01_log.txt
SpawnPoolWorker-518| 2026-06-22 00:59:09,331,331 multiprocessing INFO See log at : ./logs/all_Lyapunov_test_dso-fn_d_all_n_01_log.txt
SpawnPoolWorker-518| 2026-06-22 00:59:09,333,333 multiprocessing INFO child process calling self.run()
SpawnPoolWorker-517| 2026-06-22 00:59:09,350,350 multiprocessing INFO STARTING NEW RUN ==========
SpawnPoolWorker-517| 2026-06-22 00:59:09,350,350 multiprocessing INFO SEE LOG AT : ./logs/all_Lyapunov_test_dso-fn_d_all_n_01_log.txt
SpawnPoolWorker-517| 2026-06-22 00:59:09,350,350 multiprocessing INFO See log at : ./logs/all_Lyapunov_test_dso-fn_d_all_n_01_log.txt
SpawnPoolWorker-517| 2026-06-22 00:59:09,351,351 multiprocessing INFO child process calling self.run()
SpawnPoolWorker-520| 2026-06-22 00:59:09,443,443 multiprocessing INFO STARTING NEW RUN ==========
SpawnPoolWorker-520| 2026-06-22 00:59:09,443,443 multiprocessing INFO SEE LOG AT : ./logs/all_Lyapunov_test_dso-fn_d_all_n_01_log.txt
SpawnPoolWorker-520| 2026-06-22 00:59:09,443,443 multiprocessing INFO See log at : ./logs/all_Lyapunov_test_dso-fn_d_all_n_01_log.txt
SpawnPoolWorker-520| 2026-06-22 00:59:09,444,444 multiprocessing INFO child process calling self.run()
SpawnPoolWorker-519| 2026-06-22 00:59:09,637,637 multiprocessing INFO STARTING NEW RUN ==========
SpawnPoolWorker-519| 2026-06-22 00:59:09,637,637 multiprocessing INFO SEE LOG AT : ./logs/all_Lyapunov_test_dso-fn_d_all_n_01_log.txt
SpawnPoolWorker-519| 2026-06-22 00:59:09,637,637 multiprocessing INFO See log at : ./logs/all_Lyapunov_test_dso-fn_d_all_n_01_log.txt
SpawnPoolWorker-519| 2026-06-22 00:59:09,638,638 multiprocessing INFO child process calling self.run()
SpawnPoolWorker-513| 2026-06-22 00:59:30,290,290 multiprocessing INFO process shutting down
SpawnPoolWorker-516| 2026-06-22 00:59:30,290,290 multiprocessing INFO process shutting down
SpawnPoolWorker-512| 2026-06-22 00:59:30,291,291 multiprocessing INFO process shutting down
SpawnPoolWorker-520| 2026-06-22 00:59:30,291,291 multiprocessing INFO process shutting down
SpawnPoolWorker-517| 2026-06-22 00:59:30,291,291 multiprocessing INFO process shutting down
SpawnPoolWorker-512| 2026-06-22 00:59:30,291,291 multiprocessing INFO process exiting with exitcode 0
SpawnPoolWorker-513| 2026-06-22 00:59:30,291,291 multiprocessing INFO process exiting with exitcode 0
SpawnPoolWorker-516| 2026-06-22 00:59:30,291,291 multiprocessing INFO process exiting with exitcode 0
SpawnPoolWorker-518| 2026-06-22 00:59:30,291,291 multiprocessing INFO process shutting down
SpawnPoolWorker-514| 2026-06-22 00:59:30,291,291 multiprocessing INFO process shutting down
SpawnPoolWorker-520| 2026-06-22 00:59:30,291,291 multiprocessing INFO process exiting with exitcode 0
SpawnPoolWorker-517| 2026-06-22 00:59:30,291,291 multiprocessing INFO process exiting with exitcode 0
SpawnPoolWorker-518| 2026-06-22 00:59:30,291,291 multiprocessing INFO process exiting with exitcode 0
SpawnPoolWorker-514| 2026-06-22 00:59:30,291,291 multiprocessing INFO process exiting with exitcode 0
(20000,)

===================Collect 20000 Examples===================

Epsilon 0.1
500
(550,)
(550,)
(55,)
Number of Programs for Minimization: 28
SpawnPoolWorker-527| 2026-06-22 00:59:49,492,492 multiprocessing INFO STARTING NEW RUN ==========
SpawnPoolWorker-527| 2026-06-22 00:59:49,492,492 multiprocessing INFO SEE LOG AT : ./logs/all_Lyapunov_test_dso-fn_d_all_n_01_log.txt
SpawnPoolWorker-527| 2026-06-22 00:59:49,492,492 multiprocessing INFO See log at : ./logs/all_Lyapunov_test_dso-fn_d_all_n_01_log.txt
SpawnPoolWorker-521| 2026-06-22 00:59:49,494,494 multiprocessing INFO STARTING NEW RUN ==========
SpawnPoolWorker-521| 2026-06-22 00:59:49,494,494 multiprocessing INFO SEE LOG AT : ./logs/all_Lyapunov_test_dso-fn_d_all_n_01_log.txt
SpawnPoolWorker-521| 2026-06-22 00:59:49,494,494 multiprocessing INFO See log at : ./logs/all_Lyapunov_test_dso-fn_d_all_n_01_log.txt
SpawnPoolWorker-521| 2026-06-22 00:59:49,496,496 multiprocessing INFO child process calling self.run()
SpawnPoolWorker-527| 2026-06-22 00:59:49,498,498 multiprocessing INFO child process calling self.run()
SpawnPoolWorker-526| 2026-06-22 00:59:49,550,550 multiprocessing INFO STARTING NEW RUN ==========
SpawnPoolWorker-526| 2026-06-22 00:59:49,550,550 multiprocessing INFO SEE LOG AT : ./logs/all_Lyapunov_test_dso-fn_d_all_n_01_log.txt
SpawnPoolWorker-526| 2026-06-22 00:59:49,550,550 multiprocessing INFO See log at : ./logs/all_Lyapunov_test_dso-fn_d_all_n_01_log.txt
SpawnPoolWorker-526| 2026-06-22 00:59:49,556,556 multiprocessing INFO child process calling self.run()
SpawnPoolWorker-537| 2026-06-22 00:59:49,577,577 multiprocessing INFO STARTING NEW RUN ==========
SpawnPoolWorker-537| 2026-06-22 00:59:49,577,577 multiprocessing INFO SEE LOG AT : ./logs/all_Lyapunov_test_dso-fn_d_all_n_01_log.txt
SpawnPoolWorker-537| 2026-06-22 00:59:49,577,577 multiprocessing INFO See log at : ./logs/all_Lyapunov_test_dso-fn_d_all_n_01_log.txt
SpawnPoolWorker-537| 2026-06-22 00:59:49,581,581 multiprocessing INFO child process calling self.run()
SpawnPoolWorker-525| 2026-06-22 00:59:49,797,797 multiprocessing INFO STARTING NEW RUN ==========
SpawnPoolWorker-525| 2026-06-22 00:59:49,797,797 multiprocessing INFO SEE LOG AT : ./logs/all_Lyapunov_test_dso-fn_d_all_n_01_log.txt
SpawnPoolWorker-525| 2026-06-22 00:59:49,797,797 multiprocessing INFO See log at : ./logs/all_Lyapunov_test_dso-fn_d_all_n_01_log.txt
SpawnPoolWorker-525| 2026-06-22 00:59:49,802,802 multiprocessing INFO child process calling self.run()
SpawnPoolWorker-524| 2026-06-22 00:59:49,893,893 multiprocessing INFO STARTING NEW RUN ==========
SpawnPoolWorker-524| 2026-06-22 00:59:49,893,893 multiprocessing INFO SEE LOG AT : ./logs/all_Lyapunov_test_dso-fn_d_all_n_01_log.txt
SpawnPoolWorker-524| 2026-06-22 00:59:49,893,893 multiprocessing INFO See log at : ./logs/all_Lyapunov_test_dso-fn_d_all_n_01_log.txt
SpawnPoolWorker-524| 2026-06-22 00:59:49,896,896 multiprocessing INFO child process calling self.run()
SpawnPoolWorker-528| 2026-06-22 00:59:50,118,118 multiprocessing INFO STARTING NEW RUN ==========
SpawnPoolWorker-528| 2026-06-22 00:59:50,118,118 multiprocessing INFO SEE LOG AT : ./logs/all_Lyapunov_test_dso-fn_d_all_n_01_log.txt
SpawnPoolWorker-528| 2026-06-22 00:59:50,118,118 multiprocessing INFO See log at : ./logs/all_Lyapunov_test_dso-fn_d_all_n_01_log.txt
SpawnPoolWorker-528| 2026-06-22 00:59:50,123,123 multiprocessing INFO child process calling self.run()
SpawnPoolWorker-531| 2026-06-22 00:59:50,302,302 multiprocessing INFO STARTING NEW RUN ==========
SpawnPoolWorker-531| 2026-06-22 00:59:50,302,302 multiprocessing INFO SEE LOG AT : ./logs/all_Lyapunov_test_dso-fn_d_all_n_01_log.txt
SpawnPoolWorker-531| 2026-06-22 00:59:50,302,302 multiprocessing INFO See log at : ./logs/all_Lyapunov_test_dso-fn_d_all_n_01_log.txt
SpawnPoolWorker-531| 2026-06-22 00:59:50,310,310 multiprocessing INFO child process calling self.run()
SpawnPoolWorker-538| 2026-06-22 00:59:50,385,385 multiprocessing INFO STARTING NEW RUN ==========
SpawnPoolWorker-538| 2026-06-22 00:59:50,385,385 multiprocessing INFO SEE LOG AT : ./logs/all_Lyapunov_test_dso-fn_d_all_n_01_log.txt
SpawnPoolWorker-538| 2026-06-22 00:59:50,385,385 multiprocessing INFO See log at : ./logs/all_Lyapunov_test_dso-fn_d_all_n_01_log.txt
SpawnPoolWorker-538| 2026-06-22 00:59:50,391,391 multiprocessing INFO child process calling self.run()
SpawnPoolWorker-539| 2026-06-22 00:59:50,645,645 multiprocessing INFO STARTING NEW RUN ==========
SpawnPoolWorker-539| 2026-06-22 00:59:50,645,645 multiprocessing INFO SEE LOG AT : ./logs/all_Lyapunov_test_dso-fn_d_all_n_01_log.txt
SpawnPoolWorker-539| 2026-06-22 00:59:50,645,645 multiprocessing INFO See log at : ./logs/all_Lyapunov_test_dso-fn_d_all_n_01_log.txt
SpawnPoolWorker-539| 2026-06-22 00:59:50,652,652 multiprocessing INFO child process calling self.run()
SpawnPoolWorker-523| 2026-06-22 00:59:50,886,886 multiprocessing INFO STARTING NEW RUN ==========
SpawnPoolWorker-523| 2026-06-22 00:59:50,886,886 multiprocessing INFO SEE LOG AT : ./logs/all_Lyapunov_test_dso-fn_d_all_n_01_log.txt
SpawnPoolWorker-523| 2026-06-22 00:59:50,886,886 multiprocessing INFO See log at : ./logs/all_Lyapunov_test_dso-fn_d_all_n_01_log.txt
SpawnPoolWorker-523| 2026-06-22 00:59:50,888,888 multiprocessing INFO child process calling self.run()
SpawnPoolWorker-529| 2026-06-22 00:59:51,350,350 multiprocessing INFO STARTING NEW RUN ==========
SpawnPoolWorker-529| 2026-06-22 00:59:51,350,350 multiprocessing INFO SEE LOG AT : ./logs/all_Lyapunov_test_dso-fn_d_all_n_01_log.txt
SpawnPoolWorker-529| 2026-06-22 00:59:51,350,350 multiprocessing INFO See log at : ./logs/all_Lyapunov_test_dso-fn_d_all_n_01_log.txt
SpawnPoolWorker-529| 2026-06-22 00:59:51,352,352 multiprocessing INFO child process calling self.run()
SpawnPoolWorker-522| 2026-06-22 00:59:51,459,459 multiprocessing INFO STARTING NEW RUN ==========
SpawnPoolWorker-522| 2026-06-22 00:59:51,459,459 multiprocessing INFO SEE LOG AT : ./logs/all_Lyapunov_test_dso-fn_d_all_n_01_log.txt
SpawnPoolWorker-522| 2026-06-22 00:59:51,459,459 multiprocessing INFO See log at : ./logs/all_Lyapunov_test_dso-fn_d_all_n_01_log.txt
SpawnPoolWorker-522| 2026-06-22 00:59:51,464,464 multiprocessing INFO child process calling self.run()
SpawnPoolWorker-534| 2026-06-22 00:59:51,476,476 multiprocessing INFO STARTING NEW RUN ==========
SpawnPoolWorker-534| 2026-06-22 00:59:51,476,476 multiprocessing INFO SEE LOG AT : ./logs/all_Lyapunov_test_dso-fn_d_all_n_01_log.txt
SpawnPoolWorker-534| 2026-06-22 00:59:51,476,476 multiprocessing INFO See log at : ./logs/all_Lyapunov_test_dso-fn_d_all_n_01_log.txt
SpawnPoolWorker-534| 2026-06-22 00:59:51,478,478 multiprocessing INFO child process calling self.run()
SpawnPoolWorker-544| 2026-06-22 00:59:51,494,494 multiprocessing INFO STARTING NEW RUN ==========
SpawnPoolWorker-544| 2026-06-22 00:59:51,494,494 multiprocessing INFO SEE LOG AT : ./logs/all_Lyapunov_test_dso-fn_d_all_n_01_log.txt
SpawnPoolWorker-544| 2026-06-22 00:59:51,494,494 multiprocessing INFO See log at : ./logs/all_Lyapunov_test_dso-fn_d_all_n_01_log.txt
SpawnPoolWorker-544| 2026-06-22 00:59:51,496,496 multiprocessing INFO child process calling self.run()
SpawnPoolWorker-535| 2026-06-22 00:59:51,789,789 multiprocessing INFO STARTING NEW RUN ==========
SpawnPoolWorker-535| 2026-06-22 00:59:51,790,790 multiprocessing INFO SEE LOG AT : ./logs/all_Lyapunov_test_dso-fn_d_all_n_01_log.txt
SpawnPoolWorker-535| 2026-06-22 00:59:51,790,790 multiprocessing INFO See log at : ./logs/all_Lyapunov_test_dso-fn_d_all_n_01_log.txt
SpawnPoolWorker-543| 2026-06-22 00:59:51,789,789 multiprocessing INFO STARTING NEW RUN ==========
SpawnPoolWorker-543| 2026-06-22 00:59:51,790,790 multiprocessing INFO SEE LOG AT : ./logs/all_Lyapunov_test_dso-fn_d_all_n_01_log.txt
SpawnPoolWorker-543| 2026-06-22 00:59:51,790,790 multiprocessing INFO See log at : ./logs/all_Lyapunov_test_dso-fn_d_all_n_01_log.txt
SpawnPoolWorker-535| 2026-06-22 00:59:51,793,793 multiprocessing INFO child process calling self.run()
SpawnPoolWorker-543| 2026-06-22 00:59:51,796,796 multiprocessing INFO child process calling self.run()
SpawnPoolWorker-533| 2026-06-22 00:59:51,853,853 multiprocessing INFO STARTING NEW RUN ==========
SpawnPoolWorker-533| 2026-06-22 00:59:51,853,853 multiprocessing INFO SEE LOG AT : ./logs/all_Lyapunov_test_dso-fn_d_all_n_01_log.txt
SpawnPoolWorker-533| 2026-06-22 00:59:51,853,853 multiprocessing INFO See log at : ./logs/all_Lyapunov_test_dso-fn_d_all_n_01_log.txt
SpawnPoolWorker-533| 2026-06-22 00:59:51,855,855 multiprocessing INFO child process calling self.run()
SpawnPoolWorker-542| 2026-06-22 00:59:51,890,890 multiprocessing INFO STARTING NEW RUN ==========
SpawnPoolWorker-542| 2026-06-22 00:59:51,890,890 multiprocessing INFO SEE LOG AT : ./logs/all_Lyapunov_test_dso-fn_d_all_n_01_log.txt
SpawnPoolWorker-542| 2026-06-22 00:59:51,890,890 multiprocessing INFO See log at : ./logs/all_Lyapunov_test_dso-fn_d_all_n_01_log.txt
SpawnPoolWorker-542| 2026-06-22 00:59:51,896,896 multiprocessing INFO child process calling self.run()
SpawnPoolWorker-540| 2026-06-22 00:59:52,282,282 multiprocessing INFO STARTING NEW RUN ==========
SpawnPoolWorker-540| 2026-06-22 00:59:52,282,282 multiprocessing INFO SEE LOG AT : ./logs/all_Lyapunov_test_dso-fn_d_all_n_01_log.txt
SpawnPoolWorker-540| 2026-06-22 00:59:52,283,283 multiprocessing INFO See log at : ./logs/all_Lyapunov_test_dso-fn_d_all_n_01_log.txt
SpawnPoolWorker-540| 2026-06-22 00:59:52,287,287 multiprocessing INFO child process calling self.run()
SpawnPoolWorker-532| 2026-06-22 00:59:52,307,307 multiprocessing INFO STARTING NEW RUN ==========
SpawnPoolWorker-532| 2026-06-22 00:59:52,307,307 multiprocessing INFO SEE LOG AT : ./logs/all_Lyapunov_test_dso-fn_d_all_n_01_log.txt
SpawnPoolWorker-532| 2026-06-22 00:59:52,307,307 multiprocessing INFO See log at : ./logs/all_Lyapunov_test_dso-fn_d_all_n_01_log.txt
SpawnPoolWorker-541| 2026-06-22 00:59:52,308,308 multiprocessing INFO STARTING NEW RUN ==========
SpawnPoolWorker-541| 2026-06-22 00:59:52,308,308 multiprocessing INFO SEE LOG AT : ./logs/all_Lyapunov_test_dso-fn_d_all_n_01_log.txt
SpawnPoolWorker-541| 2026-06-22 00:59:52,308,308 multiprocessing INFO See log at : ./logs/all_Lyapunov_test_dso-fn_d_all_n_01_log.txt
SpawnPoolWorker-532| 2026-06-22 00:59:52,311,311 multiprocessing INFO child process calling self.run()
SpawnPoolWorker-541| 2026-06-22 00:59:52,317,317 multiprocessing INFO child process calling self.run()
SpawnPoolWorker-530| 2026-06-22 00:59:52,372,372 multiprocessing INFO STARTING NEW RUN ==========
SpawnPoolWorker-530| 2026-06-22 00:59:52,372,372 multiprocessing INFO SEE LOG AT : ./logs/all_Lyapunov_test_dso-fn_d_all_n_01_log.txt
SpawnPoolWorker-530| 2026-06-22 00:59:52,372,372 multiprocessing INFO See log at : ./logs/all_Lyapunov_test_dso-fn_d_all_n_01_log.txt
SpawnPoolWorker-530| 2026-06-22 00:59:52,374,374 multiprocessing INFO child process calling self.run()
SpawnPoolWorker-536| 2026-06-22 00:59:53,173,173 multiprocessing INFO STARTING NEW RUN ==========
SpawnPoolWorker-536| 2026-06-22 00:59:53,173,173 multiprocessing INFO SEE LOG AT : ./logs/all_Lyapunov_test_dso-fn_d_all_n_01_log.txt
SpawnPoolWorker-536| 2026-06-22 00:59:53,173,173 multiprocessing INFO See log at : ./logs/all_Lyapunov_test_dso-fn_d_all_n_01_log.txt
SpawnPoolWorker-536| 2026-06-22 00:59:53,183,183 multiprocessing INFO child process calling self.run()
SpawnPoolWorker-537| 2026-06-22 01:01:01,799,799 multiprocessing INFO process shutting down
SpawnPoolWorker-528| 2026-06-22 01:01:01,799,799 multiprocessing INFO process shutting down
SpawnPoolWorker-539| 2026-06-22 01:01:01,800,800 multiprocessing INFO process shutting down
SpawnPoolWorker-526| 2026-06-22 01:01:01,800,800 multiprocessing INFO process shutting down
SpawnPoolWorker-537| 2026-06-22 01:01:01,800,800 multiprocessing INFO process exiting with exitcode 0
SpawnPoolWorker-528| 2026-06-22 01:01:01,800,800 multiprocessing INFO process exiting with exitcode 0
SpawnPoolWorker-524| 2026-06-22 01:01:01,800,800 multiprocessing INFO process shutting down
SpawnPoolWorker-539| 2026-06-22 01:01:01,800,800 multiprocessing INFO process exiting with exitcode 0
SpawnPoolWorker-521| 2026-06-22 01:01:01,800,800 multiprocessing INFO process shutting down
SpawnPoolWorker-526| 2026-06-22 01:01:01,800,800 multiprocessing INFO process exiting with exitcode 0
SpawnPoolWorker-522| 2026-06-22 01:01:01,800,800 multiprocessing INFO process shutting down
SpawnPoolWorker-524| 2026-06-22 01:01:01,800,800 multiprocessing INFO process exiting with exitcode 0
SpawnPoolWorker-521| 2026-06-22 01:01:01,800,800 multiprocessing INFO process exiting with exitcode 0
SpawnPoolWorker-522| 2026-06-22 01:01:01,800,800 multiprocessing INFO process exiting with exitcode 0
SpawnPoolWorker-542| 2026-06-22 01:01:01,801,801 multiprocessing INFO process shutting down
SpawnPoolWorker-531| 2026-06-22 01:01:01,801,801 multiprocessing INFO process shutting down
SpawnPoolWorker-544| 2026-06-22 01:01:01,801,801 multiprocessing INFO process shutting down
SpawnPoolWorker-535| 2026-06-22 01:01:01,801,801 multiprocessing INFO process shutting down
SpawnPoolWorker-530| 2026-06-22 01:01:01,801,801 multiprocessing INFO process shutting down
SpawnPoolWorker-543| 2026-06-22 01:01:01,801,801 multiprocessing INFO process shutting down
SpawnPoolWorker-533| 2026-06-22 01:01:01,801,801 multiprocessing INFO process shutting down
SpawnPoolWorker-538| 2026-06-22 01:01:01,802,802 multiprocessing INFO process shutting down
SpawnPoolWorker-541| 2026-06-22 01:01:01,802,802 multiprocessing INFO process shutting down
SpawnPoolWorker-532| 2026-06-22 01:01:01,802,802 multiprocessing INFO process shutting down
SpawnPoolWorker-525| 2026-06-22 01:01:01,802,802 multiprocessing INFO process shutting down
SpawnPoolWorker-540| 2026-06-22 01:01:01,802,802 multiprocessing INFO process shutting down
SpawnPoolWorker-527| 2026-06-22 01:01:01,802,802 multiprocessing INFO process shutting down
SpawnPoolWorker-534| 2026-06-22 01:01:01,802,802 multiprocessing INFO process shutting down
28
(100000, 8)
(100000,)
(100000, 8)
(100000,)

=======================Successfully Added (50000, 8) Counter Examples=======================


============None of the candidates fulfill the conditions. Training CONTINUES!=================

MainProcess| 2026-06-22 01:01:05,046,46 multiprocessing INFO 
============None of the candidates fulfill the conditions. Training CONTINUES!=================


============None of the candidates fulfill the conditions. Training CONTINUES!=================

(55, 164)
/users/9/chen8596/miniconda3/envs/alfd/lib/python3.9/site-packages/torch/nn/functional.py:4999: UserWarning: Support for mismatched key_padding_mask and attn_mask is deprecated. Use same type for both instead.
  warnings.warn(

==============Start Supervised Learning==============

MainProcess| 2026-06-22 01:01:10,905,905 multiprocessing INFO GP output mean: 0.9937638302877285
GP output mean: 0.9937638302877285
MainProcess| 2026-06-22 01:01:11,665,665 multiprocessing INFO GP output success rate: 0.0
GP output success rate: 0.0

==============End Supervised Learning==============

MainProcess| 2026-06-22 01:01:14,203,203 multiprocessing INFO [Test epoch=0016]  nevals=220317 	| train_loss=9612.16309 	| eqs_invalid %=0.00 	| r_best=0.99511 	| quantile=0.61108 	| r_quantile_mean=0.93264 	| r_raw_sum=57.30709 	|  r_raw_mean=0.79593 	| r2=nan 	| acc_iid=0.00000 	| acc_ood=0.00000 	| nmse_test=0.0020136708412442452 	| true_equation_set_count=0 	| s/it=375.36418
[Test epoch=0016]  nevals=220317 	| train_loss=9612.16309 	| eqs_invalid %=0.00 	| r_best=0.99511 	| quantile=0.61108 	| r_quantile_mean=0.93264 	| r_raw_sum=57.30709 	|  r_raw_mean=0.79593 	| r2=nan 	| acc_iid=0.00000 	| acc_ood=0.00000 	| nmse_test=0.0020136708412442452 	| true_equation_set_count=0 	| s/it=375.36418
MainProcess| 2026-06-22 01:04:20,514,514 multiprocessing INFO Genetic Porgramming Runtime 184.98987320507877
Genetic Porgramming Runtime 184.98987320507877

=========================PGD Collection Starts=========================

SpawnPoolWorker-546| 2026-06-22 01:04:28,699,699 multiprocessing INFO STARTING NEW RUN ==========
SpawnPoolWorker-546| 2026-06-22 01:04:28,699,699 multiprocessing INFO SEE LOG AT : ./logs/all_Lyapunov_test_dso-fn_d_all_n_01_log.txt
SpawnPoolWorker-546| 2026-06-22 01:04:28,699,699 multiprocessing INFO See log at : ./logs/all_Lyapunov_test_dso-fn_d_all_n_01_log.txt
SpawnPoolWorker-546| 2026-06-22 01:04:28,702,702 multiprocessing INFO child process calling self.run()
SpawnPoolWorker-545| 2026-06-22 01:04:28,832,832 multiprocessing INFO STARTING NEW RUN ==========
SpawnPoolWorker-545| 2026-06-22 01:04:28,832,832 multiprocessing INFO SEE LOG AT : ./logs/all_Lyapunov_test_dso-fn_d_all_n_01_log.txt
SpawnPoolWorker-545| 2026-06-22 01:04:28,832,832 multiprocessing INFO See log at : ./logs/all_Lyapunov_test_dso-fn_d_all_n_01_log.txt
SpawnPoolWorker-545| 2026-06-22 01:04:28,833,833 multiprocessing INFO child process calling self.run()
SpawnPoolWorker-547| 2026-06-22 01:04:29,287,287 multiprocessing INFO STARTING NEW RUN ==========
SpawnPoolWorker-547| 2026-06-22 01:04:29,287,287 multiprocessing INFO SEE LOG AT : ./logs/all_Lyapunov_test_dso-fn_d_all_n_01_log.txt
SpawnPoolWorker-547| 2026-06-22 01:04:29,287,287 multiprocessing INFO See log at : ./logs/all_Lyapunov_test_dso-fn_d_all_n_01_log.txt
SpawnPoolWorker-547| 2026-06-22 01:04:29,289,289 multiprocessing INFO child process calling self.run()
SpawnPoolWorker-554| 2026-06-22 01:04:29,488,488 multiprocessing INFO STARTING NEW RUN ==========
SpawnPoolWorker-554| 2026-06-22 01:04:29,488,488 multiprocessing INFO SEE LOG AT : ./logs/all_Lyapunov_test_dso-fn_d_all_n_01_log.txt
SpawnPoolWorker-554| 2026-06-22 01:04:29,488,488 multiprocessing INFO See log at : ./logs/all_Lyapunov_test_dso-fn_d_all_n_01_log.txt
SpawnPoolWorker-554| 2026-06-22 01:04:29,490,490 multiprocessing INFO child process calling self.run()
SpawnPoolWorker-548| 2026-06-22 01:04:29,559,559 multiprocessing INFO STARTING NEW RUN ==========
SpawnPoolWorker-548| 2026-06-22 01:04:29,559,559 multiprocessing INFO SEE LOG AT : ./logs/all_Lyapunov_test_dso-fn_d_all_n_01_log.txt
SpawnPoolWorker-548| 2026-06-22 01:04:29,559,559 multiprocessing INFO See log at : ./logs/all_Lyapunov_test_dso-fn_d_all_n_01_log.txt
SpawnPoolWorker-548| 2026-06-22 01:04:29,561,561 multiprocessing INFO child process calling self.run()
SpawnPoolWorker-550| 2026-06-22 01:04:30,067,67 multiprocessing INFO STARTING NEW RUN ==========
SpawnPoolWorker-550| 2026-06-22 01:04:30,067,67 multiprocessing INFO SEE LOG AT : ./logs/all_Lyapunov_test_dso-fn_d_all_n_01_log.txt
SpawnPoolWorker-550| 2026-06-22 01:04:30,067,67 multiprocessing INFO See log at : ./logs/all_Lyapunov_test_dso-fn_d_all_n_01_log.txt
SpawnPoolWorker-550| 2026-06-22 01:04:30,072,72 multiprocessing INFO child process calling self.run()
SpawnPoolWorker-552| 2026-06-22 01:04:30,178,178 multiprocessing INFO STARTING NEW RUN ==========
SpawnPoolWorker-552| 2026-06-22 01:04:30,178,178 multiprocessing INFO SEE LOG AT : ./logs/all_Lyapunov_test_dso-fn_d_all_n_01_log.txt
SpawnPoolWorker-552| 2026-06-22 01:04:30,178,178 multiprocessing INFO See log at : ./logs/all_Lyapunov_test_dso-fn_d_all_n_01_log.txt
SpawnPoolWorker-552| 2026-06-22 01:04:30,182,182 multiprocessing INFO child process calling self.run()
SpawnPoolWorker-549| 2026-06-22 01:04:30,210,210 multiprocessing INFO STARTING NEW RUN ==========
SpawnPoolWorker-549| 2026-06-22 01:04:30,210,210 multiprocessing INFO SEE LOG AT : ./logs/all_Lyapunov_test_dso-fn_d_all_n_01_log.txt
SpawnPoolWorker-549| 2026-06-22 01:04:30,210,210 multiprocessing INFO See log at : ./logs/all_Lyapunov_test_dso-fn_d_all_n_01_log.txt
SpawnPoolWorker-549| 2026-06-22 01:04:30,212,212 multiprocessing INFO child process calling self.run()
SpawnPoolWorker-553| 2026-06-22 01:04:30,286,286 multiprocessing INFO STARTING NEW RUN ==========
SpawnPoolWorker-553| 2026-06-22 01:04:30,286,286 multiprocessing INFO SEE LOG AT : ./logs/all_Lyapunov_test_dso-fn_d_all_n_01_log.txt
SpawnPoolWorker-553| 2026-06-22 01:04:30,286,286 multiprocessing INFO See log at : ./logs/all_Lyapunov_test_dso-fn_d_all_n_01_log.txt
SpawnPoolWorker-553| 2026-06-22 01:04:30,289,289 multiprocessing INFO child process calling self.run()
SpawnPoolWorker-551| 2026-06-22 01:04:30,492,492 multiprocessing INFO STARTING NEW RUN ==========
SpawnPoolWorker-551| 2026-06-22 01:04:30,492,492 multiprocessing INFO SEE LOG AT : ./logs/all_Lyapunov_test_dso-fn_d_all_n_01_log.txt
SpawnPoolWorker-551| 2026-06-22 01:04:30,492,492 multiprocessing INFO See log at : ./logs/all_Lyapunov_test_dso-fn_d_all_n_01_log.txt
SpawnPoolWorker-551| 2026-06-22 01:04:30,495,495 multiprocessing INFO child process calling self.run()
SpawnPoolWorker-545| 2026-06-22 01:04:46,842,842 multiprocessing INFO process shutting down
SpawnPoolWorker-545| 2026-06-22 01:04:46,842,842 multiprocessing INFO process exiting with exitcode 0
SpawnPoolWorker-547| 2026-06-22 01:04:46,842,842 multiprocessing INFO process shutting down
SpawnPoolWorker-550| 2026-06-22 01:04:46,842,842 multiprocessing INFO process shutting down
SpawnPoolWorker-548| 2026-06-22 01:04:46,842,842 multiprocessing INFO process shutting down
SpawnPoolWorker-547| 2026-06-22 01:04:46,842,842 multiprocessing INFO process exiting with exitcode 0
SpawnPoolWorker-550| 2026-06-22 01:04:46,842,842 multiprocessing INFO process exiting with exitcode 0
SpawnPoolWorker-548| 2026-06-22 01:04:46,842,842 multiprocessing INFO process exiting with exitcode 0
SpawnPoolWorker-554| 2026-06-22 01:04:46,842,842 multiprocessing INFO process shutting down
SpawnPoolWorker-552| 2026-06-22 01:04:46,842,842 multiprocessing INFO process shutting down
SpawnPoolWorker-551| 2026-06-22 01:04:46,842,842 multiprocessing INFO process shutting down
(20000,)

===================Collect 20000 Examples===================

Epsilon 0.1
500
(550,)
(550,)
(55,)
Number of Programs for Minimization: 28
SpawnPoolWorker-566| 2026-06-22 01:05:09,584,584 multiprocessing INFO STARTING NEW RUN ==========
SpawnPoolWorker-566| 2026-06-22 01:05:09,584,584 multiprocessing INFO SEE LOG AT : ./logs/all_Lyapunov_test_dso-fn_d_all_n_01_log.txt
SpawnPoolWorker-566| 2026-06-22 01:05:09,584,584 multiprocessing INFO See log at : ./logs/all_Lyapunov_test_dso-fn_d_all_n_01_log.txt
SpawnPoolWorker-566| 2026-06-22 01:05:09,588,588 multiprocessing INFO child process calling self.run()
SpawnPoolWorker-558| 2026-06-22 01:05:10,413,413 multiprocessing INFO STARTING NEW RUN ==========
SpawnPoolWorker-558| 2026-06-22 01:05:10,413,413 multiprocessing INFO SEE LOG AT : ./logs/all_Lyapunov_test_dso-fn_d_all_n_01_log.txt
SpawnPoolWorker-558| 2026-06-22 01:05:10,413,413 multiprocessing INFO See log at : ./logs/all_Lyapunov_test_dso-fn_d_all_n_01_log.txt
SpawnPoolWorker-558| 2026-06-22 01:05:10,417,417 multiprocessing INFO child process calling self.run()
SpawnPoolWorker-565| 2026-06-22 01:05:10,450,450 multiprocessing INFO STARTING NEW RUN ==========
SpawnPoolWorker-565| 2026-06-22 01:05:10,450,450 multiprocessing INFO SEE LOG AT : ./logs/all_Lyapunov_test_dso-fn_d_all_n_01_log.txt
SpawnPoolWorker-565| 2026-06-22 01:05:10,450,450 multiprocessing INFO See log at : ./logs/all_Lyapunov_test_dso-fn_d_all_n_01_log.txt
SpawnPoolWorker-565| 2026-06-22 01:05:10,452,452 multiprocessing INFO child process calling self.run()
SpawnPoolWorker-556| 2026-06-22 01:05:10,702,702 multiprocessing INFO STARTING NEW RUN ==========
SpawnPoolWorker-556| 2026-06-22 01:05:10,702,702 multiprocessing INFO SEE LOG AT : ./logs/all_Lyapunov_test_dso-fn_d_all_n_01_log.txt
SpawnPoolWorker-556| 2026-06-22 01:05:10,702,702 multiprocessing INFO See log at : ./logs/all_Lyapunov_test_dso-fn_d_all_n_01_log.txt
SpawnPoolWorker-556| 2026-06-22 01:05:10,708,708 multiprocessing INFO child process calling self.run()
SpawnPoolWorker-563| 2026-06-22 01:05:10,816,816 multiprocessing INFO STARTING NEW RUN ==========
SpawnPoolWorker-563| 2026-06-22 01:05:10,816,816 multiprocessing INFO SEE LOG AT : ./logs/all_Lyapunov_test_dso-fn_d_all_n_01_log.txt
SpawnPoolWorker-563| 2026-06-22 01:05:10,816,816 multiprocessing INFO See log at : ./logs/all_Lyapunov_test_dso-fn_d_all_n_01_log.txt
SpawnPoolWorker-563| 2026-06-22 01:05:10,820,820 multiprocessing INFO child process calling self.run()
SpawnPoolWorker-562| 2026-06-22 01:05:10,864,864 multiprocessing INFO STARTING NEW RUN ==========
SpawnPoolWorker-562| 2026-06-22 01:05:10,864,864 multiprocessing INFO SEE LOG AT : ./logs/all_Lyapunov_test_dso-fn_d_all_n_01_log.txt
SpawnPoolWorker-562| 2026-06-22 01:05:10,864,864 multiprocessing INFO See log at : ./logs/all_Lyapunov_test_dso-fn_d_all_n_01_log.txt
SpawnPoolWorker-562| 2026-06-22 01:05:10,866,866 multiprocessing INFO child process calling self.run()
SpawnPoolWorker-569| 2026-06-22 01:05:10,867,867 multiprocessing INFO STARTING NEW RUN ==========
SpawnPoolWorker-569| 2026-06-22 01:05:10,868,868 multiprocessing INFO SEE LOG AT : ./logs/all_Lyapunov_test_dso-fn_d_all_n_01_log.txt
SpawnPoolWorker-569| 2026-06-22 01:05:10,868,868 multiprocessing INFO See log at : ./logs/all_Lyapunov_test_dso-fn_d_all_n_01_log.txt
SpawnPoolWorker-569| 2026-06-22 01:05:10,869,869 multiprocessing INFO child process calling self.run()
SpawnPoolWorker-570| 2026-06-22 01:05:11,593,593 multiprocessing INFO STARTING NEW RUN ==========
SpawnPoolWorker-570| 2026-06-22 01:05:11,594,594 multiprocessing INFO SEE LOG AT : ./logs/all_Lyapunov_test_dso-fn_d_all_n_01_log.txt
SpawnPoolWorker-570| 2026-06-22 01:05:11,594,594 multiprocessing INFO See log at : ./logs/all_Lyapunov_test_dso-fn_d_all_n_01_log.txt
SpawnPoolWorker-570| 2026-06-22 01:05:11,595,595 multiprocessing INFO child process calling self.run()
SpawnPoolWorker-573| 2026-06-22 01:05:11,921,921 multiprocessing INFO STARTING NEW RUN ==========
SpawnPoolWorker-573| 2026-06-22 01:05:11,921,921 multiprocessing INFO SEE LOG AT : ./logs/all_Lyapunov_test_dso-fn_d_all_n_01_log.txt
SpawnPoolWorker-573| 2026-06-22 01:05:11,921,921 multiprocessing INFO See log at : ./logs/all_Lyapunov_test_dso-fn_d_all_n_01_log.txt
SpawnPoolWorker-573| 2026-06-22 01:05:11,931,931 multiprocessing INFO child process calling self.run()
SpawnPoolWorker-568| 2026-06-22 01:05:12,051,51 multiprocessing INFO STARTING NEW RUN ==========
SpawnPoolWorker-568| 2026-06-22 01:05:12,051,51 multiprocessing INFO SEE LOG AT : ./logs/all_Lyapunov_test_dso-fn_d_all_n_01_log.txt
SpawnPoolWorker-568| 2026-06-22 01:05:12,051,51 multiprocessing INFO See log at : ./logs/all_Lyapunov_test_dso-fn_d_all_n_01_log.txt
SpawnPoolWorker-568| 2026-06-22 01:05:12,058,58 multiprocessing INFO child process calling self.run()
SpawnPoolWorker-555| 2026-06-22 01:05:12,214,214 multiprocessing INFO STARTING NEW RUN ==========
SpawnPoolWorker-555| 2026-06-22 01:05:12,214,214 multiprocessing INFO SEE LOG AT : ./logs/all_Lyapunov_test_dso-fn_d_all_n_01_log.txt
SpawnPoolWorker-555| 2026-06-22 01:05:12,214,214 multiprocessing INFO See log at : ./logs/all_Lyapunov_test_dso-fn_d_all_n_01_log.txt
SpawnPoolWorker-555| 2026-06-22 01:05:12,219,219 multiprocessing INFO child process calling self.run()
SpawnPoolWorker-559| 2026-06-22 01:05:12,342,342 multiprocessing INFO STARTING NEW RUN ==========
SpawnPoolWorker-559| 2026-06-22 01:05:12,342,342 multiprocessing INFO SEE LOG AT : ./logs/all_Lyapunov_test_dso-fn_d_all_n_01_log.txt
SpawnPoolWorker-559| 2026-06-22 01:05:12,342,342 multiprocessing INFO See log at : ./logs/all_Lyapunov_test_dso-fn_d_all_n_01_log.txt
SpawnPoolWorker-559| 2026-06-22 01:05:12,346,346 multiprocessing INFO child process calling self.run()
SpawnPoolWorker-578| 2026-06-22 01:05:12,559,559 multiprocessing INFO STARTING NEW RUN ==========
SpawnPoolWorker-578| 2026-06-22 01:05:12,560,560 multiprocessing INFO SEE LOG AT : ./logs/all_Lyapunov_test_dso-fn_d_all_n_01_log.txt
SpawnPoolWorker-578| 2026-06-22 01:05:12,560,560 multiprocessing INFO See log at : ./logs/all_Lyapunov_test_dso-fn_d_all_n_01_log.txt
SpawnPoolWorker-578| 2026-06-22 01:05:12,564,564 multiprocessing INFO child process calling self.run()
SpawnPoolWorker-557| 2026-06-22 01:05:12,678,678 multiprocessing INFO STARTING NEW RUN ==========
SpawnPoolWorker-557| 2026-06-22 01:05:12,679,679 multiprocessing INFO SEE LOG AT : ./logs/all_Lyapunov_test_dso-fn_d_all_n_01_log.txt
SpawnPoolWorker-557| 2026-06-22 01:05:12,679,679 multiprocessing INFO See log at : ./logs/all_Lyapunov_test_dso-fn_d_all_n_01_log.txt
SpawnPoolWorker-557| 2026-06-22 01:05:12,686,686 multiprocessing INFO child process calling self.run()
SpawnPoolWorker-571| 2026-06-22 01:05:12,843,843 multiprocessing INFO STARTING NEW RUN ==========
SpawnPoolWorker-571| 2026-06-22 01:05:12,843,843 multiprocessing INFO SEE LOG AT : ./logs/all_Lyapunov_test_dso-fn_d_all_n_01_log.txt
SpawnPoolWorker-571| 2026-06-22 01:05:12,843,843 multiprocessing INFO See log at : ./logs/all_Lyapunov_test_dso-fn_d_all_n_01_log.txt
SpawnPoolWorker-571| 2026-06-22 01:05:12,847,847 multiprocessing INFO child process calling self.run()
SpawnPoolWorker-560| 2026-06-22 01:05:12,998,998 multiprocessing INFO STARTING NEW RUN ==========
SpawnPoolWorker-560| 2026-06-22 01:05:12,998,998 multiprocessing INFO SEE LOG AT : ./logs/all_Lyapunov_test_dso-fn_d_all_n_01_log.txt
SpawnPoolWorker-560| 2026-06-22 01:05:12,998,998 multiprocessing INFO See log at : ./logs/all_Lyapunov_test_dso-fn_d_all_n_01_log.txt
SpawnPoolWorker-560| 2026-06-22 01:05:13,006,6 multiprocessing INFO child process calling self.run()
SpawnPoolWorker-561| 2026-06-22 01:05:13,118,118 multiprocessing INFO STARTING NEW RUN ==========
SpawnPoolWorker-561| 2026-06-22 01:05:13,118,118 multiprocessing INFO SEE LOG AT : ./logs/all_Lyapunov_test_dso-fn_d_all_n_01_log.txt
SpawnPoolWorker-561| 2026-06-22 01:05:13,118,118 multiprocessing INFO See log at : ./logs/all_Lyapunov_test_dso-fn_d_all_n_01_log.txt
SpawnPoolWorker-561| 2026-06-22 01:05:13,120,120 multiprocessing INFO child process calling self.run()
SpawnPoolWorker-564| 2026-06-22 01:05:13,240,240 multiprocessing INFO STARTING NEW RUN ==========
SpawnPoolWorker-564| 2026-06-22 01:05:13,240,240 multiprocessing INFO SEE LOG AT : ./logs/all_Lyapunov_test_dso-fn_d_all_n_01_log.txt
SpawnPoolWorker-564| 2026-06-22 01:05:13,240,240 multiprocessing INFO See log at : ./logs/all_Lyapunov_test_dso-fn_d_all_n_01_log.txt
SpawnPoolWorker-564| 2026-06-22 01:05:13,245,245 multiprocessing INFO child process calling self.run()
SpawnPoolWorker-574| 2026-06-22 01:05:13,336,336 multiprocessing INFO STARTING NEW RUN ==========
SpawnPoolWorker-574| 2026-06-22 01:05:13,336,336 multiprocessing INFO SEE LOG AT : ./logs/all_Lyapunov_test_dso-fn_d_all_n_01_log.txt
SpawnPoolWorker-574| 2026-06-22 01:05:13,336,336 multiprocessing INFO See log at : ./logs/all_Lyapunov_test_dso-fn_d_all_n_01_log.txt
SpawnPoolWorker-574| 2026-06-22 01:05:13,338,338 multiprocessing INFO child process calling self.run()
SpawnPoolWorker-572| 2026-06-22 01:05:13,455,455 multiprocessing INFO STARTING NEW RUN ==========
SpawnPoolWorker-572| 2026-06-22 01:05:13,455,455 multiprocessing INFO SEE LOG AT : ./logs/all_Lyapunov_test_dso-fn_d_all_n_01_log.txt
SpawnPoolWorker-572| 2026-06-22 01:05:13,455,455 multiprocessing INFO See log at : ./logs/all_Lyapunov_test_dso-fn_d_all_n_01_log.txt
SpawnPoolWorker-572| 2026-06-22 01:05:13,459,459 multiprocessing INFO child process calling self.run()
SpawnPoolWorker-576| 2026-06-22 01:05:13,566,566 multiprocessing INFO STARTING NEW RUN ==========
SpawnPoolWorker-576| 2026-06-22 01:05:13,566,566 multiprocessing INFO SEE LOG AT : ./logs/all_Lyapunov_test_dso-fn_d_all_n_01_log.txt
SpawnPoolWorker-576| 2026-06-22 01:05:13,566,566 multiprocessing INFO See log at : ./logs/all_Lyapunov_test_dso-fn_d_all_n_01_log.txt
SpawnPoolWorker-576| 2026-06-22 01:05:13,569,569 multiprocessing INFO child process calling self.run()
SpawnPoolWorker-567| 2026-06-22 01:05:13,617,617 multiprocessing INFO STARTING NEW RUN ==========
SpawnPoolWorker-567| 2026-06-22 01:05:13,617,617 multiprocessing INFO SEE LOG AT : ./logs/all_Lyapunov_test_dso-fn_d_all_n_01_log.txt
SpawnPoolWorker-567| 2026-06-22 01:05:13,618,618 multiprocessing INFO See log at : ./logs/all_Lyapunov_test_dso-fn_d_all_n_01_log.txt
SpawnPoolWorker-567| 2026-06-22 01:05:13,623,623 multiprocessing INFO child process calling self.run()
SpawnPoolWorker-575| 2026-06-22 01:05:14,887,887 multiprocessing INFO STARTING NEW RUN ==========
SpawnPoolWorker-575| 2026-06-22 01:05:14,887,887 multiprocessing INFO SEE LOG AT : ./logs/all_Lyapunov_test_dso-fn_d_all_n_01_log.txt
SpawnPoolWorker-575| 2026-06-22 01:05:14,887,887 multiprocessing INFO See log at : ./logs/all_Lyapunov_test_dso-fn_d_all_n_01_log.txt
SpawnPoolWorker-575| 2026-06-22 01:05:14,895,895 multiprocessing INFO child process calling self.run()
SpawnPoolWorker-577| 2026-06-22 01:05:15,371,371 multiprocessing INFO STARTING NEW RUN ==========
SpawnPoolWorker-577| 2026-06-22 01:05:15,371,371 multiprocessing INFO SEE LOG AT : ./logs/all_Lyapunov_test_dso-fn_d_all_n_01_log.txt
SpawnPoolWorker-577| 2026-06-22 01:05:15,371,371 multiprocessing INFO See log at : ./logs/all_Lyapunov_test_dso-fn_d_all_n_01_log.txt
SpawnPoolWorker-577| 2026-06-22 01:05:15,373,373 multiprocessing INFO child process calling self.run()
SpawnPoolWorker-567| 2026-06-22 01:06:23,553,553 multiprocessing INFO process shutting down
SpawnPoolWorker-566| 2026-06-22 01:06:23,553,553 multiprocessing INFO process shutting down
SpawnPoolWorker-558| 2026-06-22 01:06:23,553,553 multiprocessing INFO process shutting down
SpawnPoolWorker-567| 2026-06-22 01:06:23,554,554 multiprocessing INFO process exiting with exitcode 0
SpawnPoolWorker-557| 2026-06-22 01:06:23,553,553 multiprocessing INFO process shutting down
SpawnPoolWorker-563| 2026-06-22 01:06:23,553,553 multiprocessing INFO process shutting down
SpawnPoolWorker-566| 2026-06-22 01:06:23,554,554 multiprocessing INFO process exiting with exitcode 0
SpawnPoolWorker-574| 2026-06-22 01:06:23,554,554 multiprocessing INFO process shutting down
SpawnPoolWorker-558| 2026-06-22 01:06:23,554,554 multiprocessing INFO process exiting with exitcode 0
SpawnPoolWorker-557| 2026-06-22 01:06:23,554,554 multiprocessing INFO process exiting with exitcode 0
SpawnPoolWorker-563| 2026-06-22 01:06:23,554,554 multiprocessing INFO process exiting with exitcode 0
SpawnPoolWorker-578| 2026-06-22 01:06:23,554,554 multiprocessing INFO process shutting down
SpawnPoolWorker-574| 2026-06-22 01:06:23,554,554 multiprocessing INFO process exiting with exitcode 0
SpawnPoolWorker-578| 2026-06-22 01:06:23,554,554 multiprocessing INFO process exiting with exitcode 0
SpawnPoolWorker-556| 2026-06-22 01:06:23,554,554 multiprocessing INFO process shutting down
SpawnPoolWorker-565| 2026-06-22 01:06:23,554,554 multiprocessing INFO process shutting down
SpawnPoolWorker-572| 2026-06-22 01:06:23,554,554 multiprocessing INFO process shutting down
SpawnPoolWorker-561| 2026-06-22 01:06:23,555,555 multiprocessing INFO process shutting down
SpawnPoolWorker-555| 2026-06-22 01:06:23,555,555 multiprocessing INFO process shutting down
SpawnPoolWorker-564| 2026-06-22 01:06:23,555,555 multiprocessing INFO process shutting down
SpawnPoolWorker-576| 2026-06-22 01:06:23,555,555 multiprocessing INFO process shutting down
SpawnPoolWorker-560| 2026-06-22 01:06:23,555,555 multiprocessing INFO process shutting down
SpawnPoolWorker-570| 2026-06-22 01:06:23,555,555 multiprocessing INFO process shutting down
SpawnPoolWorker-571| 2026-06-22 01:06:23,555,555 multiprocessing INFO process shutting down
SpawnPoolWorker-571| 2026-06-22 01:06:23,556,556 multiprocessing INFO process exiting with exitcode 0
SpawnPoolWorker-559| 2026-06-22 01:06:23,555,555 multiprocessing INFO process shutting down
SpawnPoolWorker-577| 2026-06-22 01:06:23,555,555 multiprocessing INFO process shutting down
SpawnPoolWorker-562| 2026-06-22 01:06:23,556,556 multiprocessing INFO process shutting down
SpawnPoolWorker-568| 2026-06-22 01:06:23,556,556 multiprocessing INFO process shutting down
SpawnPoolWorker-556| 2026-06-22 01:06:23,565,565 multiprocessing INFO process exiting with exitcode 0
SpawnPoolWorker-565| 2026-06-22 01:06:23,565,565 multiprocessing INFO process exiting with exitcode 0
SpawnPoolWorker-572| 2026-06-22 01:06:23,565,565 multiprocessing INFO process exiting with exitcode 0
28
(100000, 8)
(100000,)
(100000, 8)
(100000,)

=======================Successfully Added (50000, 8) Counter Examples=======================


============None of the candidates fulfill the conditions. Training CONTINUES!=================

MainProcess| 2026-06-22 01:06:26,430,430 multiprocessing INFO 
============None of the candidates fulfill the conditions. Training CONTINUES!=================


============None of the candidates fulfill the conditions. Training CONTINUES!=================

(55, 164)
/users/9/chen8596/miniconda3/envs/alfd/lib/python3.9/site-packages/torch/nn/functional.py:4999: UserWarning: Support for mismatched key_padding_mask and attn_mask is deprecated. Use same type for both instead.
  warnings.warn(

==============Start Supervised Learning==============

MainProcess| 2026-06-22 01:06:31,744,744 multiprocessing INFO GP output mean: 0.9986860904713014
GP output mean: 0.9986860904713014
MainProcess| 2026-06-22 01:06:32,420,420 multiprocessing INFO GP output success rate: 0.0
GP output success rate: 0.0

==============End Supervised Learning==============

MainProcess| 2026-06-22 01:06:34,903,903 multiprocessing INFO [Test epoch=0017]  nevals=234076 	| train_loss=10937.99023 	| eqs_invalid %=0.00 	| r_best=0.99511 	| quantile=0.08632 	| r_quantile_mean=0.85204 	| r_raw_sum=46.86948 	|  r_raw_mean=0.83696 	| r2=nan 	| acc_iid=0.00000 	| acc_ood=0.00000 	| nmse_test=0.0020136708412442452 	| true_equation_set_count=0 	| s/it=320.69986
[Test epoch=0017]  nevals=234076 	| train_loss=10937.99023 	| eqs_invalid %=0.00 	| r_best=0.99511 	| quantile=0.08632 	| r_quantile_mean=0.85204 	| r_raw_sum=46.86948 	|  r_raw_mean=0.83696 	| r2=nan 	| acc_iid=0.00000 	| acc_ood=0.00000 	| nmse_test=0.0020136708412442452 	| true_equation_set_count=0 	| s/it=320.69986
MainProcess| 2026-06-22 01:09:10,722,722 multiprocessing INFO Genetic Porgramming Runtime 154.4886770900339
Genetic Porgramming Runtime 154.4886770900339

=========================PGD Collection Starts=========================

SpawnPoolWorker-582| 2026-06-22 01:09:16,459,459 multiprocessing INFO STARTING NEW RUN ==========
SpawnPoolWorker-582| 2026-06-22 01:09:16,459,459 multiprocessing INFO SEE LOG AT : ./logs/all_Lyapunov_test_dso-fn_d_all_n_01_log.txt
SpawnPoolWorker-579| 2026-06-22 01:09:16,459,459 multiprocessing INFO STARTING NEW RUN ==========
SpawnPoolWorker-582| 2026-06-22 01:09:16,459,459 multiprocessing INFO See log at : ./logs/all_Lyapunov_test_dso-fn_d_all_n_01_log.txt
SpawnPoolWorker-579| 2026-06-22 01:09:16,459,459 multiprocessing INFO SEE LOG AT : ./logs/all_Lyapunov_test_dso-fn_d_all_n_01_log.txt
SpawnPoolWorker-579| 2026-06-22 01:09:16,459,459 multiprocessing INFO See log at : ./logs/all_Lyapunov_test_dso-fn_d_all_n_01_log.txt
SpawnPoolWorker-588| 2026-06-22 01:09:16,459,459 multiprocessing INFO STARTING NEW RUN ==========
SpawnPoolWorker-588| 2026-06-22 01:09:16,459,459 multiprocessing INFO SEE LOG AT : ./logs/all_Lyapunov_test_dso-fn_d_all_n_01_log.txt
SpawnPoolWorker-588| 2026-06-22 01:09:16,460,460 multiprocessing INFO See log at : ./logs/all_Lyapunov_test_dso-fn_d_all_n_01_log.txt
SpawnPoolWorker-582| 2026-06-22 01:09:16,461,461 multiprocessing INFO child process calling self.run()
SpawnPoolWorker-588| 2026-06-22 01:09:16,462,462 multiprocessing INFO child process calling self.run()
SpawnPoolWorker-579| 2026-06-22 01:09:16,463,463 multiprocessing INFO child process calling self.run()
SpawnPoolWorker-585| 2026-06-22 01:09:16,465,465 multiprocessing INFO STARTING NEW RUN ==========
SpawnPoolWorker-583| 2026-06-22 01:09:16,465,465 multiprocessing INFO STARTING NEW RUN ==========
SpawnPoolWorker-584| 2026-06-22 01:09:16,465,465 multiprocessing INFO STARTING NEW RUN ==========
SpawnPoolWorker-585| 2026-06-22 01:09:16,465,465 multiprocessing INFO SEE LOG AT : ./logs/all_Lyapunov_test_dso-fn_d_all_n_01_log.txt
SpawnPoolWorker-583| 2026-06-22 01:09:16,465,465 multiprocessing INFO SEE LOG AT : ./logs/all_Lyapunov_test_dso-fn_d_all_n_01_log.txt
SpawnPoolWorker-584| 2026-06-22 01:09:16,465,465 multiprocessing INFO SEE LOG AT : ./logs/all_Lyapunov_test_dso-fn_d_all_n_01_log.txt
SpawnPoolWorker-585| 2026-06-22 01:09:16,465,465 multiprocessing INFO See log at : ./logs/all_Lyapunov_test_dso-fn_d_all_n_01_log.txt
SpawnPoolWorker-583| 2026-06-22 01:09:16,465,465 multiprocessing INFO See log at : ./logs/all_Lyapunov_test_dso-fn_d_all_n_01_log.txt
SpawnPoolWorker-584| 2026-06-22 01:09:16,465,465 multiprocessing INFO See log at : ./logs/all_Lyapunov_test_dso-fn_d_all_n_01_log.txt
SpawnPoolWorker-583| 2026-06-22 01:09:16,467,467 multiprocessing INFO child process calling self.run()
SpawnPoolWorker-584| 2026-06-22 01:09:16,467,467 multiprocessing INFO child process calling self.run()
SpawnPoolWorker-585| 2026-06-22 01:09:16,467,467 multiprocessing INFO child process calling self.run()
SpawnPoolWorker-580| 2026-06-22 01:09:16,468,468 multiprocessing INFO STARTING NEW RUN ==========
SpawnPoolWorker-581| 2026-06-22 01:09:16,468,468 multiprocessing INFO STARTING NEW RUN ==========
SpawnPoolWorker-580| 2026-06-22 01:09:16,468,468 multiprocessing INFO SEE LOG AT : ./logs/all_Lyapunov_test_dso-fn_d_all_n_01_log.txt
SpawnPoolWorker-581| 2026-06-22 01:09:16,468,468 multiprocessing INFO SEE LOG AT : ./logs/all_Lyapunov_test_dso-fn_d_all_n_01_log.txt
SpawnPoolWorker-580| 2026-06-22 01:09:16,468,468 multiprocessing INFO See log at : ./logs/all_Lyapunov_test_dso-fn_d_all_n_01_log.txt
SpawnPoolWorker-581| 2026-06-22 01:09:16,468,468 multiprocessing INFO See log at : ./logs/all_Lyapunov_test_dso-fn_d_all_n_01_log.txt
SpawnPoolWorker-586| 2026-06-22 01:09:16,470,470 multiprocessing INFO STARTING NEW RUN ==========
SpawnPoolWorker-586| 2026-06-22 01:09:16,470,470 multiprocessing INFO SEE LOG AT : ./logs/all_Lyapunov_test_dso-fn_d_all_n_01_log.txt
SpawnPoolWorker-586| 2026-06-22 01:09:16,470,470 multiprocessing INFO See log at : ./logs/all_Lyapunov_test_dso-fn_d_all_n_01_log.txt
SpawnPoolWorker-581| 2026-06-22 01:09:16,470,470 multiprocessing INFO child process calling self.run()
SpawnPoolWorker-580| 2026-06-22 01:09:16,470,470 multiprocessing INFO child process calling self.run()
SpawnPoolWorker-586| 2026-06-22 01:09:16,472,472 multiprocessing INFO child process calling self.run()
SpawnPoolWorker-587| 2026-06-22 01:09:16,474,474 multiprocessing INFO STARTING NEW RUN ==========
SpawnPoolWorker-587| 2026-06-22 01:09:16,474,474 multiprocessing INFO SEE LOG AT : ./logs/all_Lyapunov_test_dso-fn_d_all_n_01_log.txt
SpawnPoolWorker-587| 2026-06-22 01:09:16,474,474 multiprocessing INFO See log at : ./logs/all_Lyapunov_test_dso-fn_d_all_n_01_log.txt
SpawnPoolWorker-587| 2026-06-22 01:09:16,476,476 multiprocessing INFO child process calling self.run()
SpawnPoolWorker-588| 2026-06-22 01:09:33,266,266 multiprocessing INFO process shutting down
SpawnPoolWorker-582| 2026-06-22 01:09:33,266,266 multiprocessing INFO process shutting down
SpawnPoolWorker-580| 2026-06-22 01:09:33,266,266 multiprocessing INFO process shutting down
SpawnPoolWorker-588| 2026-06-22 01:09:33,266,266 multiprocessing INFO process exiting with exitcode 0
SpawnPoolWorker-582| 2026-06-22 01:09:33,266,266 multiprocessing INFO process exiting with exitcode 0
SpawnPoolWorker-587| 2026-06-22 01:09:33,266,266 multiprocessing INFO process shutting down
SpawnPoolWorker-580| 2026-06-22 01:09:33,266,266 multiprocessing INFO process exiting with exitcode 0
SpawnPoolWorker-586| 2026-06-22 01:09:33,266,266 multiprocessing INFO process shutting down
SpawnPoolWorker-583| 2026-06-22 01:09:33,266,266 multiprocessing INFO process shutting down
(20000,)

===================Collect 20000 Examples===================

Epsilon 0.1
500
(550,)
(550,)
(550,)
Number of Programs for Minimization: 28
SpawnPoolWorker-592| 2026-06-22 01:09:50,252,252 multiprocessing INFO STARTING NEW RUN ==========
SpawnPoolWorker-592| 2026-06-22 01:09:50,252,252 multiprocessing INFO SEE LOG AT : ./logs/all_Lyapunov_test_dso-fn_d_all_n_01_log.txt
SpawnPoolWorker-592| 2026-06-22 01:09:50,252,252 multiprocessing INFO See log at : ./logs/all_Lyapunov_test_dso-fn_d_all_n_01_log.txt
SpawnPoolWorker-592| 2026-06-22 01:09:50,256,256 multiprocessing INFO child process calling self.run()
SpawnPoolWorker-598| 2026-06-22 01:09:50,899,899 multiprocessing INFO STARTING NEW RUN ==========
SpawnPoolWorker-598| 2026-06-22 01:09:50,899,899 multiprocessing INFO SEE LOG AT : ./logs/all_Lyapunov_test_dso-fn_d_all_n_01_log.txt
SpawnPoolWorker-598| 2026-06-22 01:09:50,899,899 multiprocessing INFO See log at : ./logs/all_Lyapunov_test_dso-fn_d_all_n_01_log.txt
SpawnPoolWorker-598| 2026-06-22 01:09:50,903,903 multiprocessing INFO child process calling self.run()
SpawnPoolWorker-589| 2026-06-22 01:09:51,083,83 multiprocessing INFO STARTING NEW RUN ==========
SpawnPoolWorker-589| 2026-06-22 01:09:51,083,83 multiprocessing INFO SEE LOG AT : ./logs/all_Lyapunov_test_dso-fn_d_all_n_01_log.txt
SpawnPoolWorker-589| 2026-06-22 01:09:51,083,83 multiprocessing INFO See log at : ./logs/all_Lyapunov_test_dso-fn_d_all_n_01_log.txt
SpawnPoolWorker-589| 2026-06-22 01:09:51,088,88 multiprocessing INFO child process calling self.run()
SpawnPoolWorker-594| 2026-06-22 01:09:51,505,505 multiprocessing INFO STARTING NEW RUN ==========
SpawnPoolWorker-594| 2026-06-22 01:09:51,505,505 multiprocessing INFO SEE LOG AT : ./logs/all_Lyapunov_test_dso-fn_d_all_n_01_log.txt
SpawnPoolWorker-594| 2026-06-22 01:09:51,505,505 multiprocessing INFO See log at : ./logs/all_Lyapunov_test_dso-fn_d_all_n_01_log.txt
SpawnPoolWorker-594| 2026-06-22 01:09:51,508,508 multiprocessing INFO child process calling self.run()
SpawnPoolWorker-596| 2026-06-22 01:09:51,670,670 multiprocessing INFO STARTING NEW RUN ==========
SpawnPoolWorker-596| 2026-06-22 01:09:51,671,671 multiprocessing INFO SEE LOG AT : ./logs/all_Lyapunov_test_dso-fn_d_all_n_01_log.txt
SpawnPoolWorker-596| 2026-06-22 01:09:51,671,671 multiprocessing INFO See log at : ./logs/all_Lyapunov_test_dso-fn_d_all_n_01_log.txt
SpawnPoolWorker-596| 2026-06-22 01:09:51,683,683 multiprocessing INFO child process calling self.run()
SpawnPoolWorker-602| 2026-06-22 01:09:51,731,731 multiprocessing INFO STARTING NEW RUN ==========
SpawnPoolWorker-602| 2026-06-22 01:09:51,731,731 multiprocessing INFO SEE LOG AT : ./logs/all_Lyapunov_test_dso-fn_d_all_n_01_log.txt
SpawnPoolWorker-602| 2026-06-22 01:09:51,731,731 multiprocessing INFO See log at : ./logs/all_Lyapunov_test_dso-fn_d_all_n_01_log.txt
SpawnPoolWorker-602| 2026-06-22 01:09:51,734,734 multiprocessing INFO child process calling self.run()
SpawnPoolWorker-595| 2026-06-22 01:09:51,735,735 multiprocessing INFO STARTING NEW RUN ==========
SpawnPoolWorker-595| 2026-06-22 01:09:51,736,736 multiprocessing INFO SEE LOG AT : ./logs/all_Lyapunov_test_dso-fn_d_all_n_01_log.txt
SpawnPoolWorker-595| 2026-06-22 01:09:51,736,736 multiprocessing INFO See log at : ./logs/all_Lyapunov_test_dso-fn_d_all_n_01_log.txt
SpawnPoolWorker-599| 2026-06-22 01:09:51,736,736 multiprocessing INFO STARTING NEW RUN ==========
SpawnPoolWorker-599| 2026-06-22 01:09:51,736,736 multiprocessing INFO SEE LOG AT : ./logs/all_Lyapunov_test_dso-fn_d_all_n_01_log.txt
SpawnPoolWorker-599| 2026-06-22 01:09:51,738,738 multiprocessing INFO See log at : ./logs/all_Lyapunov_test_dso-fn_d_all_n_01_log.txt
SpawnPoolWorker-595| 2026-06-22 01:09:51,739,739 multiprocessing INFO child process calling self.run()
SpawnPoolWorker-601| 2026-06-22 01:09:51,746,746 multiprocessing INFO STARTING NEW RUN ==========
SpawnPoolWorker-601| 2026-06-22 01:09:51,746,746 multiprocessing INFO SEE LOG AT : ./logs/all_Lyapunov_test_dso-fn_d_all_n_01_log.txt
SpawnPoolWorker-601| 2026-06-22 01:09:51,746,746 multiprocessing INFO See log at : ./logs/all_Lyapunov_test_dso-fn_d_all_n_01_log.txt
SpawnPoolWorker-599| 2026-06-22 01:09:51,750,750 multiprocessing INFO child process calling self.run()
SpawnPoolWorker-601| 2026-06-22 01:09:51,755,755 multiprocessing INFO child process calling self.run()
SpawnPoolWorker-590| 2026-06-22 01:09:51,824,824 multiprocessing INFO STARTING NEW RUN ==========
SpawnPoolWorker-590| 2026-06-22 01:09:51,824,824 multiprocessing INFO SEE LOG AT : ./logs/all_Lyapunov_test_dso-fn_d_all_n_01_log.txt
SpawnPoolWorker-590| 2026-06-22 01:09:51,824,824 multiprocessing INFO See log at : ./logs/all_Lyapunov_test_dso-fn_d_all_n_01_log.txt
SpawnPoolWorker-590| 2026-06-22 01:09:51,825,825 multiprocessing INFO child process calling self.run()
SpawnPoolWorker-600| 2026-06-22 01:09:51,939,939 multiprocessing INFO STARTING NEW RUN ==========
SpawnPoolWorker-600| 2026-06-22 01:09:51,939,939 multiprocessing INFO SEE LOG AT : ./logs/all_Lyapunov_test_dso-fn_d_all_n_01_log.txt
SpawnPoolWorker-600| 2026-06-22 01:09:51,939,939 multiprocessing INFO See log at : ./logs/all_Lyapunov_test_dso-fn_d_all_n_01_log.txt
SpawnPoolWorker-600| 2026-06-22 01:09:51,943,943 multiprocessing INFO child process calling self.run()
SpawnPoolWorker-606| 2026-06-22 01:09:52,098,98 multiprocessing INFO STARTING NEW RUN ==========
SpawnPoolWorker-606| 2026-06-22 01:09:52,098,98 multiprocessing INFO SEE LOG AT : ./logs/all_Lyapunov_test_dso-fn_d_all_n_01_log.txt
SpawnPoolWorker-606| 2026-06-22 01:09:52,098,98 multiprocessing INFO See log at : ./logs/all_Lyapunov_test_dso-fn_d_all_n_01_log.txt
SpawnPoolWorker-606| 2026-06-22 01:09:52,106,106 multiprocessing INFO child process calling self.run()
SpawnPoolWorker-593| 2026-06-22 01:09:52,170,170 multiprocessing INFO STARTING NEW RUN ==========
SpawnPoolWorker-593| 2026-06-22 01:09:52,170,170 multiprocessing INFO SEE LOG AT : ./logs/all_Lyapunov_test_dso-fn_d_all_n_01_log.txt
SpawnPoolWorker-593| 2026-06-22 01:09:52,170,170 multiprocessing INFO See log at : ./logs/all_Lyapunov_test_dso-fn_d_all_n_01_log.txt
SpawnPoolWorker-593| 2026-06-22 01:09:52,172,172 multiprocessing INFO child process calling self.run()
SpawnPoolWorker-608| 2026-06-22 01:09:52,234,234 multiprocessing INFO STARTING NEW RUN ==========
SpawnPoolWorker-608| 2026-06-22 01:09:52,234,234 multiprocessing INFO SEE LOG AT : ./logs/all_Lyapunov_test_dso-fn_d_all_n_01_log.txt
SpawnPoolWorker-608| 2026-06-22 01:09:52,234,234 multiprocessing INFO See log at : ./logs/all_Lyapunov_test_dso-fn_d_all_n_01_log.txt
SpawnPoolWorker-597| 2026-06-22 01:09:52,235,235 multiprocessing INFO STARTING NEW RUN ==========
SpawnPoolWorker-597| 2026-06-22 01:09:52,235,235 multiprocessing INFO SEE LOG AT : ./logs/all_Lyapunov_test_dso-fn_d_all_n_01_log.txt
SpawnPoolWorker-597| 2026-06-22 01:09:52,235,235 multiprocessing INFO See log at : ./logs/all_Lyapunov_test_dso-fn_d_all_n_01_log.txt
SpawnPoolWorker-597| 2026-06-22 01:09:52,240,240 multiprocessing INFO child process calling self.run()
SpawnPoolWorker-608| 2026-06-22 01:09:52,243,243 multiprocessing INFO child process calling self.run()
SpawnPoolWorker-591| 2026-06-22 01:09:52,253,253 multiprocessing INFO STARTING NEW RUN ==========
SpawnPoolWorker-591| 2026-06-22 01:09:52,253,253 multiprocessing INFO SEE LOG AT : ./logs/all_Lyapunov_test_dso-fn_d_all_n_01_log.txt
SpawnPoolWorker-591| 2026-06-22 01:09:52,253,253 multiprocessing INFO See log at : ./logs/all_Lyapunov_test_dso-fn_d_all_n_01_log.txt
SpawnPoolWorker-591| 2026-06-22 01:09:52,264,264 multiprocessing INFO child process calling self.run()
SpawnPoolWorker-603| 2026-06-22 01:09:52,412,412 multiprocessing INFO STARTING NEW RUN ==========
SpawnPoolWorker-603| 2026-06-22 01:09:52,413,413 multiprocessing INFO SEE LOG AT : ./logs/all_Lyapunov_test_dso-fn_d_all_n_01_log.txt
SpawnPoolWorker-603| 2026-06-22 01:09:52,413,413 multiprocessing INFO See log at : ./logs/all_Lyapunov_test_dso-fn_d_all_n_01_log.txt
SpawnPoolWorker-603| 2026-06-22 01:09:52,414,414 multiprocessing INFO child process calling self.run()
SpawnPoolWorker-605| 2026-06-22 01:09:52,603,603 multiprocessing INFO STARTING NEW RUN ==========
SpawnPoolWorker-605| 2026-06-22 01:09:52,603,603 multiprocessing INFO SEE LOG AT : ./logs/all_Lyapunov_test_dso-fn_d_all_n_01_log.txt
SpawnPoolWorker-605| 2026-06-22 01:09:52,603,603 multiprocessing INFO See log at : ./logs/all_Lyapunov_test_dso-fn_d_all_n_01_log.txt
SpawnPoolWorker-605| 2026-06-22 01:09:52,618,618 multiprocessing INFO child process calling self.run()
SpawnPoolWorker-607| 2026-06-22 01:09:52,628,628 multiprocessing INFO STARTING NEW RUN ==========
SpawnPoolWorker-607| 2026-06-22 01:09:52,628,628 multiprocessing INFO SEE LOG AT : ./logs/all_Lyapunov_test_dso-fn_d_all_n_01_log.txt
SpawnPoolWorker-607| 2026-06-22 01:09:52,628,628 multiprocessing INFO See log at : ./logs/all_Lyapunov_test_dso-fn_d_all_n_01_log.txt
SpawnPoolWorker-607| 2026-06-22 01:09:52,630,630 multiprocessing INFO child process calling self.run()
SpawnPoolWorker-612| 2026-06-22 01:09:52,893,893 multiprocessing INFO STARTING NEW RUN ==========
SpawnPoolWorker-612| 2026-06-22 01:09:52,893,893 multiprocessing INFO SEE LOG AT : ./logs/all_Lyapunov_test_dso-fn_d_all_n_01_log.txt
SpawnPoolWorker-612| 2026-06-22 01:09:52,893,893 multiprocessing INFO See log at : ./logs/all_Lyapunov_test_dso-fn_d_all_n_01_log.txt
SpawnPoolWorker-612| 2026-06-22 01:09:52,895,895 multiprocessing INFO child process calling self.run()
SpawnPoolWorker-610| 2026-06-22 01:09:53,286,286 multiprocessing INFO STARTING NEW RUN ==========
SpawnPoolWorker-610| 2026-06-22 01:09:53,286,286 multiprocessing INFO SEE LOG AT : ./logs/all_Lyapunov_test_dso-fn_d_all_n_01_log.txt
SpawnPoolWorker-610| 2026-06-22 01:09:53,286,286 multiprocessing INFO See log at : ./logs/all_Lyapunov_test_dso-fn_d_all_n_01_log.txt
SpawnPoolWorker-610| 2026-06-22 01:09:53,289,289 multiprocessing INFO child process calling self.run()
SpawnPoolWorker-609| 2026-06-22 01:09:53,309,309 multiprocessing INFO STARTING NEW RUN ==========
SpawnPoolWorker-609| 2026-06-22 01:09:53,309,309 multiprocessing INFO SEE LOG AT : ./logs/all_Lyapunov_test_dso-fn_d_all_n_01_log.txt
SpawnPoolWorker-609| 2026-06-22 01:09:53,309,309 multiprocessing INFO See log at : ./logs/all_Lyapunov_test_dso-fn_d_all_n_01_log.txt
SpawnPoolWorker-609| 2026-06-22 01:09:53,314,314 multiprocessing INFO child process calling self.run()
SpawnPoolWorker-604| 2026-06-22 01:09:53,790,790 multiprocessing INFO STARTING NEW RUN ==========
SpawnPoolWorker-604| 2026-06-22 01:09:53,790,790 multiprocessing INFO SEE LOG AT : ./logs/all_Lyapunov_test_dso-fn_d_all_n_01_log.txt
SpawnPoolWorker-604| 2026-06-22 01:09:53,790,790 multiprocessing INFO See log at : ./logs/all_Lyapunov_test_dso-fn_d_all_n_01_log.txt
SpawnPoolWorker-604| 2026-06-22 01:09:53,796,796 multiprocessing INFO child process calling self.run()
SpawnPoolWorker-611| 2026-06-22 01:09:54,385,385 multiprocessing INFO STARTING NEW RUN ==========
SpawnPoolWorker-611| 2026-06-22 01:09:54,385,385 multiprocessing INFO SEE LOG AT : ./logs/all_Lyapunov_test_dso-fn_d_all_n_01_log.txt
SpawnPoolWorker-611| 2026-06-22 01:09:54,385,385 multiprocessing INFO See log at : ./logs/all_Lyapunov_test_dso-fn_d_all_n_01_log.txt
SpawnPoolWorker-611| 2026-06-22 01:09:54,387,387 multiprocessing INFO child process calling self.run()
SpawnPoolWorker-604| 2026-06-22 01:11:21,688,688 multiprocessing INFO process shutting down
SpawnPoolWorker-597| 2026-06-22 01:11:21,689,689 multiprocessing INFO process shutting down
SpawnPoolWorker-589| 2026-06-22 01:11:21,688,688 multiprocessing INFO process shutting down
SpawnPoolWorker-603| 2026-06-22 01:11:21,689,689 multiprocessing INFO process shutting down
SpawnPoolWorker-593| 2026-06-22 01:11:21,689,689 multiprocessing INFO process shutting down
SpawnPoolWorker-610| 2026-06-22 01:11:21,689,689 multiprocessing INFO process shutting down
SpawnPoolWorker-591| 2026-06-22 01:11:21,688,688 multiprocessing INFO process shutting down
SpawnPoolWorker-598| 2026-06-22 01:11:21,688,688 multiprocessing INFO process shutting down
SpawnPoolWorker-602| 2026-06-22 01:11:21,688,688 multiprocessing INFO process shutting down
SpawnPoolWorker-590| 2026-06-22 01:11:21,688,688 multiprocessing INFO process shutting down
SpawnPoolWorker-607| 2026-06-22 01:11:21,689,689 multiprocessing INFO process shutting down
SpawnPoolWorker-594| 2026-06-22 01:11:21,689,689 multiprocessing INFO process shutting down
SpawnPoolWorker-590| 2026-06-22 01:11:21,690,690 multiprocessing INFO process exiting with exitcode 0
SpawnPoolWorker-597| 2026-06-22 01:11:21,690,690 multiprocessing INFO process exiting with exitcode 0
SpawnPoolWorker-607| 2026-06-22 01:11:21,690,690 multiprocessing INFO process exiting with exitcode 0
SpawnPoolWorker-598| 2026-06-22 01:11:21,690,690 multiprocessing INFO process exiting with exitcode 0
SpawnPoolWorker-604| 2026-06-22 01:11:21,690,690 multiprocessing INFO process exiting with exitcode 0
SpawnPoolWorker-594| 2026-06-22 01:11:21,690,690 multiprocessing INFO process exiting with exitcode 0
SpawnPoolWorker-602| 2026-06-22 01:11:21,690,690 multiprocessing INFO process exiting with exitcode 0
SpawnPoolWorker-600| 2026-06-22 01:11:21,688,688 multiprocessing INFO process shutting down
SpawnPoolWorker-609| 2026-06-22 01:11:21,688,688 multiprocessing INFO process shutting down
SpawnPoolWorker-595| 2026-06-22 01:11:21,688,688 multiprocessing INFO process shutting down
SpawnPoolWorker-596| 2026-06-22 01:11:21,689,689 multiprocessing INFO process shutting down
SpawnPoolWorker-606| 2026-06-22 01:11:21,689,689 multiprocessing INFO process shutting down
SpawnPoolWorker-603| 2026-06-22 01:11:21,690,690 multiprocessing INFO process exiting with exitcode 0
SpawnPoolWorker-599| 2026-06-22 01:11:21,689,689 multiprocessing INFO process shutting down
SpawnPoolWorker-589| 2026-06-22 01:11:21,690,690 multiprocessing INFO process exiting with exitcode 0
SpawnPoolWorker-605| 2026-06-22 01:11:21,690,690 multiprocessing INFO process shutting down
SpawnPoolWorker-611| 2026-06-22 01:11:21,690,690 multiprocessing INFO process shutting down
SpawnPoolWorker-610| 2026-06-22 01:11:21,691,691 multiprocessing INFO process exiting with exitcode 0
SpawnPoolWorker-612| 2026-06-22 01:11:21,691,691 multiprocessing INFO process shutting down
28
(100000, 8)
(100000,)
(100000, 8)
(100000,)

=======================Successfully Added (38372, 8) Counter Examples=======================


============None of the candidates fulfill the conditions. Training CONTINUES!=================

MainProcess| 2026-06-22 01:11:27,795,795 multiprocessing INFO 
============None of the candidates fulfill the conditions. Training CONTINUES!=================


============None of the candidates fulfill the conditions. Training CONTINUES!=================

(550, 164)
/users/9/chen8596/miniconda3/envs/alfd/lib/python3.9/site-packages/torch/nn/functional.py:4999: UserWarning: Support for mismatched key_padding_mask and attn_mask is deprecated. Use same type for both instead.
  warnings.warn(

==============Start Supervised Learning==============

MainProcess| 2026-06-22 01:11:37,578,578 multiprocessing INFO GP output mean: 0.9996956768750301
GP output mean: 0.9996956768750301
MainProcess| 2026-06-22 01:11:38,280,280 multiprocessing INFO GP output success rate: 0.0
GP output success rate: 0.0

==============End Supervised Learning==============

MainProcess| 2026-06-22 01:11:40,805,805 multiprocessing INFO [Test epoch=0018]  nevals=247892 	| train_loss=9015.95703 	| eqs_invalid %=0.00 	| r_best=0.99511 	| quantile=0.00000 	| r_quantile_mean=0.08887 	| r_raw_sum=48.87759 	|  r_raw_mean=0.95838 	| r2=nan 	| acc_iid=0.00000 	| acc_ood=0.00000 	| nmse_test=0.0020136708412442452 	| true_equation_set_count=0 	| s/it=305.90169
[Test epoch=0018]  nevals=247892 	| train_loss=9015.95703 	| eqs_invalid %=0.00 	| r_best=0.99511 	| quantile=0.00000 	| r_quantile_mean=0.08887 	| r_raw_sum=48.87759 	|  r_raw_mean=0.95838 	| r2=nan 	| acc_iid=0.00000 	| acc_ood=0.00000 	| nmse_test=0.0020136708412442452 	| true_equation_set_count=0 	| s/it=305.90169
MainProcess| 2026-06-22 01:13:43,625,625 multiprocessing INFO Genetic Porgramming Runtime 121.49767688778229
Genetic Porgramming Runtime 121.49767688778229

=========================PGD Collection Starts=========================

SpawnPoolWorker-618| 2026-06-22 01:13:49,658,658 multiprocessing INFO STARTING NEW RUN ==========
SpawnPoolWorker-619| 2026-06-22 01:13:49,658,658 multiprocessing INFO STARTING NEW RUN ==========
SpawnPoolWorker-618| 2026-06-22 01:13:49,658,658 multiprocessing INFO SEE LOG AT : ./logs/all_Lyapunov_test_dso-fn_d_all_n_01_log.txt
SpawnPoolWorker-619| 2026-06-22 01:13:49,658,658 multiprocessing INFO SEE LOG AT : ./logs/all_Lyapunov_test_dso-fn_d_all_n_01_log.txt
SpawnPoolWorker-618| 2026-06-22 01:13:49,658,658 multiprocessing INFO See log at : ./logs/all_Lyapunov_test_dso-fn_d_all_n_01_log.txt
SpawnPoolWorker-619| 2026-06-22 01:13:49,658,658 multiprocessing INFO See log at : ./logs/all_Lyapunov_test_dso-fn_d_all_n_01_log.txt
SpawnPoolWorker-613| 2026-06-22 01:13:49,660,660 multiprocessing INFO STARTING NEW RUN ==========
SpawnPoolWorker-613| 2026-06-22 01:13:49,660,660 multiprocessing INFO SEE LOG AT : ./logs/all_Lyapunov_test_dso-fn_d_all_n_01_log.txt
SpawnPoolWorker-613| 2026-06-22 01:13:49,660,660 multiprocessing INFO See log at : ./logs/all_Lyapunov_test_dso-fn_d_all_n_01_log.txt
SpawnPoolWorker-619| 2026-06-22 01:13:49,660,660 multiprocessing INFO child process calling self.run()
SpawnPoolWorker-618| 2026-06-22 01:13:49,661,661 multiprocessing INFO child process calling self.run()
SpawnPoolWorker-621| 2026-06-22 01:13:49,662,662 multiprocessing INFO STARTING NEW RUN ==========
SpawnPoolWorker-616| 2026-06-22 01:13:49,662,662 multiprocessing INFO STARTING NEW RUN ==========
SpawnPoolWorker-621| 2026-06-22 01:13:49,662,662 multiprocessing INFO SEE LOG AT : ./logs/all_Lyapunov_test_dso-fn_d_all_n_01_log.txt
SpawnPoolWorker-621| 2026-06-22 01:13:49,662,662 multiprocessing INFO See log at : ./logs/all_Lyapunov_test_dso-fn_d_all_n_01_log.txt
SpawnPoolWorker-616| 2026-06-22 01:13:49,662,662 multiprocessing INFO SEE LOG AT : ./logs/all_Lyapunov_test_dso-fn_d_all_n_01_log.txt
SpawnPoolWorker-616| 2026-06-22 01:13:49,662,662 multiprocessing INFO See log at : ./logs/all_Lyapunov_test_dso-fn_d_all_n_01_log.txt
SpawnPoolWorker-614| 2026-06-22 01:13:49,662,662 multiprocessing INFO STARTING NEW RUN ==========
SpawnPoolWorker-614| 2026-06-22 01:13:49,662,662 multiprocessing INFO SEE LOG AT : ./logs/all_Lyapunov_test_dso-fn_d_all_n_01_log.txt
SpawnPoolWorker-613| 2026-06-22 01:13:49,662,662 multiprocessing INFO child process calling self.run()
SpawnPoolWorker-614| 2026-06-22 01:13:49,662,662 multiprocessing INFO See log at : ./logs/all_Lyapunov_test_dso-fn_d_all_n_01_log.txt
SpawnPoolWorker-621| 2026-06-22 01:13:49,663,663 multiprocessing INFO child process calling self.run()
SpawnPoolWorker-616| 2026-06-22 01:13:49,664,664 multiprocessing INFO child process calling self.run()
SpawnPoolWorker-620| 2026-06-22 01:13:49,664,664 multiprocessing INFO STARTING NEW RUN ==========
SpawnPoolWorker-620| 2026-06-22 01:13:49,664,664 multiprocessing INFO SEE LOG AT : ./logs/all_Lyapunov_test_dso-fn_d_all_n_01_log.txt
SpawnPoolWorker-620| 2026-06-22 01:13:49,664,664 multiprocessing INFO See log at : ./logs/all_Lyapunov_test_dso-fn_d_all_n_01_log.txt
SpawnPoolWorker-620| 2026-06-22 01:13:49,666,666 multiprocessing INFO child process calling self.run()
SpawnPoolWorker-622| 2026-06-22 01:13:49,666,666 multiprocessing INFO STARTING NEW RUN ==========
SpawnPoolWorker-617| 2026-06-22 01:13:49,666,666 multiprocessing INFO STARTING NEW RUN ==========
SpawnPoolWorker-617| 2026-06-22 01:13:49,667,667 multiprocessing INFO SEE LOG AT : ./logs/all_Lyapunov_test_dso-fn_d_all_n_01_log.txt
SpawnPoolWorker-617| 2026-06-22 01:13:49,667,667 multiprocessing INFO See log at : ./logs/all_Lyapunov_test_dso-fn_d_all_n_01_log.txt
SpawnPoolWorker-622| 2026-06-22 01:13:49,667,667 multiprocessing INFO SEE LOG AT : ./logs/all_Lyapunov_test_dso-fn_d_all_n_01_log.txt
SpawnPoolWorker-614| 2026-06-22 01:13:49,667,667 multiprocessing INFO child process calling self.run()
SpawnPoolWorker-622| 2026-06-22 01:13:49,667,667 multiprocessing INFO See log at : ./logs/all_Lyapunov_test_dso-fn_d_all_n_01_log.txt
SpawnPoolWorker-615| 2026-06-22 01:13:49,667,667 multiprocessing INFO STARTING NEW RUN ==========
SpawnPoolWorker-615| 2026-06-22 01:13:49,668,668 multiprocessing INFO SEE LOG AT : ./logs/all_Lyapunov_test_dso-fn_d_all_n_01_log.txt
SpawnPoolWorker-615| 2026-06-22 01:13:49,668,668 multiprocessing INFO See log at : ./logs/all_Lyapunov_test_dso-fn_d_all_n_01_log.txt
SpawnPoolWorker-622| 2026-06-22 01:13:49,670,670 multiprocessing INFO child process calling self.run()
SpawnPoolWorker-615| 2026-06-22 01:13:49,670,670 multiprocessing INFO child process calling self.run()
SpawnPoolWorker-617| 2026-06-22 01:13:49,671,671 multiprocessing INFO child process calling self.run()
SpawnPoolWorker-619| 2026-06-22 01:14:07,132,132 multiprocessing INFO process shutting down
SpawnPoolWorker-614| 2026-06-22 01:14:07,132,132 multiprocessing INFO process shutting down
SpawnPoolWorker-620| 2026-06-22 01:14:07,133,133 multiprocessing INFO process shutting down
SpawnPoolWorker-613| 2026-06-22 01:14:07,133,133 multiprocessing INFO process shutting down
SpawnPoolWorker-619| 2026-06-22 01:14:07,133,133 multiprocessing INFO process exiting with exitcode 0
SpawnPoolWorker-618| 2026-06-22 01:14:07,133,133 multiprocessing INFO process shutting down
SpawnPoolWorker-614| 2026-06-22 01:14:07,133,133 multiprocessing INFO process exiting with exitcode 0
SpawnPoolWorker-621| 2026-06-22 01:14:07,133,133 multiprocessing INFO process shutting down
SpawnPoolWorker-620| 2026-06-22 01:14:07,133,133 multiprocessing INFO process exiting with exitcode 0
SpawnPoolWorker-613| 2026-06-22 01:14:07,133,133 multiprocessing INFO process exiting with exitcode 0
SpawnPoolWorker-618| 2026-06-22 01:14:07,133,133 multiprocessing INFO process exiting with exitcode 0
SpawnPoolWorker-621| 2026-06-22 01:14:07,133,133 multiprocessing INFO process exiting with exitcode 0
SpawnPoolWorker-622| 2026-06-22 01:14:07,133,133 multiprocessing INFO process shutting down
SpawnPoolWorker-622| 2026-06-22 01:14:07,133,133 multiprocessing INFO process exiting with exitcode 0
(20000,)

===================Collect 20000 Examples===================

Epsilon 0.1
500
(550,)
(550,)
(55,)
Number of Programs for Minimization: 29
SpawnPoolWorker-623| 2026-06-22 01:14:26,209,209 multiprocessing INFO STARTING NEW RUN ==========
SpawnPoolWorker-623| 2026-06-22 01:14:26,210,210 multiprocessing INFO SEE LOG AT : ./logs/all_Lyapunov_test_dso-fn_d_all_n_01_log.txt
SpawnPoolWorker-623| 2026-06-22 01:14:26,210,210 multiprocessing INFO See log at : ./logs/all_Lyapunov_test_dso-fn_d_all_n_01_log.txt
SpawnPoolWorker-623| 2026-06-22 01:14:26,215,215 multiprocessing INFO child process calling self.run()
SpawnPoolWorker-624| 2026-06-22 01:14:26,553,553 multiprocessing INFO STARTING NEW RUN ==========
SpawnPoolWorker-624| 2026-06-22 01:14:26,553,553 multiprocessing INFO SEE LOG AT : ./logs/all_Lyapunov_test_dso-fn_d_all_n_01_log.txt
SpawnPoolWorker-624| 2026-06-22 01:14:26,553,553 multiprocessing INFO See log at : ./logs/all_Lyapunov_test_dso-fn_d_all_n_01_log.txt
SpawnPoolWorker-624| 2026-06-22 01:14:26,562,562 multiprocessing INFO child process calling self.run()
SpawnPoolWorker-628| 2026-06-22 01:14:26,680,680 multiprocessing INFO STARTING NEW RUN ==========
SpawnPoolWorker-628| 2026-06-22 01:14:26,680,680 multiprocessing INFO SEE LOG AT : ./logs/all_Lyapunov_test_dso-fn_d_all_n_01_log.txt
SpawnPoolWorker-628| 2026-06-22 01:14:26,680,680 multiprocessing INFO See log at : ./logs/all_Lyapunov_test_dso-fn_d_all_n_01_log.txt
SpawnPoolWorker-628| 2026-06-22 01:14:26,692,692 multiprocessing INFO child process calling self.run()
SpawnPoolWorker-626| 2026-06-22 01:14:26,940,940 multiprocessing INFO STARTING NEW RUN ==========
SpawnPoolWorker-626| 2026-06-22 01:14:26,940,940 multiprocessing INFO SEE LOG AT : ./logs/all_Lyapunov_test_dso-fn_d_all_n_01_log.txt
SpawnPoolWorker-626| 2026-06-22 01:14:26,940,940 multiprocessing INFO See log at : ./logs/all_Lyapunov_test_dso-fn_d_all_n_01_log.txt
SpawnPoolWorker-626| 2026-06-22 01:14:26,953,953 multiprocessing INFO child process calling self.run()
SpawnPoolWorker-627| 2026-06-22 01:14:27,177,177 multiprocessing INFO STARTING NEW RUN ==========
SpawnPoolWorker-627| 2026-06-22 01:14:27,177,177 multiprocessing INFO SEE LOG AT : ./logs/all_Lyapunov_test_dso-fn_d_all_n_01_log.txt
SpawnPoolWorker-627| 2026-06-22 01:14:27,177,177 multiprocessing INFO See log at : ./logs/all_Lyapunov_test_dso-fn_d_all_n_01_log.txt
SpawnPoolWorker-627| 2026-06-22 01:14:27,180,180 multiprocessing INFO child process calling self.run()
SpawnPoolWorker-633| 2026-06-22 01:14:27,417,417 multiprocessing INFO STARTING NEW RUN ==========
SpawnPoolWorker-633| 2026-06-22 01:14:27,417,417 multiprocessing INFO SEE LOG AT : ./logs/all_Lyapunov_test_dso-fn_d_all_n_01_log.txt
SpawnPoolWorker-633| 2026-06-22 01:14:27,417,417 multiprocessing INFO See log at : ./logs/all_Lyapunov_test_dso-fn_d_all_n_01_log.txt
SpawnPoolWorker-633| 2026-06-22 01:14:27,422,422 multiprocessing INFO child process calling self.run()
SpawnPoolWorker-636| 2026-06-22 01:14:27,816,816 multiprocessing INFO STARTING NEW RUN ==========
SpawnPoolWorker-636| 2026-06-22 01:14:27,816,816 multiprocessing INFO SEE LOG AT : ./logs/all_Lyapunov_test_dso-fn_d_all_n_01_log.txt
SpawnPoolWorker-636| 2026-06-22 01:14:27,816,816 multiprocessing INFO See log at : ./logs/all_Lyapunov_test_dso-fn_d_all_n_01_log.txt
SpawnPoolWorker-636| 2026-06-22 01:14:27,822,822 multiprocessing INFO child process calling self.run()
SpawnPoolWorker-635| 2026-06-22 01:14:28,186,186 multiprocessing INFO STARTING NEW RUN ==========
SpawnPoolWorker-635| 2026-06-22 01:14:28,187,187 multiprocessing INFO SEE LOG AT : ./logs/all_Lyapunov_test_dso-fn_d_all_n_01_log.txt
SpawnPoolWorker-635| 2026-06-22 01:14:28,187,187 multiprocessing INFO See log at : ./logs/all_Lyapunov_test_dso-fn_d_all_n_01_log.txt
SpawnPoolWorker-635| 2026-06-22 01:14:28,193,193 multiprocessing INFO child process calling self.run()
SpawnPoolWorker-639| 2026-06-22 01:14:28,509,509 multiprocessing INFO STARTING NEW RUN ==========
SpawnPoolWorker-639| 2026-06-22 01:14:28,509,509 multiprocessing INFO SEE LOG AT : ./logs/all_Lyapunov_test_dso-fn_d_all_n_01_log.txt
SpawnPoolWorker-639| 2026-06-22 01:14:28,509,509 multiprocessing INFO See log at : ./logs/all_Lyapunov_test_dso-fn_d_all_n_01_log.txt
SpawnPoolWorker-639| 2026-06-22 01:14:28,512,512 multiprocessing INFO child process calling self.run()
SpawnPoolWorker-641| 2026-06-22 01:14:28,707,707 multiprocessing INFO STARTING NEW RUN ==========
SpawnPoolWorker-641| 2026-06-22 01:14:28,707,707 multiprocessing INFO SEE LOG AT : ./logs/all_Lyapunov_test_dso-fn_d_all_n_01_log.txt
SpawnPoolWorker-641| 2026-06-22 01:14:28,707,707 multiprocessing INFO See log at : ./logs/all_Lyapunov_test_dso-fn_d_all_n_01_log.txt
SpawnPoolWorker-641| 2026-06-22 01:14:28,715,715 multiprocessing INFO child process calling self.run()
SpawnPoolWorker-640| 2026-06-22 01:14:28,865,865 multiprocessing INFO STARTING NEW RUN ==========
SpawnPoolWorker-640| 2026-06-22 01:14:28,866,866 multiprocessing INFO SEE LOG AT : ./logs/all_Lyapunov_test_dso-fn_d_all_n_01_log.txt
SpawnPoolWorker-640| 2026-06-22 01:14:28,866,866 multiprocessing INFO See log at : ./logs/all_Lyapunov_test_dso-fn_d_all_n_01_log.txt
SpawnPoolWorker-640| 2026-06-22 01:14:28,871,871 multiprocessing INFO child process calling self.run()
SpawnPoolWorker-637| 2026-06-22 01:14:29,049,49 multiprocessing INFO STARTING NEW RUN ==========
SpawnPoolWorker-637| 2026-06-22 01:14:29,049,49 multiprocessing INFO SEE LOG AT : ./logs/all_Lyapunov_test_dso-fn_d_all_n_01_log.txt
SpawnPoolWorker-637| 2026-06-22 01:14:29,049,49 multiprocessing INFO See log at : ./logs/all_Lyapunov_test_dso-fn_d_all_n_01_log.txt
SpawnPoolWorker-637| 2026-06-22 01:14:29,055,55 multiprocessing INFO child process calling self.run()
SpawnPoolWorker-638| 2026-06-22 01:14:29,125,125 multiprocessing INFO STARTING NEW RUN ==========
SpawnPoolWorker-638| 2026-06-22 01:14:29,126,126 multiprocessing INFO SEE LOG AT : ./logs/all_Lyapunov_test_dso-fn_d_all_n_01_log.txt
SpawnPoolWorker-638| 2026-06-22 01:14:29,126,126 multiprocessing INFO See log at : ./logs/all_Lyapunov_test_dso-fn_d_all_n_01_log.txt
SpawnPoolWorker-638| 2026-06-22 01:14:29,127,127 multiprocessing INFO child process calling self.run()
SpawnPoolWorker-645| 2026-06-22 01:14:29,130,130 multiprocessing INFO STARTING NEW RUN ==========
SpawnPoolWorker-645| 2026-06-22 01:14:29,130,130 multiprocessing INFO SEE LOG AT : ./logs/all_Lyapunov_test_dso-fn_d_all_n_01_log.txt
SpawnPoolWorker-645| 2026-06-22 01:14:29,130,130 multiprocessing INFO See log at : ./logs/all_Lyapunov_test_dso-fn_d_all_n_01_log.txt
SpawnPoolWorker-645| 2026-06-22 01:14:29,134,134 multiprocessing INFO child process calling self.run()
SpawnPoolWorker-630| 2026-06-22 01:14:29,140,140 multiprocessing INFO STARTING NEW RUN ==========
SpawnPoolWorker-630| 2026-06-22 01:14:29,140,140 multiprocessing INFO SEE LOG AT : ./logs/all_Lyapunov_test_dso-fn_d_all_n_01_log.txt
SpawnPoolWorker-630| 2026-06-22 01:14:29,147,147 multiprocessing INFO See log at : ./logs/all_Lyapunov_test_dso-fn_d_all_n_01_log.txt
SpawnPoolWorker-630| 2026-06-22 01:14:29,175,175 multiprocessing INFO child process calling self.run()
SpawnPoolWorker-629| 2026-06-22 01:14:29,219,219 multiprocessing INFO STARTING NEW RUN ==========
SpawnPoolWorker-629| 2026-06-22 01:14:29,219,219 multiprocessing INFO SEE LOG AT : ./logs/all_Lyapunov_test_dso-fn_d_all_n_01_log.txt
SpawnPoolWorker-629| 2026-06-22 01:14:29,219,219 multiprocessing INFO See log at : ./logs/all_Lyapunov_test_dso-fn_d_all_n_01_log.txt
SpawnPoolWorker-629| 2026-06-22 01:14:29,226,226 multiprocessing INFO child process calling self.run()
SpawnPoolWorker-625| 2026-06-22 01:14:29,627,627 multiprocessing INFO STARTING NEW RUN ==========
SpawnPoolWorker-625| 2026-06-22 01:14:29,627,627 multiprocessing INFO SEE LOG AT : ./logs/all_Lyapunov_test_dso-fn_d_all_n_01_log.txt
SpawnPoolWorker-625| 2026-06-22 01:14:29,627,627 multiprocessing INFO See log at : ./logs/all_Lyapunov_test_dso-fn_d_all_n_01_log.txt
SpawnPoolWorker-634| 2026-06-22 01:14:29,628,628 multiprocessing INFO STARTING NEW RUN ==========
SpawnPoolWorker-634| 2026-06-22 01:14:29,628,628 multiprocessing INFO SEE LOG AT : ./logs/all_Lyapunov_test_dso-fn_d_all_n_01_log.txt
SpawnPoolWorker-634| 2026-06-22 01:14:29,628,628 multiprocessing INFO See log at : ./logs/all_Lyapunov_test_dso-fn_d_all_n_01_log.txt
SpawnPoolWorker-625| 2026-06-22 01:14:29,629,629 multiprocessing INFO child process calling self.run()
SpawnPoolWorker-634| 2026-06-22 01:14:29,630,630 multiprocessing INFO child process calling self.run()
SpawnPoolWorker-642| 2026-06-22 01:14:29,636,636 multiprocessing INFO STARTING NEW RUN ==========
SpawnPoolWorker-642| 2026-06-22 01:14:29,636,636 multiprocessing INFO SEE LOG AT : ./logs/all_Lyapunov_test_dso-fn_d_all_n_01_log.txt
SpawnPoolWorker-642| 2026-06-22 01:14:29,636,636 multiprocessing INFO See log at : ./logs/all_Lyapunov_test_dso-fn_d_all_n_01_log.txt
SpawnPoolWorker-642| 2026-06-22 01:14:29,637,637 multiprocessing INFO child process calling self.run()
SpawnPoolWorker-632| 2026-06-22 01:14:30,178,178 multiprocessing INFO STARTING NEW RUN ==========
SpawnPoolWorker-632| 2026-06-22 01:14:30,178,178 multiprocessing INFO SEE LOG AT : ./logs/all_Lyapunov_test_dso-fn_d_all_n_01_log.txt
SpawnPoolWorker-632| 2026-06-22 01:14:30,178,178 multiprocessing INFO See log at : ./logs/all_Lyapunov_test_dso-fn_d_all_n_01_log.txt
SpawnPoolWorker-632| 2026-06-22 01:14:30,179,179 multiprocessing INFO child process calling self.run()
SpawnPoolWorker-646| 2026-06-22 01:14:31,138,138 multiprocessing INFO STARTING NEW RUN ==========
SpawnPoolWorker-646| 2026-06-22 01:14:31,138,138 multiprocessing INFO SEE LOG AT : ./logs/all_Lyapunov_test_dso-fn_d_all_n_01_log.txt
SpawnPoolWorker-646| 2026-06-22 01:14:31,138,138 multiprocessing INFO See log at : ./logs/all_Lyapunov_test_dso-fn_d_all_n_01_log.txt
SpawnPoolWorker-646| 2026-06-22 01:14:31,140,140 multiprocessing INFO child process calling self.run()
SpawnPoolWorker-644| 2026-06-22 01:14:31,762,762 multiprocessing INFO STARTING NEW RUN ==========
SpawnPoolWorker-644| 2026-06-22 01:14:31,762,762 multiprocessing INFO SEE LOG AT : ./logs/all_Lyapunov_test_dso-fn_d_all_n_01_log.txt
SpawnPoolWorker-644| 2026-06-22 01:14:31,762,762 multiprocessing INFO See log at : ./logs/all_Lyapunov_test_dso-fn_d_all_n_01_log.txt
SpawnPoolWorker-644| 2026-06-22 01:14:31,776,776 multiprocessing INFO child process calling self.run()
SpawnPoolWorker-631| 2026-06-22 01:14:31,846,846 multiprocessing INFO STARTING NEW RUN ==========
SpawnPoolWorker-631| 2026-06-22 01:14:31,846,846 multiprocessing INFO SEE LOG AT : ./logs/all_Lyapunov_test_dso-fn_d_all_n_01_log.txt
SpawnPoolWorker-631| 2026-06-22 01:14:31,846,846 multiprocessing INFO See log at : ./logs/all_Lyapunov_test_dso-fn_d_all_n_01_log.txt
SpawnPoolWorker-631| 2026-06-22 01:14:31,851,851 multiprocessing INFO child process calling self.run()
SpawnPoolWorker-643| 2026-06-22 01:14:34,217,217 multiprocessing INFO STARTING NEW RUN ==========
SpawnPoolWorker-643| 2026-06-22 01:14:34,217,217 multiprocessing INFO SEE LOG AT : ./logs/all_Lyapunov_test_dso-fn_d_all_n_01_log.txt
SpawnPoolWorker-643| 2026-06-22 01:14:34,217,217 multiprocessing INFO See log at : ./logs/all_Lyapunov_test_dso-fn_d_all_n_01_log.txt
SpawnPoolWorker-643| 2026-06-22 01:14:34,227,227 multiprocessing INFO child process calling self.run()
SpawnPoolWorker-635| 2026-06-22 01:16:06,270,270 multiprocessing INFO process shutting down
SpawnPoolWorker-630| 2026-06-22 01:16:06,271,271 multiprocessing INFO process shutting down
SpawnPoolWorker-633| 2026-06-22 01:16:06,271,271 multiprocessing INFO process shutting down
SpawnPoolWorker-646| 2026-06-22 01:16:06,270,270 multiprocessing INFO process shutting down
SpawnPoolWorker-625| 2026-06-22 01:16:06,271,271 multiprocessing INFO process shutting down
SpawnPoolWorker-638| 2026-06-22 01:16:06,270,270 multiprocessing INFO process shutting down
SpawnPoolWorker-632| 2026-06-22 01:16:06,270,270 multiprocessing INFO process shutting down
SpawnPoolWorker-631| 2026-06-22 01:16:06,271,271 multiprocessing INFO process shutting down
SpawnPoolWorker-641| 2026-06-22 01:16:06,271,271 multiprocessing INFO process shutting down
SpawnPoolWorker-623| 2026-06-22 01:16:06,271,271 multiprocessing INFO process shutting down
SpawnPoolWorker-631| 2026-06-22 01:16:06,271,271 multiprocessing INFO process exiting with exitcode 0
SpawnPoolWorker-638| 2026-06-22 01:16:06,271,271 multiprocessing INFO process exiting with exitcode 0
SpawnPoolWorker-632| 2026-06-22 01:16:06,271,271 multiprocessing INFO process exiting with exitcode 0
SpawnPoolWorker-630| 2026-06-22 01:16:06,271,271 multiprocessing INFO process exiting with exitcode 0
SpawnPoolWorker-641| 2026-06-22 01:16:06,272,272 multiprocessing INFO process exiting with exitcode 0
SpawnPoolWorker-623| 2026-06-22 01:16:06,272,272 multiprocessing INFO process exiting with exitcode 0
SpawnPoolWorker-642| 2026-06-22 01:16:06,272,272 multiprocessing INFO process shutting down
SpawnPoolWorker-639| 2026-06-22 01:16:06,270,270 multiprocessing INFO process shutting down
SpawnPoolWorker-624| 2026-06-22 01:16:06,271,271 multiprocessing INFO process shutting down
SpawnPoolWorker-629| 2026-06-22 01:16:06,271,271 multiprocessing INFO process shutting down
SpawnPoolWorker-642| 2026-06-22 01:16:06,272,272 multiprocessing INFO process exiting with exitcode 0
SpawnPoolWorker-627| 2026-06-22 01:16:06,272,272 multiprocessing INFO process shutting down
SpawnPoolWorker-644| 2026-06-22 01:16:06,272,272 multiprocessing INFO process shutting down
SpawnPoolWorker-628| 2026-06-22 01:16:06,272,272 multiprocessing INFO process shutting down
SpawnPoolWorker-626| 2026-06-22 01:16:06,273,273 multiprocessing INFO process shutting down
SpawnPoolWorker-645| 2026-06-22 01:16:06,273,273 multiprocessing INFO process shutting down
SpawnPoolWorker-637| 2026-06-22 01:16:06,273,273 multiprocessing INFO process shutting down
SpawnPoolWorker-643| 2026-06-22 01:16:06,273,273 multiprocessing INFO process shutting down
SpawnPoolWorker-636| 2026-06-22 01:16:06,273,273 multiprocessing INFO process shutting down
SpawnPoolWorker-635| 2026-06-22 01:16:06,274,274 multiprocessing INFO process exiting with exitcode 0
29
(100000, 8)
(100000,)
(100000, 8)
(100000,)

=======================Successfully Added (10, 8) Counter Examples=======================

MainProcess| 2026-06-22 01:28:25,633,633 multiprocessing INFO Number of potential valid equations: 0
Number of potential valid equations: 0
(55, 164)
/users/9/chen8596/miniconda3/envs/alfd/lib/python3.9/site-packages/torch/nn/functional.py:4999: UserWarning: Support for mismatched key_padding_mask and attn_mask is deprecated. Use same type for both instead.
  warnings.warn(

==============Start Supervised Learning==============

MainProcess| 2026-06-22 01:28:29,255,255 multiprocessing INFO GP output mean: 1.0
GP output mean: 1.0
MainProcess| 2026-06-22 01:28:30,579,579 multiprocessing INFO GP output success rate: 1.0
GP output success rate: 1.0
MainProcess| 2026-06-22 01:28:30,579,579 multiprocessing INFO [x1**2 + x5**2 + x8**2 + (x2 + x4)**2 + (x2 + x7)**2 + (x3 + 2*x6)**2, x1**2 + x5**2 + x8**2 + (x2 + x4)**2 + (x3 + 2*x6)**2 + (x4 - x7)**2, x1**2 + 4*x4**2 + x5**2 + x8**2 + (x2 + x7)**2 + (x3 + 2*x6)**2, x1**2 + x5**2 + x8**2 + (x2 + x4)**2 + (x3 + 2*x6)**2 + (-x7 + x8)**2, x1**2 + x5**2 + x8**2 + (x2 + x4)**2 + (x3 + 2*x6)**2 + (x3 - x7)**2, x1**2 + x5**2 + x8**2 + (x2 + x4)**2 + (x3 + 2*x6)**2 + (x6 - x7)**2, x1**2 + x5**2 + x7**2 + (x2 + x4)**2 + (x2 + x7)**2 + (x3 + x6 + x8)**2, x1**2 + x5**2 + 4*x7**2 + x8**2 + (x2 + x4)**2 + (x3 + 2*x6)**2, x1**2 + x5**2 + x8**2 + (x2 + x4)**2 + (-x7 + x8)**2 + (x2 + x3 + x6)**2, x1**2 + x5**2 + x8**2 + (x2 + x4)**2 + (-x7 + x8)**2 + (x2 + x3 + x6)**2, x1**2 + x5**2 + x8**2 + (-x2 + x7)**2 + (x2 + x4)**2 + (x3 + 2*x6)**2, x1**2 + x5**2 + x8**2 + (x2 + x4)**2 + (x2 - x7)**2 + (x3 + 2*x6)**2, x1**2 + x5**2 + x8**2 + (x2 + x7)**2 + (x3 + 2*x6)**2 + (x4 + x6)**2, x1**2 + x5**2 + x8**2 + (x2 + x4)**2 + (x3 - x7)**2 + (2*x6 + x7)**2, x1**2 + x5**2 + x7**2 + (x2 + x4)**2 + (x3 + 2*x6)**2 + (-x7 + x8)**2, x1**2 + x5**2 + x7**2 + (x2 + x4)**2 + (x3 + 2*x6)**2 + (-x7 + x8)**2, x1**2 + x5**2 + x7**2 + x8**2 + (x2 + x4)**2 + (x2 + x3 + x6)**2, x1**2 + x5**2 + x8**2 + (x2 + x3)**2 + (x3 + 2*x6)**2 + (x4 + x7)**2, x1**2 + x5**2 + x8**2 + (x2 + x4)**2 + (x3 + 2*x6)**2 + (x5 - x7)**2, x1**2 + x2**2 + x5**2 + x7**2*x8**2 + (x2 + x4)**2 + (x3 + 2*x6)**2, x1**2 + x4**2 + x5**2 + x8**2 + (x2 + x7)**2 + (x3 + 2*x6)**2, x1**2 + x2**2 + x5**2 + (x2 + x6)**2 + (-x7 + x8)**2 + (x3 + x4 + x6)**2, x1**2 + x5**2 + x7**2 + x8**2 + (x2 + x4)**2 + (x3 + 2*x6)**2, x1**2 + x5**2 + x7**2 + x8**2 + (x2 + x4)**2 + (x3 + 2*x6)**2, x1**2 + x5**2 + x7**2 + x8**2 + (x2 + x4)**2 + (x3 + 2*x6)**2, x1**2 + x5**2 + x8**2 + (x2 + x4)**2 + (x2 + x7)**2 + (x3 + x6 + x8)**2, x1**2 + x5**2 + x8**2 + (x2 + x4)**2 + (x2 + x7)**2 + (x3 + x6 + x8)**2, x1**2 + x5**2 + x8**2 + (x2 + x4)**2 + (x3 + 2*x6)**2 + sin(x7)**2, x1**2 + x5**2 + x8**2 + (x2 + x4)**2 + (x3 + 2*x6)**2 + (x6 + x7)**2, x1**2 + x2**2*x7**2 + x5**2 + x8**2 + (x2 + x4)**2 + (x3 + 2*x6)**2, x1**2 + x5**2 + x8**2 + (x2 + x4)**2 + (x2 + x7)**2 + (x1 + x3 + x6)**2, x1**2 + x5**2 + x8**2 + (x2 + x4)**2 + (x3 + 2*x6)**2 + (x7 + x8)**2, x1**2 + x5**2 + x8**2 + (x2 + x4)**2 + (x3 + 2*x6)**2 + (x7 + x8)**2, x1**2 + x5**2 + x8**2 + (x2 + x4)**2 + (-x7 + x8)**2 + (x1 + x3 + x6)**2, x1**2 + x5**2 + x8**2 + (x2 + x4)**2 + (-x7 + x8)**2 + (x1 + x3 + x6)**2, x1**2 + x5**2 + x7**2 + (x2 + x4)**2 + (x3 + 2*x6)**2 + (x7 + x8)**2, x1**2 + x5**2 + x8**2 + (x2 + x4)**2 + (x2 + x7)**2 + (x3 + x6)**2, x1**2 + x5**2 + x8**2 + (x2 + x4)**2 + (x3 + 2*x6)**2 + (x4 + x7)**2, x1**2 + x5**2 + x8**2 + (x2 + x4)**2 + (x2 + x7)**2 + (x3 + x6 + x7)**2, x1**2 + x5**2 + x8**2 + (x2 + x4)**2 + (x2 + x7)**2 + (x3 + x6 + x7)**2, x1**2 + x4**2*x7**2 + x5**2 + x8**2 + (x2 + x4)**2 + (x3 + 2*x6)**2, x1**2 + x2**2 + x5**2 + (x3 + 2*x6)**2 + (x4 + x6)**2 + (-x7 + x8)**2, x1**2 + x2**2 + x5**2 + (x2 + x4)**2 + (x3 + 2*x6)**2 + (-x7 + x8)**2, x1**2 + x2**2 + x5**2 + (x2 + x4)**2 + (x3 + 2*x6)**2 + (-x7 + x8)**2]
[x1**2 + x5**2 + x8**2 + (x2 + x4)**2 + (x2 + x7)**2 + (x3 + 2*x6)**2, x1**2 + x5**2 + x8**2 + (x2 + x4)**2 + (x3 + 2*x6)**2 + (x4 - x7)**2, x1**2 + 4*x4**2 + x5**2 + x8**2 + (x2 + x7)**2 + (x3 + 2*x6)**2, x1**2 + x5**2 + x8**2 + (x2 + x4)**2 + (x3 + 2*x6)**2 + (-x7 + x8)**2, x1**2 + x5**2 + x8**2 + (x2 + x4)**2 + (x3 + 2*x6)**2 + (x3 - x7)**2, x1**2 + x5**2 + x8**2 + (x2 + x4)**2 + (x3 + 2*x6)**2 + (x6 - x7)**2, x1**2 + x5**2 + x7**2 + (x2 + x4)**2 + (x2 + x7)**2 + (x3 + x6 + x8)**2, x1**2 + x5**2 + 4*x7**2 + x8**2 + (x2 + x4)**2 + (x3 + 2*x6)**2, x1**2 + x5**2 + x8**2 + (x2 + x4)**2 + (-x7 + x8)**2 + (x2 + x3 + x6)**2, x1**2 + x5**2 + x8**2 + (x2 + x4)**2 + (-x7 + x8)**2 + (x2 + x3 + x6)**2, x1**2 + x5**2 + x8**2 + (-x2 + x7)**2 + (x2 + x4)**2 + (x3 + 2*x6)**2, x1**2 + x5**2 + x8**2 + (x2 + x4)**2 + (x2 - x7)**2 + (x3 + 2*x6)**2, x1**2 + x5**2 + x8**2 + (x2 + x7)**2 + (x3 + 2*x6)**2 + (x4 + x6)**2, x1**2 + x5**2 + x8**2 + (x2 + x4)**2 + (x3 - x7)**2 + (2*x6 + x7)**2, x1**2 + x5**2 + x7**2 + (x2 + x4)**2 + (x3 + 2*x6)**2 + (-x7 + x8)**2, x1**2 + x5**2 + x7**2 + (x2 + x4)**2 + (x3 + 2*x6)**2 + (-x7 + x8)**2, x1**2 + x5**2 + x7**2 + x8**2 + (x2 + x4)**2 + (x2 + x3 + x6)**2, x1**2 + x5**2 + x8**2 + (x2 + x3)**2 + (x3 + 2*x6)**2 + (x4 + x7)**2, x1**2 + x5**2 + x8**2 + (x2 + x4)**2 + (x3 + 2*x6)**2 + (x5 - x7)**2, x1**2 + x2**2 + x5**2 + x7**2*x8**2 + (x2 + x4)**2 + (x3 + 2*x6)**2, x1**2 + x4**2 + x5**2 + x8**2 + (x2 + x7)**2 + (x3 + 2*x6)**2, x1**2 + x2**2 + x5**2 + (x2 + x6)**2 + (-x7 + x8)**2 + (x3 + x4 + x6)**2, x1**2 + x5**2 + x7**2 + x8**2 + (x2 + x4)**2 + (x3 + 2*x6)**2, x1**2 + x5**2 + x7**2 + x8**2 + (x2 + x4)**2 + (x3 + 2*x6)**2, x1**2 + x5**2 + x7**2 + x8**2 + (x2 + x4)**2 + (x3 + 2*x6)**2, x1**2 + x5**2 + x8**2 + (x2 + x4)**2 + (x2 + x7)**2 + (x3 + x6 + x8)**2, x1**2 + x5**2 + x8**2 + (x2 + x4)**2 + (x2 + x7)**2 + (x3 + x6 + x8)**2, x1**2 + x5**2 + x8**2 + (x2 + x4)**2 + (x3 + 2*x6)**2 + sin(x7)**2, x1**2 + x5**2 + x8**2 + (x2 + x4)**2 + (x3 + 2*x6)**2 + (x6 + x7)**2, x1**2 + x2**2*x7**2 + x5**2 + x8**2 + (x2 + x4)**2 + (x3 + 2*x6)**2, x1**2 + x5**2 + x8**2 + (x2 + x4)**2 + (x2 + x7)**2 + (x1 + x3 + x6)**2, x1**2 + x5**2 + x8**2 + (x2 + x4)**2 + (x3 + 2*x6)**2 + (x7 + x8)**2, x1**2 + x5**2 + x8**2 + (x2 + x4)**2 + (x3 + 2*x6)**2 + (x7 + x8)**2, x1**2 + x5**2 + x8**2 + (x2 + x4)**2 + (-x7 + x8)**2 + (x1 + x3 + x6)**2, x1**2 + x5**2 + x8**2 + (x2 + x4)**2 + (-x7 + x8)**2 + (x1 + x3 + x6)**2, x1**2 + x5**2 + x7**2 + (x2 + x4)**2 + (x3 + 2*x6)**2 + (x7 + x8)**2, x1**2 + x5**2 + x8**2 + (x2 + x4)**2 + (x2 + x7)**2 + (x3 + x6)**2, x1**2 + x5**2 + x8**2 + (x2 + x4)**2 + (x3 + 2*x6)**2 + (x4 + x7)**2, x1**2 + x5**2 + x8**2 + (x2 + x4)**2 + (x2 + x7)**2 + (x3 + x6 + x7)**2, x1**2 + x5**2 + x8**2 + (x2 + x4)**2 + (x2 + x7)**2 + (x3 + x6 + x7)**2, x1**2 + x4**2*x7**2 + x5**2 + x8**2 + (x2 + x4)**2 + (x3 + 2*x6)**2, x1**2 + x2**2 + x5**2 + (x3 + 2*x6)**2 + (x4 + x6)**2 + (-x7 + x8)**2, x1**2 + x2**2 + x5**2 + (x2 + x4)**2 + (x3 + 2*x6)**2 + (-x7 + x8)**2, x1**2 + x2**2 + x5**2 + (x2 + x4)**2 + (x3 + 2*x6)**2 + (-x7 + x8)**2]

==============End Supervised Learning==============

/users/9/chen8596/LyaDis/repro/runs/poly8d/utils/train.py:971: RuntimeWarning: divide by zero encountered in divide
  error = np.abs(((y_hat - y) / y))
/users/9/chen8596/.local/lib/python3.9/site-packages/scipy/stats/_stats_py.py:4424: ConstantInputWarning: An input array is constant; the correlation coefficient is not defined.
  warnings.warn(stats.ConstantInputWarning(msg))
MainProcess| 2026-06-22 01:41:11,309,309 multiprocessing INFO [Test epoch=0019]  nevals=261551 	| train_loss=7045.72900 	| eqs_invalid %=0.00 	| r_best=0.99699 	| quantile=0.43902 	| r_quantile_mean=0.94885 	| r_raw_sum=53.85458 	|  r_raw_mean=0.88286 	| r2=nan 	| acc_iid=0.00000 	| acc_ood=0.00000 	| nmse_test=0.0 	| true_equation_set_count=0 	| s/it=1770.50332
[Test epoch=0019]  nevals=261551 	| train_loss=7045.72900 	| eqs_invalid %=0.00 	| r_best=0.99699 	| quantile=0.43902 	| r_quantile_mean=0.94885 	| r_raw_sum=53.85458 	|  r_raw_mean=0.88286 	| r2=nan 	| acc_iid=0.00000 	| acc_ood=0.00000 	| nmse_test=0.0 	| true_equation_set_count=0 	| s/it=1770.50332
MainProcess| 2026-06-22 01:41:11,309,309 multiprocessing INFO [00:02:38:47.27] Training epoch 19/4000, current best R: 0.9970
[00:02:38:47.27] Training epoch 19/4000, current best R: 0.9970
MainProcess| 2026-06-22 01:41:11,309,309 multiprocessing INFO 
	** New best

	** New best
MainProcess| 2026-06-22 01:41:11,310,310 multiprocessing INFO 	Reward: 0.9969877652473881
	Reward: 0.9969877652473881
MainProcess| 2026-06-22 01:41:11,310,310 multiprocessing INFO 	Count Off-policy: 1
	Count Off-policy: 1
MainProcess| 2026-06-22 01:41:11,310,310 multiprocessing INFO 	Count On-policy: 0
	Count On-policy: 0
MainProcess| 2026-06-22 01:41:11,310,310 multiprocessing INFO 	Originally on Policy: False
	Originally on Policy: False
MainProcess| 2026-06-22 01:41:11,310,310 multiprocessing INFO 	Invalid: False
	Invalid: False
MainProcess| 2026-06-22 01:41:11,310,310 multiprocessing INFO 	Traversal: add,add,add,add,add,n2,x1,n2,x8,n2,add,x3,x2,n2,add,add,x3,x6,x6,n2,x5,n2,add,x4,x7
	Traversal: add,add,add,add,add,n2,x1,n2,x8,n2,add,x3,x2,n2,add,add,x3,x6,x6,n2,x5,n2,add,x4,x7
MainProcess| 2026-06-22 01:41:11,310,310 multiprocessing INFO 	Expression:
	Expression:
MainProcess| 2026-06-22 01:41:11,312,312 multiprocessing INFO 
	    2     2     2            2              2            2
	  x₁  + x₅  + x₈  + (x₂ + x₃)  + (x₃ + 2⋅x₆)  + (x₄ + x₇) 


	    2     2     2            2              2            2
	  x₁  + x₅  + x₈  + (x₂ + x₃)  + (x₃ + 2⋅x₆)  + (x₄ + x₇) 

MainProcess| 2026-06-22 01:45:18,943,943 multiprocessing INFO Genetic Porgramming Runtime 246.32555792713538
Genetic Porgramming Runtime 246.32555792713538

=========================PGD Collection Starts=========================

SpawnPoolWorker-656| 2026-06-22 01:45:24,904,904 multiprocessing INFO STARTING NEW RUN ==========
SpawnPoolWorker-656| 2026-06-22 01:45:24,904,904 multiprocessing INFO SEE LOG AT : ./logs/all_Lyapunov_test_dso-fn_d_all_n_01_log.txt
SpawnPoolWorker-656| 2026-06-22 01:45:24,904,904 multiprocessing INFO See log at : ./logs/all_Lyapunov_test_dso-fn_d_all_n_01_log.txt
SpawnPoolWorker-649| 2026-06-22 01:45:24,904,904 multiprocessing INFO STARTING NEW RUN ==========
SpawnPoolWorker-649| 2026-06-22 01:45:24,904,904 multiprocessing INFO SEE LOG AT : ./logs/all_Lyapunov_test_dso-fn_d_all_n_01_log.txt
SpawnPoolWorker-649| 2026-06-22 01:45:24,904,904 multiprocessing INFO See log at : ./logs/all_Lyapunov_test_dso-fn_d_all_n_01_log.txt
SpawnPoolWorker-655| 2026-06-22 01:45:24,905,905 multiprocessing INFO STARTING NEW RUN ==========
SpawnPoolWorker-654| 2026-06-22 01:45:24,905,905 multiprocessing INFO STARTING NEW RUN ==========
SpawnPoolWorker-655| 2026-06-22 01:45:24,905,905 multiprocessing INFO SEE LOG AT : ./logs/all_Lyapunov_test_dso-fn_d_all_n_01_log.txt
SpawnPoolWorker-654| 2026-06-22 01:45:24,905,905 multiprocessing INFO SEE LOG AT : ./logs/all_Lyapunov_test_dso-fn_d_all_n_01_log.txt
SpawnPoolWorker-655| 2026-06-22 01:45:24,905,905 multiprocessing INFO See log at : ./logs/all_Lyapunov_test_dso-fn_d_all_n_01_log.txt
SpawnPoolWorker-654| 2026-06-22 01:45:24,905,905 multiprocessing INFO See log at : ./logs/all_Lyapunov_test_dso-fn_d_all_n_01_log.txt
SpawnPoolWorker-656| 2026-06-22 01:45:24,907,907 multiprocessing INFO child process calling self.run()
SpawnPoolWorker-654| 2026-06-22 01:45:24,907,907 multiprocessing INFO child process calling self.run()
SpawnPoolWorker-649| 2026-06-22 01:45:24,907,907 multiprocessing INFO child process calling self.run()
SpawnPoolWorker-655| 2026-06-22 01:45:24,907,907 multiprocessing INFO child process calling self.run()
SpawnPoolWorker-651| 2026-06-22 01:45:24,907,907 multiprocessing INFO STARTING NEW RUN ==========
SpawnPoolWorker-650| 2026-06-22 01:45:24,907,907 multiprocessing INFO STARTING NEW RUN ==========
SpawnPoolWorker-651| 2026-06-22 01:45:24,907,907 multiprocessing INFO SEE LOG AT : ./logs/all_Lyapunov_test_dso-fn_d_all_n_01_log.txt
SpawnPoolWorker-651| 2026-06-22 01:45:24,907,907 multiprocessing INFO See log at : ./logs/all_Lyapunov_test_dso-fn_d_all_n_01_log.txt
SpawnPoolWorker-650| 2026-06-22 01:45:24,907,907 multiprocessing INFO SEE LOG AT : ./logs/all_Lyapunov_test_dso-fn_d_all_n_01_log.txt
SpawnPoolWorker-650| 2026-06-22 01:45:24,908,908 multiprocessing INFO See log at : ./logs/all_Lyapunov_test_dso-fn_d_all_n_01_log.txt
SpawnPoolWorker-648| 2026-06-22 01:45:24,909,909 multiprocessing INFO STARTING NEW RUN ==========
SpawnPoolWorker-648| 2026-06-22 01:45:24,909,909 multiprocessing INFO SEE LOG AT : ./logs/all_Lyapunov_test_dso-fn_d_all_n_01_log.txt
SpawnPoolWorker-648| 2026-06-22 01:45:24,909,909 multiprocessing INFO See log at : ./logs/all_Lyapunov_test_dso-fn_d_all_n_01_log.txt
SpawnPoolWorker-651| 2026-06-22 01:45:24,909,909 multiprocessing INFO child process calling self.run()
SpawnPoolWorker-650| 2026-06-22 01:45:24,909,909 multiprocessing INFO child process calling self.run()
SpawnPoolWorker-648| 2026-06-22 01:45:24,910,910 multiprocessing INFO child process calling self.run()
SpawnPoolWorker-652| 2026-06-22 01:45:24,913,913 multiprocessing INFO STARTING NEW RUN ==========
SpawnPoolWorker-652| 2026-06-22 01:45:24,913,913 multiprocessing INFO SEE LOG AT : ./logs/all_Lyapunov_test_dso-fn_d_all_n_01_log.txt
SpawnPoolWorker-652| 2026-06-22 01:45:24,913,913 multiprocessing INFO See log at : ./logs/all_Lyapunov_test_dso-fn_d_all_n_01_log.txt
SpawnPoolWorker-652| 2026-06-22 01:45:24,914,914 multiprocessing INFO child process calling self.run()
SpawnPoolWorker-647| 2026-06-22 01:45:24,919,919 multiprocessing INFO STARTING NEW RUN ==========
SpawnPoolWorker-647| 2026-06-22 01:45:24,919,919 multiprocessing INFO SEE LOG AT : ./logs/all_Lyapunov_test_dso-fn_d_all_n_01_log.txt
SpawnPoolWorker-647| 2026-06-22 01:45:24,919,919 multiprocessing INFO See log at : ./logs/all_Lyapunov_test_dso-fn_d_all_n_01_log.txt
SpawnPoolWorker-647| 2026-06-22 01:45:24,921,921 multiprocessing INFO child process calling self.run()
SpawnPoolWorker-653| 2026-06-22 01:45:24,929,929 multiprocessing INFO STARTING NEW RUN ==========
SpawnPoolWorker-653| 2026-06-22 01:45:24,929,929 multiprocessing INFO SEE LOG AT : ./logs/all_Lyapunov_test_dso-fn_d_all_n_01_log.txt
SpawnPoolWorker-653| 2026-06-22 01:45:24,929,929 multiprocessing INFO See log at : ./logs/all_Lyapunov_test_dso-fn_d_all_n_01_log.txt
SpawnPoolWorker-653| 2026-06-22 01:45:24,931,931 multiprocessing INFO child process calling self.run()
SpawnPoolWorker-653| 2026-06-22 01:45:44,833,833 multiprocessing INFO process shutting down
SpawnPoolWorker-653| 2026-06-22 01:45:44,833,833 multiprocessing INFO process exiting with exitcode 0
SpawnPoolWorker-651| 2026-06-22 01:45:44,833,833 multiprocessing INFO process shutting down
SpawnPoolWorker-649| 2026-06-22 01:45:44,834,834 multiprocessing INFO process shutting down
SpawnPoolWorker-656| 2026-06-22 01:45:44,834,834 multiprocessing INFO process shutting down
SpawnPoolWorker-648| 2026-06-22 01:45:44,835,835 multiprocessing INFO process shutting down
SpawnPoolWorker-652| 2026-06-22 01:45:44,835,835 multiprocessing INFO process shutting down
SpawnPoolWorker-651| 2026-06-22 01:45:44,836,836 multiprocessing INFO process exiting with exitcode 0
SpawnPoolWorker-649| 2026-06-22 01:45:44,836,836 multiprocessing INFO process exiting with exitcode 0
SpawnPoolWorker-647| 2026-06-22 01:45:44,835,835 multiprocessing INFO process shutting down
SpawnPoolWorker-654| 2026-06-22 01:45:44,835,835 multiprocessing INFO process shutting down
SpawnPoolWorker-647| 2026-06-22 01:45:44,836,836 multiprocessing INFO process exiting with exitcode 0
SpawnPoolWorker-654| 2026-06-22 01:45:44,836,836 multiprocessing INFO process exiting with exitcode 0
(20000,)

===================Collect 20000 Examples===================

Epsilon 0.1
500
(550,)
(550,)
(55,)
Number of Programs for Minimization: 29
SpawnPoolWorker-664| 2026-06-22 01:46:05,608,608 multiprocessing INFO STARTING NEW RUN ==========
SpawnPoolWorker-664| 2026-06-22 01:46:05,608,608 multiprocessing INFO SEE LOG AT : ./logs/all_Lyapunov_test_dso-fn_d_all_n_01_log.txt
SpawnPoolWorker-664| 2026-06-22 01:46:05,608,608 multiprocessing INFO See log at : ./logs/all_Lyapunov_test_dso-fn_d_all_n_01_log.txt
SpawnPoolWorker-664| 2026-06-22 01:46:05,610,610 multiprocessing INFO child process calling self.run()
SpawnPoolWorker-660| 2026-06-22 01:46:05,814,814 multiprocessing INFO STARTING NEW RUN ==========
SpawnPoolWorker-660| 2026-06-22 01:46:05,815,815 multiprocessing INFO SEE LOG AT : ./logs/all_Lyapunov_test_dso-fn_d_all_n_01_log.txt
SpawnPoolWorker-660| 2026-06-22 01:46:05,815,815 multiprocessing INFO See log at : ./logs/all_Lyapunov_test_dso-fn_d_all_n_01_log.txt
SpawnPoolWorker-660| 2026-06-22 01:46:05,821,821 multiprocessing INFO child process calling self.run()
SpawnPoolWorker-668| 2026-06-22 01:46:06,387,387 multiprocessing INFO STARTING NEW RUN ==========
SpawnPoolWorker-668| 2026-06-22 01:46:06,388,388 multiprocessing INFO SEE LOG AT : ./logs/all_Lyapunov_test_dso-fn_d_all_n_01_log.txt
SpawnPoolWorker-668| 2026-06-22 01:46:06,388,388 multiprocessing INFO See log at : ./logs/all_Lyapunov_test_dso-fn_d_all_n_01_log.txt
SpawnPoolWorker-668| 2026-06-22 01:46:06,390,390 multiprocessing INFO child process calling self.run()
SpawnPoolWorker-661| 2026-06-22 01:46:06,846,846 multiprocessing INFO STARTING NEW RUN ==========
SpawnPoolWorker-661| 2026-06-22 01:46:06,846,846 multiprocessing INFO SEE LOG AT : ./logs/all_Lyapunov_test_dso-fn_d_all_n_01_log.txt
SpawnPoolWorker-661| 2026-06-22 01:46:06,846,846 multiprocessing INFO See log at : ./logs/all_Lyapunov_test_dso-fn_d_all_n_01_log.txt
SpawnPoolWorker-661| 2026-06-22 01:46:06,851,851 multiprocessing INFO child process calling self.run()
SpawnPoolWorker-671| 2026-06-22 01:46:07,099,99 multiprocessing INFO STARTING NEW RUN ==========
SpawnPoolWorker-671| 2026-06-22 01:46:07,099,99 multiprocessing INFO SEE LOG AT : ./logs/all_Lyapunov_test_dso-fn_d_all_n_01_log.txt
SpawnPoolWorker-671| 2026-06-22 01:46:07,099,99 multiprocessing INFO See log at : ./logs/all_Lyapunov_test_dso-fn_d_all_n_01_log.txt
SpawnPoolWorker-671| 2026-06-22 01:46:07,108,108 multiprocessing INFO child process calling self.run()
SpawnPoolWorker-662| 2026-06-22 01:46:07,319,319 multiprocessing INFO STARTING NEW RUN ==========
SpawnPoolWorker-662| 2026-06-22 01:46:07,319,319 multiprocessing INFO SEE LOG AT : ./logs/all_Lyapunov_test_dso-fn_d_all_n_01_log.txt
SpawnPoolWorker-662| 2026-06-22 01:46:07,319,319 multiprocessing INFO See log at : ./logs/all_Lyapunov_test_dso-fn_d_all_n_01_log.txt
SpawnPoolWorker-662| 2026-06-22 01:46:07,324,324 multiprocessing INFO child process calling self.run()
SpawnPoolWorker-658| 2026-06-22 01:46:07,428,428 multiprocessing INFO STARTING NEW RUN ==========
SpawnPoolWorker-658| 2026-06-22 01:46:07,428,428 multiprocessing INFO SEE LOG AT : ./logs/all_Lyapunov_test_dso-fn_d_all_n_01_log.txt
SpawnPoolWorker-658| 2026-06-22 01:46:07,428,428 multiprocessing INFO See log at : ./logs/all_Lyapunov_test_dso-fn_d_all_n_01_log.txt
SpawnPoolWorker-658| 2026-06-22 01:46:07,432,432 multiprocessing INFO child process calling self.run()
SpawnPoolWorker-665| 2026-06-22 01:46:07,891,891 multiprocessing INFO STARTING NEW RUN ==========
SpawnPoolWorker-665| 2026-06-22 01:46:07,891,891 multiprocessing INFO SEE LOG AT : ./logs/all_Lyapunov_test_dso-fn_d_all_n_01_log.txt
SpawnPoolWorker-665| 2026-06-22 01:46:07,891,891 multiprocessing INFO See log at : ./logs/all_Lyapunov_test_dso-fn_d_all_n_01_log.txt
SpawnPoolWorker-665| 2026-06-22 01:46:07,894,894 multiprocessing INFO child process calling self.run()
SpawnPoolWorker-666| 2026-06-22 01:46:08,033,33 multiprocessing INFO STARTING NEW RUN ==========
SpawnPoolWorker-666| 2026-06-22 01:46:08,033,33 multiprocessing INFO SEE LOG AT : ./logs/all_Lyapunov_test_dso-fn_d_all_n_01_log.txt
SpawnPoolWorker-666| 2026-06-22 01:46:08,033,33 multiprocessing INFO See log at : ./logs/all_Lyapunov_test_dso-fn_d_all_n_01_log.txt
SpawnPoolWorker-666| 2026-06-22 01:46:08,039,39 multiprocessing INFO child process calling self.run()
SpawnPoolWorker-657| 2026-06-22 01:46:08,478,478 multiprocessing INFO STARTING NEW RUN ==========
SpawnPoolWorker-657| 2026-06-22 01:46:08,478,478 multiprocessing INFO SEE LOG AT : ./logs/all_Lyapunov_test_dso-fn_d_all_n_01_log.txt
SpawnPoolWorker-657| 2026-06-22 01:46:08,478,478 multiprocessing INFO See log at : ./logs/all_Lyapunov_test_dso-fn_d_all_n_01_log.txt
SpawnPoolWorker-657| 2026-06-22 01:46:08,487,487 multiprocessing INFO child process calling self.run()
SpawnPoolWorker-678| 2026-06-22 01:46:08,888,888 multiprocessing INFO STARTING NEW RUN ==========
SpawnPoolWorker-678| 2026-06-22 01:46:08,888,888 multiprocessing INFO SEE LOG AT : ./logs/all_Lyapunov_test_dso-fn_d_all_n_01_log.txt
SpawnPoolWorker-678| 2026-06-22 01:46:08,888,888 multiprocessing INFO See log at : ./logs/all_Lyapunov_test_dso-fn_d_all_n_01_log.txt
SpawnPoolWorker-678| 2026-06-22 01:46:08,890,890 multiprocessing INFO child process calling self.run()
SpawnPoolWorker-663| 2026-06-22 01:46:09,583,583 multiprocessing INFO STARTING NEW RUN ==========
SpawnPoolWorker-663| 2026-06-22 01:46:09,583,583 multiprocessing INFO SEE LOG AT : ./logs/all_Lyapunov_test_dso-fn_d_all_n_01_log.txt
SpawnPoolWorker-663| 2026-06-22 01:46:09,583,583 multiprocessing INFO See log at : ./logs/all_Lyapunov_test_dso-fn_d_all_n_01_log.txt
SpawnPoolWorker-663| 2026-06-22 01:46:09,591,591 multiprocessing INFO child process calling self.run()
SpawnPoolWorker-669| 2026-06-22 01:46:10,147,147 multiprocessing INFO STARTING NEW RUN ==========
SpawnPoolWorker-669| 2026-06-22 01:46:10,147,147 multiprocessing INFO SEE LOG AT : ./logs/all_Lyapunov_test_dso-fn_d_all_n_01_log.txt
SpawnPoolWorker-669| 2026-06-22 01:46:10,147,147 multiprocessing INFO See log at : ./logs/all_Lyapunov_test_dso-fn_d_all_n_01_log.txt
SpawnPoolWorker-669| 2026-06-22 01:46:10,157,157 multiprocessing INFO child process calling self.run()
SpawnPoolWorker-659| 2026-06-22 01:46:10,437,437 multiprocessing INFO STARTING NEW RUN ==========
SpawnPoolWorker-659| 2026-06-22 01:46:10,437,437 multiprocessing INFO SEE LOG AT : ./logs/all_Lyapunov_test_dso-fn_d_all_n_01_log.txt
SpawnPoolWorker-659| 2026-06-22 01:46:10,437,437 multiprocessing INFO See log at : ./logs/all_Lyapunov_test_dso-fn_d_all_n_01_log.txt
SpawnPoolWorker-659| 2026-06-22 01:46:10,440,440 multiprocessing INFO child process calling self.run()
SpawnPoolWorker-667| 2026-06-22 01:46:10,501,501 multiprocessing INFO STARTING NEW RUN ==========
SpawnPoolWorker-667| 2026-06-22 01:46:10,501,501 multiprocessing INFO SEE LOG AT : ./logs/all_Lyapunov_test_dso-fn_d_all_n_01_log.txt
SpawnPoolWorker-667| 2026-06-22 01:46:10,501,501 multiprocessing INFO See log at : ./logs/all_Lyapunov_test_dso-fn_d_all_n_01_log.txt
SpawnPoolWorker-667| 2026-06-22 01:46:10,502,502 multiprocessing INFO child process calling self.run()
SpawnPoolWorker-670| 2026-06-22 01:46:11,538,538 multiprocessing INFO STARTING NEW RUN ==========
SpawnPoolWorker-670| 2026-06-22 01:46:11,538,538 multiprocessing INFO SEE LOG AT : ./logs/all_Lyapunov_test_dso-fn_d_all_n_01_log.txt
SpawnPoolWorker-670| 2026-06-22 01:46:11,538,538 multiprocessing INFO See log at : ./logs/all_Lyapunov_test_dso-fn_d_all_n_01_log.txt
SpawnPoolWorker-670| 2026-06-22 01:46:11,544,544 multiprocessing INFO child process calling self.run()
SpawnPoolWorker-675| 2026-06-22 01:46:11,615,615 multiprocessing INFO STARTING NEW RUN ==========
SpawnPoolWorker-675| 2026-06-22 01:46:11,615,615 multiprocessing INFO SEE LOG AT : ./logs/all_Lyapunov_test_dso-fn_d_all_n_01_log.txt
SpawnPoolWorker-675| 2026-06-22 01:46:11,615,615 multiprocessing INFO See log at : ./logs/all_Lyapunov_test_dso-fn_d_all_n_01_log.txt
SpawnPoolWorker-675| 2026-06-22 01:46:11,618,618 multiprocessing INFO child process calling self.run()
SpawnPoolWorker-677| 2026-06-22 01:46:11,690,690 multiprocessing INFO STARTING NEW RUN ==========
SpawnPoolWorker-677| 2026-06-22 01:46:11,690,690 multiprocessing INFO SEE LOG AT : ./logs/all_Lyapunov_test_dso-fn_d_all_n_01_log.txt
SpawnPoolWorker-677| 2026-06-22 01:46:11,690,690 multiprocessing INFO See log at : ./logs/all_Lyapunov_test_dso-fn_d_all_n_01_log.txt
SpawnPoolWorker-677| 2026-06-22 01:46:11,691,691 multiprocessing INFO child process calling self.run()
SpawnPoolWorker-680| 2026-06-22 01:46:12,183,183 multiprocessing INFO STARTING NEW RUN ==========
SpawnPoolWorker-680| 2026-06-22 01:46:12,183,183 multiprocessing INFO SEE LOG AT : ./logs/all_Lyapunov_test_dso-fn_d_all_n_01_log.txt
SpawnPoolWorker-680| 2026-06-22 01:46:12,183,183 multiprocessing INFO See log at : ./logs/all_Lyapunov_test_dso-fn_d_all_n_01_log.txt
SpawnPoolWorker-680| 2026-06-22 01:46:12,185,185 multiprocessing INFO child process calling self.run()
SpawnPoolWorker-676| 2026-06-22 01:46:12,266,266 multiprocessing INFO STARTING NEW RUN ==========
SpawnPoolWorker-676| 2026-06-22 01:46:12,266,266 multiprocessing INFO SEE LOG AT : ./logs/all_Lyapunov_test_dso-fn_d_all_n_01_log.txt
SpawnPoolWorker-676| 2026-06-22 01:46:12,266,266 multiprocessing INFO See log at : ./logs/all_Lyapunov_test_dso-fn_d_all_n_01_log.txt
SpawnPoolWorker-676| 2026-06-22 01:46:12,268,268 multiprocessing INFO child process calling self.run()
SpawnPoolWorker-672| 2026-06-22 01:46:12,709,709 multiprocessing INFO STARTING NEW RUN ==========
SpawnPoolWorker-672| 2026-06-22 01:46:12,709,709 multiprocessing INFO SEE LOG AT : ./logs/all_Lyapunov_test_dso-fn_d_all_n_01_log.txt
SpawnPoolWorker-672| 2026-06-22 01:46:12,709,709 multiprocessing INFO See log at : ./logs/all_Lyapunov_test_dso-fn_d_all_n_01_log.txt
SpawnPoolWorker-672| 2026-06-22 01:46:12,711,711 multiprocessing INFO child process calling self.run()
SpawnPoolWorker-674| 2026-06-22 01:46:12,814,814 multiprocessing INFO STARTING NEW RUN ==========
SpawnPoolWorker-674| 2026-06-22 01:46:12,814,814 multiprocessing INFO SEE LOG AT : ./logs/all_Lyapunov_test_dso-fn_d_all_n_01_log.txt
SpawnPoolWorker-674| 2026-06-22 01:46:12,814,814 multiprocessing INFO See log at : ./logs/all_Lyapunov_test_dso-fn_d_all_n_01_log.txt
SpawnPoolWorker-674| 2026-06-22 01:46:12,821,821 multiprocessing INFO child process calling self.run()
SpawnPoolWorker-673| 2026-06-22 01:46:13,189,189 multiprocessing INFO STARTING NEW RUN ==========
SpawnPoolWorker-673| 2026-06-22 01:46:13,189,189 multiprocessing INFO SEE LOG AT : ./logs/all_Lyapunov_test_dso-fn_d_all_n_01_log.txt
SpawnPoolWorker-673| 2026-06-22 01:46:13,189,189 multiprocessing INFO See log at : ./logs/all_Lyapunov_test_dso-fn_d_all_n_01_log.txt
SpawnPoolWorker-673| 2026-06-22 01:46:13,199,199 multiprocessing INFO child process calling self.run()
SpawnPoolWorker-679| 2026-06-22 01:46:13,685,685 multiprocessing INFO STARTING NEW RUN ==========
SpawnPoolWorker-679| 2026-06-22 01:46:13,685,685 multiprocessing INFO SEE LOG AT : ./logs/all_Lyapunov_test_dso-fn_d_all_n_01_log.txt
SpawnPoolWorker-679| 2026-06-22 01:46:13,685,685 multiprocessing INFO See log at : ./logs/all_Lyapunov_test_dso-fn_d_all_n_01_log.txt
SpawnPoolWorker-679| 2026-06-22 01:46:13,698,698 multiprocessing INFO child process calling self.run()
SpawnPoolWorker-664| 2026-06-22 01:47:33,277,277 multiprocessing INFO process shutting down
SpawnPoolWorker-660| 2026-06-22 01:47:33,277,277 multiprocessing INFO process shutting down
SpawnPoolWorker-678| 2026-06-22 01:47:33,277,277 multiprocessing INFO process shutting down
SpawnPoolWorker-657| 2026-06-22 01:47:33,278,278 multiprocessing INFO process shutting down
SpawnPoolWorker-671| 2026-06-22 01:47:33,278,278 multiprocessing INFO process shutting down
SpawnPoolWorker-678| 2026-06-22 01:47:33,278,278 multiprocessing INFO process exiting with exitcode 0
SpawnPoolWorker-664| 2026-06-22 01:47:33,278,278 multiprocessing INFO process exiting with exitcode 0
SpawnPoolWorker-660| 2026-06-22 01:47:33,278,278 multiprocessing INFO process exiting with exitcode 0
SpawnPoolWorker-671| 2026-06-22 01:47:33,278,278 multiprocessing INFO process exiting with exitcode 0
SpawnPoolWorker-657| 2026-06-22 01:47:33,278,278 multiprocessing INFO process exiting with exitcode 0
SpawnPoolWorker-672| 2026-06-22 01:47:33,278,278 multiprocessing INFO process shutting down
SpawnPoolWorker-665| 2026-06-22 01:47:33,278,278 multiprocessing INFO process shutting down
SpawnPoolWorker-672| 2026-06-22 01:47:33,278,278 multiprocessing INFO process exiting with exitcode 0
SpawnPoolWorker-669| 2026-06-22 01:47:33,277,277 multiprocessing INFO process shutting down
SpawnPoolWorker-666| 2026-06-22 01:47:33,277,277 multiprocessing INFO process shutting down
SpawnPoolWorker-665| 2026-06-22 01:47:33,279,279 multiprocessing INFO process exiting with exitcode 0
SpawnPoolWorker-667| 2026-06-22 01:47:33,279,279 multiprocessing INFO process shutting down
SpawnPoolWorker-675| 2026-06-22 01:47:33,279,279 multiprocessing INFO process shutting down
SpawnPoolWorker-663| 2026-06-22 01:47:33,279,279 multiprocessing INFO process shutting down
SpawnPoolWorker-659| 2026-06-22 01:47:33,279,279 multiprocessing INFO process shutting down
SpawnPoolWorker-674| 2026-06-22 01:47:33,279,279 multiprocessing INFO process shutting down
SpawnPoolWorker-673| 2026-06-22 01:47:33,279,279 multiprocessing INFO process shutting down
SpawnPoolWorker-670| 2026-06-22 01:47:33,279,279 multiprocessing INFO process shutting down
SpawnPoolWorker-679| 2026-06-22 01:47:33,279,279 multiprocessing INFO process shutting down
SpawnPoolWorker-676| 2026-06-22 01:47:33,280,280 multiprocessing INFO process shutting down
SpawnPoolWorker-680| 2026-06-22 01:47:33,280,280 multiprocessing INFO process shutting down
SpawnPoolWorker-662| 2026-06-22 01:47:33,280,280 multiprocessing INFO process shutting down
29
(100000, 8)
(100000,)
(100000, 8)
(100000,)

=======================Successfully Added (17343, 8) Counter Examples=======================


============None of the candidates fulfill the conditions. Training CONTINUES!=================

MainProcess| 2026-06-22 01:47:36,256,256 multiprocessing INFO 
============None of the candidates fulfill the conditions. Training CONTINUES!=================


============None of the candidates fulfill the conditions. Training CONTINUES!=================

(55, 164)
/users/9/chen8596/miniconda3/envs/alfd/lib/python3.9/site-packages/torch/nn/functional.py:4999: UserWarning: Support for mismatched key_padding_mask and attn_mask is deprecated. Use same type for both instead.
  warnings.warn(

==============Start Supervised Learning==============

MainProcess| 2026-06-22 01:47:41,789,789 multiprocessing INFO GP output mean: 0.9994322073189017
GP output mean: 0.9994322073189017
MainProcess| 2026-06-22 01:47:42,563,563 multiprocessing INFO GP output success rate: 0.0
GP output success rate: 0.0

==============End Supervised Learning==============

MainProcess| 2026-06-22 01:47:45,041,41 multiprocessing INFO [Test epoch=0020]  nevals=275266 	| train_loss=11415.16797 	| eqs_invalid %=0.00 	| r_best=0.99699 	| quantile=0.54912 	| r_quantile_mean=0.94356 	| r_raw_sum=54.09324 	|  r_raw_mean=0.90155 	| r2=nan 	| acc_iid=0.00000 	| acc_ood=0.00000 	| nmse_test=0.0 	| true_equation_set_count=0 	| s/it=393.72936
[Test epoch=0020]  nevals=275266 	| train_loss=11415.16797 	| eqs_invalid %=0.00 	| r_best=0.99699 	| quantile=0.54912 	| r_quantile_mean=0.94356 	| r_raw_sum=54.09324 	|  r_raw_mean=0.90155 	| r2=nan 	| acc_iid=0.00000 	| acc_ood=0.00000 	| nmse_test=0.0 	| true_equation_set_count=0 	| s/it=393.72936
MainProcess| 2026-06-22 01:47:45,041,41 multiprocessing INFO [00:02:45:21.00] Training epoch 20/4000, current best R: 0.9970
[00:02:45:21.00] Training epoch 20/4000, current best R: 0.9970
MainProcess| 2026-06-22 01:49:45,583,583 multiprocessing INFO Genetic Porgramming Runtime 119.20660934201442
Genetic Porgramming Runtime 119.20660934201442

=========================PGD Collection Starts=========================

SpawnPoolWorker-685| 2026-06-22 01:49:53,653,653 multiprocessing INFO STARTING NEW RUN ==========
SpawnPoolWorker-685| 2026-06-22 01:49:53,654,654 multiprocessing INFO SEE LOG AT : ./logs/all_Lyapunov_test_dso-fn_d_all_n_01_log.txt
SpawnPoolWorker-685| 2026-06-22 01:49:53,654,654 multiprocessing INFO See log at : ./logs/all_Lyapunov_test_dso-fn_d_all_n_01_log.txt
SpawnPoolWorker-685| 2026-06-22 01:49:53,657,657 multiprocessing INFO child process calling self.run()
SpawnPoolWorker-682| 2026-06-22 01:49:53,773,773 multiprocessing INFO STARTING NEW RUN ==========
SpawnPoolWorker-682| 2026-06-22 01:49:53,773,773 multiprocessing INFO SEE LOG AT : ./logs/all_Lyapunov_test_dso-fn_d_all_n_01_log.txt
SpawnPoolWorker-682| 2026-06-22 01:49:53,773,773 multiprocessing INFO See log at : ./logs/all_Lyapunov_test_dso-fn_d_all_n_01_log.txt
SpawnPoolWorker-682| 2026-06-22 01:49:53,779,779 multiprocessing INFO child process calling self.run()
SpawnPoolWorker-688| 2026-06-22 01:49:53,860,860 multiprocessing INFO STARTING NEW RUN ==========
SpawnPoolWorker-688| 2026-06-22 01:49:53,861,861 multiprocessing INFO SEE LOG AT : ./logs/all_Lyapunov_test_dso-fn_d_all_n_01_log.txt
SpawnPoolWorker-688| 2026-06-22 01:49:53,861,861 multiprocessing INFO See log at : ./logs/all_Lyapunov_test_dso-fn_d_all_n_01_log.txt
SpawnPoolWorker-688| 2026-06-22 01:49:53,864,864 multiprocessing INFO child process calling self.run()
SpawnPoolWorker-683| 2026-06-22 01:49:53,937,937 multiprocessing INFO STARTING NEW RUN ==========
SpawnPoolWorker-683| 2026-06-22 01:49:53,937,937 multiprocessing INFO SEE LOG AT : ./logs/all_Lyapunov_test_dso-fn_d_all_n_01_log.txt
SpawnPoolWorker-683| 2026-06-22 01:49:53,937,937 multiprocessing INFO See log at : ./logs/all_Lyapunov_test_dso-fn_d_all_n_01_log.txt
SpawnPoolWorker-683| 2026-06-22 01:49:53,940,940 multiprocessing INFO child process calling self.run()
SpawnPoolWorker-687| 2026-06-22 01:49:54,382,382 multiprocessing INFO STARTING NEW RUN ==========
SpawnPoolWorker-687| 2026-06-22 01:49:54,382,382 multiprocessing INFO SEE LOG AT : ./logs/all_Lyapunov_test_dso-fn_d_all_n_01_log.txt
SpawnPoolWorker-687| 2026-06-22 01:49:54,382,382 multiprocessing INFO See log at : ./logs/all_Lyapunov_test_dso-fn_d_all_n_01_log.txt
SpawnPoolWorker-687| 2026-06-22 01:49:54,391,391 multiprocessing INFO child process calling self.run()
SpawnPoolWorker-681| 2026-06-22 01:49:54,419,419 multiprocessing INFO STARTING NEW RUN ==========
SpawnPoolWorker-681| 2026-06-22 01:49:54,419,419 multiprocessing INFO SEE LOG AT : ./logs/all_Lyapunov_test_dso-fn_d_all_n_01_log.txt
SpawnPoolWorker-681| 2026-06-22 01:49:54,419,419 multiprocessing INFO See log at : ./logs/all_Lyapunov_test_dso-fn_d_all_n_01_log.txt
SpawnPoolWorker-681| 2026-06-22 01:49:54,421,421 multiprocessing INFO child process calling self.run()
SpawnPoolWorker-684| 2026-06-22 01:49:54,588,588 multiprocessing INFO STARTING NEW RUN ==========
SpawnPoolWorker-684| 2026-06-22 01:49:54,588,588 multiprocessing INFO SEE LOG AT : ./logs/all_Lyapunov_test_dso-fn_d_all_n_01_log.txt
SpawnPoolWorker-684| 2026-06-22 01:49:54,588,588 multiprocessing INFO See log at : ./logs/all_Lyapunov_test_dso-fn_d_all_n_01_log.txt
SpawnPoolWorker-684| 2026-06-22 01:49:54,594,594 multiprocessing INFO child process calling self.run()
SpawnPoolWorker-689| 2026-06-22 01:49:54,634,634 multiprocessing INFO STARTING NEW RUN ==========
SpawnPoolWorker-689| 2026-06-22 01:49:54,634,634 multiprocessing INFO SEE LOG AT : ./logs/all_Lyapunov_test_dso-fn_d_all_n_01_log.txt
SpawnPoolWorker-689| 2026-06-22 01:49:54,634,634 multiprocessing INFO See log at : ./logs/all_Lyapunov_test_dso-fn_d_all_n_01_log.txt
SpawnPoolWorker-689| 2026-06-22 01:49:54,638,638 multiprocessing INFO child process calling self.run()
SpawnPoolWorker-686| 2026-06-22 01:49:55,258,258 multiprocessing INFO STARTING NEW RUN ==========
SpawnPoolWorker-686| 2026-06-22 01:49:55,258,258 multiprocessing INFO SEE LOG AT : ./logs/all_Lyapunov_test_dso-fn_d_all_n_01_log.txt
SpawnPoolWorker-686| 2026-06-22 01:49:55,258,258 multiprocessing INFO See log at : ./logs/all_Lyapunov_test_dso-fn_d_all_n_01_log.txt
SpawnPoolWorker-686| 2026-06-22 01:49:55,261,261 multiprocessing INFO child process calling self.run()
SpawnPoolWorker-690| 2026-06-22 01:49:55,981,981 multiprocessing INFO STARTING NEW RUN ==========
SpawnPoolWorker-690| 2026-06-22 01:49:55,981,981 multiprocessing INFO SEE LOG AT : ./logs/all_Lyapunov_test_dso-fn_d_all_n_01_log.txt
SpawnPoolWorker-690| 2026-06-22 01:49:55,981,981 multiprocessing INFO See log at : ./logs/all_Lyapunov_test_dso-fn_d_all_n_01_log.txt
SpawnPoolWorker-690| 2026-06-22 01:49:55,986,986 multiprocessing INFO child process calling self.run()
SpawnPoolWorker-683| 2026-06-22 01:50:13,949,949 multiprocessing INFO process shutting down
SpawnPoolWorker-683| 2026-06-22 01:50:13,949,949 multiprocessing INFO process exiting with exitcode 0
SpawnPoolWorker-689| 2026-06-22 01:50:13,949,949 multiprocessing INFO process shutting down
SpawnPoolWorker-688| 2026-06-22 01:50:13,949,949 multiprocessing INFO process shutting down
SpawnPoolWorker-689| 2026-06-22 01:50:13,949,949 multiprocessing INFO process exiting with exitcode 0
SpawnPoolWorker-687| 2026-06-22 01:50:13,949,949 multiprocessing INFO process shutting down
SpawnPoolWorker-688| 2026-06-22 01:50:13,949,949 multiprocessing INFO process exiting with exitcode 0
SpawnPoolWorker-684| 2026-06-22 01:50:13,949,949 multiprocessing INFO process shutting down
SpawnPoolWorker-681| 2026-06-22 01:50:13,949,949 multiprocessing INFO process shutting down
SpawnPoolWorker-685| 2026-06-22 01:50:13,949,949 multiprocessing INFO process shutting down
(20000,)

===================Collect 20000 Examples===================

Epsilon 0.1
500
(550,)
(550,)
(55,)
Number of Programs for Minimization: 28
SpawnPoolWorker-694| 2026-06-22 01:50:31,093,93 multiprocessing INFO STARTING NEW RUN ==========
SpawnPoolWorker-694| 2026-06-22 01:50:31,093,93 multiprocessing INFO SEE LOG AT : ./logs/all_Lyapunov_test_dso-fn_d_all_n_01_log.txt
SpawnPoolWorker-694| 2026-06-22 01:50:31,093,93 multiprocessing INFO See log at : ./logs/all_Lyapunov_test_dso-fn_d_all_n_01_log.txt
SpawnPoolWorker-694| 2026-06-22 01:50:31,111,111 multiprocessing INFO child process calling self.run()
SpawnPoolWorker-695| 2026-06-22 01:50:31,785,785 multiprocessing INFO STARTING NEW RUN ==========
SpawnPoolWorker-695| 2026-06-22 01:50:31,785,785 multiprocessing INFO SEE LOG AT : ./logs/all_Lyapunov_test_dso-fn_d_all_n_01_log.txt
SpawnPoolWorker-695| 2026-06-22 01:50:31,785,785 multiprocessing INFO See log at : ./logs/all_Lyapunov_test_dso-fn_d_all_n_01_log.txt
SpawnPoolWorker-695| 2026-06-22 01:50:31,788,788 multiprocessing INFO child process calling self.run()
SpawnPoolWorker-697| 2026-06-22 01:50:31,869,869 multiprocessing INFO STARTING NEW RUN ==========
SpawnPoolWorker-697| 2026-06-22 01:50:31,869,869 multiprocessing INFO SEE LOG AT : ./logs/all_Lyapunov_test_dso-fn_d_all_n_01_log.txt
SpawnPoolWorker-697| 2026-06-22 01:50:31,869,869 multiprocessing INFO See log at : ./logs/all_Lyapunov_test_dso-fn_d_all_n_01_log.txt
SpawnPoolWorker-697| 2026-06-22 01:50:31,872,872 multiprocessing INFO child process calling self.run()
SpawnPoolWorker-693| 2026-06-22 01:50:32,041,41 multiprocessing INFO STARTING NEW RUN ==========
SpawnPoolWorker-693| 2026-06-22 01:50:32,041,41 multiprocessing INFO SEE LOG AT : ./logs/all_Lyapunov_test_dso-fn_d_all_n_01_log.txt
SpawnPoolWorker-693| 2026-06-22 01:50:32,041,41 multiprocessing INFO See log at : ./logs/all_Lyapunov_test_dso-fn_d_all_n_01_log.txt
SpawnPoolWorker-693| 2026-06-22 01:50:32,045,45 multiprocessing INFO child process calling self.run()
SpawnPoolWorker-701| 2026-06-22 01:50:32,280,280 multiprocessing INFO STARTING NEW RUN ==========
SpawnPoolWorker-701| 2026-06-22 01:50:32,280,280 multiprocessing INFO SEE LOG AT : ./logs/all_Lyapunov_test_dso-fn_d_all_n_01_log.txt
SpawnPoolWorker-701| 2026-06-22 01:50:32,280,280 multiprocessing INFO See log at : ./logs/all_Lyapunov_test_dso-fn_d_all_n_01_log.txt
SpawnPoolWorker-701| 2026-06-22 01:50:32,283,283 multiprocessing INFO child process calling self.run()
SpawnPoolWorker-698| 2026-06-22 01:50:32,358,358 multiprocessing INFO STARTING NEW RUN ==========
SpawnPoolWorker-698| 2026-06-22 01:50:32,358,358 multiprocessing INFO SEE LOG AT : ./logs/all_Lyapunov_test_dso-fn_d_all_n_01_log.txt
SpawnPoolWorker-698| 2026-06-22 01:50:32,358,358 multiprocessing INFO See log at : ./logs/all_Lyapunov_test_dso-fn_d_all_n_01_log.txt
SpawnPoolWorker-698| 2026-06-22 01:50:32,360,360 multiprocessing INFO child process calling self.run()
SpawnPoolWorker-703| 2026-06-22 01:50:32,787,787 multiprocessing INFO STARTING NEW RUN ==========
SpawnPoolWorker-703| 2026-06-22 01:50:32,787,787 multiprocessing INFO SEE LOG AT : ./logs/all_Lyapunov_test_dso-fn_d_all_n_01_log.txt
SpawnPoolWorker-703| 2026-06-22 01:50:32,787,787 multiprocessing INFO See log at : ./logs/all_Lyapunov_test_dso-fn_d_all_n_01_log.txt
SpawnPoolWorker-703| 2026-06-22 01:50:32,790,790 multiprocessing INFO child process calling self.run()
SpawnPoolWorker-702| 2026-06-22 01:50:32,800,800 multiprocessing INFO STARTING NEW RUN ==========
SpawnPoolWorker-702| 2026-06-22 01:50:32,800,800 multiprocessing INFO SEE LOG AT : ./logs/all_Lyapunov_test_dso-fn_d_all_n_01_log.txt
SpawnPoolWorker-702| 2026-06-22 01:50:32,800,800 multiprocessing INFO See log at : ./logs/all_Lyapunov_test_dso-fn_d_all_n_01_log.txt
SpawnPoolWorker-702| 2026-06-22 01:50:32,807,807 multiprocessing INFO child process calling self.run()
SpawnPoolWorker-692| 2026-06-22 01:50:33,065,65 multiprocessing INFO STARTING NEW RUN ==========
SpawnPoolWorker-692| 2026-06-22 01:50:33,066,66 multiprocessing INFO SEE LOG AT : ./logs/all_Lyapunov_test_dso-fn_d_all_n_01_log.txt
SpawnPoolWorker-692| 2026-06-22 01:50:33,066,66 multiprocessing INFO See log at : ./logs/all_Lyapunov_test_dso-fn_d_all_n_01_log.txt
SpawnPoolWorker-692| 2026-06-22 01:50:33,073,73 multiprocessing INFO child process calling self.run()
SpawnPoolWorker-710| 2026-06-22 01:50:33,143,143 multiprocessing INFO STARTING NEW RUN ==========
SpawnPoolWorker-710| 2026-06-22 01:50:33,144,144 multiprocessing INFO SEE LOG AT : ./logs/all_Lyapunov_test_dso-fn_d_all_n_01_log.txt
SpawnPoolWorker-710| 2026-06-22 01:50:33,144,144 multiprocessing INFO See log at : ./logs/all_Lyapunov_test_dso-fn_d_all_n_01_log.txt
SpawnPoolWorker-710| 2026-06-22 01:50:33,145,145 multiprocessing INFO child process calling self.run()
SpawnPoolWorker-711| 2026-06-22 01:50:33,216,216 multiprocessing INFO STARTING NEW RUN ==========
SpawnPoolWorker-711| 2026-06-22 01:50:33,216,216 multiprocessing INFO SEE LOG AT : ./logs/all_Lyapunov_test_dso-fn_d_all_n_01_log.txt
SpawnPoolWorker-711| 2026-06-22 01:50:33,216,216 multiprocessing INFO See log at : ./logs/all_Lyapunov_test_dso-fn_d_all_n_01_log.txt
SpawnPoolWorker-706| 2026-06-22 01:50:33,223,223 multiprocessing INFO STARTING NEW RUN ==========
SpawnPoolWorker-706| 2026-06-22 01:50:33,224,224 multiprocessing INFO SEE LOG AT : ./logs/all_Lyapunov_test_dso-fn_d_all_n_01_log.txt
SpawnPoolWorker-706| 2026-06-22 01:50:33,224,224 multiprocessing INFO See log at : ./logs/all_Lyapunov_test_dso-fn_d_all_n_01_log.txt
SpawnPoolWorker-711| 2026-06-22 01:50:33,224,224 multiprocessing INFO child process calling self.run()
SpawnPoolWorker-706| 2026-06-22 01:50:33,225,225 multiprocessing INFO child process calling self.run()
SpawnPoolWorker-704| 2026-06-22 01:50:33,230,230 multiprocessing INFO STARTING NEW RUN ==========
SpawnPoolWorker-704| 2026-06-22 01:50:33,230,230 multiprocessing INFO SEE LOG AT : ./logs/all_Lyapunov_test_dso-fn_d_all_n_01_log.txt
SpawnPoolWorker-704| 2026-06-22 01:50:33,230,230 multiprocessing INFO See log at : ./logs/all_Lyapunov_test_dso-fn_d_all_n_01_log.txt
SpawnPoolWorker-704| 2026-06-22 01:50:33,232,232 multiprocessing INFO child process calling self.run()
SpawnPoolWorker-691| 2026-06-22 01:50:33,545,545 multiprocessing INFO STARTING NEW RUN ==========
SpawnPoolWorker-691| 2026-06-22 01:50:33,545,545 multiprocessing INFO SEE LOG AT : ./logs/all_Lyapunov_test_dso-fn_d_all_n_01_log.txt
SpawnPoolWorker-691| 2026-06-22 01:50:33,545,545 multiprocessing INFO See log at : ./logs/all_Lyapunov_test_dso-fn_d_all_n_01_log.txt
SpawnPoolWorker-691| 2026-06-22 01:50:33,552,552 multiprocessing INFO child process calling self.run()
SpawnPoolWorker-712| 2026-06-22 01:50:33,888,888 multiprocessing INFO STARTING NEW RUN ==========
SpawnPoolWorker-712| 2026-06-22 01:50:33,888,888 multiprocessing INFO SEE LOG AT : ./logs/all_Lyapunov_test_dso-fn_d_all_n_01_log.txt
SpawnPoolWorker-712| 2026-06-22 01:50:33,888,888 multiprocessing INFO See log at : ./logs/all_Lyapunov_test_dso-fn_d_all_n_01_log.txt
SpawnPoolWorker-712| 2026-06-22 01:50:33,898,898 multiprocessing INFO child process calling self.run()
SpawnPoolWorker-708| 2026-06-22 01:50:33,910,910 multiprocessing INFO STARTING NEW RUN ==========
SpawnPoolWorker-708| 2026-06-22 01:50:33,910,910 multiprocessing INFO SEE LOG AT : ./logs/all_Lyapunov_test_dso-fn_d_all_n_01_log.txt
SpawnPoolWorker-708| 2026-06-22 01:50:33,910,910 multiprocessing INFO See log at : ./logs/all_Lyapunov_test_dso-fn_d_all_n_01_log.txt
SpawnPoolWorker-708| 2026-06-22 01:50:33,912,912 multiprocessing INFO child process calling self.run()
SpawnPoolWorker-714| 2026-06-22 01:50:33,980,980 multiprocessing INFO STARTING NEW RUN ==========
SpawnPoolWorker-714| 2026-06-22 01:50:33,980,980 multiprocessing INFO SEE LOG AT : ./logs/all_Lyapunov_test_dso-fn_d_all_n_01_log.txt
SpawnPoolWorker-714| 2026-06-22 01:50:33,980,980 multiprocessing INFO See log at : ./logs/all_Lyapunov_test_dso-fn_d_all_n_01_log.txt
SpawnPoolWorker-714| 2026-06-22 01:50:33,983,983 multiprocessing INFO child process calling self.run()
SpawnPoolWorker-700| 2026-06-22 01:50:34,168,168 multiprocessing INFO STARTING NEW RUN ==========
SpawnPoolWorker-700| 2026-06-22 01:50:34,168,168 multiprocessing INFO SEE LOG AT : ./logs/all_Lyapunov_test_dso-fn_d_all_n_01_log.txt
SpawnPoolWorker-700| 2026-06-22 01:50:34,168,168 multiprocessing INFO See log at : ./logs/all_Lyapunov_test_dso-fn_d_all_n_01_log.txt
SpawnPoolWorker-700| 2026-06-22 01:50:34,173,173 multiprocessing INFO child process calling self.run()
SpawnPoolWorker-705| 2026-06-22 01:50:34,193,193 multiprocessing INFO STARTING NEW RUN ==========
SpawnPoolWorker-705| 2026-06-22 01:50:34,193,193 multiprocessing INFO SEE LOG AT : ./logs/all_Lyapunov_test_dso-fn_d_all_n_01_log.txt
SpawnPoolWorker-705| 2026-06-22 01:50:34,193,193 multiprocessing INFO See log at : ./logs/all_Lyapunov_test_dso-fn_d_all_n_01_log.txt
SpawnPoolWorker-705| 2026-06-22 01:50:34,203,203 multiprocessing INFO child process calling self.run()
SpawnPoolWorker-696| 2026-06-22 01:50:34,263,263 multiprocessing INFO STARTING NEW RUN ==========
SpawnPoolWorker-696| 2026-06-22 01:50:34,263,263 multiprocessing INFO SEE LOG AT : ./logs/all_Lyapunov_test_dso-fn_d_all_n_01_log.txt
SpawnPoolWorker-696| 2026-06-22 01:50:34,263,263 multiprocessing INFO See log at : ./logs/all_Lyapunov_test_dso-fn_d_all_n_01_log.txt
SpawnPoolWorker-696| 2026-06-22 01:50:34,268,268 multiprocessing INFO child process calling self.run()
SpawnPoolWorker-699| 2026-06-22 01:50:34,344,344 multiprocessing INFO STARTING NEW RUN ==========
SpawnPoolWorker-699| 2026-06-22 01:50:34,344,344 multiprocessing INFO SEE LOG AT : ./logs/all_Lyapunov_test_dso-fn_d_all_n_01_log.txt
SpawnPoolWorker-699| 2026-06-22 01:50:34,344,344 multiprocessing INFO See log at : ./logs/all_Lyapunov_test_dso-fn_d_all_n_01_log.txt
SpawnPoolWorker-699| 2026-06-22 01:50:34,352,352 multiprocessing INFO child process calling self.run()
SpawnPoolWorker-713| 2026-06-22 01:50:34,652,652 multiprocessing INFO STARTING NEW RUN ==========
SpawnPoolWorker-713| 2026-06-22 01:50:34,652,652 multiprocessing INFO SEE LOG AT : ./logs/all_Lyapunov_test_dso-fn_d_all_n_01_log.txt
SpawnPoolWorker-713| 2026-06-22 01:50:34,652,652 multiprocessing INFO See log at : ./logs/all_Lyapunov_test_dso-fn_d_all_n_01_log.txt
SpawnPoolWorker-713| 2026-06-22 01:50:34,654,654 multiprocessing INFO child process calling self.run()
SpawnPoolWorker-709| 2026-06-22 01:50:34,660,660 multiprocessing INFO STARTING NEW RUN ==========
SpawnPoolWorker-709| 2026-06-22 01:50:34,660,660 multiprocessing INFO SEE LOG AT : ./logs/all_Lyapunov_test_dso-fn_d_all_n_01_log.txt
SpawnPoolWorker-709| 2026-06-22 01:50:34,660,660 multiprocessing INFO See log at : ./logs/all_Lyapunov_test_dso-fn_d_all_n_01_log.txt
SpawnPoolWorker-709| 2026-06-22 01:50:34,667,667 multiprocessing INFO child process calling self.run()
SpawnPoolWorker-707| 2026-06-22 01:50:35,093,93 multiprocessing INFO STARTING NEW RUN ==========
SpawnPoolWorker-707| 2026-06-22 01:50:35,093,93 multiprocessing INFO SEE LOG AT : ./logs/all_Lyapunov_test_dso-fn_d_all_n_01_log.txt
SpawnPoolWorker-707| 2026-06-22 01:50:35,093,93 multiprocessing INFO See log at : ./logs/all_Lyapunov_test_dso-fn_d_all_n_01_log.txt
SpawnPoolWorker-707| 2026-06-22 01:50:35,095,95 multiprocessing INFO child process calling self.run()
SpawnPoolWorker-706| 2026-06-22 01:51:54,960,960 multiprocessing INFO process shutting down
SpawnPoolWorker-706| 2026-06-22 01:51:54,962,962 multiprocessing INFO process exiting with exitcode 0
SpawnPoolWorker-708| 2026-06-22 01:51:54,961,961 multiprocessing INFO process shutting down
SpawnPoolWorker-692| 2026-06-22 01:51:54,963,963 multiprocessing INFO process shutting down
SpawnPoolWorker-694| 2026-06-22 01:51:54,963,963 multiprocessing INFO process shutting down
SpawnPoolWorker-691| 2026-06-22 01:51:54,963,963 multiprocessing INFO process shutting down
SpawnPoolWorker-708| 2026-06-22 01:51:54,964,964 multiprocessing INFO process exiting with exitcode 0
SpawnPoolWorker-701| 2026-06-22 01:51:54,965,965 multiprocessing INFO process shutting down
SpawnPoolWorker-693| 2026-06-22 01:51:54,965,965 multiprocessing INFO process shutting down
SpawnPoolWorker-699| 2026-06-22 01:51:54,965,965 multiprocessing INFO process shutting down
SpawnPoolWorker-703| 2026-06-22 01:51:54,965,965 multiprocessing INFO process shutting down
SpawnPoolWorker-696| 2026-06-22 01:51:54,966,966 multiprocessing INFO process shutting down
SpawnPoolWorker-704| 2026-06-22 01:51:54,967,967 multiprocessing INFO process shutting down
SpawnPoolWorker-700| 2026-06-22 01:51:54,967,967 multiprocessing INFO process shutting down
SpawnPoolWorker-702| 2026-06-22 01:51:54,968,968 multiprocessing INFO process shutting down
SpawnPoolWorker-714| 2026-06-22 01:51:54,968,968 multiprocessing INFO process shutting down
SpawnPoolWorker-712| 2026-06-22 01:51:54,969,969 multiprocessing INFO process shutting down
SpawnPoolWorker-712| 2026-06-22 01:51:54,969,969 multiprocessing INFO process exiting with exitcode 0
SpawnPoolWorker-705| 2026-06-22 01:51:54,969,969 multiprocessing INFO process shutting down
SpawnPoolWorker-705| 2026-06-22 01:51:54,969,969 multiprocessing INFO process exiting with exitcode 0
SpawnPoolWorker-692| 2026-06-22 01:51:54,969,969 multiprocessing INFO process exiting with exitcode 0
SpawnPoolWorker-711| 2026-06-22 01:51:54,970,970 multiprocessing INFO process shutting down
SpawnPoolWorker-713| 2026-06-22 01:51:54,970,970 multiprocessing INFO process shutting down
SpawnPoolWorker-709| 2026-06-22 01:51:54,971,971 multiprocessing INFO process shutting down
SpawnPoolWorker-707| 2026-06-22 01:51:54,971,971 multiprocessing INFO process shutting down
SpawnPoolWorker-694| 2026-06-22 01:51:54,992,992 multiprocessing INFO process exiting with exitcode 0
SpawnPoolWorker-710| 2026-06-22 01:51:54,997,997 multiprocessing INFO process shutting down
SpawnPoolWorker-697| 2026-06-22 01:51:54,998,998 multiprocessing INFO process shutting down
SpawnPoolWorker-691| 2026-06-22 01:51:55,000,0 multiprocessing INFO process exiting with exitcode 0
SpawnPoolWorker-701| 2026-06-22 01:51:55,004,4 multiprocessing INFO process exiting with exitcode 0
SpawnPoolWorker-693| 2026-06-22 01:51:55,006,6 multiprocessing INFO process exiting with exitcode 0
SpawnPoolWorker-699| 2026-06-22 01:51:55,008,8 multiprocessing INFO process exiting with exitcode 0
SpawnPoolWorker-703| 2026-06-22 01:51:55,013,13 multiprocessing INFO process exiting with exitcode 0
SpawnPoolWorker-696| 2026-06-22 01:51:55,018,18 multiprocessing INFO process exiting with exitcode 0
SpawnPoolWorker-704| 2026-06-22 01:51:55,023,23 multiprocessing INFO process exiting with exitcode 0
SpawnPoolWorker-700| 2026-06-22 01:51:55,026,26 multiprocessing INFO process exiting with exitcode 0
SpawnPoolWorker-702| 2026-06-22 01:51:55,030,30 multiprocessing INFO process exiting with exitcode 0
SpawnPoolWorker-714| 2026-06-22 01:51:55,037,37 multiprocessing INFO process exiting with exitcode 0
SpawnPoolWorker-711| 2026-06-22 01:51:55,042,42 multiprocessing INFO process exiting with exitcode 0
SpawnPoolWorker-713| 2026-06-22 01:51:55,046,46 multiprocessing INFO process exiting with exitcode 0
SpawnPoolWorker-709| 2026-06-22 01:51:55,051,51 multiprocessing INFO process exiting with exitcode 0
SpawnPoolWorker-707| 2026-06-22 01:51:55,055,55 multiprocessing INFO process exiting with exitcode 0
SpawnPoolWorker-710| 2026-06-22 01:51:55,055,55 multiprocessing INFO process exiting with exitcode 0
SpawnPoolWorker-697| 2026-06-22 01:51:55,082,82 multiprocessing INFO process exiting with exitcode 0
SpawnPoolWorker-698| 2026-06-22 01:51:55,131,131 multiprocessing INFO process shutting down
SpawnPoolWorker-698| 2026-06-22 01:51:55,131,131 multiprocessing INFO process exiting with exitcode 0
SpawnPoolWorker-695| 2026-06-22 01:51:55,143,143 multiprocessing INFO process shutting down
SpawnPoolWorker-695| 2026-06-22 01:51:55,143,143 multiprocessing INFO process exiting with exitcode 0
28
(100000, 8)
(100000,)
(100000, 8)
(100000,)

=======================Successfully Added (3206, 8) Counter Examples=======================

MainProcess| 2026-06-22 02:02:10,917,917 multiprocessing INFO Number of potential valid equations: 0
Number of potential valid equations: 0
(55, 164)
/users/9/chen8596/miniconda3/envs/alfd/lib/python3.9/site-packages/torch/nn/functional.py:4999: UserWarning: Support for mismatched key_padding_mask and attn_mask is deprecated. Use same type for both instead.
  warnings.warn(

==============Start Supervised Learning==============

MainProcess| 2026-06-22 02:02:15,071,71 multiprocessing INFO GP output mean: 1.0
GP output mean: 1.0
MainProcess| 2026-06-22 02:02:16,429,429 multiprocessing INFO GP output success rate: 1.0
GP output success rate: 1.0
MainProcess| 2026-06-22 02:02:16,429,429 multiprocessing INFO [x2**2 + x3**2 + x5**2 + x8**2 + (x1 + x4 - 2*x6)**2 - cos(x6 + x7), x2**2 + x3**2 + x5**2 + x8**2 + (x1 + x4 - 2*x6)**2 - cos(x6 + x7), x2**2 + x3**2 + x5**2 + x8**2 + (x1 + x4 - 2*x6)**2 - cos(x2 + x7), x2**2 + x3**2 + x5**2 + x8**2 + (x1 + x4 - 2*x6)**2 - cos(x2 + x7), x2**2 + x3**2 + x5**2 + x8**2 + (x1 + x4 - 2*x6)**2 - cos(2*x7), x3**2 + x5**2 + x7**2 + x8**2 + (x1 + x4 - 2*x6)**2 - cos(x2 + x7), x2**2 + x5**2 + x7**2 + x8**2 + (x1 + x4 - 2*x6)**2 - cos(x3 + x7), x2**2 + x3**2 + x5**2 + x8**2 + (x1 + x4 - 2*x6)**2 - cos(x7 + x8), x2**2 + x3**2 + x5**2 + x8**2 + (x1 + x4 - 2*x6)**2 - cos(x7 + x8), x2**2 + x3**2 + x5**2 + x6**2 + (x1 + x4 - x6 - x8)**2 - cos(x2 + x7), x3**2 + x4**2 + x5**2 + x8**2 + (x1 + x4 - 2*x6)**2 - cos(x2 + x7), x2**2 + x3**2 + x5**2 + x8**2 + (x1*(x4 - x6) - x6)**2 - cos(x2 + x7), x3**2 + x5**2 + x6**2 + x8**2 + (x1 + x4 - x6 - x7)**2 - cos(x2 + x7), x3**2 + x5**2 + x7**2 + x8**2 + (x1 + x4 - x6 - x8)**2 - cos(x2 + x7), x2**2 + x3**2 + x5**2 + x8**2 + (x1 + x4 - 2*x6)**2 - cos(x4 + x7), x2**2 + x3**2 + x5**2 + x8**2 + (x1 + x4 - 2*x6)**2 - cos(x1 + x7), x2**2 + x3**2 + x5**2 + x8**2 + (x1 + x4*x8 - x6)**2 - cos(x2 + x7), x2**2 + x3**2 + x5**2 + x8**2 + (x1 + x4 - 2*x6)**2 - cos(x7), x2**2 + x3**2 + x5**2 + x8**2 + (x1 + x4 - 2*x6)**2 - cos(x5 + x7), x2**2 + x3**2 + x5**2 + x8**2 + (-x1 + x4 - 2*x6)**2 - cos(x6 + x7), x2**2 + x3**2 + x5**2 + x8**2 + (-x1 + x4 - 2*x6)**2 - cos(x6 + x7), x2**2 + x3**2 + x5**2 + x8**2 + (x1 + x4 - x6 - x7)**2 - cos(2*x7), x3**2 + x4**2 + x5**2 + x8**2 + (x1 + x4 - x6 - x7)**2 - cos(x2 + x7), x2**2 + x3**2 + x5**2 + x8**2 + (x1 + x4 - 2*x6)**2 - cos(x2 - x7), x3**2 + x4**2 + x5**2 + x8**2 + (x1*(x4 - x7) - x6)**2 - cos(x2 + x7), x2**2 + x3**2 + x5**2 + x8**2 + (x1 + x4 - x6 - x7)**2 - cos(x2 + x6), x3**2 + x5**2 + x7**2 + x8**2 + (x1 + x4 - x6 - x7)**2 - cos(x2 + x7), x2**2 + x3**2 + x5**2 + x8**2 + (x1 - x2 + x4 - x6)**2 - cos(x6 + x7), x2**2 + x3**2 + x5**2 + x8**2 + (x1 - x2 + x4 - x6)**2 - cos(x6 + x7), x2**2 + x3**2 + x5**2 + x8**2 + (x1 - x2 + x4 - x6)**2 - cos(x6 + x7), x3**2 + x5**2 + x7**2 + x8**2 + (x1 + x4 - x6 - x7)**2 - cos(x2 + x4), x2**2 + x3**2 + x5**2 + x8**2 + (x1 + x4 - 2*x6)**2 - cos(x3 + x7), x2**2 + x3**2 + x5**2 + x8**2 + (x1 + x4 - x6 - x7)**2 - cos(x4 + x7), x2**2 + x3**2 + x5**2 + x8**2 + (x1 + x4 - x6 + x7)**2 - cos(x2 + x7), x3**2 + x5**2 + x6**2 + x7**2 + (x1 + x4 - x6 - x8)**2 - cos(x2 + x7), x2**2 + x3**2 + x5**2 + x8**2 + (x1 + x4 - x6 + x8)**2 - cos(x2 + x7), x2**2 + x3**2 + x5**2 + x8**2 + (x1 + x4 - 2*x6)**2 - cos(x6*x7), x2**2 + x3**2 + x5**2 + x8**2 + (x1 + x4 - 2*x6)**2 - cos(x6*x7), x2**2 + x3**2 + x5**2 + x8**2 + (x1 + x4 - x6)**2 - cos(2*x7)]
[x2**2 + x3**2 + x5**2 + x8**2 + (x1 + x4 - 2*x6)**2 - cos(x6 + x7), x2**2 + x3**2 + x5**2 + x8**2 + (x1 + x4 - 2*x6)**2 - cos(x6 + x7), x2**2 + x3**2 + x5**2 + x8**2 + (x1 + x4 - 2*x6)**2 - cos(x2 + x7), x2**2 + x3**2 + x5**2 + x8**2 + (x1 + x4 - 2*x6)**2 - cos(x2 + x7), x2**2 + x3**2 + x5**2 + x8**2 + (x1 + x4 - 2*x6)**2 - cos(2*x7), x3**2 + x5**2 + x7**2 + x8**2 + (x1 + x4 - 2*x6)**2 - cos(x2 + x7), x2**2 + x5**2 + x7**2 + x8**2 + (x1 + x4 - 2*x6)**2 - cos(x3 + x7), x2**2 + x3**2 + x5**2 + x8**2 + (x1 + x4 - 2*x6)**2 - cos(x7 + x8), x2**2 + x3**2 + x5**2 + x8**2 + (x1 + x4 - 2*x6)**2 - cos(x7 + x8), x2**2 + x3**2 + x5**2 + x6**2 + (x1 + x4 - x6 - x8)**2 - cos(x2 + x7), x3**2 + x4**2 + x5**2 + x8**2 + (x1 + x4 - 2*x6)**2 - cos(x2 + x7), x2**2 + x3**2 + x5**2 + x8**2 + (x1*(x4 - x6) - x6)**2 - cos(x2 + x7), x3**2 + x5**2 + x6**2 + x8**2 + (x1 + x4 - x6 - x7)**2 - cos(x2 + x7), x3**2 + x5**2 + x7**2 + x8**2 + (x1 + x4 - x6 - x8)**2 - cos(x2 + x7), x2**2 + x3**2 + x5**2 + x8**2 + (x1 + x4 - 2*x6)**2 - cos(x4 + x7), x2**2 + x3**2 + x5**2 + x8**2 + (x1 + x4 - 2*x6)**2 - cos(x1 + x7), x2**2 + x3**2 + x5**2 + x8**2 + (x1 + x4*x8 - x6)**2 - cos(x2 + x7), x2**2 + x3**2 + x5**2 + x8**2 + (x1 + x4 - 2*x6)**2 - cos(x7), x2**2 + x3**2 + x5**2 + x8**2 + (x1 + x4 - 2*x6)**2 - cos(x5 + x7), x2**2 + x3**2 + x5**2 + x8**2 + (-x1 + x4 - 2*x6)**2 - cos(x6 + x7), x2**2 + x3**2 + x5**2 + x8**2 + (-x1 + x4 - 2*x6)**2 - cos(x6 + x7), x2**2 + x3**2 + x5**2 + x8**2 + (x1 + x4 - x6 - x7)**2 - cos(2*x7), x3**2 + x4**2 + x5**2 + x8**2 + (x1 + x4 - x6 - x7)**2 - cos(x2 + x7), x2**2 + x3**2 + x5**2 + x8**2 + (x1 + x4 - 2*x6)**2 - cos(x2 - x7), x3**2 + x4**2 + x5**2 + x8**2 + (x1*(x4 - x7) - x6)**2 - cos(x2 + x7), x2**2 + x3**2 + x5**2 + x8**2 + (x1 + x4 - x6 - x7)**2 - cos(x2 + x6), x3**2 + x5**2 + x7**2 + x8**2 + (x1 + x4 - x6 - x7)**2 - cos(x2 + x7), x2**2 + x3**2 + x5**2 + x8**2 + (x1 - x2 + x4 - x6)**2 - cos(x6 + x7), x2**2 + x3**2 + x5**2 + x8**2 + (x1 - x2 + x4 - x6)**2 - cos(x6 + x7), x2**2 + x3**2 + x5**2 + x8**2 + (x1 - x2 + x4 - x6)**2 - cos(x6 + x7), x3**2 + x5**2 + x7**2 + x8**2 + (x1 + x4 - x6 - x7)**2 - cos(x2 + x4), x2**2 + x3**2 + x5**2 + x8**2 + (x1 + x4 - 2*x6)**2 - cos(x3 + x7), x2**2 + x3**2 + x5**2 + x8**2 + (x1 + x4 - x6 - x7)**2 - cos(x4 + x7), x2**2 + x3**2 + x5**2 + x8**2 + (x1 + x4 - x6 + x7)**2 - cos(x2 + x7), x3**2 + x5**2 + x6**2 + x7**2 + (x1 + x4 - x6 - x8)**2 - cos(x2 + x7), x2**2 + x3**2 + x5**2 + x8**2 + (x1 + x4 - x6 + x8)**2 - cos(x2 + x7), x2**2 + x3**2 + x5**2 + x8**2 + (x1 + x4 - 2*x6)**2 - cos(x6*x7), x2**2 + x3**2 + x5**2 + x8**2 + (x1 + x4 - 2*x6)**2 - cos(x6*x7), x2**2 + x3**2 + x5**2 + x8**2 + (x1 + x4 - x6)**2 - cos(2*x7)]

==============End Supervised Learning==============

/users/9/chen8596/LyaDis/repro/runs/poly8d/utils/train.py:971: RuntimeWarning: divide by zero encountered in divide
  error = np.abs(((y_hat - y) / y))
/users/9/chen8596/.local/lib/python3.9/site-packages/scipy/stats/_stats_py.py:4424: ConstantInputWarning: An input array is constant; the correlation coefficient is not defined.
  warnings.warn(stats.ConstantInputWarning(msg))
MainProcess| 2026-06-22 02:12:29,749,749 multiprocessing INFO [Test epoch=0021]  nevals=288957 	| train_loss=12637.26172 	| eqs_invalid %=0.00 	| r_best=0.99814 	| quantile=0.28635 	| r_quantile_mean=0.94264 	| r_raw_sum=52.41582 	|  r_raw_mean=0.90372 	| r2=nan 	| acc_iid=0.00000 	| acc_ood=0.00000 	| nmse_test=0.0 	| true_equation_set_count=0 	| s/it=1484.70727
[Test epoch=0021]  nevals=288957 	| train_loss=12637.26172 	| eqs_invalid %=0.00 	| r_best=0.99814 	| quantile=0.28635 	| r_quantile_mean=0.94264 	| r_raw_sum=52.41582 	|  r_raw_mean=0.90372 	| r2=nan 	| acc_iid=0.00000 	| acc_ood=0.00000 	| nmse_test=0.0 	| true_equation_set_count=0 	| s/it=1484.70727
MainProcess| 2026-06-22 02:12:29,749,749 multiprocessing INFO [00:03:10:05.71] Training epoch 21/4000, current best R: 0.9981
[00:03:10:05.71] Training epoch 21/4000, current best R: 0.9981
MainProcess| 2026-06-22 02:12:29,749,749 multiprocessing INFO 
	** New best

	** New best
MainProcess| 2026-06-22 02:12:29,749,749 multiprocessing INFO 	Reward: 0.9981389911260703
	Reward: 0.9981389911260703
MainProcess| 2026-06-22 02:12:29,749,749 multiprocessing INFO 	Count Off-policy: 1
	Count Off-policy: 1
MainProcess| 2026-06-22 02:12:29,750,750 multiprocessing INFO 	Count On-policy: 0
	Count On-policy: 0
MainProcess| 2026-06-22 02:12:29,750,750 multiprocessing INFO 	Originally on Policy: False
	Originally on Policy: False
MainProcess| 2026-06-22 02:12:29,750,750 multiprocessing INFO 	Invalid: False
	Invalid: False
MainProcess| 2026-06-22 02:12:29,750,750 multiprocessing INFO 	Traversal: add,add,add,n2,x8,n2,x3,add,sub,n2,x5,cos,add,x7,x2,n2,sub,add,sub,x4,x6,x1,x6,n2,x4
	Traversal: add,add,add,n2,x8,n2,x3,add,sub,n2,x5,cos,add,x7,x2,n2,sub,add,sub,x4,x6,x1,x6,n2,x4
MainProcess| 2026-06-22 02:12:29,750,750 multiprocessing INFO 	Expression:
	Expression:
MainProcess| 2026-06-22 02:12:29,751,751 multiprocessing INFO 
	    2     2     2     2                   2               
	  x₃  + x₄  + x₅  + x₈  + (x₁ + x₄ - 2⋅x₆)  - cos(x₂ + x₇)


	    2     2     2     2                   2               
	  x₃  + x₄  + x₅  + x₈  + (x₁ + x₄ - 2⋅x₆)  - cos(x₂ + x₇)

MainProcess| 2026-06-22 02:14:39,342,342 multiprocessing INFO Genetic Porgramming Runtime 128.3053934329655
Genetic Porgramming Runtime 128.3053934329655

=========================PGD Collection Starts=========================

SpawnPoolWorker-716| 2026-06-22 02:14:45,585,585 multiprocessing INFO STARTING NEW RUN ==========
SpawnPoolWorker-716| 2026-06-22 02:14:45,586,586 multiprocessing INFO SEE LOG AT : ./logs/all_Lyapunov_test_dso-fn_d_all_n_01_log.txt
SpawnPoolWorker-716| 2026-06-22 02:14:45,586,586 multiprocessing INFO See log at : ./logs/all_Lyapunov_test_dso-fn_d_all_n_01_log.txt
SpawnPoolWorker-721| 2026-06-22 02:14:45,586,586 multiprocessing INFO STARTING NEW RUN ==========
SpawnPoolWorker-721| 2026-06-22 02:14:45,586,586 multiprocessing INFO SEE LOG AT : ./logs/all_Lyapunov_test_dso-fn_d_all_n_01_log.txt
SpawnPoolWorker-721| 2026-06-22 02:14:45,586,586 multiprocessing INFO See log at : ./logs/all_Lyapunov_test_dso-fn_d_all_n_01_log.txt
SpawnPoolWorker-716| 2026-06-22 02:14:45,589,589 multiprocessing INFO child process calling self.run()
SpawnPoolWorker-723| 2026-06-22 02:14:45,589,589 multiprocessing INFO STARTING NEW RUN ==========
SpawnPoolWorker-723| 2026-06-22 02:14:45,589,589 multiprocessing INFO SEE LOG AT : ./logs/all_Lyapunov_test_dso-fn_d_all_n_01_log.txt
SpawnPoolWorker-723| 2026-06-22 02:14:45,589,589 multiprocessing INFO See log at : ./logs/all_Lyapunov_test_dso-fn_d_all_n_01_log.txt
SpawnPoolWorker-723| 2026-06-22 02:14:45,591,591 multiprocessing INFO child process calling self.run()
SpawnPoolWorker-721| 2026-06-22 02:14:45,591,591 multiprocessing INFO child process calling self.run()
SpawnPoolWorker-724| 2026-06-22 02:14:45,592,592 multiprocessing INFO STARTING NEW RUN ==========
SpawnPoolWorker-720| 2026-06-22 02:14:45,592,592 multiprocessing INFO STARTING NEW RUN ==========
SpawnPoolWorker-717| 2026-06-22 02:14:45,592,592 multiprocessing INFO STARTING NEW RUN ==========
SpawnPoolWorker-724| 2026-06-22 02:14:45,592,592 multiprocessing INFO SEE LOG AT : ./logs/all_Lyapunov_test_dso-fn_d_all_n_01_log.txt
SpawnPoolWorker-724| 2026-06-22 02:14:45,592,592 multiprocessing INFO See log at : ./logs/all_Lyapunov_test_dso-fn_d_all_n_01_log.txt
SpawnPoolWorker-720| 2026-06-22 02:14:45,593,593 multiprocessing INFO SEE LOG AT : ./logs/all_Lyapunov_test_dso-fn_d_all_n_01_log.txt
SpawnPoolWorker-717| 2026-06-22 02:14:45,593,593 multiprocessing INFO SEE LOG AT : ./logs/all_Lyapunov_test_dso-fn_d_all_n_01_log.txt
SpawnPoolWorker-720| 2026-06-22 02:14:45,593,593 multiprocessing INFO See log at : ./logs/all_Lyapunov_test_dso-fn_d_all_n_01_log.txt
SpawnPoolWorker-717| 2026-06-22 02:14:45,593,593 multiprocessing INFO See log at : ./logs/all_Lyapunov_test_dso-fn_d_all_n_01_log.txt
SpawnPoolWorker-724| 2026-06-22 02:14:45,594,594 multiprocessing INFO child process calling self.run()
SpawnPoolWorker-720| 2026-06-22 02:14:45,594,594 multiprocessing INFO child process calling self.run()
SpawnPoolWorker-717| 2026-06-22 02:14:45,594,594 multiprocessing INFO child process calling self.run()
SpawnPoolWorker-718| 2026-06-22 02:14:45,595,595 multiprocessing INFO STARTING NEW RUN ==========
SpawnPoolWorker-718| 2026-06-22 02:14:45,595,595 multiprocessing INFO SEE LOG AT : ./logs/all_Lyapunov_test_dso-fn_d_all_n_01_log.txt
SpawnPoolWorker-718| 2026-06-22 02:14:45,595,595 multiprocessing INFO See log at : ./logs/all_Lyapunov_test_dso-fn_d_all_n_01_log.txt
SpawnPoolWorker-715| 2026-06-22 02:14:45,596,596 multiprocessing INFO STARTING NEW RUN ==========
SpawnPoolWorker-715| 2026-06-22 02:14:45,596,596 multiprocessing INFO SEE LOG AT : ./logs/all_Lyapunov_test_dso-fn_d_all_n_01_log.txt
SpawnPoolWorker-715| 2026-06-22 02:14:45,596,596 multiprocessing INFO See log at : ./logs/all_Lyapunov_test_dso-fn_d_all_n_01_log.txt
SpawnPoolWorker-722| 2026-06-22 02:14:45,596,596 multiprocessing INFO STARTING NEW RUN ==========
SpawnPoolWorker-722| 2026-06-22 02:14:45,596,596 multiprocessing INFO SEE LOG AT : ./logs/all_Lyapunov_test_dso-fn_d_all_n_01_log.txt
SpawnPoolWorker-722| 2026-06-22 02:14:45,596,596 multiprocessing INFO See log at : ./logs/all_Lyapunov_test_dso-fn_d_all_n_01_log.txt
SpawnPoolWorker-718| 2026-06-22 02:14:45,597,597 multiprocessing INFO child process calling self.run()
SpawnPoolWorker-719| 2026-06-22 02:14:45,598,598 multiprocessing INFO STARTING NEW RUN ==========
SpawnPoolWorker-719| 2026-06-22 02:14:45,598,598 multiprocessing INFO SEE LOG AT : ./logs/all_Lyapunov_test_dso-fn_d_all_n_01_log.txt
SpawnPoolWorker-719| 2026-06-22 02:14:45,598,598 multiprocessing INFO See log at : ./logs/all_Lyapunov_test_dso-fn_d_all_n_01_log.txt
SpawnPoolWorker-722| 2026-06-22 02:14:45,598,598 multiprocessing INFO child process calling self.run()
SpawnPoolWorker-719| 2026-06-22 02:14:45,600,600 multiprocessing INFO child process calling self.run()
SpawnPoolWorker-715| 2026-06-22 02:14:45,600,600 multiprocessing INFO child process calling self.run()
SpawnPoolWorker-716| 2026-06-22 02:15:03,863,863 multiprocessing INFO process shutting down
SpawnPoolWorker-723| 2026-06-22 02:15:03,863,863 multiprocessing INFO process shutting down
SpawnPoolWorker-715| 2026-06-22 02:15:03,863,863 multiprocessing INFO process shutting down
SpawnPoolWorker-721| 2026-06-22 02:15:03,863,863 multiprocessing INFO process shutting down
SpawnPoolWorker-718| 2026-06-22 02:15:03,863,863 multiprocessing INFO process shutting down
SpawnPoolWorker-719| 2026-06-22 02:15:03,863,863 multiprocessing INFO process shutting down
SpawnPoolWorker-716| 2026-06-22 02:15:03,863,863 multiprocessing INFO process exiting with exitcode 0
SpawnPoolWorker-723| 2026-06-22 02:15:03,863,863 multiprocessing INFO process exiting with exitcode 0
SpawnPoolWorker-721| 2026-06-22 02:15:03,863,863 multiprocessing INFO process exiting with exitcode 0
SpawnPoolWorker-720| 2026-06-22 02:15:03,863,863 multiprocessing INFO process shutting down
SpawnPoolWorker-715| 2026-06-22 02:15:03,863,863 multiprocessing INFO process exiting with exitcode 0
SpawnPoolWorker-718| 2026-06-22 02:15:03,863,863 multiprocessing INFO process exiting with exitcode 0
SpawnPoolWorker-719| 2026-06-22 02:15:03,863,863 multiprocessing INFO process exiting with exitcode 0
SpawnPoolWorker-720| 2026-06-22 02:15:03,863,863 multiprocessing INFO process exiting with exitcode 0
SpawnPoolWorker-724| 2026-06-22 02:15:03,864,864 multiprocessing INFO process shutting down
(20000,)

===================Collect 20000 Examples===================

Epsilon 0.1
500
(550,)
(550,)
(55,)
Number of Programs for Minimization: 29
SpawnPoolWorker-736| 2026-06-22 02:15:23,158,158 multiprocessing INFO STARTING NEW RUN ==========
SpawnPoolWorker-736| 2026-06-22 02:15:23,158,158 multiprocessing INFO SEE LOG AT : ./logs/all_Lyapunov_test_dso-fn_d_all_n_01_log.txt
SpawnPoolWorker-736| 2026-06-22 02:15:23,158,158 multiprocessing INFO See log at : ./logs/all_Lyapunov_test_dso-fn_d_all_n_01_log.txt
SpawnPoolWorker-725| 2026-06-22 02:15:23,160,160 multiprocessing INFO STARTING NEW RUN ==========
SpawnPoolWorker-725| 2026-06-22 02:15:23,160,160 multiprocessing INFO SEE LOG AT : ./logs/all_Lyapunov_test_dso-fn_d_all_n_01_log.txt
SpawnPoolWorker-725| 2026-06-22 02:15:23,160,160 multiprocessing INFO See log at : ./logs/all_Lyapunov_test_dso-fn_d_all_n_01_log.txt
SpawnPoolWorker-725| 2026-06-22 02:15:23,164,164 multiprocessing INFO child process calling self.run()
SpawnPoolWorker-736| 2026-06-22 02:15:23,166,166 multiprocessing INFO child process calling self.run()
SpawnPoolWorker-726| 2026-06-22 02:15:23,181,181 multiprocessing INFO STARTING NEW RUN ==========
SpawnPoolWorker-726| 2026-06-22 02:15:23,181,181 multiprocessing INFO SEE LOG AT : ./logs/all_Lyapunov_test_dso-fn_d_all_n_01_log.txt
SpawnPoolWorker-726| 2026-06-22 02:15:23,181,181 multiprocessing INFO See log at : ./logs/all_Lyapunov_test_dso-fn_d_all_n_01_log.txt
SpawnPoolWorker-726| 2026-06-22 02:15:23,186,186 multiprocessing INFO child process calling self.run()
SpawnPoolWorker-732| 2026-06-22 02:15:23,408,408 multiprocessing INFO STARTING NEW RUN ==========
SpawnPoolWorker-732| 2026-06-22 02:15:23,408,408 multiprocessing INFO SEE LOG AT : ./logs/all_Lyapunov_test_dso-fn_d_all_n_01_log.txt
SpawnPoolWorker-732| 2026-06-22 02:15:23,408,408 multiprocessing INFO See log at : ./logs/all_Lyapunov_test_dso-fn_d_all_n_01_log.txt
SpawnPoolWorker-732| 2026-06-22 02:15:23,414,414 multiprocessing INFO child process calling self.run()
SpawnPoolWorker-735| 2026-06-22 02:15:23,755,755 multiprocessing INFO STARTING NEW RUN ==========
SpawnPoolWorker-735| 2026-06-22 02:15:23,755,755 multiprocessing INFO SEE LOG AT : ./logs/all_Lyapunov_test_dso-fn_d_all_n_01_log.txt
SpawnPoolWorker-735| 2026-06-22 02:15:23,755,755 multiprocessing INFO See log at : ./logs/all_Lyapunov_test_dso-fn_d_all_n_01_log.txt
SpawnPoolWorker-735| 2026-06-22 02:15:23,759,759 multiprocessing INFO child process calling self.run()
SpawnPoolWorker-739| 2026-06-22 02:15:23,851,851 multiprocessing INFO STARTING NEW RUN ==========
SpawnPoolWorker-739| 2026-06-22 02:15:23,851,851 multiprocessing INFO SEE LOG AT : ./logs/all_Lyapunov_test_dso-fn_d_all_n_01_log.txt
SpawnPoolWorker-739| 2026-06-22 02:15:23,851,851 multiprocessing INFO See log at : ./logs/all_Lyapunov_test_dso-fn_d_all_n_01_log.txt
SpawnPoolWorker-739| 2026-06-22 02:15:23,853,853 multiprocessing INFO child process calling self.run()
SpawnPoolWorker-738| 2026-06-22 02:15:23,941,941 multiprocessing INFO STARTING NEW RUN ==========
SpawnPoolWorker-738| 2026-06-22 02:15:23,941,941 multiprocessing INFO SEE LOG AT : ./logs/all_Lyapunov_test_dso-fn_d_all_n_01_log.txt
SpawnPoolWorker-738| 2026-06-22 02:15:23,941,941 multiprocessing INFO See log at : ./logs/all_Lyapunov_test_dso-fn_d_all_n_01_log.txt
SpawnPoolWorker-738| 2026-06-22 02:15:23,943,943 multiprocessing INFO child process calling self.run()
SpawnPoolWorker-743| 2026-06-22 02:15:24,029,29 multiprocessing INFO STARTING NEW RUN ==========
SpawnPoolWorker-743| 2026-06-22 02:15:24,029,29 multiprocessing INFO SEE LOG AT : ./logs/all_Lyapunov_test_dso-fn_d_all_n_01_log.txt
SpawnPoolWorker-743| 2026-06-22 02:15:24,029,29 multiprocessing INFO See log at : ./logs/all_Lyapunov_test_dso-fn_d_all_n_01_log.txt
SpawnPoolWorker-743| 2026-06-22 02:15:24,036,36 multiprocessing INFO child process calling self.run()
SpawnPoolWorker-741| 2026-06-22 02:15:24,165,165 multiprocessing INFO STARTING NEW RUN ==========
SpawnPoolWorker-741| 2026-06-22 02:15:24,166,166 multiprocessing INFO SEE LOG AT : ./logs/all_Lyapunov_test_dso-fn_d_all_n_01_log.txt
SpawnPoolWorker-741| 2026-06-22 02:15:24,166,166 multiprocessing INFO See log at : ./logs/all_Lyapunov_test_dso-fn_d_all_n_01_log.txt
SpawnPoolWorker-741| 2026-06-22 02:15:24,167,167 multiprocessing INFO child process calling self.run()
SpawnPoolWorker-744| 2026-06-22 02:15:24,436,436 multiprocessing INFO STARTING NEW RUN ==========
SpawnPoolWorker-744| 2026-06-22 02:15:24,436,436 multiprocessing INFO SEE LOG AT : ./logs/all_Lyapunov_test_dso-fn_d_all_n_01_log.txt
SpawnPoolWorker-744| 2026-06-22 02:15:24,436,436 multiprocessing INFO See log at : ./logs/all_Lyapunov_test_dso-fn_d_all_n_01_log.txt
SpawnPoolWorker-744| 2026-06-22 02:15:24,442,442 multiprocessing INFO child process calling self.run()
SpawnPoolWorker-731| 2026-06-22 02:15:24,577,577 multiprocessing INFO STARTING NEW RUN ==========
SpawnPoolWorker-731| 2026-06-22 02:15:24,577,577 multiprocessing INFO SEE LOG AT : ./logs/all_Lyapunov_test_dso-fn_d_all_n_01_log.txt
SpawnPoolWorker-731| 2026-06-22 02:15:24,577,577 multiprocessing INFO See log at : ./logs/all_Lyapunov_test_dso-fn_d_all_n_01_log.txt
SpawnPoolWorker-731| 2026-06-22 02:15:24,579,579 multiprocessing INFO child process calling self.run()
SpawnPoolWorker-740| 2026-06-22 02:15:24,799,799 multiprocessing INFO STARTING NEW RUN ==========
SpawnPoolWorker-740| 2026-06-22 02:15:24,799,799 multiprocessing INFO SEE LOG AT : ./logs/all_Lyapunov_test_dso-fn_d_all_n_01_log.txt
SpawnPoolWorker-740| 2026-06-22 02:15:24,799,799 multiprocessing INFO See log at : ./logs/all_Lyapunov_test_dso-fn_d_all_n_01_log.txt
SpawnPoolWorker-740| 2026-06-22 02:15:24,801,801 multiprocessing INFO child process calling self.run()
SpawnPoolWorker-728| 2026-06-22 02:15:24,847,847 multiprocessing INFO STARTING NEW RUN ==========
SpawnPoolWorker-728| 2026-06-22 02:15:24,847,847 multiprocessing INFO SEE LOG AT : ./logs/all_Lyapunov_test_dso-fn_d_all_n_01_log.txt
SpawnPoolWorker-728| 2026-06-22 02:15:24,847,847 multiprocessing INFO See log at : ./logs/all_Lyapunov_test_dso-fn_d_all_n_01_log.txt
SpawnPoolWorker-728| 2026-06-22 02:15:24,850,850 multiprocessing INFO child process calling self.run()
SpawnPoolWorker-747| 2026-06-22 02:15:25,227,227 multiprocessing INFO STARTING NEW RUN ==========
SpawnPoolWorker-747| 2026-06-22 02:15:25,227,227 multiprocessing INFO SEE LOG AT : ./logs/all_Lyapunov_test_dso-fn_d_all_n_01_log.txt
SpawnPoolWorker-747| 2026-06-22 02:15:25,227,227 multiprocessing INFO See log at : ./logs/all_Lyapunov_test_dso-fn_d_all_n_01_log.txt
SpawnPoolWorker-747| 2026-06-22 02:15:25,231,231 multiprocessing INFO child process calling self.run()
SpawnPoolWorker-729| 2026-06-22 02:15:25,298,298 multiprocessing INFO STARTING NEW RUN ==========
SpawnPoolWorker-729| 2026-06-22 02:15:25,298,298 multiprocessing INFO SEE LOG AT : ./logs/all_Lyapunov_test_dso-fn_d_all_n_01_log.txt
SpawnPoolWorker-729| 2026-06-22 02:15:25,298,298 multiprocessing INFO See log at : ./logs/all_Lyapunov_test_dso-fn_d_all_n_01_log.txt
SpawnPoolWorker-729| 2026-06-22 02:15:25,306,306 multiprocessing INFO child process calling self.run()
SpawnPoolWorker-730| 2026-06-22 02:15:25,367,367 multiprocessing INFO STARTING NEW RUN ==========
SpawnPoolWorker-730| 2026-06-22 02:15:25,367,367 multiprocessing INFO SEE LOG AT : ./logs/all_Lyapunov_test_dso-fn_d_all_n_01_log.txt
SpawnPoolWorker-730| 2026-06-22 02:15:25,367,367 multiprocessing INFO See log at : ./logs/all_Lyapunov_test_dso-fn_d_all_n_01_log.txt
SpawnPoolWorker-730| 2026-06-22 02:15:25,371,371 multiprocessing INFO child process calling self.run()
SpawnPoolWorker-737| 2026-06-22 02:15:25,421,421 multiprocessing INFO STARTING NEW RUN ==========
SpawnPoolWorker-737| 2026-06-22 02:15:25,421,421 multiprocessing INFO SEE LOG AT : ./logs/all_Lyapunov_test_dso-fn_d_all_n_01_log.txt
SpawnPoolWorker-737| 2026-06-22 02:15:25,421,421 multiprocessing INFO See log at : ./logs/all_Lyapunov_test_dso-fn_d_all_n_01_log.txt
SpawnPoolWorker-737| 2026-06-22 02:15:25,423,423 multiprocessing INFO child process calling self.run()
SpawnPoolWorker-742| 2026-06-22 02:15:26,007,7 multiprocessing INFO STARTING NEW RUN ==========
SpawnPoolWorker-742| 2026-06-22 02:15:26,007,7 multiprocessing INFO SEE LOG AT : ./logs/all_Lyapunov_test_dso-fn_d_all_n_01_log.txt
SpawnPoolWorker-742| 2026-06-22 02:15:26,007,7 multiprocessing INFO See log at : ./logs/all_Lyapunov_test_dso-fn_d_all_n_01_log.txt
SpawnPoolWorker-742| 2026-06-22 02:15:26,008,8 multiprocessing INFO child process calling self.run()
SpawnPoolWorker-746| 2026-06-22 02:15:26,115,115 multiprocessing INFO STARTING NEW RUN ==========
SpawnPoolWorker-746| 2026-06-22 02:15:26,115,115 multiprocessing INFO SEE LOG AT : ./logs/all_Lyapunov_test_dso-fn_d_all_n_01_log.txt
SpawnPoolWorker-746| 2026-06-22 02:15:26,115,115 multiprocessing INFO See log at : ./logs/all_Lyapunov_test_dso-fn_d_all_n_01_log.txt
SpawnPoolWorker-746| 2026-06-22 02:15:26,116,116 multiprocessing INFO child process calling self.run()
SpawnPoolWorker-745| 2026-06-22 02:15:26,369,369 multiprocessing INFO STARTING NEW RUN ==========
SpawnPoolWorker-745| 2026-06-22 02:15:26,369,369 multiprocessing INFO SEE LOG AT : ./logs/all_Lyapunov_test_dso-fn_d_all_n_01_log.txt
SpawnPoolWorker-745| 2026-06-22 02:15:26,370,370 multiprocessing INFO See log at : ./logs/all_Lyapunov_test_dso-fn_d_all_n_01_log.txt
SpawnPoolWorker-745| 2026-06-22 02:15:26,373,373 multiprocessing INFO child process calling self.run()
SpawnPoolWorker-748| 2026-06-22 02:15:26,465,465 multiprocessing INFO STARTING NEW RUN ==========
SpawnPoolWorker-748| 2026-06-22 02:15:26,465,465 multiprocessing INFO SEE LOG AT : ./logs/all_Lyapunov_test_dso-fn_d_all_n_01_log.txt
SpawnPoolWorker-748| 2026-06-22 02:15:26,465,465 multiprocessing INFO See log at : ./logs/all_Lyapunov_test_dso-fn_d_all_n_01_log.txt
SpawnPoolWorker-748| 2026-06-22 02:15:26,467,467 multiprocessing INFO child process calling self.run()
SpawnPoolWorker-733| 2026-06-22 02:15:26,657,657 multiprocessing INFO STARTING NEW RUN ==========
SpawnPoolWorker-733| 2026-06-22 02:15:26,657,657 multiprocessing INFO SEE LOG AT : ./logs/all_Lyapunov_test_dso-fn_d_all_n_01_log.txt
SpawnPoolWorker-733| 2026-06-22 02:15:26,657,657 multiprocessing INFO See log at : ./logs/all_Lyapunov_test_dso-fn_d_all_n_01_log.txt
SpawnPoolWorker-733| 2026-06-22 02:15:26,662,662 multiprocessing INFO child process calling self.run()
SpawnPoolWorker-734| 2026-06-22 02:15:26,919,919 multiprocessing INFO STARTING NEW RUN ==========
SpawnPoolWorker-734| 2026-06-22 02:15:26,919,919 multiprocessing INFO SEE LOG AT : ./logs/all_Lyapunov_test_dso-fn_d_all_n_01_log.txt
SpawnPoolWorker-734| 2026-06-22 02:15:26,919,919 multiprocessing INFO See log at : ./logs/all_Lyapunov_test_dso-fn_d_all_n_01_log.txt
SpawnPoolWorker-734| 2026-06-22 02:15:26,921,921 multiprocessing INFO child process calling self.run()
SpawnPoolWorker-727| 2026-06-22 02:15:27,537,537 multiprocessing INFO STARTING NEW RUN ==========
SpawnPoolWorker-727| 2026-06-22 02:15:27,537,537 multiprocessing INFO SEE LOG AT : ./logs/all_Lyapunov_test_dso-fn_d_all_n_01_log.txt
SpawnPoolWorker-727| 2026-06-22 02:15:27,537,537 multiprocessing INFO See log at : ./logs/all_Lyapunov_test_dso-fn_d_all_n_01_log.txt
SpawnPoolWorker-727| 2026-06-22 02:15:27,546,546 multiprocessing INFO child process calling self.run()
SpawnPoolWorker-740| 2026-06-22 02:16:45,420,420 multiprocessing INFO process shutting down
SpawnPoolWorker-726| 2026-06-22 02:16:45,420,420 multiprocessing INFO process shutting down
SpawnPoolWorker-730| 2026-06-22 02:16:45,421,421 multiprocessing INFO process shutting down
SpawnPoolWorker-739| 2026-06-22 02:16:45,421,421 multiprocessing INFO process shutting down
SpawnPoolWorker-745| 2026-06-22 02:16:45,421,421 multiprocessing INFO process shutting down
SpawnPoolWorker-726| 2026-06-22 02:16:45,421,421 multiprocessing INFO process exiting with exitcode 0
SpawnPoolWorker-740| 2026-06-22 02:16:45,421,421 multiprocessing INFO process exiting with exitcode 0
SpawnPoolWorker-730| 2026-06-22 02:16:45,421,421 multiprocessing INFO process exiting with exitcode 0
SpawnPoolWorker-739| 2026-06-22 02:16:45,421,421 multiprocessing INFO process exiting with exitcode 0
SpawnPoolWorker-745| 2026-06-22 02:16:45,422,422 multiprocessing INFO process exiting with exitcode 0
SpawnPoolWorker-725| 2026-06-22 02:16:45,421,421 multiprocessing INFO process shutting down
SpawnPoolWorker-729| 2026-06-22 02:16:45,421,421 multiprocessing INFO process shutting down
SpawnPoolWorker-738| 2026-06-22 02:16:45,422,422 multiprocessing INFO process shutting down
SpawnPoolWorker-733| 2026-06-22 02:16:45,422,422 multiprocessing INFO process shutting down
SpawnPoolWorker-732| 2026-06-22 02:16:45,422,422 multiprocessing INFO process shutting down
SpawnPoolWorker-731| 2026-06-22 02:16:45,422,422 multiprocessing INFO process shutting down
SpawnPoolWorker-742| 2026-06-22 02:16:45,422,422 multiprocessing INFO process shutting down
SpawnPoolWorker-748| 2026-06-22 02:16:45,423,423 multiprocessing INFO process shutting down
SpawnPoolWorker-743| 2026-06-22 02:16:45,423,423 multiprocessing INFO process shutting down
SpawnPoolWorker-746| 2026-06-22 02:16:45,423,423 multiprocessing INFO process shutting down
SpawnPoolWorker-741| 2026-06-22 02:16:45,423,423 multiprocessing INFO process shutting down
SpawnPoolWorker-744| 2026-06-22 02:16:45,423,423 multiprocessing INFO process shutting down
SpawnPoolWorker-729| 2026-06-22 02:16:45,424,424 multiprocessing INFO process exiting with exitcode 0
SpawnPoolWorker-734| 2026-06-22 02:16:45,425,425 multiprocessing INFO process shutting down
SpawnPoolWorker-747| 2026-06-22 02:16:45,425,425 multiprocessing INFO process shutting down
SpawnPoolWorker-727| 2026-06-22 02:16:45,426,426 multiprocessing INFO process shutting down
SpawnPoolWorker-736| 2026-06-22 02:16:45,428,428 multiprocessing INFO process shutting down
SpawnPoolWorker-728| 2026-06-22 02:16:45,428,428 multiprocessing INFO process shutting down
SpawnPoolWorker-725| 2026-06-22 02:16:45,429,429 multiprocessing INFO process exiting with exitcode 0
SpawnPoolWorker-738| 2026-06-22 02:16:45,429,429 multiprocessing INFO process exiting with exitcode 0
SpawnPoolWorker-728| 2026-06-22 02:16:45,429,429 multiprocessing INFO process exiting with exitcode 0
SpawnPoolWorker-735| 2026-06-22 02:16:45,430,430 multiprocessing INFO process shutting down
SpawnPoolWorker-733| 2026-06-22 02:16:45,437,437 multiprocessing INFO process exiting with exitcode 0
29
(100000, 8)
(100000,)
(100000, 8)
(100000,)

=======================Successfully Added (50000, 8) Counter Examples=======================


============None of the candidates fulfill the conditions. Training CONTINUES!=================

MainProcess| 2026-06-22 02:16:49,310,310 multiprocessing INFO 
============None of the candidates fulfill the conditions. Training CONTINUES!=================


============None of the candidates fulfill the conditions. Training CONTINUES!=================

(55, 164)
/users/9/chen8596/miniconda3/envs/alfd/lib/python3.9/site-packages/torch/nn/functional.py:4999: UserWarning: Support for mismatched key_padding_mask and attn_mask is deprecated. Use same type for both instead.
  warnings.warn(

==============Start Supervised Learning==============

MainProcess| 2026-06-22 02:17:01,095,95 multiprocessing INFO GP output mean: 0.8802281107240065
GP output mean: 0.8802281107240065
MainProcess| 2026-06-22 02:17:02,193,193 multiprocessing INFO GP output success rate: 0.0
GP output success rate: 0.0

==============End Supervised Learning==============

MainProcess| 2026-06-22 02:17:07,945,945 multiprocessing INFO [Test epoch=0022]  nevals=302686 	| train_loss=6056.98486 	| eqs_invalid %=0.00 	| r_best=0.99814 	| quantile=0.46544 	| r_quantile_mean=0.78450 	| r_raw_sum=45.05635 	|  r_raw_mean=0.73863 	| r2=nan 	| acc_iid=0.00000 	| acc_ood=0.00000 	| nmse_test=0.0 	| true_equation_set_count=0 	| s/it=278.19367
[Test epoch=0022]  nevals=302686 	| train_loss=6056.98486 	| eqs_invalid %=0.00 	| r_best=0.99814 	| quantile=0.46544 	| r_quantile_mean=0.78450 	| r_raw_sum=45.05635 	|  r_raw_mean=0.73863 	| r2=nan 	| acc_iid=0.00000 	| acc_ood=0.00000 	| nmse_test=0.0 	| true_equation_set_count=0 	| s/it=278.19367
MainProcess| 2026-06-22 02:20:41,199,199 multiprocessing INFO Genetic Porgramming Runtime 210.13539060903713
Genetic Porgramming Runtime 210.13539060903713

=========================PGD Collection Starts=========================

SpawnPoolWorker-751| 2026-06-22 02:20:47,037,37 multiprocessing INFO STARTING NEW RUN ==========
SpawnPoolWorker-751| 2026-06-22 02:20:47,037,37 multiprocessing INFO SEE LOG AT : ./logs/all_Lyapunov_test_dso-fn_d_all_n_01_log.txt
SpawnPoolWorker-751| 2026-06-22 02:20:47,037,37 multiprocessing INFO See log at : ./logs/all_Lyapunov_test_dso-fn_d_all_n_01_log.txt
SpawnPoolWorker-753| 2026-06-22 02:20:47,037,37 multiprocessing INFO STARTING NEW RUN ==========
SpawnPoolWorker-753| 2026-06-22 02:20:47,037,37 multiprocessing INFO SEE LOG AT : ./logs/all_Lyapunov_test_dso-fn_d_all_n_01_log.txt
SpawnPoolWorker-753| 2026-06-22 02:20:47,038,38 multiprocessing INFO See log at : ./logs/all_Lyapunov_test_dso-fn_d_all_n_01_log.txt
SpawnPoolWorker-752| 2026-06-22 02:20:47,037,37 multiprocessing INFO STARTING NEW RUN ==========
SpawnPoolWorker-752| 2026-06-22 02:20:47,038,38 multiprocessing INFO SEE LOG AT : ./logs/all_Lyapunov_test_dso-fn_d_all_n_01_log.txt
SpawnPoolWorker-752| 2026-06-22 02:20:47,038,38 multiprocessing INFO See log at : ./logs/all_Lyapunov_test_dso-fn_d_all_n_01_log.txt
SpawnPoolWorker-751| 2026-06-22 02:20:47,040,40 multiprocessing INFO child process calling self.run()
SpawnPoolWorker-752| 2026-06-22 02:20:47,040,40 multiprocessing INFO child process calling self.run()
SpawnPoolWorker-753| 2026-06-22 02:20:47,040,40 multiprocessing INFO child process calling self.run()
SpawnPoolWorker-757| 2026-06-22 02:20:47,042,42 multiprocessing INFO STARTING NEW RUN ==========
SpawnPoolWorker-757| 2026-06-22 02:20:47,042,42 multiprocessing INFO SEE LOG AT : ./logs/all_Lyapunov_test_dso-fn_d_all_n_01_log.txt
SpawnPoolWorker-757| 2026-06-22 02:20:47,042,42 multiprocessing INFO See log at : ./logs/all_Lyapunov_test_dso-fn_d_all_n_01_log.txt
SpawnPoolWorker-750| 2026-06-22 02:20:47,042,42 multiprocessing INFO STARTING NEW RUN ==========
SpawnPoolWorker-754| 2026-06-22 02:20:47,042,42 multiprocessing INFO STARTING NEW RUN ==========
SpawnPoolWorker-754| 2026-06-22 02:20:47,042,42 multiprocessing INFO SEE LOG AT : ./logs/all_Lyapunov_test_dso-fn_d_all_n_01_log.txt
SpawnPoolWorker-750| 2026-06-22 02:20:47,042,42 multiprocessing INFO SEE LOG AT : ./logs/all_Lyapunov_test_dso-fn_d_all_n_01_log.txt
SpawnPoolWorker-754| 2026-06-22 02:20:47,042,42 multiprocessing INFO See log at : ./logs/all_Lyapunov_test_dso-fn_d_all_n_01_log.txt
SpawnPoolWorker-750| 2026-06-22 02:20:47,042,42 multiprocessing INFO See log at : ./logs/all_Lyapunov_test_dso-fn_d_all_n_01_log.txt
SpawnPoolWorker-749| 2026-06-22 02:20:47,044,44 multiprocessing INFO STARTING NEW RUN ==========
SpawnPoolWorker-749| 2026-06-22 02:20:47,044,44 multiprocessing INFO SEE LOG AT : ./logs/all_Lyapunov_test_dso-fn_d_all_n_01_log.txt
SpawnPoolWorker-749| 2026-06-22 02:20:47,044,44 multiprocessing INFO See log at : ./logs/all_Lyapunov_test_dso-fn_d_all_n_01_log.txt
SpawnPoolWorker-758| 2026-06-22 02:20:47,044,44 multiprocessing INFO STARTING NEW RUN ==========
SpawnPoolWorker-758| 2026-06-22 02:20:47,044,44 multiprocessing INFO SEE LOG AT : ./logs/all_Lyapunov_test_dso-fn_d_all_n_01_log.txt
SpawnPoolWorker-758| 2026-06-22 02:20:47,044,44 multiprocessing INFO See log at : ./logs/all_Lyapunov_test_dso-fn_d_all_n_01_log.txt
SpawnPoolWorker-754| 2026-06-22 02:20:47,044,44 multiprocessing INFO child process calling self.run()
SpawnPoolWorker-757| 2026-06-22 02:20:47,044,44 multiprocessing INFO child process calling self.run()
SpawnPoolWorker-750| 2026-06-22 02:20:47,045,45 multiprocessing INFO child process calling self.run()
SpawnPoolWorker-755| 2026-06-22 02:20:47,046,46 multiprocessing INFO STARTING NEW RUN ==========
SpawnPoolWorker-755| 2026-06-22 02:20:47,046,46 multiprocessing INFO SEE LOG AT : ./logs/all_Lyapunov_test_dso-fn_d_all_n_01_log.txt
SpawnPoolWorker-755| 2026-06-22 02:20:47,046,46 multiprocessing INFO See log at : ./logs/all_Lyapunov_test_dso-fn_d_all_n_01_log.txt
SpawnPoolWorker-749| 2026-06-22 02:20:47,046,46 multiprocessing INFO child process calling self.run()
SpawnPoolWorker-758| 2026-06-22 02:20:47,047,47 multiprocessing INFO child process calling self.run()
SpawnPoolWorker-756| 2026-06-22 02:20:47,047,47 multiprocessing INFO STARTING NEW RUN ==========
SpawnPoolWorker-756| 2026-06-22 02:20:47,047,47 multiprocessing INFO SEE LOG AT : ./logs/all_Lyapunov_test_dso-fn_d_all_n_01_log.txt
SpawnPoolWorker-756| 2026-06-22 02:20:47,047,47 multiprocessing INFO See log at : ./logs/all_Lyapunov_test_dso-fn_d_all_n_01_log.txt
SpawnPoolWorker-755| 2026-06-22 02:20:47,048,48 multiprocessing INFO child process calling self.run()
SpawnPoolWorker-756| 2026-06-22 02:20:47,050,50 multiprocessing INFO child process calling self.run()
SpawnPoolWorker-758| 2026-06-22 02:21:05,991,991 multiprocessing INFO process shutting down
SpawnPoolWorker-750| 2026-06-22 02:21:05,991,991 multiprocessing INFO process shutting down
SpawnPoolWorker-749| 2026-06-22 02:21:05,991,991 multiprocessing INFO process shutting down
SpawnPoolWorker-751| 2026-06-22 02:21:05,991,991 multiprocessing INFO process shutting down
SpawnPoolWorker-758| 2026-06-22 02:21:05,991,991 multiprocessing INFO process exiting with exitcode 0
SpawnPoolWorker-756| 2026-06-22 02:21:05,991,991 multiprocessing INFO process shutting down
SpawnPoolWorker-755| 2026-06-22 02:21:05,991,991 multiprocessing INFO process shutting down
SpawnPoolWorker-749| 2026-06-22 02:21:05,991,991 multiprocessing INFO process exiting with exitcode 0
SpawnPoolWorker-752| 2026-06-22 02:21:05,991,991 multiprocessing INFO process shutting down
SpawnPoolWorker-750| 2026-06-22 02:21:05,991,991 multiprocessing INFO process exiting with exitcode 0
SpawnPoolWorker-756| 2026-06-22 02:21:05,991,991 multiprocessing INFO process exiting with exitcode 0
SpawnPoolWorker-751| 2026-06-22 02:21:05,992,992 multiprocessing INFO process exiting with exitcode 0
SpawnPoolWorker-755| 2026-06-22 02:21:05,992,992 multiprocessing INFO process exiting with exitcode 0
SpawnPoolWorker-752| 2026-06-22 02:21:05,992,992 multiprocessing INFO process exiting with exitcode 0
(20000,)

===================Collect 20000 Examples===================

Epsilon 0.1
500
(550,)
(550,)
(55,)
Number of Programs for Minimization: 28
SpawnPoolWorker-762| 2026-06-22 02:21:23,342,342 multiprocessing INFO STARTING NEW RUN ==========
SpawnPoolWorker-762| 2026-06-22 02:21:23,342,342 multiprocessing INFO SEE LOG AT : ./logs/all_Lyapunov_test_dso-fn_d_all_n_01_log.txt
SpawnPoolWorker-762| 2026-06-22 02:21:23,342,342 multiprocessing INFO See log at : ./logs/all_Lyapunov_test_dso-fn_d_all_n_01_log.txt
SpawnPoolWorker-762| 2026-06-22 02:21:23,353,353 multiprocessing INFO child process calling self.run()
SpawnPoolWorker-761| 2026-06-22 02:21:24,013,13 multiprocessing INFO STARTING NEW RUN ==========
SpawnPoolWorker-761| 2026-06-22 02:21:24,013,13 multiprocessing INFO SEE LOG AT : ./logs/all_Lyapunov_test_dso-fn_d_all_n_01_log.txt
SpawnPoolWorker-761| 2026-06-22 02:21:24,013,13 multiprocessing INFO See log at : ./logs/all_Lyapunov_test_dso-fn_d_all_n_01_log.txt
SpawnPoolWorker-761| 2026-06-22 02:21:24,015,15 multiprocessing INFO child process calling self.run()
SpawnPoolWorker-765| 2026-06-22 02:21:24,712,712 multiprocessing INFO STARTING NEW RUN ==========
SpawnPoolWorker-765| 2026-06-22 02:21:24,712,712 multiprocessing INFO SEE LOG AT : ./logs/all_Lyapunov_test_dso-fn_d_all_n_01_log.txt
SpawnPoolWorker-765| 2026-06-22 02:21:24,713,713 multiprocessing INFO See log at : ./logs/all_Lyapunov_test_dso-fn_d_all_n_01_log.txt
SpawnPoolWorker-765| 2026-06-22 02:21:24,717,717 multiprocessing INFO child process calling self.run()
SpawnPoolWorker-763| 2026-06-22 02:21:24,720,720 multiprocessing INFO STARTING NEW RUN ==========
SpawnPoolWorker-763| 2026-06-22 02:21:24,720,720 multiprocessing INFO SEE LOG AT : ./logs/all_Lyapunov_test_dso-fn_d_all_n_01_log.txt
SpawnPoolWorker-763| 2026-06-22 02:21:24,720,720 multiprocessing INFO See log at : ./logs/all_Lyapunov_test_dso-fn_d_all_n_01_log.txt
SpawnPoolWorker-763| 2026-06-22 02:21:24,726,726 multiprocessing INFO child process calling self.run()
SpawnPoolWorker-766| 2026-06-22 02:21:24,783,783 multiprocessing INFO STARTING NEW RUN ==========
SpawnPoolWorker-766| 2026-06-22 02:21:24,783,783 multiprocessing INFO SEE LOG AT : ./logs/all_Lyapunov_test_dso-fn_d_all_n_01_log.txt
SpawnPoolWorker-766| 2026-06-22 02:21:24,783,783 multiprocessing INFO See log at : ./logs/all_Lyapunov_test_dso-fn_d_all_n_01_log.txt
SpawnPoolWorker-760| 2026-06-22 02:21:24,795,795 multiprocessing INFO STARTING NEW RUN ==========
SpawnPoolWorker-760| 2026-06-22 02:21:24,795,795 multiprocessing INFO SEE LOG AT : ./logs/all_Lyapunov_test_dso-fn_d_all_n_01_log.txt
SpawnPoolWorker-760| 2026-06-22 02:21:24,795,795 multiprocessing INFO See log at : ./logs/all_Lyapunov_test_dso-fn_d_all_n_01_log.txt
SpawnPoolWorker-760| 2026-06-22 02:21:24,800,800 multiprocessing INFO child process calling self.run()
SpawnPoolWorker-766| 2026-06-22 02:21:24,802,802 multiprocessing INFO child process calling self.run()
SpawnPoolWorker-771| 2026-06-22 02:21:25,050,50 multiprocessing INFO STARTING NEW RUN ==========
SpawnPoolWorker-771| 2026-06-22 02:21:25,050,50 multiprocessing INFO SEE LOG AT : ./logs/all_Lyapunov_test_dso-fn_d_all_n_01_log.txt
SpawnPoolWorker-771| 2026-06-22 02:21:25,050,50 multiprocessing INFO See log at : ./logs/all_Lyapunov_test_dso-fn_d_all_n_01_log.txt
SpawnPoolWorker-771| 2026-06-22 02:21:25,053,53 multiprocessing INFO child process calling self.run()
SpawnPoolWorker-759| 2026-06-22 02:21:25,134,134 multiprocessing INFO STARTING NEW RUN ==========
SpawnPoolWorker-759| 2026-06-22 02:21:25,134,134 multiprocessing INFO SEE LOG AT : ./logs/all_Lyapunov_test_dso-fn_d_all_n_01_log.txt
SpawnPoolWorker-759| 2026-06-22 02:21:25,134,134 multiprocessing INFO See log at : ./logs/all_Lyapunov_test_dso-fn_d_all_n_01_log.txt
SpawnPoolWorker-759| 2026-06-22 02:21:25,142,142 multiprocessing INFO child process calling self.run()
SpawnPoolWorker-775| 2026-06-22 02:21:26,165,165 multiprocessing INFO STARTING NEW RUN ==========
SpawnPoolWorker-775| 2026-06-22 02:21:26,165,165 multiprocessing INFO SEE LOG AT : ./logs/all_Lyapunov_test_dso-fn_d_all_n_01_log.txt
SpawnPoolWorker-775| 2026-06-22 02:21:26,165,165 multiprocessing INFO See log at : ./logs/all_Lyapunov_test_dso-fn_d_all_n_01_log.txt
SpawnPoolWorker-775| 2026-06-22 02:21:26,167,167 multiprocessing INFO child process calling self.run()
SpawnPoolWorker-782| 2026-06-22 02:21:26,365,365 multiprocessing INFO STARTING NEW RUN ==========
SpawnPoolWorker-782| 2026-06-22 02:21:26,365,365 multiprocessing INFO SEE LOG AT : ./logs/all_Lyapunov_test_dso-fn_d_all_n_01_log.txt
SpawnPoolWorker-782| 2026-06-22 02:21:26,365,365 multiprocessing INFO See log at : ./logs/all_Lyapunov_test_dso-fn_d_all_n_01_log.txt
SpawnPoolWorker-782| 2026-06-22 02:21:26,369,369 multiprocessing INFO child process calling self.run()
SpawnPoolWorker-764| 2026-06-22 02:21:26,407,407 multiprocessing INFO STARTING NEW RUN ==========
SpawnPoolWorker-764| 2026-06-22 02:21:26,407,407 multiprocessing INFO SEE LOG AT : ./logs/all_Lyapunov_test_dso-fn_d_all_n_01_log.txt
SpawnPoolWorker-764| 2026-06-22 02:21:26,407,407 multiprocessing INFO See log at : ./logs/all_Lyapunov_test_dso-fn_d_all_n_01_log.txt
SpawnPoolWorker-764| 2026-06-22 02:21:26,418,418 multiprocessing INFO child process calling self.run()
SpawnPoolWorker-778| 2026-06-22 02:21:26,421,421 multiprocessing INFO STARTING NEW RUN ==========
SpawnPoolWorker-778| 2026-06-22 02:21:26,421,421 multiprocessing INFO SEE LOG AT : ./logs/all_Lyapunov_test_dso-fn_d_all_n_01_log.txt
SpawnPoolWorker-778| 2026-06-22 02:21:26,421,421 multiprocessing INFO See log at : ./logs/all_Lyapunov_test_dso-fn_d_all_n_01_log.txt
SpawnPoolWorker-778| 2026-06-22 02:21:26,444,444 multiprocessing INFO child process calling self.run()
SpawnPoolWorker-774| 2026-06-22 02:21:26,509,509 multiprocessing INFO STARTING NEW RUN ==========
SpawnPoolWorker-774| 2026-06-22 02:21:26,509,509 multiprocessing INFO SEE LOG AT : ./logs/all_Lyapunov_test_dso-fn_d_all_n_01_log.txt
SpawnPoolWorker-774| 2026-06-22 02:21:26,509,509 multiprocessing INFO See log at : ./logs/all_Lyapunov_test_dso-fn_d_all_n_01_log.txt
SpawnPoolWorker-774| 2026-06-22 02:21:26,516,516 multiprocessing INFO child process calling self.run()
SpawnPoolWorker-773| 2026-06-22 02:21:26,522,522 multiprocessing INFO STARTING NEW RUN ==========
SpawnPoolWorker-773| 2026-06-22 02:21:26,522,522 multiprocessing INFO SEE LOG AT : ./logs/all_Lyapunov_test_dso-fn_d_all_n_01_log.txt
SpawnPoolWorker-773| 2026-06-22 02:21:26,522,522 multiprocessing INFO See log at : ./logs/all_Lyapunov_test_dso-fn_d_all_n_01_log.txt
SpawnPoolWorker-773| 2026-06-22 02:21:26,524,524 multiprocessing INFO child process calling self.run()
SpawnPoolWorker-772| 2026-06-22 02:21:26,811,811 multiprocessing INFO STARTING NEW RUN ==========
SpawnPoolWorker-772| 2026-06-22 02:21:26,812,812 multiprocessing INFO SEE LOG AT : ./logs/all_Lyapunov_test_dso-fn_d_all_n_01_log.txt
SpawnPoolWorker-772| 2026-06-22 02:21:26,812,812 multiprocessing INFO See log at : ./logs/all_Lyapunov_test_dso-fn_d_all_n_01_log.txt
SpawnPoolWorker-772| 2026-06-22 02:21:26,824,824 multiprocessing INFO child process calling self.run()
SpawnPoolWorker-780| 2026-06-22 02:21:26,900,900 multiprocessing INFO STARTING NEW RUN ==========
SpawnPoolWorker-780| 2026-06-22 02:21:26,900,900 multiprocessing INFO SEE LOG AT : ./logs/all_Lyapunov_test_dso-fn_d_all_n_01_log.txt
SpawnPoolWorker-780| 2026-06-22 02:21:26,900,900 multiprocessing INFO See log at : ./logs/all_Lyapunov_test_dso-fn_d_all_n_01_log.txt
SpawnPoolWorker-770| 2026-06-22 02:21:26,908,908 multiprocessing INFO STARTING NEW RUN ==========
SpawnPoolWorker-770| 2026-06-22 02:21:26,909,909 multiprocessing INFO SEE LOG AT : ./logs/all_Lyapunov_test_dso-fn_d_all_n_01_log.txt
SpawnPoolWorker-770| 2026-06-22 02:21:26,909,909 multiprocessing INFO See log at : ./logs/all_Lyapunov_test_dso-fn_d_all_n_01_log.txt
SpawnPoolWorker-780| 2026-06-22 02:21:26,910,910 multiprocessing INFO child process calling self.run()
SpawnPoolWorker-770| 2026-06-22 02:21:26,923,923 multiprocessing INFO child process calling self.run()
SpawnPoolWorker-781| 2026-06-22 02:21:26,995,995 multiprocessing INFO STARTING NEW RUN ==========
SpawnPoolWorker-781| 2026-06-22 02:21:26,996,996 multiprocessing INFO SEE LOG AT : ./logs/all_Lyapunov_test_dso-fn_d_all_n_01_log.txt
SpawnPoolWorker-781| 2026-06-22 02:21:26,996,996 multiprocessing INFO See log at : ./logs/all_Lyapunov_test_dso-fn_d_all_n_01_log.txt
SpawnPoolWorker-781| 2026-06-22 02:21:26,998,998 multiprocessing INFO child process calling self.run()
SpawnPoolWorker-769| 2026-06-22 02:21:27,038,38 multiprocessing INFO STARTING NEW RUN ==========
SpawnPoolWorker-769| 2026-06-22 02:21:27,038,38 multiprocessing INFO SEE LOG AT : ./logs/all_Lyapunov_test_dso-fn_d_all_n_01_log.txt
SpawnPoolWorker-769| 2026-06-22 02:21:27,038,38 multiprocessing INFO See log at : ./logs/all_Lyapunov_test_dso-fn_d_all_n_01_log.txt
SpawnPoolWorker-769| 2026-06-22 02:21:27,040,40 multiprocessing INFO child process calling self.run()
SpawnPoolWorker-777| 2026-06-22 02:21:27,260,260 multiprocessing INFO STARTING NEW RUN ==========
SpawnPoolWorker-777| 2026-06-22 02:21:27,260,260 multiprocessing INFO SEE LOG AT : ./logs/all_Lyapunov_test_dso-fn_d_all_n_01_log.txt
SpawnPoolWorker-777| 2026-06-22 02:21:27,260,260 multiprocessing INFO See log at : ./logs/all_Lyapunov_test_dso-fn_d_all_n_01_log.txt
SpawnPoolWorker-777| 2026-06-22 02:21:27,263,263 multiprocessing INFO child process calling self.run()
SpawnPoolWorker-776| 2026-06-22 02:21:27,342,342 multiprocessing INFO STARTING NEW RUN ==========
SpawnPoolWorker-776| 2026-06-22 02:21:27,342,342 multiprocessing INFO SEE LOG AT : ./logs/all_Lyapunov_test_dso-fn_d_all_n_01_log.txt
SpawnPoolWorker-776| 2026-06-22 02:21:27,342,342 multiprocessing INFO See log at : ./logs/all_Lyapunov_test_dso-fn_d_all_n_01_log.txt
SpawnPoolWorker-776| 2026-06-22 02:21:27,350,350 multiprocessing INFO child process calling self.run()
SpawnPoolWorker-779| 2026-06-22 02:21:27,592,592 multiprocessing INFO STARTING NEW RUN ==========
SpawnPoolWorker-779| 2026-06-22 02:21:27,593,593 multiprocessing INFO SEE LOG AT : ./logs/all_Lyapunov_test_dso-fn_d_all_n_01_log.txt
SpawnPoolWorker-779| 2026-06-22 02:21:27,593,593 multiprocessing INFO See log at : ./logs/all_Lyapunov_test_dso-fn_d_all_n_01_log.txt
SpawnPoolWorker-779| 2026-06-22 02:21:27,595,595 multiprocessing INFO child process calling self.run()
SpawnPoolWorker-768| 2026-06-22 02:21:27,973,973 multiprocessing INFO STARTING NEW RUN ==========
SpawnPoolWorker-768| 2026-06-22 02:21:27,973,973 multiprocessing INFO SEE LOG AT : ./logs/all_Lyapunov_test_dso-fn_d_all_n_01_log.txt
SpawnPoolWorker-768| 2026-06-22 02:21:27,973,973 multiprocessing INFO See log at : ./logs/all_Lyapunov_test_dso-fn_d_all_n_01_log.txt
SpawnPoolWorker-768| 2026-06-22 02:21:27,978,978 multiprocessing INFO child process calling self.run()
SpawnPoolWorker-767| 2026-06-22 02:21:28,015,15 multiprocessing INFO STARTING NEW RUN ==========
SpawnPoolWorker-767| 2026-06-22 02:21:28,015,15 multiprocessing INFO SEE LOG AT : ./logs/all_Lyapunov_test_dso-fn_d_all_n_01_log.txt
SpawnPoolWorker-767| 2026-06-22 02:21:28,015,15 multiprocessing INFO See log at : ./logs/all_Lyapunov_test_dso-fn_d_all_n_01_log.txt
SpawnPoolWorker-767| 2026-06-22 02:21:28,017,17 multiprocessing INFO child process calling self.run()
SpawnPoolWorker-763| 2026-06-22 02:22:36,553,553 multiprocessing INFO process shutting down
SpawnPoolWorker-781| 2026-06-22 02:22:36,553,553 multiprocessing INFO process shutting down
SpawnPoolWorker-777| 2026-06-22 02:22:36,554,554 multiprocessing INFO process shutting down
SpawnPoolWorker-778| 2026-06-22 02:22:36,554,554 multiprocessing INFO process shutting down
SpawnPoolWorker-781| 2026-06-22 02:22:36,554,554 multiprocessing INFO process exiting with exitcode 0
SpawnPoolWorker-763| 2026-06-22 02:22:36,554,554 multiprocessing INFO process exiting with exitcode 0
SpawnPoolWorker-782| 2026-06-22 02:22:36,554,554 multiprocessing INFO process shutting down
SpawnPoolWorker-777| 2026-06-22 02:22:36,554,554 multiprocessing INFO process exiting with exitcode 0
SpawnPoolWorker-773| 2026-06-22 02:22:36,554,554 multiprocessing INFO process shutting down
SpawnPoolWorker-778| 2026-06-22 02:22:36,554,554 multiprocessing INFO process exiting with exitcode 0
SpawnPoolWorker-780| 2026-06-22 02:22:36,554,554 multiprocessing INFO process shutting down
SpawnPoolWorker-782| 2026-06-22 02:22:36,554,554 multiprocessing INFO process exiting with exitcode 0
SpawnPoolWorker-773| 2026-06-22 02:22:36,554,554 multiprocessing INFO process exiting with exitcode 0
SpawnPoolWorker-780| 2026-06-22 02:22:36,554,554 multiprocessing INFO process exiting with exitcode 0
SpawnPoolWorker-774| 2026-06-22 02:22:36,555,555 multiprocessing INFO process shutting down
SpawnPoolWorker-771| 2026-06-22 02:22:36,555,555 multiprocessing INFO process shutting down
SpawnPoolWorker-760| 2026-06-22 02:22:36,555,555 multiprocessing INFO process shutting down
SpawnPoolWorker-770| 2026-06-22 02:22:36,555,555 multiprocessing INFO process shutting down
SpawnPoolWorker-766| 2026-06-22 02:22:36,555,555 multiprocessing INFO process shutting down
SpawnPoolWorker-775| 2026-06-22 02:22:36,555,555 multiprocessing INFO process shutting down
SpawnPoolWorker-767| 2026-06-22 02:22:36,555,555 multiprocessing INFO process shutting down
SpawnPoolWorker-761| 2026-06-22 02:22:36,555,555 multiprocessing INFO process shutting down
SpawnPoolWorker-779| 2026-06-22 02:22:36,555,555 multiprocessing INFO process shutting down
SpawnPoolWorker-772| 2026-06-22 02:22:36,555,555 multiprocessing INFO process shutting down
SpawnPoolWorker-772| 2026-06-22 02:22:36,556,556 multiprocessing INFO process exiting with exitcode 0
SpawnPoolWorker-759| 2026-06-22 02:22:36,556,556 multiprocessing INFO process shutting down
SpawnPoolWorker-774| 2026-06-22 02:22:36,557,557 multiprocessing INFO process exiting with exitcode 0
SpawnPoolWorker-771| 2026-06-22 02:22:36,557,557 multiprocessing INFO process exiting with exitcode 0
SpawnPoolWorker-762| 2026-06-22 02:22:36,556,556 multiprocessing INFO process shutting down
SpawnPoolWorker-765| 2026-06-22 02:22:36,558,558 multiprocessing INFO process shutting down
SpawnPoolWorker-770| 2026-06-22 02:22:36,564,564 multiprocessing INFO process exiting with exitcode 0
SpawnPoolWorker-766| 2026-06-22 02:22:36,564,564 multiprocessing INFO process exiting with exitcode 0
28
(100000, 8)
(100000,)
(100000, 8)
(100000,)

=======================Successfully Added (31795, 8) Counter Examples=======================

MainProcess| 2026-06-22 02:22:53,597,597 multiprocessing INFO Number of potential valid equations: 0
Number of potential valid equations: 0
(55, 164)
/users/9/chen8596/miniconda3/envs/alfd/lib/python3.9/site-packages/torch/nn/functional.py:4999: UserWarning: Support for mismatched key_padding_mask and attn_mask is deprecated. Use same type for both instead.
  warnings.warn(

==============Start Supervised Learning==============

MainProcess| 2026-06-22 02:22:58,992,992 multiprocessing INFO GP output mean: 0.9999935573809584
GP output mean: 0.9999935573809584
MainProcess| 2026-06-22 02:22:59,731,731 multiprocessing INFO GP output success rate: 0.06666666666666667
GP output success rate: 0.06666666666666667
MainProcess| 2026-06-22 02:22:59,732,732 multiprocessing INFO [x1**2 + x2**2 + x3**2 + x4**2 + x6**2*(x1**2 + x4 - x5 + x7 - x8)**2]
[x1**2 + x2**2 + x3**2 + x4**2 + x6**2*(x1**2 + x4 - x5 + x7 - x8)**2]

==============End Supervised Learning==============

MainProcess| 2026-06-22 02:23:16,515,515 multiprocessing INFO [Test epoch=0023]  nevals=316393 	| train_loss=11491.80859 	| eqs_invalid %=0.00 	| r_best=0.99814 	| quantile=0.38295 	| r_quantile_mean=0.94241 	| r_raw_sum=53.28358 	|  r_raw_mean=0.88806 	| r2=nan 	| acc_iid=0.00000 	| acc_ood=0.00000 	| nmse_test=0.0 	| true_equation_set_count=0 	| s/it=368.56850
[Test epoch=0023]  nevals=316393 	| train_loss=11491.80859 	| eqs_invalid %=0.00 	| r_best=0.99814 	| quantile=0.38295 	| r_quantile_mean=0.94241 	| r_raw_sum=53.28358 	|  r_raw_mean=0.88806 	| r2=nan 	| acc_iid=0.00000 	| acc_ood=0.00000 	| nmse_test=0.0 	| true_equation_set_count=0 	| s/it=368.56850
MainProcess| 2026-06-22 02:25:10,225,225 multiprocessing INFO Genetic Porgramming Runtime 112.35759180807509
Genetic Porgramming Runtime 112.35759180807509

=========================PGD Collection Starts=========================

SpawnPoolWorker-788| 2026-06-22 02:25:15,751,751 multiprocessing INFO STARTING NEW RUN ==========
SpawnPoolWorker-788| 2026-06-22 02:25:15,751,751 multiprocessing INFO SEE LOG AT : ./logs/all_Lyapunov_test_dso-fn_d_all_n_01_log.txt
SpawnPoolWorker-788| 2026-06-22 02:25:15,752,752 multiprocessing INFO See log at : ./logs/all_Lyapunov_test_dso-fn_d_all_n_01_log.txt
SpawnPoolWorker-786| 2026-06-22 02:25:15,752,752 multiprocessing INFO STARTING NEW RUN ==========
SpawnPoolWorker-786| 2026-06-22 02:25:15,752,752 multiprocessing INFO SEE LOG AT : ./logs/all_Lyapunov_test_dso-fn_d_all_n_01_log.txt
SpawnPoolWorker-786| 2026-06-22 02:25:15,752,752 multiprocessing INFO See log at : ./logs/all_Lyapunov_test_dso-fn_d_all_n_01_log.txt
SpawnPoolWorker-786| 2026-06-22 02:25:15,754,754 multiprocessing INFO child process calling self.run()
SpawnPoolWorker-788| 2026-06-22 02:25:15,754,754 multiprocessing INFO child process calling self.run()
SpawnPoolWorker-784| 2026-06-22 02:25:15,783,783 multiprocessing INFO STARTING NEW RUN ==========
SpawnPoolWorker-784| 2026-06-22 02:25:15,783,783 multiprocessing INFO SEE LOG AT : ./logs/all_Lyapunov_test_dso-fn_d_all_n_01_log.txt
SpawnPoolWorker-784| 2026-06-22 02:25:15,783,783 multiprocessing INFO See log at : ./logs/all_Lyapunov_test_dso-fn_d_all_n_01_log.txt
SpawnPoolWorker-784| 2026-06-22 02:25:15,785,785 multiprocessing INFO child process calling self.run()
SpawnPoolWorker-783| 2026-06-22 02:25:15,789,789 multiprocessing INFO STARTING NEW RUN ==========
SpawnPoolWorker-783| 2026-06-22 02:25:15,789,789 multiprocessing INFO SEE LOG AT : ./logs/all_Lyapunov_test_dso-fn_d_all_n_01_log.txt
SpawnPoolWorker-783| 2026-06-22 02:25:15,789,789 multiprocessing INFO See log at : ./logs/all_Lyapunov_test_dso-fn_d_all_n_01_log.txt
SpawnPoolWorker-783| 2026-06-22 02:25:15,791,791 multiprocessing INFO child process calling self.run()
SpawnPoolWorker-787| 2026-06-22 02:25:15,801,801 multiprocessing INFO STARTING NEW RUN ==========
SpawnPoolWorker-787| 2026-06-22 02:25:15,801,801 multiprocessing INFO SEE LOG AT : ./logs/all_Lyapunov_test_dso-fn_d_all_n_01_log.txt
SpawnPoolWorker-787| 2026-06-22 02:25:15,801,801 multiprocessing INFO See log at : ./logs/all_Lyapunov_test_dso-fn_d_all_n_01_log.txt
SpawnPoolWorker-787| 2026-06-22 02:25:15,803,803 multiprocessing INFO child process calling self.run()
SpawnPoolWorker-785| 2026-06-22 02:25:15,811,811 multiprocessing INFO STARTING NEW RUN ==========
SpawnPoolWorker-785| 2026-06-22 02:25:15,811,811 multiprocessing INFO SEE LOG AT : ./logs/all_Lyapunov_test_dso-fn_d_all_n_01_log.txt
SpawnPoolWorker-785| 2026-06-22 02:25:15,811,811 multiprocessing INFO See log at : ./logs/all_Lyapunov_test_dso-fn_d_all_n_01_log.txt
SpawnPoolWorker-785| 2026-06-22 02:25:15,813,813 multiprocessing INFO child process calling self.run()
SpawnPoolWorker-790| 2026-06-22 02:25:15,859,859 multiprocessing INFO STARTING NEW RUN ==========
SpawnPoolWorker-790| 2026-06-22 02:25:15,859,859 multiprocessing INFO SEE LOG AT : ./logs/all_Lyapunov_test_dso-fn_d_all_n_01_log.txt
SpawnPoolWorker-790| 2026-06-22 02:25:15,859,859 multiprocessing INFO See log at : ./logs/all_Lyapunov_test_dso-fn_d_all_n_01_log.txt
SpawnPoolWorker-790| 2026-06-22 02:25:15,862,862 multiprocessing INFO child process calling self.run()
SpawnPoolWorker-789| 2026-06-22 02:25:15,930,930 multiprocessing INFO STARTING NEW RUN ==========
SpawnPoolWorker-789| 2026-06-22 02:25:15,930,930 multiprocessing INFO SEE LOG AT : ./logs/all_Lyapunov_test_dso-fn_d_all_n_01_log.txt
SpawnPoolWorker-789| 2026-06-22 02:25:15,931,931 multiprocessing INFO See log at : ./logs/all_Lyapunov_test_dso-fn_d_all_n_01_log.txt
SpawnPoolWorker-789| 2026-06-22 02:25:15,932,932 multiprocessing INFO child process calling self.run()
SpawnPoolWorker-791| 2026-06-22 02:25:16,042,42 multiprocessing INFO STARTING NEW RUN ==========
SpawnPoolWorker-791| 2026-06-22 02:25:16,042,42 multiprocessing INFO SEE LOG AT : ./logs/all_Lyapunov_test_dso-fn_d_all_n_01_log.txt
SpawnPoolWorker-792| 2026-06-22 02:25:16,042,42 multiprocessing INFO STARTING NEW RUN ==========
SpawnPoolWorker-791| 2026-06-22 02:25:16,042,42 multiprocessing INFO See log at : ./logs/all_Lyapunov_test_dso-fn_d_all_n_01_log.txt
SpawnPoolWorker-792| 2026-06-22 02:25:16,042,42 multiprocessing INFO SEE LOG AT : ./logs/all_Lyapunov_test_dso-fn_d_all_n_01_log.txt
SpawnPoolWorker-792| 2026-06-22 02:25:16,042,42 multiprocessing INFO See log at : ./logs/all_Lyapunov_test_dso-fn_d_all_n_01_log.txt
SpawnPoolWorker-791| 2026-06-22 02:25:16,043,43 multiprocessing INFO child process calling self.run()
SpawnPoolWorker-792| 2026-06-22 02:25:16,043,43 multiprocessing INFO child process calling self.run()
SpawnPoolWorker-786| 2026-06-22 02:25:35,058,58 multiprocessing INFO process shutting down
SpawnPoolWorker-783| 2026-06-22 02:25:35,058,58 multiprocessing INFO process shutting down
SpawnPoolWorker-789| 2026-06-22 02:25:35,058,58 multiprocessing INFO process shutting down
SpawnPoolWorker-790| 2026-06-22 02:25:35,058,58 multiprocessing INFO process shutting down
SpawnPoolWorker-786| 2026-06-22 02:25:35,058,58 multiprocessing INFO process exiting with exitcode 0
SpawnPoolWorker-787| 2026-06-22 02:25:35,058,58 multiprocessing INFO process shutting down
SpawnPoolWorker-785| 2026-06-22 02:25:35,058,58 multiprocessing INFO process shutting down
SpawnPoolWorker-783| 2026-06-22 02:25:35,058,58 multiprocessing INFO process exiting with exitcode 0
SpawnPoolWorker-789| 2026-06-22 02:25:35,058,58 multiprocessing INFO process exiting with exitcode 0
SpawnPoolWorker-784| 2026-06-22 02:25:35,058,58 multiprocessing INFO process shutting down
SpawnPoolWorker-790| 2026-06-22 02:25:35,058,58 multiprocessing INFO process exiting with exitcode 0
SpawnPoolWorker-787| 2026-06-22 02:25:35,058,58 multiprocessing INFO process exiting with exitcode 0
SpawnPoolWorker-785| 2026-06-22 02:25:35,058,58 multiprocessing INFO process exiting with exitcode 0
SpawnPoolWorker-784| 2026-06-22 02:25:35,058,58 multiprocessing INFO process exiting with exitcode 0
SpawnPoolWorker-792| 2026-06-22 02:25:35,059,59 multiprocessing INFO process shutting down
SpawnPoolWorker-791| 2026-06-22 02:25:35,059,59 multiprocessing INFO process shutting down
(20000,)

===================Collect 20000 Examples===================

Epsilon 0.1
500
(550,)
(550,)
(55,)
Number of Programs for Minimization: 28
SpawnPoolWorker-797| 2026-06-22 02:25:53,295,295 multiprocessing INFO STARTING NEW RUN ==========
SpawnPoolWorker-797| 2026-06-22 02:25:53,295,295 multiprocessing INFO SEE LOG AT : ./logs/all_Lyapunov_test_dso-fn_d_all_n_01_log.txt
SpawnPoolWorker-797| 2026-06-22 02:25:53,295,295 multiprocessing INFO See log at : ./logs/all_Lyapunov_test_dso-fn_d_all_n_01_log.txt
SpawnPoolWorker-797| 2026-06-22 02:25:53,309,309 multiprocessing INFO child process calling self.run()
SpawnPoolWorker-793| 2026-06-22 02:25:53,487,487 multiprocessing INFO STARTING NEW RUN ==========
SpawnPoolWorker-793| 2026-06-22 02:25:53,487,487 multiprocessing INFO SEE LOG AT : ./logs/all_Lyapunov_test_dso-fn_d_all_n_01_log.txt
SpawnPoolWorker-793| 2026-06-22 02:25:53,487,487 multiprocessing INFO See log at : ./logs/all_Lyapunov_test_dso-fn_d_all_n_01_log.txt
SpawnPoolWorker-793| 2026-06-22 02:25:53,495,495 multiprocessing INFO child process calling self.run()
SpawnPoolWorker-796| 2026-06-22 02:25:53,595,595 multiprocessing INFO STARTING NEW RUN ==========
SpawnPoolWorker-796| 2026-06-22 02:25:53,595,595 multiprocessing INFO SEE LOG AT : ./logs/all_Lyapunov_test_dso-fn_d_all_n_01_log.txt
SpawnPoolWorker-796| 2026-06-22 02:25:53,595,595 multiprocessing INFO See log at : ./logs/all_Lyapunov_test_dso-fn_d_all_n_01_log.txt
SpawnPoolWorker-796| 2026-06-22 02:25:53,600,600 multiprocessing INFO child process calling self.run()
SpawnPoolWorker-794| 2026-06-22 02:25:53,890,890 multiprocessing INFO STARTING NEW RUN ==========
SpawnPoolWorker-794| 2026-06-22 02:25:53,890,890 multiprocessing INFO SEE LOG AT : ./logs/all_Lyapunov_test_dso-fn_d_all_n_01_log.txt
SpawnPoolWorker-794| 2026-06-22 02:25:53,890,890 multiprocessing INFO See log at : ./logs/all_Lyapunov_test_dso-fn_d_all_n_01_log.txt
SpawnPoolWorker-794| 2026-06-22 02:25:53,898,898 multiprocessing INFO child process calling self.run()
SpawnPoolWorker-802| 2026-06-22 02:25:54,279,279 multiprocessing INFO STARTING NEW RUN ==========
SpawnPoolWorker-802| 2026-06-22 02:25:54,280,280 multiprocessing INFO SEE LOG AT : ./logs/all_Lyapunov_test_dso-fn_d_all_n_01_log.txt
SpawnPoolWorker-802| 2026-06-22 02:25:54,280,280 multiprocessing INFO See log at : ./logs/all_Lyapunov_test_dso-fn_d_all_n_01_log.txt
SpawnPoolWorker-802| 2026-06-22 02:25:54,284,284 multiprocessing INFO child process calling self.run()
SpawnPoolWorker-801| 2026-06-22 02:25:54,312,312 multiprocessing INFO STARTING NEW RUN ==========
SpawnPoolWorker-801| 2026-06-22 02:25:54,312,312 multiprocessing INFO SEE LOG AT : ./logs/all_Lyapunov_test_dso-fn_d_all_n_01_log.txt
SpawnPoolWorker-801| 2026-06-22 02:25:54,312,312 multiprocessing INFO See log at : ./logs/all_Lyapunov_test_dso-fn_d_all_n_01_log.txt
SpawnPoolWorker-801| 2026-06-22 02:25:54,315,315 multiprocessing INFO child process calling self.run()
SpawnPoolWorker-804| 2026-06-22 02:25:54,322,322 multiprocessing INFO STARTING NEW RUN ==========
SpawnPoolWorker-804| 2026-06-22 02:25:54,323,323 multiprocessing INFO SEE LOG AT : ./logs/all_Lyapunov_test_dso-fn_d_all_n_01_log.txt
SpawnPoolWorker-804| 2026-06-22 02:25:54,323,323 multiprocessing INFO See log at : ./logs/all_Lyapunov_test_dso-fn_d_all_n_01_log.txt
SpawnPoolWorker-804| 2026-06-22 02:25:54,325,325 multiprocessing INFO child process calling self.run()
SpawnPoolWorker-799| 2026-06-22 02:25:54,526,526 multiprocessing INFO STARTING NEW RUN ==========
SpawnPoolWorker-799| 2026-06-22 02:25:54,526,526 multiprocessing INFO SEE LOG AT : ./logs/all_Lyapunov_test_dso-fn_d_all_n_01_log.txt
SpawnPoolWorker-799| 2026-06-22 02:25:54,526,526 multiprocessing INFO See log at : ./logs/all_Lyapunov_test_dso-fn_d_all_n_01_log.txt
SpawnPoolWorker-799| 2026-06-22 02:25:54,530,530 multiprocessing INFO child process calling self.run()
SpawnPoolWorker-809| 2026-06-22 02:25:54,768,768 multiprocessing INFO STARTING NEW RUN ==========
SpawnPoolWorker-809| 2026-06-22 02:25:54,768,768 multiprocessing INFO SEE LOG AT : ./logs/all_Lyapunov_test_dso-fn_d_all_n_01_log.txt
SpawnPoolWorker-809| 2026-06-22 02:25:54,768,768 multiprocessing INFO See log at : ./logs/all_Lyapunov_test_dso-fn_d_all_n_01_log.txt
SpawnPoolWorker-809| 2026-06-22 02:25:54,771,771 multiprocessing INFO child process calling self.run()
SpawnPoolWorker-810| 2026-06-22 02:25:54,885,885 multiprocessing INFO STARTING NEW RUN ==========
SpawnPoolWorker-810| 2026-06-22 02:25:54,885,885 multiprocessing INFO SEE LOG AT : ./logs/all_Lyapunov_test_dso-fn_d_all_n_01_log.txt
SpawnPoolWorker-810| 2026-06-22 02:25:54,885,885 multiprocessing INFO See log at : ./logs/all_Lyapunov_test_dso-fn_d_all_n_01_log.txt
SpawnPoolWorker-810| 2026-06-22 02:25:54,897,897 multiprocessing INFO child process calling self.run()
SpawnPoolWorker-795| 2026-06-22 02:25:54,906,906 multiprocessing INFO STARTING NEW RUN ==========
SpawnPoolWorker-795| 2026-06-22 02:25:54,906,906 multiprocessing INFO SEE LOG AT : ./logs/all_Lyapunov_test_dso-fn_d_all_n_01_log.txt
SpawnPoolWorker-795| 2026-06-22 02:25:54,906,906 multiprocessing INFO See log at : ./logs/all_Lyapunov_test_dso-fn_d_all_n_01_log.txt
SpawnPoolWorker-795| 2026-06-22 02:25:54,913,913 multiprocessing INFO child process calling self.run()
SpawnPoolWorker-800| 2026-06-22 02:25:54,925,925 multiprocessing INFO STARTING NEW RUN ==========
SpawnPoolWorker-800| 2026-06-22 02:25:54,925,925 multiprocessing INFO SEE LOG AT : ./logs/all_Lyapunov_test_dso-fn_d_all_n_01_log.txt
SpawnPoolWorker-800| 2026-06-22 02:25:54,925,925 multiprocessing INFO See log at : ./logs/all_Lyapunov_test_dso-fn_d_all_n_01_log.txt
SpawnPoolWorker-800| 2026-06-22 02:25:54,928,928 multiprocessing INFO child process calling self.run()
SpawnPoolWorker-808| 2026-06-22 02:25:54,958,958 multiprocessing INFO STARTING NEW RUN ==========
SpawnPoolWorker-808| 2026-06-22 02:25:54,959,959 multiprocessing INFO SEE LOG AT : ./logs/all_Lyapunov_test_dso-fn_d_all_n_01_log.txt
SpawnPoolWorker-808| 2026-06-22 02:25:54,959,959 multiprocessing INFO See log at : ./logs/all_Lyapunov_test_dso-fn_d_all_n_01_log.txt
SpawnPoolWorker-808| 2026-06-22 02:25:54,961,961 multiprocessing INFO child process calling self.run()
SpawnPoolWorker-798| 2026-06-22 02:25:55,093,93 multiprocessing INFO STARTING NEW RUN ==========
SpawnPoolWorker-798| 2026-06-22 02:25:55,093,93 multiprocessing INFO SEE LOG AT : ./logs/all_Lyapunov_test_dso-fn_d_all_n_01_log.txt
SpawnPoolWorker-798| 2026-06-22 02:25:55,093,93 multiprocessing INFO See log at : ./logs/all_Lyapunov_test_dso-fn_d_all_n_01_log.txt
SpawnPoolWorker-798| 2026-06-22 02:25:55,097,97 multiprocessing INFO child process calling self.run()
SpawnPoolWorker-811| 2026-06-22 02:25:55,264,264 multiprocessing INFO STARTING NEW RUN ==========
SpawnPoolWorker-811| 2026-06-22 02:25:55,266,266 multiprocessing INFO SEE LOG AT : ./logs/all_Lyapunov_test_dso-fn_d_all_n_01_log.txt
SpawnPoolWorker-811| 2026-06-22 02:25:55,266,266 multiprocessing INFO See log at : ./logs/all_Lyapunov_test_dso-fn_d_all_n_01_log.txt
SpawnPoolWorker-811| 2026-06-22 02:25:55,272,272 multiprocessing INFO child process calling self.run()
SpawnPoolWorker-805| 2026-06-22 02:25:55,393,393 multiprocessing INFO STARTING NEW RUN ==========
SpawnPoolWorker-805| 2026-06-22 02:25:55,394,394 multiprocessing INFO SEE LOG AT : ./logs/all_Lyapunov_test_dso-fn_d_all_n_01_log.txt
SpawnPoolWorker-805| 2026-06-22 02:25:55,394,394 multiprocessing INFO See log at : ./logs/all_Lyapunov_test_dso-fn_d_all_n_01_log.txt
SpawnPoolWorker-805| 2026-06-22 02:25:55,399,399 multiprocessing INFO child process calling self.run()
SpawnPoolWorker-807| 2026-06-22 02:25:55,428,428 multiprocessing INFO STARTING NEW RUN ==========
SpawnPoolWorker-807| 2026-06-22 02:25:55,428,428 multiprocessing INFO SEE LOG AT : ./logs/all_Lyapunov_test_dso-fn_d_all_n_01_log.txt
SpawnPoolWorker-807| 2026-06-22 02:25:55,428,428 multiprocessing INFO See log at : ./logs/all_Lyapunov_test_dso-fn_d_all_n_01_log.txt
SpawnPoolWorker-807| 2026-06-22 02:25:55,432,432 multiprocessing INFO child process calling self.run()
SpawnPoolWorker-803| 2026-06-22 02:25:55,531,531 multiprocessing INFO STARTING NEW RUN ==========
SpawnPoolWorker-803| 2026-06-22 02:25:55,531,531 multiprocessing INFO SEE LOG AT : ./logs/all_Lyapunov_test_dso-fn_d_all_n_01_log.txt
SpawnPoolWorker-803| 2026-06-22 02:25:55,531,531 multiprocessing INFO See log at : ./logs/all_Lyapunov_test_dso-fn_d_all_n_01_log.txt
SpawnPoolWorker-803| 2026-06-22 02:25:55,534,534 multiprocessing INFO child process calling self.run()
SpawnPoolWorker-816| 2026-06-22 02:25:55,899,899 multiprocessing INFO STARTING NEW RUN ==========
SpawnPoolWorker-816| 2026-06-22 02:25:55,899,899 multiprocessing INFO SEE LOG AT : ./logs/all_Lyapunov_test_dso-fn_d_all_n_01_log.txt
SpawnPoolWorker-816| 2026-06-22 02:25:55,899,899 multiprocessing INFO See log at : ./logs/all_Lyapunov_test_dso-fn_d_all_n_01_log.txt
SpawnPoolWorker-816| 2026-06-22 02:25:55,902,902 multiprocessing INFO child process calling self.run()
SpawnPoolWorker-806| 2026-06-22 02:25:55,955,955 multiprocessing INFO STARTING NEW RUN ==========
SpawnPoolWorker-806| 2026-06-22 02:25:55,955,955 multiprocessing INFO SEE LOG AT : ./logs/all_Lyapunov_test_dso-fn_d_all_n_01_log.txt
SpawnPoolWorker-806| 2026-06-22 02:25:55,955,955 multiprocessing INFO See log at : ./logs/all_Lyapunov_test_dso-fn_d_all_n_01_log.txt
SpawnPoolWorker-806| 2026-06-22 02:25:55,957,957 multiprocessing INFO child process calling self.run()
SpawnPoolWorker-814| 2026-06-22 02:25:56,405,405 multiprocessing INFO STARTING NEW RUN ==========
SpawnPoolWorker-814| 2026-06-22 02:25:56,405,405 multiprocessing INFO SEE LOG AT : ./logs/all_Lyapunov_test_dso-fn_d_all_n_01_log.txt
SpawnPoolWorker-814| 2026-06-22 02:25:56,405,405 multiprocessing INFO See log at : ./logs/all_Lyapunov_test_dso-fn_d_all_n_01_log.txt
SpawnPoolWorker-814| 2026-06-22 02:25:56,409,409 multiprocessing INFO child process calling self.run()
SpawnPoolWorker-812| 2026-06-22 02:25:56,800,800 multiprocessing INFO STARTING NEW RUN ==========
SpawnPoolWorker-812| 2026-06-22 02:25:56,800,800 multiprocessing INFO SEE LOG AT : ./logs/all_Lyapunov_test_dso-fn_d_all_n_01_log.txt
SpawnPoolWorker-812| 2026-06-22 02:25:56,800,800 multiprocessing INFO See log at : ./logs/all_Lyapunov_test_dso-fn_d_all_n_01_log.txt
SpawnPoolWorker-812| 2026-06-22 02:25:56,803,803 multiprocessing INFO child process calling self.run()
SpawnPoolWorker-813| 2026-06-22 02:25:56,933,933 multiprocessing INFO STARTING NEW RUN ==========
SpawnPoolWorker-813| 2026-06-22 02:25:56,933,933 multiprocessing INFO SEE LOG AT : ./logs/all_Lyapunov_test_dso-fn_d_all_n_01_log.txt
SpawnPoolWorker-813| 2026-06-22 02:25:56,933,933 multiprocessing INFO See log at : ./logs/all_Lyapunov_test_dso-fn_d_all_n_01_log.txt
SpawnPoolWorker-813| 2026-06-22 02:25:56,942,942 multiprocessing INFO child process calling self.run()
SpawnPoolWorker-815| 2026-06-22 02:25:57,227,227 multiprocessing INFO STARTING NEW RUN ==========
SpawnPoolWorker-815| 2026-06-22 02:25:57,227,227 multiprocessing INFO SEE LOG AT : ./logs/all_Lyapunov_test_dso-fn_d_all_n_01_log.txt
SpawnPoolWorker-815| 2026-06-22 02:25:57,227,227 multiprocessing INFO See log at : ./logs/all_Lyapunov_test_dso-fn_d_all_n_01_log.txt
SpawnPoolWorker-815| 2026-06-22 02:25:57,229,229 multiprocessing INFO child process calling self.run()
SpawnPoolWorker-797| 2026-06-22 02:28:16,512,512 multiprocessing INFO process shutting down
SpawnPoolWorker-802| 2026-06-22 02:28:16,512,512 multiprocessing INFO process shutting down
SpawnPoolWorker-799| 2026-06-22 02:28:16,512,512 multiprocessing INFO process shutting down
SpawnPoolWorker-800| 2026-06-22 02:28:16,513,513 multiprocessing INFO process shutting down
SpawnPoolWorker-815| 2026-06-22 02:28:16,513,513 multiprocessing INFO process shutting down
SpawnPoolWorker-811| 2026-06-22 02:28:16,513,513 multiprocessing INFO process shutting down
SpawnPoolWorker-798| 2026-06-22 02:28:16,513,513 multiprocessing INFO process shutting down
SpawnPoolWorker-798| 2026-06-22 02:28:16,513,513 multiprocessing INFO process exiting with exitcode 0
SpawnPoolWorker-800| 2026-06-22 02:28:16,513,513 multiprocessing INFO process exiting with exitcode 0
SpawnPoolWorker-799| 2026-06-22 02:28:16,513,513 multiprocessing INFO process exiting with exitcode 0
SpawnPoolWorker-797| 2026-06-22 02:28:16,513,513 multiprocessing INFO process exiting with exitcode 0
SpawnPoolWorker-795| 2026-06-22 02:28:16,513,513 multiprocessing INFO process shutting down
SpawnPoolWorker-804| 2026-06-22 02:28:16,513,513 multiprocessing INFO process shutting down
SpawnPoolWorker-796| 2026-06-22 02:28:16,513,513 multiprocessing INFO process shutting down
SpawnPoolWorker-810| 2026-06-22 02:28:16,512,512 multiprocessing INFO process shutting down
SpawnPoolWorker-795| 2026-06-22 02:28:16,514,514 multiprocessing INFO process exiting with exitcode 0
SpawnPoolWorker-804| 2026-06-22 02:28:16,514,514 multiprocessing INFO process exiting with exitcode 0
SpawnPoolWorker-808| 2026-06-22 02:28:16,512,512 multiprocessing INFO process shutting down
SpawnPoolWorker-796| 2026-06-22 02:28:16,514,514 multiprocessing INFO process exiting with exitcode 0
SpawnPoolWorker-813| 2026-06-22 02:28:16,514,514 multiprocessing INFO process shutting down
SpawnPoolWorker-803| 2026-06-22 02:28:16,514,514 multiprocessing INFO process shutting down
SpawnPoolWorker-809| 2026-06-22 02:28:16,514,514 multiprocessing INFO process shutting down
SpawnPoolWorker-805| 2026-06-22 02:28:16,514,514 multiprocessing INFO process shutting down
SpawnPoolWorker-814| 2026-06-22 02:28:16,514,514 multiprocessing INFO process shutting down
SpawnPoolWorker-807| 2026-06-22 02:28:16,514,514 multiprocessing INFO process shutting down
SpawnPoolWorker-794| 2026-06-22 02:28:16,515,515 multiprocessing INFO process shutting down
SpawnPoolWorker-806| 2026-06-22 02:28:16,515,515 multiprocessing INFO process shutting down
SpawnPoolWorker-801| 2026-06-22 02:28:16,515,515 multiprocessing INFO process shutting down
SpawnPoolWorker-816| 2026-06-22 02:28:16,515,515 multiprocessing INFO process shutting down
28
(100000, 8)
(100000,)
(100000, 8)
(100000,)

=======================Successfully Added (3201, 8) Counter Examples=======================

/var/spool/slurmd/job11501269/slurm_script: line 30: 2468516 Killed                  python -u Lyapunov_test_dso.py
[2026-06-22T02:40:05.635] error: Detected 1 oom_kill event in StepId=11501269.batch. Some of the step tasks have been OOM Killed.
