[job] sys=power4d benchmark=fn_d_all_o seed=5 host=aga22 gpu=0 start=2026-06-21T22:41:00-05:00
MainProcess| 2026-06-21 22:41:24,530,530 multiprocessing INFO STARTING NEW RUN ==========
MainProcess| 2026-06-21 22:41:24,530,530 multiprocessing INFO SEE LOG AT : ./logs/all_Lyapunov_test_dso-fn_d_all_o_01_log.txt
MainProcess| 2026-06-21 22:41:24,530,530 multiprocessing INFO See log at : ./logs/all_Lyapunov_test_dso-fn_d_all_o_01_log.txt
MainProcess| 2026-06-21 22:41:24,538,538 multiprocessing INFO               variables           expression                                                                                                      train_spec test_spec function_set
name                                                                                                                                                                               
fn_d_all_o_5          4  0*x1+0*x2+0*x3+0*x4  {"x1":{"U":[-0.75,0.75,50000]}, "x2":{"U":[-0.75,0.75,50000]},"x3":{"U":[-2,2,50000]},"x4":{"U":[-2,2,50000]}}      None         Koza
              variables           expression                                                                                                      train_spec test_spec function_set
name                                                                                                                                                                               
fn_d_all_o_5          4  0*x1+0*x2+0*x3+0*x4  {"x1":{"U":[-0.75,0.75,50000]}, "x2":{"U":[-0.75,0.75,50000]},"x3":{"U":[-2,2,50000]},"x4":{"U":[-2,2,50000]}}      None         Koza

-- BUILDING DATASET START -----------
Benchmark path                 : /users/9/chen8596/LyaDis/repro/runs/power4d/libs/sd3/dso/dso/task/regression/benchmarks_bkup_1.csv
Generated data for benchmark   : fn_d_all_o_5
-- BUILDING DATASET END -------------

Function set                   : Koza --> ['add', 'sub', 'mul', 'sin', 'cos', 'n2']

MainProcess| 2026-06-21 22:41:24,649,649 multiprocessing INFO [BASELINE_TESTING NOW] dataset=fn_d_all_o_5 	| baseline=transformer 	| seed=5 	| data_samples=50000 	| noise=0.0
MainProcess| 2026-06-21 22:41:24,664,664 multiprocessing INFO [RUN SETTINGS]: test_dataset=fn_d_all_o_5  batch_outer_datasets=24 pre_train=False load_pre_trained_path= priority_queue_training=True gp_meld=True model=TransformerTreeEncoderController train_path= risk_seeking_pg_train=True
[RUN SETTINGS]: test_dataset=fn_d_all_o_5  batch_outer_datasets=24 pre_train=False load_pre_trained_path= priority_queue_training=True gp_meld=True model=TransformerTreeEncoderController train_path= risk_seeking_pg_train=True
MainProcess| 2026-06-21 22:41:24,732,732 multiprocessing INFO Running model : TransformerTreeEncoderController
Running model : TransformerTreeEncoderController

-- BUILDING DATASET START -----------
Benchmark path                 : /users/9/chen8596/LyaDis/repro/runs/power4d/libs/sd3/dso/dso/task/regression/benchmarks_bkup_1.csv
Generated data for benchmark   : fn_d_all_o_5
-- BUILDING DATASET END -------------

Function set                   : Koza --> ['add', 'sub', 'mul', 'sin', 'cos', 'n2']

MainProcess| 2026-06-21 22:41:24,746,746 multiprocessing INFO Function set: ['x1', 'x2', 'x3', 'x4', 'add', 'sub', 'mul', 'sin', 'cos', 'n2']

-- BUILDING DATASET START -----------
Benchmark path                 : /users/9/chen8596/LyaDis/repro/runs/power4d/libs/sd3/dso/dso/task/regression/benchmarks_bkup_1.csv
Generated data for benchmark   : fn_d_all_o_5
-- BUILDING DATASET END -------------

Function set                   : Koza --> ['add', 'sub', 'mul', 'sin', 'cos', 'n2']

-- BUILDING PRIOR START -------------
WARNING: Skipping invalid 'RelationalConstraint' with arguments {'targets': [], 'effectors': [], 'relationship': None}. Reason: Prior disabled.
WARNING: Skipping invalid 'RepeatConstraint' with arguments {'tokens': 'const', 'min_': None, 'max_': 5}. Reason: Uses Tokens not in the Library.
WARNING: Skipping invalid 'InverseUnaryConstraint' with arguments {}. Reason: There are no inverse unary Token pairs in the Library.
WARNING: Skipping invalid 'ConstConstraint' with arguments {}. Reason: Prior disabled.
WARNING: Skipping invalid 'NoInputsConstraint' with arguments {}. Reason: All terminal tokens are input variables, so allsequences will have an input variable.
WARNING: Skipping invalid 'UniformArityPrior' with arguments {}. Reason: Prior disabled.
LengthConstraint: Sequences have minimum length 10.
                  Sequences have maximum length 15.
TrigConstraint: [sin, cos] cannot be a descendant of [sin, cos].
SoftLengthPrior: No description available.
-- BUILDING PRIOR END ---------------

MainProcess| 2026-06-21 22:41:25,212,212 multiprocessing INFO Transformer overwriting hidden size to input_dim 128
Transformer overwriting hidden size to input_dim 128
MainProcess| 2026-06-21 22:41:25,548,548 multiprocessing INFO Encoder params: {'sinuisodal_embeddings': False, 'dec_pf_dim': 32, 'dec_layers': 1, 'dim_hidden': 128, 'lr': 0.0001, 'dropout': 0, 'num_features': 1, 'ln': True, 'N_p': 0, 'num_inds': 64, 'activation': 'relu', 'bit16': False, 'norm': True, 'linear': True, 'input_normalization': False, 'src_pad_idx': 0, 'trg_pad_idx': 0, 'length_eq': 20, 'n_l_enc': 3, 'mean': 0.5, 'std': 0.5, 'dim_input': 64, 'num_heads': 2, 'output_dim': 10}
Encoder params: {'sinuisodal_embeddings': False, 'dec_pf_dim': 32, 'dec_layers': 1, 'dim_hidden': 128, 'lr': 0.0001, 'dropout': 0, 'num_features': 1, 'ln': True, 'N_p': 0, 'num_inds': 64, 'activation': 'relu', 'bit16': False, 'norm': True, 'linear': True, 'input_normalization': False, 'src_pad_idx': 0, 'trg_pad_idx': 0, 'length_eq': 20, 'n_l_enc': 3, 'mean': 0.5, 'std': 0.5, 'dim_input': 64, 'num_heads': 2, 'output_dim': 10}
MainProcess| 2026-06-21 22:41:25,574,574 multiprocessing INFO TransformerTreeEncoderController parameters: 4035606 	 | trainable : 4035606
TransformerTreeEncoderController parameters: 4035606 	 | trainable : 4035606
MainProcess| 2026-06-21 22:41:25,639,639 multiprocessing INFO GP CONFIG : {'verbose': False, 'generations': 35, 'p_crossover': 0.5, 'p_mutate': 0.5, 'tournament_size': 7, 'train_n': 50, 'mutate_tree_max': 3}
GP CONFIG : {'verbose': False, 'generations': 35, 'p_crossover': 0.5, 'p_mutate': 0.5, 'tournament_size': 7, 'train_n': 50, 'mutate_tree_max': 3}
MainProcess| 2026-06-21 22:41:25,881,881 multiprocessing INFO config: {'experiment': {'logdir': './log', 'seed': 13, 'timestamp': '2026-06-21-224124', 'task_name': 'fn_d_all_o_5', 'save_path': './log/fn_d_all_o_5_2026-06-21-224124_5'}, 'task': {'task_type': 'regression', 'dataset': 'fn_d_all_o_5', 'function_set': ['add', 'sub', 'mul', 'sin', 'cos', 'n2'], 'metric': 'lyapunov_risk', 'metric_params': [1.0], 'extra_metric_test': None, 'extra_metric_test_params': [], 'threshold': 1e-12, 'protected': False, 'reward_noise': 0.0, 'reward_noise_type': 'r', 'normalize_variance': False, 'decision_tree_threshold_set': []}, 'training': {'n_epochs': None, 'n_samples': 2000000, 'batch_size': 500, 'epsilon': 0.1, 'baseline': 'R_e', 'alpha': 0.5, 'b_jumpstart': False, 'n_cores_batch': 1, 'complexity': 'token', 'const_optimizer': 'scipy', 'const_params': {'method': 'L-BFGS-B', 'options': {'gtol': 0.001}}, 'verbose': True, 'debug': 0, 'early_stopping': True, 'hof': 100, 'use_memory': False, 'memory_capacity': 1000.0, 'warm_start': None, 'memory_threshold': None, 'save_all_epoch': False, 'save_summary': False, 'save_positional_entropy': False, 'save_pareto_front': True, 'save_cache': False, 'save_cache_r_min': 0.9, 'save_freq': 1, 'save_token_count': False}, 'state_manager': {'observe_action': False, 'observe_parent': True, 'observe_sibling': True, 'observe_dangling': False, 'embedding': True, 'embedding_size': 64}, 'controller': {'max_length': 64, 'cell': 'lstm', 'num_layers': 1, 'num_units': 64, 'initializer': 'zeros', 'learning_rate': 0.0003, 'optimizer': 'adam', 'entropy_weight': 0.005, 'entropy_gamma': 0.8, 'pqt': True, 'pqt_k': 10, 'pqt_batch_size': 1, 'pqt_weight': 200.0, 'pqt_use_pg': False, 'summary': False, 'rl_weight': 1.0}, 'gp_meld': {'generations': 35, 'p_crossover': 0.5, 'p_mutate': 0.5, 'tournament_size': 7, 'train_n': 50, 'mutate_tree_max': 3}, 'prior': {'relational': {'targets': [], 'effectors': [], 'relationship': None}, 'length': {'min_': 10, 'max_': 15}, 'repeat': {'tokens': 'const', 'min_': None, 'max_': 5}, 'inverse': {}, 'trig': {}, 'const': {}, 'no_inputs': {}, 'uniform_arity': {}, 'soft_length': {'loc': 10, 'scale': 5}}, 'postprocess': {'show_count': 5, 'save_plots': True}, 'model': 'TransformerTreeEncoderController', 'function_names_str': 'x1,x2,x3,x4,add,sub,mul,sin,cos,n2', 'nesymres_train_config': {'architecture': {'sinuisodal_embeddings': False, 'dec_pf_dim': 32, 'dec_layers': 1, 'dim_hidden': 128, 'lr': 0.0001, 'dropout': 0, 'num_features': 1, 'ln': True, 'N_p': 0, 'num_inds': 64, 'activation': 'relu', 'bit16': False, 'norm': True, 'linear': True, 'input_normalization': False, 'src_pad_idx': 0, 'trg_pad_idx': 0, 'length_eq': 20, 'n_l_enc': 3, 'mean': 0.5, 'std': 0.5, 'dim_input': 64, 'num_heads': 2, 'output_dim': 10}}}

-- BUILDING DATASET START -----------
Benchmark path                 : /users/9/chen8596/LyaDis/repro/runs/power4d/libs/sd3/dso/dso/task/regression/benchmarks_bkup_1.csv
Generated data for benchmark   : fn_d_all_o_5
-- BUILDING DATASET END -------------

Function set                   : Koza --> ['add', 'sub', 'mul', 'sin', 'cos', 'n2']

-- RUNNING EPOCHS START -------------
torch.Size([500, 128])
/users/9/chen8596/miniconda3/envs/alfd/lib/python3.9/site-packages/torch/nn/functional.py:4999: UserWarning: Support for mismatched key_padding_mask and attn_mask is deprecated. Use same type for both instead.
  warnings.warn(
/users/9/chen8596/miniconda3/envs/alfd/lib/python3.9/site-packages/torch/nn/functional.py:4999: UserWarning: Support for mismatched key_padding_mask and attn_mask is deprecated. Use same type for both instead.
  warnings.warn(
/users/9/chen8596/miniconda3/envs/alfd/lib/python3.9/site-packages/torch/nn/functional.py:4999: UserWarning: Support for mismatched key_padding_mask and attn_mask is deprecated. Use same type for both instead.
  warnings.warn(
MainProcess| 2026-06-21 22:42:25,404,404 multiprocessing INFO Genetic Porgramming Runtime 54.25778020202415
Genetic Porgramming Runtime 54.25778020202415

=========================PGD Collection Starts=========================

MainProcess| 2026-06-21 22:42:26,116,116 multiprocessing INFO created temp directory /tmp/pymp-30pyuw4s
SpawnPoolWorker-10| 2026-06-21 22:42:33,104,104 multiprocessing INFO STARTING NEW RUN ==========
SpawnPoolWorker-8| 2026-06-21 22:42:33,104,104 multiprocessing INFO STARTING NEW RUN ==========
SpawnPoolWorker-6| 2026-06-21 22:42:33,104,104 multiprocessing INFO STARTING NEW RUN ==========
SpawnPoolWorker-1| 2026-06-21 22:42:33,104,104 multiprocessing INFO STARTING NEW RUN ==========
SpawnPoolWorker-10| 2026-06-21 22:42:33,104,104 multiprocessing INFO SEE LOG AT : ./logs/all_Lyapunov_test_dso-fn_d_all_o_01_log.txt
SpawnPoolWorker-8| 2026-06-21 22:42:33,104,104 multiprocessing INFO SEE LOG AT : ./logs/all_Lyapunov_test_dso-fn_d_all_o_01_log.txt
SpawnPoolWorker-6| 2026-06-21 22:42:33,104,104 multiprocessing INFO SEE LOG AT : ./logs/all_Lyapunov_test_dso-fn_d_all_o_01_log.txt
SpawnPoolWorker-1| 2026-06-21 22:42:33,104,104 multiprocessing INFO SEE LOG AT : ./logs/all_Lyapunov_test_dso-fn_d_all_o_01_log.txt
SpawnPoolWorker-8| 2026-06-21 22:42:33,104,104 multiprocessing INFO See log at : ./logs/all_Lyapunov_test_dso-fn_d_all_o_01_log.txt
SpawnPoolWorker-10| 2026-06-21 22:42:33,104,104 multiprocessing INFO See log at : ./logs/all_Lyapunov_test_dso-fn_d_all_o_01_log.txt
SpawnPoolWorker-9| 2026-06-21 22:42:33,104,104 multiprocessing INFO STARTING NEW RUN ==========
SpawnPoolWorker-6| 2026-06-21 22:42:33,104,104 multiprocessing INFO See log at : ./logs/all_Lyapunov_test_dso-fn_d_all_o_01_log.txt
SpawnPoolWorker-1| 2026-06-21 22:42:33,104,104 multiprocessing INFO See log at : ./logs/all_Lyapunov_test_dso-fn_d_all_o_01_log.txt
SpawnPoolWorker-9| 2026-06-21 22:42:33,104,104 multiprocessing INFO SEE LOG AT : ./logs/all_Lyapunov_test_dso-fn_d_all_o_01_log.txt
SpawnPoolWorker-9| 2026-06-21 22:42:33,104,104 multiprocessing INFO See log at : ./logs/all_Lyapunov_test_dso-fn_d_all_o_01_log.txt
SpawnPoolWorker-8| 2026-06-21 22:42:33,107,107 multiprocessing INFO child process calling self.run()
SpawnPoolWorker-9| 2026-06-21 22:42:33,107,107 multiprocessing INFO child process calling self.run()
SpawnPoolWorker-10| 2026-06-21 22:42:33,107,107 multiprocessing INFO child process calling self.run()
SpawnPoolWorker-6| 2026-06-21 22:42:33,107,107 multiprocessing INFO child process calling self.run()
SpawnPoolWorker-5| 2026-06-21 22:42:33,108,108 multiprocessing INFO STARTING NEW RUN ==========
SpawnPoolWorker-3| 2026-06-21 22:42:33,108,108 multiprocessing INFO STARTING NEW RUN ==========
SpawnPoolWorker-1| 2026-06-21 22:42:33,108,108 multiprocessing INFO child process calling self.run()
SpawnPoolWorker-3| 2026-06-21 22:42:33,108,108 multiprocessing INFO SEE LOG AT : ./logs/all_Lyapunov_test_dso-fn_d_all_o_01_log.txt
SpawnPoolWorker-3| 2026-06-21 22:42:33,108,108 multiprocessing INFO See log at : ./logs/all_Lyapunov_test_dso-fn_d_all_o_01_log.txt
SpawnPoolWorker-5| 2026-06-21 22:42:33,108,108 multiprocessing INFO SEE LOG AT : ./logs/all_Lyapunov_test_dso-fn_d_all_o_01_log.txt
SpawnPoolWorker-5| 2026-06-21 22:42:33,108,108 multiprocessing INFO See log at : ./logs/all_Lyapunov_test_dso-fn_d_all_o_01_log.txt
SpawnPoolWorker-3| 2026-06-21 22:42:33,110,110 multiprocessing INFO child process calling self.run()
SpawnPoolWorker-5| 2026-06-21 22:42:33,110,110 multiprocessing INFO child process calling self.run()
SpawnPoolWorker-7| 2026-06-21 22:42:33,111,111 multiprocessing INFO STARTING NEW RUN ==========
SpawnPoolWorker-7| 2026-06-21 22:42:33,112,112 multiprocessing INFO SEE LOG AT : ./logs/all_Lyapunov_test_dso-fn_d_all_o_01_log.txt
SpawnPoolWorker-7| 2026-06-21 22:42:33,112,112 multiprocessing INFO See log at : ./logs/all_Lyapunov_test_dso-fn_d_all_o_01_log.txt
SpawnPoolWorker-7| 2026-06-21 22:42:33,114,114 multiprocessing INFO child process calling self.run()
SpawnPoolWorker-2| 2026-06-21 22:42:33,114,114 multiprocessing INFO STARTING NEW RUN ==========
SpawnPoolWorker-4| 2026-06-21 22:42:33,115,115 multiprocessing INFO STARTING NEW RUN ==========
SpawnPoolWorker-2| 2026-06-21 22:42:33,115,115 multiprocessing INFO SEE LOG AT : ./logs/all_Lyapunov_test_dso-fn_d_all_o_01_log.txt
SpawnPoolWorker-4| 2026-06-21 22:42:33,115,115 multiprocessing INFO SEE LOG AT : ./logs/all_Lyapunov_test_dso-fn_d_all_o_01_log.txt
SpawnPoolWorker-2| 2026-06-21 22:42:33,115,115 multiprocessing INFO See log at : ./logs/all_Lyapunov_test_dso-fn_d_all_o_01_log.txt
SpawnPoolWorker-4| 2026-06-21 22:42:33,115,115 multiprocessing INFO See log at : ./logs/all_Lyapunov_test_dso-fn_d_all_o_01_log.txt
SpawnPoolWorker-2| 2026-06-21 22:42:33,116,116 multiprocessing INFO child process calling self.run()
SpawnPoolWorker-4| 2026-06-21 22:42:33,117,117 multiprocessing INFO child process calling self.run()
(10000,)

===================Collect 10000 Examples===================

Epsilon 0.1
500
(550,)
(550,)
(55,)
Number of Programs for Minimization: 28
SpawnPoolWorker-15| 2026-06-21 22:43:34,928,928 multiprocessing INFO STARTING NEW RUN ==========
SpawnPoolWorker-15| 2026-06-21 22:43:34,928,928 multiprocessing INFO SEE LOG AT : ./logs/all_Lyapunov_test_dso-fn_d_all_o_01_log.txt
SpawnPoolWorker-15| 2026-06-21 22:43:34,928,928 multiprocessing INFO See log at : ./logs/all_Lyapunov_test_dso-fn_d_all_o_01_log.txt
SpawnPoolWorker-15| 2026-06-21 22:43:34,935,935 multiprocessing INFO child process calling self.run()
SpawnPoolWorker-33| 2026-06-21 22:43:35,713,713 multiprocessing INFO STARTING NEW RUN ==========
SpawnPoolWorker-33| 2026-06-21 22:43:35,713,713 multiprocessing INFO SEE LOG AT : ./logs/all_Lyapunov_test_dso-fn_d_all_o_01_log.txt
SpawnPoolWorker-33| 2026-06-21 22:43:35,713,713 multiprocessing INFO See log at : ./logs/all_Lyapunov_test_dso-fn_d_all_o_01_log.txt
SpawnPoolWorker-33| 2026-06-21 22:43:35,715,715 multiprocessing INFO child process calling self.run()
SpawnPoolWorker-52| 2026-06-21 22:43:36,157,157 multiprocessing INFO STARTING NEW RUN ==========
SpawnPoolWorker-52| 2026-06-21 22:43:36,157,157 multiprocessing INFO SEE LOG AT : ./logs/all_Lyapunov_test_dso-fn_d_all_o_01_log.txt
SpawnPoolWorker-52| 2026-06-21 22:43:36,157,157 multiprocessing INFO See log at : ./logs/all_Lyapunov_test_dso-fn_d_all_o_01_log.txt
SpawnPoolWorker-52| 2026-06-21 22:43:36,165,165 multiprocessing INFO child process calling self.run()
SpawnPoolWorker-42| 2026-06-21 22:43:36,331,331 multiprocessing INFO STARTING NEW RUN ==========
SpawnPoolWorker-42| 2026-06-21 22:43:36,331,331 multiprocessing INFO SEE LOG AT : ./logs/all_Lyapunov_test_dso-fn_d_all_o_01_log.txt
SpawnPoolWorker-42| 2026-06-21 22:43:36,331,331 multiprocessing INFO See log at : ./logs/all_Lyapunov_test_dso-fn_d_all_o_01_log.txt
SpawnPoolWorker-42| 2026-06-21 22:43:36,349,349 multiprocessing INFO child process calling self.run()
SpawnPoolWorker-16| 2026-06-21 22:43:36,477,477 multiprocessing INFO STARTING NEW RUN ==========
SpawnPoolWorker-16| 2026-06-21 22:43:36,477,477 multiprocessing INFO SEE LOG AT : ./logs/all_Lyapunov_test_dso-fn_d_all_o_01_log.txt
SpawnPoolWorker-16| 2026-06-21 22:43:36,477,477 multiprocessing INFO See log at : ./logs/all_Lyapunov_test_dso-fn_d_all_o_01_log.txt
SpawnPoolWorker-16| 2026-06-21 22:43:36,495,495 multiprocessing INFO child process calling self.run()
SpawnPoolWorker-18| 2026-06-21 22:43:36,605,605 multiprocessing INFO STARTING NEW RUN ==========
SpawnPoolWorker-18| 2026-06-21 22:43:36,605,605 multiprocessing INFO SEE LOG AT : ./logs/all_Lyapunov_test_dso-fn_d_all_o_01_log.txt
SpawnPoolWorker-18| 2026-06-21 22:43:36,605,605 multiprocessing INFO See log at : ./logs/all_Lyapunov_test_dso-fn_d_all_o_01_log.txt
SpawnPoolWorker-18| 2026-06-21 22:43:36,611,611 multiprocessing INFO child process calling self.run()
SpawnPoolWorker-29| 2026-06-21 22:43:37,029,29 multiprocessing INFO STARTING NEW RUN ==========
SpawnPoolWorker-29| 2026-06-21 22:43:37,029,29 multiprocessing INFO SEE LOG AT : ./logs/all_Lyapunov_test_dso-fn_d_all_o_01_log.txt
SpawnPoolWorker-29| 2026-06-21 22:43:37,029,29 multiprocessing INFO See log at : ./logs/all_Lyapunov_test_dso-fn_d_all_o_01_log.txt
SpawnPoolWorker-29| 2026-06-21 22:43:37,035,35 multiprocessing INFO child process calling self.run()
SpawnPoolWorker-22| 2026-06-21 22:43:37,367,367 multiprocessing INFO STARTING NEW RUN ==========
SpawnPoolWorker-22| 2026-06-21 22:43:37,367,367 multiprocessing INFO SEE LOG AT : ./logs/all_Lyapunov_test_dso-fn_d_all_o_01_log.txt
SpawnPoolWorker-22| 2026-06-21 22:43:37,367,367 multiprocessing INFO See log at : ./logs/all_Lyapunov_test_dso-fn_d_all_o_01_log.txt
SpawnPoolWorker-22| 2026-06-21 22:43:37,379,379 multiprocessing INFO child process calling self.run()
SpawnPoolWorker-12| 2026-06-21 22:43:37,490,490 multiprocessing INFO STARTING NEW RUN ==========
SpawnPoolWorker-12| 2026-06-21 22:43:37,490,490 multiprocessing INFO SEE LOG AT : ./logs/all_Lyapunov_test_dso-fn_d_all_o_01_log.txt
SpawnPoolWorker-12| 2026-06-21 22:43:37,491,491 multiprocessing INFO See log at : ./logs/all_Lyapunov_test_dso-fn_d_all_o_01_log.txt
SpawnPoolWorker-12| 2026-06-21 22:43:37,499,499 multiprocessing INFO child process calling self.run()
SpawnPoolWorker-11| 2026-06-21 22:43:37,845,845 multiprocessing INFO STARTING NEW RUN ==========
SpawnPoolWorker-11| 2026-06-21 22:43:37,845,845 multiprocessing INFO SEE LOG AT : ./logs/all_Lyapunov_test_dso-fn_d_all_o_01_log.txt
SpawnPoolWorker-11| 2026-06-21 22:43:37,845,845 multiprocessing INFO See log at : ./logs/all_Lyapunov_test_dso-fn_d_all_o_01_log.txt
SpawnPoolWorker-11| 2026-06-21 22:43:37,864,864 multiprocessing INFO child process calling self.run()
SpawnPoolWorker-19| 2026-06-21 22:43:38,454,454 multiprocessing INFO STARTING NEW RUN ==========
SpawnPoolWorker-19| 2026-06-21 22:43:38,454,454 multiprocessing INFO SEE LOG AT : ./logs/all_Lyapunov_test_dso-fn_d_all_o_01_log.txt
SpawnPoolWorker-19| 2026-06-21 22:43:38,454,454 multiprocessing INFO See log at : ./logs/all_Lyapunov_test_dso-fn_d_all_o_01_log.txt
SpawnPoolWorker-19| 2026-06-21 22:43:38,459,459 multiprocessing INFO child process calling self.run()
SpawnPoolWorker-13| 2026-06-21 22:43:38,652,652 multiprocessing INFO STARTING NEW RUN ==========
SpawnPoolWorker-13| 2026-06-21 22:43:38,652,652 multiprocessing INFO SEE LOG AT : ./logs/all_Lyapunov_test_dso-fn_d_all_o_01_log.txt
SpawnPoolWorker-13| 2026-06-21 22:43:38,652,652 multiprocessing INFO See log at : ./logs/all_Lyapunov_test_dso-fn_d_all_o_01_log.txt
SpawnPoolWorker-13| 2026-06-21 22:43:38,656,656 multiprocessing INFO child process calling self.run()
SpawnPoolWorker-60| 2026-06-21 22:43:38,840,840 multiprocessing INFO STARTING NEW RUN ==========
SpawnPoolWorker-60| 2026-06-21 22:43:38,840,840 multiprocessing INFO SEE LOG AT : ./logs/all_Lyapunov_test_dso-fn_d_all_o_01_log.txt
SpawnPoolWorker-60| 2026-06-21 22:43:38,840,840 multiprocessing INFO See log at : ./logs/all_Lyapunov_test_dso-fn_d_all_o_01_log.txt
SpawnPoolWorker-60| 2026-06-21 22:43:38,843,843 multiprocessing INFO child process calling self.run()
SpawnPoolWorker-35| 2026-06-21 22:43:38,978,978 multiprocessing INFO STARTING NEW RUN ==========
SpawnPoolWorker-35| 2026-06-21 22:43:38,978,978 multiprocessing INFO SEE LOG AT : ./logs/all_Lyapunov_test_dso-fn_d_all_o_01_log.txt
SpawnPoolWorker-35| 2026-06-21 22:43:38,978,978 multiprocessing INFO See log at : ./logs/all_Lyapunov_test_dso-fn_d_all_o_01_log.txt
SpawnPoolWorker-35| 2026-06-21 22:43:38,999,999 multiprocessing INFO child process calling self.run()
SpawnPoolWorker-17| 2026-06-21 22:43:39,133,133 multiprocessing INFO STARTING NEW RUN ==========
SpawnPoolWorker-17| 2026-06-21 22:43:39,133,133 multiprocessing INFO SEE LOG AT : ./logs/all_Lyapunov_test_dso-fn_d_all_o_01_log.txt
SpawnPoolWorker-17| 2026-06-21 22:43:39,133,133 multiprocessing INFO See log at : ./logs/all_Lyapunov_test_dso-fn_d_all_o_01_log.txt
SpawnPoolWorker-17| 2026-06-21 22:43:39,137,137 multiprocessing INFO child process calling self.run()
SpawnPoolWorker-21| 2026-06-21 22:43:39,164,164 multiprocessing INFO STARTING NEW RUN ==========
SpawnPoolWorker-21| 2026-06-21 22:43:39,165,165 multiprocessing INFO SEE LOG AT : ./logs/all_Lyapunov_test_dso-fn_d_all_o_01_log.txt
SpawnPoolWorker-21| 2026-06-21 22:43:39,165,165 multiprocessing INFO See log at : ./logs/all_Lyapunov_test_dso-fn_d_all_o_01_log.txt
SpawnPoolWorker-21| 2026-06-21 22:43:39,169,169 multiprocessing INFO child process calling self.run()
SpawnPoolWorker-26| 2026-06-21 22:43:39,173,173 multiprocessing INFO STARTING NEW RUN ==========
SpawnPoolWorker-26| 2026-06-21 22:43:39,174,174 multiprocessing INFO SEE LOG AT : ./logs/all_Lyapunov_test_dso-fn_d_all_o_01_log.txt
SpawnPoolWorker-26| 2026-06-21 22:43:39,174,174 multiprocessing INFO See log at : ./logs/all_Lyapunov_test_dso-fn_d_all_o_01_log.txt
SpawnPoolWorker-26| 2026-06-21 22:43:39,178,178 multiprocessing INFO child process calling self.run()
SpawnPoolWorker-69| 2026-06-21 22:43:39,463,463 multiprocessing INFO STARTING NEW RUN ==========
SpawnPoolWorker-69| 2026-06-21 22:43:39,464,464 multiprocessing INFO SEE LOG AT : ./logs/all_Lyapunov_test_dso-fn_d_all_o_01_log.txt
SpawnPoolWorker-69| 2026-06-21 22:43:39,464,464 multiprocessing INFO See log at : ./logs/all_Lyapunov_test_dso-fn_d_all_o_01_log.txt
SpawnPoolWorker-69| 2026-06-21 22:43:39,473,473 multiprocessing INFO child process calling self.run()
SpawnPoolWorker-24| 2026-06-21 22:43:39,475,475 multiprocessing INFO STARTING NEW RUN ==========
SpawnPoolWorker-24| 2026-06-21 22:43:39,475,475 multiprocessing INFO SEE LOG AT : ./logs/all_Lyapunov_test_dso-fn_d_all_o_01_log.txt
SpawnPoolWorker-24| 2026-06-21 22:43:39,475,475 multiprocessing INFO See log at : ./logs/all_Lyapunov_test_dso-fn_d_all_o_01_log.txt
SpawnPoolWorker-24| 2026-06-21 22:43:39,477,477 multiprocessing INFO child process calling self.run()
SpawnPoolWorker-34| 2026-06-21 22:43:39,790,790 multiprocessing INFO STARTING NEW RUN ==========
SpawnPoolWorker-34| 2026-06-21 22:43:39,791,791 multiprocessing INFO SEE LOG AT : ./logs/all_Lyapunov_test_dso-fn_d_all_o_01_log.txt
SpawnPoolWorker-34| 2026-06-21 22:43:39,791,791 multiprocessing INFO See log at : ./logs/all_Lyapunov_test_dso-fn_d_all_o_01_log.txt
SpawnPoolWorker-34| 2026-06-21 22:43:39,819,819 multiprocessing INFO child process calling self.run()
SpawnPoolWorker-49| 2026-06-21 22:43:39,928,928 multiprocessing INFO STARTING NEW RUN ==========
SpawnPoolWorker-49| 2026-06-21 22:43:39,929,929 multiprocessing INFO SEE LOG AT : ./logs/all_Lyapunov_test_dso-fn_d_all_o_01_log.txt
SpawnPoolWorker-49| 2026-06-21 22:43:39,929,929 multiprocessing INFO See log at : ./logs/all_Lyapunov_test_dso-fn_d_all_o_01_log.txt
SpawnPoolWorker-49| 2026-06-21 22:43:39,943,943 multiprocessing INFO child process calling self.run()
SpawnPoolWorker-39| 2026-06-21 22:43:40,038,38 multiprocessing INFO STARTING NEW RUN ==========
SpawnPoolWorker-39| 2026-06-21 22:43:40,040,40 multiprocessing INFO SEE LOG AT : ./logs/all_Lyapunov_test_dso-fn_d_all_o_01_log.txt
SpawnPoolWorker-39| 2026-06-21 22:43:40,042,42 multiprocessing INFO See log at : ./logs/all_Lyapunov_test_dso-fn_d_all_o_01_log.txt
SpawnPoolWorker-39| 2026-06-21 22:43:40,057,57 multiprocessing INFO child process calling self.run()
SpawnPoolWorker-32| 2026-06-21 22:43:40,141,141 multiprocessing INFO STARTING NEW RUN ==========
SpawnPoolWorker-32| 2026-06-21 22:43:40,142,142 multiprocessing INFO SEE LOG AT : ./logs/all_Lyapunov_test_dso-fn_d_all_o_01_log.txt
SpawnPoolWorker-32| 2026-06-21 22:43:40,142,142 multiprocessing INFO See log at : ./logs/all_Lyapunov_test_dso-fn_d_all_o_01_log.txt
SpawnPoolWorker-32| 2026-06-21 22:43:40,149,149 multiprocessing INFO child process calling self.run()
SpawnPoolWorker-65| 2026-06-21 22:43:40,318,318 multiprocessing INFO STARTING NEW RUN ==========
SpawnPoolWorker-65| 2026-06-21 22:43:40,318,318 multiprocessing INFO SEE LOG AT : ./logs/all_Lyapunov_test_dso-fn_d_all_o_01_log.txt
SpawnPoolWorker-65| 2026-06-21 22:43:40,318,318 multiprocessing INFO See log at : ./logs/all_Lyapunov_test_dso-fn_d_all_o_01_log.txt
SpawnPoolWorker-65| 2026-06-21 22:43:40,320,320 multiprocessing INFO child process calling self.run()
SpawnPoolWorker-70| 2026-06-21 22:43:40,325,325 multiprocessing INFO STARTING NEW RUN ==========
SpawnPoolWorker-70| 2026-06-21 22:43:40,325,325 multiprocessing INFO SEE LOG AT : ./logs/all_Lyapunov_test_dso-fn_d_all_o_01_log.txt
SpawnPoolWorker-70| 2026-06-21 22:43:40,325,325 multiprocessing INFO See log at : ./logs/all_Lyapunov_test_dso-fn_d_all_o_01_log.txt
SpawnPoolWorker-70| 2026-06-21 22:43:40,328,328 multiprocessing INFO child process calling self.run()
SpawnPoolWorker-25| 2026-06-21 22:43:40,352,352 multiprocessing INFO STARTING NEW RUN ==========
SpawnPoolWorker-25| 2026-06-21 22:43:40,352,352 multiprocessing INFO SEE LOG AT : ./logs/all_Lyapunov_test_dso-fn_d_all_o_01_log.txt
SpawnPoolWorker-25| 2026-06-21 22:43:40,352,352 multiprocessing INFO See log at : ./logs/all_Lyapunov_test_dso-fn_d_all_o_01_log.txt
SpawnPoolWorker-25| 2026-06-21 22:43:40,354,354 multiprocessing INFO child process calling self.run()
SpawnPoolWorker-37| 2026-06-21 22:43:40,366,366 multiprocessing INFO STARTING NEW RUN ==========
SpawnPoolWorker-37| 2026-06-21 22:43:40,366,366 multiprocessing INFO SEE LOG AT : ./logs/all_Lyapunov_test_dso-fn_d_all_o_01_log.txt
SpawnPoolWorker-37| 2026-06-21 22:43:40,366,366 multiprocessing INFO See log at : ./logs/all_Lyapunov_test_dso-fn_d_all_o_01_log.txt
SpawnPoolWorker-37| 2026-06-21 22:43:40,387,387 multiprocessing INFO child process calling self.run()
SpawnPoolWorker-38| 2026-06-21 22:43:40,436,436 multiprocessing INFO STARTING NEW RUN ==========
SpawnPoolWorker-38| 2026-06-21 22:43:40,437,437 multiprocessing INFO SEE LOG AT : ./logs/all_Lyapunov_test_dso-fn_d_all_o_01_log.txt
SpawnPoolWorker-38| 2026-06-21 22:43:40,437,437 multiprocessing INFO See log at : ./logs/all_Lyapunov_test_dso-fn_d_all_o_01_log.txt
SpawnPoolWorker-38| 2026-06-21 22:43:40,440,440 multiprocessing INFO child process calling self.run()
SpawnPoolWorker-31| 2026-06-21 22:43:40,475,475 multiprocessing INFO STARTING NEW RUN ==========
SpawnPoolWorker-31| 2026-06-21 22:43:40,475,475 multiprocessing INFO SEE LOG AT : ./logs/all_Lyapunov_test_dso-fn_d_all_o_01_log.txt
SpawnPoolWorker-31| 2026-06-21 22:43:40,475,475 multiprocessing INFO See log at : ./logs/all_Lyapunov_test_dso-fn_d_all_o_01_log.txt
SpawnPoolWorker-31| 2026-06-21 22:43:40,478,478 multiprocessing INFO child process calling self.run()
SpawnPoolWorker-72| 2026-06-21 22:43:40,556,556 multiprocessing INFO STARTING NEW RUN ==========
SpawnPoolWorker-72| 2026-06-21 22:43:40,556,556 multiprocessing INFO SEE LOG AT : ./logs/all_Lyapunov_test_dso-fn_d_all_o_01_log.txt
SpawnPoolWorker-72| 2026-06-21 22:43:40,556,556 multiprocessing INFO See log at : ./logs/all_Lyapunov_test_dso-fn_d_all_o_01_log.txt
SpawnPoolWorker-67| 2026-06-21 22:43:40,560,560 multiprocessing INFO STARTING NEW RUN ==========
SpawnPoolWorker-67| 2026-06-21 22:43:40,560,560 multiprocessing INFO SEE LOG AT : ./logs/all_Lyapunov_test_dso-fn_d_all_o_01_log.txt
SpawnPoolWorker-67| 2026-06-21 22:43:40,560,560 multiprocessing INFO See log at : ./logs/all_Lyapunov_test_dso-fn_d_all_o_01_log.txt
SpawnPoolWorker-72| 2026-06-21 22:43:40,560,560 multiprocessing INFO child process calling self.run()
SpawnPoolWorker-11| 2026-06-21 22:43:40,566,566 multiprocessing INFO process shutting down
SpawnPoolWorker-11| 2026-06-21 22:43:40,566,566 multiprocessing INFO process exiting with exitcode 0
SpawnPoolWorker-12| 2026-06-21 22:43:40,567,567 multiprocessing INFO process shutting down
SpawnPoolWorker-60| 2026-06-21 22:43:40,567,567 multiprocessing INFO process shutting down
SpawnPoolWorker-35| 2026-06-21 22:43:40,567,567 multiprocessing INFO process shutting down
SpawnPoolWorker-17| 2026-06-21 22:43:40,568,568 multiprocessing INFO process shutting down
SpawnPoolWorker-21| 2026-06-21 22:43:40,568,568 multiprocessing INFO process shutting down
SpawnPoolWorker-26| 2026-06-21 22:43:40,568,568 multiprocessing INFO process shutting down
SpawnPoolWorker-15| 2026-06-21 22:43:40,568,568 multiprocessing INFO process shutting down
SpawnPoolWorker-69| 2026-06-21 22:43:40,569,569 multiprocessing INFO process shutting down
SpawnPoolWorker-24| 2026-06-21 22:43:40,569,569 multiprocessing INFO process shutting down
SpawnPoolWorker-16| 2026-06-21 22:43:40,569,569 multiprocessing INFO process shutting down
SpawnPoolWorker-13| 2026-06-21 22:43:40,569,569 multiprocessing INFO process shutting down
SpawnPoolWorker-33| 2026-06-21 22:43:40,569,569 multiprocessing INFO process shutting down
SpawnPoolWorker-12| 2026-06-21 22:43:40,570,570 multiprocessing INFO process exiting with exitcode 0
SpawnPoolWorker-33| 2026-06-21 22:43:40,570,570 multiprocessing INFO process exiting with exitcode 0
SpawnPoolWorker-67| 2026-06-21 22:43:40,570,570 multiprocessing INFO child process calling self.run()
SpawnPoolWorker-18| 2026-06-21 22:43:40,570,570 multiprocessing INFO process shutting down
SpawnPoolWorker-22| 2026-06-21 22:43:40,571,571 multiprocessing INFO process shutting down
SpawnPoolWorker-19| 2026-06-21 22:43:40,571,571 multiprocessing INFO process shutting down
SpawnPoolWorker-34| 2026-06-21 22:43:40,571,571 multiprocessing INFO process shutting down
SpawnPoolWorker-60| 2026-06-21 22:43:40,575,575 multiprocessing INFO process exiting with exitcode 0
SpawnPoolWorker-49| 2026-06-21 22:43:40,576,576 multiprocessing INFO process shutting down
SpawnPoolWorker-42| 2026-06-21 22:43:40,576,576 multiprocessing INFO process shutting down
SpawnPoolWorker-39| 2026-06-21 22:43:40,576,576 multiprocessing INFO process shutting down
SpawnPoolWorker-32| 2026-06-21 22:43:40,576,576 multiprocessing INFO process shutting down
SpawnPoolWorker-65| 2026-06-21 22:43:40,577,577 multiprocessing INFO process shutting down
SpawnPoolWorker-29| 2026-06-21 22:43:40,577,577 multiprocessing INFO process shutting down
SpawnPoolWorker-70| 2026-06-21 22:43:40,577,577 multiprocessing INFO process shutting down
SpawnPoolWorker-25| 2026-06-21 22:43:40,577,577 multiprocessing INFO process shutting down
SpawnPoolWorker-37| 2026-06-21 22:43:40,578,578 multiprocessing INFO process shutting down
SpawnPoolWorker-38| 2026-06-21 22:43:40,578,578 multiprocessing INFO process shutting down
SpawnPoolWorker-31| 2026-06-21 22:43:40,578,578 multiprocessing INFO process shutting down
SpawnPoolWorker-72| 2026-06-21 22:43:40,583,583 multiprocessing INFO process shutting down
28
(97869, 4)
(97869,)
(97869, 4)
(97869,)

=======================Successfully Added (47869, 4) Counter Examples=======================


============None of the candidates fulfill the conditions. Training CONTINUES!=================

MainProcess| 2026-06-21 22:43:42,143,143 multiprocessing INFO 
============None of the candidates fulfill the conditions. Training CONTINUES!=================


============None of the candidates fulfill the conditions. Training CONTINUES!=================

(55, 128)
/users/9/chen8596/miniconda3/envs/alfd/lib/python3.9/site-packages/torch/nn/functional.py:4999: UserWarning: Support for mismatched key_padding_mask and attn_mask is deprecated. Use same type for both instead.
  warnings.warn(

==============Start Supervised Learning==============

MainProcess| 2026-06-21 22:43:45,792,792 multiprocessing INFO GP output mean: 0.9011882168360504
GP output mean: 0.9011882168360504
MainProcess| 2026-06-21 22:43:46,071,71 multiprocessing INFO GP output success rate: 0.0
GP output success rate: 0.0

==============End Supervised Learning==============

/users/9/chen8596/LyaDis/repro/runs/power4d/utils/train.py:971: RuntimeWarning: divide by zero encountered in divide
  error = np.abs(((y_hat - y) / y))
/users/9/chen8596/.local/lib/python3.9/site-packages/scipy/stats/_stats_py.py:4424: ConstantInputWarning: An input array is constant; the correlation coefficient is not defined.
  warnings.warn(stats.ConstantInputWarning(msg))
MainProcess| 2026-06-21 22:43:47,547,547 multiprocessing INFO [Test epoch=0001]  nevals=13709 	| train_loss=5651.65820 	| eqs_invalid %=0.00 	| r_best=0.98034 	| quantile=0.74570 	| r_quantile_mean=0.96181 	| r_raw_sum=93.13847 	|  r_raw_mean=0.59324 	| r2=nan 	| acc_iid=0.00000 	| acc_ood=0.00000 	| nmse_test=0.11205571178929669 	| true_equation_set_count=0 	| s/it=141.59860
[Test epoch=0001]  nevals=13709 	| train_loss=5651.65820 	| eqs_invalid %=0.00 	| r_best=0.98034 	| quantile=0.74570 	| r_quantile_mean=0.96181 	| r_raw_sum=93.13847 	|  r_raw_mean=0.59324 	| r2=nan 	| acc_iid=0.00000 	| acc_ood=0.00000 	| nmse_test=0.11205571178929669 	| true_equation_set_count=0 	| s/it=141.59860
MainProcess| 2026-06-21 22:43:47,547,547 multiprocessing INFO [00:00:02:21.64] Training epoch 1/4000, current best R: 0.9803
[00:00:02:21.64] Training epoch 1/4000, current best R: 0.9803
MainProcess| 2026-06-21 22:43:47,547,547 multiprocessing INFO 
	** New best

	** New best
MainProcess| 2026-06-21 22:43:47,547,547 multiprocessing INFO 	Reward: 0.9803424578155248
	Reward: 0.9803424578155248
MainProcess| 2026-06-21 22:43:47,548,548 multiprocessing INFO 	Count Off-policy: 1
	Count Off-policy: 1
MainProcess| 2026-06-21 22:43:47,548,548 multiprocessing INFO 	Count On-policy: 0
	Count On-policy: 0
MainProcess| 2026-06-21 22:43:47,548,548 multiprocessing INFO 	Originally on Policy: False
	Originally on Policy: False
MainProcess| 2026-06-21 22:43:47,548,548 multiprocessing INFO 	Invalid: False
	Invalid: False
MainProcess| 2026-06-21 22:43:47,548,548 multiprocessing INFO 	Traversal: add,n2,x4,mul,add,add,mul,sin,x4,mul,x1,x2,x4,x3,x3
	Traversal: add,n2,x4,mul,add,add,mul,sin,x4,mul,x1,x2,x4,x3,x3
MainProcess| 2026-06-21 22:43:47,548,548 multiprocessing INFO 	Expression:
	Expression:
MainProcess| 2026-06-21 22:43:47,794,794 multiprocessing INFO 
	                                   2
	  x₃⋅(x₁⋅x₂⋅sin(x₄) + x₃ + x₄) + x₄ 


	                                   2
	  x₃⋅(x₁⋅x₂⋅sin(x₄) + x₃ + x₄) + x₄ 

MainProcess| 2026-06-21 22:44:36,054,54 multiprocessing INFO Genetic Porgramming Runtime 47.79085862095235
Genetic Porgramming Runtime 47.79085862095235

=========================PGD Collection Starts=========================

SpawnPoolWorker-83| 2026-06-21 22:44:42,614,614 multiprocessing INFO STARTING NEW RUN ==========
SpawnPoolWorker-83| 2026-06-21 22:44:42,614,614 multiprocessing INFO SEE LOG AT : ./logs/all_Lyapunov_test_dso-fn_d_all_o_01_log.txt
SpawnPoolWorker-83| 2026-06-21 22:44:42,614,614 multiprocessing INFO See log at : ./logs/all_Lyapunov_test_dso-fn_d_all_o_01_log.txt
SpawnPoolWorker-78| 2026-06-21 22:44:42,614,614 multiprocessing INFO STARTING NEW RUN ==========
SpawnPoolWorker-78| 2026-06-21 22:44:42,616,616 multiprocessing INFO SEE LOG AT : ./logs/all_Lyapunov_test_dso-fn_d_all_o_01_log.txt
SpawnPoolWorker-78| 2026-06-21 22:44:42,616,616 multiprocessing INFO See log at : ./logs/all_Lyapunov_test_dso-fn_d_all_o_01_log.txt
SpawnPoolWorker-77| 2026-06-21 22:44:42,616,616 multiprocessing INFO STARTING NEW RUN ==========
SpawnPoolWorker-79| 2026-06-21 22:44:42,616,616 multiprocessing INFO STARTING NEW RUN ==========
SpawnPoolWorker-77| 2026-06-21 22:44:42,616,616 multiprocessing INFO SEE LOG AT : ./logs/all_Lyapunov_test_dso-fn_d_all_o_01_log.txt
SpawnPoolWorker-79| 2026-06-21 22:44:42,616,616 multiprocessing INFO SEE LOG AT : ./logs/all_Lyapunov_test_dso-fn_d_all_o_01_log.txt
SpawnPoolWorker-77| 2026-06-21 22:44:42,616,616 multiprocessing INFO See log at : ./logs/all_Lyapunov_test_dso-fn_d_all_o_01_log.txt
SpawnPoolWorker-79| 2026-06-21 22:44:42,616,616 multiprocessing INFO See log at : ./logs/all_Lyapunov_test_dso-fn_d_all_o_01_log.txt
SpawnPoolWorker-83| 2026-06-21 22:44:42,616,616 multiprocessing INFO child process calling self.run()
SpawnPoolWorker-77| 2026-06-21 22:44:42,618,618 multiprocessing INFO child process calling self.run()
SpawnPoolWorker-78| 2026-06-21 22:44:42,618,618 multiprocessing INFO child process calling self.run()
SpawnPoolWorker-76| 2026-06-21 22:44:42,618,618 multiprocessing INFO STARTING NEW RUN ==========
SpawnPoolWorker-79| 2026-06-21 22:44:42,618,618 multiprocessing INFO child process calling self.run()
SpawnPoolWorker-76| 2026-06-21 22:44:42,618,618 multiprocessing INFO SEE LOG AT : ./logs/all_Lyapunov_test_dso-fn_d_all_o_01_log.txt
SpawnPoolWorker-76| 2026-06-21 22:44:42,618,618 multiprocessing INFO See log at : ./logs/all_Lyapunov_test_dso-fn_d_all_o_01_log.txt
SpawnPoolWorker-76| 2026-06-21 22:44:42,625,625 multiprocessing INFO child process calling self.run()
SpawnPoolWorker-82| 2026-06-21 22:44:42,626,626 multiprocessing INFO STARTING NEW RUN ==========
SpawnPoolWorker-82| 2026-06-21 22:44:42,627,627 multiprocessing INFO SEE LOG AT : ./logs/all_Lyapunov_test_dso-fn_d_all_o_01_log.txt
SpawnPoolWorker-82| 2026-06-21 22:44:42,628,628 multiprocessing INFO See log at : ./logs/all_Lyapunov_test_dso-fn_d_all_o_01_log.txt
SpawnPoolWorker-81| 2026-06-21 22:44:42,628,628 multiprocessing INFO STARTING NEW RUN ==========
SpawnPoolWorker-81| 2026-06-21 22:44:42,629,629 multiprocessing INFO SEE LOG AT : ./logs/all_Lyapunov_test_dso-fn_d_all_o_01_log.txt
SpawnPoolWorker-81| 2026-06-21 22:44:42,629,629 multiprocessing INFO See log at : ./logs/all_Lyapunov_test_dso-fn_d_all_o_01_log.txt
SpawnPoolWorker-82| 2026-06-21 22:44:42,631,631 multiprocessing INFO child process calling self.run()
SpawnPoolWorker-81| 2026-06-21 22:44:42,631,631 multiprocessing INFO child process calling self.run()
SpawnPoolWorker-80| 2026-06-21 22:44:42,645,645 multiprocessing INFO STARTING NEW RUN ==========
SpawnPoolWorker-80| 2026-06-21 22:44:42,645,645 multiprocessing INFO SEE LOG AT : ./logs/all_Lyapunov_test_dso-fn_d_all_o_01_log.txt
SpawnPoolWorker-80| 2026-06-21 22:44:42,645,645 multiprocessing INFO See log at : ./logs/all_Lyapunov_test_dso-fn_d_all_o_01_log.txt
SpawnPoolWorker-75| 2026-06-21 22:44:42,645,645 multiprocessing INFO STARTING NEW RUN ==========
SpawnPoolWorker-75| 2026-06-21 22:44:42,646,646 multiprocessing INFO SEE LOG AT : ./logs/all_Lyapunov_test_dso-fn_d_all_o_01_log.txt
SpawnPoolWorker-75| 2026-06-21 22:44:42,646,646 multiprocessing INFO See log at : ./logs/all_Lyapunov_test_dso-fn_d_all_o_01_log.txt
SpawnPoolWorker-84| 2026-06-21 22:44:42,646,646 multiprocessing INFO STARTING NEW RUN ==========
SpawnPoolWorker-84| 2026-06-21 22:44:42,647,647 multiprocessing INFO SEE LOG AT : ./logs/all_Lyapunov_test_dso-fn_d_all_o_01_log.txt
SpawnPoolWorker-84| 2026-06-21 22:44:42,647,647 multiprocessing INFO See log at : ./logs/all_Lyapunov_test_dso-fn_d_all_o_01_log.txt
SpawnPoolWorker-80| 2026-06-21 22:44:42,647,647 multiprocessing INFO child process calling self.run()
SpawnPoolWorker-84| 2026-06-21 22:44:42,650,650 multiprocessing INFO child process calling self.run()
SpawnPoolWorker-75| 2026-06-21 22:44:42,651,651 multiprocessing INFO child process calling self.run()
SpawnPoolWorker-80| 2026-06-21 22:45:27,960,960 multiprocessing INFO process shutting down
SpawnPoolWorker-83| 2026-06-21 22:45:27,960,960 multiprocessing INFO process shutting down
SpawnPoolWorker-82| 2026-06-21 22:45:27,960,960 multiprocessing INFO process shutting down
SpawnPoolWorker-84| 2026-06-21 22:45:27,960,960 multiprocessing INFO process shutting down
SpawnPoolWorker-79| 2026-06-21 22:45:27,960,960 multiprocessing INFO process shutting down
SpawnPoolWorker-80| 2026-06-21 22:45:27,961,961 multiprocessing INFO process exiting with exitcode 0
SpawnPoolWorker-83| 2026-06-21 22:45:27,961,961 multiprocessing INFO process exiting with exitcode 0
SpawnPoolWorker-81| 2026-06-21 22:45:27,960,960 multiprocessing INFO process shutting down
SpawnPoolWorker-82| 2026-06-21 22:45:27,961,961 multiprocessing INFO process exiting with exitcode 0
SpawnPoolWorker-84| 2026-06-21 22:45:27,961,961 multiprocessing INFO process exiting with exitcode 0
SpawnPoolWorker-79| 2026-06-21 22:45:27,961,961 multiprocessing INFO process exiting with exitcode 0
SpawnPoolWorker-78| 2026-06-21 22:45:27,961,961 multiprocessing INFO process shutting down
SpawnPoolWorker-81| 2026-06-21 22:45:27,961,961 multiprocessing INFO process exiting with exitcode 0
(19573,)

===================Collect 19573 Examples===================

Epsilon 0.1
500
(550,)
(550,)
(55,)
Number of Programs for Minimization: 28
SpawnPoolWorker-97| 2026-06-21 22:45:58,377,377 multiprocessing INFO STARTING NEW RUN ==========
SpawnPoolWorker-97| 2026-06-21 22:45:58,377,377 multiprocessing INFO SEE LOG AT : ./logs/all_Lyapunov_test_dso-fn_d_all_o_01_log.txt
SpawnPoolWorker-97| 2026-06-21 22:45:58,377,377 multiprocessing INFO See log at : ./logs/all_Lyapunov_test_dso-fn_d_all_o_01_log.txt
SpawnPoolWorker-97| 2026-06-21 22:45:58,395,395 multiprocessing INFO child process calling self.run()
SpawnPoolWorker-89| 2026-06-21 22:45:59,095,95 multiprocessing INFO STARTING NEW RUN ==========
SpawnPoolWorker-89| 2026-06-21 22:45:59,096,96 multiprocessing INFO SEE LOG AT : ./logs/all_Lyapunov_test_dso-fn_d_all_o_01_log.txt
SpawnPoolWorker-89| 2026-06-21 22:45:59,096,96 multiprocessing INFO See log at : ./logs/all_Lyapunov_test_dso-fn_d_all_o_01_log.txt
SpawnPoolWorker-89| 2026-06-21 22:45:59,101,101 multiprocessing INFO child process calling self.run()
SpawnPoolWorker-123| 2026-06-21 22:46:00,692,692 multiprocessing INFO STARTING NEW RUN ==========
SpawnPoolWorker-123| 2026-06-21 22:46:00,692,692 multiprocessing INFO SEE LOG AT : ./logs/all_Lyapunov_test_dso-fn_d_all_o_01_log.txt
SpawnPoolWorker-123| 2026-06-21 22:46:00,692,692 multiprocessing INFO See log at : ./logs/all_Lyapunov_test_dso-fn_d_all_o_01_log.txt
SpawnPoolWorker-123| 2026-06-21 22:46:00,699,699 multiprocessing INFO child process calling self.run()
SpawnPoolWorker-85| 2026-06-21 22:46:00,930,930 multiprocessing INFO STARTING NEW RUN ==========
SpawnPoolWorker-85| 2026-06-21 22:46:00,930,930 multiprocessing INFO SEE LOG AT : ./logs/all_Lyapunov_test_dso-fn_d_all_o_01_log.txt
SpawnPoolWorker-85| 2026-06-21 22:46:00,930,930 multiprocessing INFO See log at : ./logs/all_Lyapunov_test_dso-fn_d_all_o_01_log.txt
SpawnPoolWorker-85| 2026-06-21 22:46:00,938,938 multiprocessing INFO child process calling self.run()
SpawnPoolWorker-91| 2026-06-21 22:46:01,086,86 multiprocessing INFO STARTING NEW RUN ==========
SpawnPoolWorker-91| 2026-06-21 22:46:01,086,86 multiprocessing INFO SEE LOG AT : ./logs/all_Lyapunov_test_dso-fn_d_all_o_01_log.txt
SpawnPoolWorker-91| 2026-06-21 22:46:01,086,86 multiprocessing INFO See log at : ./logs/all_Lyapunov_test_dso-fn_d_all_o_01_log.txt
SpawnPoolWorker-91| 2026-06-21 22:46:01,088,88 multiprocessing INFO child process calling self.run()
SpawnPoolWorker-111| 2026-06-21 22:46:01,323,323 multiprocessing INFO STARTING NEW RUN ==========
SpawnPoolWorker-111| 2026-06-21 22:46:01,323,323 multiprocessing INFO SEE LOG AT : ./logs/all_Lyapunov_test_dso-fn_d_all_o_01_log.txt
SpawnPoolWorker-111| 2026-06-21 22:46:01,323,323 multiprocessing INFO See log at : ./logs/all_Lyapunov_test_dso-fn_d_all_o_01_log.txt
SpawnPoolWorker-111| 2026-06-21 22:46:01,326,326 multiprocessing INFO child process calling self.run()
SpawnPoolWorker-105| 2026-06-21 22:46:01,787,787 multiprocessing INFO STARTING NEW RUN ==========
SpawnPoolWorker-105| 2026-06-21 22:46:01,787,787 multiprocessing INFO SEE LOG AT : ./logs/all_Lyapunov_test_dso-fn_d_all_o_01_log.txt
SpawnPoolWorker-105| 2026-06-21 22:46:01,787,787 multiprocessing INFO See log at : ./logs/all_Lyapunov_test_dso-fn_d_all_o_01_log.txt
SpawnPoolWorker-105| 2026-06-21 22:46:01,790,790 multiprocessing INFO child process calling self.run()
SpawnPoolWorker-96| 2026-06-21 22:46:01,995,995 multiprocessing INFO STARTING NEW RUN ==========
SpawnPoolWorker-96| 2026-06-21 22:46:01,996,996 multiprocessing INFO SEE LOG AT : ./logs/all_Lyapunov_test_dso-fn_d_all_o_01_log.txt
SpawnPoolWorker-96| 2026-06-21 22:46:01,996,996 multiprocessing INFO See log at : ./logs/all_Lyapunov_test_dso-fn_d_all_o_01_log.txt
SpawnPoolWorker-107| 2026-06-21 22:46:01,998,998 multiprocessing INFO STARTING NEW RUN ==========
SpawnPoolWorker-107| 2026-06-21 22:46:01,999,999 multiprocessing INFO SEE LOG AT : ./logs/all_Lyapunov_test_dso-fn_d_all_o_01_log.txt
SpawnPoolWorker-107| 2026-06-21 22:46:01,999,999 multiprocessing INFO See log at : ./logs/all_Lyapunov_test_dso-fn_d_all_o_01_log.txt
SpawnPoolWorker-107| 2026-06-21 22:46:02,006,6 multiprocessing INFO child process calling self.run()
SpawnPoolWorker-96| 2026-06-21 22:46:02,024,24 multiprocessing INFO child process calling self.run()
SpawnPoolWorker-98| 2026-06-21 22:46:02,280,280 multiprocessing INFO STARTING NEW RUN ==========
SpawnPoolWorker-98| 2026-06-21 22:46:02,280,280 multiprocessing INFO SEE LOG AT : ./logs/all_Lyapunov_test_dso-fn_d_all_o_01_log.txt
SpawnPoolWorker-98| 2026-06-21 22:46:02,280,280 multiprocessing INFO See log at : ./logs/all_Lyapunov_test_dso-fn_d_all_o_01_log.txt
SpawnPoolWorker-98| 2026-06-21 22:46:02,282,282 multiprocessing INFO child process calling self.run()
SpawnPoolWorker-88| 2026-06-21 22:46:02,321,321 multiprocessing INFO STARTING NEW RUN ==========
SpawnPoolWorker-88| 2026-06-21 22:46:02,321,321 multiprocessing INFO SEE LOG AT : ./logs/all_Lyapunov_test_dso-fn_d_all_o_01_log.txt
SpawnPoolWorker-88| 2026-06-21 22:46:02,321,321 multiprocessing INFO See log at : ./logs/all_Lyapunov_test_dso-fn_d_all_o_01_log.txt
SpawnPoolWorker-88| 2026-06-21 22:46:02,329,329 multiprocessing INFO child process calling self.run()
SpawnPoolWorker-92| 2026-06-21 22:46:02,537,537 multiprocessing INFO STARTING NEW RUN ==========
SpawnPoolWorker-92| 2026-06-21 22:46:02,537,537 multiprocessing INFO SEE LOG AT : ./logs/all_Lyapunov_test_dso-fn_d_all_o_01_log.txt
SpawnPoolWorker-92| 2026-06-21 22:46:02,537,537 multiprocessing INFO See log at : ./logs/all_Lyapunov_test_dso-fn_d_all_o_01_log.txt
SpawnPoolWorker-92| 2026-06-21 22:46:02,540,540 multiprocessing INFO child process calling self.run()
SpawnPoolWorker-103| 2026-06-21 22:46:02,722,722 multiprocessing INFO STARTING NEW RUN ==========
SpawnPoolWorker-103| 2026-06-21 22:46:02,722,722 multiprocessing INFO SEE LOG AT : ./logs/all_Lyapunov_test_dso-fn_d_all_o_01_log.txt
SpawnPoolWorker-103| 2026-06-21 22:46:02,722,722 multiprocessing INFO See log at : ./logs/all_Lyapunov_test_dso-fn_d_all_o_01_log.txt
SpawnPoolWorker-103| 2026-06-21 22:46:02,727,727 multiprocessing INFO child process calling self.run()
SpawnPoolWorker-86| 2026-06-21 22:46:02,977,977 multiprocessing INFO STARTING NEW RUN ==========
SpawnPoolWorker-86| 2026-06-21 22:46:02,977,977 multiprocessing INFO SEE LOG AT : ./logs/all_Lyapunov_test_dso-fn_d_all_o_01_log.txt
SpawnPoolWorker-86| 2026-06-21 22:46:02,977,977 multiprocessing INFO See log at : ./logs/all_Lyapunov_test_dso-fn_d_all_o_01_log.txt
SpawnPoolWorker-86| 2026-06-21 22:46:02,979,979 multiprocessing INFO child process calling self.run()
SpawnPoolWorker-109| 2026-06-21 22:46:02,986,986 multiprocessing INFO STARTING NEW RUN ==========
SpawnPoolWorker-109| 2026-06-21 22:46:02,987,987 multiprocessing INFO SEE LOG AT : ./logs/all_Lyapunov_test_dso-fn_d_all_o_01_log.txt
SpawnPoolWorker-109| 2026-06-21 22:46:02,987,987 multiprocessing INFO See log at : ./logs/all_Lyapunov_test_dso-fn_d_all_o_01_log.txt
SpawnPoolWorker-109| 2026-06-21 22:46:02,989,989 multiprocessing INFO child process calling self.run()
SpawnPoolWorker-133| 2026-06-21 22:46:03,089,89 multiprocessing INFO STARTING NEW RUN ==========
SpawnPoolWorker-133| 2026-06-21 22:46:03,089,89 multiprocessing INFO SEE LOG AT : ./logs/all_Lyapunov_test_dso-fn_d_all_o_01_log.txt
SpawnPoolWorker-133| 2026-06-21 22:46:03,090,90 multiprocessing INFO See log at : ./logs/all_Lyapunov_test_dso-fn_d_all_o_01_log.txt
SpawnPoolWorker-133| 2026-06-21 22:46:03,093,93 multiprocessing INFO child process calling self.run()
SpawnPoolWorker-93| 2026-06-21 22:46:03,238,238 multiprocessing INFO STARTING NEW RUN ==========
SpawnPoolWorker-93| 2026-06-21 22:46:03,239,239 multiprocessing INFO SEE LOG AT : ./logs/all_Lyapunov_test_dso-fn_d_all_o_01_log.txt
SpawnPoolWorker-93| 2026-06-21 22:46:03,239,239 multiprocessing INFO See log at : ./logs/all_Lyapunov_test_dso-fn_d_all_o_01_log.txt
SpawnPoolWorker-142| 2026-06-21 22:46:03,240,240 multiprocessing INFO STARTING NEW RUN ==========
SpawnPoolWorker-142| 2026-06-21 22:46:03,240,240 multiprocessing INFO SEE LOG AT : ./logs/all_Lyapunov_test_dso-fn_d_all_o_01_log.txt
SpawnPoolWorker-142| 2026-06-21 22:46:03,240,240 multiprocessing INFO See log at : ./logs/all_Lyapunov_test_dso-fn_d_all_o_01_log.txt
SpawnPoolWorker-93| 2026-06-21 22:46:03,241,241 multiprocessing INFO child process calling self.run()
SpawnPoolWorker-142| 2026-06-21 22:46:03,245,245 multiprocessing INFO child process calling self.run()
SpawnPoolWorker-115| 2026-06-21 22:46:03,516,516 multiprocessing INFO STARTING NEW RUN ==========
SpawnPoolWorker-115| 2026-06-21 22:46:03,517,517 multiprocessing INFO SEE LOG AT : ./logs/all_Lyapunov_test_dso-fn_d_all_o_01_log.txt
SpawnPoolWorker-115| 2026-06-21 22:46:03,517,517 multiprocessing INFO See log at : ./logs/all_Lyapunov_test_dso-fn_d_all_o_01_log.txt
SpawnPoolWorker-115| 2026-06-21 22:46:03,520,520 multiprocessing INFO child process calling self.run()
SpawnPoolWorker-116| 2026-06-21 22:46:03,540,540 multiprocessing INFO STARTING NEW RUN ==========
SpawnPoolWorker-116| 2026-06-21 22:46:03,540,540 multiprocessing INFO SEE LOG AT : ./logs/all_Lyapunov_test_dso-fn_d_all_o_01_log.txt
SpawnPoolWorker-116| 2026-06-21 22:46:03,540,540 multiprocessing INFO See log at : ./logs/all_Lyapunov_test_dso-fn_d_all_o_01_log.txt
SpawnPoolWorker-116| 2026-06-21 22:46:03,547,547 multiprocessing INFO child process calling self.run()
SpawnPoolWorker-95| 2026-06-21 22:46:03,780,780 multiprocessing INFO STARTING NEW RUN ==========
SpawnPoolWorker-95| 2026-06-21 22:46:03,780,780 multiprocessing INFO SEE LOG AT : ./logs/all_Lyapunov_test_dso-fn_d_all_o_01_log.txt
SpawnPoolWorker-95| 2026-06-21 22:46:03,780,780 multiprocessing INFO See log at : ./logs/all_Lyapunov_test_dso-fn_d_all_o_01_log.txt
SpawnPoolWorker-95| 2026-06-21 22:46:03,782,782 multiprocessing INFO child process calling self.run()
SpawnPoolWorker-113| 2026-06-21 22:46:03,804,804 multiprocessing INFO STARTING NEW RUN ==========
SpawnPoolWorker-113| 2026-06-21 22:46:03,804,804 multiprocessing INFO SEE LOG AT : ./logs/all_Lyapunov_test_dso-fn_d_all_o_01_log.txt
SpawnPoolWorker-113| 2026-06-21 22:46:03,804,804 multiprocessing INFO See log at : ./logs/all_Lyapunov_test_dso-fn_d_all_o_01_log.txt
SpawnPoolWorker-113| 2026-06-21 22:46:03,813,813 multiprocessing INFO child process calling self.run()
SpawnPoolWorker-110| 2026-06-21 22:46:03,939,939 multiprocessing INFO STARTING NEW RUN ==========
SpawnPoolWorker-110| 2026-06-21 22:46:03,939,939 multiprocessing INFO SEE LOG AT : ./logs/all_Lyapunov_test_dso-fn_d_all_o_01_log.txt
SpawnPoolWorker-110| 2026-06-21 22:46:03,939,939 multiprocessing INFO See log at : ./logs/all_Lyapunov_test_dso-fn_d_all_o_01_log.txt
SpawnPoolWorker-130| 2026-06-21 22:46:03,952,952 multiprocessing INFO STARTING NEW RUN ==========
SpawnPoolWorker-130| 2026-06-21 22:46:03,952,952 multiprocessing INFO SEE LOG AT : ./logs/all_Lyapunov_test_dso-fn_d_all_o_01_log.txt
SpawnPoolWorker-130| 2026-06-21 22:46:03,952,952 multiprocessing INFO See log at : ./logs/all_Lyapunov_test_dso-fn_d_all_o_01_log.txt
SpawnPoolWorker-110| 2026-06-21 22:46:03,954,954 multiprocessing INFO child process calling self.run()
SpawnPoolWorker-130| 2026-06-21 22:46:03,954,954 multiprocessing INFO child process calling self.run()
SpawnPoolWorker-101| 2026-06-21 22:46:04,028,28 multiprocessing INFO STARTING NEW RUN ==========
SpawnPoolWorker-101| 2026-06-21 22:46:04,029,29 multiprocessing INFO SEE LOG AT : ./logs/all_Lyapunov_test_dso-fn_d_all_o_01_log.txt
SpawnPoolWorker-101| 2026-06-21 22:46:04,029,29 multiprocessing INFO See log at : ./logs/all_Lyapunov_test_dso-fn_d_all_o_01_log.txt
SpawnPoolWorker-101| 2026-06-21 22:46:04,047,47 multiprocessing INFO child process calling self.run()
SpawnPoolWorker-108| 2026-06-21 22:46:04,107,107 multiprocessing INFO STARTING NEW RUN ==========
SpawnPoolWorker-108| 2026-06-21 22:46:04,107,107 multiprocessing INFO SEE LOG AT : ./logs/all_Lyapunov_test_dso-fn_d_all_o_01_log.txt
SpawnPoolWorker-108| 2026-06-21 22:46:04,107,107 multiprocessing INFO See log at : ./logs/all_Lyapunov_test_dso-fn_d_all_o_01_log.txt
SpawnPoolWorker-100| 2026-06-21 22:46:04,108,108 multiprocessing INFO STARTING NEW RUN ==========
SpawnPoolWorker-100| 2026-06-21 22:46:04,108,108 multiprocessing INFO SEE LOG AT : ./logs/all_Lyapunov_test_dso-fn_d_all_o_01_log.txt
SpawnPoolWorker-100| 2026-06-21 22:46:04,108,108 multiprocessing INFO See log at : ./logs/all_Lyapunov_test_dso-fn_d_all_o_01_log.txt
SpawnPoolWorker-108| 2026-06-21 22:46:04,110,110 multiprocessing INFO child process calling self.run()
SpawnPoolWorker-100| 2026-06-21 22:46:04,117,117 multiprocessing INFO child process calling self.run()
SpawnPoolWorker-125| 2026-06-21 22:46:04,272,272 multiprocessing INFO STARTING NEW RUN ==========
SpawnPoolWorker-125| 2026-06-21 22:46:04,272,272 multiprocessing INFO SEE LOG AT : ./logs/all_Lyapunov_test_dso-fn_d_all_o_01_log.txt
SpawnPoolWorker-125| 2026-06-21 22:46:04,272,272 multiprocessing INFO See log at : ./logs/all_Lyapunov_test_dso-fn_d_all_o_01_log.txt
SpawnPoolWorker-125| 2026-06-21 22:46:04,279,279 multiprocessing INFO child process calling self.run()
SpawnPoolWorker-114| 2026-06-21 22:46:04,478,478 multiprocessing INFO STARTING NEW RUN ==========
SpawnPoolWorker-114| 2026-06-21 22:46:04,478,478 multiprocessing INFO SEE LOG AT : ./logs/all_Lyapunov_test_dso-fn_d_all_o_01_log.txt
SpawnPoolWorker-114| 2026-06-21 22:46:04,478,478 multiprocessing INFO See log at : ./logs/all_Lyapunov_test_dso-fn_d_all_o_01_log.txt
SpawnPoolWorker-114| 2026-06-21 22:46:04,492,492 multiprocessing INFO child process calling self.run()
SpawnPoolWorker-94| 2026-06-21 22:46:04,515,515 multiprocessing INFO STARTING NEW RUN ==========
SpawnPoolWorker-94| 2026-06-21 22:46:04,515,515 multiprocessing INFO SEE LOG AT : ./logs/all_Lyapunov_test_dso-fn_d_all_o_01_log.txt
SpawnPoolWorker-94| 2026-06-21 22:46:04,515,515 multiprocessing INFO See log at : ./logs/all_Lyapunov_test_dso-fn_d_all_o_01_log.txt
SpawnPoolWorker-94| 2026-06-21 22:46:04,518,518 multiprocessing INFO child process calling self.run()
SpawnPoolWorker-104| 2026-06-21 22:46:04,527,527 multiprocessing INFO STARTING NEW RUN ==========
SpawnPoolWorker-104| 2026-06-21 22:46:04,527,527 multiprocessing INFO SEE LOG AT : ./logs/all_Lyapunov_test_dso-fn_d_all_o_01_log.txt
SpawnPoolWorker-104| 2026-06-21 22:46:04,527,527 multiprocessing INFO See log at : ./logs/all_Lyapunov_test_dso-fn_d_all_o_01_log.txt
SpawnPoolWorker-104| 2026-06-21 22:46:04,531,531 multiprocessing INFO child process calling self.run()
SpawnPoolWorker-126| 2026-06-21 22:46:04,568,568 multiprocessing INFO STARTING NEW RUN ==========
SpawnPoolWorker-126| 2026-06-21 22:46:04,568,568 multiprocessing INFO SEE LOG AT : ./logs/all_Lyapunov_test_dso-fn_d_all_o_01_log.txt
SpawnPoolWorker-126| 2026-06-21 22:46:04,568,568 multiprocessing INFO See log at : ./logs/all_Lyapunov_test_dso-fn_d_all_o_01_log.txt
SpawnPoolWorker-121| 2026-06-21 22:46:04,575,575 multiprocessing INFO STARTING NEW RUN ==========
SpawnPoolWorker-121| 2026-06-21 22:46:04,576,576 multiprocessing INFO SEE LOG AT : ./logs/all_Lyapunov_test_dso-fn_d_all_o_01_log.txt
SpawnPoolWorker-121| 2026-06-21 22:46:04,576,576 multiprocessing INFO See log at : ./logs/all_Lyapunov_test_dso-fn_d_all_o_01_log.txt
SpawnPoolWorker-126| 2026-06-21 22:46:04,577,577 multiprocessing INFO child process calling self.run()
SpawnPoolWorker-121| 2026-06-21 22:46:04,580,580 multiprocessing INFO child process calling self.run()
SpawnPoolWorker-124| 2026-06-21 22:46:04,605,605 multiprocessing INFO STARTING NEW RUN ==========
SpawnPoolWorker-124| 2026-06-21 22:46:04,605,605 multiprocessing INFO SEE LOG AT : ./logs/all_Lyapunov_test_dso-fn_d_all_o_01_log.txt
SpawnPoolWorker-124| 2026-06-21 22:46:04,605,605 multiprocessing INFO See log at : ./logs/all_Lyapunov_test_dso-fn_d_all_o_01_log.txt
SpawnPoolWorker-124| 2026-06-21 22:46:04,616,616 multiprocessing INFO child process calling self.run()
SpawnPoolWorker-128| 2026-06-21 22:46:04,628,628 multiprocessing INFO STARTING NEW RUN ==========
SpawnPoolWorker-128| 2026-06-21 22:46:04,628,628 multiprocessing INFO SEE LOG AT : ./logs/all_Lyapunov_test_dso-fn_d_all_o_01_log.txt
SpawnPoolWorker-128| 2026-06-21 22:46:04,628,628 multiprocessing INFO See log at : ./logs/all_Lyapunov_test_dso-fn_d_all_o_01_log.txt
SpawnPoolWorker-128| 2026-06-21 22:46:04,630,630 multiprocessing INFO child process calling self.run()
SpawnPoolWorker-112| 2026-06-21 22:46:04,679,679 multiprocessing INFO STARTING NEW RUN ==========
SpawnPoolWorker-112| 2026-06-21 22:46:04,679,679 multiprocessing INFO SEE LOG AT : ./logs/all_Lyapunov_test_dso-fn_d_all_o_01_log.txt
SpawnPoolWorker-112| 2026-06-21 22:46:04,679,679 multiprocessing INFO See log at : ./logs/all_Lyapunov_test_dso-fn_d_all_o_01_log.txt
SpawnPoolWorker-136| 2026-06-21 22:46:04,688,688 multiprocessing INFO STARTING NEW RUN ==========
SpawnPoolWorker-136| 2026-06-21 22:46:04,688,688 multiprocessing INFO SEE LOG AT : ./logs/all_Lyapunov_test_dso-fn_d_all_o_01_log.txt
SpawnPoolWorker-136| 2026-06-21 22:46:04,688,688 multiprocessing INFO See log at : ./logs/all_Lyapunov_test_dso-fn_d_all_o_01_log.txt
SpawnPoolWorker-112| 2026-06-21 22:46:04,689,689 multiprocessing INFO child process calling self.run()
SpawnPoolWorker-136| 2026-06-21 22:46:04,690,690 multiprocessing INFO child process calling self.run()
SpawnPoolWorker-120| 2026-06-21 22:46:04,725,725 multiprocessing INFO STARTING NEW RUN ==========
SpawnPoolWorker-120| 2026-06-21 22:46:04,726,726 multiprocessing INFO SEE LOG AT : ./logs/all_Lyapunov_test_dso-fn_d_all_o_01_log.txt
SpawnPoolWorker-120| 2026-06-21 22:46:04,726,726 multiprocessing INFO See log at : ./logs/all_Lyapunov_test_dso-fn_d_all_o_01_log.txt
SpawnPoolWorker-120| 2026-06-21 22:46:04,727,727 multiprocessing INFO child process calling self.run()
SpawnPoolWorker-99| 2026-06-21 22:46:04,794,794 multiprocessing INFO STARTING NEW RUN ==========
SpawnPoolWorker-99| 2026-06-21 22:46:04,795,795 multiprocessing INFO SEE LOG AT : ./logs/all_Lyapunov_test_dso-fn_d_all_o_01_log.txt
SpawnPoolWorker-99| 2026-06-21 22:46:04,795,795 multiprocessing INFO See log at : ./logs/all_Lyapunov_test_dso-fn_d_all_o_01_log.txt
SpawnPoolWorker-99| 2026-06-21 22:46:04,797,797 multiprocessing INFO child process calling self.run()
SpawnPoolWorker-106| 2026-06-21 22:46:04,855,855 multiprocessing INFO STARTING NEW RUN ==========
SpawnPoolWorker-106| 2026-06-21 22:46:04,855,855 multiprocessing INFO SEE LOG AT : ./logs/all_Lyapunov_test_dso-fn_d_all_o_01_log.txt
SpawnPoolWorker-106| 2026-06-21 22:46:04,855,855 multiprocessing INFO See log at : ./logs/all_Lyapunov_test_dso-fn_d_all_o_01_log.txt
SpawnPoolWorker-106| 2026-06-21 22:46:04,861,861 multiprocessing INFO child process calling self.run()
SpawnPoolWorker-90| 2026-06-21 22:46:04,977,977 multiprocessing INFO STARTING NEW RUN ==========
SpawnPoolWorker-90| 2026-06-21 22:46:04,977,977 multiprocessing INFO SEE LOG AT : ./logs/all_Lyapunov_test_dso-fn_d_all_o_01_log.txt
SpawnPoolWorker-90| 2026-06-21 22:46:04,977,977 multiprocessing INFO See log at : ./logs/all_Lyapunov_test_dso-fn_d_all_o_01_log.txt
SpawnPoolWorker-90| 2026-06-21 22:46:04,979,979 multiprocessing INFO child process calling self.run()
SpawnPoolWorker-102| 2026-06-21 22:46:04,988,988 multiprocessing INFO STARTING NEW RUN ==========
SpawnPoolWorker-102| 2026-06-21 22:46:04,988,988 multiprocessing INFO SEE LOG AT : ./logs/all_Lyapunov_test_dso-fn_d_all_o_01_log.txt
SpawnPoolWorker-102| 2026-06-21 22:46:04,988,988 multiprocessing INFO See log at : ./logs/all_Lyapunov_test_dso-fn_d_all_o_01_log.txt
SpawnPoolWorker-102| 2026-06-21 22:46:04,990,990 multiprocessing INFO child process calling self.run()
SpawnPoolWorker-115| 2026-06-21 22:46:05,099,99 multiprocessing INFO process shutting down
SpawnPoolWorker-115| 2026-06-21 22:46:05,099,99 multiprocessing INFO process exiting with exitcode 0
SpawnPoolWorker-116| 2026-06-21 22:46:05,099,99 multiprocessing INFO process shutting down
SpawnPoolWorker-123| 2026-06-21 22:46:05,099,99 multiprocessing INFO process shutting down
SpawnPoolWorker-109| 2026-06-21 22:46:05,100,100 multiprocessing INFO process shutting down
SpawnPoolWorker-95| 2026-06-21 22:46:05,100,100 multiprocessing INFO process shutting down
SpawnPoolWorker-113| 2026-06-21 22:46:05,100,100 multiprocessing INFO process shutting down
SpawnPoolWorker-110| 2026-06-21 22:46:05,101,101 multiprocessing INFO process shutting down
SpawnPoolWorker-130| 2026-06-21 22:46:05,101,101 multiprocessing INFO process shutting down
SpawnPoolWorker-98| 2026-06-21 22:46:05,101,101 multiprocessing INFO process shutting down
SpawnPoolWorker-92| 2026-06-21 22:46:05,101,101 multiprocessing INFO process shutting down
SpawnPoolWorker-88| 2026-06-21 22:46:05,101,101 multiprocessing INFO process shutting down
SpawnPoolWorker-101| 2026-06-21 22:46:05,102,102 multiprocessing INFO process shutting down
SpawnPoolWorker-91| 2026-06-21 22:46:05,102,102 multiprocessing INFO process shutting down
SpawnPoolWorker-108| 2026-06-21 22:46:05,102,102 multiprocessing INFO process shutting down
SpawnPoolWorker-100| 2026-06-21 22:46:05,102,102 multiprocessing INFO process shutting down
SpawnPoolWorker-89| 2026-06-21 22:46:05,102,102 multiprocessing INFO process shutting down
SpawnPoolWorker-85| 2026-06-21 22:46:05,103,103 multiprocessing INFO process shutting down
SpawnPoolWorker-107| 2026-06-21 22:46:05,103,103 multiprocessing INFO process shutting down
SpawnPoolWorker-125| 2026-06-21 22:46:05,104,104 multiprocessing INFO process shutting down
SpawnPoolWorker-97| 2026-06-21 22:46:05,104,104 multiprocessing INFO process shutting down
SpawnPoolWorker-105| 2026-06-21 22:46:05,104,104 multiprocessing INFO process shutting down
SpawnPoolWorker-93| 2026-06-21 22:46:05,104,104 multiprocessing INFO process shutting down
SpawnPoolWorker-114| 2026-06-21 22:46:05,104,104 multiprocessing INFO process shutting down
SpawnPoolWorker-94| 2026-06-21 22:46:05,105,105 multiprocessing INFO process shutting down
SpawnPoolWorker-104| 2026-06-21 22:46:05,105,105 multiprocessing INFO process shutting down
SpawnPoolWorker-126| 2026-06-21 22:46:05,105,105 multiprocessing INFO process shutting down
SpawnPoolWorker-96| 2026-06-21 22:46:05,105,105 multiprocessing INFO process shutting down
SpawnPoolWorker-121| 2026-06-21 22:46:05,106,106 multiprocessing INFO process shutting down
SpawnPoolWorker-124| 2026-06-21 22:46:05,106,106 multiprocessing INFO process shutting down
SpawnPoolWorker-128| 2026-06-21 22:46:05,106,106 multiprocessing INFO process shutting down
SpawnPoolWorker-111| 2026-06-21 22:46:05,106,106 multiprocessing INFO process shutting down
SpawnPoolWorker-112| 2026-06-21 22:46:05,107,107 multiprocessing INFO process shutting down
SpawnPoolWorker-136| 2026-06-21 22:46:05,107,107 multiprocessing INFO process shutting down
SpawnPoolWorker-142| 2026-06-21 22:46:05,107,107 multiprocessing INFO process shutting down
SpawnPoolWorker-120| 2026-06-21 22:46:05,108,108 multiprocessing INFO process shutting down
SpawnPoolWorker-103| 2026-06-21 22:46:05,108,108 multiprocessing INFO process shutting down
SpawnPoolWorker-99| 2026-06-21 22:46:05,108,108 multiprocessing INFO process shutting down
SpawnPoolWorker-106| 2026-06-21 22:46:05,108,108 multiprocessing INFO process shutting down
SpawnPoolWorker-86| 2026-06-21 22:46:05,108,108 multiprocessing INFO process shutting down
SpawnPoolWorker-116| 2026-06-21 22:46:05,110,110 multiprocessing INFO process exiting with exitcode 0
SpawnPoolWorker-123| 2026-06-21 22:46:05,110,110 multiprocessing INFO process exiting with exitcode 0
SpawnPoolWorker-90| 2026-06-21 22:46:05,111,111 multiprocessing INFO process shutting down
SpawnPoolWorker-102| 2026-06-21 22:46:05,111,111 multiprocessing INFO process shutting down
28
(100000, 4)
(100000,)
(100000, 4)
(100000,)

=======================Successfully Added (50000, 4) Counter Examples=======================


============None of the candidates fulfill the conditions. Training CONTINUES!=================

MainProcess| 2026-06-21 22:46:07,376,376 multiprocessing INFO 
============None of the candidates fulfill the conditions. Training CONTINUES!=================


============None of the candidates fulfill the conditions. Training CONTINUES!=================

(55, 128)
/users/9/chen8596/miniconda3/envs/alfd/lib/python3.9/site-packages/torch/nn/functional.py:4999: UserWarning: Support for mismatched key_padding_mask and attn_mask is deprecated. Use same type for both instead.
  warnings.warn(

==============Start Supervised Learning==============

MainProcess| 2026-06-21 22:46:10,867,867 multiprocessing INFO GP output mean: 0.9729282682985192
GP output mean: 0.9729282682985192
MainProcess| 2026-06-21 22:46:11,470,470 multiprocessing INFO GP output success rate: 0.0
GP output success rate: 0.0

==============End Supervised Learning==============

MainProcess| 2026-06-21 22:46:12,604,604 multiprocessing INFO [Test epoch=0002]  nevals=27462 	| train_loss=6277.82617 	| eqs_invalid %=0.00 	| r_best=0.98034 	| quantile=0.70411 	| r_quantile_mean=0.93015 	| r_raw_sum=99.55113 	|  r_raw_mean=0.48326 	| r2=nan 	| acc_iid=0.00000 	| acc_ood=0.00000 	| nmse_test=0.11205571178929669 	| true_equation_set_count=0 	| s/it=144.80968
[Test epoch=0002]  nevals=27462 	| train_loss=6277.82617 	| eqs_invalid %=0.00 	| r_best=0.98034 	| quantile=0.70411 	| r_quantile_mean=0.93015 	| r_raw_sum=99.55113 	|  r_raw_mean=0.48326 	| r2=nan 	| acc_iid=0.00000 	| acc_ood=0.00000 	| nmse_test=0.11205571178929669 	| true_equation_set_count=0 	| s/it=144.80968
MainProcess| 2026-06-21 22:47:52,340,340 multiprocessing INFO Genetic Porgramming Runtime 99.30110552400583
Genetic Porgramming Runtime 99.30110552400583

=========================PGD Collection Starts=========================

SpawnPoolWorker-151| 2026-06-21 22:47:57,406,406 multiprocessing INFO STARTING NEW RUN ==========
SpawnPoolWorker-151| 2026-06-21 22:47:57,406,406 multiprocessing INFO SEE LOG AT : ./logs/all_Lyapunov_test_dso-fn_d_all_o_01_log.txt
SpawnPoolWorker-151| 2026-06-21 22:47:57,406,406 multiprocessing INFO See log at : ./logs/all_Lyapunov_test_dso-fn_d_all_o_01_log.txt
SpawnPoolWorker-151| 2026-06-21 22:47:57,408,408 multiprocessing INFO child process calling self.run()
SpawnPoolWorker-149| 2026-06-21 22:47:57,418,418 multiprocessing INFO STARTING NEW RUN ==========
SpawnPoolWorker-149| 2026-06-21 22:47:57,418,418 multiprocessing INFO SEE LOG AT : ./logs/all_Lyapunov_test_dso-fn_d_all_o_01_log.txt
SpawnPoolWorker-149| 2026-06-21 22:47:57,418,418 multiprocessing INFO See log at : ./logs/all_Lyapunov_test_dso-fn_d_all_o_01_log.txt
SpawnPoolWorker-149| 2026-06-21 22:47:57,421,421 multiprocessing INFO child process calling self.run()
SpawnPoolWorker-150| 2026-06-21 22:47:57,422,422 multiprocessing INFO STARTING NEW RUN ==========
SpawnPoolWorker-150| 2026-06-21 22:47:57,422,422 multiprocessing INFO SEE LOG AT : ./logs/all_Lyapunov_test_dso-fn_d_all_o_01_log.txt
SpawnPoolWorker-150| 2026-06-21 22:47:57,422,422 multiprocessing INFO See log at : ./logs/all_Lyapunov_test_dso-fn_d_all_o_01_log.txt
SpawnPoolWorker-150| 2026-06-21 22:47:57,427,427 multiprocessing INFO child process calling self.run()
SpawnPoolWorker-153| 2026-06-21 22:47:57,457,457 multiprocessing INFO STARTING NEW RUN ==========
SpawnPoolWorker-153| 2026-06-21 22:47:57,457,457 multiprocessing INFO SEE LOG AT : ./logs/all_Lyapunov_test_dso-fn_d_all_o_01_log.txt
SpawnPoolWorker-153| 2026-06-21 22:47:57,457,457 multiprocessing INFO See log at : ./logs/all_Lyapunov_test_dso-fn_d_all_o_01_log.txt
SpawnPoolWorker-153| 2026-06-21 22:47:57,459,459 multiprocessing INFO child process calling self.run()
SpawnPoolWorker-154| 2026-06-21 22:47:57,486,486 multiprocessing INFO STARTING NEW RUN ==========
SpawnPoolWorker-154| 2026-06-21 22:47:57,487,487 multiprocessing INFO SEE LOG AT : ./logs/all_Lyapunov_test_dso-fn_d_all_o_01_log.txt
SpawnPoolWorker-154| 2026-06-21 22:47:57,487,487 multiprocessing INFO See log at : ./logs/all_Lyapunov_test_dso-fn_d_all_o_01_log.txt
SpawnPoolWorker-154| 2026-06-21 22:47:57,497,497 multiprocessing INFO child process calling self.run()
SpawnPoolWorker-156| 2026-06-21 22:47:57,547,547 multiprocessing INFO STARTING NEW RUN ==========
SpawnPoolWorker-156| 2026-06-21 22:47:57,547,547 multiprocessing INFO SEE LOG AT : ./logs/all_Lyapunov_test_dso-fn_d_all_o_01_log.txt
SpawnPoolWorker-156| 2026-06-21 22:47:57,547,547 multiprocessing INFO See log at : ./logs/all_Lyapunov_test_dso-fn_d_all_o_01_log.txt
SpawnPoolWorker-156| 2026-06-21 22:47:57,548,548 multiprocessing INFO child process calling self.run()
SpawnPoolWorker-155| 2026-06-21 22:47:57,565,565 multiprocessing INFO STARTING NEW RUN ==========
SpawnPoolWorker-155| 2026-06-21 22:47:57,565,565 multiprocessing INFO SEE LOG AT : ./logs/all_Lyapunov_test_dso-fn_d_all_o_01_log.txt
SpawnPoolWorker-155| 2026-06-21 22:47:57,565,565 multiprocessing INFO See log at : ./logs/all_Lyapunov_test_dso-fn_d_all_o_01_log.txt
SpawnPoolWorker-155| 2026-06-21 22:47:57,567,567 multiprocessing INFO child process calling self.run()
SpawnPoolWorker-152| 2026-06-21 22:47:57,648,648 multiprocessing INFO STARTING NEW RUN ==========
SpawnPoolWorker-152| 2026-06-21 22:47:57,649,649 multiprocessing INFO SEE LOG AT : ./logs/all_Lyapunov_test_dso-fn_d_all_o_01_log.txt
SpawnPoolWorker-152| 2026-06-21 22:47:57,649,649 multiprocessing INFO See log at : ./logs/all_Lyapunov_test_dso-fn_d_all_o_01_log.txt
SpawnPoolWorker-152| 2026-06-21 22:47:57,650,650 multiprocessing INFO child process calling self.run()
SpawnPoolWorker-158| 2026-06-21 22:47:57,723,723 multiprocessing INFO STARTING NEW RUN ==========
SpawnPoolWorker-158| 2026-06-21 22:47:57,723,723 multiprocessing INFO SEE LOG AT : ./logs/all_Lyapunov_test_dso-fn_d_all_o_01_log.txt
SpawnPoolWorker-158| 2026-06-21 22:47:57,723,723 multiprocessing INFO See log at : ./logs/all_Lyapunov_test_dso-fn_d_all_o_01_log.txt
SpawnPoolWorker-158| 2026-06-21 22:47:57,724,724 multiprocessing INFO child process calling self.run()
SpawnPoolWorker-157| 2026-06-21 22:47:57,811,811 multiprocessing INFO STARTING NEW RUN ==========
SpawnPoolWorker-157| 2026-06-21 22:47:57,811,811 multiprocessing INFO SEE LOG AT : ./logs/all_Lyapunov_test_dso-fn_d_all_o_01_log.txt
SpawnPoolWorker-157| 2026-06-21 22:47:57,811,811 multiprocessing INFO See log at : ./logs/all_Lyapunov_test_dso-fn_d_all_o_01_log.txt
SpawnPoolWorker-157| 2026-06-21 22:47:57,823,823 multiprocessing INFO child process calling self.run()
SpawnPoolWorker-149| 2026-06-21 22:48:45,006,6 multiprocessing INFO process shutting down
SpawnPoolWorker-153| 2026-06-21 22:48:45,006,6 multiprocessing INFO process shutting down
SpawnPoolWorker-152| 2026-06-21 22:48:45,006,6 multiprocessing INFO process shutting down
SpawnPoolWorker-149| 2026-06-21 22:48:45,007,7 multiprocessing INFO process exiting with exitcode 0
SpawnPoolWorker-153| 2026-06-21 22:48:45,007,7 multiprocessing INFO process exiting with exitcode 0
SpawnPoolWorker-152| 2026-06-21 22:48:45,007,7 multiprocessing INFO process exiting with exitcode 0
SpawnPoolWorker-155| 2026-06-21 22:48:45,007,7 multiprocessing INFO process shutting down
SpawnPoolWorker-151| 2026-06-21 22:48:45,007,7 multiprocessing INFO process shutting down
SpawnPoolWorker-158| 2026-06-21 22:48:45,007,7 multiprocessing INFO process shutting down
SpawnPoolWorker-156| 2026-06-21 22:48:45,008,8 multiprocessing INFO process shutting down
SpawnPoolWorker-154| 2026-06-21 22:48:45,008,8 multiprocessing INFO process shutting down
SpawnPoolWorker-157| 2026-06-21 22:48:45,008,8 multiprocessing INFO process shutting down
(20000,)

===================Collect 20000 Examples===================

Epsilon 0.1
500
(550,)
(550,)
(55,)
Number of Programs for Minimization: 28
SpawnPoolWorker-166| 2026-06-21 22:49:16,592,592 multiprocessing INFO STARTING NEW RUN ==========
SpawnPoolWorker-166| 2026-06-21 22:49:16,592,592 multiprocessing INFO SEE LOG AT : ./logs/all_Lyapunov_test_dso-fn_d_all_o_01_log.txt
SpawnPoolWorker-166| 2026-06-21 22:49:16,592,592 multiprocessing INFO See log at : ./logs/all_Lyapunov_test_dso-fn_d_all_o_01_log.txt
SpawnPoolWorker-166| 2026-06-21 22:49:16,597,597 multiprocessing INFO child process calling self.run()
SpawnPoolWorker-162| 2026-06-21 22:49:17,014,14 multiprocessing INFO STARTING NEW RUN ==========
SpawnPoolWorker-162| 2026-06-21 22:49:17,014,14 multiprocessing INFO SEE LOG AT : ./logs/all_Lyapunov_test_dso-fn_d_all_o_01_log.txt
SpawnPoolWorker-162| 2026-06-21 22:49:17,014,14 multiprocessing INFO See log at : ./logs/all_Lyapunov_test_dso-fn_d_all_o_01_log.txt
SpawnPoolWorker-162| 2026-06-21 22:49:17,017,17 multiprocessing INFO child process calling self.run()
SpawnPoolWorker-192| 2026-06-21 22:49:18,430,430 multiprocessing INFO STARTING NEW RUN ==========
SpawnPoolWorker-192| 2026-06-21 22:49:18,430,430 multiprocessing INFO SEE LOG AT : ./logs/all_Lyapunov_test_dso-fn_d_all_o_01_log.txt
SpawnPoolWorker-192| 2026-06-21 22:49:18,430,430 multiprocessing INFO See log at : ./logs/all_Lyapunov_test_dso-fn_d_all_o_01_log.txt
SpawnPoolWorker-192| 2026-06-21 22:49:18,432,432 multiprocessing INFO child process calling self.run()
SpawnPoolWorker-170| 2026-06-21 22:49:19,412,412 multiprocessing INFO STARTING NEW RUN ==========
SpawnPoolWorker-170| 2026-06-21 22:49:19,413,413 multiprocessing INFO SEE LOG AT : ./logs/all_Lyapunov_test_dso-fn_d_all_o_01_log.txt
SpawnPoolWorker-170| 2026-06-21 22:49:19,413,413 multiprocessing INFO See log at : ./logs/all_Lyapunov_test_dso-fn_d_all_o_01_log.txt
SpawnPoolWorker-170| 2026-06-21 22:49:19,420,420 multiprocessing INFO child process calling self.run()
SpawnPoolWorker-173| 2026-06-21 22:49:19,870,870 multiprocessing INFO STARTING NEW RUN ==========
SpawnPoolWorker-173| 2026-06-21 22:49:19,870,870 multiprocessing INFO SEE LOG AT : ./logs/all_Lyapunov_test_dso-fn_d_all_o_01_log.txt
SpawnPoolWorker-173| 2026-06-21 22:49:19,871,871 multiprocessing INFO See log at : ./logs/all_Lyapunov_test_dso-fn_d_all_o_01_log.txt
SpawnPoolWorker-173| 2026-06-21 22:49:19,879,879 multiprocessing INFO child process calling self.run()
SpawnPoolWorker-167| 2026-06-21 22:49:19,890,890 multiprocessing INFO STARTING NEW RUN ==========
SpawnPoolWorker-167| 2026-06-21 22:49:19,890,890 multiprocessing INFO SEE LOG AT : ./logs/all_Lyapunov_test_dso-fn_d_all_o_01_log.txt
SpawnPoolWorker-167| 2026-06-21 22:49:19,890,890 multiprocessing INFO See log at : ./logs/all_Lyapunov_test_dso-fn_d_all_o_01_log.txt
SpawnPoolWorker-167| 2026-06-21 22:49:19,899,899 multiprocessing INFO child process calling self.run()
SpawnPoolWorker-200| 2026-06-21 22:49:20,251,251 multiprocessing INFO STARTING NEW RUN ==========
SpawnPoolWorker-200| 2026-06-21 22:49:20,252,252 multiprocessing INFO SEE LOG AT : ./logs/all_Lyapunov_test_dso-fn_d_all_o_01_log.txt
SpawnPoolWorker-200| 2026-06-21 22:49:20,252,252 multiprocessing INFO See log at : ./logs/all_Lyapunov_test_dso-fn_d_all_o_01_log.txt
SpawnPoolWorker-200| 2026-06-21 22:49:20,259,259 multiprocessing INFO child process calling self.run()
SpawnPoolWorker-164| 2026-06-21 22:49:20,661,661 multiprocessing INFO STARTING NEW RUN ==========
SpawnPoolWorker-164| 2026-06-21 22:49:20,662,662 multiprocessing INFO SEE LOG AT : ./logs/all_Lyapunov_test_dso-fn_d_all_o_01_log.txt
SpawnPoolWorker-164| 2026-06-21 22:49:20,662,662 multiprocessing INFO See log at : ./logs/all_Lyapunov_test_dso-fn_d_all_o_01_log.txt
SpawnPoolWorker-164| 2026-06-21 22:49:20,684,684 multiprocessing INFO child process calling self.run()
SpawnPoolWorker-169| 2026-06-21 22:49:21,168,168 multiprocessing INFO STARTING NEW RUN ==========
SpawnPoolWorker-169| 2026-06-21 22:49:21,168,168 multiprocessing INFO SEE LOG AT : ./logs/all_Lyapunov_test_dso-fn_d_all_o_01_log.txt
SpawnPoolWorker-169| 2026-06-21 22:49:21,168,168 multiprocessing INFO See log at : ./logs/all_Lyapunov_test_dso-fn_d_all_o_01_log.txt
SpawnPoolWorker-169| 2026-06-21 22:49:21,180,180 multiprocessing INFO child process calling self.run()
SpawnPoolWorker-195| 2026-06-21 22:49:21,215,215 multiprocessing INFO STARTING NEW RUN ==========
SpawnPoolWorker-195| 2026-06-21 22:49:21,215,215 multiprocessing INFO SEE LOG AT : ./logs/all_Lyapunov_test_dso-fn_d_all_o_01_log.txt
SpawnPoolWorker-195| 2026-06-21 22:49:21,215,215 multiprocessing INFO See log at : ./logs/all_Lyapunov_test_dso-fn_d_all_o_01_log.txt
SpawnPoolWorker-195| 2026-06-21 22:49:21,221,221 multiprocessing INFO child process calling self.run()
SpawnPoolWorker-159| 2026-06-21 22:49:21,313,313 multiprocessing INFO STARTING NEW RUN ==========
SpawnPoolWorker-159| 2026-06-21 22:49:21,313,313 multiprocessing INFO SEE LOG AT : ./logs/all_Lyapunov_test_dso-fn_d_all_o_01_log.txt
SpawnPoolWorker-159| 2026-06-21 22:49:21,313,313 multiprocessing INFO See log at : ./logs/all_Lyapunov_test_dso-fn_d_all_o_01_log.txt
SpawnPoolWorker-159| 2026-06-21 22:49:21,330,330 multiprocessing INFO child process calling self.run()
SpawnPoolWorker-176| 2026-06-21 22:49:21,479,479 multiprocessing INFO STARTING NEW RUN ==========
SpawnPoolWorker-176| 2026-06-21 22:49:21,479,479 multiprocessing INFO SEE LOG AT : ./logs/all_Lyapunov_test_dso-fn_d_all_o_01_log.txt
SpawnPoolWorker-176| 2026-06-21 22:49:21,479,479 multiprocessing INFO See log at : ./logs/all_Lyapunov_test_dso-fn_d_all_o_01_log.txt
SpawnPoolWorker-176| 2026-06-21 22:49:21,499,499 multiprocessing INFO child process calling self.run()
SpawnPoolWorker-186| 2026-06-21 22:49:21,521,521 multiprocessing INFO STARTING NEW RUN ==========
SpawnPoolWorker-186| 2026-06-21 22:49:21,522,522 multiprocessing INFO SEE LOG AT : ./logs/all_Lyapunov_test_dso-fn_d_all_o_01_log.txt
SpawnPoolWorker-186| 2026-06-21 22:49:21,522,522 multiprocessing INFO See log at : ./logs/all_Lyapunov_test_dso-fn_d_all_o_01_log.txt
SpawnPoolWorker-186| 2026-06-21 22:49:21,525,525 multiprocessing INFO child process calling self.run()
SpawnPoolWorker-177| 2026-06-21 22:49:21,542,542 multiprocessing INFO STARTING NEW RUN ==========
SpawnPoolWorker-177| 2026-06-21 22:49:21,542,542 multiprocessing INFO SEE LOG AT : ./logs/all_Lyapunov_test_dso-fn_d_all_o_01_log.txt
SpawnPoolWorker-177| 2026-06-21 22:49:21,542,542 multiprocessing INFO See log at : ./logs/all_Lyapunov_test_dso-fn_d_all_o_01_log.txt
SpawnPoolWorker-177| 2026-06-21 22:49:21,545,545 multiprocessing INFO child process calling self.run()
SpawnPoolWorker-211| 2026-06-21 22:49:21,961,961 multiprocessing INFO STARTING NEW RUN ==========
SpawnPoolWorker-211| 2026-06-21 22:49:21,961,961 multiprocessing INFO SEE LOG AT : ./logs/all_Lyapunov_test_dso-fn_d_all_o_01_log.txt
SpawnPoolWorker-211| 2026-06-21 22:49:21,962,962 multiprocessing INFO See log at : ./logs/all_Lyapunov_test_dso-fn_d_all_o_01_log.txt
SpawnPoolWorker-211| 2026-06-21 22:49:21,971,971 multiprocessing INFO child process calling self.run()
SpawnPoolWorker-175| 2026-06-21 22:49:22,022,22 multiprocessing INFO STARTING NEW RUN ==========
SpawnPoolWorker-175| 2026-06-21 22:49:22,023,23 multiprocessing INFO SEE LOG AT : ./logs/all_Lyapunov_test_dso-fn_d_all_o_01_log.txt
SpawnPoolWorker-175| 2026-06-21 22:49:22,023,23 multiprocessing INFO See log at : ./logs/all_Lyapunov_test_dso-fn_d_all_o_01_log.txt
SpawnPoolWorker-175| 2026-06-21 22:49:22,026,26 multiprocessing INFO child process calling self.run()
SpawnPoolWorker-171| 2026-06-21 22:49:22,189,189 multiprocessing INFO STARTING NEW RUN ==========
SpawnPoolWorker-171| 2026-06-21 22:49:22,190,190 multiprocessing INFO SEE LOG AT : ./logs/all_Lyapunov_test_dso-fn_d_all_o_01_log.txt
SpawnPoolWorker-171| 2026-06-21 22:49:22,190,190 multiprocessing INFO See log at : ./logs/all_Lyapunov_test_dso-fn_d_all_o_01_log.txt
SpawnPoolWorker-206| 2026-06-21 22:49:22,200,200 multiprocessing INFO STARTING NEW RUN ==========
SpawnPoolWorker-206| 2026-06-21 22:49:22,200,200 multiprocessing INFO SEE LOG AT : ./logs/all_Lyapunov_test_dso-fn_d_all_o_01_log.txt
SpawnPoolWorker-206| 2026-06-21 22:49:22,201,201 multiprocessing INFO See log at : ./logs/all_Lyapunov_test_dso-fn_d_all_o_01_log.txt
SpawnPoolWorker-206| 2026-06-21 22:49:22,210,210 multiprocessing INFO child process calling self.run()
SpawnPoolWorker-171| 2026-06-21 22:49:22,219,219 multiprocessing INFO child process calling self.run()
SpawnPoolWorker-188| 2026-06-21 22:49:22,243,243 multiprocessing INFO STARTING NEW RUN ==========
SpawnPoolWorker-188| 2026-06-21 22:49:22,243,243 multiprocessing INFO SEE LOG AT : ./logs/all_Lyapunov_test_dso-fn_d_all_o_01_log.txt
SpawnPoolWorker-188| 2026-06-21 22:49:22,243,243 multiprocessing INFO See log at : ./logs/all_Lyapunov_test_dso-fn_d_all_o_01_log.txt
SpawnPoolWorker-188| 2026-06-21 22:49:22,252,252 multiprocessing INFO child process calling self.run()
SpawnPoolWorker-172| 2026-06-21 22:49:22,360,360 multiprocessing INFO STARTING NEW RUN ==========
SpawnPoolWorker-172| 2026-06-21 22:49:22,360,360 multiprocessing INFO SEE LOG AT : ./logs/all_Lyapunov_test_dso-fn_d_all_o_01_log.txt
SpawnPoolWorker-172| 2026-06-21 22:49:22,360,360 multiprocessing INFO See log at : ./logs/all_Lyapunov_test_dso-fn_d_all_o_01_log.txt
SpawnPoolWorker-172| 2026-06-21 22:49:22,371,371 multiprocessing INFO child process calling self.run()
SpawnPoolWorker-160| 2026-06-21 22:49:22,443,443 multiprocessing INFO STARTING NEW RUN ==========
SpawnPoolWorker-160| 2026-06-21 22:49:22,443,443 multiprocessing INFO SEE LOG AT : ./logs/all_Lyapunov_test_dso-fn_d_all_o_01_log.txt
SpawnPoolWorker-160| 2026-06-21 22:49:22,443,443 multiprocessing INFO See log at : ./logs/all_Lyapunov_test_dso-fn_d_all_o_01_log.txt
SpawnPoolWorker-160| 2026-06-21 22:49:22,480,480 multiprocessing INFO child process calling self.run()
SpawnPoolWorker-196| 2026-06-21 22:49:22,487,487 multiprocessing INFO STARTING NEW RUN ==========
SpawnPoolWorker-196| 2026-06-21 22:49:22,487,487 multiprocessing INFO SEE LOG AT : ./logs/all_Lyapunov_test_dso-fn_d_all_o_01_log.txt
SpawnPoolWorker-196| 2026-06-21 22:49:22,487,487 multiprocessing INFO See log at : ./logs/all_Lyapunov_test_dso-fn_d_all_o_01_log.txt
SpawnPoolWorker-196| 2026-06-21 22:49:22,490,490 multiprocessing INFO child process calling self.run()
SpawnPoolWorker-168| 2026-06-21 22:49:22,639,639 multiprocessing INFO STARTING NEW RUN ==========
SpawnPoolWorker-168| 2026-06-21 22:49:22,640,640 multiprocessing INFO SEE LOG AT : ./logs/all_Lyapunov_test_dso-fn_d_all_o_01_log.txt
SpawnPoolWorker-168| 2026-06-21 22:49:22,640,640 multiprocessing INFO See log at : ./logs/all_Lyapunov_test_dso-fn_d_all_o_01_log.txt
SpawnPoolWorker-183| 2026-06-21 22:49:22,644,644 multiprocessing INFO STARTING NEW RUN ==========
SpawnPoolWorker-183| 2026-06-21 22:49:22,644,644 multiprocessing INFO SEE LOG AT : ./logs/all_Lyapunov_test_dso-fn_d_all_o_01_log.txt
SpawnPoolWorker-183| 2026-06-21 22:49:22,645,645 multiprocessing INFO See log at : ./logs/all_Lyapunov_test_dso-fn_d_all_o_01_log.txt
SpawnPoolWorker-168| 2026-06-21 22:49:22,645,645 multiprocessing INFO child process calling self.run()
SpawnPoolWorker-183| 2026-06-21 22:49:22,650,650 multiprocessing INFO child process calling self.run()
SpawnPoolWorker-207| 2026-06-21 22:49:22,890,890 multiprocessing INFO STARTING NEW RUN ==========
SpawnPoolWorker-207| 2026-06-21 22:49:22,891,891 multiprocessing INFO SEE LOG AT : ./logs/all_Lyapunov_test_dso-fn_d_all_o_01_log.txt
SpawnPoolWorker-207| 2026-06-21 22:49:22,891,891 multiprocessing INFO See log at : ./logs/all_Lyapunov_test_dso-fn_d_all_o_01_log.txt
SpawnPoolWorker-207| 2026-06-21 22:49:22,894,894 multiprocessing INFO child process calling self.run()
SpawnPoolWorker-202| 2026-06-21 22:49:22,907,907 multiprocessing INFO STARTING NEW RUN ==========
SpawnPoolWorker-202| 2026-06-21 22:49:22,907,907 multiprocessing INFO SEE LOG AT : ./logs/all_Lyapunov_test_dso-fn_d_all_o_01_log.txt
SpawnPoolWorker-202| 2026-06-21 22:49:22,907,907 multiprocessing INFO See log at : ./logs/all_Lyapunov_test_dso-fn_d_all_o_01_log.txt
SpawnPoolWorker-202| 2026-06-21 22:49:22,910,910 multiprocessing INFO child process calling self.run()
SpawnPoolWorker-219| 2026-06-21 22:49:22,965,965 multiprocessing INFO STARTING NEW RUN ==========
SpawnPoolWorker-219| 2026-06-21 22:49:22,965,965 multiprocessing INFO SEE LOG AT : ./logs/all_Lyapunov_test_dso-fn_d_all_o_01_log.txt
SpawnPoolWorker-219| 2026-06-21 22:49:22,965,965 multiprocessing INFO See log at : ./logs/all_Lyapunov_test_dso-fn_d_all_o_01_log.txt
SpawnPoolWorker-219| 2026-06-21 22:49:22,969,969 multiprocessing INFO child process calling self.run()
SpawnPoolWorker-187| 2026-06-21 22:49:23,164,164 multiprocessing INFO STARTING NEW RUN ==========
SpawnPoolWorker-187| 2026-06-21 22:49:23,164,164 multiprocessing INFO SEE LOG AT : ./logs/all_Lyapunov_test_dso-fn_d_all_o_01_log.txt
SpawnPoolWorker-187| 2026-06-21 22:49:23,164,164 multiprocessing INFO See log at : ./logs/all_Lyapunov_test_dso-fn_d_all_o_01_log.txt
SpawnPoolWorker-187| 2026-06-21 22:49:23,170,170 multiprocessing INFO child process calling self.run()
SpawnPoolWorker-181| 2026-06-21 22:49:23,172,172 multiprocessing INFO STARTING NEW RUN ==========
SpawnPoolWorker-181| 2026-06-21 22:49:23,172,172 multiprocessing INFO SEE LOG AT : ./logs/all_Lyapunov_test_dso-fn_d_all_o_01_log.txt
SpawnPoolWorker-181| 2026-06-21 22:49:23,172,172 multiprocessing INFO See log at : ./logs/all_Lyapunov_test_dso-fn_d_all_o_01_log.txt
SpawnPoolWorker-181| 2026-06-21 22:49:23,176,176 multiprocessing INFO child process calling self.run()
SpawnPoolWorker-167| 2026-06-21 22:49:23,283,283 multiprocessing INFO process shutting down
SpawnPoolWorker-167| 2026-06-21 22:49:23,284,284 multiprocessing INFO process exiting with exitcode 0
SpawnPoolWorker-166| 2026-06-21 22:49:23,284,284 multiprocessing INFO process shutting down
SpawnPoolWorker-170| 2026-06-21 22:49:23,285,285 multiprocessing INFO process shutting down
SpawnPoolWorker-200| 2026-06-21 22:49:23,285,285 multiprocessing INFO process shutting down
SpawnPoolWorker-169| 2026-06-21 22:49:23,285,285 multiprocessing INFO process shutting down
SpawnPoolWorker-162| 2026-06-21 22:49:23,285,285 multiprocessing INFO process shutting down
SpawnPoolWorker-192| 2026-06-21 22:49:23,286,286 multiprocessing INFO process shutting down
SpawnPoolWorker-195| 2026-06-21 22:49:23,286,286 multiprocessing INFO process shutting down
SpawnPoolWorker-159| 2026-06-21 22:49:23,287,287 multiprocessing INFO process shutting down
SpawnPoolWorker-176| 2026-06-21 22:49:23,287,287 multiprocessing INFO process shutting down
SpawnPoolWorker-186| 2026-06-21 22:49:23,287,287 multiprocessing INFO process shutting down
SpawnPoolWorker-177| 2026-06-21 22:49:23,287,287 multiprocessing INFO process shutting down
SpawnPoolWorker-211| 2026-06-21 22:49:23,287,287 multiprocessing INFO process shutting down
SpawnPoolWorker-166| 2026-06-21 22:49:23,288,288 multiprocessing INFO process exiting with exitcode 0
SpawnPoolWorker-164| 2026-06-21 22:49:23,288,288 multiprocessing INFO process shutting down
SpawnPoolWorker-164| 2026-06-21 22:49:23,288,288 multiprocessing INFO process exiting with exitcode 0
SpawnPoolWorker-175| 2026-06-21 22:49:23,288,288 multiprocessing INFO process shutting down
SpawnPoolWorker-206| 2026-06-21 22:49:23,289,289 multiprocessing INFO process shutting down
SpawnPoolWorker-171| 2026-06-21 22:49:23,289,289 multiprocessing INFO process shutting down
SpawnPoolWorker-188| 2026-06-21 22:49:23,289,289 multiprocessing INFO process shutting down
SpawnPoolWorker-172| 2026-06-21 22:49:23,289,289 multiprocessing INFO process shutting down
SpawnPoolWorker-160| 2026-06-21 22:49:23,289,289 multiprocessing INFO process shutting down
SpawnPoolWorker-196| 2026-06-21 22:49:23,290,290 multiprocessing INFO process shutting down
SpawnPoolWorker-168| 2026-06-21 22:49:23,290,290 multiprocessing INFO process shutting down
SpawnPoolWorker-183| 2026-06-21 22:49:23,290,290 multiprocessing INFO process shutting down
SpawnPoolWorker-207| 2026-06-21 22:49:23,290,290 multiprocessing INFO process shutting down
SpawnPoolWorker-202| 2026-06-21 22:49:23,291,291 multiprocessing INFO process shutting down
SpawnPoolWorker-219| 2026-06-21 22:49:23,293,293 multiprocessing INFO process shutting down
SpawnPoolWorker-187| 2026-06-21 22:49:23,294,294 multiprocessing INFO process shutting down
SpawnPoolWorker-181| 2026-06-21 22:49:23,294,294 multiprocessing INFO process shutting down
SpawnPoolWorker-170| 2026-06-21 22:49:23,294,294 multiprocessing INFO process exiting with exitcode 0
SpawnPoolWorker-169| 2026-06-21 22:49:23,299,299 multiprocessing INFO process exiting with exitcode 0
SpawnPoolWorker-200| 2026-06-21 22:49:23,299,299 multiprocessing INFO process exiting with exitcode 0
SpawnPoolWorker-162| 2026-06-21 22:49:23,305,305 multiprocessing INFO process exiting with exitcode 0
SpawnPoolWorker-192| 2026-06-21 22:49:23,312,312 multiprocessing INFO process exiting with exitcode 0
SpawnPoolWorker-195| 2026-06-21 22:49:23,314,314 multiprocessing INFO process exiting with exitcode 0
28
(100000, 4)
(100000,)
(100000, 4)
(100000,)

=======================Successfully Added (50000, 4) Counter Examples=======================


============None of the candidates fulfill the conditions. Training CONTINUES!=================

MainProcess| 2026-06-21 22:49:25,617,617 multiprocessing INFO 
============None of the candidates fulfill the conditions. Training CONTINUES!=================


============None of the candidates fulfill the conditions. Training CONTINUES!=================

(55, 128)
/users/9/chen8596/miniconda3/envs/alfd/lib/python3.9/site-packages/torch/nn/functional.py:4999: UserWarning: Support for mismatched key_padding_mask and attn_mask is deprecated. Use same type for both instead.
  warnings.warn(

==============Start Supervised Learning==============

MainProcess| 2026-06-21 22:49:29,200,200 multiprocessing INFO GP output mean: 0.9525992765330243
GP output mean: 0.9525992765330243
MainProcess| 2026-06-21 22:49:29,817,817 multiprocessing INFO GP output success rate: 0.0
GP output success rate: 0.0

==============End Supervised Learning==============

MainProcess| 2026-06-21 22:49:30,975,975 multiprocessing INFO [Test epoch=0003]  nevals=41371 	| train_loss=5217.76318 	| eqs_invalid %=0.00 	| r_best=0.98034 	| quantile=0.67452 	| r_quantile_mean=0.92728 	| r_raw_sum=105.59107 	|  r_raw_mean=0.47564 	| r2=nan 	| acc_iid=0.00000 	| acc_ood=0.00000 	| nmse_test=0.11205571178929669 	| true_equation_set_count=0 	| s/it=198.37085
[Test epoch=0003]  nevals=41371 	| train_loss=5217.76318 	| eqs_invalid %=0.00 	| r_best=0.98034 	| quantile=0.67452 	| r_quantile_mean=0.92728 	| r_raw_sum=105.59107 	|  r_raw_mean=0.47564 	| r2=nan 	| acc_iid=0.00000 	| acc_ood=0.00000 	| nmse_test=0.11205571178929669 	| true_equation_set_count=0 	| s/it=198.37085
MainProcess| 2026-06-21 22:50:44,719,719 multiprocessing INFO Genetic Porgramming Runtime 73.2886696549831
Genetic Porgramming Runtime 73.2886696549831

=========================PGD Collection Starts=========================

SpawnPoolWorker-223| 2026-06-21 22:50:53,068,68 multiprocessing INFO STARTING NEW RUN ==========
SpawnPoolWorker-223| 2026-06-21 22:50:53,068,68 multiprocessing INFO SEE LOG AT : ./logs/all_Lyapunov_test_dso-fn_d_all_o_01_log.txt
SpawnPoolWorker-223| 2026-06-21 22:50:53,068,68 multiprocessing INFO See log at : ./logs/all_Lyapunov_test_dso-fn_d_all_o_01_log.txt
SpawnPoolWorker-225| 2026-06-21 22:50:53,073,73 multiprocessing INFO STARTING NEW RUN ==========
SpawnPoolWorker-229| 2026-06-21 22:50:53,073,73 multiprocessing INFO STARTING NEW RUN ==========
SpawnPoolWorker-225| 2026-06-21 22:50:53,073,73 multiprocessing INFO SEE LOG AT : ./logs/all_Lyapunov_test_dso-fn_d_all_o_01_log.txt
SpawnPoolWorker-229| 2026-06-21 22:50:53,073,73 multiprocessing INFO SEE LOG AT : ./logs/all_Lyapunov_test_dso-fn_d_all_o_01_log.txt
SpawnPoolWorker-225| 2026-06-21 22:50:53,073,73 multiprocessing INFO See log at : ./logs/all_Lyapunov_test_dso-fn_d_all_o_01_log.txt
SpawnPoolWorker-229| 2026-06-21 22:50:53,073,73 multiprocessing INFO See log at : ./logs/all_Lyapunov_test_dso-fn_d_all_o_01_log.txt
SpawnPoolWorker-223| 2026-06-21 22:50:53,074,74 multiprocessing INFO child process calling self.run()
SpawnPoolWorker-227| 2026-06-21 22:50:53,075,75 multiprocessing INFO STARTING NEW RUN ==========
SpawnPoolWorker-227| 2026-06-21 22:50:53,075,75 multiprocessing INFO SEE LOG AT : ./logs/all_Lyapunov_test_dso-fn_d_all_o_01_log.txt
SpawnPoolWorker-227| 2026-06-21 22:50:53,075,75 multiprocessing INFO See log at : ./logs/all_Lyapunov_test_dso-fn_d_all_o_01_log.txt
SpawnPoolWorker-225| 2026-06-21 22:50:53,076,76 multiprocessing INFO child process calling self.run()
SpawnPoolWorker-229| 2026-06-21 22:50:53,076,76 multiprocessing INFO child process calling self.run()
SpawnPoolWorker-224| 2026-06-21 22:50:53,077,77 multiprocessing INFO STARTING NEW RUN ==========
SpawnPoolWorker-224| 2026-06-21 22:50:53,077,77 multiprocessing INFO SEE LOG AT : ./logs/all_Lyapunov_test_dso-fn_d_all_o_01_log.txt
SpawnPoolWorker-224| 2026-06-21 22:50:53,077,77 multiprocessing INFO See log at : ./logs/all_Lyapunov_test_dso-fn_d_all_o_01_log.txt
SpawnPoolWorker-227| 2026-06-21 22:50:53,079,79 multiprocessing INFO child process calling self.run()
SpawnPoolWorker-228| 2026-06-21 22:50:53,080,80 multiprocessing INFO STARTING NEW RUN ==========
SpawnPoolWorker-228| 2026-06-21 22:50:53,080,80 multiprocessing INFO SEE LOG AT : ./logs/all_Lyapunov_test_dso-fn_d_all_o_01_log.txt
SpawnPoolWorker-228| 2026-06-21 22:50:53,080,80 multiprocessing INFO See log at : ./logs/all_Lyapunov_test_dso-fn_d_all_o_01_log.txt
SpawnPoolWorker-224| 2026-06-21 22:50:53,081,81 multiprocessing INFO child process calling self.run()
SpawnPoolWorker-232| 2026-06-21 22:50:53,082,82 multiprocessing INFO STARTING NEW RUN ==========
SpawnPoolWorker-232| 2026-06-21 22:50:53,083,83 multiprocessing INFO SEE LOG AT : ./logs/all_Lyapunov_test_dso-fn_d_all_o_01_log.txt
SpawnPoolWorker-232| 2026-06-21 22:50:53,083,83 multiprocessing INFO See log at : ./logs/all_Lyapunov_test_dso-fn_d_all_o_01_log.txt
SpawnPoolWorker-228| 2026-06-21 22:50:53,085,85 multiprocessing INFO child process calling self.run()
SpawnPoolWorker-226| 2026-06-21 22:50:53,085,85 multiprocessing INFO STARTING NEW RUN ==========
SpawnPoolWorker-232| 2026-06-21 22:50:53,086,86 multiprocessing INFO child process calling self.run()
SpawnPoolWorker-226| 2026-06-21 22:50:53,087,87 multiprocessing INFO SEE LOG AT : ./logs/all_Lyapunov_test_dso-fn_d_all_o_01_log.txt
SpawnPoolWorker-226| 2026-06-21 22:50:53,087,87 multiprocessing INFO See log at : ./logs/all_Lyapunov_test_dso-fn_d_all_o_01_log.txt
SpawnPoolWorker-230| 2026-06-21 22:50:53,087,87 multiprocessing INFO STARTING NEW RUN ==========
SpawnPoolWorker-231| 2026-06-21 22:50:53,087,87 multiprocessing INFO STARTING NEW RUN ==========
SpawnPoolWorker-230| 2026-06-21 22:50:53,087,87 multiprocessing INFO SEE LOG AT : ./logs/all_Lyapunov_test_dso-fn_d_all_o_01_log.txt
SpawnPoolWorker-231| 2026-06-21 22:50:53,087,87 multiprocessing INFO SEE LOG AT : ./logs/all_Lyapunov_test_dso-fn_d_all_o_01_log.txt
SpawnPoolWorker-231| 2026-06-21 22:50:53,087,87 multiprocessing INFO See log at : ./logs/all_Lyapunov_test_dso-fn_d_all_o_01_log.txt
SpawnPoolWorker-230| 2026-06-21 22:50:53,087,87 multiprocessing INFO See log at : ./logs/all_Lyapunov_test_dso-fn_d_all_o_01_log.txt
SpawnPoolWorker-230| 2026-06-21 22:50:53,090,90 multiprocessing INFO child process calling self.run()
SpawnPoolWorker-231| 2026-06-21 22:50:53,090,90 multiprocessing INFO child process calling self.run()
SpawnPoolWorker-226| 2026-06-21 22:50:53,090,90 multiprocessing INFO child process calling self.run()
SpawnPoolWorker-224| 2026-06-21 22:51:34,607,607 multiprocessing INFO process shutting down
SpawnPoolWorker-223| 2026-06-21 22:51:34,607,607 multiprocessing INFO process shutting down
SpawnPoolWorker-224| 2026-06-21 22:51:34,607,607 multiprocessing INFO process exiting with exitcode 0
SpawnPoolWorker-232| 2026-06-21 22:51:34,607,607 multiprocessing INFO process shutting down
SpawnPoolWorker-227| 2026-06-21 22:51:34,607,607 multiprocessing INFO process shutting down
SpawnPoolWorker-223| 2026-06-21 22:51:34,608,608 multiprocessing INFO process exiting with exitcode 0
SpawnPoolWorker-228| 2026-06-21 22:51:34,607,607 multiprocessing INFO process shutting down
SpawnPoolWorker-230| 2026-06-21 22:51:34,607,607 multiprocessing INFO process shutting down
SpawnPoolWorker-232| 2026-06-21 22:51:34,608,608 multiprocessing INFO process exiting with exitcode 0
SpawnPoolWorker-231| 2026-06-21 22:51:34,607,607 multiprocessing INFO process shutting down
SpawnPoolWorker-227| 2026-06-21 22:51:34,608,608 multiprocessing INFO process exiting with exitcode 0
SpawnPoolWorker-226| 2026-06-21 22:51:34,608,608 multiprocessing INFO process shutting down
(20000,)

===================Collect 20000 Examples===================

Epsilon 0.1
500
(550,)
(550,)
(55,)
Number of Programs for Minimization: 28
SpawnPoolWorker-242| 2026-06-21 22:52:04,219,219 multiprocessing INFO STARTING NEW RUN ==========
SpawnPoolWorker-242| 2026-06-21 22:52:04,219,219 multiprocessing INFO SEE LOG AT : ./logs/all_Lyapunov_test_dso-fn_d_all_o_01_log.txt
SpawnPoolWorker-242| 2026-06-21 22:52:04,220,220 multiprocessing INFO See log at : ./logs/all_Lyapunov_test_dso-fn_d_all_o_01_log.txt
SpawnPoolWorker-242| 2026-06-21 22:52:04,247,247 multiprocessing INFO child process calling self.run()
SpawnPoolWorker-246| 2026-06-21 22:52:05,675,675 multiprocessing INFO STARTING NEW RUN ==========
SpawnPoolWorker-246| 2026-06-21 22:52:05,676,676 multiprocessing INFO SEE LOG AT : ./logs/all_Lyapunov_test_dso-fn_d_all_o_01_log.txt
SpawnPoolWorker-246| 2026-06-21 22:52:05,676,676 multiprocessing INFO See log at : ./logs/all_Lyapunov_test_dso-fn_d_all_o_01_log.txt
SpawnPoolWorker-246| 2026-06-21 22:52:05,680,680 multiprocessing INFO child process calling self.run()
SpawnPoolWorker-234| 2026-06-21 22:52:05,902,902 multiprocessing INFO STARTING NEW RUN ==========
SpawnPoolWorker-234| 2026-06-21 22:52:05,902,902 multiprocessing INFO SEE LOG AT : ./logs/all_Lyapunov_test_dso-fn_d_all_o_01_log.txt
SpawnPoolWorker-234| 2026-06-21 22:52:05,902,902 multiprocessing INFO See log at : ./logs/all_Lyapunov_test_dso-fn_d_all_o_01_log.txt
SpawnPoolWorker-234| 2026-06-21 22:52:05,907,907 multiprocessing INFO child process calling self.run()
SpawnPoolWorker-238| 2026-06-21 22:52:06,507,507 multiprocessing INFO STARTING NEW RUN ==========
SpawnPoolWorker-238| 2026-06-21 22:52:06,507,507 multiprocessing INFO SEE LOG AT : ./logs/all_Lyapunov_test_dso-fn_d_all_o_01_log.txt
SpawnPoolWorker-238| 2026-06-21 22:52:06,507,507 multiprocessing INFO See log at : ./logs/all_Lyapunov_test_dso-fn_d_all_o_01_log.txt
SpawnPoolWorker-238| 2026-06-21 22:52:06,511,511 multiprocessing INFO child process calling self.run()
SpawnPoolWorker-265| 2026-06-21 22:52:06,640,640 multiprocessing INFO STARTING NEW RUN ==========
SpawnPoolWorker-265| 2026-06-21 22:52:06,640,640 multiprocessing INFO SEE LOG AT : ./logs/all_Lyapunov_test_dso-fn_d_all_o_01_log.txt
SpawnPoolWorker-265| 2026-06-21 22:52:06,640,640 multiprocessing INFO See log at : ./logs/all_Lyapunov_test_dso-fn_d_all_o_01_log.txt
SpawnPoolWorker-265| 2026-06-21 22:52:06,643,643 multiprocessing INFO child process calling self.run()
SpawnPoolWorker-244| 2026-06-21 22:52:06,846,846 multiprocessing INFO STARTING NEW RUN ==========
SpawnPoolWorker-244| 2026-06-21 22:52:06,846,846 multiprocessing INFO SEE LOG AT : ./logs/all_Lyapunov_test_dso-fn_d_all_o_01_log.txt
SpawnPoolWorker-244| 2026-06-21 22:52:06,846,846 multiprocessing INFO See log at : ./logs/all_Lyapunov_test_dso-fn_d_all_o_01_log.txt
SpawnPoolWorker-244| 2026-06-21 22:52:06,850,850 multiprocessing INFO child process calling self.run()
SpawnPoolWorker-255| 2026-06-21 22:52:07,046,46 multiprocessing INFO STARTING NEW RUN ==========
SpawnPoolWorker-255| 2026-06-21 22:52:07,046,46 multiprocessing INFO SEE LOG AT : ./logs/all_Lyapunov_test_dso-fn_d_all_o_01_log.txt
SpawnPoolWorker-255| 2026-06-21 22:52:07,046,46 multiprocessing INFO See log at : ./logs/all_Lyapunov_test_dso-fn_d_all_o_01_log.txt
SpawnPoolWorker-255| 2026-06-21 22:52:07,055,55 multiprocessing INFO child process calling self.run()
SpawnPoolWorker-245| 2026-06-21 22:52:07,368,368 multiprocessing INFO STARTING NEW RUN ==========
SpawnPoolWorker-245| 2026-06-21 22:52:07,368,368 multiprocessing INFO SEE LOG AT : ./logs/all_Lyapunov_test_dso-fn_d_all_o_01_log.txt
SpawnPoolWorker-245| 2026-06-21 22:52:07,368,368 multiprocessing INFO See log at : ./logs/all_Lyapunov_test_dso-fn_d_all_o_01_log.txt
SpawnPoolWorker-245| 2026-06-21 22:52:07,374,374 multiprocessing INFO child process calling self.run()
SpawnPoolWorker-261| 2026-06-21 22:52:07,379,379 multiprocessing INFO STARTING NEW RUN ==========
SpawnPoolWorker-261| 2026-06-21 22:52:07,379,379 multiprocessing INFO SEE LOG AT : ./logs/all_Lyapunov_test_dso-fn_d_all_o_01_log.txt
SpawnPoolWorker-261| 2026-06-21 22:52:07,379,379 multiprocessing INFO See log at : ./logs/all_Lyapunov_test_dso-fn_d_all_o_01_log.txt
SpawnPoolWorker-261| 2026-06-21 22:52:07,381,381 multiprocessing INFO child process calling self.run()
SpawnPoolWorker-248| 2026-06-21 22:52:07,586,586 multiprocessing INFO STARTING NEW RUN ==========
SpawnPoolWorker-248| 2026-06-21 22:52:07,586,586 multiprocessing INFO SEE LOG AT : ./logs/all_Lyapunov_test_dso-fn_d_all_o_01_log.txt
SpawnPoolWorker-248| 2026-06-21 22:52:07,586,586 multiprocessing INFO See log at : ./logs/all_Lyapunov_test_dso-fn_d_all_o_01_log.txt
SpawnPoolWorker-248| 2026-06-21 22:52:07,587,587 multiprocessing INFO child process calling self.run()
SpawnPoolWorker-249| 2026-06-21 22:52:07,871,871 multiprocessing INFO STARTING NEW RUN ==========
SpawnPoolWorker-249| 2026-06-21 22:52:07,871,871 multiprocessing INFO SEE LOG AT : ./logs/all_Lyapunov_test_dso-fn_d_all_o_01_log.txt
SpawnPoolWorker-249| 2026-06-21 22:52:07,871,871 multiprocessing INFO See log at : ./logs/all_Lyapunov_test_dso-fn_d_all_o_01_log.txt
SpawnPoolWorker-249| 2026-06-21 22:52:07,873,873 multiprocessing INFO child process calling self.run()
SpawnPoolWorker-240| 2026-06-21 22:52:07,877,877 multiprocessing INFO STARTING NEW RUN ==========
SpawnPoolWorker-240| 2026-06-21 22:52:07,878,878 multiprocessing INFO SEE LOG AT : ./logs/all_Lyapunov_test_dso-fn_d_all_o_01_log.txt
SpawnPoolWorker-240| 2026-06-21 22:52:07,878,878 multiprocessing INFO See log at : ./logs/all_Lyapunov_test_dso-fn_d_all_o_01_log.txt
SpawnPoolWorker-240| 2026-06-21 22:52:07,915,915 multiprocessing INFO child process calling self.run()
SpawnPoolWorker-280| 2026-06-21 22:52:08,380,380 multiprocessing INFO STARTING NEW RUN ==========
SpawnPoolWorker-280| 2026-06-21 22:52:08,380,380 multiprocessing INFO SEE LOG AT : ./logs/all_Lyapunov_test_dso-fn_d_all_o_01_log.txt
SpawnPoolWorker-280| 2026-06-21 22:52:08,380,380 multiprocessing INFO See log at : ./logs/all_Lyapunov_test_dso-fn_d_all_o_01_log.txt
SpawnPoolWorker-280| 2026-06-21 22:52:08,405,405 multiprocessing INFO child process calling self.run()
SpawnPoolWorker-247| 2026-06-21 22:52:08,566,566 multiprocessing INFO STARTING NEW RUN ==========
SpawnPoolWorker-247| 2026-06-21 22:52:08,566,566 multiprocessing INFO SEE LOG AT : ./logs/all_Lyapunov_test_dso-fn_d_all_o_01_log.txt
SpawnPoolWorker-247| 2026-06-21 22:52:08,566,566 multiprocessing INFO See log at : ./logs/all_Lyapunov_test_dso-fn_d_all_o_01_log.txt
SpawnPoolWorker-247| 2026-06-21 22:52:08,569,569 multiprocessing INFO child process calling self.run()
SpawnPoolWorker-241| 2026-06-21 22:52:08,734,734 multiprocessing INFO STARTING NEW RUN ==========
SpawnPoolWorker-241| 2026-06-21 22:52:08,734,734 multiprocessing INFO SEE LOG AT : ./logs/all_Lyapunov_test_dso-fn_d_all_o_01_log.txt
SpawnPoolWorker-241| 2026-06-21 22:52:08,734,734 multiprocessing INFO See log at : ./logs/all_Lyapunov_test_dso-fn_d_all_o_01_log.txt
SpawnPoolWorker-241| 2026-06-21 22:52:08,736,736 multiprocessing INFO child process calling self.run()
SpawnPoolWorker-252| 2026-06-21 22:52:09,162,162 multiprocessing INFO STARTING NEW RUN ==========
SpawnPoolWorker-252| 2026-06-21 22:52:09,162,162 multiprocessing INFO SEE LOG AT : ./logs/all_Lyapunov_test_dso-fn_d_all_o_01_log.txt
SpawnPoolWorker-252| 2026-06-21 22:52:09,162,162 multiprocessing INFO See log at : ./logs/all_Lyapunov_test_dso-fn_d_all_o_01_log.txt
SpawnPoolWorker-252| 2026-06-21 22:52:09,165,165 multiprocessing INFO child process calling self.run()
SpawnPoolWorker-260| 2026-06-21 22:52:09,463,463 multiprocessing INFO STARTING NEW RUN ==========
SpawnPoolWorker-260| 2026-06-21 22:52:09,463,463 multiprocessing INFO SEE LOG AT : ./logs/all_Lyapunov_test_dso-fn_d_all_o_01_log.txt
SpawnPoolWorker-260| 2026-06-21 22:52:09,463,463 multiprocessing INFO See log at : ./logs/all_Lyapunov_test_dso-fn_d_all_o_01_log.txt
SpawnPoolWorker-243| 2026-06-21 22:52:09,485,485 multiprocessing INFO STARTING NEW RUN ==========
SpawnPoolWorker-243| 2026-06-21 22:52:09,485,485 multiprocessing INFO SEE LOG AT : ./logs/all_Lyapunov_test_dso-fn_d_all_o_01_log.txt
SpawnPoolWorker-243| 2026-06-21 22:52:09,485,485 multiprocessing INFO See log at : ./logs/all_Lyapunov_test_dso-fn_d_all_o_01_log.txt
SpawnPoolWorker-243| 2026-06-21 22:52:09,487,487 multiprocessing INFO child process calling self.run()
SpawnPoolWorker-260| 2026-06-21 22:52:09,517,517 multiprocessing INFO child process calling self.run()
SpawnPoolWorker-235| 2026-06-21 22:52:09,689,689 multiprocessing INFO STARTING NEW RUN ==========
SpawnPoolWorker-235| 2026-06-21 22:52:09,690,690 multiprocessing INFO SEE LOG AT : ./logs/all_Lyapunov_test_dso-fn_d_all_o_01_log.txt
SpawnPoolWorker-235| 2026-06-21 22:52:09,690,690 multiprocessing INFO See log at : ./logs/all_Lyapunov_test_dso-fn_d_all_o_01_log.txt
SpawnPoolWorker-295| 2026-06-21 22:52:09,690,690 multiprocessing INFO STARTING NEW RUN ==========
SpawnPoolWorker-295| 2026-06-21 22:52:09,691,691 multiprocessing INFO SEE LOG AT : ./logs/all_Lyapunov_test_dso-fn_d_all_o_01_log.txt
SpawnPoolWorker-295| 2026-06-21 22:52:09,691,691 multiprocessing INFO See log at : ./logs/all_Lyapunov_test_dso-fn_d_all_o_01_log.txt
SpawnPoolWorker-295| 2026-06-21 22:52:09,694,694 multiprocessing INFO child process calling self.run()
SpawnPoolWorker-235| 2026-06-21 22:52:09,694,694 multiprocessing INFO child process calling self.run()
SpawnPoolWorker-239| 2026-06-21 22:52:09,886,886 multiprocessing INFO STARTING NEW RUN ==========
SpawnPoolWorker-239| 2026-06-21 22:52:09,887,887 multiprocessing INFO SEE LOG AT : ./logs/all_Lyapunov_test_dso-fn_d_all_o_01_log.txt
SpawnPoolWorker-239| 2026-06-21 22:52:09,887,887 multiprocessing INFO See log at : ./logs/all_Lyapunov_test_dso-fn_d_all_o_01_log.txt
SpawnPoolWorker-239| 2026-06-21 22:52:09,889,889 multiprocessing INFO child process calling self.run()
SpawnPoolWorker-272| 2026-06-21 22:52:09,994,994 multiprocessing INFO STARTING NEW RUN ==========
SpawnPoolWorker-272| 2026-06-21 22:52:09,994,994 multiprocessing INFO SEE LOG AT : ./logs/all_Lyapunov_test_dso-fn_d_all_o_01_log.txt
SpawnPoolWorker-272| 2026-06-21 22:52:09,994,994 multiprocessing INFO See log at : ./logs/all_Lyapunov_test_dso-fn_d_all_o_01_log.txt
SpawnPoolWorker-272| 2026-06-21 22:52:09,997,997 multiprocessing INFO child process calling self.run()
SpawnPoolWorker-264| 2026-06-21 22:52:10,064,64 multiprocessing INFO STARTING NEW RUN ==========
SpawnPoolWorker-264| 2026-06-21 22:52:10,065,65 multiprocessing INFO SEE LOG AT : ./logs/all_Lyapunov_test_dso-fn_d_all_o_01_log.txt
SpawnPoolWorker-264| 2026-06-21 22:52:10,065,65 multiprocessing INFO See log at : ./logs/all_Lyapunov_test_dso-fn_d_all_o_01_log.txt
SpawnPoolWorker-273| 2026-06-21 22:52:10,066,66 multiprocessing INFO STARTING NEW RUN ==========
SpawnPoolWorker-273| 2026-06-21 22:52:10,066,66 multiprocessing INFO SEE LOG AT : ./logs/all_Lyapunov_test_dso-fn_d_all_o_01_log.txt
SpawnPoolWorker-273| 2026-06-21 22:52:10,066,66 multiprocessing INFO See log at : ./logs/all_Lyapunov_test_dso-fn_d_all_o_01_log.txt
SpawnPoolWorker-264| 2026-06-21 22:52:10,067,67 multiprocessing INFO child process calling self.run()
SpawnPoolWorker-271| 2026-06-21 22:52:10,070,70 multiprocessing INFO STARTING NEW RUN ==========
SpawnPoolWorker-271| 2026-06-21 22:52:10,071,71 multiprocessing INFO SEE LOG AT : ./logs/all_Lyapunov_test_dso-fn_d_all_o_01_log.txt
SpawnPoolWorker-271| 2026-06-21 22:52:10,071,71 multiprocessing INFO See log at : ./logs/all_Lyapunov_test_dso-fn_d_all_o_01_log.txt
SpawnPoolWorker-273| 2026-06-21 22:52:10,071,71 multiprocessing INFO child process calling self.run()
SpawnPoolWorker-271| 2026-06-21 22:52:10,073,73 multiprocessing INFO child process calling self.run()
SpawnPoolWorker-267| 2026-06-21 22:52:10,086,86 multiprocessing INFO STARTING NEW RUN ==========
SpawnPoolWorker-267| 2026-06-21 22:52:10,087,87 multiprocessing INFO SEE LOG AT : ./logs/all_Lyapunov_test_dso-fn_d_all_o_01_log.txt
SpawnPoolWorker-267| 2026-06-21 22:52:10,087,87 multiprocessing INFO See log at : ./logs/all_Lyapunov_test_dso-fn_d_all_o_01_log.txt
SpawnPoolWorker-267| 2026-06-21 22:52:10,101,101 multiprocessing INFO child process calling self.run()
SpawnPoolWorker-241| 2026-06-21 22:52:10,149,149 multiprocessing INFO process shutting down
SpawnPoolWorker-241| 2026-06-21 22:52:10,149,149 multiprocessing INFO process exiting with exitcode 0
SpawnPoolWorker-246| 2026-06-21 22:52:10,149,149 multiprocessing INFO process shutting down
SpawnPoolWorker-234| 2026-06-21 22:52:10,150,150 multiprocessing INFO process shutting down
SpawnPoolWorker-261| 2026-06-21 22:52:10,150,150 multiprocessing INFO process shutting down
SpawnPoolWorker-248| 2026-06-21 22:52:10,151,151 multiprocessing INFO process shutting down
SpawnPoolWorker-247| 2026-06-21 22:52:10,151,151 multiprocessing INFO process shutting down
SpawnPoolWorker-252| 2026-06-21 22:52:10,151,151 multiprocessing INFO process shutting down
SpawnPoolWorker-242| 2026-06-21 22:52:10,152,152 multiprocessing INFO process shutting down
SpawnPoolWorker-255| 2026-06-21 22:52:10,152,152 multiprocessing INFO process shutting down
SpawnPoolWorker-240| 2026-06-21 22:52:10,152,152 multiprocessing INFO process shutting down
SpawnPoolWorker-238| 2026-06-21 22:52:10,153,153 multiprocessing INFO process shutting down
SpawnPoolWorker-243| 2026-06-21 22:52:10,153,153 multiprocessing INFO process shutting down
SpawnPoolWorker-260| 2026-06-21 22:52:10,153,153 multiprocessing INFO process shutting down
SpawnPoolWorker-249| 2026-06-21 22:52:10,154,154 multiprocessing INFO process shutting down
SpawnPoolWorker-295| 2026-06-21 22:52:10,154,154 multiprocessing INFO process shutting down
SpawnPoolWorker-235| 2026-06-21 22:52:10,154,154 multiprocessing INFO process shutting down
SpawnPoolWorker-244| 2026-06-21 22:52:10,154,154 multiprocessing INFO process shutting down
SpawnPoolWorker-239| 2026-06-21 22:52:10,155,155 multiprocessing INFO process shutting down
SpawnPoolWorker-245| 2026-06-21 22:52:10,155,155 multiprocessing INFO process shutting down
SpawnPoolWorker-280| 2026-06-21 22:52:10,155,155 multiprocessing INFO process shutting down
SpawnPoolWorker-272| 2026-06-21 22:52:10,156,156 multiprocessing INFO process shutting down
SpawnPoolWorker-264| 2026-06-21 22:52:10,156,156 multiprocessing INFO process shutting down
SpawnPoolWorker-246| 2026-06-21 22:52:10,156,156 multiprocessing INFO process exiting with exitcode 0
SpawnPoolWorker-271| 2026-06-21 22:52:10,157,157 multiprocessing INFO process shutting down
SpawnPoolWorker-273| 2026-06-21 22:52:10,157,157 multiprocessing INFO process shutting down
28
(100000, 4)
(100000,)
(100000, 4)
(100000,)

=======================Successfully Added (50000, 4) Counter Examples=======================


============None of the candidates fulfill the conditions. Training CONTINUES!=================

MainProcess| 2026-06-21 22:52:12,656,656 multiprocessing INFO 
============None of the candidates fulfill the conditions. Training CONTINUES!=================


============None of the candidates fulfill the conditions. Training CONTINUES!=================

(55, 128)
/users/9/chen8596/miniconda3/envs/alfd/lib/python3.9/site-packages/torch/nn/functional.py:4999: UserWarning: Support for mismatched key_padding_mask and attn_mask is deprecated. Use same type for both instead.
  warnings.warn(

==============Start Supervised Learning==============

MainProcess| 2026-06-21 22:52:15,758,758 multiprocessing INFO GP output mean: 0.9096531592594392
GP output mean: 0.9096531592594392
MainProcess| 2026-06-21 22:52:16,170,170 multiprocessing INFO GP output success rate: 0.0
GP output success rate: 0.0

==============End Supervised Learning==============

MainProcess| 2026-06-21 22:52:17,268,268 multiprocessing INFO [Test epoch=0004]  nevals=55241 	| train_loss=5690.02100 	| eqs_invalid %=0.00 	| r_best=0.98034 	| quantile=0.75819 	| r_quantile_mean=0.94066 	| r_raw_sum=103.28913 	|  r_raw_mean=0.56442 	| r2=nan 	| acc_iid=0.00000 	| acc_ood=0.00000 	| nmse_test=0.11205571178929669 	| true_equation_set_count=0 	| s/it=166.29216
[Test epoch=0004]  nevals=55241 	| train_loss=5690.02100 	| eqs_invalid %=0.00 	| r_best=0.98034 	| quantile=0.75819 	| r_quantile_mean=0.94066 	| r_raw_sum=103.28913 	|  r_raw_mean=0.56442 	| r2=nan 	| acc_iid=0.00000 	| acc_ood=0.00000 	| nmse_test=0.11205571178929669 	| true_equation_set_count=0 	| s/it=166.29216
MainProcess| 2026-06-21 22:53:28,073,73 multiprocessing INFO Genetic Porgramming Runtime 70.35980473400559
Genetic Porgramming Runtime 70.35980473400559

=========================PGD Collection Starts=========================

SpawnPoolWorker-305| 2026-06-21 22:53:35,714,714 multiprocessing INFO STARTING NEW RUN ==========
SpawnPoolWorker-305| 2026-06-21 22:53:35,715,715 multiprocessing INFO SEE LOG AT : ./logs/all_Lyapunov_test_dso-fn_d_all_o_01_log.txt
SpawnPoolWorker-305| 2026-06-21 22:53:35,715,715 multiprocessing INFO See log at : ./logs/all_Lyapunov_test_dso-fn_d_all_o_01_log.txt
SpawnPoolWorker-305| 2026-06-21 22:53:35,717,717 multiprocessing INFO child process calling self.run()
SpawnPoolWorker-303| 2026-06-21 22:53:35,718,718 multiprocessing INFO STARTING NEW RUN ==========
SpawnPoolWorker-299| 2026-06-21 22:53:35,718,718 multiprocessing INFO STARTING NEW RUN ==========
SpawnPoolWorker-303| 2026-06-21 22:53:35,718,718 multiprocessing INFO SEE LOG AT : ./logs/all_Lyapunov_test_dso-fn_d_all_o_01_log.txt
SpawnPoolWorker-303| 2026-06-21 22:53:35,718,718 multiprocessing INFO See log at : ./logs/all_Lyapunov_test_dso-fn_d_all_o_01_log.txt
SpawnPoolWorker-299| 2026-06-21 22:53:35,718,718 multiprocessing INFO SEE LOG AT : ./logs/all_Lyapunov_test_dso-fn_d_all_o_01_log.txt
SpawnPoolWorker-299| 2026-06-21 22:53:35,718,718 multiprocessing INFO See log at : ./logs/all_Lyapunov_test_dso-fn_d_all_o_01_log.txt
SpawnPoolWorker-303| 2026-06-21 22:53:35,720,720 multiprocessing INFO child process calling self.run()
SpawnPoolWorker-299| 2026-06-21 22:53:35,720,720 multiprocessing INFO child process calling self.run()
SpawnPoolWorker-304| 2026-06-21 22:53:35,722,722 multiprocessing INFO STARTING NEW RUN ==========
SpawnPoolWorker-302| 2026-06-21 22:53:35,722,722 multiprocessing INFO STARTING NEW RUN ==========
SpawnPoolWorker-301| 2026-06-21 22:53:35,722,722 multiprocessing INFO STARTING NEW RUN ==========
SpawnPoolWorker-304| 2026-06-21 22:53:35,724,724 multiprocessing INFO SEE LOG AT : ./logs/all_Lyapunov_test_dso-fn_d_all_o_01_log.txt
SpawnPoolWorker-300| 2026-06-21 22:53:35,725,725 multiprocessing INFO STARTING NEW RUN ==========
SpawnPoolWorker-302| 2026-06-21 22:53:35,726,726 multiprocessing INFO SEE LOG AT : ./logs/all_Lyapunov_test_dso-fn_d_all_o_01_log.txt
SpawnPoolWorker-304| 2026-06-21 22:53:35,726,726 multiprocessing INFO See log at : ./logs/all_Lyapunov_test_dso-fn_d_all_o_01_log.txt
SpawnPoolWorker-300| 2026-06-21 22:53:35,726,726 multiprocessing INFO SEE LOG AT : ./logs/all_Lyapunov_test_dso-fn_d_all_o_01_log.txt
SpawnPoolWorker-302| 2026-06-21 22:53:35,726,726 multiprocessing INFO See log at : ./logs/all_Lyapunov_test_dso-fn_d_all_o_01_log.txt
SpawnPoolWorker-300| 2026-06-21 22:53:35,726,726 multiprocessing INFO See log at : ./logs/all_Lyapunov_test_dso-fn_d_all_o_01_log.txt
SpawnPoolWorker-297| 2026-06-21 22:53:35,726,726 multiprocessing INFO STARTING NEW RUN ==========
SpawnPoolWorker-298| 2026-06-21 22:53:35,726,726 multiprocessing INFO STARTING NEW RUN ==========
SpawnPoolWorker-297| 2026-06-21 22:53:35,726,726 multiprocessing INFO SEE LOG AT : ./logs/all_Lyapunov_test_dso-fn_d_all_o_01_log.txt
SpawnPoolWorker-297| 2026-06-21 22:53:35,726,726 multiprocessing INFO See log at : ./logs/all_Lyapunov_test_dso-fn_d_all_o_01_log.txt
SpawnPoolWorker-298| 2026-06-21 22:53:35,726,726 multiprocessing INFO SEE LOG AT : ./logs/all_Lyapunov_test_dso-fn_d_all_o_01_log.txt
SpawnPoolWorker-298| 2026-06-21 22:53:35,726,726 multiprocessing INFO See log at : ./logs/all_Lyapunov_test_dso-fn_d_all_o_01_log.txt
SpawnPoolWorker-301| 2026-06-21 22:53:35,726,726 multiprocessing INFO SEE LOG AT : ./logs/all_Lyapunov_test_dso-fn_d_all_o_01_log.txt
SpawnPoolWorker-301| 2026-06-21 22:53:35,726,726 multiprocessing INFO See log at : ./logs/all_Lyapunov_test_dso-fn_d_all_o_01_log.txt
SpawnPoolWorker-300| 2026-06-21 22:53:35,728,728 multiprocessing INFO child process calling self.run()
SpawnPoolWorker-301| 2026-06-21 22:53:35,728,728 multiprocessing INFO child process calling self.run()
SpawnPoolWorker-304| 2026-06-21 22:53:35,728,728 multiprocessing INFO child process calling self.run()
SpawnPoolWorker-297| 2026-06-21 22:53:35,728,728 multiprocessing INFO child process calling self.run()
SpawnPoolWorker-298| 2026-06-21 22:53:35,728,728 multiprocessing INFO child process calling self.run()
SpawnPoolWorker-302| 2026-06-21 22:53:35,729,729 multiprocessing INFO child process calling self.run()
SpawnPoolWorker-306| 2026-06-21 22:53:35,734,734 multiprocessing INFO STARTING NEW RUN ==========
SpawnPoolWorker-306| 2026-06-21 22:53:35,735,735 multiprocessing INFO SEE LOG AT : ./logs/all_Lyapunov_test_dso-fn_d_all_o_01_log.txt
SpawnPoolWorker-306| 2026-06-21 22:53:35,735,735 multiprocessing INFO See log at : ./logs/all_Lyapunov_test_dso-fn_d_all_o_01_log.txt
SpawnPoolWorker-306| 2026-06-21 22:53:35,737,737 multiprocessing INFO child process calling self.run()
SpawnPoolWorker-297| 2026-06-21 22:54:17,689,689 multiprocessing INFO process shutting down
SpawnPoolWorker-297| 2026-06-21 22:54:17,689,689 multiprocessing INFO process exiting with exitcode 0
SpawnPoolWorker-298| 2026-06-21 22:54:17,690,690 multiprocessing INFO process shutting down
SpawnPoolWorker-300| 2026-06-21 22:54:17,690,690 multiprocessing INFO process shutting down
SpawnPoolWorker-302| 2026-06-21 22:54:17,690,690 multiprocessing INFO process shutting down
SpawnPoolWorker-305| 2026-06-21 22:54:17,690,690 multiprocessing INFO process shutting down
SpawnPoolWorker-304| 2026-06-21 22:54:17,690,690 multiprocessing INFO process shutting down
SpawnPoolWorker-301| 2026-06-21 22:54:17,690,690 multiprocessing INFO process shutting down
(20000,)

===================Collect 20000 Examples===================

Epsilon 0.1
500
(550,)
(550,)
(55,)
Number of Programs for Minimization: 28
SpawnPoolWorker-307| 2026-06-21 22:54:48,599,599 multiprocessing INFO STARTING NEW RUN ==========
SpawnPoolWorker-307| 2026-06-21 22:54:48,600,600 multiprocessing INFO SEE LOG AT : ./logs/all_Lyapunov_test_dso-fn_d_all_o_01_log.txt
SpawnPoolWorker-307| 2026-06-21 22:54:48,600,600 multiprocessing INFO See log at : ./logs/all_Lyapunov_test_dso-fn_d_all_o_01_log.txt
SpawnPoolWorker-307| 2026-06-21 22:54:48,608,608 multiprocessing INFO child process calling self.run()
SpawnPoolWorker-312| 2026-06-21 22:54:48,921,921 multiprocessing INFO STARTING NEW RUN ==========
SpawnPoolWorker-312| 2026-06-21 22:54:48,921,921 multiprocessing INFO SEE LOG AT : ./logs/all_Lyapunov_test_dso-fn_d_all_o_01_log.txt
SpawnPoolWorker-312| 2026-06-21 22:54:48,921,921 multiprocessing INFO See log at : ./logs/all_Lyapunov_test_dso-fn_d_all_o_01_log.txt
SpawnPoolWorker-312| 2026-06-21 22:54:48,935,935 multiprocessing INFO child process calling self.run()
SpawnPoolWorker-337| 2026-06-21 22:54:49,107,107 multiprocessing INFO STARTING NEW RUN ==========
SpawnPoolWorker-337| 2026-06-21 22:54:49,108,108 multiprocessing INFO SEE LOG AT : ./logs/all_Lyapunov_test_dso-fn_d_all_o_01_log.txt
SpawnPoolWorker-337| 2026-06-21 22:54:49,108,108 multiprocessing INFO See log at : ./logs/all_Lyapunov_test_dso-fn_d_all_o_01_log.txt
SpawnPoolWorker-337| 2026-06-21 22:54:49,116,116 multiprocessing INFO child process calling self.run()
SpawnPoolWorker-311| 2026-06-21 22:54:49,833,833 multiprocessing INFO STARTING NEW RUN ==========
SpawnPoolWorker-311| 2026-06-21 22:54:49,833,833 multiprocessing INFO SEE LOG AT : ./logs/all_Lyapunov_test_dso-fn_d_all_o_01_log.txt
SpawnPoolWorker-311| 2026-06-21 22:54:49,833,833 multiprocessing INFO See log at : ./logs/all_Lyapunov_test_dso-fn_d_all_o_01_log.txt
SpawnPoolWorker-311| 2026-06-21 22:54:49,836,836 multiprocessing INFO child process calling self.run()
SpawnPoolWorker-364| 2026-06-21 22:54:50,677,677 multiprocessing INFO STARTING NEW RUN ==========
SpawnPoolWorker-364| 2026-06-21 22:54:50,677,677 multiprocessing INFO SEE LOG AT : ./logs/all_Lyapunov_test_dso-fn_d_all_o_01_log.txt
SpawnPoolWorker-364| 2026-06-21 22:54:50,677,677 multiprocessing INFO See log at : ./logs/all_Lyapunov_test_dso-fn_d_all_o_01_log.txt
SpawnPoolWorker-364| 2026-06-21 22:54:50,678,678 multiprocessing INFO child process calling self.run()
SpawnPoolWorker-348| 2026-06-21 22:54:51,105,105 multiprocessing INFO STARTING NEW RUN ==========
SpawnPoolWorker-348| 2026-06-21 22:54:51,105,105 multiprocessing INFO SEE LOG AT : ./logs/all_Lyapunov_test_dso-fn_d_all_o_01_log.txt
SpawnPoolWorker-348| 2026-06-21 22:54:51,105,105 multiprocessing INFO See log at : ./logs/all_Lyapunov_test_dso-fn_d_all_o_01_log.txt
SpawnPoolWorker-348| 2026-06-21 22:54:51,130,130 multiprocessing INFO child process calling self.run()
SpawnPoolWorker-310| 2026-06-21 22:54:51,174,174 multiprocessing INFO STARTING NEW RUN ==========
SpawnPoolWorker-310| 2026-06-21 22:54:51,175,175 multiprocessing INFO SEE LOG AT : ./logs/all_Lyapunov_test_dso-fn_d_all_o_01_log.txt
SpawnPoolWorker-310| 2026-06-21 22:54:51,175,175 multiprocessing INFO See log at : ./logs/all_Lyapunov_test_dso-fn_d_all_o_01_log.txt
SpawnPoolWorker-310| 2026-06-21 22:54:51,180,180 multiprocessing INFO child process calling self.run()
SpawnPoolWorker-363| 2026-06-21 22:54:51,333,333 multiprocessing INFO STARTING NEW RUN ==========
SpawnPoolWorker-363| 2026-06-21 22:54:51,334,334 multiprocessing INFO SEE LOG AT : ./logs/all_Lyapunov_test_dso-fn_d_all_o_01_log.txt
SpawnPoolWorker-363| 2026-06-21 22:54:51,334,334 multiprocessing INFO See log at : ./logs/all_Lyapunov_test_dso-fn_d_all_o_01_log.txt
SpawnPoolWorker-363| 2026-06-21 22:54:51,342,342 multiprocessing INFO child process calling self.run()
SpawnPoolWorker-354| 2026-06-21 22:54:51,615,615 multiprocessing INFO STARTING NEW RUN ==========
SpawnPoolWorker-354| 2026-06-21 22:54:51,615,615 multiprocessing INFO SEE LOG AT : ./logs/all_Lyapunov_test_dso-fn_d_all_o_01_log.txt
SpawnPoolWorker-354| 2026-06-21 22:54:51,615,615 multiprocessing INFO See log at : ./logs/all_Lyapunov_test_dso-fn_d_all_o_01_log.txt
SpawnPoolWorker-354| 2026-06-21 22:54:51,620,620 multiprocessing INFO child process calling self.run()
SpawnPoolWorker-358| 2026-06-21 22:54:51,856,856 multiprocessing INFO STARTING NEW RUN ==========
SpawnPoolWorker-358| 2026-06-21 22:54:51,857,857 multiprocessing INFO SEE LOG AT : ./logs/all_Lyapunov_test_dso-fn_d_all_o_01_log.txt
SpawnPoolWorker-358| 2026-06-21 22:54:51,857,857 multiprocessing INFO See log at : ./logs/all_Lyapunov_test_dso-fn_d_all_o_01_log.txt
SpawnPoolWorker-358| 2026-06-21 22:54:51,860,860 multiprocessing INFO child process calling self.run()
SpawnPoolWorker-365| 2026-06-21 22:54:51,941,941 multiprocessing INFO STARTING NEW RUN ==========
SpawnPoolWorker-365| 2026-06-21 22:54:51,941,941 multiprocessing INFO SEE LOG AT : ./logs/all_Lyapunov_test_dso-fn_d_all_o_01_log.txt
SpawnPoolWorker-365| 2026-06-21 22:54:51,941,941 multiprocessing INFO See log at : ./logs/all_Lyapunov_test_dso-fn_d_all_o_01_log.txt
SpawnPoolWorker-365| 2026-06-21 22:54:51,954,954 multiprocessing INFO child process calling self.run()
SpawnPoolWorker-327| 2026-06-21 22:54:51,976,976 multiprocessing INFO STARTING NEW RUN ==========
SpawnPoolWorker-327| 2026-06-21 22:54:51,977,977 multiprocessing INFO SEE LOG AT : ./logs/all_Lyapunov_test_dso-fn_d_all_o_01_log.txt
SpawnPoolWorker-327| 2026-06-21 22:54:51,977,977 multiprocessing INFO See log at : ./logs/all_Lyapunov_test_dso-fn_d_all_o_01_log.txt
SpawnPoolWorker-327| 2026-06-21 22:54:51,982,982 multiprocessing INFO child process calling self.run()
SpawnPoolWorker-326| 2026-06-21 22:54:52,144,144 multiprocessing INFO STARTING NEW RUN ==========
SpawnPoolWorker-326| 2026-06-21 22:54:52,144,144 multiprocessing INFO SEE LOG AT : ./logs/all_Lyapunov_test_dso-fn_d_all_o_01_log.txt
SpawnPoolWorker-326| 2026-06-21 22:54:52,144,144 multiprocessing INFO See log at : ./logs/all_Lyapunov_test_dso-fn_d_all_o_01_log.txt
SpawnPoolWorker-326| 2026-06-21 22:54:52,146,146 multiprocessing INFO child process calling self.run()
SpawnPoolWorker-370| 2026-06-21 22:54:52,187,187 multiprocessing INFO STARTING NEW RUN ==========
SpawnPoolWorker-370| 2026-06-21 22:54:52,188,188 multiprocessing INFO SEE LOG AT : ./logs/all_Lyapunov_test_dso-fn_d_all_o_01_log.txt
SpawnPoolWorker-370| 2026-06-21 22:54:52,188,188 multiprocessing INFO See log at : ./logs/all_Lyapunov_test_dso-fn_d_all_o_01_log.txt
SpawnPoolWorker-370| 2026-06-21 22:54:52,201,201 multiprocessing INFO child process calling self.run()
SpawnPoolWorker-323| 2026-06-21 22:54:52,222,222 multiprocessing INFO STARTING NEW RUN ==========
SpawnPoolWorker-323| 2026-06-21 22:54:52,222,222 multiprocessing INFO SEE LOG AT : ./logs/all_Lyapunov_test_dso-fn_d_all_o_01_log.txt
SpawnPoolWorker-323| 2026-06-21 22:54:52,222,222 multiprocessing INFO See log at : ./logs/all_Lyapunov_test_dso-fn_d_all_o_01_log.txt
SpawnPoolWorker-357| 2026-06-21 22:54:52,240,240 multiprocessing INFO STARTING NEW RUN ==========
SpawnPoolWorker-357| 2026-06-21 22:54:52,241,241 multiprocessing INFO SEE LOG AT : ./logs/all_Lyapunov_test_dso-fn_d_all_o_01_log.txt
SpawnPoolWorker-357| 2026-06-21 22:54:52,241,241 multiprocessing INFO See log at : ./logs/all_Lyapunov_test_dso-fn_d_all_o_01_log.txt
SpawnPoolWorker-323| 2026-06-21 22:54:52,250,250 multiprocessing INFO child process calling self.run()
SpawnPoolWorker-357| 2026-06-21 22:54:52,262,262 multiprocessing INFO child process calling self.run()
SpawnPoolWorker-334| 2026-06-21 22:54:52,452,452 multiprocessing INFO STARTING NEW RUN ==========
SpawnPoolWorker-334| 2026-06-21 22:54:52,452,452 multiprocessing INFO SEE LOG AT : ./logs/all_Lyapunov_test_dso-fn_d_all_o_01_log.txt
SpawnPoolWorker-334| 2026-06-21 22:54:52,452,452 multiprocessing INFO See log at : ./logs/all_Lyapunov_test_dso-fn_d_all_o_01_log.txt
SpawnPoolWorker-334| 2026-06-21 22:54:52,456,456 multiprocessing INFO child process calling self.run()
SpawnPoolWorker-320| 2026-06-21 22:54:52,502,502 multiprocessing INFO STARTING NEW RUN ==========
SpawnPoolWorker-320| 2026-06-21 22:54:52,502,502 multiprocessing INFO SEE LOG AT : ./logs/all_Lyapunov_test_dso-fn_d_all_o_01_log.txt
SpawnPoolWorker-320| 2026-06-21 22:54:52,502,502 multiprocessing INFO See log at : ./logs/all_Lyapunov_test_dso-fn_d_all_o_01_log.txt
SpawnPoolWorker-329| 2026-06-21 22:54:52,504,504 multiprocessing INFO STARTING NEW RUN ==========
SpawnPoolWorker-329| 2026-06-21 22:54:52,504,504 multiprocessing INFO SEE LOG AT : ./logs/all_Lyapunov_test_dso-fn_d_all_o_01_log.txt
SpawnPoolWorker-329| 2026-06-21 22:54:52,504,504 multiprocessing INFO See log at : ./logs/all_Lyapunov_test_dso-fn_d_all_o_01_log.txt
SpawnPoolWorker-320| 2026-06-21 22:54:52,504,504 multiprocessing INFO child process calling self.run()
SpawnPoolWorker-329| 2026-06-21 22:54:52,526,526 multiprocessing INFO child process calling self.run()
SpawnPoolWorker-309| 2026-06-21 22:54:52,575,575 multiprocessing INFO STARTING NEW RUN ==========
SpawnPoolWorker-309| 2026-06-21 22:54:52,575,575 multiprocessing INFO SEE LOG AT : ./logs/all_Lyapunov_test_dso-fn_d_all_o_01_log.txt
SpawnPoolWorker-309| 2026-06-21 22:54:52,575,575 multiprocessing INFO See log at : ./logs/all_Lyapunov_test_dso-fn_d_all_o_01_log.txt
SpawnPoolWorker-309| 2026-06-21 22:54:52,589,589 multiprocessing INFO child process calling self.run()
SpawnPoolWorker-328| 2026-06-21 22:54:52,633,633 multiprocessing INFO STARTING NEW RUN ==========
SpawnPoolWorker-328| 2026-06-21 22:54:52,633,633 multiprocessing INFO SEE LOG AT : ./logs/all_Lyapunov_test_dso-fn_d_all_o_01_log.txt
SpawnPoolWorker-328| 2026-06-21 22:54:52,633,633 multiprocessing INFO See log at : ./logs/all_Lyapunov_test_dso-fn_d_all_o_01_log.txt
SpawnPoolWorker-328| 2026-06-21 22:54:52,637,637 multiprocessing INFO child process calling self.run()
SpawnPoolWorker-340| 2026-06-21 22:54:52,658,658 multiprocessing INFO STARTING NEW RUN ==========
SpawnPoolWorker-340| 2026-06-21 22:54:52,658,658 multiprocessing INFO SEE LOG AT : ./logs/all_Lyapunov_test_dso-fn_d_all_o_01_log.txt
SpawnPoolWorker-340| 2026-06-21 22:54:52,658,658 multiprocessing INFO See log at : ./logs/all_Lyapunov_test_dso-fn_d_all_o_01_log.txt
SpawnPoolWorker-340| 2026-06-21 22:54:52,671,671 multiprocessing INFO child process calling self.run()
SpawnPoolWorker-362| 2026-06-21 22:54:52,886,886 multiprocessing INFO STARTING NEW RUN ==========
SpawnPoolWorker-362| 2026-06-21 22:54:52,887,887 multiprocessing INFO SEE LOG AT : ./logs/all_Lyapunov_test_dso-fn_d_all_o_01_log.txt
SpawnPoolWorker-362| 2026-06-21 22:54:52,887,887 multiprocessing INFO See log at : ./logs/all_Lyapunov_test_dso-fn_d_all_o_01_log.txt
SpawnPoolWorker-362| 2026-06-21 22:54:52,890,890 multiprocessing INFO child process calling self.run()
SpawnPoolWorker-350| 2026-06-21 22:54:52,962,962 multiprocessing INFO STARTING NEW RUN ==========
SpawnPoolWorker-350| 2026-06-21 22:54:52,963,963 multiprocessing INFO SEE LOG AT : ./logs/all_Lyapunov_test_dso-fn_d_all_o_01_log.txt
SpawnPoolWorker-350| 2026-06-21 22:54:52,963,963 multiprocessing INFO See log at : ./logs/all_Lyapunov_test_dso-fn_d_all_o_01_log.txt
SpawnPoolWorker-350| 2026-06-21 22:54:52,969,969 multiprocessing INFO child process calling self.run()
SpawnPoolWorker-360| 2026-06-21 22:54:52,976,976 multiprocessing INFO STARTING NEW RUN ==========
SpawnPoolWorker-360| 2026-06-21 22:54:52,976,976 multiprocessing INFO SEE LOG AT : ./logs/all_Lyapunov_test_dso-fn_d_all_o_01_log.txt
SpawnPoolWorker-360| 2026-06-21 22:54:52,976,976 multiprocessing INFO See log at : ./logs/all_Lyapunov_test_dso-fn_d_all_o_01_log.txt
SpawnPoolWorker-360| 2026-06-21 22:54:52,978,978 multiprocessing INFO child process calling self.run()
SpawnPoolWorker-308| 2026-06-21 22:54:53,021,21 multiprocessing INFO STARTING NEW RUN ==========
SpawnPoolWorker-308| 2026-06-21 22:54:53,021,21 multiprocessing INFO SEE LOG AT : ./logs/all_Lyapunov_test_dso-fn_d_all_o_01_log.txt
SpawnPoolWorker-308| 2026-06-21 22:54:53,021,21 multiprocessing INFO See log at : ./logs/all_Lyapunov_test_dso-fn_d_all_o_01_log.txt
SpawnPoolWorker-308| 2026-06-21 22:54:53,024,24 multiprocessing INFO child process calling self.run()
SpawnPoolWorker-324| 2026-06-21 22:54:53,096,96 multiprocessing INFO STARTING NEW RUN ==========
SpawnPoolWorker-324| 2026-06-21 22:54:53,096,96 multiprocessing INFO SEE LOG AT : ./logs/all_Lyapunov_test_dso-fn_d_all_o_01_log.txt
SpawnPoolWorker-324| 2026-06-21 22:54:53,096,96 multiprocessing INFO See log at : ./logs/all_Lyapunov_test_dso-fn_d_all_o_01_log.txt
SpawnPoolWorker-333| 2026-06-21 22:54:53,101,101 multiprocessing INFO STARTING NEW RUN ==========
SpawnPoolWorker-333| 2026-06-21 22:54:53,101,101 multiprocessing INFO SEE LOG AT : ./logs/all_Lyapunov_test_dso-fn_d_all_o_01_log.txt
SpawnPoolWorker-333| 2026-06-21 22:54:53,101,101 multiprocessing INFO See log at : ./logs/all_Lyapunov_test_dso-fn_d_all_o_01_log.txt
SpawnPoolWorker-324| 2026-06-21 22:54:53,105,105 multiprocessing INFO child process calling self.run()
SpawnPoolWorker-333| 2026-06-21 22:54:53,107,107 multiprocessing INFO child process calling self.run()
SpawnPoolWorker-344| 2026-06-21 22:54:53,139,139 multiprocessing INFO STARTING NEW RUN ==========
SpawnPoolWorker-344| 2026-06-21 22:54:53,139,139 multiprocessing INFO SEE LOG AT : ./logs/all_Lyapunov_test_dso-fn_d_all_o_01_log.txt
SpawnPoolWorker-344| 2026-06-21 22:54:53,139,139 multiprocessing INFO See log at : ./logs/all_Lyapunov_test_dso-fn_d_all_o_01_log.txt
SpawnPoolWorker-344| 2026-06-21 22:54:53,142,142 multiprocessing INFO child process calling self.run()
SpawnPoolWorker-364| 2026-06-21 22:54:53,167,167 multiprocessing INFO process shutting down
SpawnPoolWorker-364| 2026-06-21 22:54:53,167,167 multiprocessing INFO process exiting with exitcode 0
SpawnPoolWorker-354| 2026-06-21 22:54:53,168,168 multiprocessing INFO process shutting down
SpawnPoolWorker-358| 2026-06-21 22:54:53,168,168 multiprocessing INFO process shutting down
SpawnPoolWorker-365| 2026-06-21 22:54:53,168,168 multiprocessing INFO process shutting down
SpawnPoolWorker-327| 2026-06-21 22:54:53,168,168 multiprocessing INFO process shutting down
SpawnPoolWorker-307| 2026-06-21 22:54:53,169,169 multiprocessing INFO process shutting down
SpawnPoolWorker-326| 2026-06-21 22:54:53,169,169 multiprocessing INFO process shutting down
SpawnPoolWorker-370| 2026-06-21 22:54:53,169,169 multiprocessing INFO process shutting down
SpawnPoolWorker-312| 2026-06-21 22:54:53,170,170 multiprocessing INFO process shutting down
SpawnPoolWorker-323| 2026-06-21 22:54:53,170,170 multiprocessing INFO process shutting down
SpawnPoolWorker-357| 2026-06-21 22:54:53,170,170 multiprocessing INFO process shutting down
SpawnPoolWorker-334| 2026-06-21 22:54:53,170,170 multiprocessing INFO process shutting down
SpawnPoolWorker-310| 2026-06-21 22:54:53,170,170 multiprocessing INFO process shutting down
SpawnPoolWorker-320| 2026-06-21 22:54:53,171,171 multiprocessing INFO process shutting down
SpawnPoolWorker-329| 2026-06-21 22:54:53,171,171 multiprocessing INFO process shutting down
SpawnPoolWorker-337| 2026-06-21 22:54:53,171,171 multiprocessing INFO process shutting down
SpawnPoolWorker-309| 2026-06-21 22:54:53,172,172 multiprocessing INFO process shutting down
SpawnPoolWorker-328| 2026-06-21 22:54:53,172,172 multiprocessing INFO process shutting down
SpawnPoolWorker-340| 2026-06-21 22:54:53,172,172 multiprocessing INFO process shutting down
SpawnPoolWorker-362| 2026-06-21 22:54:53,172,172 multiprocessing INFO process shutting down
SpawnPoolWorker-311| 2026-06-21 22:54:53,173,173 multiprocessing INFO process shutting down
SpawnPoolWorker-350| 2026-06-21 22:54:53,173,173 multiprocessing INFO process shutting down
SpawnPoolWorker-360| 2026-06-21 22:54:53,173,173 multiprocessing INFO process shutting down
SpawnPoolWorker-308| 2026-06-21 22:54:53,174,174 multiprocessing INFO process shutting down
SpawnPoolWorker-324| 2026-06-21 22:54:53,174,174 multiprocessing INFO process shutting down
SpawnPoolWorker-333| 2026-06-21 22:54:53,174,174 multiprocessing INFO process shutting down
SpawnPoolWorker-344| 2026-06-21 22:54:53,174,174 multiprocessing INFO process shutting down
SpawnPoolWorker-333| 2026-06-21 22:54:53,174,174 multiprocessing INFO process exiting with exitcode 0
SpawnPoolWorker-344| 2026-06-21 22:54:53,174,174 multiprocessing INFO process exiting with exitcode 0
SpawnPoolWorker-354| 2026-06-21 22:54:53,174,174 multiprocessing INFO process exiting with exitcode 0
SpawnPoolWorker-363| 2026-06-21 22:54:53,175,175 multiprocessing INFO process shutting down
SpawnPoolWorker-365| 2026-06-21 22:54:53,185,185 multiprocessing INFO process exiting with exitcode 0
28
(100000, 4)
(100000,)
(100000, 4)
(100000,)

=======================Successfully Added (25752, 4) Counter Examples=======================


============None of the candidates fulfill the conditions. Training CONTINUES!=================

MainProcess| 2026-06-21 22:54:54,820,820 multiprocessing INFO 
============None of the candidates fulfill the conditions. Training CONTINUES!=================


============None of the candidates fulfill the conditions. Training CONTINUES!=================

(55, 128)
/users/9/chen8596/miniconda3/envs/alfd/lib/python3.9/site-packages/torch/nn/functional.py:4999: UserWarning: Support for mismatched key_padding_mask and attn_mask is deprecated. Use same type for both instead.
  warnings.warn(

==============Start Supervised Learning==============

MainProcess| 2026-06-21 22:54:57,132,132 multiprocessing INFO GP output mean: 0.9999006677472323
GP output mean: 0.9999006677472323
MainProcess| 2026-06-21 22:54:57,471,471 multiprocessing INFO GP output success rate: 0.0
GP output success rate: 0.0

==============End Supervised Learning==============

/users/9/chen8596/LyaDis/repro/runs/power4d/utils/train.py:971: RuntimeWarning: divide by zero encountered in divide
  error = np.abs(((y_hat - y) / y))
/users/9/chen8596/.local/lib/python3.9/site-packages/scipy/stats/_stats_py.py:4424: ConstantInputWarning: An input array is constant; the correlation coefficient is not defined.
  warnings.warn(stats.ConstantInputWarning(msg))
MainProcess| 2026-06-21 22:54:59,092,92 multiprocessing INFO [Test epoch=0005]  nevals=68988 	| train_loss=4955.34082 	| eqs_invalid %=0.36 	| r_best=0.98920 	| quantile=0.85458 	| r_quantile_mean=0.97040 	| r_raw_sum=100.04640 	|  r_raw_mean=0.55274 	| r2=nan 	| acc_iid=0.00000 	| acc_ood=0.00000 	| nmse_test=1.2680867181082592e-05 	| true_equation_set_count=0 	| s/it=161.82404
[Test epoch=0005]  nevals=68988 	| train_loss=4955.34082 	| eqs_invalid %=0.36 	| r_best=0.98920 	| quantile=0.85458 	| r_quantile_mean=0.97040 	| r_raw_sum=100.04640 	|  r_raw_mean=0.55274 	| r2=nan 	| acc_iid=0.00000 	| acc_ood=0.00000 	| nmse_test=1.2680867181082592e-05 	| true_equation_set_count=0 	| s/it=161.82404
MainProcess| 2026-06-21 22:54:59,092,92 multiprocessing INFO [00:00:13:33.19] Training epoch 5/4000, current best R: 0.9892
[00:00:13:33.19] Training epoch 5/4000, current best R: 0.9892
MainProcess| 2026-06-21 22:54:59,092,92 multiprocessing INFO 
	** New best

	** New best
MainProcess| 2026-06-21 22:54:59,092,92 multiprocessing INFO 	Reward: 0.9891995770798196
	Reward: 0.9891995770798196
MainProcess| 2026-06-21 22:54:59,092,92 multiprocessing INFO 	Count Off-policy: 1
	Count Off-policy: 1
MainProcess| 2026-06-21 22:54:59,092,92 multiprocessing INFO 	Count On-policy: 0
	Count On-policy: 0
MainProcess| 2026-06-21 22:54:59,092,92 multiprocessing INFO 	Originally on Policy: False
	Originally on Policy: False
MainProcess| 2026-06-21 22:54:59,092,92 multiprocessing INFO 	Invalid: False
	Invalid: False
MainProcess| 2026-06-21 22:54:59,092,92 multiprocessing INFO 	Traversal: add,n2,x4,add,add,mul,x3,x3,n2,x2,n2,add,x3,x1
	Traversal: add,n2,x4,add,add,mul,x3,x3,n2,x2,n2,add,x3,x1
MainProcess| 2026-06-21 22:54:59,093,93 multiprocessing INFO 	Expression:
	Expression:
MainProcess| 2026-06-21 22:54:59,094,94 multiprocessing INFO 
	    2     2     2            2
	  x₂  + x₃  + x₄  + (x₁ + x₃) 


	    2     2     2            2
	  x₂  + x₃  + x₄  + (x₁ + x₃) 

MainProcess| 2026-06-21 22:54:59,094,94 multiprocessing INFO [00:00:13:33.19] Training epoch 5/4000, current best R: 0.9892
[00:00:13:33.19] Training epoch 5/4000, current best R: 0.9892
MainProcess| 2026-06-21 22:55:59,975,975 multiprocessing INFO Genetic Porgramming Runtime 60.40440577699337
Genetic Porgramming Runtime 60.40440577699337

=========================PGD Collection Starts=========================

SpawnPoolWorker-376| 2026-06-21 22:56:07,383,383 multiprocessing INFO STARTING NEW RUN ==========
SpawnPoolWorker-376| 2026-06-21 22:56:07,383,383 multiprocessing INFO SEE LOG AT : ./logs/all_Lyapunov_test_dso-fn_d_all_o_01_log.txt
SpawnPoolWorker-376| 2026-06-21 22:56:07,385,385 multiprocessing INFO See log at : ./logs/all_Lyapunov_test_dso-fn_d_all_o_01_log.txt
SpawnPoolWorker-372| 2026-06-21 22:56:07,385,385 multiprocessing INFO STARTING NEW RUN ==========
SpawnPoolWorker-372| 2026-06-21 22:56:07,385,385 multiprocessing INFO SEE LOG AT : ./logs/all_Lyapunov_test_dso-fn_d_all_o_01_log.txt
SpawnPoolWorker-380| 2026-06-21 22:56:07,385,385 multiprocessing INFO STARTING NEW RUN ==========
SpawnPoolWorker-372| 2026-06-21 22:56:07,385,385 multiprocessing INFO See log at : ./logs/all_Lyapunov_test_dso-fn_d_all_o_01_log.txt
SpawnPoolWorker-380| 2026-06-21 22:56:07,385,385 multiprocessing INFO SEE LOG AT : ./logs/all_Lyapunov_test_dso-fn_d_all_o_01_log.txt
SpawnPoolWorker-380| 2026-06-21 22:56:07,386,386 multiprocessing INFO See log at : ./logs/all_Lyapunov_test_dso-fn_d_all_o_01_log.txt
SpawnPoolWorker-377| 2026-06-21 22:56:07,386,386 multiprocessing INFO STARTING NEW RUN ==========
SpawnPoolWorker-377| 2026-06-21 22:56:07,386,386 multiprocessing INFO SEE LOG AT : ./logs/all_Lyapunov_test_dso-fn_d_all_o_01_log.txt
SpawnPoolWorker-376| 2026-06-21 22:56:07,389,389 multiprocessing INFO child process calling self.run()
SpawnPoolWorker-380| 2026-06-21 22:56:07,389,389 multiprocessing INFO child process calling self.run()
SpawnPoolWorker-372| 2026-06-21 22:56:07,389,389 multiprocessing INFO child process calling self.run()
SpawnPoolWorker-377| 2026-06-21 22:56:07,390,390 multiprocessing INFO See log at : ./logs/all_Lyapunov_test_dso-fn_d_all_o_01_log.txt
SpawnPoolWorker-371| 2026-06-21 22:56:07,390,390 multiprocessing INFO STARTING NEW RUN ==========
SpawnPoolWorker-373| 2026-06-21 22:56:07,390,390 multiprocessing INFO STARTING NEW RUN ==========
SpawnPoolWorker-371| 2026-06-21 22:56:07,390,390 multiprocessing INFO SEE LOG AT : ./logs/all_Lyapunov_test_dso-fn_d_all_o_01_log.txt
SpawnPoolWorker-373| 2026-06-21 22:56:07,390,390 multiprocessing INFO SEE LOG AT : ./logs/all_Lyapunov_test_dso-fn_d_all_o_01_log.txt
SpawnPoolWorker-371| 2026-06-21 22:56:07,390,390 multiprocessing INFO See log at : ./logs/all_Lyapunov_test_dso-fn_d_all_o_01_log.txt
SpawnPoolWorker-375| 2026-06-21 22:56:07,390,390 multiprocessing INFO STARTING NEW RUN ==========
SpawnPoolWorker-379| 2026-06-21 22:56:07,390,390 multiprocessing INFO STARTING NEW RUN ==========
SpawnPoolWorker-373| 2026-06-21 22:56:07,390,390 multiprocessing INFO See log at : ./logs/all_Lyapunov_test_dso-fn_d_all_o_01_log.txt
SpawnPoolWorker-378| 2026-06-21 22:56:07,390,390 multiprocessing INFO STARTING NEW RUN ==========
SpawnPoolWorker-375| 2026-06-21 22:56:07,390,390 multiprocessing INFO SEE LOG AT : ./logs/all_Lyapunov_test_dso-fn_d_all_o_01_log.txt
SpawnPoolWorker-379| 2026-06-21 22:56:07,390,390 multiprocessing INFO SEE LOG AT : ./logs/all_Lyapunov_test_dso-fn_d_all_o_01_log.txt
SpawnPoolWorker-378| 2026-06-21 22:56:07,390,390 multiprocessing INFO SEE LOG AT : ./logs/all_Lyapunov_test_dso-fn_d_all_o_01_log.txt
SpawnPoolWorker-375| 2026-06-21 22:56:07,390,390 multiprocessing INFO See log at : ./logs/all_Lyapunov_test_dso-fn_d_all_o_01_log.txt
SpawnPoolWorker-379| 2026-06-21 22:56:07,390,390 multiprocessing INFO See log at : ./logs/all_Lyapunov_test_dso-fn_d_all_o_01_log.txt
SpawnPoolWorker-378| 2026-06-21 22:56:07,390,390 multiprocessing INFO See log at : ./logs/all_Lyapunov_test_dso-fn_d_all_o_01_log.txt
SpawnPoolWorker-377| 2026-06-21 22:56:07,392,392 multiprocessing INFO child process calling self.run()
SpawnPoolWorker-371| 2026-06-21 22:56:07,393,393 multiprocessing INFO child process calling self.run()
SpawnPoolWorker-378| 2026-06-21 22:56:07,393,393 multiprocessing INFO child process calling self.run()
SpawnPoolWorker-379| 2026-06-21 22:56:07,393,393 multiprocessing INFO child process calling self.run()
SpawnPoolWorker-375| 2026-06-21 22:56:07,393,393 multiprocessing INFO child process calling self.run()
SpawnPoolWorker-373| 2026-06-21 22:56:07,393,393 multiprocessing INFO child process calling self.run()
SpawnPoolWorker-374| 2026-06-21 22:56:07,393,393 multiprocessing INFO STARTING NEW RUN ==========
SpawnPoolWorker-374| 2026-06-21 22:56:07,393,393 multiprocessing INFO SEE LOG AT : ./logs/all_Lyapunov_test_dso-fn_d_all_o_01_log.txt
SpawnPoolWorker-374| 2026-06-21 22:56:07,393,393 multiprocessing INFO See log at : ./logs/all_Lyapunov_test_dso-fn_d_all_o_01_log.txt
SpawnPoolWorker-374| 2026-06-21 22:56:07,395,395 multiprocessing INFO child process calling self.run()
SpawnPoolWorker-375| 2026-06-21 22:56:59,554,554 multiprocessing INFO process shutting down
SpawnPoolWorker-378| 2026-06-21 22:56:59,554,554 multiprocessing INFO process shutting down
SpawnPoolWorker-375| 2026-06-21 22:56:59,554,554 multiprocessing INFO process exiting with exitcode 0
SpawnPoolWorker-371| 2026-06-21 22:56:59,554,554 multiprocessing INFO process shutting down
SpawnPoolWorker-377| 2026-06-21 22:56:59,554,554 multiprocessing INFO process shutting down
SpawnPoolWorker-380| 2026-06-21 22:56:59,554,554 multiprocessing INFO process shutting down
SpawnPoolWorker-376| 2026-06-21 22:56:59,554,554 multiprocessing INFO process shutting down
SpawnPoolWorker-378| 2026-06-21 22:56:59,554,554 multiprocessing INFO process exiting with exitcode 0
SpawnPoolWorker-372| 2026-06-21 22:56:59,554,554 multiprocessing INFO process shutting down
SpawnPoolWorker-371| 2026-06-21 22:56:59,554,554 multiprocessing INFO process exiting with exitcode 0
SpawnPoolWorker-377| 2026-06-21 22:56:59,554,554 multiprocessing INFO process exiting with exitcode 0
SpawnPoolWorker-376| 2026-06-21 22:56:59,554,554 multiprocessing INFO process exiting with exitcode 0
SpawnPoolWorker-380| 2026-06-21 22:56:59,554,554 multiprocessing INFO process exiting with exitcode 0
SpawnPoolWorker-372| 2026-06-21 22:56:59,555,555 multiprocessing INFO process exiting with exitcode 0
(20000,)

===================Collect 20000 Examples===================

Epsilon 0.1
500
(550,)
(550,)
(55,)
Number of Programs for Minimization: 28
SpawnPoolWorker-382| 2026-06-21 22:57:31,016,16 multiprocessing INFO STARTING NEW RUN ==========
SpawnPoolWorker-382| 2026-06-21 22:57:31,016,16 multiprocessing INFO SEE LOG AT : ./logs/all_Lyapunov_test_dso-fn_d_all_o_01_log.txt
SpawnPoolWorker-382| 2026-06-21 22:57:31,016,16 multiprocessing INFO See log at : ./logs/all_Lyapunov_test_dso-fn_d_all_o_01_log.txt
SpawnPoolWorker-382| 2026-06-21 22:57:31,021,21 multiprocessing INFO child process calling self.run()
SpawnPoolWorker-388| 2026-06-21 22:57:31,362,362 multiprocessing INFO STARTING NEW RUN ==========
SpawnPoolWorker-388| 2026-06-21 22:57:31,363,363 multiprocessing INFO SEE LOG AT : ./logs/all_Lyapunov_test_dso-fn_d_all_o_01_log.txt
SpawnPoolWorker-388| 2026-06-21 22:57:31,363,363 multiprocessing INFO See log at : ./logs/all_Lyapunov_test_dso-fn_d_all_o_01_log.txt
SpawnPoolWorker-388| 2026-06-21 22:57:31,366,366 multiprocessing INFO child process calling self.run()
SpawnPoolWorker-405| 2026-06-21 22:57:31,676,676 multiprocessing INFO STARTING NEW RUN ==========
SpawnPoolWorker-405| 2026-06-21 22:57:31,677,677 multiprocessing INFO SEE LOG AT : ./logs/all_Lyapunov_test_dso-fn_d_all_o_01_log.txt
SpawnPoolWorker-405| 2026-06-21 22:57:31,677,677 multiprocessing INFO See log at : ./logs/all_Lyapunov_test_dso-fn_d_all_o_01_log.txt
SpawnPoolWorker-405| 2026-06-21 22:57:31,681,681 multiprocessing INFO child process calling self.run()
SpawnPoolWorker-396| 2026-06-21 22:57:31,809,809 multiprocessing INFO STARTING NEW RUN ==========
SpawnPoolWorker-396| 2026-06-21 22:57:31,809,809 multiprocessing INFO SEE LOG AT : ./logs/all_Lyapunov_test_dso-fn_d_all_o_01_log.txt
SpawnPoolWorker-396| 2026-06-21 22:57:31,809,809 multiprocessing INFO See log at : ./logs/all_Lyapunov_test_dso-fn_d_all_o_01_log.txt
SpawnPoolWorker-396| 2026-06-21 22:57:31,811,811 multiprocessing INFO child process calling self.run()
SpawnPoolWorker-401| 2026-06-21 22:57:31,812,812 multiprocessing INFO STARTING NEW RUN ==========
SpawnPoolWorker-401| 2026-06-21 22:57:31,816,816 multiprocessing INFO SEE LOG AT : ./logs/all_Lyapunov_test_dso-fn_d_all_o_01_log.txt
SpawnPoolWorker-401| 2026-06-21 22:57:31,816,816 multiprocessing INFO See log at : ./logs/all_Lyapunov_test_dso-fn_d_all_o_01_log.txt
SpawnPoolWorker-401| 2026-06-21 22:57:31,820,820 multiprocessing INFO child process calling self.run()
SpawnPoolWorker-381| 2026-06-21 22:57:32,664,664 multiprocessing INFO STARTING NEW RUN ==========
SpawnPoolWorker-381| 2026-06-21 22:57:32,665,665 multiprocessing INFO SEE LOG AT : ./logs/all_Lyapunov_test_dso-fn_d_all_o_01_log.txt
SpawnPoolWorker-381| 2026-06-21 22:57:32,665,665 multiprocessing INFO See log at : ./logs/all_Lyapunov_test_dso-fn_d_all_o_01_log.txt
SpawnPoolWorker-381| 2026-06-21 22:57:32,673,673 multiprocessing INFO child process calling self.run()
SpawnPoolWorker-394| 2026-06-21 22:57:33,172,172 multiprocessing INFO STARTING NEW RUN ==========
SpawnPoolWorker-394| 2026-06-21 22:57:33,172,172 multiprocessing INFO SEE LOG AT : ./logs/all_Lyapunov_test_dso-fn_d_all_o_01_log.txt
SpawnPoolWorker-394| 2026-06-21 22:57:33,172,172 multiprocessing INFO See log at : ./logs/all_Lyapunov_test_dso-fn_d_all_o_01_log.txt
SpawnPoolWorker-394| 2026-06-21 22:57:33,174,174 multiprocessing INFO child process calling self.run()
SpawnPoolWorker-391| 2026-06-21 22:57:33,300,300 multiprocessing INFO STARTING NEW RUN ==========
SpawnPoolWorker-391| 2026-06-21 22:57:33,301,301 multiprocessing INFO SEE LOG AT : ./logs/all_Lyapunov_test_dso-fn_d_all_o_01_log.txt
SpawnPoolWorker-391| 2026-06-21 22:57:33,301,301 multiprocessing INFO See log at : ./logs/all_Lyapunov_test_dso-fn_d_all_o_01_log.txt
SpawnPoolWorker-391| 2026-06-21 22:57:33,320,320 multiprocessing INFO child process calling self.run()
SpawnPoolWorker-393| 2026-06-21 22:57:33,419,419 multiprocessing INFO STARTING NEW RUN ==========
SpawnPoolWorker-393| 2026-06-21 22:57:33,419,419 multiprocessing INFO SEE LOG AT : ./logs/all_Lyapunov_test_dso-fn_d_all_o_01_log.txt
SpawnPoolWorker-393| 2026-06-21 22:57:33,419,419 multiprocessing INFO See log at : ./logs/all_Lyapunov_test_dso-fn_d_all_o_01_log.txt
SpawnPoolWorker-389| 2026-06-21 22:57:33,420,420 multiprocessing INFO STARTING NEW RUN ==========
SpawnPoolWorker-389| 2026-06-21 22:57:33,420,420 multiprocessing INFO SEE LOG AT : ./logs/all_Lyapunov_test_dso-fn_d_all_o_01_log.txt
SpawnPoolWorker-389| 2026-06-21 22:57:33,420,420 multiprocessing INFO See log at : ./logs/all_Lyapunov_test_dso-fn_d_all_o_01_log.txt
SpawnPoolWorker-393| 2026-06-21 22:57:33,423,423 multiprocessing INFO child process calling self.run()
SpawnPoolWorker-389| 2026-06-21 22:57:33,428,428 multiprocessing INFO child process calling self.run()
SpawnPoolWorker-413| 2026-06-21 22:57:33,907,907 multiprocessing INFO STARTING NEW RUN ==========
SpawnPoolWorker-413| 2026-06-21 22:57:33,907,907 multiprocessing INFO SEE LOG AT : ./logs/all_Lyapunov_test_dso-fn_d_all_o_01_log.txt
SpawnPoolWorker-413| 2026-06-21 22:57:33,907,907 multiprocessing INFO See log at : ./logs/all_Lyapunov_test_dso-fn_d_all_o_01_log.txt
SpawnPoolWorker-413| 2026-06-21 22:57:33,924,924 multiprocessing INFO child process calling self.run()
SpawnPoolWorker-409| 2026-06-21 22:57:34,091,91 multiprocessing INFO STARTING NEW RUN ==========
SpawnPoolWorker-409| 2026-06-21 22:57:34,092,92 multiprocessing INFO SEE LOG AT : ./logs/all_Lyapunov_test_dso-fn_d_all_o_01_log.txt
SpawnPoolWorker-409| 2026-06-21 22:57:34,092,92 multiprocessing INFO See log at : ./logs/all_Lyapunov_test_dso-fn_d_all_o_01_log.txt
SpawnPoolWorker-409| 2026-06-21 22:57:34,108,108 multiprocessing INFO child process calling self.run()
SpawnPoolWorker-392| 2026-06-21 22:57:34,272,272 multiprocessing INFO STARTING NEW RUN ==========
SpawnPoolWorker-392| 2026-06-21 22:57:34,272,272 multiprocessing INFO SEE LOG AT : ./logs/all_Lyapunov_test_dso-fn_d_all_o_01_log.txt
SpawnPoolWorker-392| 2026-06-21 22:57:34,272,272 multiprocessing INFO See log at : ./logs/all_Lyapunov_test_dso-fn_d_all_o_01_log.txt
SpawnPoolWorker-397| 2026-06-21 22:57:34,300,300 multiprocessing INFO STARTING NEW RUN ==========
SpawnPoolWorker-397| 2026-06-21 22:57:34,301,301 multiprocessing INFO SEE LOG AT : ./logs/all_Lyapunov_test_dso-fn_d_all_o_01_log.txt
SpawnPoolWorker-397| 2026-06-21 22:57:34,301,301 multiprocessing INFO See log at : ./logs/all_Lyapunov_test_dso-fn_d_all_o_01_log.txt
SpawnPoolWorker-392| 2026-06-21 22:57:34,303,303 multiprocessing INFO child process calling self.run()
SpawnPoolWorker-397| 2026-06-21 22:57:34,306,306 multiprocessing INFO child process calling self.run()
SpawnPoolWorker-387| 2026-06-21 22:57:34,885,885 multiprocessing INFO STARTING NEW RUN ==========
SpawnPoolWorker-387| 2026-06-21 22:57:34,885,885 multiprocessing INFO SEE LOG AT : ./logs/all_Lyapunov_test_dso-fn_d_all_o_01_log.txt
SpawnPoolWorker-387| 2026-06-21 22:57:34,885,885 multiprocessing INFO See log at : ./logs/all_Lyapunov_test_dso-fn_d_all_o_01_log.txt
SpawnPoolWorker-387| 2026-06-21 22:57:34,890,890 multiprocessing INFO child process calling self.run()
SpawnPoolWorker-403| 2026-06-21 22:57:35,137,137 multiprocessing INFO STARTING NEW RUN ==========
SpawnPoolWorker-403| 2026-06-21 22:57:35,138,138 multiprocessing INFO SEE LOG AT : ./logs/all_Lyapunov_test_dso-fn_d_all_o_01_log.txt
SpawnPoolWorker-403| 2026-06-21 22:57:35,138,138 multiprocessing INFO See log at : ./logs/all_Lyapunov_test_dso-fn_d_all_o_01_log.txt
SpawnPoolWorker-403| 2026-06-21 22:57:35,141,141 multiprocessing INFO child process calling self.run()
SpawnPoolWorker-421| 2026-06-21 22:57:35,210,210 multiprocessing INFO STARTING NEW RUN ==========
SpawnPoolWorker-421| 2026-06-21 22:57:35,210,210 multiprocessing INFO SEE LOG AT : ./logs/all_Lyapunov_test_dso-fn_d_all_o_01_log.txt
SpawnPoolWorker-421| 2026-06-21 22:57:35,210,210 multiprocessing INFO See log at : ./logs/all_Lyapunov_test_dso-fn_d_all_o_01_log.txt
SpawnPoolWorker-421| 2026-06-21 22:57:35,214,214 multiprocessing INFO child process calling self.run()
SpawnPoolWorker-433| 2026-06-21 22:57:35,234,234 multiprocessing INFO STARTING NEW RUN ==========
SpawnPoolWorker-433| 2026-06-21 22:57:35,234,234 multiprocessing INFO SEE LOG AT : ./logs/all_Lyapunov_test_dso-fn_d_all_o_01_log.txt
SpawnPoolWorker-433| 2026-06-21 22:57:35,234,234 multiprocessing INFO See log at : ./logs/all_Lyapunov_test_dso-fn_d_all_o_01_log.txt
SpawnPoolWorker-433| 2026-06-21 22:57:35,237,237 multiprocessing INFO child process calling self.run()
SpawnPoolWorker-390| 2026-06-21 22:57:35,330,330 multiprocessing INFO STARTING NEW RUN ==========
SpawnPoolWorker-390| 2026-06-21 22:57:35,331,331 multiprocessing INFO SEE LOG AT : ./logs/all_Lyapunov_test_dso-fn_d_all_o_01_log.txt
SpawnPoolWorker-390| 2026-06-21 22:57:35,331,331 multiprocessing INFO See log at : ./logs/all_Lyapunov_test_dso-fn_d_all_o_01_log.txt
SpawnPoolWorker-390| 2026-06-21 22:57:35,348,348 multiprocessing INFO child process calling self.run()
SpawnPoolWorker-412| 2026-06-21 22:57:35,427,427 multiprocessing INFO STARTING NEW RUN ==========
SpawnPoolWorker-412| 2026-06-21 22:57:35,427,427 multiprocessing INFO SEE LOG AT : ./logs/all_Lyapunov_test_dso-fn_d_all_o_01_log.txt
SpawnPoolWorker-412| 2026-06-21 22:57:35,427,427 multiprocessing INFO See log at : ./logs/all_Lyapunov_test_dso-fn_d_all_o_01_log.txt
SpawnPoolWorker-412| 2026-06-21 22:57:35,430,430 multiprocessing INFO child process calling self.run()
SpawnPoolWorker-384| 2026-06-21 22:57:35,442,442 multiprocessing INFO STARTING NEW RUN ==========
SpawnPoolWorker-384| 2026-06-21 22:57:35,442,442 multiprocessing INFO SEE LOG AT : ./logs/all_Lyapunov_test_dso-fn_d_all_o_01_log.txt
SpawnPoolWorker-384| 2026-06-21 22:57:35,442,442 multiprocessing INFO See log at : ./logs/all_Lyapunov_test_dso-fn_d_all_o_01_log.txt
SpawnPoolWorker-384| 2026-06-21 22:57:35,445,445 multiprocessing INFO child process calling self.run()
SpawnPoolWorker-416| 2026-06-21 22:57:35,464,464 multiprocessing INFO STARTING NEW RUN ==========
SpawnPoolWorker-416| 2026-06-21 22:57:35,465,465 multiprocessing INFO SEE LOG AT : ./logs/all_Lyapunov_test_dso-fn_d_all_o_01_log.txt
SpawnPoolWorker-416| 2026-06-21 22:57:35,465,465 multiprocessing INFO See log at : ./logs/all_Lyapunov_test_dso-fn_d_all_o_01_log.txt
SpawnPoolWorker-416| 2026-06-21 22:57:35,471,471 multiprocessing INFO child process calling self.run()
SpawnPoolWorker-409| 2026-06-21 22:57:35,598,598 multiprocessing INFO process shutting down
SpawnPoolWorker-409| 2026-06-21 22:57:35,599,599 multiprocessing INFO process exiting with exitcode 0
SpawnPoolWorker-381| 2026-06-21 22:57:35,599,599 multiprocessing INFO process shutting down
SpawnPoolWorker-392| 2026-06-21 22:57:35,599,599 multiprocessing INFO process shutting down
SpawnPoolWorker-397| 2026-06-21 22:57:35,600,600 multiprocessing INFO process shutting down
SpawnPoolWorker-389| 2026-06-21 22:57:35,600,600 multiprocessing INFO process shutting down
SpawnPoolWorker-388| 2026-06-21 22:57:35,600,600 multiprocessing INFO process shutting down
SpawnPoolWorker-401| 2026-06-21 22:57:35,601,601 multiprocessing INFO process shutting down
SpawnPoolWorker-396| 2026-06-21 22:57:35,601,601 multiprocessing INFO process shutting down
SpawnPoolWorker-393| 2026-06-21 22:57:35,601,601 multiprocessing INFO process shutting down
SpawnPoolWorker-391| 2026-06-21 22:57:35,602,602 multiprocessing INFO process shutting down
SpawnPoolWorker-387| 2026-06-21 22:57:35,602,602 multiprocessing INFO process shutting down
SpawnPoolWorker-382| 2026-06-21 22:57:35,603,603 multiprocessing INFO process shutting down
SpawnPoolWorker-403| 2026-06-21 22:57:35,603,603 multiprocessing INFO process shutting down
SpawnPoolWorker-421| 2026-06-21 22:57:35,603,603 multiprocessing INFO process shutting down
SpawnPoolWorker-433| 2026-06-21 22:57:35,603,603 multiprocessing INFO process shutting down
SpawnPoolWorker-394| 2026-06-21 22:57:35,604,604 multiprocessing INFO process shutting down
SpawnPoolWorker-390| 2026-06-21 22:57:35,604,604 multiprocessing INFO process shutting down
SpawnPoolWorker-412| 2026-06-21 22:57:35,604,604 multiprocessing INFO process shutting down
SpawnPoolWorker-384| 2026-06-21 22:57:35,605,605 multiprocessing INFO process shutting down
SpawnPoolWorker-416| 2026-06-21 22:57:35,605,605 multiprocessing INFO process shutting down
SpawnPoolWorker-405| 2026-06-21 22:57:35,605,605 multiprocessing INFO process shutting down
28
(100000, 4)
(100000,)
(100000, 4)
(100000,)

=======================Successfully Added (20943, 4) Counter Examples=======================


============None of the candidates fulfill the conditions. Training CONTINUES!=================

MainProcess| 2026-06-21 22:57:37,461,461 multiprocessing INFO 
============None of the candidates fulfill the conditions. Training CONTINUES!=================


============None of the candidates fulfill the conditions. Training CONTINUES!=================

(55, 128)
/users/9/chen8596/miniconda3/envs/alfd/lib/python3.9/site-packages/torch/nn/functional.py:4999: UserWarning: Support for mismatched key_padding_mask and attn_mask is deprecated. Use same type for both instead.
  warnings.warn(

==============Start Supervised Learning==============

MainProcess| 2026-06-21 22:57:40,176,176 multiprocessing INFO GP output mean: 0.9999007595553052
GP output mean: 0.9999007595553052
MainProcess| 2026-06-21 22:57:40,500,500 multiprocessing INFO GP output success rate: 0.0
GP output success rate: 0.0

==============End Supervised Learning==============

/users/9/chen8596/LyaDis/repro/runs/power4d/utils/train.py:971: RuntimeWarning: divide by zero encountered in divide
  error = np.abs(((y_hat - y) / y))
/users/9/chen8596/.local/lib/python3.9/site-packages/scipy/stats/_stats_py.py:4424: ConstantInputWarning: An input array is constant; the correlation coefficient is not defined.
  warnings.warn(stats.ConstantInputWarning(msg))
MainProcess| 2026-06-21 22:57:42,067,67 multiprocessing INFO [Test epoch=0006]  nevals=82843 	| train_loss=4355.01221 	| eqs_invalid %=0.00 	| r_best=0.98973 	| quantile=0.84302 	| r_quantile_mean=0.96694 	| r_raw_sum=122.53639 	|  r_raw_mean=0.53046 	| r2=nan 	| acc_iid=0.00000 	| acc_ood=0.00000 	| nmse_test=3.532310905320651e-05 	| true_equation_set_count=0 	| s/it=162.97286
[Test epoch=0006]  nevals=82843 	| train_loss=4355.01221 	| eqs_invalid %=0.00 	| r_best=0.98973 	| quantile=0.84302 	| r_quantile_mean=0.96694 	| r_raw_sum=122.53639 	|  r_raw_mean=0.53046 	| r2=nan 	| acc_iid=0.00000 	| acc_ood=0.00000 	| nmse_test=3.532310905320651e-05 	| true_equation_set_count=0 	| s/it=162.97286
MainProcess| 2026-06-21 22:57:42,068,68 multiprocessing INFO [00:00:16:16.16] Training epoch 6/4000, current best R: 0.9897
[00:00:16:16.16] Training epoch 6/4000, current best R: 0.9897
MainProcess| 2026-06-21 22:57:42,068,68 multiprocessing INFO 
	** New best

	** New best
MainProcess| 2026-06-21 22:57:42,068,68 multiprocessing INFO 	Reward: 0.9897321531054639
	Reward: 0.9897321531054639
MainProcess| 2026-06-21 22:57:42,068,68 multiprocessing INFO 	Count Off-policy: 1
	Count Off-policy: 1
MainProcess| 2026-06-21 22:57:42,068,68 multiprocessing INFO 	Count On-policy: 0
	Count On-policy: 0
MainProcess| 2026-06-21 22:57:42,068,68 multiprocessing INFO 	Originally on Policy: False
	Originally on Policy: False
MainProcess| 2026-06-21 22:57:42,068,68 multiprocessing INFO 	Invalid: False
	Invalid: False
MainProcess| 2026-06-21 22:57:42,068,68 multiprocessing INFO 	Traversal: add,add,n2,x4,n2,x3,add,n2,x1,n2,add,n2,x3,x2
	Traversal: add,add,n2,x4,n2,x3,add,n2,x1,n2,add,n2,x3,x2
MainProcess| 2026-06-21 22:57:42,068,68 multiprocessing INFO 	Expression:
	Expression:
MainProcess| 2026-06-21 22:57:42,070,70 multiprocessing INFO 
	                              2
	    2     2     2   ⎛       2⎞ 
	  x₁  + x₃  + x₄  + ⎝x₂ + x₃ ⎠ 


	                              2
	    2     2     2   ⎛       2⎞ 
	  x₁  + x₃  + x₄  + ⎝x₂ + x₃ ⎠ 

MainProcess| 2026-06-21 22:58:49,674,674 multiprocessing INFO Genetic Porgramming Runtime 67.12024381296942
Genetic Porgramming Runtime 67.12024381296942

=========================PGD Collection Starts=========================

SpawnPoolWorker-453| 2026-06-21 22:58:55,949,949 multiprocessing INFO STARTING NEW RUN ==========
SpawnPoolWorker-453| 2026-06-21 22:58:55,949,949 multiprocessing INFO SEE LOG AT : ./logs/all_Lyapunov_test_dso-fn_d_all_o_01_log.txt
SpawnPoolWorker-453| 2026-06-21 22:58:55,949,949 multiprocessing INFO See log at : ./logs/all_Lyapunov_test_dso-fn_d_all_o_01_log.txt
SpawnPoolWorker-453| 2026-06-21 22:58:55,952,952 multiprocessing INFO child process calling self.run()
SpawnPoolWorker-450| 2026-06-21 22:58:55,956,956 multiprocessing INFO STARTING NEW RUN ==========
SpawnPoolWorker-454| 2026-06-21 22:58:55,956,956 multiprocessing INFO STARTING NEW RUN ==========
SpawnPoolWorker-450| 2026-06-21 22:58:55,956,956 multiprocessing INFO SEE LOG AT : ./logs/all_Lyapunov_test_dso-fn_d_all_o_01_log.txt
SpawnPoolWorker-454| 2026-06-21 22:58:55,956,956 multiprocessing INFO SEE LOG AT : ./logs/all_Lyapunov_test_dso-fn_d_all_o_01_log.txt
SpawnPoolWorker-446| 2026-06-21 22:58:55,956,956 multiprocessing INFO STARTING NEW RUN ==========
SpawnPoolWorker-450| 2026-06-21 22:58:55,956,956 multiprocessing INFO See log at : ./logs/all_Lyapunov_test_dso-fn_d_all_o_01_log.txt
SpawnPoolWorker-454| 2026-06-21 22:58:55,956,956 multiprocessing INFO See log at : ./logs/all_Lyapunov_test_dso-fn_d_all_o_01_log.txt
SpawnPoolWorker-445| 2026-06-21 22:58:55,956,956 multiprocessing INFO STARTING NEW RUN ==========
SpawnPoolWorker-446| 2026-06-21 22:58:55,956,956 multiprocessing INFO SEE LOG AT : ./logs/all_Lyapunov_test_dso-fn_d_all_o_01_log.txt
SpawnPoolWorker-446| 2026-06-21 22:58:55,956,956 multiprocessing INFO See log at : ./logs/all_Lyapunov_test_dso-fn_d_all_o_01_log.txt
SpawnPoolWorker-445| 2026-06-21 22:58:55,956,956 multiprocessing INFO SEE LOG AT : ./logs/all_Lyapunov_test_dso-fn_d_all_o_01_log.txt
SpawnPoolWorker-445| 2026-06-21 22:58:55,956,956 multiprocessing INFO See log at : ./logs/all_Lyapunov_test_dso-fn_d_all_o_01_log.txt
SpawnPoolWorker-454| 2026-06-21 22:58:55,958,958 multiprocessing INFO child process calling self.run()
SpawnPoolWorker-450| 2026-06-21 22:58:55,958,958 multiprocessing INFO child process calling self.run()
SpawnPoolWorker-446| 2026-06-21 22:58:55,958,958 multiprocessing INFO child process calling self.run()
SpawnPoolWorker-445| 2026-06-21 22:58:55,958,958 multiprocessing INFO child process calling self.run()
SpawnPoolWorker-448| 2026-06-21 22:58:55,960,960 multiprocessing INFO STARTING NEW RUN ==========
SpawnPoolWorker-449| 2026-06-21 22:58:55,960,960 multiprocessing INFO STARTING NEW RUN ==========
SpawnPoolWorker-452| 2026-06-21 22:58:55,960,960 multiprocessing INFO STARTING NEW RUN ==========
SpawnPoolWorker-448| 2026-06-21 22:58:55,960,960 multiprocessing INFO SEE LOG AT : ./logs/all_Lyapunov_test_dso-fn_d_all_o_01_log.txt
SpawnPoolWorker-449| 2026-06-21 22:58:55,960,960 multiprocessing INFO SEE LOG AT : ./logs/all_Lyapunov_test_dso-fn_d_all_o_01_log.txt
SpawnPoolWorker-447| 2026-06-21 22:58:55,960,960 multiprocessing INFO STARTING NEW RUN ==========
SpawnPoolWorker-452| 2026-06-21 22:58:55,962,962 multiprocessing INFO SEE LOG AT : ./logs/all_Lyapunov_test_dso-fn_d_all_o_01_log.txt
SpawnPoolWorker-452| 2026-06-21 22:58:55,962,962 multiprocessing INFO See log at : ./logs/all_Lyapunov_test_dso-fn_d_all_o_01_log.txt
SpawnPoolWorker-451| 2026-06-21 22:58:55,962,962 multiprocessing INFO STARTING NEW RUN ==========
SpawnPoolWorker-451| 2026-06-21 22:58:55,962,962 multiprocessing INFO SEE LOG AT : ./logs/all_Lyapunov_test_dso-fn_d_all_o_01_log.txt
SpawnPoolWorker-451| 2026-06-21 22:58:55,962,962 multiprocessing INFO See log at : ./logs/all_Lyapunov_test_dso-fn_d_all_o_01_log.txt
SpawnPoolWorker-449| 2026-06-21 22:58:55,963,963 multiprocessing INFO See log at : ./logs/all_Lyapunov_test_dso-fn_d_all_o_01_log.txt
SpawnPoolWorker-448| 2026-06-21 22:58:55,963,963 multiprocessing INFO See log at : ./logs/all_Lyapunov_test_dso-fn_d_all_o_01_log.txt
SpawnPoolWorker-447| 2026-06-21 22:58:55,963,963 multiprocessing INFO SEE LOG AT : ./logs/all_Lyapunov_test_dso-fn_d_all_o_01_log.txt
SpawnPoolWorker-447| 2026-06-21 22:58:55,963,963 multiprocessing INFO See log at : ./logs/all_Lyapunov_test_dso-fn_d_all_o_01_log.txt
SpawnPoolWorker-451| 2026-06-21 22:58:55,964,964 multiprocessing INFO child process calling self.run()
SpawnPoolWorker-452| 2026-06-21 22:58:55,964,964 multiprocessing INFO child process calling self.run()
SpawnPoolWorker-448| 2026-06-21 22:58:55,964,964 multiprocessing INFO child process calling self.run()
SpawnPoolWorker-449| 2026-06-21 22:58:55,965,965 multiprocessing INFO child process calling self.run()
SpawnPoolWorker-447| 2026-06-21 22:58:55,966,966 multiprocessing INFO child process calling self.run()
SpawnPoolWorker-452| 2026-06-21 22:59:38,101,101 multiprocessing INFO process shutting down
SpawnPoolWorker-453| 2026-06-21 22:59:38,101,101 multiprocessing INFO process shutting down
SpawnPoolWorker-449| 2026-06-21 22:59:38,101,101 multiprocessing INFO process shutting down
SpawnPoolWorker-452| 2026-06-21 22:59:38,101,101 multiprocessing INFO process exiting with exitcode 0
SpawnPoolWorker-449| 2026-06-21 22:59:38,101,101 multiprocessing INFO process exiting with exitcode 0
SpawnPoolWorker-453| 2026-06-21 22:59:38,102,102 multiprocessing INFO process exiting with exitcode 0
SpawnPoolWorker-451| 2026-06-21 22:59:38,101,101 multiprocessing INFO process shutting down
SpawnPoolWorker-450| 2026-06-21 22:59:38,101,101 multiprocessing INFO process shutting down
SpawnPoolWorker-445| 2026-06-21 22:59:38,101,101 multiprocessing INFO process shutting down
SpawnPoolWorker-446| 2026-06-21 22:59:38,101,101 multiprocessing INFO process shutting down
(20000,)

===================Collect 20000 Examples===================

Epsilon 0.1
500
(550,)
(550,)
(55,)
Number of Programs for Minimization: 28
SpawnPoolWorker-497| 2026-06-21 23:00:07,393,393 multiprocessing INFO STARTING NEW RUN ==========
SpawnPoolWorker-497| 2026-06-21 23:00:07,393,393 multiprocessing INFO SEE LOG AT : ./logs/all_Lyapunov_test_dso-fn_d_all_o_01_log.txt
SpawnPoolWorker-497| 2026-06-21 23:00:07,393,393 multiprocessing INFO See log at : ./logs/all_Lyapunov_test_dso-fn_d_all_o_01_log.txt
SpawnPoolWorker-497| 2026-06-21 23:00:07,408,408 multiprocessing INFO child process calling self.run()
SpawnPoolWorker-457| 2026-06-21 23:00:07,681,681 multiprocessing INFO STARTING NEW RUN ==========
SpawnPoolWorker-457| 2026-06-21 23:00:07,681,681 multiprocessing INFO SEE LOG AT : ./logs/all_Lyapunov_test_dso-fn_d_all_o_01_log.txt
SpawnPoolWorker-457| 2026-06-21 23:00:07,681,681 multiprocessing INFO See log at : ./logs/all_Lyapunov_test_dso-fn_d_all_o_01_log.txt
SpawnPoolWorker-457| 2026-06-21 23:00:07,683,683 multiprocessing INFO child process calling self.run()
SpawnPoolWorker-456| 2026-06-21 23:00:07,815,815 multiprocessing INFO STARTING NEW RUN ==========
SpawnPoolWorker-456| 2026-06-21 23:00:07,815,815 multiprocessing INFO SEE LOG AT : ./logs/all_Lyapunov_test_dso-fn_d_all_o_01_log.txt
SpawnPoolWorker-456| 2026-06-21 23:00:07,815,815 multiprocessing INFO See log at : ./logs/all_Lyapunov_test_dso-fn_d_all_o_01_log.txt
SpawnPoolWorker-456| 2026-06-21 23:00:07,817,817 multiprocessing INFO child process calling self.run()
SpawnPoolWorker-503| 2026-06-21 23:00:09,135,135 multiprocessing INFO STARTING NEW RUN ==========
SpawnPoolWorker-503| 2026-06-21 23:00:09,136,136 multiprocessing INFO SEE LOG AT : ./logs/all_Lyapunov_test_dso-fn_d_all_o_01_log.txt
SpawnPoolWorker-503| 2026-06-21 23:00:09,136,136 multiprocessing INFO See log at : ./logs/all_Lyapunov_test_dso-fn_d_all_o_01_log.txt
SpawnPoolWorker-503| 2026-06-21 23:00:09,154,154 multiprocessing INFO child process calling self.run()
SpawnPoolWorker-459| 2026-06-21 23:00:09,263,263 multiprocessing INFO STARTING NEW RUN ==========
SpawnPoolWorker-459| 2026-06-21 23:00:09,263,263 multiprocessing INFO SEE LOG AT : ./logs/all_Lyapunov_test_dso-fn_d_all_o_01_log.txt
SpawnPoolWorker-459| 2026-06-21 23:00:09,263,263 multiprocessing INFO See log at : ./logs/all_Lyapunov_test_dso-fn_d_all_o_01_log.txt
SpawnPoolWorker-459| 2026-06-21 23:00:09,270,270 multiprocessing INFO child process calling self.run()
SpawnPoolWorker-460| 2026-06-21 23:00:09,492,492 multiprocessing INFO STARTING NEW RUN ==========
SpawnPoolWorker-460| 2026-06-21 23:00:09,492,492 multiprocessing INFO SEE LOG AT : ./logs/all_Lyapunov_test_dso-fn_d_all_o_01_log.txt
SpawnPoolWorker-460| 2026-06-21 23:00:09,492,492 multiprocessing INFO See log at : ./logs/all_Lyapunov_test_dso-fn_d_all_o_01_log.txt
SpawnPoolWorker-460| 2026-06-21 23:00:09,521,521 multiprocessing INFO child process calling self.run()
SpawnPoolWorker-464| 2026-06-21 23:00:09,901,901 multiprocessing INFO STARTING NEW RUN ==========
SpawnPoolWorker-464| 2026-06-21 23:00:09,901,901 multiprocessing INFO SEE LOG AT : ./logs/all_Lyapunov_test_dso-fn_d_all_o_01_log.txt
SpawnPoolWorker-464| 2026-06-21 23:00:09,901,901 multiprocessing INFO See log at : ./logs/all_Lyapunov_test_dso-fn_d_all_o_01_log.txt
SpawnPoolWorker-464| 2026-06-21 23:00:09,904,904 multiprocessing INFO child process calling self.run()
SpawnPoolWorker-469| 2026-06-21 23:00:10,003,3 multiprocessing INFO STARTING NEW RUN ==========
SpawnPoolWorker-469| 2026-06-21 23:00:10,003,3 multiprocessing INFO SEE LOG AT : ./logs/all_Lyapunov_test_dso-fn_d_all_o_01_log.txt
SpawnPoolWorker-469| 2026-06-21 23:00:10,003,3 multiprocessing INFO See log at : ./logs/all_Lyapunov_test_dso-fn_d_all_o_01_log.txt
SpawnPoolWorker-469| 2026-06-21 23:00:10,022,22 multiprocessing INFO child process calling self.run()
SpawnPoolWorker-455| 2026-06-21 23:00:10,902,902 multiprocessing INFO STARTING NEW RUN ==========
SpawnPoolWorker-455| 2026-06-21 23:00:10,903,903 multiprocessing INFO SEE LOG AT : ./logs/all_Lyapunov_test_dso-fn_d_all_o_01_log.txt
SpawnPoolWorker-455| 2026-06-21 23:00:10,903,903 multiprocessing INFO See log at : ./logs/all_Lyapunov_test_dso-fn_d_all_o_01_log.txt
SpawnPoolWorker-455| 2026-06-21 23:00:10,911,911 multiprocessing INFO child process calling self.run()
SpawnPoolWorker-467| 2026-06-21 23:00:11,143,143 multiprocessing INFO STARTING NEW RUN ==========
SpawnPoolWorker-467| 2026-06-21 23:00:11,143,143 multiprocessing INFO SEE LOG AT : ./logs/all_Lyapunov_test_dso-fn_d_all_o_01_log.txt
SpawnPoolWorker-467| 2026-06-21 23:00:11,143,143 multiprocessing INFO See log at : ./logs/all_Lyapunov_test_dso-fn_d_all_o_01_log.txt
SpawnPoolWorker-467| 2026-06-21 23:00:11,145,145 multiprocessing INFO child process calling self.run()
SpawnPoolWorker-461| 2026-06-21 23:00:11,270,270 multiprocessing INFO STARTING NEW RUN ==========
SpawnPoolWorker-461| 2026-06-21 23:00:11,270,270 multiprocessing INFO SEE LOG AT : ./logs/all_Lyapunov_test_dso-fn_d_all_o_01_log.txt
SpawnPoolWorker-461| 2026-06-21 23:00:11,270,270 multiprocessing INFO See log at : ./logs/all_Lyapunov_test_dso-fn_d_all_o_01_log.txt
SpawnPoolWorker-461| 2026-06-21 23:00:11,275,275 multiprocessing INFO child process calling self.run()
SpawnPoolWorker-501| 2026-06-21 23:00:11,317,317 multiprocessing INFO STARTING NEW RUN ==========
SpawnPoolWorker-501| 2026-06-21 23:00:11,317,317 multiprocessing INFO SEE LOG AT : ./logs/all_Lyapunov_test_dso-fn_d_all_o_01_log.txt
SpawnPoolWorker-501| 2026-06-21 23:00:11,317,317 multiprocessing INFO See log at : ./logs/all_Lyapunov_test_dso-fn_d_all_o_01_log.txt
SpawnPoolWorker-501| 2026-06-21 23:00:11,323,323 multiprocessing INFO child process calling self.run()
SpawnPoolWorker-462| 2026-06-21 23:00:11,731,731 multiprocessing INFO STARTING NEW RUN ==========
SpawnPoolWorker-462| 2026-06-21 23:00:11,731,731 multiprocessing INFO SEE LOG AT : ./logs/all_Lyapunov_test_dso-fn_d_all_o_01_log.txt
SpawnPoolWorker-462| 2026-06-21 23:00:11,731,731 multiprocessing INFO See log at : ./logs/all_Lyapunov_test_dso-fn_d_all_o_01_log.txt
SpawnPoolWorker-462| 2026-06-21 23:00:11,736,736 multiprocessing INFO child process calling self.run()
SpawnPoolWorker-486| 2026-06-21 23:00:11,906,906 multiprocessing INFO STARTING NEW RUN ==========
SpawnPoolWorker-486| 2026-06-21 23:00:11,907,907 multiprocessing INFO SEE LOG AT : ./logs/all_Lyapunov_test_dso-fn_d_all_o_01_log.txt
SpawnPoolWorker-486| 2026-06-21 23:00:11,907,907 multiprocessing INFO See log at : ./logs/all_Lyapunov_test_dso-fn_d_all_o_01_log.txt
SpawnPoolWorker-486| 2026-06-21 23:00:11,926,926 multiprocessing INFO child process calling self.run()
SpawnPoolWorker-480| 2026-06-21 23:00:11,935,935 multiprocessing INFO STARTING NEW RUN ==========
SpawnPoolWorker-480| 2026-06-21 23:00:11,936,936 multiprocessing INFO SEE LOG AT : ./logs/all_Lyapunov_test_dso-fn_d_all_o_01_log.txt
SpawnPoolWorker-480| 2026-06-21 23:00:11,936,936 multiprocessing INFO See log at : ./logs/all_Lyapunov_test_dso-fn_d_all_o_01_log.txt
SpawnPoolWorker-458| 2026-06-21 23:00:11,937,937 multiprocessing INFO STARTING NEW RUN ==========
SpawnPoolWorker-458| 2026-06-21 23:00:11,937,937 multiprocessing INFO SEE LOG AT : ./logs/all_Lyapunov_test_dso-fn_d_all_o_01_log.txt
SpawnPoolWorker-458| 2026-06-21 23:00:11,937,937 multiprocessing INFO See log at : ./logs/all_Lyapunov_test_dso-fn_d_all_o_01_log.txt
SpawnPoolWorker-480| 2026-06-21 23:00:11,938,938 multiprocessing INFO child process calling self.run()
SpawnPoolWorker-458| 2026-06-21 23:00:11,939,939 multiprocessing INFO child process calling self.run()
SpawnPoolWorker-485| 2026-06-21 23:00:11,941,941 multiprocessing INFO STARTING NEW RUN ==========
SpawnPoolWorker-485| 2026-06-21 23:00:11,941,941 multiprocessing INFO SEE LOG AT : ./logs/all_Lyapunov_test_dso-fn_d_all_o_01_log.txt
SpawnPoolWorker-485| 2026-06-21 23:00:11,941,941 multiprocessing INFO See log at : ./logs/all_Lyapunov_test_dso-fn_d_all_o_01_log.txt
SpawnPoolWorker-485| 2026-06-21 23:00:11,943,943 multiprocessing INFO child process calling self.run()
SpawnPoolWorker-479| 2026-06-21 23:00:11,981,981 multiprocessing INFO STARTING NEW RUN ==========
SpawnPoolWorker-479| 2026-06-21 23:00:11,981,981 multiprocessing INFO SEE LOG AT : ./logs/all_Lyapunov_test_dso-fn_d_all_o_01_log.txt
SpawnPoolWorker-479| 2026-06-21 23:00:11,981,981 multiprocessing INFO See log at : ./logs/all_Lyapunov_test_dso-fn_d_all_o_01_log.txt
SpawnPoolWorker-479| 2026-06-21 23:00:11,982,982 multiprocessing INFO child process calling self.run()
SpawnPoolWorker-471| 2026-06-21 23:00:12,121,121 multiprocessing INFO STARTING NEW RUN ==========
SpawnPoolWorker-471| 2026-06-21 23:00:12,122,122 multiprocessing INFO SEE LOG AT : ./logs/all_Lyapunov_test_dso-fn_d_all_o_01_log.txt
SpawnPoolWorker-471| 2026-06-21 23:00:12,122,122 multiprocessing INFO See log at : ./logs/all_Lyapunov_test_dso-fn_d_all_o_01_log.txt
SpawnPoolWorker-471| 2026-06-21 23:00:12,128,128 multiprocessing INFO child process calling self.run()
SpawnPoolWorker-481| 2026-06-21 23:00:12,234,234 multiprocessing INFO STARTING NEW RUN ==========
SpawnPoolWorker-481| 2026-06-21 23:00:12,234,234 multiprocessing INFO SEE LOG AT : ./logs/all_Lyapunov_test_dso-fn_d_all_o_01_log.txt
SpawnPoolWorker-481| 2026-06-21 23:00:12,234,234 multiprocessing INFO See log at : ./logs/all_Lyapunov_test_dso-fn_d_all_o_01_log.txt
SpawnPoolWorker-481| 2026-06-21 23:00:12,236,236 multiprocessing INFO child process calling self.run()
SpawnPoolWorker-477| 2026-06-21 23:00:12,523,523 multiprocessing INFO STARTING NEW RUN ==========
SpawnPoolWorker-477| 2026-06-21 23:00:12,523,523 multiprocessing INFO SEE LOG AT : ./logs/all_Lyapunov_test_dso-fn_d_all_o_01_log.txt
SpawnPoolWorker-477| 2026-06-21 23:00:12,523,523 multiprocessing INFO See log at : ./logs/all_Lyapunov_test_dso-fn_d_all_o_01_log.txt
SpawnPoolWorker-477| 2026-06-21 23:00:12,524,524 multiprocessing INFO child process calling self.run()
SpawnPoolWorker-502| 2026-06-21 23:00:12,572,572 multiprocessing INFO STARTING NEW RUN ==========
SpawnPoolWorker-502| 2026-06-21 23:00:12,572,572 multiprocessing INFO SEE LOG AT : ./logs/all_Lyapunov_test_dso-fn_d_all_o_01_log.txt
SpawnPoolWorker-502| 2026-06-21 23:00:12,572,572 multiprocessing INFO See log at : ./logs/all_Lyapunov_test_dso-fn_d_all_o_01_log.txt
SpawnPoolWorker-502| 2026-06-21 23:00:12,575,575 multiprocessing INFO child process calling self.run()
SpawnPoolWorker-465| 2026-06-21 23:00:12,748,748 multiprocessing INFO STARTING NEW RUN ==========
SpawnPoolWorker-465| 2026-06-21 23:00:12,748,748 multiprocessing INFO SEE LOG AT : ./logs/all_Lyapunov_test_dso-fn_d_all_o_01_log.txt
SpawnPoolWorker-465| 2026-06-21 23:00:12,748,748 multiprocessing INFO See log at : ./logs/all_Lyapunov_test_dso-fn_d_all_o_01_log.txt
SpawnPoolWorker-465| 2026-06-21 23:00:12,765,765 multiprocessing INFO child process calling self.run()
SpawnPoolWorker-498| 2026-06-21 23:00:12,792,792 multiprocessing INFO STARTING NEW RUN ==========
SpawnPoolWorker-498| 2026-06-21 23:00:12,793,793 multiprocessing INFO SEE LOG AT : ./logs/all_Lyapunov_test_dso-fn_d_all_o_01_log.txt
SpawnPoolWorker-498| 2026-06-21 23:00:12,793,793 multiprocessing INFO See log at : ./logs/all_Lyapunov_test_dso-fn_d_all_o_01_log.txt
SpawnPoolWorker-498| 2026-06-21 23:00:12,800,800 multiprocessing INFO child process calling self.run()
SpawnPoolWorker-506| 2026-06-21 23:00:12,958,958 multiprocessing INFO STARTING NEW RUN ==========
SpawnPoolWorker-506| 2026-06-21 23:00:12,958,958 multiprocessing INFO SEE LOG AT : ./logs/all_Lyapunov_test_dso-fn_d_all_o_01_log.txt
SpawnPoolWorker-506| 2026-06-21 23:00:12,958,958 multiprocessing INFO See log at : ./logs/all_Lyapunov_test_dso-fn_d_all_o_01_log.txt
SpawnPoolWorker-506| 2026-06-21 23:00:12,961,961 multiprocessing INFO child process calling self.run()
SpawnPoolWorker-457| 2026-06-21 23:00:13,126,126 multiprocessing INFO process shutting down
SpawnPoolWorker-457| 2026-06-21 23:00:13,127,127 multiprocessing INFO process exiting with exitcode 0
SpawnPoolWorker-461| 2026-06-21 23:00:13,127,127 multiprocessing INFO process shutting down
SpawnPoolWorker-501| 2026-06-21 23:00:13,127,127 multiprocessing INFO process shutting down
SpawnPoolWorker-460| 2026-06-21 23:00:13,128,128 multiprocessing INFO process shutting down
SpawnPoolWorker-464| 2026-06-21 23:00:13,128,128 multiprocessing INFO process shutting down
SpawnPoolWorker-455| 2026-06-21 23:00:13,128,128 multiprocessing INFO process shutting down
SpawnPoolWorker-467| 2026-06-21 23:00:13,128,128 multiprocessing INFO process shutting down
SpawnPoolWorker-462| 2026-06-21 23:00:13,128,128 multiprocessing INFO process shutting down
SpawnPoolWorker-486| 2026-06-21 23:00:13,128,128 multiprocessing INFO process shutting down
SpawnPoolWorker-480| 2026-06-21 23:00:13,129,129 multiprocessing INFO process shutting down
SpawnPoolWorker-458| 2026-06-21 23:00:13,129,129 multiprocessing INFO process shutting down
SpawnPoolWorker-485| 2026-06-21 23:00:13,129,129 multiprocessing INFO process shutting down
SpawnPoolWorker-479| 2026-06-21 23:00:13,129,129 multiprocessing INFO process shutting down
SpawnPoolWorker-459| 2026-06-21 23:00:13,130,130 multiprocessing INFO process shutting down
SpawnPoolWorker-471| 2026-06-21 23:00:13,130,130 multiprocessing INFO process shutting down
SpawnPoolWorker-503| 2026-06-21 23:00:13,130,130 multiprocessing INFO process shutting down
SpawnPoolWorker-481| 2026-06-21 23:00:13,131,131 multiprocessing INFO process shutting down
SpawnPoolWorker-477| 2026-06-21 23:00:13,131,131 multiprocessing INFO process shutting down
SpawnPoolWorker-502| 2026-06-21 23:00:13,131,131 multiprocessing INFO process shutting down
SpawnPoolWorker-469| 2026-06-21 23:00:13,132,132 multiprocessing INFO process shutting down
SpawnPoolWorker-465| 2026-06-21 23:00:13,132,132 multiprocessing INFO process shutting down
SpawnPoolWorker-461| 2026-06-21 23:00:13,132,132 multiprocessing INFO process exiting with exitcode 0
SpawnPoolWorker-497| 2026-06-21 23:00:13,133,133 multiprocessing INFO process shutting down
SpawnPoolWorker-506| 2026-06-21 23:00:13,133,133 multiprocessing INFO process shutting down
SpawnPoolWorker-498| 2026-06-21 23:00:13,133,133 multiprocessing INFO process shutting down
SpawnPoolWorker-497| 2026-06-21 23:00:13,138,138 multiprocessing INFO process exiting with exitcode 0
SpawnPoolWorker-501| 2026-06-21 23:00:13,142,142 multiprocessing INFO process exiting with exitcode 0
SpawnPoolWorker-460| 2026-06-21 23:00:13,142,142 multiprocessing INFO process exiting with exitcode 0
SpawnPoolWorker-464| 2026-06-21 23:00:13,150,150 multiprocessing INFO process exiting with exitcode 0
SpawnPoolWorker-455| 2026-06-21 23:00:13,151,151 multiprocessing INFO process exiting with exitcode 0
SpawnPoolWorker-462| 2026-06-21 23:00:13,153,153 multiprocessing INFO process exiting with exitcode 0
SpawnPoolWorker-467| 2026-06-21 23:00:13,154,154 multiprocessing INFO process exiting with exitcode 0
SpawnPoolWorker-486| 2026-06-21 23:00:13,159,159 multiprocessing INFO process exiting with exitcode 0
SpawnPoolWorker-480| 2026-06-21 23:00:13,164,164 multiprocessing INFO process exiting with exitcode 0
28
(100000, 4)
(100000,)
(100000, 4)
(100000,)

=======================Successfully Added (50000, 4) Counter Examples=======================


============None of the candidates fulfill the conditions. Training CONTINUES!=================

MainProcess| 2026-06-21 23:00:15,323,323 multiprocessing INFO 
============None of the candidates fulfill the conditions. Training CONTINUES!=================


============None of the candidates fulfill the conditions. Training CONTINUES!=================

(55, 128)
/users/9/chen8596/miniconda3/envs/alfd/lib/python3.9/site-packages/torch/nn/functional.py:4999: UserWarning: Support for mismatched key_padding_mask and attn_mask is deprecated. Use same type for both instead.
  warnings.warn(

==============Start Supervised Learning==============

MainProcess| 2026-06-21 23:00:19,112,112 multiprocessing INFO GP output mean: 0.9602815117395159
GP output mean: 0.9602815117395159
MainProcess| 2026-06-21 23:00:19,572,572 multiprocessing INFO GP output success rate: 0.0
GP output success rate: 0.0

==============End Supervised Learning==============

MainProcess| 2026-06-21 23:00:21,230,230 multiprocessing INFO [Test epoch=0007]  nevals=96690 	| train_loss=3541.19556 	| eqs_invalid %=0.00 	| r_best=0.98973 	| quantile=0.83178 	| r_quantile_mean=0.93080 	| r_raw_sum=103.02260 	|  r_raw_mean=0.55092 	| r2=nan 	| acc_iid=0.00000 	| acc_ood=0.00000 	| nmse_test=3.532310905320651e-05 	| true_equation_set_count=0 	| s/it=159.15926
[Test epoch=0007]  nevals=96690 	| train_loss=3541.19556 	| eqs_invalid %=0.00 	| r_best=0.98973 	| quantile=0.83178 	| r_quantile_mean=0.93080 	| r_raw_sum=103.02260 	|  r_raw_mean=0.55092 	| r2=nan 	| acc_iid=0.00000 	| acc_ood=0.00000 	| nmse_test=3.532310905320651e-05 	| true_equation_set_count=0 	| s/it=159.15926
MainProcess| 2026-06-21 23:01:09,447,447 multiprocessing INFO Genetic Porgramming Runtime 47.72954910597764
Genetic Porgramming Runtime 47.72954910597764

=========================PGD Collection Starts=========================

SpawnPoolWorker-523| 2026-06-21 23:01:15,927,927 multiprocessing INFO STARTING NEW RUN ==========
SpawnPoolWorker-523| 2026-06-21 23:01:15,927,927 multiprocessing INFO SEE LOG AT : ./logs/all_Lyapunov_test_dso-fn_d_all_o_01_log.txt
SpawnPoolWorker-523| 2026-06-21 23:01:15,927,927 multiprocessing INFO See log at : ./logs/all_Lyapunov_test_dso-fn_d_all_o_01_log.txt
SpawnPoolWorker-525| 2026-06-21 23:01:15,930,930 multiprocessing INFO STARTING NEW RUN ==========
SpawnPoolWorker-525| 2026-06-21 23:01:15,930,930 multiprocessing INFO SEE LOG AT : ./logs/all_Lyapunov_test_dso-fn_d_all_o_01_log.txt
SpawnPoolWorker-525| 2026-06-21 23:01:15,930,930 multiprocessing INFO See log at : ./logs/all_Lyapunov_test_dso-fn_d_all_o_01_log.txt
SpawnPoolWorker-521| 2026-06-21 23:01:15,933,933 multiprocessing INFO STARTING NEW RUN ==========
SpawnPoolWorker-521| 2026-06-21 23:01:15,933,933 multiprocessing INFO SEE LOG AT : ./logs/all_Lyapunov_test_dso-fn_d_all_o_01_log.txt
SpawnPoolWorker-521| 2026-06-21 23:01:15,933,933 multiprocessing INFO See log at : ./logs/all_Lyapunov_test_dso-fn_d_all_o_01_log.txt
SpawnPoolWorker-525| 2026-06-21 23:01:15,934,934 multiprocessing INFO child process calling self.run()
SpawnPoolWorker-523| 2026-06-21 23:01:15,935,935 multiprocessing INFO child process calling self.run()
SpawnPoolWorker-521| 2026-06-21 23:01:15,935,935 multiprocessing INFO child process calling self.run()
SpawnPoolWorker-520| 2026-06-21 23:01:15,936,936 multiprocessing INFO STARTING NEW RUN ==========
SpawnPoolWorker-522| 2026-06-21 23:01:15,936,936 multiprocessing INFO STARTING NEW RUN ==========
SpawnPoolWorker-520| 2026-06-21 23:01:15,936,936 multiprocessing INFO SEE LOG AT : ./logs/all_Lyapunov_test_dso-fn_d_all_o_01_log.txt
SpawnPoolWorker-522| 2026-06-21 23:01:15,936,936 multiprocessing INFO SEE LOG AT : ./logs/all_Lyapunov_test_dso-fn_d_all_o_01_log.txt
SpawnPoolWorker-520| 2026-06-21 23:01:15,936,936 multiprocessing INFO See log at : ./logs/all_Lyapunov_test_dso-fn_d_all_o_01_log.txt
SpawnPoolWorker-522| 2026-06-21 23:01:15,936,936 multiprocessing INFO See log at : ./logs/all_Lyapunov_test_dso-fn_d_all_o_01_log.txt
SpawnPoolWorker-520| 2026-06-21 23:01:15,938,938 multiprocessing INFO child process calling self.run()
SpawnPoolWorker-522| 2026-06-21 23:01:15,938,938 multiprocessing INFO child process calling self.run()
SpawnPoolWorker-526| 2026-06-21 23:01:15,940,940 multiprocessing INFO STARTING NEW RUN ==========
SpawnPoolWorker-524| 2026-06-21 23:01:15,940,940 multiprocessing INFO STARTING NEW RUN ==========
SpawnPoolWorker-528| 2026-06-21 23:01:15,940,940 multiprocessing INFO STARTING NEW RUN ==========
SpawnPoolWorker-527| 2026-06-21 23:01:15,940,940 multiprocessing INFO STARTING NEW RUN ==========
SpawnPoolWorker-527| 2026-06-21 23:01:15,940,940 multiprocessing INFO SEE LOG AT : ./logs/all_Lyapunov_test_dso-fn_d_all_o_01_log.txt
SpawnPoolWorker-524| 2026-06-21 23:01:15,940,940 multiprocessing INFO SEE LOG AT : ./logs/all_Lyapunov_test_dso-fn_d_all_o_01_log.txt
SpawnPoolWorker-526| 2026-06-21 23:01:15,940,940 multiprocessing INFO SEE LOG AT : ./logs/all_Lyapunov_test_dso-fn_d_all_o_01_log.txt
SpawnPoolWorker-527| 2026-06-21 23:01:15,940,940 multiprocessing INFO See log at : ./logs/all_Lyapunov_test_dso-fn_d_all_o_01_log.txt
SpawnPoolWorker-524| 2026-06-21 23:01:15,940,940 multiprocessing INFO See log at : ./logs/all_Lyapunov_test_dso-fn_d_all_o_01_log.txt
SpawnPoolWorker-526| 2026-06-21 23:01:15,940,940 multiprocessing INFO See log at : ./logs/all_Lyapunov_test_dso-fn_d_all_o_01_log.txt
SpawnPoolWorker-528| 2026-06-21 23:01:15,941,941 multiprocessing INFO SEE LOG AT : ./logs/all_Lyapunov_test_dso-fn_d_all_o_01_log.txt
SpawnPoolWorker-528| 2026-06-21 23:01:15,941,941 multiprocessing INFO See log at : ./logs/all_Lyapunov_test_dso-fn_d_all_o_01_log.txt
SpawnPoolWorker-526| 2026-06-21 23:01:15,942,942 multiprocessing INFO child process calling self.run()
SpawnPoolWorker-527| 2026-06-21 23:01:15,942,942 multiprocessing INFO child process calling self.run()
SpawnPoolWorker-524| 2026-06-21 23:01:15,942,942 multiprocessing INFO child process calling self.run()
SpawnPoolWorker-528| 2026-06-21 23:01:15,943,943 multiprocessing INFO child process calling self.run()
SpawnPoolWorker-519| 2026-06-21 23:01:15,944,944 multiprocessing INFO STARTING NEW RUN ==========
SpawnPoolWorker-519| 2026-06-21 23:01:15,945,945 multiprocessing INFO SEE LOG AT : ./logs/all_Lyapunov_test_dso-fn_d_all_o_01_log.txt
SpawnPoolWorker-519| 2026-06-21 23:01:15,945,945 multiprocessing INFO See log at : ./logs/all_Lyapunov_test_dso-fn_d_all_o_01_log.txt
SpawnPoolWorker-519| 2026-06-21 23:01:15,947,947 multiprocessing INFO child process calling self.run()
SpawnPoolWorker-528| 2026-06-21 23:01:52,353,353 multiprocessing INFO process shutting down
SpawnPoolWorker-524| 2026-06-21 23:01:52,353,353 multiprocessing INFO process shutting down
SpawnPoolWorker-522| 2026-06-21 23:01:52,353,353 multiprocessing INFO process shutting down
SpawnPoolWorker-528| 2026-06-21 23:01:52,353,353 multiprocessing INFO process exiting with exitcode 0
SpawnPoolWorker-525| 2026-06-21 23:01:52,353,353 multiprocessing INFO process shutting down
SpawnPoolWorker-522| 2026-06-21 23:01:52,353,353 multiprocessing INFO process exiting with exitcode 0
SpawnPoolWorker-524| 2026-06-21 23:01:52,353,353 multiprocessing INFO process exiting with exitcode 0
SpawnPoolWorker-525| 2026-06-21 23:01:52,353,353 multiprocessing INFO process exiting with exitcode 0
SpawnPoolWorker-527| 2026-06-21 23:01:52,353,353 multiprocessing INFO process shutting down
SpawnPoolWorker-520| 2026-06-21 23:01:52,353,353 multiprocessing INFO process shutting down
SpawnPoolWorker-526| 2026-06-21 23:01:52,353,353 multiprocessing INFO process shutting down
(20000,)

===================Collect 20000 Examples===================

Epsilon 0.1
500
(550,)
(550,)
(55,)
Number of Programs for Minimization: 28
SpawnPoolWorker-531| 2026-06-21 23:02:19,968,968 multiprocessing INFO STARTING NEW RUN ==========
SpawnPoolWorker-531| 2026-06-21 23:02:19,968,968 multiprocessing INFO SEE LOG AT : ./logs/all_Lyapunov_test_dso-fn_d_all_o_01_log.txt
SpawnPoolWorker-531| 2026-06-21 23:02:19,968,968 multiprocessing INFO See log at : ./logs/all_Lyapunov_test_dso-fn_d_all_o_01_log.txt
SpawnPoolWorker-554| 2026-06-21 23:02:19,972,972 multiprocessing INFO STARTING NEW RUN ==========
SpawnPoolWorker-554| 2026-06-21 23:02:19,972,972 multiprocessing INFO SEE LOG AT : ./logs/all_Lyapunov_test_dso-fn_d_all_o_01_log.txt
SpawnPoolWorker-554| 2026-06-21 23:02:19,972,972 multiprocessing INFO See log at : ./logs/all_Lyapunov_test_dso-fn_d_all_o_01_log.txt
SpawnPoolWorker-554| 2026-06-21 23:02:19,989,989 multiprocessing INFO child process calling self.run()
SpawnPoolWorker-531| 2026-06-21 23:02:19,993,993 multiprocessing INFO child process calling self.run()
SpawnPoolWorker-546| 2026-06-21 23:02:21,001,1 multiprocessing INFO STARTING NEW RUN ==========
SpawnPoolWorker-546| 2026-06-21 23:02:21,001,1 multiprocessing INFO SEE LOG AT : ./logs/all_Lyapunov_test_dso-fn_d_all_o_01_log.txt
SpawnPoolWorker-546| 2026-06-21 23:02:21,002,2 multiprocessing INFO See log at : ./logs/all_Lyapunov_test_dso-fn_d_all_o_01_log.txt
SpawnPoolWorker-546| 2026-06-21 23:02:21,004,4 multiprocessing INFO child process calling self.run()
SpawnPoolWorker-571| 2026-06-21 23:02:23,411,411 multiprocessing INFO STARTING NEW RUN ==========
SpawnPoolWorker-571| 2026-06-21 23:02:23,414,414 multiprocessing INFO SEE LOG AT : ./logs/all_Lyapunov_test_dso-fn_d_all_o_01_log.txt
SpawnPoolWorker-571| 2026-06-21 23:02:23,414,414 multiprocessing INFO See log at : ./logs/all_Lyapunov_test_dso-fn_d_all_o_01_log.txt
SpawnPoolWorker-571| 2026-06-21 23:02:23,424,424 multiprocessing INFO child process calling self.run()
SpawnPoolWorker-539| 2026-06-21 23:02:23,511,511 multiprocessing INFO STARTING NEW RUN ==========
SpawnPoolWorker-539| 2026-06-21 23:02:23,511,511 multiprocessing INFO SEE LOG AT : ./logs/all_Lyapunov_test_dso-fn_d_all_o_01_log.txt
SpawnPoolWorker-539| 2026-06-21 23:02:23,511,511 multiprocessing INFO See log at : ./logs/all_Lyapunov_test_dso-fn_d_all_o_01_log.txt
SpawnPoolWorker-539| 2026-06-21 23:02:23,519,519 multiprocessing INFO child process calling self.run()
SpawnPoolWorker-560| 2026-06-21 23:02:23,783,783 multiprocessing INFO STARTING NEW RUN ==========
SpawnPoolWorker-560| 2026-06-21 23:02:23,784,784 multiprocessing INFO SEE LOG AT : ./logs/all_Lyapunov_test_dso-fn_d_all_o_01_log.txt
SpawnPoolWorker-560| 2026-06-21 23:02:23,784,784 multiprocessing INFO See log at : ./logs/all_Lyapunov_test_dso-fn_d_all_o_01_log.txt
SpawnPoolWorker-560| 2026-06-21 23:02:23,787,787 multiprocessing INFO child process calling self.run()
SpawnPoolWorker-577| 2026-06-21 23:02:23,810,810 multiprocessing INFO STARTING NEW RUN ==========
SpawnPoolWorker-577| 2026-06-21 23:02:23,811,811 multiprocessing INFO SEE LOG AT : ./logs/all_Lyapunov_test_dso-fn_d_all_o_01_log.txt
SpawnPoolWorker-577| 2026-06-21 23:02:23,811,811 multiprocessing INFO See log at : ./logs/all_Lyapunov_test_dso-fn_d_all_o_01_log.txt
SpawnPoolWorker-577| 2026-06-21 23:02:23,822,822 multiprocessing INFO child process calling self.run()
SpawnPoolWorker-581| 2026-06-21 23:02:24,130,130 multiprocessing INFO STARTING NEW RUN ==========
SpawnPoolWorker-581| 2026-06-21 23:02:24,130,130 multiprocessing INFO SEE LOG AT : ./logs/all_Lyapunov_test_dso-fn_d_all_o_01_log.txt
SpawnPoolWorker-581| 2026-06-21 23:02:24,130,130 multiprocessing INFO See log at : ./logs/all_Lyapunov_test_dso-fn_d_all_o_01_log.txt
SpawnPoolWorker-581| 2026-06-21 23:02:24,135,135 multiprocessing INFO child process calling self.run()
SpawnPoolWorker-541| 2026-06-21 23:02:24,172,172 multiprocessing INFO STARTING NEW RUN ==========
SpawnPoolWorker-541| 2026-06-21 23:02:24,172,172 multiprocessing INFO SEE LOG AT : ./logs/all_Lyapunov_test_dso-fn_d_all_o_01_log.txt
SpawnPoolWorker-541| 2026-06-21 23:02:24,172,172 multiprocessing INFO See log at : ./logs/all_Lyapunov_test_dso-fn_d_all_o_01_log.txt
SpawnPoolWorker-541| 2026-06-21 23:02:24,181,181 multiprocessing INFO child process calling self.run()
SpawnPoolWorker-559| 2026-06-21 23:02:24,528,528 multiprocessing INFO STARTING NEW RUN ==========
SpawnPoolWorker-559| 2026-06-21 23:02:24,528,528 multiprocessing INFO SEE LOG AT : ./logs/all_Lyapunov_test_dso-fn_d_all_o_01_log.txt
SpawnPoolWorker-559| 2026-06-21 23:02:24,528,528 multiprocessing INFO See log at : ./logs/all_Lyapunov_test_dso-fn_d_all_o_01_log.txt
SpawnPoolWorker-559| 2026-06-21 23:02:24,531,531 multiprocessing INFO child process calling self.run()
SpawnPoolWorker-556| 2026-06-21 23:02:24,798,798 multiprocessing INFO STARTING NEW RUN ==========
SpawnPoolWorker-556| 2026-06-21 23:02:24,799,799 multiprocessing INFO SEE LOG AT : ./logs/all_Lyapunov_test_dso-fn_d_all_o_01_log.txt
SpawnPoolWorker-556| 2026-06-21 23:02:24,799,799 multiprocessing INFO See log at : ./logs/all_Lyapunov_test_dso-fn_d_all_o_01_log.txt
SpawnPoolWorker-556| 2026-06-21 23:02:24,824,824 multiprocessing INFO child process calling self.run()
SpawnPoolWorker-552| 2026-06-21 23:02:24,990,990 multiprocessing INFO STARTING NEW RUN ==========
SpawnPoolWorker-552| 2026-06-21 23:02:24,990,990 multiprocessing INFO SEE LOG AT : ./logs/all_Lyapunov_test_dso-fn_d_all_o_01_log.txt
SpawnPoolWorker-552| 2026-06-21 23:02:24,991,991 multiprocessing INFO See log at : ./logs/all_Lyapunov_test_dso-fn_d_all_o_01_log.txt
SpawnPoolWorker-586| 2026-06-21 23:02:24,994,994 multiprocessing INFO STARTING NEW RUN ==========
SpawnPoolWorker-586| 2026-06-21 23:02:24,994,994 multiprocessing INFO SEE LOG AT : ./logs/all_Lyapunov_test_dso-fn_d_all_o_01_log.txt
SpawnPoolWorker-586| 2026-06-21 23:02:24,994,994 multiprocessing INFO See log at : ./logs/all_Lyapunov_test_dso-fn_d_all_o_01_log.txt
SpawnPoolWorker-552| 2026-06-21 23:02:25,001,1 multiprocessing INFO child process calling self.run()
SpawnPoolWorker-586| 2026-06-21 23:02:25,006,6 multiprocessing INFO child process calling self.run()
SpawnPoolWorker-537| 2026-06-21 23:02:25,118,118 multiprocessing INFO STARTING NEW RUN ==========
SpawnPoolWorker-537| 2026-06-21 23:02:25,118,118 multiprocessing INFO SEE LOG AT : ./logs/all_Lyapunov_test_dso-fn_d_all_o_01_log.txt
SpawnPoolWorker-537| 2026-06-21 23:02:25,118,118 multiprocessing INFO See log at : ./logs/all_Lyapunov_test_dso-fn_d_all_o_01_log.txt
SpawnPoolWorker-537| 2026-06-21 23:02:25,142,142 multiprocessing INFO child process calling self.run()
SpawnPoolWorker-575| 2026-06-21 23:02:25,190,190 multiprocessing INFO STARTING NEW RUN ==========
SpawnPoolWorker-575| 2026-06-21 23:02:25,191,191 multiprocessing INFO SEE LOG AT : ./logs/all_Lyapunov_test_dso-fn_d_all_o_01_log.txt
SpawnPoolWorker-575| 2026-06-21 23:02:25,191,191 multiprocessing INFO See log at : ./logs/all_Lyapunov_test_dso-fn_d_all_o_01_log.txt
SpawnPoolWorker-575| 2026-06-21 23:02:25,234,234 multiprocessing INFO child process calling self.run()
SpawnPoolWorker-562| 2026-06-21 23:02:25,567,567 multiprocessing INFO STARTING NEW RUN ==========
SpawnPoolWorker-562| 2026-06-21 23:02:25,568,568 multiprocessing INFO SEE LOG AT : ./logs/all_Lyapunov_test_dso-fn_d_all_o_01_log.txt
SpawnPoolWorker-562| 2026-06-21 23:02:25,568,568 multiprocessing INFO See log at : ./logs/all_Lyapunov_test_dso-fn_d_all_o_01_log.txt
SpawnPoolWorker-562| 2026-06-21 23:02:25,572,572 multiprocessing INFO child process calling self.run()
SpawnPoolWorker-540| 2026-06-21 23:02:25,788,788 multiprocessing INFO STARTING NEW RUN ==========
SpawnPoolWorker-540| 2026-06-21 23:02:25,788,788 multiprocessing INFO SEE LOG AT : ./logs/all_Lyapunov_test_dso-fn_d_all_o_01_log.txt
SpawnPoolWorker-540| 2026-06-21 23:02:25,788,788 multiprocessing INFO See log at : ./logs/all_Lyapunov_test_dso-fn_d_all_o_01_log.txt
SpawnPoolWorker-540| 2026-06-21 23:02:25,798,798 multiprocessing INFO child process calling self.run()
SpawnPoolWorker-547| 2026-06-21 23:02:26,032,32 multiprocessing INFO STARTING NEW RUN ==========
SpawnPoolWorker-547| 2026-06-21 23:02:26,032,32 multiprocessing INFO SEE LOG AT : ./logs/all_Lyapunov_test_dso-fn_d_all_o_01_log.txt
SpawnPoolWorker-547| 2026-06-21 23:02:26,032,32 multiprocessing INFO See log at : ./logs/all_Lyapunov_test_dso-fn_d_all_o_01_log.txt
SpawnPoolWorker-547| 2026-06-21 23:02:26,035,35 multiprocessing INFO child process calling self.run()
SpawnPoolWorker-534| 2026-06-21 23:02:26,434,434 multiprocessing INFO STARTING NEW RUN ==========
SpawnPoolWorker-534| 2026-06-21 23:02:26,434,434 multiprocessing INFO SEE LOG AT : ./logs/all_Lyapunov_test_dso-fn_d_all_o_01_log.txt
SpawnPoolWorker-534| 2026-06-21 23:02:26,434,434 multiprocessing INFO See log at : ./logs/all_Lyapunov_test_dso-fn_d_all_o_01_log.txt
SpawnPoolWorker-532| 2026-06-21 23:02:26,437,437 multiprocessing INFO STARTING NEW RUN ==========
SpawnPoolWorker-532| 2026-06-21 23:02:26,438,438 multiprocessing INFO SEE LOG AT : ./logs/all_Lyapunov_test_dso-fn_d_all_o_01_log.txt
SpawnPoolWorker-532| 2026-06-21 23:02:26,438,438 multiprocessing INFO See log at : ./logs/all_Lyapunov_test_dso-fn_d_all_o_01_log.txt
SpawnPoolWorker-532| 2026-06-21 23:02:26,442,442 multiprocessing INFO child process calling self.run()
SpawnPoolWorker-534| 2026-06-21 23:02:26,446,446 multiprocessing INFO child process calling self.run()
SpawnPoolWorker-577| 2026-06-21 23:02:26,621,621 multiprocessing INFO process shutting down
SpawnPoolWorker-577| 2026-06-21 23:02:26,622,622 multiprocessing INFO process exiting with exitcode 0
SpawnPoolWorker-537| 2026-06-21 23:02:26,622,622 multiprocessing INFO process shutting down
SpawnPoolWorker-575| 2026-06-21 23:02:26,623,623 multiprocessing INFO process shutting down
SpawnPoolWorker-571| 2026-06-21 23:02:26,623,623 multiprocessing INFO process shutting down
SpawnPoolWorker-531| 2026-06-21 23:02:26,623,623 multiprocessing INFO process shutting down
SpawnPoolWorker-581| 2026-06-21 23:02:26,624,624 multiprocessing INFO process shutting down
SpawnPoolWorker-560| 2026-06-21 23:02:26,624,624 multiprocessing INFO process shutting down
SpawnPoolWorker-539| 2026-06-21 23:02:26,624,624 multiprocessing INFO process shutting down
SpawnPoolWorker-562| 2026-06-21 23:02:26,625,625 multiprocessing INFO process shutting down
SpawnPoolWorker-554| 2026-06-21 23:02:26,625,625 multiprocessing INFO process shutting down
SpawnPoolWorker-546| 2026-06-21 23:02:26,625,625 multiprocessing INFO process shutting down
SpawnPoolWorker-540| 2026-06-21 23:02:26,626,626 multiprocessing INFO process shutting down
SpawnPoolWorker-586| 2026-06-21 23:02:26,626,626 multiprocessing INFO process shutting down
SpawnPoolWorker-547| 2026-06-21 23:02:26,626,626 multiprocessing INFO process shutting down
SpawnPoolWorker-556| 2026-06-21 23:02:26,627,627 multiprocessing INFO process shutting down
SpawnPoolWorker-541| 2026-06-21 23:02:26,627,627 multiprocessing INFO process shutting down
SpawnPoolWorker-532| 2026-06-21 23:02:26,627,627 multiprocessing INFO process shutting down
SpawnPoolWorker-534| 2026-06-21 23:02:26,628,628 multiprocessing INFO process shutting down
SpawnPoolWorker-559| 2026-06-21 23:02:26,628,628 multiprocessing INFO process shutting down
SpawnPoolWorker-537| 2026-06-21 23:02:26,628,628 multiprocessing INFO process exiting with exitcode 0
28
(100000, 4)
(100000,)
(100000, 4)
(100000,)

=======================Successfully Added (50000, 4) Counter Examples=======================


============None of the candidates fulfill the conditions. Training CONTINUES!=================

MainProcess| 2026-06-21 23:02:28,582,582 multiprocessing INFO 
============None of the candidates fulfill the conditions. Training CONTINUES!=================


============None of the candidates fulfill the conditions. Training CONTINUES!=================

(55, 128)
/users/9/chen8596/miniconda3/envs/alfd/lib/python3.9/site-packages/torch/nn/functional.py:4999: UserWarning: Support for mismatched key_padding_mask and attn_mask is deprecated. Use same type for both instead.
  warnings.warn(

==============Start Supervised Learning==============

MainProcess| 2026-06-21 23:02:31,565,565 multiprocessing INFO GP output mean: 0.971269033940092
GP output mean: 0.971269033940092
MainProcess| 2026-06-21 23:02:31,953,953 multiprocessing INFO GP output success rate: 0.0
GP output success rate: 0.0

==============End Supervised Learning==============

MainProcess| 2026-06-21 23:02:33,285,285 multiprocessing INFO [Test epoch=0008]  nevals=110531 	| train_loss=1932.69604 	| eqs_invalid %=0.18 	| r_best=0.98973 	| quantile=0.86519 	| r_quantile_mean=0.92029 	| r_raw_sum=90.01871 	|  r_raw_mean=0.58077 	| r2=nan 	| acc_iid=0.00000 	| acc_ood=0.00000 	| nmse_test=3.532310905320651e-05 	| true_equation_set_count=0 	| s/it=132.05532
[Test epoch=0008]  nevals=110531 	| train_loss=1932.69604 	| eqs_invalid %=0.18 	| r_best=0.98973 	| quantile=0.86519 	| r_quantile_mean=0.92029 	| r_raw_sum=90.01871 	|  r_raw_mean=0.58077 	| r2=nan 	| acc_iid=0.00000 	| acc_ood=0.00000 	| nmse_test=3.532310905320651e-05 	| true_equation_set_count=0 	| s/it=132.05532
MainProcess| 2026-06-21 23:03:06,815,815 multiprocessing INFO Genetic Porgramming Runtime 33.03529566299403
Genetic Porgramming Runtime 33.03529566299403

=========================PGD Collection Starts=========================

SpawnPoolWorker-595| 2026-06-21 23:03:11,962,962 multiprocessing INFO STARTING NEW RUN ==========
SpawnPoolWorker-595| 2026-06-21 23:03:11,963,963 multiprocessing INFO SEE LOG AT : ./logs/all_Lyapunov_test_dso-fn_d_all_o_01_log.txt
SpawnPoolWorker-595| 2026-06-21 23:03:11,963,963 multiprocessing INFO See log at : ./logs/all_Lyapunov_test_dso-fn_d_all_o_01_log.txt
SpawnPoolWorker-595| 2026-06-21 23:03:11,965,965 multiprocessing INFO child process calling self.run()
SpawnPoolWorker-593| 2026-06-21 23:03:11,967,967 multiprocessing INFO STARTING NEW RUN ==========
SpawnPoolWorker-596| 2026-06-21 23:03:11,967,967 multiprocessing INFO STARTING NEW RUN ==========
SpawnPoolWorker-593| 2026-06-21 23:03:11,967,967 multiprocessing INFO SEE LOG AT : ./logs/all_Lyapunov_test_dso-fn_d_all_o_01_log.txt
SpawnPoolWorker-593| 2026-06-21 23:03:11,967,967 multiprocessing INFO See log at : ./logs/all_Lyapunov_test_dso-fn_d_all_o_01_log.txt
SpawnPoolWorker-596| 2026-06-21 23:03:11,967,967 multiprocessing INFO SEE LOG AT : ./logs/all_Lyapunov_test_dso-fn_d_all_o_01_log.txt
SpawnPoolWorker-596| 2026-06-21 23:03:11,967,967 multiprocessing INFO See log at : ./logs/all_Lyapunov_test_dso-fn_d_all_o_01_log.txt
SpawnPoolWorker-593| 2026-06-21 23:03:11,969,969 multiprocessing INFO child process calling self.run()
SpawnPoolWorker-596| 2026-06-21 23:03:11,970,970 multiprocessing INFO child process calling self.run()
SpawnPoolWorker-597| 2026-06-21 23:03:11,993,993 multiprocessing INFO STARTING NEW RUN ==========
SpawnPoolWorker-597| 2026-06-21 23:03:11,993,993 multiprocessing INFO SEE LOG AT : ./logs/all_Lyapunov_test_dso-fn_d_all_o_01_log.txt
SpawnPoolWorker-597| 2026-06-21 23:03:11,993,993 multiprocessing INFO See log at : ./logs/all_Lyapunov_test_dso-fn_d_all_o_01_log.txt
SpawnPoolWorker-597| 2026-06-21 23:03:11,994,994 multiprocessing INFO child process calling self.run()
SpawnPoolWorker-594| 2026-06-21 23:03:12,003,3 multiprocessing INFO STARTING NEW RUN ==========
SpawnPoolWorker-594| 2026-06-21 23:03:12,003,3 multiprocessing INFO SEE LOG AT : ./logs/all_Lyapunov_test_dso-fn_d_all_o_01_log.txt
SpawnPoolWorker-594| 2026-06-21 23:03:12,003,3 multiprocessing INFO See log at : ./logs/all_Lyapunov_test_dso-fn_d_all_o_01_log.txt
SpawnPoolWorker-594| 2026-06-21 23:03:12,005,5 multiprocessing INFO child process calling self.run()
SpawnPoolWorker-598| 2026-06-21 23:03:12,023,23 multiprocessing INFO STARTING NEW RUN ==========
SpawnPoolWorker-598| 2026-06-21 23:03:12,023,23 multiprocessing INFO SEE LOG AT : ./logs/all_Lyapunov_test_dso-fn_d_all_o_01_log.txt
SpawnPoolWorker-598| 2026-06-21 23:03:12,023,23 multiprocessing INFO See log at : ./logs/all_Lyapunov_test_dso-fn_d_all_o_01_log.txt
SpawnPoolWorker-598| 2026-06-21 23:03:12,025,25 multiprocessing INFO child process calling self.run()
SpawnPoolWorker-601| 2026-06-21 23:03:12,054,54 multiprocessing INFO STARTING NEW RUN ==========
SpawnPoolWorker-601| 2026-06-21 23:03:12,054,54 multiprocessing INFO SEE LOG AT : ./logs/all_Lyapunov_test_dso-fn_d_all_o_01_log.txt
SpawnPoolWorker-601| 2026-06-21 23:03:12,054,54 multiprocessing INFO See log at : ./logs/all_Lyapunov_test_dso-fn_d_all_o_01_log.txt
SpawnPoolWorker-601| 2026-06-21 23:03:12,056,56 multiprocessing INFO child process calling self.run()
SpawnPoolWorker-600| 2026-06-21 23:03:12,080,80 multiprocessing INFO STARTING NEW RUN ==========
SpawnPoolWorker-600| 2026-06-21 23:03:12,080,80 multiprocessing INFO SEE LOG AT : ./logs/all_Lyapunov_test_dso-fn_d_all_o_01_log.txt
SpawnPoolWorker-600| 2026-06-21 23:03:12,080,80 multiprocessing INFO See log at : ./logs/all_Lyapunov_test_dso-fn_d_all_o_01_log.txt
SpawnPoolWorker-600| 2026-06-21 23:03:12,082,82 multiprocessing INFO child process calling self.run()
SpawnPoolWorker-602| 2026-06-21 23:03:12,168,168 multiprocessing INFO STARTING NEW RUN ==========
SpawnPoolWorker-602| 2026-06-21 23:03:12,168,168 multiprocessing INFO SEE LOG AT : ./logs/all_Lyapunov_test_dso-fn_d_all_o_01_log.txt
SpawnPoolWorker-602| 2026-06-21 23:03:12,168,168 multiprocessing INFO See log at : ./logs/all_Lyapunov_test_dso-fn_d_all_o_01_log.txt
SpawnPoolWorker-602| 2026-06-21 23:03:12,171,171 multiprocessing INFO child process calling self.run()
SpawnPoolWorker-599| 2026-06-21 23:03:12,194,194 multiprocessing INFO STARTING NEW RUN ==========
SpawnPoolWorker-599| 2026-06-21 23:03:12,194,194 multiprocessing INFO SEE LOG AT : ./logs/all_Lyapunov_test_dso-fn_d_all_o_01_log.txt
SpawnPoolWorker-599| 2026-06-21 23:03:12,194,194 multiprocessing INFO See log at : ./logs/all_Lyapunov_test_dso-fn_d_all_o_01_log.txt
SpawnPoolWorker-599| 2026-06-21 23:03:12,197,197 multiprocessing INFO child process calling self.run()
SpawnPoolWorker-594| 2026-06-21 23:03:57,641,641 multiprocessing INFO process shutting down
SpawnPoolWorker-598| 2026-06-21 23:03:57,641,641 multiprocessing INFO process shutting down
SpawnPoolWorker-597| 2026-06-21 23:03:57,642,642 multiprocessing INFO process shutting down
SpawnPoolWorker-595| 2026-06-21 23:03:57,642,642 multiprocessing INFO process shutting down
SpawnPoolWorker-594| 2026-06-21 23:03:57,642,642 multiprocessing INFO process exiting with exitcode 0
SpawnPoolWorker-598| 2026-06-21 23:03:57,642,642 multiprocessing INFO process exiting with exitcode 0
SpawnPoolWorker-593| 2026-06-21 23:03:57,642,642 multiprocessing INFO process shutting down
SpawnPoolWorker-601| 2026-06-21 23:03:57,642,642 multiprocessing INFO process shutting down
SpawnPoolWorker-597| 2026-06-21 23:03:57,642,642 multiprocessing INFO process exiting with exitcode 0
SpawnPoolWorker-595| 2026-06-21 23:03:57,642,642 multiprocessing INFO process exiting with exitcode 0
SpawnPoolWorker-593| 2026-06-21 23:03:57,642,642 multiprocessing INFO process exiting with exitcode 0
SpawnPoolWorker-601| 2026-06-21 23:03:57,642,642 multiprocessing INFO process exiting with exitcode 0
SpawnPoolWorker-600| 2026-06-21 23:03:57,643,643 multiprocessing INFO process shutting down
(20000,)

===================Collect 20000 Examples===================

Epsilon 0.1
500
(550,)
(550,)
(55,)
Number of Programs for Minimization: 28
SpawnPoolWorker-606| 2026-06-21 23:04:27,170,170 multiprocessing INFO STARTING NEW RUN ==========
SpawnPoolWorker-606| 2026-06-21 23:04:27,170,170 multiprocessing INFO SEE LOG AT : ./logs/all_Lyapunov_test_dso-fn_d_all_o_01_log.txt
SpawnPoolWorker-606| 2026-06-21 23:04:27,170,170 multiprocessing INFO See log at : ./logs/all_Lyapunov_test_dso-fn_d_all_o_01_log.txt
SpawnPoolWorker-606| 2026-06-21 23:04:27,186,186 multiprocessing INFO child process calling self.run()
SpawnPoolWorker-613| 2026-06-21 23:04:28,560,560 multiprocessing INFO STARTING NEW RUN ==========
SpawnPoolWorker-613| 2026-06-21 23:04:28,560,560 multiprocessing INFO SEE LOG AT : ./logs/all_Lyapunov_test_dso-fn_d_all_o_01_log.txt
SpawnPoolWorker-613| 2026-06-21 23:04:28,560,560 multiprocessing INFO See log at : ./logs/all_Lyapunov_test_dso-fn_d_all_o_01_log.txt
SpawnPoolWorker-613| 2026-06-21 23:04:28,576,576 multiprocessing INFO child process calling self.run()
SpawnPoolWorker-617| 2026-06-21 23:04:28,937,937 multiprocessing INFO STARTING NEW RUN ==========
SpawnPoolWorker-617| 2026-06-21 23:04:28,937,937 multiprocessing INFO SEE LOG AT : ./logs/all_Lyapunov_test_dso-fn_d_all_o_01_log.txt
SpawnPoolWorker-617| 2026-06-21 23:04:28,937,937 multiprocessing INFO See log at : ./logs/all_Lyapunov_test_dso-fn_d_all_o_01_log.txt
SpawnPoolWorker-617| 2026-06-21 23:04:28,947,947 multiprocessing INFO child process calling self.run()
SpawnPoolWorker-603| 2026-06-21 23:04:29,401,401 multiprocessing INFO STARTING NEW RUN ==========
SpawnPoolWorker-603| 2026-06-21 23:04:29,401,401 multiprocessing INFO SEE LOG AT : ./logs/all_Lyapunov_test_dso-fn_d_all_o_01_log.txt
SpawnPoolWorker-603| 2026-06-21 23:04:29,401,401 multiprocessing INFO See log at : ./logs/all_Lyapunov_test_dso-fn_d_all_o_01_log.txt
SpawnPoolWorker-603| 2026-06-21 23:04:29,415,415 multiprocessing INFO child process calling self.run()
SpawnPoolWorker-619| 2026-06-21 23:04:29,507,507 multiprocessing INFO STARTING NEW RUN ==========
SpawnPoolWorker-619| 2026-06-21 23:04:29,507,507 multiprocessing INFO SEE LOG AT : ./logs/all_Lyapunov_test_dso-fn_d_all_o_01_log.txt
SpawnPoolWorker-619| 2026-06-21 23:04:29,507,507 multiprocessing INFO See log at : ./logs/all_Lyapunov_test_dso-fn_d_all_o_01_log.txt
SpawnPoolWorker-619| 2026-06-21 23:04:29,509,509 multiprocessing INFO child process calling self.run()
SpawnPoolWorker-632| 2026-06-21 23:04:29,824,824 multiprocessing INFO STARTING NEW RUN ==========
SpawnPoolWorker-632| 2026-06-21 23:04:29,825,825 multiprocessing INFO SEE LOG AT : ./logs/all_Lyapunov_test_dso-fn_d_all_o_01_log.txt
SpawnPoolWorker-632| 2026-06-21 23:04:29,825,825 multiprocessing INFO See log at : ./logs/all_Lyapunov_test_dso-fn_d_all_o_01_log.txt
SpawnPoolWorker-632| 2026-06-21 23:04:29,842,842 multiprocessing INFO child process calling self.run()
SpawnPoolWorker-616| 2026-06-21 23:04:30,568,568 multiprocessing INFO STARTING NEW RUN ==========
SpawnPoolWorker-616| 2026-06-21 23:04:30,569,569 multiprocessing INFO SEE LOG AT : ./logs/all_Lyapunov_test_dso-fn_d_all_o_01_log.txt
SpawnPoolWorker-616| 2026-06-21 23:04:30,569,569 multiprocessing INFO See log at : ./logs/all_Lyapunov_test_dso-fn_d_all_o_01_log.txt
SpawnPoolWorker-616| 2026-06-21 23:04:30,571,571 multiprocessing INFO child process calling self.run()
SpawnPoolWorker-618| 2026-06-21 23:04:30,607,607 multiprocessing INFO STARTING NEW RUN ==========
SpawnPoolWorker-618| 2026-06-21 23:04:30,607,607 multiprocessing INFO SEE LOG AT : ./logs/all_Lyapunov_test_dso-fn_d_all_o_01_log.txt
SpawnPoolWorker-618| 2026-06-21 23:04:30,607,607 multiprocessing INFO See log at : ./logs/all_Lyapunov_test_dso-fn_d_all_o_01_log.txt
SpawnPoolWorker-618| 2026-06-21 23:04:30,611,611 multiprocessing INFO child process calling self.run()
SpawnPoolWorker-621| 2026-06-21 23:04:30,796,796 multiprocessing INFO STARTING NEW RUN ==========
SpawnPoolWorker-621| 2026-06-21 23:04:30,796,796 multiprocessing INFO SEE LOG AT : ./logs/all_Lyapunov_test_dso-fn_d_all_o_01_log.txt
SpawnPoolWorker-621| 2026-06-21 23:04:30,796,796 multiprocessing INFO See log at : ./logs/all_Lyapunov_test_dso-fn_d_all_o_01_log.txt
SpawnPoolWorker-621| 2026-06-21 23:04:30,797,797 multiprocessing INFO child process calling self.run()
SpawnPoolWorker-611| 2026-06-21 23:04:30,842,842 multiprocessing INFO STARTING NEW RUN ==========
SpawnPoolWorker-611| 2026-06-21 23:04:30,842,842 multiprocessing INFO SEE LOG AT : ./logs/all_Lyapunov_test_dso-fn_d_all_o_01_log.txt
SpawnPoolWorker-611| 2026-06-21 23:04:30,842,842 multiprocessing INFO See log at : ./logs/all_Lyapunov_test_dso-fn_d_all_o_01_log.txt
SpawnPoolWorker-611| 2026-06-21 23:04:30,846,846 multiprocessing INFO child process calling self.run()
SpawnPoolWorker-609| 2026-06-21 23:04:31,275,275 multiprocessing INFO STARTING NEW RUN ==========
SpawnPoolWorker-609| 2026-06-21 23:04:31,275,275 multiprocessing INFO SEE LOG AT : ./logs/all_Lyapunov_test_dso-fn_d_all_o_01_log.txt
SpawnPoolWorker-609| 2026-06-21 23:04:31,275,275 multiprocessing INFO See log at : ./logs/all_Lyapunov_test_dso-fn_d_all_o_01_log.txt
SpawnPoolWorker-609| 2026-06-21 23:04:31,278,278 multiprocessing INFO child process calling self.run()
SpawnPoolWorker-635| 2026-06-21 23:04:31,567,567 multiprocessing INFO STARTING NEW RUN ==========
SpawnPoolWorker-635| 2026-06-21 23:04:31,567,567 multiprocessing INFO SEE LOG AT : ./logs/all_Lyapunov_test_dso-fn_d_all_o_01_log.txt
SpawnPoolWorker-635| 2026-06-21 23:04:31,567,567 multiprocessing INFO See log at : ./logs/all_Lyapunov_test_dso-fn_d_all_o_01_log.txt
SpawnPoolWorker-635| 2026-06-21 23:04:31,569,569 multiprocessing INFO child process calling self.run()
SpawnPoolWorker-612| 2026-06-21 23:04:31,630,630 multiprocessing INFO STARTING NEW RUN ==========
SpawnPoolWorker-612| 2026-06-21 23:04:31,630,630 multiprocessing INFO SEE LOG AT : ./logs/all_Lyapunov_test_dso-fn_d_all_o_01_log.txt
SpawnPoolWorker-612| 2026-06-21 23:04:31,630,630 multiprocessing INFO See log at : ./logs/all_Lyapunov_test_dso-fn_d_all_o_01_log.txt
SpawnPoolWorker-612| 2026-06-21 23:04:31,641,641 multiprocessing INFO child process calling self.run()
SpawnPoolWorker-605| 2026-06-21 23:04:31,833,833 multiprocessing INFO STARTING NEW RUN ==========
SpawnPoolWorker-605| 2026-06-21 23:04:31,833,833 multiprocessing INFO SEE LOG AT : ./logs/all_Lyapunov_test_dso-fn_d_all_o_01_log.txt
SpawnPoolWorker-605| 2026-06-21 23:04:31,834,834 multiprocessing INFO See log at : ./logs/all_Lyapunov_test_dso-fn_d_all_o_01_log.txt
SpawnPoolWorker-605| 2026-06-21 23:04:31,837,837 multiprocessing INFO child process calling self.run()
SpawnPoolWorker-604| 2026-06-21 23:04:32,059,59 multiprocessing INFO STARTING NEW RUN ==========
SpawnPoolWorker-604| 2026-06-21 23:04:32,060,60 multiprocessing INFO SEE LOG AT : ./logs/all_Lyapunov_test_dso-fn_d_all_o_01_log.txt
SpawnPoolWorker-604| 2026-06-21 23:04:32,060,60 multiprocessing INFO See log at : ./logs/all_Lyapunov_test_dso-fn_d_all_o_01_log.txt
SpawnPoolWorker-642| 2026-06-21 23:04:32,061,61 multiprocessing INFO STARTING NEW RUN ==========
SpawnPoolWorker-642| 2026-06-21 23:04:32,061,61 multiprocessing INFO SEE LOG AT : ./logs/all_Lyapunov_test_dso-fn_d_all_o_01_log.txt
SpawnPoolWorker-642| 2026-06-21 23:04:32,062,62 multiprocessing INFO See log at : ./logs/all_Lyapunov_test_dso-fn_d_all_o_01_log.txt
SpawnPoolWorker-604| 2026-06-21 23:04:32,063,63 multiprocessing INFO child process calling self.run()
SpawnPoolWorker-642| 2026-06-21 23:04:32,069,69 multiprocessing INFO child process calling self.run()
SpawnPoolWorker-648| 2026-06-21 23:04:32,170,170 multiprocessing INFO STARTING NEW RUN ==========
SpawnPoolWorker-648| 2026-06-21 23:04:32,170,170 multiprocessing INFO SEE LOG AT : ./logs/all_Lyapunov_test_dso-fn_d_all_o_01_log.txt
SpawnPoolWorker-648| 2026-06-21 23:04:32,170,170 multiprocessing INFO See log at : ./logs/all_Lyapunov_test_dso-fn_d_all_o_01_log.txt
SpawnPoolWorker-648| 2026-06-21 23:04:32,174,174 multiprocessing INFO child process calling self.run()
SpawnPoolWorker-636| 2026-06-21 23:04:32,477,477 multiprocessing INFO STARTING NEW RUN ==========
SpawnPoolWorker-636| 2026-06-21 23:04:32,477,477 multiprocessing INFO SEE LOG AT : ./logs/all_Lyapunov_test_dso-fn_d_all_o_01_log.txt
SpawnPoolWorker-636| 2026-06-21 23:04:32,477,477 multiprocessing INFO See log at : ./logs/all_Lyapunov_test_dso-fn_d_all_o_01_log.txt
SpawnPoolWorker-636| 2026-06-21 23:04:32,484,484 multiprocessing INFO child process calling self.run()
SpawnPoolWorker-608| 2026-06-21 23:04:32,558,558 multiprocessing INFO STARTING NEW RUN ==========
SpawnPoolWorker-608| 2026-06-21 23:04:32,559,559 multiprocessing INFO SEE LOG AT : ./logs/all_Lyapunov_test_dso-fn_d_all_o_01_log.txt
SpawnPoolWorker-608| 2026-06-21 23:04:32,559,559 multiprocessing INFO See log at : ./logs/all_Lyapunov_test_dso-fn_d_all_o_01_log.txt
SpawnPoolWorker-608| 2026-06-21 23:04:32,560,560 multiprocessing INFO child process calling self.run()
SpawnPoolWorker-624| 2026-06-21 23:04:32,954,954 multiprocessing INFO STARTING NEW RUN ==========
SpawnPoolWorker-624| 2026-06-21 23:04:32,954,954 multiprocessing INFO SEE LOG AT : ./logs/all_Lyapunov_test_dso-fn_d_all_o_01_log.txt
SpawnPoolWorker-624| 2026-06-21 23:04:32,954,954 multiprocessing INFO See log at : ./logs/all_Lyapunov_test_dso-fn_d_all_o_01_log.txt
SpawnPoolWorker-624| 2026-06-21 23:04:32,964,964 multiprocessing INFO child process calling self.run()
SpawnPoolWorker-614| 2026-06-21 23:04:32,982,982 multiprocessing INFO STARTING NEW RUN ==========
SpawnPoolWorker-614| 2026-06-21 23:04:32,982,982 multiprocessing INFO SEE LOG AT : ./logs/all_Lyapunov_test_dso-fn_d_all_o_01_log.txt
SpawnPoolWorker-614| 2026-06-21 23:04:32,982,982 multiprocessing INFO See log at : ./logs/all_Lyapunov_test_dso-fn_d_all_o_01_log.txt
SpawnPoolWorker-614| 2026-06-21 23:04:32,991,991 multiprocessing INFO child process calling self.run()
SpawnPoolWorker-610| 2026-06-21 23:04:32,999,999 multiprocessing INFO STARTING NEW RUN ==========
SpawnPoolWorker-610| 2026-06-21 23:04:32,999,999 multiprocessing INFO SEE LOG AT : ./logs/all_Lyapunov_test_dso-fn_d_all_o_01_log.txt
SpawnPoolWorker-610| 2026-06-21 23:04:32,999,999 multiprocessing INFO See log at : ./logs/all_Lyapunov_test_dso-fn_d_all_o_01_log.txt
SpawnPoolWorker-610| 2026-06-21 23:04:33,003,3 multiprocessing INFO child process calling self.run()
SpawnPoolWorker-628| 2026-06-21 23:04:33,034,34 multiprocessing INFO STARTING NEW RUN ==========
SpawnPoolWorker-628| 2026-06-21 23:04:33,034,34 multiprocessing INFO SEE LOG AT : ./logs/all_Lyapunov_test_dso-fn_d_all_o_01_log.txt
SpawnPoolWorker-628| 2026-06-21 23:04:33,034,34 multiprocessing INFO See log at : ./logs/all_Lyapunov_test_dso-fn_d_all_o_01_log.txt
SpawnPoolWorker-628| 2026-06-21 23:04:33,037,37 multiprocessing INFO child process calling self.run()
SpawnPoolWorker-627| 2026-06-21 23:04:33,101,101 multiprocessing INFO STARTING NEW RUN ==========
SpawnPoolWorker-627| 2026-06-21 23:04:33,101,101 multiprocessing INFO SEE LOG AT : ./logs/all_Lyapunov_test_dso-fn_d_all_o_01_log.txt
SpawnPoolWorker-627| 2026-06-21 23:04:33,101,101 multiprocessing INFO See log at : ./logs/all_Lyapunov_test_dso-fn_d_all_o_01_log.txt
SpawnPoolWorker-627| 2026-06-21 23:04:33,103,103 multiprocessing INFO child process calling self.run()
SpawnPoolWorker-647| 2026-06-21 23:04:33,140,140 multiprocessing INFO STARTING NEW RUN ==========
SpawnPoolWorker-647| 2026-06-21 23:04:33,140,140 multiprocessing INFO SEE LOG AT : ./logs/all_Lyapunov_test_dso-fn_d_all_o_01_log.txt
SpawnPoolWorker-647| 2026-06-21 23:04:33,140,140 multiprocessing INFO See log at : ./logs/all_Lyapunov_test_dso-fn_d_all_o_01_log.txt
SpawnPoolWorker-647| 2026-06-21 23:04:33,157,157 multiprocessing INFO child process calling self.run()
SpawnPoolWorker-623| 2026-06-21 23:04:33,423,423 multiprocessing INFO STARTING NEW RUN ==========
SpawnPoolWorker-623| 2026-06-21 23:04:33,423,423 multiprocessing INFO SEE LOG AT : ./logs/all_Lyapunov_test_dso-fn_d_all_o_01_log.txt
SpawnPoolWorker-623| 2026-06-21 23:04:33,423,423 multiprocessing INFO See log at : ./logs/all_Lyapunov_test_dso-fn_d_all_o_01_log.txt
SpawnPoolWorker-623| 2026-06-21 23:04:33,429,429 multiprocessing INFO child process calling self.run()
SpawnPoolWorker-620| 2026-06-21 23:04:33,713,713 multiprocessing INFO STARTING NEW RUN ==========
SpawnPoolWorker-620| 2026-06-21 23:04:33,713,713 multiprocessing INFO SEE LOG AT : ./logs/all_Lyapunov_test_dso-fn_d_all_o_01_log.txt
SpawnPoolWorker-620| 2026-06-21 23:04:33,713,713 multiprocessing INFO See log at : ./logs/all_Lyapunov_test_dso-fn_d_all_o_01_log.txt
SpawnPoolWorker-620| 2026-06-21 23:04:33,724,724 multiprocessing INFO child process calling self.run()
SpawnPoolWorker-642| 2026-06-21 23:04:33,752,752 multiprocessing INFO process shutting down
SpawnPoolWorker-642| 2026-06-21 23:04:33,752,752 multiprocessing INFO process exiting with exitcode 0
SpawnPoolWorker-648| 2026-06-21 23:04:33,752,752 multiprocessing INFO process shutting down
SpawnPoolWorker-613| 2026-06-21 23:04:33,753,753 multiprocessing INFO process shutting down
SpawnPoolWorker-621| 2026-06-21 23:04:33,753,753 multiprocessing INFO process shutting down
SpawnPoolWorker-632| 2026-06-21 23:04:33,753,753 multiprocessing INFO process shutting down
SpawnPoolWorker-609| 2026-06-21 23:04:33,754,754 multiprocessing INFO process shutting down
SpawnPoolWorker-611| 2026-06-21 23:04:33,754,754 multiprocessing INFO process shutting down
SpawnPoolWorker-619| 2026-06-21 23:04:33,754,754 multiprocessing INFO process shutting down
SpawnPoolWorker-617| 2026-06-21 23:04:33,755,755 multiprocessing INFO process shutting down
SpawnPoolWorker-616| 2026-06-21 23:04:33,755,755 multiprocessing INFO process shutting down
SpawnPoolWorker-636| 2026-06-21 23:04:33,755,755 multiprocessing INFO process shutting down
SpawnPoolWorker-604| 2026-06-21 23:04:33,755,755 multiprocessing INFO process shutting down
SpawnPoolWorker-608| 2026-06-21 23:04:33,756,756 multiprocessing INFO process shutting down
SpawnPoolWorker-606| 2026-06-21 23:04:33,756,756 multiprocessing INFO process shutting down
SpawnPoolWorker-624| 2026-06-21 23:04:33,756,756 multiprocessing INFO process shutting down
SpawnPoolWorker-614| 2026-06-21 23:04:33,757,757 multiprocessing INFO process shutting down
SpawnPoolWorker-610| 2026-06-21 23:04:33,757,757 multiprocessing INFO process shutting down
SpawnPoolWorker-628| 2026-06-21 23:04:33,757,757 multiprocessing INFO process shutting down
SpawnPoolWorker-627| 2026-06-21 23:04:33,757,757 multiprocessing INFO process shutting down
SpawnPoolWorker-603| 2026-06-21 23:04:33,758,758 multiprocessing INFO process shutting down
SpawnPoolWorker-647| 2026-06-21 23:04:33,758,758 multiprocessing INFO process shutting down
SpawnPoolWorker-648| 2026-06-21 23:04:33,758,758 multiprocessing INFO process exiting with exitcode 0
SpawnPoolWorker-603| 2026-06-21 23:04:33,758,758 multiprocessing INFO process exiting with exitcode 0
SpawnPoolWorker-647| 2026-06-21 23:04:33,758,758 multiprocessing INFO process exiting with exitcode 0
SpawnPoolWorker-618| 2026-06-21 23:04:33,758,758 multiprocessing INFO process shutting down
SpawnPoolWorker-623| 2026-06-21 23:04:33,758,758 multiprocessing INFO process shutting down
SpawnPoolWorker-612| 2026-06-21 23:04:33,759,759 multiprocessing INFO process shutting down
SpawnPoolWorker-635| 2026-06-21 23:04:33,759,759 multiprocessing INFO process shutting down
SpawnPoolWorker-620| 2026-06-21 23:04:33,759,759 multiprocessing INFO process shutting down
SpawnPoolWorker-605| 2026-06-21 23:04:33,759,759 multiprocessing INFO process shutting down
28
(100000, 4)
(100000,)
(100000, 4)
(100000,)

=======================Successfully Added (50000, 4) Counter Examples=======================


============None of the candidates fulfill the conditions. Training CONTINUES!=================

MainProcess| 2026-06-21 23:04:35,725,725 multiprocessing INFO 
============None of the candidates fulfill the conditions. Training CONTINUES!=================


============None of the candidates fulfill the conditions. Training CONTINUES!=================

(55, 128)
/users/9/chen8596/miniconda3/envs/alfd/lib/python3.9/site-packages/torch/nn/functional.py:4999: UserWarning: Support for mismatched key_padding_mask and attn_mask is deprecated. Use same type for both instead.
  warnings.warn(

==============Start Supervised Learning==============

MainProcess| 2026-06-21 23:04:39,070,70 multiprocessing INFO GP output mean: 0.9945502503248569
GP output mean: 0.9945502503248569
MainProcess| 2026-06-21 23:04:39,424,424 multiprocessing INFO GP output success rate: 0.0
GP output success rate: 0.0

==============End Supervised Learning==============

MainProcess| 2026-06-21 23:04:40,707,707 multiprocessing INFO [Test epoch=0009]  nevals=124409 	| train_loss=4069.69189 	| eqs_invalid %=0.00 	| r_best=0.98973 	| quantile=0.82620 	| r_quantile_mean=0.87171 	| r_raw_sum=126.03788 	|  r_raw_mean=0.60305 	| r2=nan 	| acc_iid=0.00000 	| acc_ood=0.00000 	| nmse_test=3.532310905320651e-05 	| true_equation_set_count=0 	| s/it=127.42094
[Test epoch=0009]  nevals=124409 	| train_loss=4069.69189 	| eqs_invalid %=0.00 	| r_best=0.98973 	| quantile=0.82620 	| r_quantile_mean=0.87171 	| r_raw_sum=126.03788 	|  r_raw_mean=0.60305 	| r2=nan 	| acc_iid=0.00000 	| acc_ood=0.00000 	| nmse_test=3.532310905320651e-05 	| true_equation_set_count=0 	| s/it=127.42094
MainProcess| 2026-06-21 23:05:10,970,970 multiprocessing INFO Genetic Porgramming Runtime 29.77596486901166
Genetic Porgramming Runtime 29.77596486901166

=========================PGD Collection Starts=========================

SpawnPoolWorker-671| 2026-06-21 23:05:17,702,702 multiprocessing INFO STARTING NEW RUN ==========
SpawnPoolWorker-671| 2026-06-21 23:05:17,702,702 multiprocessing INFO SEE LOG AT : ./logs/all_Lyapunov_test_dso-fn_d_all_o_01_log.txt
SpawnPoolWorker-671| 2026-06-21 23:05:17,702,702 multiprocessing INFO See log at : ./logs/all_Lyapunov_test_dso-fn_d_all_o_01_log.txt
SpawnPoolWorker-671| 2026-06-21 23:05:17,704,704 multiprocessing INFO child process calling self.run()
SpawnPoolWorker-672| 2026-06-21 23:05:17,706,706 multiprocessing INFO STARTING NEW RUN ==========
SpawnPoolWorker-672| 2026-06-21 23:05:17,706,706 multiprocessing INFO SEE LOG AT : ./logs/all_Lyapunov_test_dso-fn_d_all_o_01_log.txt
SpawnPoolWorker-672| 2026-06-21 23:05:17,706,706 multiprocessing INFO See log at : ./logs/all_Lyapunov_test_dso-fn_d_all_o_01_log.txt
SpawnPoolWorker-676| 2026-06-21 23:05:17,707,707 multiprocessing INFO STARTING NEW RUN ==========
SpawnPoolWorker-676| 2026-06-21 23:05:17,707,707 multiprocessing INFO SEE LOG AT : ./logs/all_Lyapunov_test_dso-fn_d_all_o_01_log.txt
SpawnPoolWorker-676| 2026-06-21 23:05:17,707,707 multiprocessing INFO See log at : ./logs/all_Lyapunov_test_dso-fn_d_all_o_01_log.txt
SpawnPoolWorker-672| 2026-06-21 23:05:17,708,708 multiprocessing INFO child process calling self.run()
SpawnPoolWorker-676| 2026-06-21 23:05:17,709,709 multiprocessing INFO child process calling self.run()
SpawnPoolWorker-673| 2026-06-21 23:05:17,709,709 multiprocessing INFO STARTING NEW RUN ==========
SpawnPoolWorker-673| 2026-06-21 23:05:17,709,709 multiprocessing INFO SEE LOG AT : ./logs/all_Lyapunov_test_dso-fn_d_all_o_01_log.txt
SpawnPoolWorker-673| 2026-06-21 23:05:17,712,712 multiprocessing INFO See log at : ./logs/all_Lyapunov_test_dso-fn_d_all_o_01_log.txt
SpawnPoolWorker-668| 2026-06-21 23:05:17,712,712 multiprocessing INFO STARTING NEW RUN ==========
SpawnPoolWorker-668| 2026-06-21 23:05:17,712,712 multiprocessing INFO SEE LOG AT : ./logs/all_Lyapunov_test_dso-fn_d_all_o_01_log.txt
SpawnPoolWorker-668| 2026-06-21 23:05:17,712,712 multiprocessing INFO See log at : ./logs/all_Lyapunov_test_dso-fn_d_all_o_01_log.txt
SpawnPoolWorker-674| 2026-06-21 23:05:17,712,712 multiprocessing INFO STARTING NEW RUN ==========
SpawnPoolWorker-674| 2026-06-21 23:05:17,712,712 multiprocessing INFO SEE LOG AT : ./logs/all_Lyapunov_test_dso-fn_d_all_o_01_log.txt
SpawnPoolWorker-674| 2026-06-21 23:05:17,712,712 multiprocessing INFO See log at : ./logs/all_Lyapunov_test_dso-fn_d_all_o_01_log.txt
SpawnPoolWorker-670| 2026-06-21 23:05:17,713,713 multiprocessing INFO STARTING NEW RUN ==========
SpawnPoolWorker-673| 2026-06-21 23:05:17,713,713 multiprocessing INFO child process calling self.run()
SpawnPoolWorker-668| 2026-06-21 23:05:17,714,714 multiprocessing INFO child process calling self.run()
SpawnPoolWorker-674| 2026-06-21 23:05:17,714,714 multiprocessing INFO child process calling self.run()
SpawnPoolWorker-670| 2026-06-21 23:05:17,715,715 multiprocessing INFO SEE LOG AT : ./logs/all_Lyapunov_test_dso-fn_d_all_o_01_log.txt
SpawnPoolWorker-670| 2026-06-21 23:05:17,715,715 multiprocessing INFO See log at : ./logs/all_Lyapunov_test_dso-fn_d_all_o_01_log.txt
SpawnPoolWorker-675| 2026-06-21 23:05:17,715,715 multiprocessing INFO STARTING NEW RUN ==========
SpawnPoolWorker-675| 2026-06-21 23:05:17,715,715 multiprocessing INFO SEE LOG AT : ./logs/all_Lyapunov_test_dso-fn_d_all_o_01_log.txt
SpawnPoolWorker-675| 2026-06-21 23:05:17,715,715 multiprocessing INFO See log at : ./logs/all_Lyapunov_test_dso-fn_d_all_o_01_log.txt
SpawnPoolWorker-675| 2026-06-21 23:05:17,717,717 multiprocessing INFO child process calling self.run()
SpawnPoolWorker-670| 2026-06-21 23:05:17,718,718 multiprocessing INFO child process calling self.run()
SpawnPoolWorker-667| 2026-06-21 23:05:17,719,719 multiprocessing INFO STARTING NEW RUN ==========
SpawnPoolWorker-667| 2026-06-21 23:05:17,719,719 multiprocessing INFO SEE LOG AT : ./logs/all_Lyapunov_test_dso-fn_d_all_o_01_log.txt
SpawnPoolWorker-667| 2026-06-21 23:05:17,719,719 multiprocessing INFO See log at : ./logs/all_Lyapunov_test_dso-fn_d_all_o_01_log.txt
SpawnPoolWorker-669| 2026-06-21 23:05:17,719,719 multiprocessing INFO STARTING NEW RUN ==========
SpawnPoolWorker-667| 2026-06-21 23:05:17,721,721 multiprocessing INFO child process calling self.run()
SpawnPoolWorker-669| 2026-06-21 23:05:17,723,723 multiprocessing INFO SEE LOG AT : ./logs/all_Lyapunov_test_dso-fn_d_all_o_01_log.txt
SpawnPoolWorker-669| 2026-06-21 23:05:17,723,723 multiprocessing INFO See log at : ./logs/all_Lyapunov_test_dso-fn_d_all_o_01_log.txt
SpawnPoolWorker-669| 2026-06-21 23:05:17,726,726 multiprocessing INFO child process calling self.run()
SpawnPoolWorker-674| 2026-06-21 23:05:56,834,834 multiprocessing INFO process shutting down
SpawnPoolWorker-674| 2026-06-21 23:05:56,834,834 multiprocessing INFO process exiting with exitcode 0
SpawnPoolWorker-673| 2026-06-21 23:05:56,834,834 multiprocessing INFO process shutting down
SpawnPoolWorker-669| 2026-06-21 23:05:56,834,834 multiprocessing INFO process shutting down
SpawnPoolWorker-672| 2026-06-21 23:05:56,834,834 multiprocessing INFO process shutting down
SpawnPoolWorker-675| 2026-06-21 23:05:56,834,834 multiprocessing INFO process shutting down
SpawnPoolWorker-671| 2026-06-21 23:05:56,834,834 multiprocessing INFO process shutting down
SpawnPoolWorker-673| 2026-06-21 23:05:56,834,834 multiprocessing INFO process exiting with exitcode 0
SpawnPoolWorker-668| 2026-06-21 23:05:56,834,834 multiprocessing INFO process shutting down
(20000,)

===================Collect 20000 Examples===================

Epsilon 0.1
500
(550,)
(550,)
(55,)
Number of Programs for Minimization: 28
SpawnPoolWorker-678| 2026-06-21 23:06:25,916,916 multiprocessing INFO STARTING NEW RUN ==========
SpawnPoolWorker-678| 2026-06-21 23:06:25,916,916 multiprocessing INFO SEE LOG AT : ./logs/all_Lyapunov_test_dso-fn_d_all_o_01_log.txt
SpawnPoolWorker-678| 2026-06-21 23:06:25,916,916 multiprocessing INFO See log at : ./logs/all_Lyapunov_test_dso-fn_d_all_o_01_log.txt
SpawnPoolWorker-678| 2026-06-21 23:06:25,949,949 multiprocessing INFO child process calling self.run()
SpawnPoolWorker-690| 2026-06-21 23:06:27,196,196 multiprocessing INFO STARTING NEW RUN ==========
SpawnPoolWorker-690| 2026-06-21 23:06:27,196,196 multiprocessing INFO SEE LOG AT : ./logs/all_Lyapunov_test_dso-fn_d_all_o_01_log.txt
SpawnPoolWorker-690| 2026-06-21 23:06:27,196,196 multiprocessing INFO See log at : ./logs/all_Lyapunov_test_dso-fn_d_all_o_01_log.txt
SpawnPoolWorker-690| 2026-06-21 23:06:27,214,214 multiprocessing INFO child process calling self.run()
SpawnPoolWorker-702| 2026-06-21 23:06:27,217,217 multiprocessing INFO STARTING NEW RUN ==========
SpawnPoolWorker-702| 2026-06-21 23:06:27,217,217 multiprocessing INFO SEE LOG AT : ./logs/all_Lyapunov_test_dso-fn_d_all_o_01_log.txt
SpawnPoolWorker-702| 2026-06-21 23:06:27,217,217 multiprocessing INFO See log at : ./logs/all_Lyapunov_test_dso-fn_d_all_o_01_log.txt
SpawnPoolWorker-702| 2026-06-21 23:06:27,224,224 multiprocessing INFO child process calling self.run()
SpawnPoolWorker-691| 2026-06-21 23:06:28,220,220 multiprocessing INFO STARTING NEW RUN ==========
SpawnPoolWorker-691| 2026-06-21 23:06:28,220,220 multiprocessing INFO SEE LOG AT : ./logs/all_Lyapunov_test_dso-fn_d_all_o_01_log.txt
SpawnPoolWorker-691| 2026-06-21 23:06:28,220,220 multiprocessing INFO See log at : ./logs/all_Lyapunov_test_dso-fn_d_all_o_01_log.txt
SpawnPoolWorker-691| 2026-06-21 23:06:28,230,230 multiprocessing INFO child process calling self.run()
SpawnPoolWorker-719| 2026-06-21 23:06:28,748,748 multiprocessing INFO STARTING NEW RUN ==========
SpawnPoolWorker-719| 2026-06-21 23:06:28,748,748 multiprocessing INFO SEE LOG AT : ./logs/all_Lyapunov_test_dso-fn_d_all_o_01_log.txt
SpawnPoolWorker-719| 2026-06-21 23:06:28,748,748 multiprocessing INFO See log at : ./logs/all_Lyapunov_test_dso-fn_d_all_o_01_log.txt
SpawnPoolWorker-719| 2026-06-21 23:06:28,758,758 multiprocessing INFO child process calling self.run()
SpawnPoolWorker-683| 2026-06-21 23:06:29,191,191 multiprocessing INFO STARTING NEW RUN ==========
SpawnPoolWorker-683| 2026-06-21 23:06:29,191,191 multiprocessing INFO SEE LOG AT : ./logs/all_Lyapunov_test_dso-fn_d_all_o_01_log.txt
SpawnPoolWorker-683| 2026-06-21 23:06:29,192,192 multiprocessing INFO See log at : ./logs/all_Lyapunov_test_dso-fn_d_all_o_01_log.txt
SpawnPoolWorker-683| 2026-06-21 23:06:29,199,199 multiprocessing INFO child process calling self.run()
SpawnPoolWorker-685| 2026-06-21 23:06:29,543,543 multiprocessing INFO STARTING NEW RUN ==========
SpawnPoolWorker-685| 2026-06-21 23:06:29,543,543 multiprocessing INFO SEE LOG AT : ./logs/all_Lyapunov_test_dso-fn_d_all_o_01_log.txt
SpawnPoolWorker-685| 2026-06-21 23:06:29,543,543 multiprocessing INFO See log at : ./logs/all_Lyapunov_test_dso-fn_d_all_o_01_log.txt
SpawnPoolWorker-685| 2026-06-21 23:06:29,544,544 multiprocessing INFO child process calling self.run()
SpawnPoolWorker-713| 2026-06-21 23:06:29,658,658 multiprocessing INFO STARTING NEW RUN ==========
SpawnPoolWorker-713| 2026-06-21 23:06:29,658,658 multiprocessing INFO SEE LOG AT : ./logs/all_Lyapunov_test_dso-fn_d_all_o_01_log.txt
SpawnPoolWorker-713| 2026-06-21 23:06:29,658,658 multiprocessing INFO See log at : ./logs/all_Lyapunov_test_dso-fn_d_all_o_01_log.txt
SpawnPoolWorker-713| 2026-06-21 23:06:29,675,675 multiprocessing INFO child process calling self.run()
SpawnPoolWorker-681| 2026-06-21 23:06:30,118,118 multiprocessing INFO STARTING NEW RUN ==========
SpawnPoolWorker-681| 2026-06-21 23:06:30,118,118 multiprocessing INFO SEE LOG AT : ./logs/all_Lyapunov_test_dso-fn_d_all_o_01_log.txt
SpawnPoolWorker-681| 2026-06-21 23:06:30,118,118 multiprocessing INFO See log at : ./logs/all_Lyapunov_test_dso-fn_d_all_o_01_log.txt
SpawnPoolWorker-681| 2026-06-21 23:06:30,144,144 multiprocessing INFO child process calling self.run()
SpawnPoolWorker-684| 2026-06-21 23:06:30,844,844 multiprocessing INFO STARTING NEW RUN ==========
SpawnPoolWorker-684| 2026-06-21 23:06:30,845,845 multiprocessing INFO SEE LOG AT : ./logs/all_Lyapunov_test_dso-fn_d_all_o_01_log.txt
SpawnPoolWorker-684| 2026-06-21 23:06:30,845,845 multiprocessing INFO See log at : ./logs/all_Lyapunov_test_dso-fn_d_all_o_01_log.txt
SpawnPoolWorker-684| 2026-06-21 23:06:30,873,873 multiprocessing INFO child process calling self.run()
SpawnPoolWorker-694| 2026-06-21 23:06:31,260,260 multiprocessing INFO STARTING NEW RUN ==========
SpawnPoolWorker-694| 2026-06-21 23:06:31,261,261 multiprocessing INFO SEE LOG AT : ./logs/all_Lyapunov_test_dso-fn_d_all_o_01_log.txt
SpawnPoolWorker-694| 2026-06-21 23:06:31,261,261 multiprocessing INFO See log at : ./logs/all_Lyapunov_test_dso-fn_d_all_o_01_log.txt
SpawnPoolWorker-694| 2026-06-21 23:06:31,268,268 multiprocessing INFO child process calling self.run()
SpawnPoolWorker-705| 2026-06-21 23:06:31,412,412 multiprocessing INFO STARTING NEW RUN ==========
SpawnPoolWorker-705| 2026-06-21 23:06:31,413,413 multiprocessing INFO SEE LOG AT : ./logs/all_Lyapunov_test_dso-fn_d_all_o_01_log.txt
SpawnPoolWorker-705| 2026-06-21 23:06:31,413,413 multiprocessing INFO See log at : ./logs/all_Lyapunov_test_dso-fn_d_all_o_01_log.txt
SpawnPoolWorker-705| 2026-06-21 23:06:31,419,419 multiprocessing INFO child process calling self.run()
SpawnPoolWorker-715| 2026-06-21 23:06:31,490,490 multiprocessing INFO STARTING NEW RUN ==========
SpawnPoolWorker-715| 2026-06-21 23:06:31,494,494 multiprocessing INFO SEE LOG AT : ./logs/all_Lyapunov_test_dso-fn_d_all_o_01_log.txt
SpawnPoolWorker-715| 2026-06-21 23:06:31,495,495 multiprocessing INFO See log at : ./logs/all_Lyapunov_test_dso-fn_d_all_o_01_log.txt
SpawnPoolWorker-715| 2026-06-21 23:06:31,503,503 multiprocessing INFO child process calling self.run()
SpawnPoolWorker-686| 2026-06-21 23:06:31,560,560 multiprocessing INFO STARTING NEW RUN ==========
SpawnPoolWorker-686| 2026-06-21 23:06:31,560,560 multiprocessing INFO SEE LOG AT : ./logs/all_Lyapunov_test_dso-fn_d_all_o_01_log.txt
SpawnPoolWorker-686| 2026-06-21 23:06:31,560,560 multiprocessing INFO See log at : ./logs/all_Lyapunov_test_dso-fn_d_all_o_01_log.txt
SpawnPoolWorker-686| 2026-06-21 23:06:31,567,567 multiprocessing INFO child process calling self.run()
SpawnPoolWorker-688| 2026-06-21 23:06:31,680,680 multiprocessing INFO STARTING NEW RUN ==========
SpawnPoolWorker-688| 2026-06-21 23:06:31,680,680 multiprocessing INFO SEE LOG AT : ./logs/all_Lyapunov_test_dso-fn_d_all_o_01_log.txt
SpawnPoolWorker-688| 2026-06-21 23:06:31,680,680 multiprocessing INFO See log at : ./logs/all_Lyapunov_test_dso-fn_d_all_o_01_log.txt
SpawnPoolWorker-688| 2026-06-21 23:06:31,687,687 multiprocessing INFO child process calling self.run()
SpawnPoolWorker-700| 2026-06-21 23:06:31,778,778 multiprocessing INFO STARTING NEW RUN ==========
SpawnPoolWorker-700| 2026-06-21 23:06:31,778,778 multiprocessing INFO SEE LOG AT : ./logs/all_Lyapunov_test_dso-fn_d_all_o_01_log.txt
SpawnPoolWorker-700| 2026-06-21 23:06:31,778,778 multiprocessing INFO See log at : ./logs/all_Lyapunov_test_dso-fn_d_all_o_01_log.txt
SpawnPoolWorker-700| 2026-06-21 23:06:31,790,790 multiprocessing INFO child process calling self.run()
SpawnPoolWorker-682| 2026-06-21 23:06:31,866,866 multiprocessing INFO STARTING NEW RUN ==========
SpawnPoolWorker-682| 2026-06-21 23:06:31,866,866 multiprocessing INFO SEE LOG AT : ./logs/all_Lyapunov_test_dso-fn_d_all_o_01_log.txt
SpawnPoolWorker-682| 2026-06-21 23:06:31,866,866 multiprocessing INFO See log at : ./logs/all_Lyapunov_test_dso-fn_d_all_o_01_log.txt
SpawnPoolWorker-729| 2026-06-21 23:06:31,867,867 multiprocessing INFO STARTING NEW RUN ==========
SpawnPoolWorker-729| 2026-06-21 23:06:31,867,867 multiprocessing INFO SEE LOG AT : ./logs/all_Lyapunov_test_dso-fn_d_all_o_01_log.txt
SpawnPoolWorker-729| 2026-06-21 23:06:31,867,867 multiprocessing INFO See log at : ./logs/all_Lyapunov_test_dso-fn_d_all_o_01_log.txt
SpawnPoolWorker-682| 2026-06-21 23:06:31,870,870 multiprocessing INFO child process calling self.run()
SpawnPoolWorker-729| 2026-06-21 23:06:31,871,871 multiprocessing INFO child process calling self.run()
SpawnPoolWorker-709| 2026-06-21 23:06:31,893,893 multiprocessing INFO STARTING NEW RUN ==========
SpawnPoolWorker-709| 2026-06-21 23:06:31,893,893 multiprocessing INFO SEE LOG AT : ./logs/all_Lyapunov_test_dso-fn_d_all_o_01_log.txt
SpawnPoolWorker-709| 2026-06-21 23:06:31,893,893 multiprocessing INFO See log at : ./logs/all_Lyapunov_test_dso-fn_d_all_o_01_log.txt
SpawnPoolWorker-709| 2026-06-21 23:06:31,898,898 multiprocessing INFO child process calling self.run()
SpawnPoolWorker-711| 2026-06-21 23:06:32,026,26 multiprocessing INFO STARTING NEW RUN ==========
SpawnPoolWorker-711| 2026-06-21 23:06:32,027,27 multiprocessing INFO SEE LOG AT : ./logs/all_Lyapunov_test_dso-fn_d_all_o_01_log.txt
SpawnPoolWorker-711| 2026-06-21 23:06:32,027,27 multiprocessing INFO See log at : ./logs/all_Lyapunov_test_dso-fn_d_all_o_01_log.txt
SpawnPoolWorker-711| 2026-06-21 23:06:32,060,60 multiprocessing INFO child process calling self.run()
SpawnPoolWorker-699| 2026-06-21 23:06:32,383,383 multiprocessing INFO STARTING NEW RUN ==========
SpawnPoolWorker-699| 2026-06-21 23:06:32,383,383 multiprocessing INFO SEE LOG AT : ./logs/all_Lyapunov_test_dso-fn_d_all_o_01_log.txt
SpawnPoolWorker-699| 2026-06-21 23:06:32,383,383 multiprocessing INFO See log at : ./logs/all_Lyapunov_test_dso-fn_d_all_o_01_log.txt
SpawnPoolWorker-699| 2026-06-21 23:06:32,386,386 multiprocessing INFO child process calling self.run()
SpawnPoolWorker-716| 2026-06-21 23:06:32,443,443 multiprocessing INFO STARTING NEW RUN ==========
SpawnPoolWorker-716| 2026-06-21 23:06:32,443,443 multiprocessing INFO SEE LOG AT : ./logs/all_Lyapunov_test_dso-fn_d_all_o_01_log.txt
SpawnPoolWorker-716| 2026-06-21 23:06:32,443,443 multiprocessing INFO See log at : ./logs/all_Lyapunov_test_dso-fn_d_all_o_01_log.txt
SpawnPoolWorker-716| 2026-06-21 23:06:32,445,445 multiprocessing INFO child process calling self.run()
SpawnPoolWorker-692| 2026-06-21 23:06:32,456,456 multiprocessing INFO STARTING NEW RUN ==========
SpawnPoolWorker-692| 2026-06-21 23:06:32,456,456 multiprocessing INFO SEE LOG AT : ./logs/all_Lyapunov_test_dso-fn_d_all_o_01_log.txt
SpawnPoolWorker-692| 2026-06-21 23:06:32,457,457 multiprocessing INFO See log at : ./logs/all_Lyapunov_test_dso-fn_d_all_o_01_log.txt
SpawnPoolWorker-692| 2026-06-21 23:06:32,463,463 multiprocessing INFO child process calling self.run()
SpawnPoolWorker-677| 2026-06-21 23:06:32,527,527 multiprocessing INFO STARTING NEW RUN ==========
SpawnPoolWorker-677| 2026-06-21 23:06:32,527,527 multiprocessing INFO SEE LOG AT : ./logs/all_Lyapunov_test_dso-fn_d_all_o_01_log.txt
SpawnPoolWorker-677| 2026-06-21 23:06:32,527,527 multiprocessing INFO See log at : ./logs/all_Lyapunov_test_dso-fn_d_all_o_01_log.txt
SpawnPoolWorker-680| 2026-06-21 23:06:32,528,528 multiprocessing INFO STARTING NEW RUN ==========
SpawnPoolWorker-680| 2026-06-21 23:06:32,528,528 multiprocessing INFO SEE LOG AT : ./logs/all_Lyapunov_test_dso-fn_d_all_o_01_log.txt
SpawnPoolWorker-680| 2026-06-21 23:06:32,529,529 multiprocessing INFO See log at : ./logs/all_Lyapunov_test_dso-fn_d_all_o_01_log.txt
SpawnPoolWorker-677| 2026-06-21 23:06:32,530,530 multiprocessing INFO child process calling self.run()
SpawnPoolWorker-680| 2026-06-21 23:06:32,531,531 multiprocessing INFO child process calling self.run()
SpawnPoolWorker-718| 2026-06-21 23:06:32,542,542 multiprocessing INFO STARTING NEW RUN ==========
SpawnPoolWorker-718| 2026-06-21 23:06:32,542,542 multiprocessing INFO SEE LOG AT : ./logs/all_Lyapunov_test_dso-fn_d_all_o_01_log.txt
SpawnPoolWorker-718| 2026-06-21 23:06:32,542,542 multiprocessing INFO See log at : ./logs/all_Lyapunov_test_dso-fn_d_all_o_01_log.txt
SpawnPoolWorker-718| 2026-06-21 23:06:32,578,578 multiprocessing INFO child process calling self.run()
SpawnPoolWorker-689| 2026-06-21 23:06:32,687,687 multiprocessing INFO STARTING NEW RUN ==========
SpawnPoolWorker-689| 2026-06-21 23:06:32,687,687 multiprocessing INFO SEE LOG AT : ./logs/all_Lyapunov_test_dso-fn_d_all_o_01_log.txt
SpawnPoolWorker-689| 2026-06-21 23:06:32,688,688 multiprocessing INFO See log at : ./logs/all_Lyapunov_test_dso-fn_d_all_o_01_log.txt
SpawnPoolWorker-689| 2026-06-21 23:06:32,691,691 multiprocessing INFO child process calling self.run()
SpawnPoolWorker-723| 2026-06-21 23:06:32,711,711 multiprocessing INFO STARTING NEW RUN ==========
SpawnPoolWorker-723| 2026-06-21 23:06:32,712,712 multiprocessing INFO SEE LOG AT : ./logs/all_Lyapunov_test_dso-fn_d_all_o_01_log.txt
SpawnPoolWorker-723| 2026-06-21 23:06:32,712,712 multiprocessing INFO See log at : ./logs/all_Lyapunov_test_dso-fn_d_all_o_01_log.txt
SpawnPoolWorker-723| 2026-06-21 23:06:32,714,714 multiprocessing INFO child process calling self.run()
SpawnPoolWorker-701| 2026-06-21 23:06:32,783,783 multiprocessing INFO STARTING NEW RUN ==========
SpawnPoolWorker-701| 2026-06-21 23:06:32,783,783 multiprocessing INFO SEE LOG AT : ./logs/all_Lyapunov_test_dso-fn_d_all_o_01_log.txt
SpawnPoolWorker-701| 2026-06-21 23:06:32,783,783 multiprocessing INFO See log at : ./logs/all_Lyapunov_test_dso-fn_d_all_o_01_log.txt
SpawnPoolWorker-701| 2026-06-21 23:06:32,790,790 multiprocessing INFO child process calling self.run()
SpawnPoolWorker-693| 2026-06-21 23:06:32,806,806 multiprocessing INFO STARTING NEW RUN ==========
SpawnPoolWorker-693| 2026-06-21 23:06:32,806,806 multiprocessing INFO SEE LOG AT : ./logs/all_Lyapunov_test_dso-fn_d_all_o_01_log.txt
SpawnPoolWorker-693| 2026-06-21 23:06:32,806,806 multiprocessing INFO See log at : ./logs/all_Lyapunov_test_dso-fn_d_all_o_01_log.txt
SpawnPoolWorker-693| 2026-06-21 23:06:32,822,822 multiprocessing INFO child process calling self.run()
SpawnPoolWorker-706| 2026-06-21 23:06:32,850,850 multiprocessing INFO STARTING NEW RUN ==========
SpawnPoolWorker-706| 2026-06-21 23:06:32,851,851 multiprocessing INFO SEE LOG AT : ./logs/all_Lyapunov_test_dso-fn_d_all_o_01_log.txt
SpawnPoolWorker-706| 2026-06-21 23:06:32,851,851 multiprocessing INFO See log at : ./logs/all_Lyapunov_test_dso-fn_d_all_o_01_log.txt
SpawnPoolWorker-697| 2026-06-21 23:06:32,852,852 multiprocessing INFO STARTING NEW RUN ==========
SpawnPoolWorker-697| 2026-06-21 23:06:32,852,852 multiprocessing INFO SEE LOG AT : ./logs/all_Lyapunov_test_dso-fn_d_all_o_01_log.txt
SpawnPoolWorker-697| 2026-06-21 23:06:32,852,852 multiprocessing INFO See log at : ./logs/all_Lyapunov_test_dso-fn_d_all_o_01_log.txt
SpawnPoolWorker-706| 2026-06-21 23:06:32,854,854 multiprocessing INFO child process calling self.run()
SpawnPoolWorker-697| 2026-06-21 23:06:32,854,854 multiprocessing INFO child process calling self.run()
SpawnPoolWorker-696| 2026-06-21 23:06:32,859,859 multiprocessing INFO STARTING NEW RUN ==========
SpawnPoolWorker-696| 2026-06-21 23:06:32,859,859 multiprocessing INFO SEE LOG AT : ./logs/all_Lyapunov_test_dso-fn_d_all_o_01_log.txt
SpawnPoolWorker-696| 2026-06-21 23:06:32,859,859 multiprocessing INFO See log at : ./logs/all_Lyapunov_test_dso-fn_d_all_o_01_log.txt
SpawnPoolWorker-702| 2026-06-21 23:06:32,865,865 multiprocessing INFO process shutting down
SpawnPoolWorker-683| 2026-06-21 23:06:32,865,865 multiprocessing INFO process shutting down
SpawnPoolWorker-702| 2026-06-21 23:06:32,865,865 multiprocessing INFO process exiting with exitcode 0
SpawnPoolWorker-683| 2026-06-21 23:06:32,865,865 multiprocessing INFO process exiting with exitcode 0
SpawnPoolWorker-691| 2026-06-21 23:06:32,866,866 multiprocessing INFO process shutting down
SpawnPoolWorker-690| 2026-06-21 23:06:32,866,866 multiprocessing INFO process shutting down
SpawnPoolWorker-681| 2026-06-21 23:06:32,866,866 multiprocessing INFO process shutting down
SpawnPoolWorker-678| 2026-06-21 23:06:32,866,866 multiprocessing INFO process shutting down
SpawnPoolWorker-713| 2026-06-21 23:06:32,867,867 multiprocessing INFO process shutting down
SpawnPoolWorker-694| 2026-06-21 23:06:32,867,867 multiprocessing INFO process shutting down
SpawnPoolWorker-705| 2026-06-21 23:06:32,867,867 multiprocessing INFO process shutting down
SpawnPoolWorker-719| 2026-06-21 23:06:32,867,867 multiprocessing INFO process shutting down
SpawnPoolWorker-685| 2026-06-21 23:06:32,867,867 multiprocessing INFO process shutting down
SpawnPoolWorker-715| 2026-06-21 23:06:32,867,867 multiprocessing INFO process shutting down
SpawnPoolWorker-691| 2026-06-21 23:06:32,867,867 multiprocessing INFO process exiting with exitcode 0
SpawnPoolWorker-686| 2026-06-21 23:06:32,867,867 multiprocessing INFO process shutting down
SpawnPoolWorker-686| 2026-06-21 23:06:32,868,868 multiprocessing INFO process exiting with exitcode 0
SpawnPoolWorker-696| 2026-06-21 23:06:32,868,868 multiprocessing INFO child process calling self.run()
SpawnPoolWorker-700| 2026-06-21 23:06:32,868,868 multiprocessing INFO process shutting down
SpawnPoolWorker-682| 2026-06-21 23:06:32,868,868 multiprocessing INFO process shutting down
SpawnPoolWorker-729| 2026-06-21 23:06:32,869,869 multiprocessing INFO process shutting down
SpawnPoolWorker-709| 2026-06-21 23:06:32,869,869 multiprocessing INFO process shutting down
SpawnPoolWorker-711| 2026-06-21 23:06:32,869,869 multiprocessing INFO process shutting down
SpawnPoolWorker-696| 2026-06-21 23:06:32,869,869 multiprocessing INFO process shutting down
SpawnPoolWorker-716| 2026-06-21 23:06:32,869,869 multiprocessing INFO process shutting down
SpawnPoolWorker-696| 2026-06-21 23:06:32,870,870 multiprocessing INFO process exiting with exitcode 0
SpawnPoolWorker-716| 2026-06-21 23:06:32,870,870 multiprocessing INFO process exiting with exitcode 0
SpawnPoolWorker-677| 2026-06-21 23:06:32,870,870 multiprocessing INFO process shutting down
SpawnPoolWorker-680| 2026-06-21 23:06:32,870,870 multiprocessing INFO process shutting down
SpawnPoolWorker-692| 2026-06-21 23:06:32,870,870 multiprocessing INFO process shutting down
SpawnPoolWorker-718| 2026-06-21 23:06:32,870,870 multiprocessing INFO process shutting down
SpawnPoolWorker-689| 2026-06-21 23:06:32,870,870 multiprocessing INFO process shutting down
SpawnPoolWorker-723| 2026-06-21 23:06:32,870,870 multiprocessing INFO process shutting down
SpawnPoolWorker-701| 2026-06-21 23:06:32,870,870 multiprocessing INFO process shutting down
SpawnPoolWorker-699| 2026-06-21 23:06:32,871,871 multiprocessing INFO process shutting down
SpawnPoolWorker-693| 2026-06-21 23:06:32,871,871 multiprocessing INFO process shutting down
SpawnPoolWorker-697| 2026-06-21 23:06:32,871,871 multiprocessing INFO process shutting down
SpawnPoolWorker-719| 2026-06-21 23:06:32,885,885 multiprocessing INFO process exiting with exitcode 0
SpawnPoolWorker-715| 2026-06-21 23:06:32,891,891 multiprocessing INFO process exiting with exitcode 0
SpawnPoolWorker-729| 2026-06-21 23:06:32,896,896 multiprocessing INFO process exiting with exitcode 0
SpawnPoolWorker-718| 2026-06-21 23:06:32,902,902 multiprocessing INFO process exiting with exitcode 0
SpawnPoolWorker-723| 2026-06-21 23:06:32,908,908 multiprocessing INFO process exiting with exitcode 0
28
(100000, 4)
(100000,)
(100000, 4)
(100000,)

=======================Successfully Added (37731, 4) Counter Examples=======================


============None of the candidates fulfill the conditions. Training CONTINUES!=================

MainProcess| 2026-06-21 23:06:34,299,299 multiprocessing INFO 
============None of the candidates fulfill the conditions. Training CONTINUES!=================


============None of the candidates fulfill the conditions. Training CONTINUES!=================

(55, 128)
/users/9/chen8596/miniconda3/envs/alfd/lib/python3.9/site-packages/torch/nn/functional.py:4999: UserWarning: Support for mismatched key_padding_mask and attn_mask is deprecated. Use same type for both instead.
  warnings.warn(

==============Start Supervised Learning==============

MainProcess| 2026-06-21 23:06:36,535,535 multiprocessing INFO GP output mean: 0.9836410271821471
GP output mean: 0.9836410271821471
MainProcess| 2026-06-21 23:06:36,815,815 multiprocessing INFO GP output success rate: 0.0
GP output success rate: 0.0

==============End Supervised Learning==============

MainProcess| 2026-06-21 23:06:38,143,143 multiprocessing INFO [Test epoch=0010]  nevals=138168 	| train_loss=4848.89258 	| eqs_invalid %=2.18 	| r_best=0.98973 	| quantile=0.79304 	| r_quantile_mean=0.83922 	| r_raw_sum=86.48813 	|  r_raw_mean=0.51789 	| r2=nan 	| acc_iid=0.00000 	| acc_ood=0.00000 	| nmse_test=3.532310905320651e-05 	| true_equation_set_count=0 	| s/it=117.43575
[Test epoch=0010]  nevals=138168 	| train_loss=4848.89258 	| eqs_invalid %=2.18 	| r_best=0.98973 	| quantile=0.79304 	| r_quantile_mean=0.83922 	| r_raw_sum=86.48813 	|  r_raw_mean=0.51789 	| r2=nan 	| acc_iid=0.00000 	| acc_ood=0.00000 	| nmse_test=3.532310905320651e-05 	| true_equation_set_count=0 	| s/it=117.43575
MainProcess| 2026-06-21 23:06:38,143,143 multiprocessing INFO [00:00:25:12.24] Training epoch 10/4000, current best R: 0.9897
[00:00:25:12.24] Training epoch 10/4000, current best R: 0.9897
MainProcess| 2026-06-21 23:07:49,174,174 multiprocessing INFO Genetic Porgramming Runtime 70.5429455480189
Genetic Porgramming Runtime 70.5429455480189

=========================PGD Collection Starts=========================

SpawnPoolWorker-744| 2026-06-21 23:07:54,068,68 multiprocessing INFO STARTING NEW RUN ==========
SpawnPoolWorker-744| 2026-06-21 23:07:54,068,68 multiprocessing INFO SEE LOG AT : ./logs/all_Lyapunov_test_dso-fn_d_all_o_01_log.txt
SpawnPoolWorker-744| 2026-06-21 23:07:54,068,68 multiprocessing INFO See log at : ./logs/all_Lyapunov_test_dso-fn_d_all_o_01_log.txt
SpawnPoolWorker-744| 2026-06-21 23:07:54,070,70 multiprocessing INFO child process calling self.run()
SpawnPoolWorker-741| 2026-06-21 23:07:54,072,72 multiprocessing INFO STARTING NEW RUN ==========
SpawnPoolWorker-741| 2026-06-21 23:07:54,072,72 multiprocessing INFO SEE LOG AT : ./logs/all_Lyapunov_test_dso-fn_d_all_o_01_log.txt
SpawnPoolWorker-741| 2026-06-21 23:07:54,072,72 multiprocessing INFO See log at : ./logs/all_Lyapunov_test_dso-fn_d_all_o_01_log.txt
SpawnPoolWorker-741| 2026-06-21 23:07:54,074,74 multiprocessing INFO child process calling self.run()
SpawnPoolWorker-743| 2026-06-21 23:07:54,096,96 multiprocessing INFO STARTING NEW RUN ==========
SpawnPoolWorker-743| 2026-06-21 23:07:54,096,96 multiprocessing INFO SEE LOG AT : ./logs/all_Lyapunov_test_dso-fn_d_all_o_01_log.txt
SpawnPoolWorker-743| 2026-06-21 23:07:54,096,96 multiprocessing INFO See log at : ./logs/all_Lyapunov_test_dso-fn_d_all_o_01_log.txt
SpawnPoolWorker-743| 2026-06-21 23:07:54,098,98 multiprocessing INFO child process calling self.run()
SpawnPoolWorker-745| 2026-06-21 23:07:54,112,112 multiprocessing INFO STARTING NEW RUN ==========
SpawnPoolWorker-745| 2026-06-21 23:07:54,112,112 multiprocessing INFO SEE LOG AT : ./logs/all_Lyapunov_test_dso-fn_d_all_o_01_log.txt
SpawnPoolWorker-745| 2026-06-21 23:07:54,112,112 multiprocessing INFO See log at : ./logs/all_Lyapunov_test_dso-fn_d_all_o_01_log.txt
SpawnPoolWorker-745| 2026-06-21 23:07:54,114,114 multiprocessing INFO child process calling self.run()
SpawnPoolWorker-742| 2026-06-21 23:07:54,129,129 multiprocessing INFO STARTING NEW RUN ==========
SpawnPoolWorker-742| 2026-06-21 23:07:54,129,129 multiprocessing INFO SEE LOG AT : ./logs/all_Lyapunov_test_dso-fn_d_all_o_01_log.txt
SpawnPoolWorker-742| 2026-06-21 23:07:54,129,129 multiprocessing INFO See log at : ./logs/all_Lyapunov_test_dso-fn_d_all_o_01_log.txt
SpawnPoolWorker-742| 2026-06-21 23:07:54,132,132 multiprocessing INFO child process calling self.run()
SpawnPoolWorker-746| 2026-06-21 23:07:54,181,181 multiprocessing INFO STARTING NEW RUN ==========
SpawnPoolWorker-746| 2026-06-21 23:07:54,181,181 multiprocessing INFO SEE LOG AT : ./logs/all_Lyapunov_test_dso-fn_d_all_o_01_log.txt
SpawnPoolWorker-746| 2026-06-21 23:07:54,181,181 multiprocessing INFO See log at : ./logs/all_Lyapunov_test_dso-fn_d_all_o_01_log.txt
SpawnPoolWorker-746| 2026-06-21 23:07:54,184,184 multiprocessing INFO child process calling self.run()
SpawnPoolWorker-750| 2026-06-21 23:07:54,230,230 multiprocessing INFO STARTING NEW RUN ==========
SpawnPoolWorker-750| 2026-06-21 23:07:54,231,231 multiprocessing INFO SEE LOG AT : ./logs/all_Lyapunov_test_dso-fn_d_all_o_01_log.txt
SpawnPoolWorker-750| 2026-06-21 23:07:54,231,231 multiprocessing INFO See log at : ./logs/all_Lyapunov_test_dso-fn_d_all_o_01_log.txt
SpawnPoolWorker-750| 2026-06-21 23:07:54,232,232 multiprocessing INFO child process calling self.run()
SpawnPoolWorker-749| 2026-06-21 23:07:54,247,247 multiprocessing INFO STARTING NEW RUN ==========
SpawnPoolWorker-749| 2026-06-21 23:07:54,247,247 multiprocessing INFO SEE LOG AT : ./logs/all_Lyapunov_test_dso-fn_d_all_o_01_log.txt
SpawnPoolWorker-749| 2026-06-21 23:07:54,247,247 multiprocessing INFO See log at : ./logs/all_Lyapunov_test_dso-fn_d_all_o_01_log.txt
SpawnPoolWorker-749| 2026-06-21 23:07:54,249,249 multiprocessing INFO child process calling self.run()
SpawnPoolWorker-747| 2026-06-21 23:07:54,266,266 multiprocessing INFO STARTING NEW RUN ==========
SpawnPoolWorker-747| 2026-06-21 23:07:54,267,267 multiprocessing INFO SEE LOG AT : ./logs/all_Lyapunov_test_dso-fn_d_all_o_01_log.txt
SpawnPoolWorker-747| 2026-06-21 23:07:54,267,267 multiprocessing INFO See log at : ./logs/all_Lyapunov_test_dso-fn_d_all_o_01_log.txt
SpawnPoolWorker-747| 2026-06-21 23:07:54,269,269 multiprocessing INFO child process calling self.run()
SpawnPoolWorker-748| 2026-06-21 23:07:54,332,332 multiprocessing INFO STARTING NEW RUN ==========
SpawnPoolWorker-748| 2026-06-21 23:07:54,332,332 multiprocessing INFO SEE LOG AT : ./logs/all_Lyapunov_test_dso-fn_d_all_o_01_log.txt
SpawnPoolWorker-748| 2026-06-21 23:07:54,332,332 multiprocessing INFO See log at : ./logs/all_Lyapunov_test_dso-fn_d_all_o_01_log.txt
SpawnPoolWorker-748| 2026-06-21 23:07:54,334,334 multiprocessing INFO child process calling self.run()
SpawnPoolWorker-748| 2026-06-21 23:08:22,780,780 multiprocessing INFO process shutting down
SpawnPoolWorker-742| 2026-06-21 23:08:22,780,780 multiprocessing INFO process shutting down
SpawnPoolWorker-748| 2026-06-21 23:08:22,781,781 multiprocessing INFO process exiting with exitcode 0
SpawnPoolWorker-742| 2026-06-21 23:08:22,781,781 multiprocessing INFO process exiting with exitcode 0
SpawnPoolWorker-746| 2026-06-21 23:08:22,782,782 multiprocessing INFO process shutting down
SpawnPoolWorker-749| 2026-06-21 23:08:22,782,782 multiprocessing INFO process shutting down
SpawnPoolWorker-745| 2026-06-21 23:08:22,782,782 multiprocessing INFO process shutting down
SpawnPoolWorker-743| 2026-06-21 23:08:22,782,782 multiprocessing INFO process shutting down
SpawnPoolWorker-747| 2026-06-21 23:08:22,782,782 multiprocessing INFO process shutting down
SpawnPoolWorker-750| 2026-06-21 23:08:22,782,782 multiprocessing INFO process shutting down
(20000,)

===================Collect 20000 Examples===================

Epsilon 0.1
500
(550,)
(550,)
(55,)
Number of Programs for Minimization: 28
SpawnPoolWorker-789| 2026-06-21 23:08:51,087,87 multiprocessing INFO STARTING NEW RUN ==========
SpawnPoolWorker-789| 2026-06-21 23:08:51,087,87 multiprocessing INFO SEE LOG AT : ./logs/all_Lyapunov_test_dso-fn_d_all_o_01_log.txt
SpawnPoolWorker-789| 2026-06-21 23:08:51,087,87 multiprocessing INFO See log at : ./logs/all_Lyapunov_test_dso-fn_d_all_o_01_log.txt
SpawnPoolWorker-789| 2026-06-21 23:08:51,100,100 multiprocessing INFO child process calling self.run()
SpawnPoolWorker-754| 2026-06-21 23:08:51,240,240 multiprocessing INFO STARTING NEW RUN ==========
SpawnPoolWorker-754| 2026-06-21 23:08:51,240,240 multiprocessing INFO SEE LOG AT : ./logs/all_Lyapunov_test_dso-fn_d_all_o_01_log.txt
SpawnPoolWorker-754| 2026-06-21 23:08:51,240,240 multiprocessing INFO See log at : ./logs/all_Lyapunov_test_dso-fn_d_all_o_01_log.txt
SpawnPoolWorker-754| 2026-06-21 23:08:51,243,243 multiprocessing INFO child process calling self.run()
SpawnPoolWorker-756| 2026-06-21 23:08:51,365,365 multiprocessing INFO STARTING NEW RUN ==========
SpawnPoolWorker-756| 2026-06-21 23:08:51,365,365 multiprocessing INFO SEE LOG AT : ./logs/all_Lyapunov_test_dso-fn_d_all_o_01_log.txt
SpawnPoolWorker-756| 2026-06-21 23:08:51,365,365 multiprocessing INFO See log at : ./logs/all_Lyapunov_test_dso-fn_d_all_o_01_log.txt
SpawnPoolWorker-756| 2026-06-21 23:08:51,373,373 multiprocessing INFO child process calling self.run()
SpawnPoolWorker-774| 2026-06-21 23:08:52,356,356 multiprocessing INFO STARTING NEW RUN ==========
SpawnPoolWorker-774| 2026-06-21 23:08:52,356,356 multiprocessing INFO SEE LOG AT : ./logs/all_Lyapunov_test_dso-fn_d_all_o_01_log.txt
SpawnPoolWorker-774| 2026-06-21 23:08:52,356,356 multiprocessing INFO See log at : ./logs/all_Lyapunov_test_dso-fn_d_all_o_01_log.txt
SpawnPoolWorker-774| 2026-06-21 23:08:52,364,364 multiprocessing INFO child process calling self.run()
SpawnPoolWorker-761| 2026-06-21 23:08:52,474,474 multiprocessing INFO STARTING NEW RUN ==========
SpawnPoolWorker-761| 2026-06-21 23:08:52,474,474 multiprocessing INFO SEE LOG AT : ./logs/all_Lyapunov_test_dso-fn_d_all_o_01_log.txt
SpawnPoolWorker-761| 2026-06-21 23:08:52,474,474 multiprocessing INFO See log at : ./logs/all_Lyapunov_test_dso-fn_d_all_o_01_log.txt
SpawnPoolWorker-761| 2026-06-21 23:08:52,479,479 multiprocessing INFO child process calling self.run()
SpawnPoolWorker-765| 2026-06-21 23:08:52,679,679 multiprocessing INFO STARTING NEW RUN ==========
SpawnPoolWorker-765| 2026-06-21 23:08:52,679,679 multiprocessing INFO SEE LOG AT : ./logs/all_Lyapunov_test_dso-fn_d_all_o_01_log.txt
SpawnPoolWorker-765| 2026-06-21 23:08:52,679,679 multiprocessing INFO See log at : ./logs/all_Lyapunov_test_dso-fn_d_all_o_01_log.txt
SpawnPoolWorker-765| 2026-06-21 23:08:52,699,699 multiprocessing INFO child process calling self.run()
SpawnPoolWorker-784| 2026-06-21 23:08:53,081,81 multiprocessing INFO STARTING NEW RUN ==========
SpawnPoolWorker-784| 2026-06-21 23:08:53,081,81 multiprocessing INFO SEE LOG AT : ./logs/all_Lyapunov_test_dso-fn_d_all_o_01_log.txt
SpawnPoolWorker-784| 2026-06-21 23:08:53,081,81 multiprocessing INFO See log at : ./logs/all_Lyapunov_test_dso-fn_d_all_o_01_log.txt
SpawnPoolWorker-784| 2026-06-21 23:08:53,110,110 multiprocessing INFO child process calling self.run()
SpawnPoolWorker-767| 2026-06-21 23:08:53,521,521 multiprocessing INFO STARTING NEW RUN ==========
SpawnPoolWorker-767| 2026-06-21 23:08:53,521,521 multiprocessing INFO SEE LOG AT : ./logs/all_Lyapunov_test_dso-fn_d_all_o_01_log.txt
SpawnPoolWorker-767| 2026-06-21 23:08:53,521,521 multiprocessing INFO See log at : ./logs/all_Lyapunov_test_dso-fn_d_all_o_01_log.txt
SpawnPoolWorker-767| 2026-06-21 23:08:53,530,530 multiprocessing INFO child process calling self.run()
SpawnPoolWorker-764| 2026-06-21 23:08:53,564,564 multiprocessing INFO STARTING NEW RUN ==========
SpawnPoolWorker-764| 2026-06-21 23:08:53,564,564 multiprocessing INFO SEE LOG AT : ./logs/all_Lyapunov_test_dso-fn_d_all_o_01_log.txt
SpawnPoolWorker-764| 2026-06-21 23:08:53,564,564 multiprocessing INFO See log at : ./logs/all_Lyapunov_test_dso-fn_d_all_o_01_log.txt
SpawnPoolWorker-764| 2026-06-21 23:08:53,594,594 multiprocessing INFO child process calling self.run()
SpawnPoolWorker-751| 2026-06-21 23:08:53,626,626 multiprocessing INFO STARTING NEW RUN ==========
SpawnPoolWorker-751| 2026-06-21 23:08:53,626,626 multiprocessing INFO SEE LOG AT : ./logs/all_Lyapunov_test_dso-fn_d_all_o_01_log.txt
SpawnPoolWorker-751| 2026-06-21 23:08:53,626,626 multiprocessing INFO See log at : ./logs/all_Lyapunov_test_dso-fn_d_all_o_01_log.txt
SpawnPoolWorker-751| 2026-06-21 23:08:53,633,633 multiprocessing INFO child process calling self.run()
SpawnPoolWorker-766| 2026-06-21 23:08:53,845,845 multiprocessing INFO STARTING NEW RUN ==========
SpawnPoolWorker-766| 2026-06-21 23:08:53,845,845 multiprocessing INFO SEE LOG AT : ./logs/all_Lyapunov_test_dso-fn_d_all_o_01_log.txt
SpawnPoolWorker-766| 2026-06-21 23:08:53,845,845 multiprocessing INFO See log at : ./logs/all_Lyapunov_test_dso-fn_d_all_o_01_log.txt
SpawnPoolWorker-766| 2026-06-21 23:08:53,847,847 multiprocessing INFO child process calling self.run()
SpawnPoolWorker-753| 2026-06-21 23:08:53,897,897 multiprocessing INFO STARTING NEW RUN ==========
SpawnPoolWorker-753| 2026-06-21 23:08:53,898,898 multiprocessing INFO SEE LOG AT : ./logs/all_Lyapunov_test_dso-fn_d_all_o_01_log.txt
SpawnPoolWorker-753| 2026-06-21 23:08:53,898,898 multiprocessing INFO See log at : ./logs/all_Lyapunov_test_dso-fn_d_all_o_01_log.txt
SpawnPoolWorker-753| 2026-06-21 23:08:53,902,902 multiprocessing INFO child process calling self.run()
SpawnPoolWorker-778| 2026-06-21 23:08:54,868,868 multiprocessing INFO STARTING NEW RUN ==========
SpawnPoolWorker-778| 2026-06-21 23:08:54,868,868 multiprocessing INFO SEE LOG AT : ./logs/all_Lyapunov_test_dso-fn_d_all_o_01_log.txt
SpawnPoolWorker-778| 2026-06-21 23:08:54,868,868 multiprocessing INFO See log at : ./logs/all_Lyapunov_test_dso-fn_d_all_o_01_log.txt
SpawnPoolWorker-778| 2026-06-21 23:08:54,884,884 multiprocessing INFO child process calling self.run()
SpawnPoolWorker-757| 2026-06-21 23:08:54,993,993 multiprocessing INFO STARTING NEW RUN ==========
SpawnPoolWorker-757| 2026-06-21 23:08:54,993,993 multiprocessing INFO SEE LOG AT : ./logs/all_Lyapunov_test_dso-fn_d_all_o_01_log.txt
SpawnPoolWorker-757| 2026-06-21 23:08:54,993,993 multiprocessing INFO See log at : ./logs/all_Lyapunov_test_dso-fn_d_all_o_01_log.txt
SpawnPoolWorker-780| 2026-06-21 23:08:54,994,994 multiprocessing INFO STARTING NEW RUN ==========
SpawnPoolWorker-780| 2026-06-21 23:08:54,998,998 multiprocessing INFO SEE LOG AT : ./logs/all_Lyapunov_test_dso-fn_d_all_o_01_log.txt
SpawnPoolWorker-780| 2026-06-21 23:08:54,998,998 multiprocessing INFO See log at : ./logs/all_Lyapunov_test_dso-fn_d_all_o_01_log.txt
SpawnPoolWorker-757| 2026-06-21 23:08:55,023,23 multiprocessing INFO child process calling self.run()
SpawnPoolWorker-780| 2026-06-21 23:08:55,024,24 multiprocessing INFO child process calling self.run()
SpawnPoolWorker-771| 2026-06-21 23:08:55,081,81 multiprocessing INFO STARTING NEW RUN ==========
SpawnPoolWorker-771| 2026-06-21 23:08:55,082,82 multiprocessing INFO SEE LOG AT : ./logs/all_Lyapunov_test_dso-fn_d_all_o_01_log.txt
SpawnPoolWorker-771| 2026-06-21 23:08:55,082,82 multiprocessing INFO See log at : ./logs/all_Lyapunov_test_dso-fn_d_all_o_01_log.txt
SpawnPoolWorker-771| 2026-06-21 23:08:55,111,111 multiprocessing INFO child process calling self.run()
SpawnPoolWorker-781| 2026-06-21 23:08:55,368,368 multiprocessing INFO STARTING NEW RUN ==========
SpawnPoolWorker-781| 2026-06-21 23:08:55,369,369 multiprocessing INFO SEE LOG AT : ./logs/all_Lyapunov_test_dso-fn_d_all_o_01_log.txt
SpawnPoolWorker-781| 2026-06-21 23:08:55,369,369 multiprocessing INFO See log at : ./logs/all_Lyapunov_test_dso-fn_d_all_o_01_log.txt
SpawnPoolWorker-781| 2026-06-21 23:08:55,374,374 multiprocessing INFO child process calling self.run()
SpawnPoolWorker-752| 2026-06-21 23:08:55,376,376 multiprocessing INFO STARTING NEW RUN ==========
SpawnPoolWorker-752| 2026-06-21 23:08:55,376,376 multiprocessing INFO SEE LOG AT : ./logs/all_Lyapunov_test_dso-fn_d_all_o_01_log.txt
SpawnPoolWorker-752| 2026-06-21 23:08:55,376,376 multiprocessing INFO See log at : ./logs/all_Lyapunov_test_dso-fn_d_all_o_01_log.txt
SpawnPoolWorker-752| 2026-06-21 23:08:55,379,379 multiprocessing INFO child process calling self.run()
SpawnPoolWorker-770| 2026-06-21 23:08:55,402,402 multiprocessing INFO STARTING NEW RUN ==========
SpawnPoolWorker-770| 2026-06-21 23:08:55,402,402 multiprocessing INFO SEE LOG AT : ./logs/all_Lyapunov_test_dso-fn_d_all_o_01_log.txt
SpawnPoolWorker-770| 2026-06-21 23:08:55,402,402 multiprocessing INFO See log at : ./logs/all_Lyapunov_test_dso-fn_d_all_o_01_log.txt
SpawnPoolWorker-770| 2026-06-21 23:08:55,410,410 multiprocessing INFO child process calling self.run()
SpawnPoolWorker-766| 2026-06-21 23:08:55,636,636 multiprocessing INFO process shutting down
SpawnPoolWorker-766| 2026-06-21 23:08:55,637,637 multiprocessing INFO process exiting with exitcode 0
SpawnPoolWorker-756| 2026-06-21 23:08:55,637,637 multiprocessing INFO process shutting down
SpawnPoolWorker-767| 2026-06-21 23:08:55,637,637 multiprocessing INFO process shutting down
SpawnPoolWorker-778| 2026-06-21 23:08:55,637,637 multiprocessing INFO process shutting down
SpawnPoolWorker-784| 2026-06-21 23:08:55,638,638 multiprocessing INFO process shutting down
SpawnPoolWorker-789| 2026-06-21 23:08:55,638,638 multiprocessing INFO process shutting down
SpawnPoolWorker-757| 2026-06-21 23:08:55,638,638 multiprocessing INFO process shutting down
SpawnPoolWorker-780| 2026-06-21 23:08:55,638,638 multiprocessing INFO process shutting down
SpawnPoolWorker-751| 2026-06-21 23:08:55,638,638 multiprocessing INFO process shutting down
SpawnPoolWorker-771| 2026-06-21 23:08:55,639,639 multiprocessing INFO process shutting down
SpawnPoolWorker-753| 2026-06-21 23:08:55,639,639 multiprocessing INFO process shutting down
SpawnPoolWorker-764| 2026-06-21 23:08:55,639,639 multiprocessing INFO process shutting down
SpawnPoolWorker-781| 2026-06-21 23:08:55,639,639 multiprocessing INFO process shutting down
SpawnPoolWorker-752| 2026-06-21 23:08:55,639,639 multiprocessing INFO process shutting down
SpawnPoolWorker-770| 2026-06-21 23:08:55,640,640 multiprocessing INFO process shutting down
SpawnPoolWorker-774| 2026-06-21 23:08:55,640,640 multiprocessing INFO process shutting down
SpawnPoolWorker-754| 2026-06-21 23:08:55,640,640 multiprocessing INFO process shutting down
28
(100000, 4)
(100000,)
(100000, 4)
(100000,)

=======================Successfully Added (858, 4) Counter Examples=======================

Number of valid equations: 2. Program should stopped
x3**2 + 2*x4**2 + (x1 - x2 + x3)**2
[x3**2 + 2*x4**2 + (x1 - x2 + x3)**2, x3**2 + 2*x4**2 + (x1 - x2 + x3)**2]
MainProcess| 2026-06-21 23:20:27,667,667 multiprocessing INFO Number of valid equations: 2. Program should stopped
Number of valid equations: 2. Program should stopped
MainProcess| 2026-06-21 23:20:27,667,667 multiprocessing INFO x3**2 + 2*x4**2 + (x1 - x2 + x3)**2
x3**2 + 2*x4**2 + (x1 - x2 + x3)**2
MainProcess| 2026-06-21 23:20:27,668,668 multiprocessing INFO [x3**2 + 2*x4**2 + (x1 - x2 + x3)**2, x3**2 + 2*x4**2 + (x1 - x2 + x3)**2]
[x3**2 + 2*x4**2 + (x1 - x2 + x3)**2, x3**2 + 2*x4**2 + (x1 - x2 + x3)**2]
(55, 128)
/users/9/chen8596/miniconda3/envs/alfd/lib/python3.9/site-packages/torch/nn/functional.py:4999: UserWarning: Support for mismatched key_padding_mask and attn_mask is deprecated. Use same type for both instead.
  warnings.warn(
/users/9/chen8596/LyaDis/repro/runs/power4d/utils/train.py:971: RuntimeWarning: divide by zero encountered in divide
  error = np.abs(((y_hat - y) / y))
/users/9/chen8596/.local/lib/python3.9/site-packages/scipy/stats/_stats_py.py:4424: ConstantInputWarning: An input array is constant; the correlation coefficient is not defined.
  warnings.warn(stats.ConstantInputWarning(msg))
MainProcess| 2026-06-21 23:20:28,240,240 multiprocessing INFO [Test epoch=0011]  nevals=151945 	| train_loss=6488.06738 	| eqs_invalid %=0.00 	| r_best=0.99111 	| quantile=0.83342 	| r_quantile_mean=0.96906 	| r_raw_sum=78.15586 	|  r_raw_mean=0.63541 	| r2=nan 	| acc_iid=0.00000 	| acc_ood=0.00000 	| nmse_test=0.0 	| true_equation_set_count=0 	| s/it=830.09696
[Test epoch=0011]  nevals=151945 	| train_loss=6488.06738 	| eqs_invalid %=0.00 	| r_best=0.99111 	| quantile=0.83342 	| r_quantile_mean=0.96906 	| r_raw_sum=78.15586 	|  r_raw_mean=0.63541 	| r2=nan 	| acc_iid=0.00000 	| acc_ood=0.00000 	| nmse_test=0.0 	| true_equation_set_count=0 	| s/it=830.09696
MainProcess| 2026-06-21 23:20:28,240,240 multiprocessing INFO [00:00:39:02.34] Training epoch 11/4000, current best R: 0.9911
[00:00:39:02.34] Training epoch 11/4000, current best R: 0.9911
MainProcess| 2026-06-21 23:20:28,240,240 multiprocessing INFO 
	** New best

	** New best
MainProcess| 2026-06-21 23:20:28,240,240 multiprocessing INFO 	Reward: 0.9911058879568371
	Reward: 0.9911058879568371
MainProcess| 2026-06-21 23:20:28,240,240 multiprocessing INFO 	Count Off-policy: 1
	Count Off-policy: 1
MainProcess| 2026-06-21 23:20:28,240,240 multiprocessing INFO 	Count On-policy: 0
	Count On-policy: 0
MainProcess| 2026-06-21 23:20:28,240,240 multiprocessing INFO 	Originally on Policy: False
	Originally on Policy: False
MainProcess| 2026-06-21 23:20:28,240,240 multiprocessing INFO 	Invalid: False
	Invalid: False
MainProcess| 2026-06-21 23:20:28,240,240 multiprocessing INFO 	Traversal: add,add,add,n2,x3,n2,x4,n2,x3,n2,add,x1,sub,x3,x2
	Traversal: add,add,add,n2,x3,n2,x4,n2,x3,n2,add,x1,sub,x3,x2
MainProcess| 2026-06-21 23:20:28,240,240 multiprocessing INFO 	Expression:
	Expression:
MainProcess| 2026-06-21 23:20:28,242,242 multiprocessing INFO 
	      2     2                 2
	  2⋅x₃  + x₄  + (x₁ - x₂ + x₃) 


	      2     2                 2
	  2⋅x₃  + x₄  + (x₁ - x₂ + x₃) 

MainProcess| 2026-06-21 23:20:28,242,242 multiprocessing INFO [00:00:39:02.34] Early stopping criteria met; breaking early.
[00:00:39:02.34] Early stopping criteria met; breaking early.
MainProcess| 2026-06-21 23:20:28,242,242 multiprocessing INFO -- RUNNING EPOCHS END ---------------

-- RUNNING EPOCHS END ---------------

MainProcess| 2026-06-21 23:20:28,242,242 multiprocessing INFO -- EVALUATION START ----------------
-- EVALUATION START ----------------
Saving Hall of Fame to ./log/fn_d_all_o_5_2026-06-21-224124_5/dso_fn_d_all_o_5_13_hof.csv
Saving Pareto Front to ./log/fn_d_all_o_5_2026-06-21-224124_5/dso_fn_d_all_o_5_13_pf.csv
Invalid expressions: 19 of 151945 (0.0%).
Error type counts:
  square: 19 (100.0%)
Error node counts:
  underflow: 18 (94.7%)
  overflow: 1 (5.3%)
MainProcess| 2026-06-21 23:20:30,458,458 multiprocessing INFO 
Priority queue entry 0:

Priority queue entry 0:
MainProcess| 2026-06-21 23:20:30,458,458 multiprocessing INFO 	Reward: 0.9911058879568371
	Reward: 0.9911058879568371
MainProcess| 2026-06-21 23:20:30,458,458 multiprocessing INFO 	Count Off-policy: 1
	Count Off-policy: 1
MainProcess| 2026-06-21 23:20:30,458,458 multiprocessing INFO 	Count On-policy: 0
	Count On-policy: 0
MainProcess| 2026-06-21 23:20:30,458,458 multiprocessing INFO 	Originally on Policy: False
	Originally on Policy: False
MainProcess| 2026-06-21 23:20:30,458,458 multiprocessing INFO 	Invalid: False
	Invalid: False
MainProcess| 2026-06-21 23:20:30,458,458 multiprocessing INFO 	Traversal: add,add,add,n2,x3,n2,x4,n2,x3,n2,add,x1,sub,x3,x2
	Traversal: add,add,add,n2,x3,n2,x4,n2,x3,n2,add,x1,sub,x3,x2
MainProcess| 2026-06-21 23:20:30,458,458 multiprocessing INFO 	Expression:
	Expression:
MainProcess| 2026-06-21 23:20:30,459,459 multiprocessing INFO 
	      2     2                 2
	  2⋅x₃  + x₄  + (x₁ - x₂ + x₃) 


	      2     2                 2
	  2⋅x₃  + x₄  + (x₁ - x₂ + x₃) 

MainProcess| 2026-06-21 23:20:30,460,460 multiprocessing INFO 
Priority queue entry 1:

Priority queue entry 1:
MainProcess| 2026-06-21 23:20:30,460,460 multiprocessing INFO 	Reward: 0.9897321531054639
	Reward: 0.9897321531054639
MainProcess| 2026-06-21 23:20:30,460,460 multiprocessing INFO 	Count Off-policy: 1
	Count Off-policy: 1
MainProcess| 2026-06-21 23:20:30,460,460 multiprocessing INFO 	Count On-policy: 0
	Count On-policy: 0
MainProcess| 2026-06-21 23:20:30,460,460 multiprocessing INFO 	Originally on Policy: False
	Originally on Policy: False
MainProcess| 2026-06-21 23:20:30,460,460 multiprocessing INFO 	Invalid: False
	Invalid: False
MainProcess| 2026-06-21 23:20:30,460,460 multiprocessing INFO 	Traversal: add,add,n2,x4,n2,x3,add,n2,x1,n2,add,n2,x3,x2
	Traversal: add,add,n2,x4,n2,x3,add,n2,x1,n2,add,n2,x3,x2
MainProcess| 2026-06-21 23:20:30,460,460 multiprocessing INFO 	Expression:
	Expression:
MainProcess| 2026-06-21 23:20:30,461,461 multiprocessing INFO 
	                              2
	    2     2     2   ⎛       2⎞ 
	  x₁  + x₃  + x₄  + ⎝x₂ + x₃ ⎠ 


	                              2
	    2     2     2   ⎛       2⎞ 
	  x₁  + x₃  + x₄  + ⎝x₂ + x₃ ⎠ 

MainProcess| 2026-06-21 23:20:30,461,461 multiprocessing INFO 
Priority queue entry 2:

Priority queue entry 2:
MainProcess| 2026-06-21 23:20:30,461,461 multiprocessing INFO 	Reward: 0.9891995770798196
	Reward: 0.9891995770798196
MainProcess| 2026-06-21 23:20:30,461,461 multiprocessing INFO 	Count Off-policy: 1
	Count Off-policy: 1
MainProcess| 2026-06-21 23:20:30,461,461 multiprocessing INFO 	Count On-policy: 0
	Count On-policy: 0
MainProcess| 2026-06-21 23:20:30,461,461 multiprocessing INFO 	Originally on Policy: False
	Originally on Policy: False
MainProcess| 2026-06-21 23:20:30,461,461 multiprocessing INFO 	Invalid: False
	Invalid: False
MainProcess| 2026-06-21 23:20:30,461,461 multiprocessing INFO 	Traversal: add,n2,x4,add,add,mul,x3,x3,n2,x2,n2,add,x3,x1
	Traversal: add,n2,x4,add,add,mul,x3,x3,n2,x2,n2,add,x3,x1
MainProcess| 2026-06-21 23:20:30,461,461 multiprocessing INFO 	Expression:
	Expression:
MainProcess| 2026-06-21 23:20:30,462,462 multiprocessing INFO 
	    2     2     2            2
	  x₂  + x₃  + x₄  + (x₁ + x₃) 


	    2     2     2            2
	  x₂  + x₃  + x₄  + (x₁ + x₃) 

MainProcess| 2026-06-21 23:20:30,462,462 multiprocessing INFO 
Priority queue entry 3:

Priority queue entry 3:
MainProcess| 2026-06-21 23:20:30,462,462 multiprocessing INFO 	Reward: 0.8533669862168691
	Reward: 0.8533669862168691
MainProcess| 2026-06-21 23:20:30,462,462 multiprocessing INFO 	Count Off-policy: 2
	Count Off-policy: 2
MainProcess| 2026-06-21 23:20:30,462,462 multiprocessing INFO 	Count On-policy: 0
	Count On-policy: 0
MainProcess| 2026-06-21 23:20:30,462,462 multiprocessing INFO 	Originally on Policy: False
	Originally on Policy: False
MainProcess| 2026-06-21 23:20:30,462,462 multiprocessing INFO 	Invalid: False
	Invalid: False
MainProcess| 2026-06-21 23:20:30,462,462 multiprocessing INFO 	Traversal: add,n2,x4,mul,add,add,mul,sin,x4,mul,x1,x2,x4,x3,x3
	Traversal: add,n2,x4,mul,add,add,mul,sin,x4,mul,x1,x2,x4,x3,x3
MainProcess| 2026-06-21 23:20:30,462,462 multiprocessing INFO 	Expression:
	Expression:
MainProcess| 2026-06-21 23:20:30,463,463 multiprocessing INFO 
	                                   2
	  x₃⋅(x₁⋅x₂⋅sin(x₄) + x₃ + x₄) + x₄ 


	                                   2
	  x₃⋅(x₁⋅x₂⋅sin(x₄) + x₃ + x₄) + x₄ 

MainProcess| 2026-06-21 23:20:30,463,463 multiprocessing INFO 
Priority queue entry 4:

Priority queue entry 4:
MainProcess| 2026-06-21 23:20:30,463,463 multiprocessing INFO 	Reward: 0.9690423572318296
	Reward: 0.9690423572318296
MainProcess| 2026-06-21 23:20:30,463,463 multiprocessing INFO 	Count Off-policy: 0
	Count Off-policy: 0
MainProcess| 2026-06-21 23:20:30,463,463 multiprocessing INFO 	Count On-policy: 1
	Count On-policy: 1
MainProcess| 2026-06-21 23:20:30,463,463 multiprocessing INFO 	Originally on Policy: True
	Originally on Policy: True
MainProcess| 2026-06-21 23:20:30,463,463 multiprocessing INFO 	Invalid: False
	Invalid: False
MainProcess| 2026-06-21 23:20:30,463,463 multiprocessing INFO 	Traversal: add,n2,n2,n2,x3,n2,add,n2,x4,add,n2,add,x2,x4,x1
	Traversal: add,n2,n2,n2,x3,n2,add,n2,x4,add,n2,add,x2,x4,x1
MainProcess| 2026-06-21 23:20:30,463,463 multiprocessing INFO 	Expression:
	Expression:
MainProcess| 2026-06-21 23:20:30,464,464 multiprocessing INFO 
	                               2
	    8   ⎛       2            2⎞ 
	  x₃  + ⎝x₁ + x₄  + (x₂ + x₄) ⎠ 


	                               2
	    8   ⎛       2            2⎞ 
	  x₃  + ⎝x₁ + x₄  + (x₂ + x₄) ⎠ 

MainProcess| 2026-06-21 23:20:30,464,464 multiprocessing INFO 
Priority queue entry 5:

Priority queue entry 5:
MainProcess| 2026-06-21 23:20:30,464,464 multiprocessing INFO 	Reward: 0.9663591102881531
	Reward: 0.9663591102881531
MainProcess| 2026-06-21 23:20:30,464,464 multiprocessing INFO 	Count Off-policy: 1
	Count Off-policy: 1
MainProcess| 2026-06-21 23:20:30,464,464 multiprocessing INFO 	Count On-policy: 0
	Count On-policy: 0
MainProcess| 2026-06-21 23:20:30,464,464 multiprocessing INFO 	Originally on Policy: False
	Originally on Policy: False
MainProcess| 2026-06-21 23:20:30,464,464 multiprocessing INFO 	Invalid: False
	Invalid: False
MainProcess| 2026-06-21 23:20:30,464,464 multiprocessing INFO 	Traversal: n2,add,x3,add,x1,mul,x4,mul,add,x3,n2,add,x2,x1,x4
	Traversal: n2,add,x3,add,x1,mul,x4,mul,add,x3,n2,add,x2,x1,x4
MainProcess| 2026-06-21 23:20:30,465,465 multiprocessing INFO 	Expression:
	Expression:
MainProcess| 2026-06-21 23:20:30,466,466 multiprocessing INFO 
	                                   2
	  ⎛            2 ⎛              2⎞⎞ 
	  ⎝x₁ + x₃ + x₄ ⋅⎝x₃ + (x₁ + x₂) ⎠⎠ 


	                                   2
	  ⎛            2 ⎛              2⎞⎞ 
	  ⎝x₁ + x₃ + x₄ ⋅⎝x₃ + (x₁ + x₂) ⎠⎠ 

MainProcess| 2026-06-21 23:20:30,466,466 multiprocessing INFO 
Priority queue entry 6:

Priority queue entry 6:
MainProcess| 2026-06-21 23:20:30,466,466 multiprocessing INFO 	Reward: 0.9608768169395258
	Reward: 0.9608768169395258
MainProcess| 2026-06-21 23:20:30,466,466 multiprocessing INFO 	Count Off-policy: 1
	Count Off-policy: 1
MainProcess| 2026-06-21 23:20:30,466,466 multiprocessing INFO 	Count On-policy: 0
	Count On-policy: 0
MainProcess| 2026-06-21 23:20:30,466,466 multiprocessing INFO 	Originally on Policy: False
	Originally on Policy: False
MainProcess| 2026-06-21 23:20:30,466,466 multiprocessing INFO 	Invalid: False
	Invalid: False
MainProcess| 2026-06-21 23:20:30,466,466 multiprocessing INFO 	Traversal: n2,add,add,x3,x3,sub,sin,add,x1,x4,add,sin,x2,x4
	Traversal: n2,add,add,x3,x3,sub,sin,add,x1,x4,add,sin,x2,x4
MainProcess| 2026-06-21 23:20:30,466,466 multiprocessing INFO 	Expression:
	Expression:
MainProcess| 2026-06-21 23:20:30,467,467 multiprocessing INFO 
	                                      2
	  (2⋅x₃ - x₄ - sin(x₂) + sin(x₁ + x₄)) 


	                                      2
	  (2⋅x₃ - x₄ - sin(x₂) + sin(x₁ + x₄)) 

MainProcess| 2026-06-21 23:20:30,467,467 multiprocessing INFO 
Priority queue entry 7:

Priority queue entry 7:
MainProcess| 2026-06-21 23:20:30,467,467 multiprocessing INFO 	Reward: 0.9601021193103098
	Reward: 0.9601021193103098
MainProcess| 2026-06-21 23:20:30,467,467 multiprocessing INFO 	Count Off-policy: 1
	Count Off-policy: 1
MainProcess| 2026-06-21 23:20:30,467,467 multiprocessing INFO 	Count On-policy: 0
	Count On-policy: 0
MainProcess| 2026-06-21 23:20:30,467,467 multiprocessing INFO 	Originally on Policy: False
	Originally on Policy: False
MainProcess| 2026-06-21 23:20:30,467,467 multiprocessing INFO 	Invalid: False
	Invalid: False
MainProcess| 2026-06-21 23:20:30,467,467 multiprocessing INFO 	Traversal: n2,add,add,x3,n2,add,x3,x4,add,mul,n2,x3,sin,x2,x1
	Traversal: n2,add,add,x3,n2,add,x3,x4,add,mul,n2,x3,sin,x2,x1
MainProcess| 2026-06-21 23:20:30,467,467 multiprocessing INFO 	Expression:
	Expression:
MainProcess| 2026-06-21 23:20:30,468,468 multiprocessing INFO 
	                                      2
	  ⎛       2                         2⎞ 
	  ⎝x₁ + x₃ ⋅sin(x₂) + x₃ + (x₃ + x₄) ⎠ 


	                                      2
	  ⎛       2                         2⎞ 
	  ⎝x₁ + x₃ ⋅sin(x₂) + x₃ + (x₃ + x₄) ⎠ 

MainProcess| 2026-06-21 23:20:30,468,468 multiprocessing INFO 
Priority queue entry 8:

Priority queue entry 8:
MainProcess| 2026-06-21 23:20:30,468,468 multiprocessing INFO 	Reward: 0.9529999146179402
	Reward: 0.9529999146179402
MainProcess| 2026-06-21 23:20:30,468,468 multiprocessing INFO 	Count Off-policy: 1
	Count Off-policy: 1
MainProcess| 2026-06-21 23:20:30,468,468 multiprocessing INFO 	Count On-policy: 0
	Count On-policy: 0
MainProcess| 2026-06-21 23:20:30,468,468 multiprocessing INFO 	Originally on Policy: False
	Originally on Policy: False
MainProcess| 2026-06-21 23:20:30,468,468 multiprocessing INFO 	Invalid: False
	Invalid: False
MainProcess| 2026-06-21 23:20:30,468,468 multiprocessing INFO 	Traversal: n2,add,n2,add,add,n2,n2,x4,x2,mul,add,x1,x3,x3,x3
	Traversal: n2,add,n2,add,add,n2,n2,x4,x2,mul,add,x1,x3,x3,x3
MainProcess| 2026-06-21 23:20:30,468,468 multiprocessing INFO 	Expression:
	Expression:
MainProcess| 2026-06-21 23:20:30,470,470 multiprocessing INFO 
	                                   2
	  ⎛                              2⎞ 
	  ⎜     ⎛                      4⎞ ⎟ 
	  ⎝x₃ + ⎝x₂ + x₃⋅(x₁ + x₃) + x₄ ⎠ ⎠ 


	                                   2
	  ⎛                              2⎞ 
	  ⎜     ⎛                      4⎞ ⎟ 
	  ⎝x₃ + ⎝x₂ + x₃⋅(x₁ + x₃) + x₄ ⎠ ⎠ 

MainProcess| 2026-06-21 23:20:30,470,470 multiprocessing INFO 
Priority queue entry 9:

Priority queue entry 9:
MainProcess| 2026-06-21 23:20:30,470,470 multiprocessing INFO 	Reward: 0.950502487372129
	Reward: 0.950502487372129
MainProcess| 2026-06-21 23:20:30,470,470 multiprocessing INFO 	Count Off-policy: 1
	Count Off-policy: 1
MainProcess| 2026-06-21 23:20:30,470,470 multiprocessing INFO 	Count On-policy: 0
	Count On-policy: 0
MainProcess| 2026-06-21 23:20:30,470,470 multiprocessing INFO 	Originally on Policy: False
	Originally on Policy: False
MainProcess| 2026-06-21 23:20:30,470,470 multiprocessing INFO 	Invalid: False
	Invalid: False
MainProcess| 2026-06-21 23:20:30,470,470 multiprocessing INFO 	Traversal: n2,add,sin,x1,add,x3,sub,mul,n2,x3,x2,x4
	Traversal: n2,add,sin,x1,add,x3,sub,mul,n2,x3,x2,x4
MainProcess| 2026-06-21 23:20:30,470,470 multiprocessing INFO 	Expression:
	Expression:
MainProcess| 2026-06-21 23:20:30,471,471 multiprocessing INFO 
	                              2
	  ⎛     2                    ⎞ 
	  ⎝x₂⋅x₃  + x₃ - x₄ + sin(x₁)⎠ 


	                              2
	  ⎛     2                    ⎞ 
	  ⎝x₂⋅x₃  + x₃ - x₄ + sin(x₁)⎠ 

MainProcess| 2026-06-21 23:20:30,471,471 multiprocessing INFO -- EVALUATION END ------------------
-- EVALUATION END ------------------
MainProcess| 2026-06-21 23:20:30,491,491 multiprocessing INFO == TRAINING SEED 13 END ==============
== TRAINING SEED 13 END ==============
MainProcess| 2026-06-21 23:20:30,493,493 multiprocessing INFO 
== POST-PROCESS START =================

== POST-PROCESS START =================
MainProcess| 2026-06-21 23:20:30,494,494 multiprocessing INFO -- LOADING LOGS START ----------------
-- LOADING LOGS START ----------------
MainProcess| 2026-06-21 23:20:30,541,541 multiprocessing INFO Successfully loaded Hall of Fame data
Successfully loaded Hall of Fame data
MainProcess| 2026-06-21 23:20:32,863,863 multiprocessing INFO Successfully loaded Pareto Front data
Successfully loaded Pareto Front data
MainProcess| 2026-06-21 23:20:32,863,863 multiprocessing INFO *** WARNING:
*** WARNING:
MainProcess| 2026-06-21 23:20:32,863,863 multiprocessing INFO     --> Can't load summary: [Errno 2] No such file or directory: './log/fn_d_all_o_5_2026-06-21-224124_5/summary.csv'
    --> Can't load summary: [Errno 2] No such file or directory: './log/fn_d_all_o_5_2026-06-21-224124_5/summary.csv'
MainProcess| 2026-06-21 23:20:32,863,863 multiprocessing INFO -- LOADING LOGS END ------------------
-- LOADING LOGS END ------------------
MainProcess| 2026-06-21 23:20:32,863,863 multiprocessing INFO 
-- ANALYZING LOG START --------------

-- ANALYZING LOG START --------------
MainProcess| 2026-06-21 23:20:32,863,863 multiprocessing INFO Task_____________regression
Task_____________regression
MainProcess| 2026-06-21 23:20:32,863,863 multiprocessing INFO Source path______./log/fn_d_all_o_5_2026-06-21-224124_5
Source path______./log/fn_d_all_o_5_2026-06-21-224124_5
MainProcess| 2026-06-21 23:20:32,863,863 multiprocessing INFO Runs_____________N/A
Runs_____________N/A
MainProcess| 2026-06-21 23:20:32,864,864 multiprocessing INFO Max Samples/run__2000000
Max Samples/run__2000000
MainProcess| 2026-06-21 23:20:32,864,864 multiprocessing INFO Found issues:
Found issues:
MainProcess| 2026-06-21 23:20:32,864,864 multiprocessing INFO   0
  0
MainProcess| 2026-06-21 23:20:32,864,864 multiprocessing INFO Hall of Fame (Top 5 of 100)____
Hall of Fame (Top 5 of 100)____
MainProcess| 2026-06-21 23:20:32,864,864 multiprocessing INFO     0: S=013 R=0.995443 <-- [x3*(x1**2*x2 + 2*x3 + x4) + x4**2]
    0: S=013 R=0.995443 <-- [x3*(x1**2*x2 + 2*x3 + x4) + x4**2]
MainProcess| 2026-06-21 23:20:32,865,865 multiprocessing INFO     1: S=013 R=0.995224 <-- [x3*(x1*x2*x4 + x3 + sin(x4)) + x4**2]
    1: S=013 R=0.995224 <-- [x3*(x1*x2*x4 + x3 + sin(x4)) + x4**2]
MainProcess| 2026-06-21 23:20:32,865,865 multiprocessing INFO     2: S=013 R=0.995224 <-- [x3*(x1*x2*x4 + x3 + sin(x4)) + x4**2]
    2: S=013 R=0.995224 <-- [x3*(x1*x2*x4 + x3 + sin(x4)) + x4**2]
MainProcess| 2026-06-21 23:20:32,866,866 multiprocessing INFO     3: S=013 R=0.995216 <-- [x3*(x1*x2*x4 + x3 + x4) + x4**2]
    3: S=013 R=0.995216 <-- [x3*(x1*x2*x4 + x3 + x4) + x4**2]
MainProcess| 2026-06-21 23:20:32,866,866 multiprocessing INFO     4: S=013 R=0.995216 <-- [x3*(x1*x2*x4 + x3 + x4) + x4**2]
    4: S=013 R=0.995216 <-- [x3*(x1*x2*x4 + x3 + x4) + x4**2]
MainProcess| 2026-06-21 23:20:32,867,867 multiprocessing INFO Pareto Front (4 of 4)____
Pareto Front (4 of 4)____
MainProcess| 2026-06-21 23:20:32,867,867 multiprocessing INFO     0: S=013 R=0.995443 C=15.00 <-- [x3*(x1**2*x2 + 2*x3 + x4) + x4**2]
    0: S=013 R=0.995443 C=15.00 <-- [x3*(x1**2*x2 + 2*x3 + x4) + x4**2]
MainProcess| 2026-06-21 23:20:32,868,868 multiprocessing INFO     1: S=013 R=0.995216 C=14.00 <-- [x3*(x1*x2*x4 + x3 + x4) + x4**2]
    1: S=013 R=0.995216 C=14.00 <-- [x3*(x1*x2*x4 + x3 + x4) + x4**2]
MainProcess| 2026-06-21 23:20:32,869,869 multiprocessing INFO     2: S=013 R=0.994849 C=12.00 <-- [x3*(x1**2*x2 + x3) + x4**2]
    2: S=013 R=0.994849 C=12.00 <-- [x3*(x1**2*x2 + x3) + x4**2]
MainProcess| 2026-06-21 23:20:32,869,869 multiprocessing INFO     3: S=013 R=0.993705 C=10.00 <-- [x3*(x1*x2 + x3) + x4**2]
    3: S=013 R=0.993705 C=10.00 <-- [x3*(x1*x2 + x3) + x4**2]
MainProcess| 2026-06-21 23:20:32,869,869 multiprocessing INFO -- ANALYZING LOG END ----------------
-- ANALYZING LOG END ----------------
MainProcess| 2026-06-21 23:20:32,869,869 multiprocessing INFO == POST-PROCESS END ===================
== POST-PROCESS END ===================
MainProcess| 2026-06-21 23:20:32,869,869 multiprocessing INFO [TEST RESULT] {'seed': 5, 'r': 0.99025584135022, 'nmse_test': 0.0, 'nmse_test_noiseless': 0.0, 'success': True, 'expression': '[x3**2 + 2*x4**2 + (x1 - x2 + x3)**2]', 'traversal': 'add,add,add,n2,x4,n2,x4,n2,x3,n2,add,x1,sub,x3,x2', 'program': add,add,add,n2,x4,n2,x4,n2,x3,n2,add,x1,sub,x3,x2, 'error_square': 19, 'error_node_underflow': 18, 'error_node_overflow': 1, 'n_epochs': 11, 'n_samples': 151945, 'n_cached': 35897, 't': 2344.5926649570465, 'baseline': 'transformer', 'run_seed': 5, 'dataset': 'fn_d_all_o_5'}
[TEST RESULT] {'seed': 5, 'r': 0.99025584135022, 'nmse_test': 0.0, 'nmse_test_noiseless': 0.0, 'success': True, 'expression': '[x3**2 + 2*x4**2 + (x1 - x2 + x3)**2]', 'traversal': 'add,add,add,n2,x4,n2,x4,n2,x3,n2,add,x1,sub,x3,x2', 'program': add,add,add,n2,x4,n2,x4,n2,x3,n2,add,x1,sub,x3,x2, 'error_square': 19, 'error_node_underflow': 18, 'error_node_overflow': 1, 'n_epochs': 11, 'n_samples': 151945, 'n_cached': 35897, 't': 2344.5926649570465, 'baseline': 'transformer', 'run_seed': 5, 'dataset': 'fn_d_all_o_5'}
MainProcess| 2026-06-21 23:20:32,870,870 multiprocessing INFO INFO: Completed run 1 of 1 in 2345 s | LATEST TEST_RESULT {'seed': 5, 'r': 0.99025584135022, 'nmse_test': 0.0, 'nmse_test_noiseless': 0.0, 'success': True, 'expression': '[x3**2 + 2*x4**2 + (x1 - x2 + x3)**2]', 'traversal': 'add,add,add,n2,x4,n2,x4,n2,x3,n2,add,x1,sub,x3,x2', 'program': add,add,add,n2,x4,n2,x4,n2,x3,n2,add,x1,sub,x3,x2, 'error_square': 19, 'error_node_underflow': 18, 'error_node_overflow': 1, 'n_epochs': 11, 'n_samples': 151945, 'n_cached': 35897, 't': 2344.5926649570465, 'baseline': 'transformer', 'run_seed': 5, 'dataset': 'fn_d_all_o_5'}
INFO: Completed run 1 of 1 in 2345 s | LATEST TEST_RESULT {'seed': 5, 'r': 0.99025584135022, 'nmse_test': 0.0, 'nmse_test_noiseless': 0.0, 'success': True, 'expression': '[x3**2 + 2*x4**2 + (x1 - x2 + x3)**2]', 'traversal': 'add,add,add,n2,x4,n2,x4,n2,x3,n2,add,x1,sub,x3,x2', 'program': add,add,add,n2,x4,n2,x4,n2,x3,n2,add,x1,sub,x3,x2, 'error_square': 19, 'error_node_underflow': 18, 'error_node_overflow': 1, 'n_epochs': 11, 'n_samples': 151945, 'n_cached': 35897, 't': 2344.5926649570465, 'baseline': 'transformer', 'run_seed': 5, 'dataset': 'fn_d_all_o_5'}
MainProcess| 2026-06-21 23:20:32,870,870 multiprocessing INFO Fin.
MainProcess| 2026-06-21 23:20:32,871,871 multiprocessing INFO process shutting down
[job] done sys=power4d seed=5 end=2026-06-21T23:20:36-05:00
