[job] sys=power4d benchmark=fn_d_all_o seed=1 host=cn2101 gpu=0 start=2026-06-21T22:26:14-05:00
MainProcess| 2026-06-21 22:26:31,372,372 multiprocessing INFO STARTING NEW RUN ==========
MainProcess| 2026-06-21 22:26:31,372,372 multiprocessing INFO SEE LOG AT : ./logs/all_Lyapunov_test_dso-fn_d_all_o_01_log.txt
MainProcess| 2026-06-21 22:26:31,372,372 multiprocessing INFO See log at : ./logs/all_Lyapunov_test_dso-fn_d_all_o_01_log.txt
MainProcess| 2026-06-21 22:26:31,378,378 multiprocessing INFO               variables           expression                                                                                                      train_spec test_spec function_set
name                                                                                                                                                                               
fn_d_all_o_5          4  0*x1+0*x2+0*x3+0*x4  {"x1":{"U":[-0.75,0.75,50000]}, "x2":{"U":[-0.75,0.75,50000]},"x3":{"U":[-2,2,50000]},"x4":{"U":[-2,2,50000]}}      None         Koza
              variables           expression                                                                                                      train_spec test_spec function_set
name                                                                                                                                                                               
fn_d_all_o_5          4  0*x1+0*x2+0*x3+0*x4  {"x1":{"U":[-0.75,0.75,50000]}, "x2":{"U":[-0.75,0.75,50000]},"x3":{"U":[-2,2,50000]},"x4":{"U":[-2,2,50000]}}      None         Koza

-- BUILDING DATASET START -----------
Benchmark path                 : /users/9/chen8596/LyaDis/repro/runs/power4d/libs/sd3/dso/dso/task/regression/benchmarks_bkup_1.csv
Generated data for benchmark   : fn_d_all_o_5
-- BUILDING DATASET END -------------

Function set                   : Koza --> ['add', 'sub', 'mul', 'sin', 'cos', 'n2']

MainProcess| 2026-06-21 22:26:31,483,483 multiprocessing INFO [BASELINE_TESTING NOW] dataset=fn_d_all_o_5 	| baseline=transformer 	| seed=1 	| data_samples=50000 	| noise=0.0
MainProcess| 2026-06-21 22:26:31,499,499 multiprocessing INFO [RUN SETTINGS]: test_dataset=fn_d_all_o_5  batch_outer_datasets=24 pre_train=False load_pre_trained_path= priority_queue_training=True gp_meld=True model=TransformerTreeEncoderController train_path= risk_seeking_pg_train=True
[RUN SETTINGS]: test_dataset=fn_d_all_o_5  batch_outer_datasets=24 pre_train=False load_pre_trained_path= priority_queue_training=True gp_meld=True model=TransformerTreeEncoderController train_path= risk_seeking_pg_train=True
MainProcess| 2026-06-21 22:26:31,553,553 multiprocessing INFO Running model : TransformerTreeEncoderController
Running model : TransformerTreeEncoderController

-- BUILDING DATASET START -----------
Benchmark path                 : /users/9/chen8596/LyaDis/repro/runs/power4d/libs/sd3/dso/dso/task/regression/benchmarks_bkup_1.csv
Generated data for benchmark   : fn_d_all_o_5
-- BUILDING DATASET END -------------

Function set                   : Koza --> ['add', 'sub', 'mul', 'sin', 'cos', 'n2']

MainProcess| 2026-06-21 22:26:31,569,569 multiprocessing INFO Function set: ['x1', 'x2', 'x3', 'x4', 'add', 'sub', 'mul', 'sin', 'cos', 'n2']

-- BUILDING DATASET START -----------
Benchmark path                 : /users/9/chen8596/LyaDis/repro/runs/power4d/libs/sd3/dso/dso/task/regression/benchmarks_bkup_1.csv
Generated data for benchmark   : fn_d_all_o_5
-- BUILDING DATASET END -------------

Function set                   : Koza --> ['add', 'sub', 'mul', 'sin', 'cos', 'n2']

-- BUILDING PRIOR START -------------
WARNING: Skipping invalid 'RelationalConstraint' with arguments {'targets': [], 'effectors': [], 'relationship': None}. Reason: Prior disabled.
WARNING: Skipping invalid 'RepeatConstraint' with arguments {'tokens': 'const', 'min_': None, 'max_': 5}. Reason: Uses Tokens not in the Library.
WARNING: Skipping invalid 'InverseUnaryConstraint' with arguments {}. Reason: There are no inverse unary Token pairs in the Library.
WARNING: Skipping invalid 'ConstConstraint' with arguments {}. Reason: Prior disabled.
WARNING: Skipping invalid 'NoInputsConstraint' with arguments {}. Reason: All terminal tokens are input variables, so allsequences will have an input variable.
WARNING: Skipping invalid 'UniformArityPrior' with arguments {}. Reason: Prior disabled.
LengthConstraint: Sequences have minimum length 10.
                  Sequences have maximum length 15.
TrigConstraint: [sin, cos] cannot be a descendant of [sin, cos].
SoftLengthPrior: No description available.
-- BUILDING PRIOR END ---------------

MainProcess| 2026-06-21 22:26:32,044,44 multiprocessing INFO Transformer overwriting hidden size to input_dim 128
Transformer overwriting hidden size to input_dim 128
MainProcess| 2026-06-21 22:26:33,564,564 multiprocessing INFO Encoder params: {'sinuisodal_embeddings': False, 'dec_pf_dim': 32, 'dec_layers': 1, 'dim_hidden': 128, 'lr': 0.0001, 'dropout': 0, 'num_features': 1, 'ln': True, 'N_p': 0, 'num_inds': 64, 'activation': 'relu', 'bit16': False, 'norm': True, 'linear': True, 'input_normalization': False, 'src_pad_idx': 0, 'trg_pad_idx': 0, 'length_eq': 20, 'n_l_enc': 3, 'mean': 0.5, 'std': 0.5, 'dim_input': 64, 'num_heads': 2, 'output_dim': 10}
Encoder params: {'sinuisodal_embeddings': False, 'dec_pf_dim': 32, 'dec_layers': 1, 'dim_hidden': 128, 'lr': 0.0001, 'dropout': 0, 'num_features': 1, 'ln': True, 'N_p': 0, 'num_inds': 64, 'activation': 'relu', 'bit16': False, 'norm': True, 'linear': True, 'input_normalization': False, 'src_pad_idx': 0, 'trg_pad_idx': 0, 'length_eq': 20, 'n_l_enc': 3, 'mean': 0.5, 'std': 0.5, 'dim_input': 64, 'num_heads': 2, 'output_dim': 10}
MainProcess| 2026-06-21 22:26:33,727,727 multiprocessing INFO TransformerTreeEncoderController parameters: 4035606 	 | trainable : 4035606
TransformerTreeEncoderController parameters: 4035606 	 | trainable : 4035606
MainProcess| 2026-06-21 22:26:33,805,805 multiprocessing INFO GP CONFIG : {'verbose': False, 'generations': 35, 'p_crossover': 0.5, 'p_mutate': 0.5, 'tournament_size': 7, 'train_n': 50, 'mutate_tree_max': 3}
GP CONFIG : {'verbose': False, 'generations': 35, 'p_crossover': 0.5, 'p_mutate': 0.5, 'tournament_size': 7, 'train_n': 50, 'mutate_tree_max': 3}
MainProcess| 2026-06-21 22:26:34,056,56 multiprocessing INFO config: {'experiment': {'logdir': './log', 'seed': 13, 'timestamp': '2026-06-21-222631', 'task_name': 'fn_d_all_o_5', 'save_path': './log/fn_d_all_o_5_2026-06-21-222631_1'}, 'task': {'task_type': 'regression', 'dataset': 'fn_d_all_o_5', 'function_set': ['add', 'sub', 'mul', 'sin', 'cos', 'n2'], 'metric': 'lyapunov_risk', 'metric_params': [1.0], 'extra_metric_test': None, 'extra_metric_test_params': [], 'threshold': 1e-12, 'protected': False, 'reward_noise': 0.0, 'reward_noise_type': 'r', 'normalize_variance': False, 'decision_tree_threshold_set': []}, 'training': {'n_epochs': None, 'n_samples': 2000000, 'batch_size': 500, 'epsilon': 0.1, 'baseline': 'R_e', 'alpha': 0.5, 'b_jumpstart': False, 'n_cores_batch': 1, 'complexity': 'token', 'const_optimizer': 'scipy', 'const_params': {'method': 'L-BFGS-B', 'options': {'gtol': 0.001}}, 'verbose': True, 'debug': 0, 'early_stopping': True, 'hof': 100, 'use_memory': False, 'memory_capacity': 1000.0, 'warm_start': None, 'memory_threshold': None, 'save_all_epoch': False, 'save_summary': False, 'save_positional_entropy': False, 'save_pareto_front': True, 'save_cache': False, 'save_cache_r_min': 0.9, 'save_freq': 1, 'save_token_count': False}, 'state_manager': {'observe_action': False, 'observe_parent': True, 'observe_sibling': True, 'observe_dangling': False, 'embedding': True, 'embedding_size': 64}, 'controller': {'max_length': 64, 'cell': 'lstm', 'num_layers': 1, 'num_units': 64, 'initializer': 'zeros', 'learning_rate': 0.0003, 'optimizer': 'adam', 'entropy_weight': 0.005, 'entropy_gamma': 0.8, 'pqt': True, 'pqt_k': 10, 'pqt_batch_size': 1, 'pqt_weight': 200.0, 'pqt_use_pg': False, 'summary': False, 'rl_weight': 1.0}, 'gp_meld': {'generations': 35, 'p_crossover': 0.5, 'p_mutate': 0.5, 'tournament_size': 7, 'train_n': 50, 'mutate_tree_max': 3}, 'prior': {'relational': {'targets': [], 'effectors': [], 'relationship': None}, 'length': {'min_': 10, 'max_': 15}, 'repeat': {'tokens': 'const', 'min_': None, 'max_': 5}, 'inverse': {}, 'trig': {}, 'const': {}, 'no_inputs': {}, 'uniform_arity': {}, 'soft_length': {'loc': 10, 'scale': 5}}, 'postprocess': {'show_count': 5, 'save_plots': True}, 'model': 'TransformerTreeEncoderController', 'function_names_str': 'x1,x2,x3,x4,add,sub,mul,sin,cos,n2', 'nesymres_train_config': {'architecture': {'sinuisodal_embeddings': False, 'dec_pf_dim': 32, 'dec_layers': 1, 'dim_hidden': 128, 'lr': 0.0001, 'dropout': 0, 'num_features': 1, 'ln': True, 'N_p': 0, 'num_inds': 64, 'activation': 'relu', 'bit16': False, 'norm': True, 'linear': True, 'input_normalization': False, 'src_pad_idx': 0, 'trg_pad_idx': 0, 'length_eq': 20, 'n_l_enc': 3, 'mean': 0.5, 'std': 0.5, 'dim_input': 64, 'num_heads': 2, 'output_dim': 10}}}

-- BUILDING DATASET START -----------
Benchmark path                 : /users/9/chen8596/LyaDis/repro/runs/power4d/libs/sd3/dso/dso/task/regression/benchmarks_bkup_1.csv
Generated data for benchmark   : fn_d_all_o_5
-- BUILDING DATASET END -------------

Function set                   : Koza --> ['add', 'sub', 'mul', 'sin', 'cos', 'n2']

-- RUNNING EPOCHS START -------------
torch.Size([500, 128])
/users/9/chen8596/miniconda3/envs/alfd/lib/python3.9/site-packages/torch/nn/functional.py:4999: UserWarning: Support for mismatched key_padding_mask and attn_mask is deprecated. Use same type for both instead.
  warnings.warn(
/users/9/chen8596/miniconda3/envs/alfd/lib/python3.9/site-packages/torch/nn/functional.py:4999: UserWarning: Support for mismatched key_padding_mask and attn_mask is deprecated. Use same type for both instead.
  warnings.warn(
/users/9/chen8596/miniconda3/envs/alfd/lib/python3.9/site-packages/torch/nn/functional.py:4999: UserWarning: Support for mismatched key_padding_mask and attn_mask is deprecated. Use same type for both instead.
  warnings.warn(
MainProcess| 2026-06-21 22:27:57,966,966 multiprocessing INFO Genetic Porgramming Runtime 78.51651135296561
Genetic Porgramming Runtime 78.51651135296561

=========================PGD Collection Starts=========================

MainProcess| 2026-06-21 22:27:58,828,828 multiprocessing INFO created temp directory /tmp/pymp-ic_l13dj
SpawnPoolWorker-10| 2026-06-21 22:28:03,378,378 multiprocessing INFO STARTING NEW RUN ==========
SpawnPoolWorker-7| 2026-06-21 22:28:03,378,378 multiprocessing INFO STARTING NEW RUN ==========
SpawnPoolWorker-10| 2026-06-21 22:28:03,378,378 multiprocessing INFO SEE LOG AT : ./logs/all_Lyapunov_test_dso-fn_d_all_o_01_log.txt
SpawnPoolWorker-10| 2026-06-21 22:28:03,378,378 multiprocessing INFO See log at : ./logs/all_Lyapunov_test_dso-fn_d_all_o_01_log.txt
SpawnPoolWorker-7| 2026-06-21 22:28:03,378,378 multiprocessing INFO SEE LOG AT : ./logs/all_Lyapunov_test_dso-fn_d_all_o_01_log.txt
SpawnPoolWorker-7| 2026-06-21 22:28:03,378,378 multiprocessing INFO See log at : ./logs/all_Lyapunov_test_dso-fn_d_all_o_01_log.txt
SpawnPoolWorker-10| 2026-06-21 22:28:03,380,380 multiprocessing INFO child process calling self.run()
SpawnPoolWorker-7| 2026-06-21 22:28:03,380,380 multiprocessing INFO child process calling self.run()
SpawnPoolWorker-1| 2026-06-21 22:28:03,380,380 multiprocessing INFO STARTING NEW RUN ==========
SpawnPoolWorker-1| 2026-06-21 22:28:03,380,380 multiprocessing INFO SEE LOG AT : ./logs/all_Lyapunov_test_dso-fn_d_all_o_01_log.txt
SpawnPoolWorker-1| 2026-06-21 22:28:03,380,380 multiprocessing INFO See log at : ./logs/all_Lyapunov_test_dso-fn_d_all_o_01_log.txt
SpawnPoolWorker-1| 2026-06-21 22:28:03,383,383 multiprocessing INFO child process calling self.run()
SpawnPoolWorker-9| 2026-06-21 22:28:03,385,385 multiprocessing INFO STARTING NEW RUN ==========
SpawnPoolWorker-5| 2026-06-21 22:28:03,385,385 multiprocessing INFO STARTING NEW RUN ==========
SpawnPoolWorker-3| 2026-06-21 22:28:03,385,385 multiprocessing INFO STARTING NEW RUN ==========
SpawnPoolWorker-9| 2026-06-21 22:28:03,385,385 multiprocessing INFO SEE LOG AT : ./logs/all_Lyapunov_test_dso-fn_d_all_o_01_log.txt
SpawnPoolWorker-5| 2026-06-21 22:28:03,385,385 multiprocessing INFO SEE LOG AT : ./logs/all_Lyapunov_test_dso-fn_d_all_o_01_log.txt
SpawnPoolWorker-3| 2026-06-21 22:28:03,385,385 multiprocessing INFO SEE LOG AT : ./logs/all_Lyapunov_test_dso-fn_d_all_o_01_log.txt
SpawnPoolWorker-9| 2026-06-21 22:28:03,385,385 multiprocessing INFO See log at : ./logs/all_Lyapunov_test_dso-fn_d_all_o_01_log.txt
SpawnPoolWorker-5| 2026-06-21 22:28:03,385,385 multiprocessing INFO See log at : ./logs/all_Lyapunov_test_dso-fn_d_all_o_01_log.txt
SpawnPoolWorker-3| 2026-06-21 22:28:03,385,385 multiprocessing INFO See log at : ./logs/all_Lyapunov_test_dso-fn_d_all_o_01_log.txt
SpawnPoolWorker-5| 2026-06-21 22:28:03,386,386 multiprocessing INFO child process calling self.run()
SpawnPoolWorker-9| 2026-06-21 22:28:03,386,386 multiprocessing INFO child process calling self.run()
SpawnPoolWorker-3| 2026-06-21 22:28:03,387,387 multiprocessing INFO child process calling self.run()
SpawnPoolWorker-8| 2026-06-21 22:28:03,387,387 multiprocessing INFO STARTING NEW RUN ==========
SpawnPoolWorker-4| 2026-06-21 22:28:03,387,387 multiprocessing INFO STARTING NEW RUN ==========
SpawnPoolWorker-8| 2026-06-21 22:28:03,387,387 multiprocessing INFO SEE LOG AT : ./logs/all_Lyapunov_test_dso-fn_d_all_o_01_log.txt
SpawnPoolWorker-4| 2026-06-21 22:28:03,387,387 multiprocessing INFO SEE LOG AT : ./logs/all_Lyapunov_test_dso-fn_d_all_o_01_log.txt
SpawnPoolWorker-8| 2026-06-21 22:28:03,387,387 multiprocessing INFO See log at : ./logs/all_Lyapunov_test_dso-fn_d_all_o_01_log.txt
SpawnPoolWorker-4| 2026-06-21 22:28:03,387,387 multiprocessing INFO See log at : ./logs/all_Lyapunov_test_dso-fn_d_all_o_01_log.txt
SpawnPoolWorker-2| 2026-06-21 22:28:03,387,387 multiprocessing INFO STARTING NEW RUN ==========
SpawnPoolWorker-2| 2026-06-21 22:28:03,387,387 multiprocessing INFO SEE LOG AT : ./logs/all_Lyapunov_test_dso-fn_d_all_o_01_log.txt
SpawnPoolWorker-2| 2026-06-21 22:28:03,387,387 multiprocessing INFO See log at : ./logs/all_Lyapunov_test_dso-fn_d_all_o_01_log.txt
SpawnPoolWorker-8| 2026-06-21 22:28:03,388,388 multiprocessing INFO child process calling self.run()
SpawnPoolWorker-2| 2026-06-21 22:28:03,389,389 multiprocessing INFO child process calling self.run()
SpawnPoolWorker-4| 2026-06-21 22:28:03,390,390 multiprocessing INFO child process calling self.run()
SpawnPoolWorker-6| 2026-06-21 22:28:03,394,394 multiprocessing INFO STARTING NEW RUN ==========
SpawnPoolWorker-6| 2026-06-21 22:28:03,394,394 multiprocessing INFO SEE LOG AT : ./logs/all_Lyapunov_test_dso-fn_d_all_o_01_log.txt
SpawnPoolWorker-6| 2026-06-21 22:28:03,394,394 multiprocessing INFO See log at : ./logs/all_Lyapunov_test_dso-fn_d_all_o_01_log.txt
SpawnPoolWorker-6| 2026-06-21 22:28:03,396,396 multiprocessing INFO child process calling self.run()
SpawnPoolWorker-4| 2026-06-21 22:28:26,459,459 multiprocessing INFO process shutting down
SpawnPoolWorker-5| 2026-06-21 22:28:26,459,459 multiprocessing INFO process shutting down
SpawnPoolWorker-2| 2026-06-21 22:28:26,459,459 multiprocessing INFO process shutting down
SpawnPoolWorker-9| 2026-06-21 22:28:26,459,459 multiprocessing INFO process shutting down
SpawnPoolWorker-6| 2026-06-21 22:28:26,459,459 multiprocessing INFO process shutting down
SpawnPoolWorker-1| 2026-06-21 22:28:26,459,459 multiprocessing INFO process shutting down
SpawnPoolWorker-7| 2026-06-21 22:28:26,459,459 multiprocessing INFO process shutting down
SpawnPoolWorker-10| 2026-06-21 22:28:26,459,459 multiprocessing INFO process shutting down
(10000,)

===================Collect 10000 Examples===================

Epsilon 0.1
500
(550,)
(550,)
(55,)
Number of Programs for Minimization: 28
SpawnPoolWorker-18| 2026-06-21 22:28:41,972,972 multiprocessing INFO STARTING NEW RUN ==========
SpawnPoolWorker-18| 2026-06-21 22:28:41,973,973 multiprocessing INFO SEE LOG AT : ./logs/all_Lyapunov_test_dso-fn_d_all_o_01_log.txt
SpawnPoolWorker-18| 2026-06-21 22:28:41,973,973 multiprocessing INFO See log at : ./logs/all_Lyapunov_test_dso-fn_d_all_o_01_log.txt
SpawnPoolWorker-18| 2026-06-21 22:28:41,981,981 multiprocessing INFO child process calling self.run()
SpawnPoolWorker-12| 2026-06-21 22:28:42,259,259 multiprocessing INFO STARTING NEW RUN ==========
SpawnPoolWorker-12| 2026-06-21 22:28:42,259,259 multiprocessing INFO SEE LOG AT : ./logs/all_Lyapunov_test_dso-fn_d_all_o_01_log.txt
SpawnPoolWorker-12| 2026-06-21 22:28:42,259,259 multiprocessing INFO See log at : ./logs/all_Lyapunov_test_dso-fn_d_all_o_01_log.txt
SpawnPoolWorker-12| 2026-06-21 22:28:42,261,261 multiprocessing INFO child process calling self.run()
SpawnPoolWorker-28| 2026-06-21 22:28:42,407,407 multiprocessing INFO STARTING NEW RUN ==========
SpawnPoolWorker-28| 2026-06-21 22:28:42,407,407 multiprocessing INFO SEE LOG AT : ./logs/all_Lyapunov_test_dso-fn_d_all_o_01_log.txt
SpawnPoolWorker-28| 2026-06-21 22:28:42,407,407 multiprocessing INFO See log at : ./logs/all_Lyapunov_test_dso-fn_d_all_o_01_log.txt
SpawnPoolWorker-28| 2026-06-21 22:28:42,409,409 multiprocessing INFO child process calling self.run()
SpawnPoolWorker-29| 2026-06-21 22:28:42,558,558 multiprocessing INFO STARTING NEW RUN ==========
SpawnPoolWorker-29| 2026-06-21 22:28:42,559,559 multiprocessing INFO SEE LOG AT : ./logs/all_Lyapunov_test_dso-fn_d_all_o_01_log.txt
SpawnPoolWorker-29| 2026-06-21 22:28:42,559,559 multiprocessing INFO See log at : ./logs/all_Lyapunov_test_dso-fn_d_all_o_01_log.txt
SpawnPoolWorker-25| 2026-06-21 22:28:42,562,562 multiprocessing INFO STARTING NEW RUN ==========
SpawnPoolWorker-25| 2026-06-21 22:28:42,562,562 multiprocessing INFO SEE LOG AT : ./logs/all_Lyapunov_test_dso-fn_d_all_o_01_log.txt
SpawnPoolWorker-25| 2026-06-21 22:28:42,562,562 multiprocessing INFO See log at : ./logs/all_Lyapunov_test_dso-fn_d_all_o_01_log.txt
SpawnPoolWorker-29| 2026-06-21 22:28:42,563,563 multiprocessing INFO child process calling self.run()
SpawnPoolWorker-25| 2026-06-21 22:28:42,566,566 multiprocessing INFO child process calling self.run()
SpawnPoolWorker-22| 2026-06-21 22:28:42,740,740 multiprocessing INFO STARTING NEW RUN ==========
SpawnPoolWorker-22| 2026-06-21 22:28:42,740,740 multiprocessing INFO SEE LOG AT : ./logs/all_Lyapunov_test_dso-fn_d_all_o_01_log.txt
SpawnPoolWorker-22| 2026-06-21 22:28:42,740,740 multiprocessing INFO See log at : ./logs/all_Lyapunov_test_dso-fn_d_all_o_01_log.txt
SpawnPoolWorker-22| 2026-06-21 22:28:42,743,743 multiprocessing INFO child process calling self.run()
SpawnPoolWorker-13| 2026-06-21 22:28:42,871,871 multiprocessing INFO STARTING NEW RUN ==========
SpawnPoolWorker-13| 2026-06-21 22:28:42,871,871 multiprocessing INFO SEE LOG AT : ./logs/all_Lyapunov_test_dso-fn_d_all_o_01_log.txt
SpawnPoolWorker-13| 2026-06-21 22:28:42,871,871 multiprocessing INFO See log at : ./logs/all_Lyapunov_test_dso-fn_d_all_o_01_log.txt
SpawnPoolWorker-16| 2026-06-21 22:28:42,872,872 multiprocessing INFO STARTING NEW RUN ==========
SpawnPoolWorker-16| 2026-06-21 22:28:42,872,872 multiprocessing INFO SEE LOG AT : ./logs/all_Lyapunov_test_dso-fn_d_all_o_01_log.txt
SpawnPoolWorker-16| 2026-06-21 22:28:42,872,872 multiprocessing INFO See log at : ./logs/all_Lyapunov_test_dso-fn_d_all_o_01_log.txt
SpawnPoolWorker-13| 2026-06-21 22:28:42,874,874 multiprocessing INFO child process calling self.run()
SpawnPoolWorker-16| 2026-06-21 22:28:42,880,880 multiprocessing INFO child process calling self.run()
SpawnPoolWorker-23| 2026-06-21 22:28:43,041,41 multiprocessing INFO STARTING NEW RUN ==========
SpawnPoolWorker-23| 2026-06-21 22:28:43,042,42 multiprocessing INFO SEE LOG AT : ./logs/all_Lyapunov_test_dso-fn_d_all_o_01_log.txt
SpawnPoolWorker-23| 2026-06-21 22:28:43,042,42 multiprocessing INFO See log at : ./logs/all_Lyapunov_test_dso-fn_d_all_o_01_log.txt
SpawnPoolWorker-23| 2026-06-21 22:28:43,046,46 multiprocessing INFO child process calling self.run()
SpawnPoolWorker-20| 2026-06-21 22:28:43,087,87 multiprocessing INFO STARTING NEW RUN ==========
SpawnPoolWorker-20| 2026-06-21 22:28:43,087,87 multiprocessing INFO SEE LOG AT : ./logs/all_Lyapunov_test_dso-fn_d_all_o_01_log.txt
SpawnPoolWorker-20| 2026-06-21 22:28:43,087,87 multiprocessing INFO See log at : ./logs/all_Lyapunov_test_dso-fn_d_all_o_01_log.txt
SpawnPoolWorker-20| 2026-06-21 22:28:43,089,89 multiprocessing INFO child process calling self.run()
SpawnPoolWorker-26| 2026-06-21 22:28:43,274,274 multiprocessing INFO STARTING NEW RUN ==========
SpawnPoolWorker-26| 2026-06-21 22:28:43,274,274 multiprocessing INFO SEE LOG AT : ./logs/all_Lyapunov_test_dso-fn_d_all_o_01_log.txt
SpawnPoolWorker-26| 2026-06-21 22:28:43,274,274 multiprocessing INFO See log at : ./logs/all_Lyapunov_test_dso-fn_d_all_o_01_log.txt
SpawnPoolWorker-26| 2026-06-21 22:28:43,280,280 multiprocessing INFO child process calling self.run()
SpawnPoolWorker-32| 2026-06-21 22:28:43,345,345 multiprocessing INFO STARTING NEW RUN ==========
SpawnPoolWorker-32| 2026-06-21 22:28:43,345,345 multiprocessing INFO SEE LOG AT : ./logs/all_Lyapunov_test_dso-fn_d_all_o_01_log.txt
SpawnPoolWorker-32| 2026-06-21 22:28:43,345,345 multiprocessing INFO See log at : ./logs/all_Lyapunov_test_dso-fn_d_all_o_01_log.txt
SpawnPoolWorker-32| 2026-06-21 22:28:43,349,349 multiprocessing INFO child process calling self.run()
SpawnPoolWorker-30| 2026-06-21 22:28:43,402,402 multiprocessing INFO STARTING NEW RUN ==========
SpawnPoolWorker-30| 2026-06-21 22:28:43,402,402 multiprocessing INFO SEE LOG AT : ./logs/all_Lyapunov_test_dso-fn_d_all_o_01_log.txt
SpawnPoolWorker-30| 2026-06-21 22:28:43,402,402 multiprocessing INFO See log at : ./logs/all_Lyapunov_test_dso-fn_d_all_o_01_log.txt
SpawnPoolWorker-30| 2026-06-21 22:28:43,411,411 multiprocessing INFO child process calling self.run()
SpawnPoolWorker-27| 2026-06-21 22:28:43,436,436 multiprocessing INFO STARTING NEW RUN ==========
SpawnPoolWorker-27| 2026-06-21 22:28:43,436,436 multiprocessing INFO SEE LOG AT : ./logs/all_Lyapunov_test_dso-fn_d_all_o_01_log.txt
SpawnPoolWorker-27| 2026-06-21 22:28:43,436,436 multiprocessing INFO See log at : ./logs/all_Lyapunov_test_dso-fn_d_all_o_01_log.txt
SpawnPoolWorker-27| 2026-06-21 22:28:43,440,440 multiprocessing INFO child process calling self.run()
SpawnPoolWorker-14| 2026-06-21 22:28:43,490,490 multiprocessing INFO STARTING NEW RUN ==========
SpawnPoolWorker-14| 2026-06-21 22:28:43,490,490 multiprocessing INFO SEE LOG AT : ./logs/all_Lyapunov_test_dso-fn_d_all_o_01_log.txt
SpawnPoolWorker-14| 2026-06-21 22:28:43,491,491 multiprocessing INFO See log at : ./logs/all_Lyapunov_test_dso-fn_d_all_o_01_log.txt
SpawnPoolWorker-14| 2026-06-21 22:28:43,498,498 multiprocessing INFO child process calling self.run()
SpawnPoolWorker-15| 2026-06-21 22:28:43,541,541 multiprocessing INFO STARTING NEW RUN ==========
SpawnPoolWorker-15| 2026-06-21 22:28:43,541,541 multiprocessing INFO SEE LOG AT : ./logs/all_Lyapunov_test_dso-fn_d_all_o_01_log.txt
SpawnPoolWorker-15| 2026-06-21 22:28:43,541,541 multiprocessing INFO See log at : ./logs/all_Lyapunov_test_dso-fn_d_all_o_01_log.txt
SpawnPoolWorker-15| 2026-06-21 22:28:43,547,547 multiprocessing INFO child process calling self.run()
SpawnPoolWorker-34| 2026-06-21 22:28:43,558,558 multiprocessing INFO STARTING NEW RUN ==========
SpawnPoolWorker-34| 2026-06-21 22:28:43,558,558 multiprocessing INFO SEE LOG AT : ./logs/all_Lyapunov_test_dso-fn_d_all_o_01_log.txt
SpawnPoolWorker-34| 2026-06-21 22:28:43,558,558 multiprocessing INFO See log at : ./logs/all_Lyapunov_test_dso-fn_d_all_o_01_log.txt
SpawnPoolWorker-34| 2026-06-21 22:28:43,560,560 multiprocessing INFO child process calling self.run()
SpawnPoolWorker-11| 2026-06-21 22:28:43,743,743 multiprocessing INFO STARTING NEW RUN ==========
SpawnPoolWorker-11| 2026-06-21 22:28:43,744,744 multiprocessing INFO SEE LOG AT : ./logs/all_Lyapunov_test_dso-fn_d_all_o_01_log.txt
SpawnPoolWorker-11| 2026-06-21 22:28:43,744,744 multiprocessing INFO See log at : ./logs/all_Lyapunov_test_dso-fn_d_all_o_01_log.txt
SpawnPoolWorker-11| 2026-06-21 22:28:43,746,746 multiprocessing INFO child process calling self.run()
SpawnPoolWorker-24| 2026-06-21 22:28:43,762,762 multiprocessing INFO STARTING NEW RUN ==========
SpawnPoolWorker-24| 2026-06-21 22:28:43,762,762 multiprocessing INFO SEE LOG AT : ./logs/all_Lyapunov_test_dso-fn_d_all_o_01_log.txt
SpawnPoolWorker-24| 2026-06-21 22:28:43,762,762 multiprocessing INFO See log at : ./logs/all_Lyapunov_test_dso-fn_d_all_o_01_log.txt
SpawnPoolWorker-24| 2026-06-21 22:28:43,764,764 multiprocessing INFO child process calling self.run()
SpawnPoolWorker-33| 2026-06-21 22:28:43,914,914 multiprocessing INFO STARTING NEW RUN ==========
SpawnPoolWorker-33| 2026-06-21 22:28:43,914,914 multiprocessing INFO SEE LOG AT : ./logs/all_Lyapunov_test_dso-fn_d_all_o_01_log.txt
SpawnPoolWorker-33| 2026-06-21 22:28:43,914,914 multiprocessing INFO See log at : ./logs/all_Lyapunov_test_dso-fn_d_all_o_01_log.txt
SpawnPoolWorker-31| 2026-06-21 22:28:43,914,914 multiprocessing INFO STARTING NEW RUN ==========
SpawnPoolWorker-31| 2026-06-21 22:28:43,914,914 multiprocessing INFO SEE LOG AT : ./logs/all_Lyapunov_test_dso-fn_d_all_o_01_log.txt
SpawnPoolWorker-31| 2026-06-21 22:28:43,914,914 multiprocessing INFO See log at : ./logs/all_Lyapunov_test_dso-fn_d_all_o_01_log.txt
SpawnPoolWorker-33| 2026-06-21 22:28:43,918,918 multiprocessing INFO child process calling self.run()
SpawnPoolWorker-31| 2026-06-21 22:28:43,923,923 multiprocessing INFO child process calling self.run()
SpawnPoolWorker-17| 2026-06-21 22:28:44,034,34 multiprocessing INFO STARTING NEW RUN ==========
SpawnPoolWorker-17| 2026-06-21 22:28:44,034,34 multiprocessing INFO SEE LOG AT : ./logs/all_Lyapunov_test_dso-fn_d_all_o_01_log.txt
SpawnPoolWorker-17| 2026-06-21 22:28:44,035,35 multiprocessing INFO See log at : ./logs/all_Lyapunov_test_dso-fn_d_all_o_01_log.txt
SpawnPoolWorker-17| 2026-06-21 22:28:44,036,36 multiprocessing INFO child process calling self.run()
SpawnPoolWorker-19| 2026-06-21 22:28:44,071,71 multiprocessing INFO STARTING NEW RUN ==========
SpawnPoolWorker-19| 2026-06-21 22:28:44,071,71 multiprocessing INFO SEE LOG AT : ./logs/all_Lyapunov_test_dso-fn_d_all_o_01_log.txt
SpawnPoolWorker-19| 2026-06-21 22:28:44,071,71 multiprocessing INFO See log at : ./logs/all_Lyapunov_test_dso-fn_d_all_o_01_log.txt
SpawnPoolWorker-19| 2026-06-21 22:28:44,073,73 multiprocessing INFO child process calling self.run()
SpawnPoolWorker-16| 2026-06-21 22:28:44,137,137 multiprocessing INFO process shutting down
SpawnPoolWorker-11| 2026-06-21 22:28:44,137,137 multiprocessing INFO process shutting down
SpawnPoolWorker-24| 2026-06-21 22:28:44,137,137 multiprocessing INFO process shutting down
SpawnPoolWorker-16| 2026-06-21 22:28:44,137,137 multiprocessing INFO process exiting with exitcode 0
SpawnPoolWorker-11| 2026-06-21 22:28:44,137,137 multiprocessing INFO process exiting with exitcode 0
SpawnPoolWorker-24| 2026-06-21 22:28:44,137,137 multiprocessing INFO process exiting with exitcode 0
SpawnPoolWorker-25| 2026-06-21 22:28:44,137,137 multiprocessing INFO process shutting down
SpawnPoolWorker-20| 2026-06-21 22:28:44,137,137 multiprocessing INFO process shutting down
SpawnPoolWorker-28| 2026-06-21 22:28:44,137,137 multiprocessing INFO process shutting down
SpawnPoolWorker-13| 2026-06-21 22:28:44,138,138 multiprocessing INFO process shutting down
SpawnPoolWorker-33| 2026-06-21 22:28:44,138,138 multiprocessing INFO process shutting down
SpawnPoolWorker-31| 2026-06-21 22:28:44,138,138 multiprocessing INFO process shutting down
SpawnPoolWorker-32| 2026-06-21 22:28:44,138,138 multiprocessing INFO process shutting down
SpawnPoolWorker-12| 2026-06-21 22:28:44,138,138 multiprocessing INFO process shutting down
SpawnPoolWorker-34| 2026-06-21 22:28:44,138,138 multiprocessing INFO process shutting down
SpawnPoolWorker-29| 2026-06-21 22:28:44,138,138 multiprocessing INFO process shutting down
SpawnPoolWorker-17| 2026-06-21 22:28:44,138,138 multiprocessing INFO process shutting down
SpawnPoolWorker-27| 2026-06-21 22:28:44,138,138 multiprocessing INFO process shutting down
SpawnPoolWorker-26| 2026-06-21 22:28:44,138,138 multiprocessing INFO process shutting down
SpawnPoolWorker-30| 2026-06-21 22:28:44,138,138 multiprocessing INFO process shutting down
SpawnPoolWorker-19| 2026-06-21 22:28:44,138,138 multiprocessing INFO process shutting down
SpawnPoolWorker-23| 2026-06-21 22:28:44,138,138 multiprocessing INFO process shutting down
SpawnPoolWorker-14| 2026-06-21 22:28:44,138,138 multiprocessing INFO process shutting down
SpawnPoolWorker-15| 2026-06-21 22:28:44,138,138 multiprocessing INFO process shutting down
SpawnPoolWorker-18| 2026-06-21 22:28:44,138,138 multiprocessing INFO process shutting down
28
(51190, 4)
(51190,)
(51190, 4)
(51190,)

=======================Successfully Added (1190, 4) Counter Examples=======================

MainProcess| 2026-06-21 22:32:04,836,836 multiprocessing INFO Number of potential valid equations: 0
Number of potential valid equations: 0
(55, 128)
/users/9/chen8596/miniconda3/envs/alfd/lib/python3.9/site-packages/torch/nn/functional.py:4999: UserWarning: Support for mismatched key_padding_mask and attn_mask is deprecated. Use same type for both instead.
  warnings.warn(

==============Start Supervised Learning==============

MainProcess| 2026-06-21 22:32:07,598,598 multiprocessing INFO GP output mean: 0.9999909319371523
GP output mean: 0.9999909319371523
MainProcess| 2026-06-21 22:32:07,969,969 multiprocessing INFO GP output success rate: 0.29411764705882354
GP output success rate: 0.29411764705882354
MainProcess| 2026-06-21 22:32:07,969,969 multiprocessing INFO [(x3**2 + x4**2 + (-x1 + x2 + x4)**2)**2, (x3**2 + x4**2 + (-x1 + x2 + x4)**2)**2, (x3**2 + x4**2 + (-x1 + x2 - x3)**2)**2, (x3**2 + x4**2 + (-x1 + x2 - x3)**2)**2, (x3**2 + x4**2 + (-x1 + x4 + sin(x2))**2)**2]
[(x3**2 + x4**2 + (-x1 + x2 + x4)**2)**2, (x3**2 + x4**2 + (-x1 + x2 + x4)**2)**2, (x3**2 + x4**2 + (-x1 + x2 - x3)**2)**2, (x3**2 + x4**2 + (-x1 + x2 - x3)**2)**2, (x3**2 + x4**2 + (-x1 + x4 + sin(x2))**2)**2]

==============End Supervised Learning==============

/users/9/chen8596/LyaDis/repro/runs/power4d/utils/train.py:971: RuntimeWarning: divide by zero encountered in divide
  error = np.abs(((y_hat - y) / y))
/users/9/chen8596/.local/lib/python3.9/site-packages/scipy/stats/_stats_py.py:4424: ConstantInputWarning: An input array is constant; the correlation coefficient is not defined.
  warnings.warn(stats.ConstantInputWarning(msg))
MainProcess| 2026-06-21 22:35:11,204,204 multiprocessing INFO [Test epoch=0001]  nevals=13674 	| train_loss=7491.19092 	| eqs_invalid %=0.00 	| r_best=0.99487 	| quantile=0.69859 	| r_quantile_mean=0.96480 	| r_raw_sum=76.67507 	|  r_raw_mean=0.66099 	| r2=nan 	| acc_iid=0.00000 	| acc_ood=0.00000 	| nmse_test=0.00018869532944385204 	| true_equation_set_count=0 	| s/it=517.05200
[Test epoch=0001]  nevals=13674 	| train_loss=7491.19092 	| eqs_invalid %=0.00 	| r_best=0.99487 	| quantile=0.69859 	| r_quantile_mean=0.96480 	| r_raw_sum=76.67507 	|  r_raw_mean=0.66099 	| r2=nan 	| acc_iid=0.00000 	| acc_ood=0.00000 	| nmse_test=0.00018869532944385204 	| true_equation_set_count=0 	| s/it=517.05200
MainProcess| 2026-06-21 22:35:11,205,205 multiprocessing INFO [00:00:08:37.12] Training epoch 1/4000, current best R: 0.9949
[00:00:08:37.12] Training epoch 1/4000, current best R: 0.9949
MainProcess| 2026-06-21 22:35:11,205,205 multiprocessing INFO 
	** New best

	** New best
MainProcess| 2026-06-21 22:35:11,205,205 multiprocessing INFO 	Reward: 0.9948684574429582
	Reward: 0.9948684574429582
MainProcess| 2026-06-21 22:35:11,205,205 multiprocessing INFO 	Count Off-policy: 1
	Count Off-policy: 1
MainProcess| 2026-06-21 22:35:11,205,205 multiprocessing INFO 	Count On-policy: 0
	Count On-policy: 0
MainProcess| 2026-06-21 22:35:11,205,205 multiprocessing INFO 	Originally on Policy: False
	Originally on Policy: False
MainProcess| 2026-06-21 22:35:11,205,205 multiprocessing INFO 	Invalid: False
	Invalid: False
MainProcess| 2026-06-21 22:35:11,205,205 multiprocessing INFO 	Traversal: n2,add,add,n2,sub,x2,sub,x1,x4,n2,add,x4,x4,n2,x3
	Traversal: n2,add,add,n2,sub,x2,sub,x1,x4,n2,add,x4,x4,n2,x3
MainProcess| 2026-06-21 22:35:11,205,205 multiprocessing INFO 	Expression:
	Expression:
MainProcess| 2026-06-21 22:35:11,370,370 multiprocessing INFO 
	                                  2
	  ⎛  2       2                  2⎞ 
	  ⎝x₃  + 4⋅x₄  + (-x₁ + x₂ + x₄) ⎠ 


	                                  2
	  ⎛  2       2                  2⎞ 
	  ⎝x₃  + 4⋅x₄  + (-x₁ + x₂ + x₄) ⎠ 

MainProcess| 2026-06-21 22:35:55,187,187 multiprocessing INFO Genetic Porgramming Runtime 42.931002989877015
Genetic Porgramming Runtime 42.931002989877015

=========================PGD Collection Starts=========================

SpawnPoolWorker-36| 2026-06-21 22:36:01,940,940 multiprocessing INFO STARTING NEW RUN ==========
SpawnPoolWorker-36| 2026-06-21 22:36:01,940,940 multiprocessing INFO SEE LOG AT : ./logs/all_Lyapunov_test_dso-fn_d_all_o_01_log.txt
SpawnPoolWorker-36| 2026-06-21 22:36:01,940,940 multiprocessing INFO See log at : ./logs/all_Lyapunov_test_dso-fn_d_all_o_01_log.txt
SpawnPoolWorker-42| 2026-06-21 22:36:01,942,942 multiprocessing INFO STARTING NEW RUN ==========
SpawnPoolWorker-35| 2026-06-21 22:36:01,942,942 multiprocessing INFO STARTING NEW RUN ==========
SpawnPoolWorker-43| 2026-06-21 22:36:01,942,942 multiprocessing INFO STARTING NEW RUN ==========
SpawnPoolWorker-38| 2026-06-21 22:36:01,942,942 multiprocessing INFO STARTING NEW RUN ==========
SpawnPoolWorker-42| 2026-06-21 22:36:01,942,942 multiprocessing INFO SEE LOG AT : ./logs/all_Lyapunov_test_dso-fn_d_all_o_01_log.txt
SpawnPoolWorker-35| 2026-06-21 22:36:01,942,942 multiprocessing INFO SEE LOG AT : ./logs/all_Lyapunov_test_dso-fn_d_all_o_01_log.txt
SpawnPoolWorker-43| 2026-06-21 22:36:01,942,942 multiprocessing INFO SEE LOG AT : ./logs/all_Lyapunov_test_dso-fn_d_all_o_01_log.txt
SpawnPoolWorker-38| 2026-06-21 22:36:01,942,942 multiprocessing INFO SEE LOG AT : ./logs/all_Lyapunov_test_dso-fn_d_all_o_01_log.txt
SpawnPoolWorker-42| 2026-06-21 22:36:01,942,942 multiprocessing INFO See log at : ./logs/all_Lyapunov_test_dso-fn_d_all_o_01_log.txt
SpawnPoolWorker-35| 2026-06-21 22:36:01,942,942 multiprocessing INFO See log at : ./logs/all_Lyapunov_test_dso-fn_d_all_o_01_log.txt
SpawnPoolWorker-43| 2026-06-21 22:36:01,942,942 multiprocessing INFO See log at : ./logs/all_Lyapunov_test_dso-fn_d_all_o_01_log.txt
SpawnPoolWorker-38| 2026-06-21 22:36:01,942,942 multiprocessing INFO See log at : ./logs/all_Lyapunov_test_dso-fn_d_all_o_01_log.txt
SpawnPoolWorker-40| 2026-06-21 22:36:01,943,943 multiprocessing INFO STARTING NEW RUN ==========
SpawnPoolWorker-36| 2026-06-21 22:36:01,943,943 multiprocessing INFO child process calling self.run()
SpawnPoolWorker-35| 2026-06-21 22:36:01,944,944 multiprocessing INFO child process calling self.run()
SpawnPoolWorker-38| 2026-06-21 22:36:01,944,944 multiprocessing INFO child process calling self.run()
SpawnPoolWorker-42| 2026-06-21 22:36:01,944,944 multiprocessing INFO child process calling self.run()
SpawnPoolWorker-43| 2026-06-21 22:36:01,944,944 multiprocessing INFO child process calling self.run()
SpawnPoolWorker-40| 2026-06-21 22:36:01,949,949 multiprocessing INFO SEE LOG AT : ./logs/all_Lyapunov_test_dso-fn_d_all_o_01_log.txt
SpawnPoolWorker-40| 2026-06-21 22:36:01,949,949 multiprocessing INFO See log at : ./logs/all_Lyapunov_test_dso-fn_d_all_o_01_log.txt
SpawnPoolWorker-37| 2026-06-21 22:36:01,949,949 multiprocessing INFO STARTING NEW RUN ==========
SpawnPoolWorker-44| 2026-06-21 22:36:01,949,949 multiprocessing INFO STARTING NEW RUN ==========
SpawnPoolWorker-37| 2026-06-21 22:36:01,949,949 multiprocessing INFO SEE LOG AT : ./logs/all_Lyapunov_test_dso-fn_d_all_o_01_log.txt
SpawnPoolWorker-44| 2026-06-21 22:36:01,949,949 multiprocessing INFO SEE LOG AT : ./logs/all_Lyapunov_test_dso-fn_d_all_o_01_log.txt
SpawnPoolWorker-37| 2026-06-21 22:36:01,949,949 multiprocessing INFO See log at : ./logs/all_Lyapunov_test_dso-fn_d_all_o_01_log.txt
SpawnPoolWorker-44| 2026-06-21 22:36:01,949,949 multiprocessing INFO See log at : ./logs/all_Lyapunov_test_dso-fn_d_all_o_01_log.txt
SpawnPoolWorker-37| 2026-06-21 22:36:01,951,951 multiprocessing INFO child process calling self.run()
SpawnPoolWorker-40| 2026-06-21 22:36:01,951,951 multiprocessing INFO child process calling self.run()
SpawnPoolWorker-44| 2026-06-21 22:36:01,952,952 multiprocessing INFO child process calling self.run()
SpawnPoolWorker-39| 2026-06-21 22:36:01,952,952 multiprocessing INFO STARTING NEW RUN ==========
SpawnPoolWorker-39| 2026-06-21 22:36:01,952,952 multiprocessing INFO SEE LOG AT : ./logs/all_Lyapunov_test_dso-fn_d_all_o_01_log.txt
SpawnPoolWorker-39| 2026-06-21 22:36:01,952,952 multiprocessing INFO See log at : ./logs/all_Lyapunov_test_dso-fn_d_all_o_01_log.txt
SpawnPoolWorker-39| 2026-06-21 22:36:01,955,955 multiprocessing INFO child process calling self.run()
SpawnPoolWorker-41| 2026-06-21 22:36:01,960,960 multiprocessing INFO STARTING NEW RUN ==========
SpawnPoolWorker-41| 2026-06-21 22:36:01,960,960 multiprocessing INFO SEE LOG AT : ./logs/all_Lyapunov_test_dso-fn_d_all_o_01_log.txt
SpawnPoolWorker-41| 2026-06-21 22:36:01,961,961 multiprocessing INFO See log at : ./logs/all_Lyapunov_test_dso-fn_d_all_o_01_log.txt
SpawnPoolWorker-41| 2026-06-21 22:36:01,962,962 multiprocessing INFO child process calling self.run()
SpawnPoolWorker-40| 2026-06-21 22:36:29,500,500 multiprocessing INFO process shutting down
SpawnPoolWorker-40| 2026-06-21 22:36:29,501,501 multiprocessing INFO process exiting with exitcode 0
SpawnPoolWorker-37| 2026-06-21 22:36:29,501,501 multiprocessing INFO process shutting down
SpawnPoolWorker-44| 2026-06-21 22:36:29,501,501 multiprocessing INFO process shutting down
SpawnPoolWorker-43| 2026-06-21 22:36:29,501,501 multiprocessing INFO process shutting down
SpawnPoolWorker-39| 2026-06-21 22:36:29,501,501 multiprocessing INFO process shutting down
SpawnPoolWorker-41| 2026-06-21 22:36:29,501,501 multiprocessing INFO process shutting down
(10238,)

===================Collect 10238 Examples===================

Epsilon 0.1
500
(550,)
(550,)
(55,)
Number of Programs for Minimization: 29
SpawnPoolWorker-53| 2026-06-21 22:36:45,070,70 multiprocessing INFO STARTING NEW RUN ==========
SpawnPoolWorker-53| 2026-06-21 22:36:45,070,70 multiprocessing INFO SEE LOG AT : ./logs/all_Lyapunov_test_dso-fn_d_all_o_01_log.txt
SpawnPoolWorker-53| 2026-06-21 22:36:45,070,70 multiprocessing INFO See log at : ./logs/all_Lyapunov_test_dso-fn_d_all_o_01_log.txt
SpawnPoolWorker-53| 2026-06-21 22:36:45,078,78 multiprocessing INFO child process calling self.run()
SpawnPoolWorker-52| 2026-06-21 22:36:45,234,234 multiprocessing INFO STARTING NEW RUN ==========
SpawnPoolWorker-52| 2026-06-21 22:36:45,234,234 multiprocessing INFO SEE LOG AT : ./logs/all_Lyapunov_test_dso-fn_d_all_o_01_log.txt
SpawnPoolWorker-52| 2026-06-21 22:36:45,234,234 multiprocessing INFO See log at : ./logs/all_Lyapunov_test_dso-fn_d_all_o_01_log.txt
SpawnPoolWorker-52| 2026-06-21 22:36:45,241,241 multiprocessing INFO child process calling self.run()
SpawnPoolWorker-51| 2026-06-21 22:36:45,512,512 multiprocessing INFO STARTING NEW RUN ==========
SpawnPoolWorker-51| 2026-06-21 22:36:45,512,512 multiprocessing INFO SEE LOG AT : ./logs/all_Lyapunov_test_dso-fn_d_all_o_01_log.txt
SpawnPoolWorker-51| 2026-06-21 22:36:45,513,513 multiprocessing INFO See log at : ./logs/all_Lyapunov_test_dso-fn_d_all_o_01_log.txt
SpawnPoolWorker-51| 2026-06-21 22:36:45,514,514 multiprocessing INFO child process calling self.run()
SpawnPoolWorker-49| 2026-06-21 22:36:45,546,546 multiprocessing INFO STARTING NEW RUN ==========
SpawnPoolWorker-49| 2026-06-21 22:36:45,546,546 multiprocessing INFO SEE LOG AT : ./logs/all_Lyapunov_test_dso-fn_d_all_o_01_log.txt
SpawnPoolWorker-49| 2026-06-21 22:36:45,546,546 multiprocessing INFO See log at : ./logs/all_Lyapunov_test_dso-fn_d_all_o_01_log.txt
SpawnPoolWorker-49| 2026-06-21 22:36:45,549,549 multiprocessing INFO child process calling self.run()
SpawnPoolWorker-45| 2026-06-21 22:36:46,163,163 multiprocessing INFO STARTING NEW RUN ==========
SpawnPoolWorker-45| 2026-06-21 22:36:46,163,163 multiprocessing INFO SEE LOG AT : ./logs/all_Lyapunov_test_dso-fn_d_all_o_01_log.txt
SpawnPoolWorker-45| 2026-06-21 22:36:46,163,163 multiprocessing INFO See log at : ./logs/all_Lyapunov_test_dso-fn_d_all_o_01_log.txt
SpawnPoolWorker-45| 2026-06-21 22:36:46,165,165 multiprocessing INFO child process calling self.run()
SpawnPoolWorker-47| 2026-06-21 22:36:46,287,287 multiprocessing INFO STARTING NEW RUN ==========
SpawnPoolWorker-47| 2026-06-21 22:36:46,287,287 multiprocessing INFO SEE LOG AT : ./logs/all_Lyapunov_test_dso-fn_d_all_o_01_log.txt
SpawnPoolWorker-47| 2026-06-21 22:36:46,287,287 multiprocessing INFO See log at : ./logs/all_Lyapunov_test_dso-fn_d_all_o_01_log.txt
SpawnPoolWorker-47| 2026-06-21 22:36:46,290,290 multiprocessing INFO child process calling self.run()
SpawnPoolWorker-58| 2026-06-21 22:36:46,533,533 multiprocessing INFO STARTING NEW RUN ==========
SpawnPoolWorker-58| 2026-06-21 22:36:46,533,533 multiprocessing INFO SEE LOG AT : ./logs/all_Lyapunov_test_dso-fn_d_all_o_01_log.txt
SpawnPoolWorker-58| 2026-06-21 22:36:46,533,533 multiprocessing INFO See log at : ./logs/all_Lyapunov_test_dso-fn_d_all_o_01_log.txt
SpawnPoolWorker-58| 2026-06-21 22:36:46,535,535 multiprocessing INFO child process calling self.run()
SpawnPoolWorker-46| 2026-06-21 22:36:46,815,815 multiprocessing INFO STARTING NEW RUN ==========
SpawnPoolWorker-46| 2026-06-21 22:36:46,815,815 multiprocessing INFO SEE LOG AT : ./logs/all_Lyapunov_test_dso-fn_d_all_o_01_log.txt
SpawnPoolWorker-46| 2026-06-21 22:36:46,815,815 multiprocessing INFO See log at : ./logs/all_Lyapunov_test_dso-fn_d_all_o_01_log.txt
SpawnPoolWorker-46| 2026-06-21 22:36:46,818,818 multiprocessing INFO child process calling self.run()
SpawnPoolWorker-64| 2026-06-21 22:36:46,916,916 multiprocessing INFO STARTING NEW RUN ==========
SpawnPoolWorker-64| 2026-06-21 22:36:46,916,916 multiprocessing INFO SEE LOG AT : ./logs/all_Lyapunov_test_dso-fn_d_all_o_01_log.txt
SpawnPoolWorker-64| 2026-06-21 22:36:46,916,916 multiprocessing INFO See log at : ./logs/all_Lyapunov_test_dso-fn_d_all_o_01_log.txt
SpawnPoolWorker-64| 2026-06-21 22:36:46,922,922 multiprocessing INFO child process calling self.run()
SpawnPoolWorker-65| 2026-06-21 22:36:47,006,6 multiprocessing INFO STARTING NEW RUN ==========
SpawnPoolWorker-65| 2026-06-21 22:36:47,006,6 multiprocessing INFO SEE LOG AT : ./logs/all_Lyapunov_test_dso-fn_d_all_o_01_log.txt
SpawnPoolWorker-65| 2026-06-21 22:36:47,007,7 multiprocessing INFO See log at : ./logs/all_Lyapunov_test_dso-fn_d_all_o_01_log.txt
SpawnPoolWorker-65| 2026-06-21 22:36:47,013,13 multiprocessing INFO child process calling self.run()
SpawnPoolWorker-54| 2026-06-21 22:36:47,154,154 multiprocessing INFO STARTING NEW RUN ==========
SpawnPoolWorker-54| 2026-06-21 22:36:47,154,154 multiprocessing INFO SEE LOG AT : ./logs/all_Lyapunov_test_dso-fn_d_all_o_01_log.txt
SpawnPoolWorker-54| 2026-06-21 22:36:47,154,154 multiprocessing INFO See log at : ./logs/all_Lyapunov_test_dso-fn_d_all_o_01_log.txt
SpawnPoolWorker-54| 2026-06-21 22:36:47,156,156 multiprocessing INFO child process calling self.run()
SpawnPoolWorker-66| 2026-06-21 22:36:47,180,180 multiprocessing INFO STARTING NEW RUN ==========
SpawnPoolWorker-66| 2026-06-21 22:36:47,180,180 multiprocessing INFO SEE LOG AT : ./logs/all_Lyapunov_test_dso-fn_d_all_o_01_log.txt
SpawnPoolWorker-66| 2026-06-21 22:36:47,180,180 multiprocessing INFO See log at : ./logs/all_Lyapunov_test_dso-fn_d_all_o_01_log.txt
SpawnPoolWorker-66| 2026-06-21 22:36:47,182,182 multiprocessing INFO child process calling self.run()
SpawnPoolWorker-55| 2026-06-21 22:36:47,236,236 multiprocessing INFO STARTING NEW RUN ==========
SpawnPoolWorker-55| 2026-06-21 22:36:47,236,236 multiprocessing INFO SEE LOG AT : ./logs/all_Lyapunov_test_dso-fn_d_all_o_01_log.txt
SpawnPoolWorker-55| 2026-06-21 22:36:47,236,236 multiprocessing INFO See log at : ./logs/all_Lyapunov_test_dso-fn_d_all_o_01_log.txt
SpawnPoolWorker-55| 2026-06-21 22:36:47,239,239 multiprocessing INFO child process calling self.run()
SpawnPoolWorker-62| 2026-06-21 22:36:47,392,392 multiprocessing INFO STARTING NEW RUN ==========
SpawnPoolWorker-62| 2026-06-21 22:36:47,392,392 multiprocessing INFO SEE LOG AT : ./logs/all_Lyapunov_test_dso-fn_d_all_o_01_log.txt
SpawnPoolWorker-62| 2026-06-21 22:36:47,392,392 multiprocessing INFO See log at : ./logs/all_Lyapunov_test_dso-fn_d_all_o_01_log.txt
SpawnPoolWorker-62| 2026-06-21 22:36:47,394,394 multiprocessing INFO child process calling self.run()
SpawnPoolWorker-54| 2026-06-21 22:36:47,409,409 multiprocessing INFO process shutting down
SpawnPoolWorker-54| 2026-06-21 22:36:47,410,410 multiprocessing INFO process exiting with exitcode 0
SpawnPoolWorker-58| 2026-06-21 22:36:47,410,410 multiprocessing INFO process shutting down
SpawnPoolWorker-45| 2026-06-21 22:36:47,410,410 multiprocessing INFO process shutting down
SpawnPoolWorker-52| 2026-06-21 22:36:47,410,410 multiprocessing INFO process shutting down
SpawnPoolWorker-53| 2026-06-21 22:36:47,410,410 multiprocessing INFO process shutting down
SpawnPoolWorker-55| 2026-06-21 22:36:47,410,410 multiprocessing INFO process shutting down
SpawnPoolWorker-49| 2026-06-21 22:36:47,411,411 multiprocessing INFO process shutting down
SpawnPoolWorker-51| 2026-06-21 22:36:47,411,411 multiprocessing INFO process shutting down
SpawnPoolWorker-65| 2026-06-21 22:36:47,411,411 multiprocessing INFO process shutting down
SpawnPoolWorker-64| 2026-06-21 22:36:47,411,411 multiprocessing INFO process shutting down
SpawnPoolWorker-46| 2026-06-21 22:36:47,411,411 multiprocessing INFO process shutting down
SpawnPoolWorker-47| 2026-06-21 22:36:47,411,411 multiprocessing INFO process shutting down
29
(52856, 4)
(52856,)
(52857, 4)
(52857,)

=======================Successfully Added (1667, 4) Counter Examples=======================


============None of the candidates fulfill the conditions. Training CONTINUES!=================

MainProcess| 2026-06-21 22:36:48,253,253 multiprocessing INFO 
============None of the candidates fulfill the conditions. Training CONTINUES!=================


============None of the candidates fulfill the conditions. Training CONTINUES!=================

(55, 128)
/users/9/chen8596/miniconda3/envs/alfd/lib/python3.9/site-packages/torch/nn/functional.py:4999: UserWarning: Support for mismatched key_padding_mask and attn_mask is deprecated. Use same type for both instead.
  warnings.warn(

==============Start Supervised Learning==============

MainProcess| 2026-06-21 22:36:49,816,816 multiprocessing INFO GP output mean: 0.999923264215726
GP output mean: 0.999923264215726
MainProcess| 2026-06-21 22:36:50,012,12 multiprocessing INFO GP output success rate: 0.0
GP output success rate: 0.0

==============End Supervised Learning==============

MainProcess| 2026-06-21 22:36:51,511,511 multiprocessing INFO [Test epoch=0002]  nevals=27425 	| train_loss=5450.69043 	| eqs_invalid %=0.18 	| r_best=0.99487 	| quantile=0.92561 	| r_quantile_mean=0.98166 	| r_raw_sum=99.58826 	|  r_raw_mean=0.57565 	| r2=nan 	| acc_iid=0.00000 	| acc_ood=0.00000 	| nmse_test=0.00018869532944385204 	| true_equation_set_count=0 	| s/it=100.14095
[Test epoch=0002]  nevals=27425 	| train_loss=5450.69043 	| eqs_invalid %=0.18 	| r_best=0.99487 	| quantile=0.92561 	| r_quantile_mean=0.98166 	| r_raw_sum=99.58826 	|  r_raw_mean=0.57565 	| r2=nan 	| acc_iid=0.00000 	| acc_ood=0.00000 	| nmse_test=0.00018869532944385204 	| true_equation_set_count=0 	| s/it=100.14095
MainProcess| 2026-06-21 22:37:25,804,804 multiprocessing INFO Genetic Porgramming Runtime 33.66005931911059
Genetic Porgramming Runtime 33.66005931911059

=========================PGD Collection Starts=========================

SpawnPoolWorker-69| 2026-06-21 22:37:31,503,503 multiprocessing INFO STARTING NEW RUN ==========
SpawnPoolWorker-69| 2026-06-21 22:37:31,503,503 multiprocessing INFO SEE LOG AT : ./logs/all_Lyapunov_test_dso-fn_d_all_o_01_log.txt
SpawnPoolWorker-69| 2026-06-21 22:37:31,503,503 multiprocessing INFO See log at : ./logs/all_Lyapunov_test_dso-fn_d_all_o_01_log.txt
SpawnPoolWorker-69| 2026-06-21 22:37:31,505,505 multiprocessing INFO child process calling self.run()
SpawnPoolWorker-75| 2026-06-21 22:37:31,505,505 multiprocessing INFO STARTING NEW RUN ==========
SpawnPoolWorker-73| 2026-06-21 22:37:31,505,505 multiprocessing INFO STARTING NEW RUN ==========
SpawnPoolWorker-72| 2026-06-21 22:37:31,505,505 multiprocessing INFO STARTING NEW RUN ==========
SpawnPoolWorker-73| 2026-06-21 22:37:31,505,505 multiprocessing INFO SEE LOG AT : ./logs/all_Lyapunov_test_dso-fn_d_all_o_01_log.txt
SpawnPoolWorker-72| 2026-06-21 22:37:31,505,505 multiprocessing INFO SEE LOG AT : ./logs/all_Lyapunov_test_dso-fn_d_all_o_01_log.txt
SpawnPoolWorker-73| 2026-06-21 22:37:31,505,505 multiprocessing INFO See log at : ./logs/all_Lyapunov_test_dso-fn_d_all_o_01_log.txt
SpawnPoolWorker-72| 2026-06-21 22:37:31,505,505 multiprocessing INFO See log at : ./logs/all_Lyapunov_test_dso-fn_d_all_o_01_log.txt
SpawnPoolWorker-75| 2026-06-21 22:37:31,505,505 multiprocessing INFO SEE LOG AT : ./logs/all_Lyapunov_test_dso-fn_d_all_o_01_log.txt
SpawnPoolWorker-75| 2026-06-21 22:37:31,505,505 multiprocessing INFO See log at : ./logs/all_Lyapunov_test_dso-fn_d_all_o_01_log.txt
SpawnPoolWorker-73| 2026-06-21 22:37:31,507,507 multiprocessing INFO child process calling self.run()
SpawnPoolWorker-72| 2026-06-21 22:37:31,507,507 multiprocessing INFO child process calling self.run()
SpawnPoolWorker-71| 2026-06-21 22:37:31,507,507 multiprocessing INFO STARTING NEW RUN ==========
SpawnPoolWorker-75| 2026-06-21 22:37:31,507,507 multiprocessing INFO child process calling self.run()
SpawnPoolWorker-71| 2026-06-21 22:37:31,507,507 multiprocessing INFO SEE LOG AT : ./logs/all_Lyapunov_test_dso-fn_d_all_o_01_log.txt
SpawnPoolWorker-71| 2026-06-21 22:37:31,507,507 multiprocessing INFO See log at : ./logs/all_Lyapunov_test_dso-fn_d_all_o_01_log.txt
SpawnPoolWorker-71| 2026-06-21 22:37:31,509,509 multiprocessing INFO child process calling self.run()
SpawnPoolWorker-77| 2026-06-21 22:37:31,511,511 multiprocessing INFO STARTING NEW RUN ==========
SpawnPoolWorker-77| 2026-06-21 22:37:31,511,511 multiprocessing INFO SEE LOG AT : ./logs/all_Lyapunov_test_dso-fn_d_all_o_01_log.txt
SpawnPoolWorker-77| 2026-06-21 22:37:31,511,511 multiprocessing INFO See log at : ./logs/all_Lyapunov_test_dso-fn_d_all_o_01_log.txt
SpawnPoolWorker-77| 2026-06-21 22:37:31,513,513 multiprocessing INFO child process calling self.run()
SpawnPoolWorker-78| 2026-06-21 22:37:31,516,516 multiprocessing INFO STARTING NEW RUN ==========
SpawnPoolWorker-78| 2026-06-21 22:37:31,517,517 multiprocessing INFO SEE LOG AT : ./logs/all_Lyapunov_test_dso-fn_d_all_o_01_log.txt
SpawnPoolWorker-78| 2026-06-21 22:37:31,517,517 multiprocessing INFO See log at : ./logs/all_Lyapunov_test_dso-fn_d_all_o_01_log.txt
SpawnPoolWorker-78| 2026-06-21 22:37:31,518,518 multiprocessing INFO child process calling self.run()
SpawnPoolWorker-74| 2026-06-21 22:37:31,541,541 multiprocessing INFO STARTING NEW RUN ==========
SpawnPoolWorker-74| 2026-06-21 22:37:31,541,541 multiprocessing INFO SEE LOG AT : ./logs/all_Lyapunov_test_dso-fn_d_all_o_01_log.txt
SpawnPoolWorker-74| 2026-06-21 22:37:31,541,541 multiprocessing INFO See log at : ./logs/all_Lyapunov_test_dso-fn_d_all_o_01_log.txt
SpawnPoolWorker-74| 2026-06-21 22:37:31,544,544 multiprocessing INFO child process calling self.run()
SpawnPoolWorker-70| 2026-06-21 22:37:31,564,564 multiprocessing INFO STARTING NEW RUN ==========
SpawnPoolWorker-70| 2026-06-21 22:37:31,564,564 multiprocessing INFO SEE LOG AT : ./logs/all_Lyapunov_test_dso-fn_d_all_o_01_log.txt
SpawnPoolWorker-70| 2026-06-21 22:37:31,564,564 multiprocessing INFO See log at : ./logs/all_Lyapunov_test_dso-fn_d_all_o_01_log.txt
SpawnPoolWorker-70| 2026-06-21 22:37:31,566,566 multiprocessing INFO child process calling self.run()
SpawnPoolWorker-76| 2026-06-21 22:37:31,571,571 multiprocessing INFO STARTING NEW RUN ==========
SpawnPoolWorker-76| 2026-06-21 22:37:31,571,571 multiprocessing INFO SEE LOG AT : ./logs/all_Lyapunov_test_dso-fn_d_all_o_01_log.txt
SpawnPoolWorker-76| 2026-06-21 22:37:31,571,571 multiprocessing INFO See log at : ./logs/all_Lyapunov_test_dso-fn_d_all_o_01_log.txt
SpawnPoolWorker-76| 2026-06-21 22:37:31,573,573 multiprocessing INFO child process calling self.run()
SpawnPoolWorker-77| 2026-06-21 22:37:56,577,577 multiprocessing INFO process shutting down
SpawnPoolWorker-77| 2026-06-21 22:37:56,577,577 multiprocessing INFO process exiting with exitcode 0
SpawnPoolWorker-75| 2026-06-21 22:37:56,577,577 multiprocessing INFO process shutting down
SpawnPoolWorker-74| 2026-06-21 22:37:56,577,577 multiprocessing INFO process shutting down
SpawnPoolWorker-70| 2026-06-21 22:37:56,577,577 multiprocessing INFO process shutting down
SpawnPoolWorker-69| 2026-06-21 22:37:56,577,577 multiprocessing INFO process shutting down
SpawnPoolWorker-76| 2026-06-21 22:37:56,577,577 multiprocessing INFO process shutting down
SpawnPoolWorker-72| 2026-06-21 22:37:56,577,577 multiprocessing INFO process shutting down
(10571,)

===================Collect 10571 Examples===================

Epsilon 0.1
500
(550,)
(550,)
(55,)
Number of Programs for Minimization: 29
SpawnPoolWorker-83| 2026-06-21 22:38:11,766,766 multiprocessing INFO STARTING NEW RUN ==========
SpawnPoolWorker-83| 2026-06-21 22:38:11,766,766 multiprocessing INFO SEE LOG AT : ./logs/all_Lyapunov_test_dso-fn_d_all_o_01_log.txt
SpawnPoolWorker-83| 2026-06-21 22:38:11,766,766 multiprocessing INFO See log at : ./logs/all_Lyapunov_test_dso-fn_d_all_o_01_log.txt
SpawnPoolWorker-83| 2026-06-21 22:38:11,774,774 multiprocessing INFO child process calling self.run()
SpawnPoolWorker-100| 2026-06-21 22:38:11,873,873 multiprocessing INFO STARTING NEW RUN ==========
SpawnPoolWorker-100| 2026-06-21 22:38:11,873,873 multiprocessing INFO SEE LOG AT : ./logs/all_Lyapunov_test_dso-fn_d_all_o_01_log.txt
SpawnPoolWorker-100| 2026-06-21 22:38:11,873,873 multiprocessing INFO See log at : ./logs/all_Lyapunov_test_dso-fn_d_all_o_01_log.txt
SpawnPoolWorker-100| 2026-06-21 22:38:11,876,876 multiprocessing INFO child process calling self.run()
SpawnPoolWorker-89| 2026-06-21 22:38:12,158,158 multiprocessing INFO STARTING NEW RUN ==========
SpawnPoolWorker-89| 2026-06-21 22:38:12,158,158 multiprocessing INFO SEE LOG AT : ./logs/all_Lyapunov_test_dso-fn_d_all_o_01_log.txt
SpawnPoolWorker-89| 2026-06-21 22:38:12,158,158 multiprocessing INFO See log at : ./logs/all_Lyapunov_test_dso-fn_d_all_o_01_log.txt
SpawnPoolWorker-89| 2026-06-21 22:38:12,160,160 multiprocessing INFO child process calling self.run()
SpawnPoolWorker-92| 2026-06-21 22:38:12,234,234 multiprocessing INFO STARTING NEW RUN ==========
SpawnPoolWorker-92| 2026-06-21 22:38:12,234,234 multiprocessing INFO SEE LOG AT : ./logs/all_Lyapunov_test_dso-fn_d_all_o_01_log.txt
SpawnPoolWorker-92| 2026-06-21 22:38:12,234,234 multiprocessing INFO See log at : ./logs/all_Lyapunov_test_dso-fn_d_all_o_01_log.txt
SpawnPoolWorker-92| 2026-06-21 22:38:12,244,244 multiprocessing INFO child process calling self.run()
SpawnPoolWorker-91| 2026-06-21 22:38:12,535,535 multiprocessing INFO STARTING NEW RUN ==========
SpawnPoolWorker-91| 2026-06-21 22:38:12,535,535 multiprocessing INFO SEE LOG AT : ./logs/all_Lyapunov_test_dso-fn_d_all_o_01_log.txt
SpawnPoolWorker-91| 2026-06-21 22:38:12,535,535 multiprocessing INFO See log at : ./logs/all_Lyapunov_test_dso-fn_d_all_o_01_log.txt
SpawnPoolWorker-91| 2026-06-21 22:38:12,539,539 multiprocessing INFO child process calling self.run()
SpawnPoolWorker-88| 2026-06-21 22:38:12,580,580 multiprocessing INFO STARTING NEW RUN ==========
SpawnPoolWorker-88| 2026-06-21 22:38:12,580,580 multiprocessing INFO SEE LOG AT : ./logs/all_Lyapunov_test_dso-fn_d_all_o_01_log.txt
SpawnPoolWorker-88| 2026-06-21 22:38:12,581,581 multiprocessing INFO See log at : ./logs/all_Lyapunov_test_dso-fn_d_all_o_01_log.txt
SpawnPoolWorker-88| 2026-06-21 22:38:12,594,594 multiprocessing INFO child process calling self.run()
SpawnPoolWorker-79| 2026-06-21 22:38:12,655,655 multiprocessing INFO STARTING NEW RUN ==========
SpawnPoolWorker-79| 2026-06-21 22:38:12,655,655 multiprocessing INFO SEE LOG AT : ./logs/all_Lyapunov_test_dso-fn_d_all_o_01_log.txt
SpawnPoolWorker-79| 2026-06-21 22:38:12,655,655 multiprocessing INFO See log at : ./logs/all_Lyapunov_test_dso-fn_d_all_o_01_log.txt
SpawnPoolWorker-79| 2026-06-21 22:38:12,659,659 multiprocessing INFO child process calling self.run()
SpawnPoolWorker-99| 2026-06-21 22:38:12,686,686 multiprocessing INFO STARTING NEW RUN ==========
SpawnPoolWorker-99| 2026-06-21 22:38:12,686,686 multiprocessing INFO SEE LOG AT : ./logs/all_Lyapunov_test_dso-fn_d_all_o_01_log.txt
SpawnPoolWorker-99| 2026-06-21 22:38:12,686,686 multiprocessing INFO See log at : ./logs/all_Lyapunov_test_dso-fn_d_all_o_01_log.txt
SpawnPoolWorker-99| 2026-06-21 22:38:12,688,688 multiprocessing INFO child process calling self.run()
SpawnPoolWorker-81| 2026-06-21 22:38:12,742,742 multiprocessing INFO STARTING NEW RUN ==========
SpawnPoolWorker-81| 2026-06-21 22:38:12,742,742 multiprocessing INFO SEE LOG AT : ./logs/all_Lyapunov_test_dso-fn_d_all_o_01_log.txt
SpawnPoolWorker-81| 2026-06-21 22:38:12,742,742 multiprocessing INFO See log at : ./logs/all_Lyapunov_test_dso-fn_d_all_o_01_log.txt
SpawnPoolWorker-81| 2026-06-21 22:38:12,744,744 multiprocessing INFO child process calling self.run()
SpawnPoolWorker-80| 2026-06-21 22:38:12,814,814 multiprocessing INFO STARTING NEW RUN ==========
SpawnPoolWorker-80| 2026-06-21 22:38:12,814,814 multiprocessing INFO SEE LOG AT : ./logs/all_Lyapunov_test_dso-fn_d_all_o_01_log.txt
SpawnPoolWorker-80| 2026-06-21 22:38:12,814,814 multiprocessing INFO See log at : ./logs/all_Lyapunov_test_dso-fn_d_all_o_01_log.txt
SpawnPoolWorker-80| 2026-06-21 22:38:12,824,824 multiprocessing INFO child process calling self.run()
SpawnPoolWorker-101| 2026-06-21 22:38:13,162,162 multiprocessing INFO STARTING NEW RUN ==========
SpawnPoolWorker-101| 2026-06-21 22:38:13,162,162 multiprocessing INFO SEE LOG AT : ./logs/all_Lyapunov_test_dso-fn_d_all_o_01_log.txt
SpawnPoolWorker-101| 2026-06-21 22:38:13,162,162 multiprocessing INFO See log at : ./logs/all_Lyapunov_test_dso-fn_d_all_o_01_log.txt
SpawnPoolWorker-101| 2026-06-21 22:38:13,172,172 multiprocessing INFO child process calling self.run()
SpawnPoolWorker-85| 2026-06-21 22:38:13,191,191 multiprocessing INFO STARTING NEW RUN ==========
SpawnPoolWorker-85| 2026-06-21 22:38:13,191,191 multiprocessing INFO SEE LOG AT : ./logs/all_Lyapunov_test_dso-fn_d_all_o_01_log.txt
SpawnPoolWorker-85| 2026-06-21 22:38:13,191,191 multiprocessing INFO See log at : ./logs/all_Lyapunov_test_dso-fn_d_all_o_01_log.txt
SpawnPoolWorker-85| 2026-06-21 22:38:13,196,196 multiprocessing INFO child process calling self.run()
SpawnPoolWorker-97| 2026-06-21 22:38:13,224,224 multiprocessing INFO STARTING NEW RUN ==========
SpawnPoolWorker-97| 2026-06-21 22:38:13,224,224 multiprocessing INFO SEE LOG AT : ./logs/all_Lyapunov_test_dso-fn_d_all_o_01_log.txt
SpawnPoolWorker-97| 2026-06-21 22:38:13,224,224 multiprocessing INFO See log at : ./logs/all_Lyapunov_test_dso-fn_d_all_o_01_log.txt
SpawnPoolWorker-97| 2026-06-21 22:38:13,227,227 multiprocessing INFO child process calling self.run()
SpawnPoolWorker-93| 2026-06-21 22:38:13,260,260 multiprocessing INFO STARTING NEW RUN ==========
SpawnPoolWorker-93| 2026-06-21 22:38:13,261,261 multiprocessing INFO SEE LOG AT : ./logs/all_Lyapunov_test_dso-fn_d_all_o_01_log.txt
SpawnPoolWorker-93| 2026-06-21 22:38:13,261,261 multiprocessing INFO See log at : ./logs/all_Lyapunov_test_dso-fn_d_all_o_01_log.txt
SpawnPoolWorker-93| 2026-06-21 22:38:13,277,277 multiprocessing INFO child process calling self.run()
SpawnPoolWorker-102| 2026-06-21 22:38:13,305,305 multiprocessing INFO STARTING NEW RUN ==========
SpawnPoolWorker-102| 2026-06-21 22:38:13,305,305 multiprocessing INFO SEE LOG AT : ./logs/all_Lyapunov_test_dso-fn_d_all_o_01_log.txt
SpawnPoolWorker-102| 2026-06-21 22:38:13,306,306 multiprocessing INFO See log at : ./logs/all_Lyapunov_test_dso-fn_d_all_o_01_log.txt
SpawnPoolWorker-82| 2026-06-21 22:38:13,308,308 multiprocessing INFO STARTING NEW RUN ==========
SpawnPoolWorker-82| 2026-06-21 22:38:13,308,308 multiprocessing INFO SEE LOG AT : ./logs/all_Lyapunov_test_dso-fn_d_all_o_01_log.txt
SpawnPoolWorker-82| 2026-06-21 22:38:13,308,308 multiprocessing INFO See log at : ./logs/all_Lyapunov_test_dso-fn_d_all_o_01_log.txt
SpawnPoolWorker-82| 2026-06-21 22:38:13,310,310 multiprocessing INFO child process calling self.run()
SpawnPoolWorker-96| 2026-06-21 22:38:13,321,321 multiprocessing INFO STARTING NEW RUN ==========
SpawnPoolWorker-96| 2026-06-21 22:38:13,321,321 multiprocessing INFO SEE LOG AT : ./logs/all_Lyapunov_test_dso-fn_d_all_o_01_log.txt
SpawnPoolWorker-96| 2026-06-21 22:38:13,321,321 multiprocessing INFO See log at : ./logs/all_Lyapunov_test_dso-fn_d_all_o_01_log.txt
SpawnPoolWorker-102| 2026-06-21 22:38:13,322,322 multiprocessing INFO child process calling self.run()
SpawnPoolWorker-96| 2026-06-21 22:38:13,326,326 multiprocessing INFO child process calling self.run()
SpawnPoolWorker-90| 2026-06-21 22:38:13,475,475 multiprocessing INFO STARTING NEW RUN ==========
SpawnPoolWorker-90| 2026-06-21 22:38:13,475,475 multiprocessing INFO SEE LOG AT : ./logs/all_Lyapunov_test_dso-fn_d_all_o_01_log.txt
SpawnPoolWorker-90| 2026-06-21 22:38:13,475,475 multiprocessing INFO See log at : ./logs/all_Lyapunov_test_dso-fn_d_all_o_01_log.txt
SpawnPoolWorker-90| 2026-06-21 22:38:13,477,477 multiprocessing INFO child process calling self.run()
SpawnPoolWorker-98| 2026-06-21 22:38:13,563,563 multiprocessing INFO STARTING NEW RUN ==========
SpawnPoolWorker-98| 2026-06-21 22:38:13,563,563 multiprocessing INFO SEE LOG AT : ./logs/all_Lyapunov_test_dso-fn_d_all_o_01_log.txt
SpawnPoolWorker-98| 2026-06-21 22:38:13,563,563 multiprocessing INFO See log at : ./logs/all_Lyapunov_test_dso-fn_d_all_o_01_log.txt
SpawnPoolWorker-98| 2026-06-21 22:38:13,564,564 multiprocessing INFO child process calling self.run()
SpawnPoolWorker-87| 2026-06-21 22:38:13,570,570 multiprocessing INFO STARTING NEW RUN ==========
SpawnPoolWorker-87| 2026-06-21 22:38:13,570,570 multiprocessing INFO SEE LOG AT : ./logs/all_Lyapunov_test_dso-fn_d_all_o_01_log.txt
SpawnPoolWorker-87| 2026-06-21 22:38:13,570,570 multiprocessing INFO See log at : ./logs/all_Lyapunov_test_dso-fn_d_all_o_01_log.txt
SpawnPoolWorker-87| 2026-06-21 22:38:13,573,573 multiprocessing INFO child process calling self.run()
SpawnPoolWorker-84| 2026-06-21 22:38:13,648,648 multiprocessing INFO STARTING NEW RUN ==========
SpawnPoolWorker-84| 2026-06-21 22:38:13,648,648 multiprocessing INFO SEE LOG AT : ./logs/all_Lyapunov_test_dso-fn_d_all_o_01_log.txt
SpawnPoolWorker-84| 2026-06-21 22:38:13,648,648 multiprocessing INFO See log at : ./logs/all_Lyapunov_test_dso-fn_d_all_o_01_log.txt
SpawnPoolWorker-84| 2026-06-21 22:38:13,649,649 multiprocessing INFO child process calling self.run()
SpawnPoolWorker-95| 2026-06-21 22:38:13,742,742 multiprocessing INFO STARTING NEW RUN ==========
SpawnPoolWorker-95| 2026-06-21 22:38:13,742,742 multiprocessing INFO SEE LOG AT : ./logs/all_Lyapunov_test_dso-fn_d_all_o_01_log.txt
SpawnPoolWorker-95| 2026-06-21 22:38:13,742,742 multiprocessing INFO See log at : ./logs/all_Lyapunov_test_dso-fn_d_all_o_01_log.txt
SpawnPoolWorker-95| 2026-06-21 22:38:13,743,743 multiprocessing INFO child process calling self.run()
SpawnPoolWorker-94| 2026-06-21 22:38:13,745,745 multiprocessing INFO STARTING NEW RUN ==========
SpawnPoolWorker-94| 2026-06-21 22:38:13,745,745 multiprocessing INFO SEE LOG AT : ./logs/all_Lyapunov_test_dso-fn_d_all_o_01_log.txt
SpawnPoolWorker-94| 2026-06-21 22:38:13,745,745 multiprocessing INFO See log at : ./logs/all_Lyapunov_test_dso-fn_d_all_o_01_log.txt
SpawnPoolWorker-94| 2026-06-21 22:38:13,746,746 multiprocessing INFO child process calling self.run()
SpawnPoolWorker-80| 2026-06-21 22:38:13,753,753 multiprocessing INFO process shutting down
SpawnPoolWorker-80| 2026-06-21 22:38:13,753,753 multiprocessing INFO process exiting with exitcode 0
SpawnPoolWorker-81| 2026-06-21 22:38:13,753,753 multiprocessing INFO process shutting down
SpawnPoolWorker-99| 2026-06-21 22:38:13,753,753 multiprocessing INFO process shutting down
SpawnPoolWorker-91| 2026-06-21 22:38:13,753,753 multiprocessing INFO process shutting down
SpawnPoolWorker-100| 2026-06-21 22:38:13,753,753 multiprocessing INFO process shutting down
SpawnPoolWorker-88| 2026-06-21 22:38:13,754,754 multiprocessing INFO process shutting down
SpawnPoolWorker-81| 2026-06-21 22:38:13,754,754 multiprocessing INFO process exiting with exitcode 0
SpawnPoolWorker-91| 2026-06-21 22:38:13,754,754 multiprocessing INFO process exiting with exitcode 0
SpawnPoolWorker-99| 2026-06-21 22:38:13,754,754 multiprocessing INFO process exiting with exitcode 0
SpawnPoolWorker-79| 2026-06-21 22:38:13,754,754 multiprocessing INFO process shutting down
SpawnPoolWorker-90| 2026-06-21 22:38:13,754,754 multiprocessing INFO process shutting down
SpawnPoolWorker-98| 2026-06-21 22:38:13,754,754 multiprocessing INFO process shutting down
SpawnPoolWorker-87| 2026-06-21 22:38:13,754,754 multiprocessing INFO process shutting down
SpawnPoolWorker-102| 2026-06-21 22:38:13,754,754 multiprocessing INFO process shutting down
SpawnPoolWorker-84| 2026-06-21 22:38:13,754,754 multiprocessing INFO process shutting down
SpawnPoolWorker-83| 2026-06-21 22:38:13,754,754 multiprocessing INFO process shutting down
SpawnPoolWorker-85| 2026-06-21 22:38:13,754,754 multiprocessing INFO process shutting down
SpawnPoolWorker-92| 2026-06-21 22:38:13,754,754 multiprocessing INFO process shutting down
SpawnPoolWorker-82| 2026-06-21 22:38:13,754,754 multiprocessing INFO process shutting down
SpawnPoolWorker-97| 2026-06-21 22:38:13,754,754 multiprocessing INFO process shutting down
SpawnPoolWorker-95| 2026-06-21 22:38:13,754,754 multiprocessing INFO process shutting down
SpawnPoolWorker-89| 2026-06-21 22:38:13,754,754 multiprocessing INFO process shutting down
SpawnPoolWorker-94| 2026-06-21 22:38:13,754,754 multiprocessing INFO process shutting down
SpawnPoolWorker-101| 2026-06-21 22:38:13,754,754 multiprocessing INFO process shutting down
SpawnPoolWorker-93| 2026-06-21 22:38:13,755,755 multiprocessing INFO process shutting down
SpawnPoolWorker-96| 2026-06-21 22:38:13,755,755 multiprocessing INFO process shutting down
SpawnPoolWorker-100| 2026-06-21 22:38:13,755,755 multiprocessing INFO process exiting with exitcode 0
29
(53578, 4)
(53578,)
(53579, 4)
(53579,)

=======================Successfully Added (722, 4) Counter Examples=======================


============None of the candidates fulfill the conditions. Training CONTINUES!=================

MainProcess| 2026-06-21 22:38:14,592,592 multiprocessing INFO 
============None of the candidates fulfill the conditions. Training CONTINUES!=================


============None of the candidates fulfill the conditions. Training CONTINUES!=================

(55, 128)
/users/9/chen8596/miniconda3/envs/alfd/lib/python3.9/site-packages/torch/nn/functional.py:4999: UserWarning: Support for mismatched key_padding_mask and attn_mask is deprecated. Use same type for both instead.
  warnings.warn(

==============Start Supervised Learning==============

MainProcess| 2026-06-21 22:38:16,038,38 multiprocessing INFO GP output mean: 0.999915521270171
GP output mean: 0.999915521270171
MainProcess| 2026-06-21 22:38:16,278,278 multiprocessing INFO GP output success rate: 0.0
GP output success rate: 0.0

==============End Supervised Learning==============

MainProcess| 2026-06-21 22:38:17,755,755 multiprocessing INFO [Test epoch=0003]  nevals=41198 	| train_loss=5390.25928 	| eqs_invalid %=0.36 	| r_best=0.99487 	| quantile=0.92861 	| r_quantile_mean=0.98067 	| r_raw_sum=98.73006 	|  r_raw_mean=0.62094 	| r2=nan 	| acc_iid=0.00000 	| acc_ood=0.00000 	| nmse_test=0.00018869532944385204 	| true_equation_set_count=0 	| s/it=86.24369
[Test epoch=0003]  nevals=41198 	| train_loss=5390.25928 	| eqs_invalid %=0.36 	| r_best=0.99487 	| quantile=0.92861 	| r_quantile_mean=0.98067 	| r_raw_sum=98.73006 	|  r_raw_mean=0.62094 	| r2=nan 	| acc_iid=0.00000 	| acc_ood=0.00000 	| nmse_test=0.00018869532944385204 	| true_equation_set_count=0 	| s/it=86.24369
MainProcess| 2026-06-21 22:38:53,578,578 multiprocessing INFO Genetic Porgramming Runtime 35.18823061604053
Genetic Porgramming Runtime 35.18823061604053

=========================PGD Collection Starts=========================

SpawnPoolWorker-110| 2026-06-21 22:38:59,325,325 multiprocessing INFO STARTING NEW RUN ==========
SpawnPoolWorker-110| 2026-06-21 22:38:59,325,325 multiprocessing INFO SEE LOG AT : ./logs/all_Lyapunov_test_dso-fn_d_all_o_01_log.txt
SpawnPoolWorker-110| 2026-06-21 22:38:59,325,325 multiprocessing INFO See log at : ./logs/all_Lyapunov_test_dso-fn_d_all_o_01_log.txt
SpawnPoolWorker-107| 2026-06-21 22:38:59,327,327 multiprocessing INFO STARTING NEW RUN ==========
SpawnPoolWorker-108| 2026-06-21 22:38:59,327,327 multiprocessing INFO STARTING NEW RUN ==========
SpawnPoolWorker-107| 2026-06-21 22:38:59,327,327 multiprocessing INFO SEE LOG AT : ./logs/all_Lyapunov_test_dso-fn_d_all_o_01_log.txt
SpawnPoolWorker-110| 2026-06-21 22:38:59,327,327 multiprocessing INFO child process calling self.run()
SpawnPoolWorker-107| 2026-06-21 22:38:59,327,327 multiprocessing INFO See log at : ./logs/all_Lyapunov_test_dso-fn_d_all_o_01_log.txt
SpawnPoolWorker-103| 2026-06-21 22:38:59,328,328 multiprocessing INFO STARTING NEW RUN ==========
SpawnPoolWorker-103| 2026-06-21 22:38:59,328,328 multiprocessing INFO SEE LOG AT : ./logs/all_Lyapunov_test_dso-fn_d_all_o_01_log.txt
SpawnPoolWorker-103| 2026-06-21 22:38:59,328,328 multiprocessing INFO See log at : ./logs/all_Lyapunov_test_dso-fn_d_all_o_01_log.txt
SpawnPoolWorker-108| 2026-06-21 22:38:59,327,327 multiprocessing INFO SEE LOG AT : ./logs/all_Lyapunov_test_dso-fn_d_all_o_01_log.txt
SpawnPoolWorker-108| 2026-06-21 22:38:59,328,328 multiprocessing INFO See log at : ./logs/all_Lyapunov_test_dso-fn_d_all_o_01_log.txt
SpawnPoolWorker-107| 2026-06-21 22:38:59,330,330 multiprocessing INFO child process calling self.run()
SpawnPoolWorker-103| 2026-06-21 22:38:59,330,330 multiprocessing INFO child process calling self.run()
SpawnPoolWorker-108| 2026-06-21 22:38:59,330,330 multiprocessing INFO child process calling self.run()
SpawnPoolWorker-111| 2026-06-21 22:38:59,331,331 multiprocessing INFO STARTING NEW RUN ==========
SpawnPoolWorker-104| 2026-06-21 22:38:59,331,331 multiprocessing INFO STARTING NEW RUN ==========
SpawnPoolWorker-111| 2026-06-21 22:38:59,331,331 multiprocessing INFO SEE LOG AT : ./logs/all_Lyapunov_test_dso-fn_d_all_o_01_log.txt
SpawnPoolWorker-104| 2026-06-21 22:38:59,331,331 multiprocessing INFO SEE LOG AT : ./logs/all_Lyapunov_test_dso-fn_d_all_o_01_log.txt
SpawnPoolWorker-111| 2026-06-21 22:38:59,331,331 multiprocessing INFO See log at : ./logs/all_Lyapunov_test_dso-fn_d_all_o_01_log.txt
SpawnPoolWorker-104| 2026-06-21 22:38:59,331,331 multiprocessing INFO See log at : ./logs/all_Lyapunov_test_dso-fn_d_all_o_01_log.txt
SpawnPoolWorker-112| 2026-06-21 22:38:59,333,333 multiprocessing INFO STARTING NEW RUN ==========
SpawnPoolWorker-109| 2026-06-21 22:38:59,333,333 multiprocessing INFO STARTING NEW RUN ==========
SpawnPoolWorker-112| 2026-06-21 22:38:59,333,333 multiprocessing INFO SEE LOG AT : ./logs/all_Lyapunov_test_dso-fn_d_all_o_01_log.txt
SpawnPoolWorker-109| 2026-06-21 22:38:59,333,333 multiprocessing INFO SEE LOG AT : ./logs/all_Lyapunov_test_dso-fn_d_all_o_01_log.txt
SpawnPoolWorker-104| 2026-06-21 22:38:59,333,333 multiprocessing INFO child process calling self.run()
SpawnPoolWorker-112| 2026-06-21 22:38:59,333,333 multiprocessing INFO See log at : ./logs/all_Lyapunov_test_dso-fn_d_all_o_01_log.txt
SpawnPoolWorker-109| 2026-06-21 22:38:59,333,333 multiprocessing INFO See log at : ./logs/all_Lyapunov_test_dso-fn_d_all_o_01_log.txt
SpawnPoolWorker-111| 2026-06-21 22:38:59,333,333 multiprocessing INFO child process calling self.run()
SpawnPoolWorker-109| 2026-06-21 22:38:59,335,335 multiprocessing INFO child process calling self.run()
SpawnPoolWorker-112| 2026-06-21 22:38:59,336,336 multiprocessing INFO child process calling self.run()
SpawnPoolWorker-105| 2026-06-21 22:38:59,359,359 multiprocessing INFO STARTING NEW RUN ==========
SpawnPoolWorker-105| 2026-06-21 22:38:59,359,359 multiprocessing INFO SEE LOG AT : ./logs/all_Lyapunov_test_dso-fn_d_all_o_01_log.txt
SpawnPoolWorker-105| 2026-06-21 22:38:59,359,359 multiprocessing INFO See log at : ./logs/all_Lyapunov_test_dso-fn_d_all_o_01_log.txt
SpawnPoolWorker-106| 2026-06-21 22:38:59,362,362 multiprocessing INFO STARTING NEW RUN ==========
SpawnPoolWorker-106| 2026-06-21 22:38:59,362,362 multiprocessing INFO SEE LOG AT : ./logs/all_Lyapunov_test_dso-fn_d_all_o_01_log.txt
SpawnPoolWorker-106| 2026-06-21 22:38:59,362,362 multiprocessing INFO See log at : ./logs/all_Lyapunov_test_dso-fn_d_all_o_01_log.txt
SpawnPoolWorker-105| 2026-06-21 22:38:59,363,363 multiprocessing INFO child process calling self.run()
SpawnPoolWorker-106| 2026-06-21 22:38:59,365,365 multiprocessing INFO child process calling self.run()
SpawnPoolWorker-109| 2026-06-21 22:39:18,305,305 multiprocessing INFO process shutting down
SpawnPoolWorker-106| 2026-06-21 22:39:18,305,305 multiprocessing INFO process shutting down
SpawnPoolWorker-110| 2026-06-21 22:39:18,305,305 multiprocessing INFO process shutting down
SpawnPoolWorker-103| 2026-06-21 22:39:18,306,306 multiprocessing INFO process shutting down
SpawnPoolWorker-105| 2026-06-21 22:39:18,306,306 multiprocessing INFO process shutting down
SpawnPoolWorker-110| 2026-06-21 22:39:18,306,306 multiprocessing INFO process exiting with exitcode 0
SpawnPoolWorker-109| 2026-06-21 22:39:18,306,306 multiprocessing INFO process exiting with exitcode 0
SpawnPoolWorker-106| 2026-06-21 22:39:18,306,306 multiprocessing INFO process exiting with exitcode 0
SpawnPoolWorker-108| 2026-06-21 22:39:18,306,306 multiprocessing INFO process shutting down
SpawnPoolWorker-111| 2026-06-21 22:39:18,306,306 multiprocessing INFO process shutting down
SpawnPoolWorker-103| 2026-06-21 22:39:18,306,306 multiprocessing INFO process exiting with exitcode 0
SpawnPoolWorker-105| 2026-06-21 22:39:18,306,306 multiprocessing INFO process exiting with exitcode 0
SpawnPoolWorker-108| 2026-06-21 22:39:18,306,306 multiprocessing INFO process exiting with exitcode 0
SpawnPoolWorker-111| 2026-06-21 22:39:18,306,306 multiprocessing INFO process exiting with exitcode 0
(10715,)

===================Collect 10715 Examples===================

Epsilon 0.1
500
(550,)
(550,)
(55,)
Number of Programs for Minimization: 29
SpawnPoolWorker-115| 2026-06-21 22:39:31,570,570 multiprocessing INFO STARTING NEW RUN ==========
SpawnPoolWorker-115| 2026-06-21 22:39:31,570,570 multiprocessing INFO SEE LOG AT : ./logs/all_Lyapunov_test_dso-fn_d_all_o_01_log.txt
SpawnPoolWorker-115| 2026-06-21 22:39:31,570,570 multiprocessing INFO See log at : ./logs/all_Lyapunov_test_dso-fn_d_all_o_01_log.txt
SpawnPoolWorker-115| 2026-06-21 22:39:31,583,583 multiprocessing INFO child process calling self.run()
SpawnPoolWorker-121| 2026-06-21 22:39:32,307,307 multiprocessing INFO STARTING NEW RUN ==========
SpawnPoolWorker-121| 2026-06-21 22:39:32,307,307 multiprocessing INFO SEE LOG AT : ./logs/all_Lyapunov_test_dso-fn_d_all_o_01_log.txt
SpawnPoolWorker-121| 2026-06-21 22:39:32,307,307 multiprocessing INFO See log at : ./logs/all_Lyapunov_test_dso-fn_d_all_o_01_log.txt
SpawnPoolWorker-121| 2026-06-21 22:39:32,311,311 multiprocessing INFO child process calling self.run()
SpawnPoolWorker-125| 2026-06-21 22:39:32,772,772 multiprocessing INFO STARTING NEW RUN ==========
SpawnPoolWorker-125| 2026-06-21 22:39:32,772,772 multiprocessing INFO SEE LOG AT : ./logs/all_Lyapunov_test_dso-fn_d_all_o_01_log.txt
SpawnPoolWorker-125| 2026-06-21 22:39:32,772,772 multiprocessing INFO See log at : ./logs/all_Lyapunov_test_dso-fn_d_all_o_01_log.txt
SpawnPoolWorker-125| 2026-06-21 22:39:32,774,774 multiprocessing INFO child process calling self.run()
SpawnPoolWorker-126| 2026-06-21 22:39:32,913,913 multiprocessing INFO STARTING NEW RUN ==========
SpawnPoolWorker-126| 2026-06-21 22:39:32,913,913 multiprocessing INFO SEE LOG AT : ./logs/all_Lyapunov_test_dso-fn_d_all_o_01_log.txt
SpawnPoolWorker-126| 2026-06-21 22:39:32,913,913 multiprocessing INFO See log at : ./logs/all_Lyapunov_test_dso-fn_d_all_o_01_log.txt
SpawnPoolWorker-126| 2026-06-21 22:39:32,943,943 multiprocessing INFO child process calling self.run()
SpawnPoolWorker-135| 2026-06-21 22:39:33,157,157 multiprocessing INFO STARTING NEW RUN ==========
SpawnPoolWorker-135| 2026-06-21 22:39:33,157,157 multiprocessing INFO SEE LOG AT : ./logs/all_Lyapunov_test_dso-fn_d_all_o_01_log.txt
SpawnPoolWorker-135| 2026-06-21 22:39:33,157,157 multiprocessing INFO See log at : ./logs/all_Lyapunov_test_dso-fn_d_all_o_01_log.txt
SpawnPoolWorker-129| 2026-06-21 22:39:33,157,157 multiprocessing INFO STARTING NEW RUN ==========
SpawnPoolWorker-129| 2026-06-21 22:39:33,158,158 multiprocessing INFO SEE LOG AT : ./logs/all_Lyapunov_test_dso-fn_d_all_o_01_log.txt
SpawnPoolWorker-129| 2026-06-21 22:39:33,158,158 multiprocessing INFO See log at : ./logs/all_Lyapunov_test_dso-fn_d_all_o_01_log.txt
SpawnPoolWorker-135| 2026-06-21 22:39:33,159,159 multiprocessing INFO child process calling self.run()
SpawnPoolWorker-129| 2026-06-21 22:39:33,168,168 multiprocessing INFO child process calling self.run()
SpawnPoolWorker-114| 2026-06-21 22:39:33,527,527 multiprocessing INFO STARTING NEW RUN ==========
SpawnPoolWorker-114| 2026-06-21 22:39:33,527,527 multiprocessing INFO SEE LOG AT : ./logs/all_Lyapunov_test_dso-fn_d_all_o_01_log.txt
SpawnPoolWorker-114| 2026-06-21 22:39:33,527,527 multiprocessing INFO See log at : ./logs/all_Lyapunov_test_dso-fn_d_all_o_01_log.txt
SpawnPoolWorker-120| 2026-06-21 22:39:33,530,530 multiprocessing INFO STARTING NEW RUN ==========
SpawnPoolWorker-120| 2026-06-21 22:39:33,530,530 multiprocessing INFO SEE LOG AT : ./logs/all_Lyapunov_test_dso-fn_d_all_o_01_log.txt
SpawnPoolWorker-120| 2026-06-21 22:39:33,530,530 multiprocessing INFO See log at : ./logs/all_Lyapunov_test_dso-fn_d_all_o_01_log.txt
SpawnPoolWorker-120| 2026-06-21 22:39:33,532,532 multiprocessing INFO child process calling self.run()
SpawnPoolWorker-114| 2026-06-21 22:39:33,540,540 multiprocessing INFO child process calling self.run()
SpawnPoolWorker-123| 2026-06-21 22:39:33,555,555 multiprocessing INFO STARTING NEW RUN ==========
SpawnPoolWorker-123| 2026-06-21 22:39:33,555,555 multiprocessing INFO SEE LOG AT : ./logs/all_Lyapunov_test_dso-fn_d_all_o_01_log.txt
SpawnPoolWorker-123| 2026-06-21 22:39:33,555,555 multiprocessing INFO See log at : ./logs/all_Lyapunov_test_dso-fn_d_all_o_01_log.txt
SpawnPoolWorker-123| 2026-06-21 22:39:33,558,558 multiprocessing INFO child process calling self.run()
SpawnPoolWorker-124| 2026-06-21 22:39:33,645,645 multiprocessing INFO STARTING NEW RUN ==========
SpawnPoolWorker-124| 2026-06-21 22:39:33,645,645 multiprocessing INFO SEE LOG AT : ./logs/all_Lyapunov_test_dso-fn_d_all_o_01_log.txt
SpawnPoolWorker-124| 2026-06-21 22:39:33,645,645 multiprocessing INFO See log at : ./logs/all_Lyapunov_test_dso-fn_d_all_o_01_log.txt
SpawnPoolWorker-124| 2026-06-21 22:39:33,651,651 multiprocessing INFO child process calling self.run()
SpawnPoolWorker-119| 2026-06-21 22:39:33,864,864 multiprocessing INFO STARTING NEW RUN ==========
SpawnPoolWorker-119| 2026-06-21 22:39:33,864,864 multiprocessing INFO SEE LOG AT : ./logs/all_Lyapunov_test_dso-fn_d_all_o_01_log.txt
SpawnPoolWorker-119| 2026-06-21 22:39:33,864,864 multiprocessing INFO See log at : ./logs/all_Lyapunov_test_dso-fn_d_all_o_01_log.txt
SpawnPoolWorker-119| 2026-06-21 22:39:33,869,869 multiprocessing INFO child process calling self.run()
SpawnPoolWorker-134| 2026-06-21 22:39:33,875,875 multiprocessing INFO STARTING NEW RUN ==========
SpawnPoolWorker-134| 2026-06-21 22:39:33,875,875 multiprocessing INFO SEE LOG AT : ./logs/all_Lyapunov_test_dso-fn_d_all_o_01_log.txt
SpawnPoolWorker-134| 2026-06-21 22:39:33,875,875 multiprocessing INFO See log at : ./logs/all_Lyapunov_test_dso-fn_d_all_o_01_log.txt
SpawnPoolWorker-134| 2026-06-21 22:39:33,877,877 multiprocessing INFO child process calling self.run()
SpawnPoolWorker-117| 2026-06-21 22:39:33,909,909 multiprocessing INFO STARTING NEW RUN ==========
SpawnPoolWorker-117| 2026-06-21 22:39:33,909,909 multiprocessing INFO SEE LOG AT : ./logs/all_Lyapunov_test_dso-fn_d_all_o_01_log.txt
SpawnPoolWorker-117| 2026-06-21 22:39:33,909,909 multiprocessing INFO See log at : ./logs/all_Lyapunov_test_dso-fn_d_all_o_01_log.txt
SpawnPoolWorker-117| 2026-06-21 22:39:33,911,911 multiprocessing INFO child process calling self.run()
SpawnPoolWorker-128| 2026-06-21 22:39:33,971,971 multiprocessing INFO STARTING NEW RUN ==========
SpawnPoolWorker-128| 2026-06-21 22:39:33,971,971 multiprocessing INFO SEE LOG AT : ./logs/all_Lyapunov_test_dso-fn_d_all_o_01_log.txt
SpawnPoolWorker-128| 2026-06-21 22:39:33,971,971 multiprocessing INFO See log at : ./logs/all_Lyapunov_test_dso-fn_d_all_o_01_log.txt
SpawnPoolWorker-128| 2026-06-21 22:39:33,973,973 multiprocessing INFO child process calling self.run()
SpawnPoolWorker-133| 2026-06-21 22:39:34,019,19 multiprocessing INFO STARTING NEW RUN ==========
SpawnPoolWorker-133| 2026-06-21 22:39:34,019,19 multiprocessing INFO SEE LOG AT : ./logs/all_Lyapunov_test_dso-fn_d_all_o_01_log.txt
SpawnPoolWorker-133| 2026-06-21 22:39:34,019,19 multiprocessing INFO See log at : ./logs/all_Lyapunov_test_dso-fn_d_all_o_01_log.txt
SpawnPoolWorker-133| 2026-06-21 22:39:34,022,22 multiprocessing INFO child process calling self.run()
SpawnPoolWorker-118| 2026-06-21 22:39:34,200,200 multiprocessing INFO STARTING NEW RUN ==========
SpawnPoolWorker-118| 2026-06-21 22:39:34,200,200 multiprocessing INFO SEE LOG AT : ./logs/all_Lyapunov_test_dso-fn_d_all_o_01_log.txt
SpawnPoolWorker-118| 2026-06-21 22:39:34,200,200 multiprocessing INFO See log at : ./logs/all_Lyapunov_test_dso-fn_d_all_o_01_log.txt
SpawnPoolWorker-118| 2026-06-21 22:39:34,204,204 multiprocessing INFO child process calling self.run()
SpawnPoolWorker-127| 2026-06-21 22:39:34,267,267 multiprocessing INFO STARTING NEW RUN ==========
SpawnPoolWorker-127| 2026-06-21 22:39:34,267,267 multiprocessing INFO SEE LOG AT : ./logs/all_Lyapunov_test_dso-fn_d_all_o_01_log.txt
SpawnPoolWorker-127| 2026-06-21 22:39:34,267,267 multiprocessing INFO See log at : ./logs/all_Lyapunov_test_dso-fn_d_all_o_01_log.txt
SpawnPoolWorker-127| 2026-06-21 22:39:34,271,271 multiprocessing INFO child process calling self.run()
SpawnPoolWorker-129| 2026-06-21 22:39:34,343,343 multiprocessing INFO process shutting down
SpawnPoolWorker-128| 2026-06-21 22:39:34,343,343 multiprocessing INFO process shutting down
SpawnPoolWorker-129| 2026-06-21 22:39:34,343,343 multiprocessing INFO process exiting with exitcode 0
SpawnPoolWorker-133| 2026-06-21 22:39:34,343,343 multiprocessing INFO process shutting down
SpawnPoolWorker-128| 2026-06-21 22:39:34,343,343 multiprocessing INFO process exiting with exitcode 0
SpawnPoolWorker-125| 2026-06-21 22:39:34,343,343 multiprocessing INFO process shutting down
SpawnPoolWorker-133| 2026-06-21 22:39:34,344,344 multiprocessing INFO process exiting with exitcode 0
SpawnPoolWorker-135| 2026-06-21 22:39:34,343,343 multiprocessing INFO process shutting down
SpawnPoolWorker-126| 2026-06-21 22:39:34,343,343 multiprocessing INFO process shutting down
SpawnPoolWorker-115| 2026-06-21 22:39:34,344,344 multiprocessing INFO process shutting down
SpawnPoolWorker-134| 2026-06-21 22:39:34,344,344 multiprocessing INFO process shutting down
SpawnPoolWorker-118| 2026-06-21 22:39:34,344,344 multiprocessing INFO process shutting down
SpawnPoolWorker-124| 2026-06-21 22:39:34,344,344 multiprocessing INFO process shutting down
SpawnPoolWorker-117| 2026-06-21 22:39:34,344,344 multiprocessing INFO process shutting down
SpawnPoolWorker-120| 2026-06-21 22:39:34,344,344 multiprocessing INFO process shutting down
SpawnPoolWorker-123| 2026-06-21 22:39:34,344,344 multiprocessing INFO process shutting down
SpawnPoolWorker-121| 2026-06-21 22:39:34,344,344 multiprocessing INFO process shutting down
SpawnPoolWorker-127| 2026-06-21 22:39:34,344,344 multiprocessing INFO process shutting down
SpawnPoolWorker-119| 2026-06-21 22:39:34,344,344 multiprocessing INFO process shutting down
SpawnPoolWorker-114| 2026-06-21 22:39:34,344,344 multiprocessing INFO process shutting down
SpawnPoolWorker-134| 2026-06-21 22:39:34,347,347 multiprocessing INFO process exiting with exitcode 0
SpawnPoolWorker-135| 2026-06-21 22:39:34,347,347 multiprocessing INFO process exiting with exitcode 0
29
(55882, 4)
(55882,)
(55883, 4)
(55883,)

=======================Successfully Added (2304, 4) Counter Examples=======================


============None of the candidates fulfill the conditions. Training CONTINUES!=================

MainProcess| 2026-06-21 22:39:35,241,241 multiprocessing INFO 
============None of the candidates fulfill the conditions. Training CONTINUES!=================


============None of the candidates fulfill the conditions. Training CONTINUES!=================

(55, 128)
/users/9/chen8596/miniconda3/envs/alfd/lib/python3.9/site-packages/torch/nn/functional.py:4999: UserWarning: Support for mismatched key_padding_mask and attn_mask is deprecated. Use same type for both instead.
  warnings.warn(

==============Start Supervised Learning==============

MainProcess| 2026-06-21 22:39:36,889,889 multiprocessing INFO GP output mean: 0.9999178130187142
GP output mean: 0.9999178130187142
MainProcess| 2026-06-21 22:39:37,123,123 multiprocessing INFO GP output success rate: 0.0
GP output success rate: 0.0

==============End Supervised Learning==============

MainProcess| 2026-06-21 22:39:38,605,605 multiprocessing INFO [Test epoch=0004]  nevals=54925 	| train_loss=5726.69092 	| eqs_invalid %=0.00 	| r_best=0.99487 	| quantile=0.91552 	| r_quantile_mean=0.97214 	| r_raw_sum=79.19958 	|  r_raw_mean=0.68276 	| r2=nan 	| acc_iid=0.00000 	| acc_ood=0.00000 	| nmse_test=0.00018869532944385204 	| true_equation_set_count=0 	| s/it=80.84946
[Test epoch=0004]  nevals=54925 	| train_loss=5726.69092 	| eqs_invalid %=0.00 	| r_best=0.99487 	| quantile=0.91552 	| r_quantile_mean=0.97214 	| r_raw_sum=79.19958 	|  r_raw_mean=0.68276 	| r2=nan 	| acc_iid=0.00000 	| acc_ood=0.00000 	| nmse_test=0.00018869532944385204 	| true_equation_set_count=0 	| s/it=80.84946
MainProcess| 2026-06-21 22:40:24,855,855 multiprocessing INFO Genetic Porgramming Runtime 45.61476219701581
Genetic Porgramming Runtime 45.61476219701581

=========================PGD Collection Starts=========================

SpawnPoolWorker-145| 2026-06-21 22:40:30,695,695 multiprocessing INFO STARTING NEW RUN ==========
SpawnPoolWorker-145| 2026-06-21 22:40:30,695,695 multiprocessing INFO SEE LOG AT : ./logs/all_Lyapunov_test_dso-fn_d_all_o_01_log.txt
SpawnPoolWorker-145| 2026-06-21 22:40:30,695,695 multiprocessing INFO See log at : ./logs/all_Lyapunov_test_dso-fn_d_all_o_01_log.txt
SpawnPoolWorker-145| 2026-06-21 22:40:30,698,698 multiprocessing INFO child process calling self.run()
SpawnPoolWorker-141| 2026-06-21 22:40:30,699,699 multiprocessing INFO STARTING NEW RUN ==========
SpawnPoolWorker-138| 2026-06-21 22:40:30,699,699 multiprocessing INFO STARTING NEW RUN ==========
SpawnPoolWorker-137| 2026-06-21 22:40:30,699,699 multiprocessing INFO STARTING NEW RUN ==========
SpawnPoolWorker-141| 2026-06-21 22:40:30,699,699 multiprocessing INFO SEE LOG AT : ./logs/all_Lyapunov_test_dso-fn_d_all_o_01_log.txt
SpawnPoolWorker-138| 2026-06-21 22:40:30,699,699 multiprocessing INFO SEE LOG AT : ./logs/all_Lyapunov_test_dso-fn_d_all_o_01_log.txt
SpawnPoolWorker-137| 2026-06-21 22:40:30,699,699 multiprocessing INFO SEE LOG AT : ./logs/all_Lyapunov_test_dso-fn_d_all_o_01_log.txt
SpawnPoolWorker-141| 2026-06-21 22:40:30,699,699 multiprocessing INFO See log at : ./logs/all_Lyapunov_test_dso-fn_d_all_o_01_log.txt
SpawnPoolWorker-138| 2026-06-21 22:40:30,699,699 multiprocessing INFO See log at : ./logs/all_Lyapunov_test_dso-fn_d_all_o_01_log.txt
SpawnPoolWorker-137| 2026-06-21 22:40:30,699,699 multiprocessing INFO See log at : ./logs/all_Lyapunov_test_dso-fn_d_all_o_01_log.txt
SpawnPoolWorker-143| 2026-06-21 22:40:30,700,700 multiprocessing INFO STARTING NEW RUN ==========
SpawnPoolWorker-143| 2026-06-21 22:40:30,700,700 multiprocessing INFO SEE LOG AT : ./logs/all_Lyapunov_test_dso-fn_d_all_o_01_log.txt
SpawnPoolWorker-143| 2026-06-21 22:40:30,700,700 multiprocessing INFO See log at : ./logs/all_Lyapunov_test_dso-fn_d_all_o_01_log.txt
SpawnPoolWorker-142| 2026-06-21 22:40:30,700,700 multiprocessing INFO STARTING NEW RUN ==========
SpawnPoolWorker-142| 2026-06-21 22:40:30,700,700 multiprocessing INFO SEE LOG AT : ./logs/all_Lyapunov_test_dso-fn_d_all_o_01_log.txt
SpawnPoolWorker-142| 2026-06-21 22:40:30,700,700 multiprocessing INFO See log at : ./logs/all_Lyapunov_test_dso-fn_d_all_o_01_log.txt
SpawnPoolWorker-138| 2026-06-21 22:40:30,702,702 multiprocessing INFO child process calling self.run()
SpawnPoolWorker-141| 2026-06-21 22:40:30,702,702 multiprocessing INFO child process calling self.run()
SpawnPoolWorker-137| 2026-06-21 22:40:30,703,703 multiprocessing INFO child process calling self.run()
SpawnPoolWorker-142| 2026-06-21 22:40:30,703,703 multiprocessing INFO child process calling self.run()
SpawnPoolWorker-146| 2026-06-21 22:40:30,703,703 multiprocessing INFO STARTING NEW RUN ==========
SpawnPoolWorker-146| 2026-06-21 22:40:30,703,703 multiprocessing INFO SEE LOG AT : ./logs/all_Lyapunov_test_dso-fn_d_all_o_01_log.txt
SpawnPoolWorker-146| 2026-06-21 22:40:30,703,703 multiprocessing INFO See log at : ./logs/all_Lyapunov_test_dso-fn_d_all_o_01_log.txt
SpawnPoolWorker-143| 2026-06-21 22:40:30,703,703 multiprocessing INFO child process calling self.run()
SpawnPoolWorker-146| 2026-06-21 22:40:30,706,706 multiprocessing INFO child process calling self.run()
SpawnPoolWorker-140| 2026-06-21 22:40:30,713,713 multiprocessing INFO STARTING NEW RUN ==========
SpawnPoolWorker-140| 2026-06-21 22:40:30,713,713 multiprocessing INFO SEE LOG AT : ./logs/all_Lyapunov_test_dso-fn_d_all_o_01_log.txt
SpawnPoolWorker-140| 2026-06-21 22:40:30,713,713 multiprocessing INFO See log at : ./logs/all_Lyapunov_test_dso-fn_d_all_o_01_log.txt
SpawnPoolWorker-140| 2026-06-21 22:40:30,715,715 multiprocessing INFO child process calling self.run()
SpawnPoolWorker-144| 2026-06-21 22:40:30,716,716 multiprocessing INFO STARTING NEW RUN ==========
SpawnPoolWorker-139| 2026-06-21 22:40:30,716,716 multiprocessing INFO STARTING NEW RUN ==========
SpawnPoolWorker-144| 2026-06-21 22:40:30,717,717 multiprocessing INFO SEE LOG AT : ./logs/all_Lyapunov_test_dso-fn_d_all_o_01_log.txt
SpawnPoolWorker-144| 2026-06-21 22:40:30,717,717 multiprocessing INFO See log at : ./logs/all_Lyapunov_test_dso-fn_d_all_o_01_log.txt
SpawnPoolWorker-139| 2026-06-21 22:40:30,718,718 multiprocessing INFO SEE LOG AT : ./logs/all_Lyapunov_test_dso-fn_d_all_o_01_log.txt
SpawnPoolWorker-139| 2026-06-21 22:40:30,718,718 multiprocessing INFO See log at : ./logs/all_Lyapunov_test_dso-fn_d_all_o_01_log.txt
SpawnPoolWorker-144| 2026-06-21 22:40:30,732,732 multiprocessing INFO child process calling self.run()
SpawnPoolWorker-139| 2026-06-21 22:40:30,732,732 multiprocessing INFO child process calling self.run()
SpawnPoolWorker-145| 2026-06-21 22:40:57,287,287 multiprocessing INFO process shutting down
SpawnPoolWorker-144| 2026-06-21 22:40:57,287,287 multiprocessing INFO process shutting down
SpawnPoolWorker-137| 2026-06-21 22:40:57,287,287 multiprocessing INFO process shutting down
SpawnPoolWorker-145| 2026-06-21 22:40:57,287,287 multiprocessing INFO process exiting with exitcode 0
SpawnPoolWorker-146| 2026-06-21 22:40:57,287,287 multiprocessing INFO process shutting down
SpawnPoolWorker-140| 2026-06-21 22:40:57,287,287 multiprocessing INFO process shutting down
SpawnPoolWorker-137| 2026-06-21 22:40:57,288,288 multiprocessing INFO process exiting with exitcode 0
SpawnPoolWorker-138| 2026-06-21 22:40:57,287,287 multiprocessing INFO process shutting down
SpawnPoolWorker-140| 2026-06-21 22:40:57,288,288 multiprocessing INFO process exiting with exitcode 0
SpawnPoolWorker-143| 2026-06-21 22:40:57,287,287 multiprocessing INFO process shutting down
SpawnPoolWorker-144| 2026-06-21 22:40:57,288,288 multiprocessing INFO process exiting with exitcode 0
SpawnPoolWorker-146| 2026-06-21 22:40:57,288,288 multiprocessing INFO process exiting with exitcode 0
(11176,)

===================Collect 11176 Examples===================

Epsilon 0.1
500
(550,)
(550,)
(55,)
Number of Programs for Minimization: 29
SpawnPoolWorker-150| 2026-06-21 22:41:11,310,310 multiprocessing INFO STARTING NEW RUN ==========
SpawnPoolWorker-150| 2026-06-21 22:41:11,310,310 multiprocessing INFO SEE LOG AT : ./logs/all_Lyapunov_test_dso-fn_d_all_o_01_log.txt
SpawnPoolWorker-150| 2026-06-21 22:41:11,310,310 multiprocessing INFO See log at : ./logs/all_Lyapunov_test_dso-fn_d_all_o_01_log.txt
SpawnPoolWorker-150| 2026-06-21 22:41:11,316,316 multiprocessing INFO child process calling self.run()
SpawnPoolWorker-148| 2026-06-21 22:41:11,973,973 multiprocessing INFO STARTING NEW RUN ==========
SpawnPoolWorker-148| 2026-06-21 22:41:11,973,973 multiprocessing INFO SEE LOG AT : ./logs/all_Lyapunov_test_dso-fn_d_all_o_01_log.txt
SpawnPoolWorker-148| 2026-06-21 22:41:11,973,973 multiprocessing INFO See log at : ./logs/all_Lyapunov_test_dso-fn_d_all_o_01_log.txt
SpawnPoolWorker-148| 2026-06-21 22:41:11,976,976 multiprocessing INFO child process calling self.run()
SpawnPoolWorker-169| 2026-06-21 22:41:12,387,387 multiprocessing INFO STARTING NEW RUN ==========
SpawnPoolWorker-169| 2026-06-21 22:41:12,388,388 multiprocessing INFO SEE LOG AT : ./logs/all_Lyapunov_test_dso-fn_d_all_o_01_log.txt
SpawnPoolWorker-169| 2026-06-21 22:41:12,388,388 multiprocessing INFO See log at : ./logs/all_Lyapunov_test_dso-fn_d_all_o_01_log.txt
SpawnPoolWorker-169| 2026-06-21 22:41:12,391,391 multiprocessing INFO child process calling self.run()
SpawnPoolWorker-158| 2026-06-21 22:41:12,514,514 multiprocessing INFO STARTING NEW RUN ==========
SpawnPoolWorker-158| 2026-06-21 22:41:12,515,515 multiprocessing INFO SEE LOG AT : ./logs/all_Lyapunov_test_dso-fn_d_all_o_01_log.txt
SpawnPoolWorker-158| 2026-06-21 22:41:12,515,515 multiprocessing INFO See log at : ./logs/all_Lyapunov_test_dso-fn_d_all_o_01_log.txt
SpawnPoolWorker-158| 2026-06-21 22:41:12,518,518 multiprocessing INFO child process calling self.run()
SpawnPoolWorker-161| 2026-06-21 22:41:12,622,622 multiprocessing INFO STARTING NEW RUN ==========
SpawnPoolWorker-161| 2026-06-21 22:41:12,623,623 multiprocessing INFO SEE LOG AT : ./logs/all_Lyapunov_test_dso-fn_d_all_o_01_log.txt
SpawnPoolWorker-161| 2026-06-21 22:41:12,623,623 multiprocessing INFO See log at : ./logs/all_Lyapunov_test_dso-fn_d_all_o_01_log.txt
SpawnPoolWorker-161| 2026-06-21 22:41:12,631,631 multiprocessing INFO child process calling self.run()
SpawnPoolWorker-154| 2026-06-21 22:41:12,731,731 multiprocessing INFO STARTING NEW RUN ==========
SpawnPoolWorker-154| 2026-06-21 22:41:12,731,731 multiprocessing INFO SEE LOG AT : ./logs/all_Lyapunov_test_dso-fn_d_all_o_01_log.txt
SpawnPoolWorker-154| 2026-06-21 22:41:12,731,731 multiprocessing INFO See log at : ./logs/all_Lyapunov_test_dso-fn_d_all_o_01_log.txt
SpawnPoolWorker-154| 2026-06-21 22:41:12,735,735 multiprocessing INFO child process calling self.run()
SpawnPoolWorker-149| 2026-06-21 22:41:12,837,837 multiprocessing INFO STARTING NEW RUN ==========
SpawnPoolWorker-149| 2026-06-21 22:41:12,837,837 multiprocessing INFO SEE LOG AT : ./logs/all_Lyapunov_test_dso-fn_d_all_o_01_log.txt
SpawnPoolWorker-149| 2026-06-21 22:41:12,838,838 multiprocessing INFO See log at : ./logs/all_Lyapunov_test_dso-fn_d_all_o_01_log.txt
SpawnPoolWorker-149| 2026-06-21 22:41:12,849,849 multiprocessing INFO child process calling self.run()
SpawnPoolWorker-153| 2026-06-21 22:41:12,918,918 multiprocessing INFO STARTING NEW RUN ==========
SpawnPoolWorker-153| 2026-06-21 22:41:12,918,918 multiprocessing INFO SEE LOG AT : ./logs/all_Lyapunov_test_dso-fn_d_all_o_01_log.txt
SpawnPoolWorker-153| 2026-06-21 22:41:12,918,918 multiprocessing INFO See log at : ./logs/all_Lyapunov_test_dso-fn_d_all_o_01_log.txt
SpawnPoolWorker-153| 2026-06-21 22:41:12,924,924 multiprocessing INFO child process calling self.run()
SpawnPoolWorker-152| 2026-06-21 22:41:12,948,948 multiprocessing INFO STARTING NEW RUN ==========
SpawnPoolWorker-152| 2026-06-21 22:41:12,948,948 multiprocessing INFO SEE LOG AT : ./logs/all_Lyapunov_test_dso-fn_d_all_o_01_log.txt
SpawnPoolWorker-152| 2026-06-21 22:41:12,948,948 multiprocessing INFO See log at : ./logs/all_Lyapunov_test_dso-fn_d_all_o_01_log.txt
SpawnPoolWorker-152| 2026-06-21 22:41:12,952,952 multiprocessing INFO child process calling self.run()
SpawnPoolWorker-160| 2026-06-21 22:41:13,186,186 multiprocessing INFO STARTING NEW RUN ==========
SpawnPoolWorker-160| 2026-06-21 22:41:13,186,186 multiprocessing INFO SEE LOG AT : ./logs/all_Lyapunov_test_dso-fn_d_all_o_01_log.txt
SpawnPoolWorker-160| 2026-06-21 22:41:13,186,186 multiprocessing INFO See log at : ./logs/all_Lyapunov_test_dso-fn_d_all_o_01_log.txt
SpawnPoolWorker-160| 2026-06-21 22:41:13,191,191 multiprocessing INFO child process calling self.run()
SpawnPoolWorker-156| 2026-06-21 22:41:13,221,221 multiprocessing INFO STARTING NEW RUN ==========
SpawnPoolWorker-156| 2026-06-21 22:41:13,221,221 multiprocessing INFO SEE LOG AT : ./logs/all_Lyapunov_test_dso-fn_d_all_o_01_log.txt
SpawnPoolWorker-156| 2026-06-21 22:41:13,221,221 multiprocessing INFO See log at : ./logs/all_Lyapunov_test_dso-fn_d_all_o_01_log.txt
SpawnPoolWorker-156| 2026-06-21 22:41:13,223,223 multiprocessing INFO child process calling self.run()
SpawnPoolWorker-163| 2026-06-21 22:41:13,480,480 multiprocessing INFO STARTING NEW RUN ==========
SpawnPoolWorker-163| 2026-06-21 22:41:13,480,480 multiprocessing INFO SEE LOG AT : ./logs/all_Lyapunov_test_dso-fn_d_all_o_01_log.txt
SpawnPoolWorker-163| 2026-06-21 22:41:13,480,480 multiprocessing INFO See log at : ./logs/all_Lyapunov_test_dso-fn_d_all_o_01_log.txt
SpawnPoolWorker-163| 2026-06-21 22:41:13,483,483 multiprocessing INFO child process calling self.run()
SpawnPoolWorker-165| 2026-06-21 22:41:13,571,571 multiprocessing INFO STARTING NEW RUN ==========
SpawnPoolWorker-165| 2026-06-21 22:41:13,571,571 multiprocessing INFO SEE LOG AT : ./logs/all_Lyapunov_test_dso-fn_d_all_o_01_log.txt
SpawnPoolWorker-165| 2026-06-21 22:41:13,571,571 multiprocessing INFO See log at : ./logs/all_Lyapunov_test_dso-fn_d_all_o_01_log.txt
SpawnPoolWorker-165| 2026-06-21 22:41:13,576,576 multiprocessing INFO child process calling self.run()
SpawnPoolWorker-151| 2026-06-21 22:41:13,630,630 multiprocessing INFO STARTING NEW RUN ==========
SpawnPoolWorker-151| 2026-06-21 22:41:13,630,630 multiprocessing INFO SEE LOG AT : ./logs/all_Lyapunov_test_dso-fn_d_all_o_01_log.txt
SpawnPoolWorker-151| 2026-06-21 22:41:13,630,630 multiprocessing INFO See log at : ./logs/all_Lyapunov_test_dso-fn_d_all_o_01_log.txt
SpawnPoolWorker-151| 2026-06-21 22:41:13,634,634 multiprocessing INFO child process calling self.run()
SpawnPoolWorker-168| 2026-06-21 22:41:13,731,731 multiprocessing INFO STARTING NEW RUN ==========
SpawnPoolWorker-168| 2026-06-21 22:41:13,731,731 multiprocessing INFO SEE LOG AT : ./logs/all_Lyapunov_test_dso-fn_d_all_o_01_log.txt
SpawnPoolWorker-168| 2026-06-21 22:41:13,731,731 multiprocessing INFO See log at : ./logs/all_Lyapunov_test_dso-fn_d_all_o_01_log.txt
SpawnPoolWorker-168| 2026-06-21 22:41:13,739,739 multiprocessing INFO child process calling self.run()
SpawnPoolWorker-167| 2026-06-21 22:41:13,746,746 multiprocessing INFO STARTING NEW RUN ==========
SpawnPoolWorker-167| 2026-06-21 22:41:13,746,746 multiprocessing INFO SEE LOG AT : ./logs/all_Lyapunov_test_dso-fn_d_all_o_01_log.txt
SpawnPoolWorker-167| 2026-06-21 22:41:13,746,746 multiprocessing INFO See log at : ./logs/all_Lyapunov_test_dso-fn_d_all_o_01_log.txt
SpawnPoolWorker-167| 2026-06-21 22:41:13,748,748 multiprocessing INFO child process calling self.run()
SpawnPoolWorker-147| 2026-06-21 22:41:13,824,824 multiprocessing INFO STARTING NEW RUN ==========
SpawnPoolWorker-147| 2026-06-21 22:41:13,825,825 multiprocessing INFO SEE LOG AT : ./logs/all_Lyapunov_test_dso-fn_d_all_o_01_log.txt
SpawnPoolWorker-147| 2026-06-21 22:41:13,825,825 multiprocessing INFO See log at : ./logs/all_Lyapunov_test_dso-fn_d_all_o_01_log.txt
SpawnPoolWorker-147| 2026-06-21 22:41:13,826,826 multiprocessing INFO child process calling self.run()
SpawnPoolWorker-151| 2026-06-21 22:41:13,891,891 multiprocessing INFO process shutting down
SpawnPoolWorker-151| 2026-06-21 22:41:13,891,891 multiprocessing INFO process exiting with exitcode 0
SpawnPoolWorker-149| 2026-06-21 22:41:13,891,891 multiprocessing INFO process shutting down
SpawnPoolWorker-149| 2026-06-21 22:41:13,891,891 multiprocessing INFO process exiting with exitcode 0
SpawnPoolWorker-169| 2026-06-21 22:41:13,891,891 multiprocessing INFO process shutting down
SpawnPoolWorker-156| 2026-06-21 22:41:13,891,891 multiprocessing INFO process shutting down
SpawnPoolWorker-158| 2026-06-21 22:41:13,891,891 multiprocessing INFO process shutting down
SpawnPoolWorker-168| 2026-06-21 22:41:13,892,892 multiprocessing INFO process shutting down
SpawnPoolWorker-167| 2026-06-21 22:41:13,892,892 multiprocessing INFO process shutting down
SpawnPoolWorker-153| 2026-06-21 22:41:13,892,892 multiprocessing INFO process shutting down
SpawnPoolWorker-152| 2026-06-21 22:41:13,892,892 multiprocessing INFO process shutting down
SpawnPoolWorker-154| 2026-06-21 22:41:13,892,892 multiprocessing INFO process shutting down
SpawnPoolWorker-160| 2026-06-21 22:41:13,892,892 multiprocessing INFO process shutting down
SpawnPoolWorker-163| 2026-06-21 22:41:13,892,892 multiprocessing INFO process shutting down
SpawnPoolWorker-147| 2026-06-21 22:41:13,892,892 multiprocessing INFO process shutting down
SpawnPoolWorker-165| 2026-06-21 22:41:13,892,892 multiprocessing INFO process shutting down
SpawnPoolWorker-148| 2026-06-21 22:41:13,892,892 multiprocessing INFO process shutting down
SpawnPoolWorker-169| 2026-06-21 22:41:13,893,893 multiprocessing INFO process exiting with exitcode 0
SpawnPoolWorker-158| 2026-06-21 22:41:13,893,893 multiprocessing INFO process exiting with exitcode 0
SpawnPoolWorker-156| 2026-06-21 22:41:13,893,893 multiprocessing INFO process exiting with exitcode 0
SpawnPoolWorker-161| 2026-06-21 22:41:13,893,893 multiprocessing INFO process shutting down
SpawnPoolWorker-168| 2026-06-21 22:41:13,897,897 multiprocessing INFO process exiting with exitcode 0
29
(61431, 4)
(61431,)
(61432, 4)
(61432,)

=======================Successfully Added (5549, 4) Counter Examples=======================


============None of the candidates fulfill the conditions. Training CONTINUES!=================

MainProcess| 2026-06-21 22:41:14,749,749 multiprocessing INFO 
============None of the candidates fulfill the conditions. Training CONTINUES!=================


============None of the candidates fulfill the conditions. Training CONTINUES!=================

(55, 128)
/users/9/chen8596/miniconda3/envs/alfd/lib/python3.9/site-packages/torch/nn/functional.py:4999: UserWarning: Support for mismatched key_padding_mask and attn_mask is deprecated. Use same type for both instead.
  warnings.warn(

==============Start Supervised Learning==============

MainProcess| 2026-06-21 22:41:16,826,826 multiprocessing INFO GP output mean: 0.999896113936442
GP output mean: 0.999896113936442
MainProcess| 2026-06-21 22:41:17,091,91 multiprocessing INFO GP output success rate: 0.0
GP output success rate: 0.0

==============End Supervised Learning==============

MainProcess| 2026-06-21 22:41:18,556,556 multiprocessing INFO [Test epoch=0005]  nevals=68634 	| train_loss=4554.39111 	| eqs_invalid %=0.00 	| r_best=0.99487 	| quantile=0.92806 	| r_quantile_mean=0.97466 	| r_raw_sum=112.51644 	|  r_raw_mean=0.64665 	| r2=nan 	| acc_iid=0.00000 	| acc_ood=0.00000 	| nmse_test=0.00018869532944385204 	| true_equation_set_count=0 	| s/it=99.95127
[Test epoch=0005]  nevals=68634 	| train_loss=4554.39111 	| eqs_invalid %=0.00 	| r_best=0.99487 	| quantile=0.92806 	| r_quantile_mean=0.97466 	| r_raw_sum=112.51644 	|  r_raw_mean=0.64665 	| r2=nan 	| acc_iid=0.00000 	| acc_ood=0.00000 	| nmse_test=0.00018869532944385204 	| true_equation_set_count=0 	| s/it=99.95127
MainProcess| 2026-06-21 22:41:18,556,556 multiprocessing INFO [00:00:14:44.48] Training epoch 5/4000, current best R: 0.9949
[00:00:14:44.48] Training epoch 5/4000, current best R: 0.9949
MainProcess| 2026-06-21 22:41:48,673,673 multiprocessing INFO Genetic Porgramming Runtime 29.479723687050864
Genetic Porgramming Runtime 29.479723687050864

=========================PGD Collection Starts=========================

SpawnPoolWorker-171| 2026-06-21 22:41:54,926,926 multiprocessing INFO STARTING NEW RUN ==========
SpawnPoolWorker-171| 2026-06-21 22:41:54,926,926 multiprocessing INFO SEE LOG AT : ./logs/all_Lyapunov_test_dso-fn_d_all_o_01_log.txt
SpawnPoolWorker-171| 2026-06-21 22:41:54,926,926 multiprocessing INFO See log at : ./logs/all_Lyapunov_test_dso-fn_d_all_o_01_log.txt
SpawnPoolWorker-171| 2026-06-21 22:41:54,928,928 multiprocessing INFO child process calling self.run()
SpawnPoolWorker-180| 2026-06-21 22:41:54,935,935 multiprocessing INFO STARTING NEW RUN ==========
SpawnPoolWorker-173| 2026-06-21 22:41:54,935,935 multiprocessing INFO STARTING NEW RUN ==========
SpawnPoolWorker-177| 2026-06-21 22:41:54,935,935 multiprocessing INFO STARTING NEW RUN ==========
SpawnPoolWorker-178| 2026-06-21 22:41:54,935,935 multiprocessing INFO STARTING NEW RUN ==========
SpawnPoolWorker-174| 2026-06-21 22:41:54,935,935 multiprocessing INFO STARTING NEW RUN ==========
SpawnPoolWorker-180| 2026-06-21 22:41:54,935,935 multiprocessing INFO SEE LOG AT : ./logs/all_Lyapunov_test_dso-fn_d_all_o_01_log.txt
SpawnPoolWorker-177| 2026-06-21 22:41:54,935,935 multiprocessing INFO SEE LOG AT : ./logs/all_Lyapunov_test_dso-fn_d_all_o_01_log.txt
SpawnPoolWorker-173| 2026-06-21 22:41:54,935,935 multiprocessing INFO SEE LOG AT : ./logs/all_Lyapunov_test_dso-fn_d_all_o_01_log.txt
SpawnPoolWorker-178| 2026-06-21 22:41:54,935,935 multiprocessing INFO SEE LOG AT : ./logs/all_Lyapunov_test_dso-fn_d_all_o_01_log.txt
SpawnPoolWorker-180| 2026-06-21 22:41:54,935,935 multiprocessing INFO See log at : ./logs/all_Lyapunov_test_dso-fn_d_all_o_01_log.txt
SpawnPoolWorker-174| 2026-06-21 22:41:54,935,935 multiprocessing INFO SEE LOG AT : ./logs/all_Lyapunov_test_dso-fn_d_all_o_01_log.txt
SpawnPoolWorker-177| 2026-06-21 22:41:54,935,935 multiprocessing INFO See log at : ./logs/all_Lyapunov_test_dso-fn_d_all_o_01_log.txt
SpawnPoolWorker-173| 2026-06-21 22:41:54,935,935 multiprocessing INFO See log at : ./logs/all_Lyapunov_test_dso-fn_d_all_o_01_log.txt
SpawnPoolWorker-178| 2026-06-21 22:41:54,935,935 multiprocessing INFO See log at : ./logs/all_Lyapunov_test_dso-fn_d_all_o_01_log.txt
SpawnPoolWorker-174| 2026-06-21 22:41:54,935,935 multiprocessing INFO See log at : ./logs/all_Lyapunov_test_dso-fn_d_all_o_01_log.txt
SpawnPoolWorker-179| 2026-06-21 22:41:54,935,935 multiprocessing INFO STARTING NEW RUN ==========
SpawnPoolWorker-179| 2026-06-21 22:41:54,935,935 multiprocessing INFO SEE LOG AT : ./logs/all_Lyapunov_test_dso-fn_d_all_o_01_log.txt
SpawnPoolWorker-179| 2026-06-21 22:41:54,935,935 multiprocessing INFO See log at : ./logs/all_Lyapunov_test_dso-fn_d_all_o_01_log.txt
SpawnPoolWorker-172| 2026-06-21 22:41:54,936,936 multiprocessing INFO STARTING NEW RUN ==========
SpawnPoolWorker-176| 2026-06-21 22:41:54,936,936 multiprocessing INFO STARTING NEW RUN ==========
SpawnPoolWorker-172| 2026-06-21 22:41:54,936,936 multiprocessing INFO SEE LOG AT : ./logs/all_Lyapunov_test_dso-fn_d_all_o_01_log.txt
SpawnPoolWorker-172| 2026-06-21 22:41:54,936,936 multiprocessing INFO See log at : ./logs/all_Lyapunov_test_dso-fn_d_all_o_01_log.txt
SpawnPoolWorker-176| 2026-06-21 22:41:54,936,936 multiprocessing INFO SEE LOG AT : ./logs/all_Lyapunov_test_dso-fn_d_all_o_01_log.txt
SpawnPoolWorker-176| 2026-06-21 22:41:54,936,936 multiprocessing INFO See log at : ./logs/all_Lyapunov_test_dso-fn_d_all_o_01_log.txt
SpawnPoolWorker-180| 2026-06-21 22:41:54,937,937 multiprocessing INFO child process calling self.run()
SpawnPoolWorker-177| 2026-06-21 22:41:54,937,937 multiprocessing INFO child process calling self.run()
SpawnPoolWorker-173| 2026-06-21 22:41:54,937,937 multiprocessing INFO child process calling self.run()
SpawnPoolWorker-174| 2026-06-21 22:41:54,937,937 multiprocessing INFO child process calling self.run()
SpawnPoolWorker-172| 2026-06-21 22:41:54,937,937 multiprocessing INFO child process calling self.run()
SpawnPoolWorker-179| 2026-06-21 22:41:54,938,938 multiprocessing INFO child process calling self.run()
SpawnPoolWorker-178| 2026-06-21 22:41:54,938,938 multiprocessing INFO child process calling self.run()
SpawnPoolWorker-176| 2026-06-21 22:41:54,938,938 multiprocessing INFO child process calling self.run()
SpawnPoolWorker-175| 2026-06-21 22:41:54,944,944 multiprocessing INFO STARTING NEW RUN ==========
SpawnPoolWorker-175| 2026-06-21 22:41:54,944,944 multiprocessing INFO SEE LOG AT : ./logs/all_Lyapunov_test_dso-fn_d_all_o_01_log.txt
SpawnPoolWorker-175| 2026-06-21 22:41:54,944,944 multiprocessing INFO See log at : ./logs/all_Lyapunov_test_dso-fn_d_all_o_01_log.txt
SpawnPoolWorker-175| 2026-06-21 22:41:54,946,946 multiprocessing INFO child process calling self.run()
SpawnPoolWorker-172| 2026-06-21 22:42:19,842,842 multiprocessing INFO process shutting down
SpawnPoolWorker-172| 2026-06-21 22:42:19,842,842 multiprocessing INFO process exiting with exitcode 0
SpawnPoolWorker-173| 2026-06-21 22:42:19,842,842 multiprocessing INFO process shutting down
SpawnPoolWorker-180| 2026-06-21 22:42:19,842,842 multiprocessing INFO process shutting down
SpawnPoolWorker-171| 2026-06-21 22:42:19,842,842 multiprocessing INFO process shutting down
SpawnPoolWorker-174| 2026-06-21 22:42:19,842,842 multiprocessing INFO process shutting down
SpawnPoolWorker-177| 2026-06-21 22:42:19,842,842 multiprocessing INFO process shutting down
SpawnPoolWorker-175| 2026-06-21 22:42:19,842,842 multiprocessing INFO process shutting down
SpawnPoolWorker-179| 2026-06-21 22:42:19,843,843 multiprocessing INFO process shutting down
(12286,)

===================Collect 12286 Examples===================

Epsilon 0.1
500
(550,)
(550,)
(55,)
Number of Programs for Minimization: 28
SpawnPoolWorker-187| 2026-06-21 22:42:34,607,607 multiprocessing INFO STARTING NEW RUN ==========
SpawnPoolWorker-187| 2026-06-21 22:42:34,608,608 multiprocessing INFO SEE LOG AT : ./logs/all_Lyapunov_test_dso-fn_d_all_o_01_log.txt
SpawnPoolWorker-187| 2026-06-21 22:42:34,608,608 multiprocessing INFO See log at : ./logs/all_Lyapunov_test_dso-fn_d_all_o_01_log.txt
SpawnPoolWorker-187| 2026-06-21 22:42:34,615,615 multiprocessing INFO child process calling self.run()
SpawnPoolWorker-185| 2026-06-21 22:42:34,795,795 multiprocessing INFO STARTING NEW RUN ==========
SpawnPoolWorker-185| 2026-06-21 22:42:34,795,795 multiprocessing INFO SEE LOG AT : ./logs/all_Lyapunov_test_dso-fn_d_all_o_01_log.txt
SpawnPoolWorker-185| 2026-06-21 22:42:34,795,795 multiprocessing INFO See log at : ./logs/all_Lyapunov_test_dso-fn_d_all_o_01_log.txt
SpawnPoolWorker-185| 2026-06-21 22:42:34,797,797 multiprocessing INFO child process calling self.run()
SpawnPoolWorker-186| 2026-06-21 22:42:34,865,865 multiprocessing INFO STARTING NEW RUN ==========
SpawnPoolWorker-186| 2026-06-21 22:42:34,865,865 multiprocessing INFO SEE LOG AT : ./logs/all_Lyapunov_test_dso-fn_d_all_o_01_log.txt
SpawnPoolWorker-186| 2026-06-21 22:42:34,865,865 multiprocessing INFO See log at : ./logs/all_Lyapunov_test_dso-fn_d_all_o_01_log.txt
SpawnPoolWorker-186| 2026-06-21 22:42:34,868,868 multiprocessing INFO child process calling self.run()
SpawnPoolWorker-181| 2026-06-21 22:42:34,982,982 multiprocessing INFO STARTING NEW RUN ==========
SpawnPoolWorker-181| 2026-06-21 22:42:34,982,982 multiprocessing INFO SEE LOG AT : ./logs/all_Lyapunov_test_dso-fn_d_all_o_01_log.txt
SpawnPoolWorker-181| 2026-06-21 22:42:34,982,982 multiprocessing INFO See log at : ./logs/all_Lyapunov_test_dso-fn_d_all_o_01_log.txt
SpawnPoolWorker-181| 2026-06-21 22:42:34,988,988 multiprocessing INFO child process calling self.run()
SpawnPoolWorker-182| 2026-06-21 22:42:35,090,90 multiprocessing INFO STARTING NEW RUN ==========
SpawnPoolWorker-182| 2026-06-21 22:42:35,090,90 multiprocessing INFO SEE LOG AT : ./logs/all_Lyapunov_test_dso-fn_d_all_o_01_log.txt
SpawnPoolWorker-182| 2026-06-21 22:42:35,090,90 multiprocessing INFO See log at : ./logs/all_Lyapunov_test_dso-fn_d_all_o_01_log.txt
SpawnPoolWorker-182| 2026-06-21 22:42:35,093,93 multiprocessing INFO child process calling self.run()
SpawnPoolWorker-202| 2026-06-21 22:42:35,281,281 multiprocessing INFO STARTING NEW RUN ==========
SpawnPoolWorker-202| 2026-06-21 22:42:35,281,281 multiprocessing INFO SEE LOG AT : ./logs/all_Lyapunov_test_dso-fn_d_all_o_01_log.txt
SpawnPoolWorker-202| 2026-06-21 22:42:35,281,281 multiprocessing INFO See log at : ./logs/all_Lyapunov_test_dso-fn_d_all_o_01_log.txt
SpawnPoolWorker-202| 2026-06-21 22:42:35,285,285 multiprocessing INFO child process calling self.run()
SpawnPoolWorker-197| 2026-06-21 22:42:35,432,432 multiprocessing INFO STARTING NEW RUN ==========
SpawnPoolWorker-197| 2026-06-21 22:42:35,432,432 multiprocessing INFO SEE LOG AT : ./logs/all_Lyapunov_test_dso-fn_d_all_o_01_log.txt
SpawnPoolWorker-197| 2026-06-21 22:42:35,432,432 multiprocessing INFO See log at : ./logs/all_Lyapunov_test_dso-fn_d_all_o_01_log.txt
SpawnPoolWorker-197| 2026-06-21 22:42:35,435,435 multiprocessing INFO child process calling self.run()
SpawnPoolWorker-184| 2026-06-21 22:42:35,447,447 multiprocessing INFO STARTING NEW RUN ==========
SpawnPoolWorker-184| 2026-06-21 22:42:35,447,447 multiprocessing INFO SEE LOG AT : ./logs/all_Lyapunov_test_dso-fn_d_all_o_01_log.txt
SpawnPoolWorker-184| 2026-06-21 22:42:35,447,447 multiprocessing INFO See log at : ./logs/all_Lyapunov_test_dso-fn_d_all_o_01_log.txt
SpawnPoolWorker-184| 2026-06-21 22:42:35,452,452 multiprocessing INFO child process calling self.run()
SpawnPoolWorker-189| 2026-06-21 22:42:35,778,778 multiprocessing INFO STARTING NEW RUN ==========
SpawnPoolWorker-189| 2026-06-21 22:42:35,778,778 multiprocessing INFO SEE LOG AT : ./logs/all_Lyapunov_test_dso-fn_d_all_o_01_log.txt
SpawnPoolWorker-189| 2026-06-21 22:42:35,778,778 multiprocessing INFO See log at : ./logs/all_Lyapunov_test_dso-fn_d_all_o_01_log.txt
SpawnPoolWorker-189| 2026-06-21 22:42:35,780,780 multiprocessing INFO child process calling self.run()
SpawnPoolWorker-204| 2026-06-21 22:42:35,822,822 multiprocessing INFO STARTING NEW RUN ==========
SpawnPoolWorker-204| 2026-06-21 22:42:35,822,822 multiprocessing INFO SEE LOG AT : ./logs/all_Lyapunov_test_dso-fn_d_all_o_01_log.txt
SpawnPoolWorker-204| 2026-06-21 22:42:35,822,822 multiprocessing INFO See log at : ./logs/all_Lyapunov_test_dso-fn_d_all_o_01_log.txt
SpawnPoolWorker-204| 2026-06-21 22:42:35,828,828 multiprocessing INFO child process calling self.run()
SpawnPoolWorker-203| 2026-06-21 22:42:35,884,884 multiprocessing INFO STARTING NEW RUN ==========
SpawnPoolWorker-203| 2026-06-21 22:42:35,884,884 multiprocessing INFO SEE LOG AT : ./logs/all_Lyapunov_test_dso-fn_d_all_o_01_log.txt
SpawnPoolWorker-203| 2026-06-21 22:42:35,884,884 multiprocessing INFO See log at : ./logs/all_Lyapunov_test_dso-fn_d_all_o_01_log.txt
SpawnPoolWorker-203| 2026-06-21 22:42:35,886,886 multiprocessing INFO child process calling self.run()
SpawnPoolWorker-195| 2026-06-21 22:42:35,888,888 multiprocessing INFO STARTING NEW RUN ==========
SpawnPoolWorker-195| 2026-06-21 22:42:35,888,888 multiprocessing INFO SEE LOG AT : ./logs/all_Lyapunov_test_dso-fn_d_all_o_01_log.txt
SpawnPoolWorker-195| 2026-06-21 22:42:35,888,888 multiprocessing INFO See log at : ./logs/all_Lyapunov_test_dso-fn_d_all_o_01_log.txt
SpawnPoolWorker-195| 2026-06-21 22:42:35,903,903 multiprocessing INFO child process calling self.run()
SpawnPoolWorker-188| 2026-06-21 22:42:36,032,32 multiprocessing INFO STARTING NEW RUN ==========
SpawnPoolWorker-188| 2026-06-21 22:42:36,032,32 multiprocessing INFO SEE LOG AT : ./logs/all_Lyapunov_test_dso-fn_d_all_o_01_log.txt
SpawnPoolWorker-188| 2026-06-21 22:42:36,032,32 multiprocessing INFO See log at : ./logs/all_Lyapunov_test_dso-fn_d_all_o_01_log.txt
SpawnPoolWorker-188| 2026-06-21 22:42:36,036,36 multiprocessing INFO child process calling self.run()
SpawnPoolWorker-191| 2026-06-21 22:42:36,052,52 multiprocessing INFO STARTING NEW RUN ==========
SpawnPoolWorker-191| 2026-06-21 22:42:36,052,52 multiprocessing INFO SEE LOG AT : ./logs/all_Lyapunov_test_dso-fn_d_all_o_01_log.txt
SpawnPoolWorker-191| 2026-06-21 22:42:36,052,52 multiprocessing INFO See log at : ./logs/all_Lyapunov_test_dso-fn_d_all_o_01_log.txt
SpawnPoolWorker-191| 2026-06-21 22:42:36,055,55 multiprocessing INFO child process calling self.run()
SpawnPoolWorker-196| 2026-06-21 22:42:36,196,196 multiprocessing INFO STARTING NEW RUN ==========
SpawnPoolWorker-196| 2026-06-21 22:42:36,196,196 multiprocessing INFO SEE LOG AT : ./logs/all_Lyapunov_test_dso-fn_d_all_o_01_log.txt
SpawnPoolWorker-196| 2026-06-21 22:42:36,196,196 multiprocessing INFO See log at : ./logs/all_Lyapunov_test_dso-fn_d_all_o_01_log.txt
SpawnPoolWorker-196| 2026-06-21 22:42:36,198,198 multiprocessing INFO child process calling self.run()
SpawnPoolWorker-200| 2026-06-21 22:42:36,324,324 multiprocessing INFO STARTING NEW RUN ==========
SpawnPoolWorker-200| 2026-06-21 22:42:36,324,324 multiprocessing INFO SEE LOG AT : ./logs/all_Lyapunov_test_dso-fn_d_all_o_01_log.txt
SpawnPoolWorker-200| 2026-06-21 22:42:36,324,324 multiprocessing INFO See log at : ./logs/all_Lyapunov_test_dso-fn_d_all_o_01_log.txt
SpawnPoolWorker-200| 2026-06-21 22:42:36,334,334 multiprocessing INFO child process calling self.run()
SpawnPoolWorker-199| 2026-06-21 22:42:36,395,395 multiprocessing INFO STARTING NEW RUN ==========
SpawnPoolWorker-199| 2026-06-21 22:42:36,395,395 multiprocessing INFO SEE LOG AT : ./logs/all_Lyapunov_test_dso-fn_d_all_o_01_log.txt
SpawnPoolWorker-199| 2026-06-21 22:42:36,395,395 multiprocessing INFO See log at : ./logs/all_Lyapunov_test_dso-fn_d_all_o_01_log.txt
SpawnPoolWorker-199| 2026-06-21 22:42:36,397,397 multiprocessing INFO child process calling self.run()
SpawnPoolWorker-190| 2026-06-21 22:42:36,503,503 multiprocessing INFO STARTING NEW RUN ==========
SpawnPoolWorker-190| 2026-06-21 22:42:36,503,503 multiprocessing INFO SEE LOG AT : ./logs/all_Lyapunov_test_dso-fn_d_all_o_01_log.txt
SpawnPoolWorker-190| 2026-06-21 22:42:36,504,504 multiprocessing INFO See log at : ./logs/all_Lyapunov_test_dso-fn_d_all_o_01_log.txt
SpawnPoolWorker-186| 2026-06-21 22:42:36,503,503 multiprocessing INFO process shutting down
SpawnPoolWorker-187| 2026-06-21 22:42:36,504,504 multiprocessing INFO process shutting down
SpawnPoolWorker-186| 2026-06-21 22:42:36,504,504 multiprocessing INFO process exiting with exitcode 0
SpawnPoolWorker-187| 2026-06-21 22:42:36,504,504 multiprocessing INFO process exiting with exitcode 0
SpawnPoolWorker-196| 2026-06-21 22:42:36,504,504 multiprocessing INFO process shutting down
SpawnPoolWorker-202| 2026-06-21 22:42:36,504,504 multiprocessing INFO process shutting down
SpawnPoolWorker-196| 2026-06-21 22:42:36,504,504 multiprocessing INFO process exiting with exitcode 0
SpawnPoolWorker-181| 2026-06-21 22:42:36,504,504 multiprocessing INFO process shutting down
SpawnPoolWorker-185| 2026-06-21 22:42:36,504,504 multiprocessing INFO process shutting down
SpawnPoolWorker-182| 2026-06-21 22:42:36,504,504 multiprocessing INFO process shutting down
SpawnPoolWorker-184| 2026-06-21 22:42:36,504,504 multiprocessing INFO process shutting down
SpawnPoolWorker-200| 2026-06-21 22:42:36,505,505 multiprocessing INFO process shutting down
SpawnPoolWorker-191| 2026-06-21 22:42:36,505,505 multiprocessing INFO process shutting down
SpawnPoolWorker-197| 2026-06-21 22:42:36,505,505 multiprocessing INFO process shutting down
SpawnPoolWorker-189| 2026-06-21 22:42:36,505,505 multiprocessing INFO process shutting down
SpawnPoolWorker-199| 2026-06-21 22:42:36,505,505 multiprocessing INFO process shutting down
SpawnPoolWorker-204| 2026-06-21 22:42:36,505,505 multiprocessing INFO process shutting down
SpawnPoolWorker-203| 2026-06-21 22:42:36,505,505 multiprocessing INFO process shutting down
SpawnPoolWorker-195| 2026-06-21 22:42:36,505,505 multiprocessing INFO process shutting down
SpawnPoolWorker-190| 2026-06-21 22:42:36,505,505 multiprocessing INFO child process calling self.run()
SpawnPoolWorker-188| 2026-06-21 22:42:36,505,505 multiprocessing INFO process shutting down
28
(63354, 4)
(63354,)
(63355, 4)
(63355,)

=======================Successfully Added (1923, 4) Counter Examples=======================


============None of the candidates fulfill the conditions. Training CONTINUES!=================

MainProcess| 2026-06-21 22:42:37,341,341 multiprocessing INFO 
============None of the candidates fulfill the conditions. Training CONTINUES!=================


============None of the candidates fulfill the conditions. Training CONTINUES!=================

(55, 128)
/users/9/chen8596/miniconda3/envs/alfd/lib/python3.9/site-packages/torch/nn/functional.py:4999: UserWarning: Support for mismatched key_padding_mask and attn_mask is deprecated. Use same type for both instead.
  warnings.warn(

==============Start Supervised Learning==============

MainProcess| 2026-06-21 22:42:38,873,873 multiprocessing INFO GP output mean: 0.999898401551718
GP output mean: 0.999898401551718
MainProcess| 2026-06-21 22:42:39,045,45 multiprocessing INFO GP output success rate: 0.0
GP output success rate: 0.0

==============End Supervised Learning==============

MainProcess| 2026-06-21 22:42:40,500,500 multiprocessing INFO [Test epoch=0006]  nevals=82380 	| train_loss=3223.11182 	| eqs_invalid %=0.00 	| r_best=0.99487 	| quantile=0.93450 	| r_quantile_mean=0.97655 	| r_raw_sum=101.05320 	|  r_raw_mean=0.63958 	| r2=nan 	| acc_iid=0.00000 	| acc_ood=0.00000 	| nmse_test=0.00018869532944385204 	| true_equation_set_count=0 	| s/it=81.94388
[Test epoch=0006]  nevals=82380 	| train_loss=3223.11182 	| eqs_invalid %=0.00 	| r_best=0.99487 	| quantile=0.93450 	| r_quantile_mean=0.97655 	| r_raw_sum=101.05320 	|  r_raw_mean=0.63958 	| r2=nan 	| acc_iid=0.00000 	| acc_ood=0.00000 	| nmse_test=0.00018869532944385204 	| true_equation_set_count=0 	| s/it=81.94388
MainProcess| 2026-06-21 22:43:09,119,119 multiprocessing INFO Genetic Porgramming Runtime 27.98167966515757
Genetic Porgramming Runtime 27.98167966515757

=========================PGD Collection Starts=========================

SpawnPoolWorker-213| 2026-06-21 22:43:16,373,373 multiprocessing INFO STARTING NEW RUN ==========
SpawnPoolWorker-213| 2026-06-21 22:43:16,373,373 multiprocessing INFO SEE LOG AT : ./logs/all_Lyapunov_test_dso-fn_d_all_o_01_log.txt
SpawnPoolWorker-213| 2026-06-21 22:43:16,373,373 multiprocessing INFO See log at : ./logs/all_Lyapunov_test_dso-fn_d_all_o_01_log.txt
SpawnPoolWorker-207| 2026-06-21 22:43:16,375,375 multiprocessing INFO STARTING NEW RUN ==========
SpawnPoolWorker-214| 2026-06-21 22:43:16,375,375 multiprocessing INFO STARTING NEW RUN ==========
SpawnPoolWorker-207| 2026-06-21 22:43:16,376,376 multiprocessing INFO SEE LOG AT : ./logs/all_Lyapunov_test_dso-fn_d_all_o_01_log.txt
SpawnPoolWorker-214| 2026-06-21 22:43:16,376,376 multiprocessing INFO SEE LOG AT : ./logs/all_Lyapunov_test_dso-fn_d_all_o_01_log.txt
SpawnPoolWorker-214| 2026-06-21 22:43:16,376,376 multiprocessing INFO See log at : ./logs/all_Lyapunov_test_dso-fn_d_all_o_01_log.txt
SpawnPoolWorker-207| 2026-06-21 22:43:16,376,376 multiprocessing INFO See log at : ./logs/all_Lyapunov_test_dso-fn_d_all_o_01_log.txt
SpawnPoolWorker-207| 2026-06-21 22:43:16,378,378 multiprocessing INFO child process calling self.run()
SpawnPoolWorker-213| 2026-06-21 22:43:16,378,378 multiprocessing INFO child process calling self.run()
SpawnPoolWorker-214| 2026-06-21 22:43:16,378,378 multiprocessing INFO child process calling self.run()
SpawnPoolWorker-210| 2026-06-21 22:43:16,379,379 multiprocessing INFO STARTING NEW RUN ==========
SpawnPoolWorker-205| 2026-06-21 22:43:16,379,379 multiprocessing INFO STARTING NEW RUN ==========
SpawnPoolWorker-210| 2026-06-21 22:43:16,379,379 multiprocessing INFO SEE LOG AT : ./logs/all_Lyapunov_test_dso-fn_d_all_o_01_log.txt
SpawnPoolWorker-205| 2026-06-21 22:43:16,379,379 multiprocessing INFO SEE LOG AT : ./logs/all_Lyapunov_test_dso-fn_d_all_o_01_log.txt
SpawnPoolWorker-210| 2026-06-21 22:43:16,379,379 multiprocessing INFO See log at : ./logs/all_Lyapunov_test_dso-fn_d_all_o_01_log.txt
SpawnPoolWorker-205| 2026-06-21 22:43:16,379,379 multiprocessing INFO See log at : ./logs/all_Lyapunov_test_dso-fn_d_all_o_01_log.txt
SpawnPoolWorker-210| 2026-06-21 22:43:16,380,380 multiprocessing INFO child process calling self.run()
SpawnPoolWorker-205| 2026-06-21 22:43:16,381,381 multiprocessing INFO child process calling self.run()
SpawnPoolWorker-212| 2026-06-21 22:43:16,381,381 multiprocessing INFO STARTING NEW RUN ==========
SpawnPoolWorker-209| 2026-06-21 22:43:16,381,381 multiprocessing INFO STARTING NEW RUN ==========
SpawnPoolWorker-208| 2026-06-21 22:43:16,381,381 multiprocessing INFO STARTING NEW RUN ==========
SpawnPoolWorker-212| 2026-06-21 22:43:16,381,381 multiprocessing INFO SEE LOG AT : ./logs/all_Lyapunov_test_dso-fn_d_all_o_01_log.txt
SpawnPoolWorker-212| 2026-06-21 22:43:16,381,381 multiprocessing INFO See log at : ./logs/all_Lyapunov_test_dso-fn_d_all_o_01_log.txt
SpawnPoolWorker-211| 2026-06-21 22:43:16,381,381 multiprocessing INFO STARTING NEW RUN ==========
SpawnPoolWorker-211| 2026-06-21 22:43:16,381,381 multiprocessing INFO SEE LOG AT : ./logs/all_Lyapunov_test_dso-fn_d_all_o_01_log.txt
SpawnPoolWorker-211| 2026-06-21 22:43:16,381,381 multiprocessing INFO See log at : ./logs/all_Lyapunov_test_dso-fn_d_all_o_01_log.txt
SpawnPoolWorker-209| 2026-06-21 22:43:16,382,382 multiprocessing INFO SEE LOG AT : ./logs/all_Lyapunov_test_dso-fn_d_all_o_01_log.txt
SpawnPoolWorker-208| 2026-06-21 22:43:16,382,382 multiprocessing INFO SEE LOG AT : ./logs/all_Lyapunov_test_dso-fn_d_all_o_01_log.txt
SpawnPoolWorker-209| 2026-06-21 22:43:16,382,382 multiprocessing INFO See log at : ./logs/all_Lyapunov_test_dso-fn_d_all_o_01_log.txt
SpawnPoolWorker-208| 2026-06-21 22:43:16,382,382 multiprocessing INFO See log at : ./logs/all_Lyapunov_test_dso-fn_d_all_o_01_log.txt
SpawnPoolWorker-212| 2026-06-21 22:43:16,383,383 multiprocessing INFO child process calling self.run()
SpawnPoolWorker-211| 2026-06-21 22:43:16,383,383 multiprocessing INFO child process calling self.run()
SpawnPoolWorker-208| 2026-06-21 22:43:16,384,384 multiprocessing INFO child process calling self.run()
SpawnPoolWorker-209| 2026-06-21 22:43:16,384,384 multiprocessing INFO child process calling self.run()
SpawnPoolWorker-206| 2026-06-21 22:43:16,384,384 multiprocessing INFO STARTING NEW RUN ==========
SpawnPoolWorker-206| 2026-06-21 22:43:16,384,384 multiprocessing INFO SEE LOG AT : ./logs/all_Lyapunov_test_dso-fn_d_all_o_01_log.txt
SpawnPoolWorker-206| 2026-06-21 22:43:16,384,384 multiprocessing INFO See log at : ./logs/all_Lyapunov_test_dso-fn_d_all_o_01_log.txt
SpawnPoolWorker-206| 2026-06-21 22:43:16,386,386 multiprocessing INFO child process calling self.run()
SpawnPoolWorker-206| 2026-06-21 22:43:41,218,218 multiprocessing INFO process shutting down
SpawnPoolWorker-214| 2026-06-21 22:43:41,218,218 multiprocessing INFO process shutting down
SpawnPoolWorker-206| 2026-06-21 22:43:41,219,219 multiprocessing INFO process exiting with exitcode 0
SpawnPoolWorker-209| 2026-06-21 22:43:41,219,219 multiprocessing INFO process shutting down
SpawnPoolWorker-213| 2026-06-21 22:43:41,218,218 multiprocessing INFO process shutting down
SpawnPoolWorker-211| 2026-06-21 22:43:41,218,218 multiprocessing INFO process shutting down
SpawnPoolWorker-214| 2026-06-21 22:43:41,219,219 multiprocessing INFO process exiting with exitcode 0
SpawnPoolWorker-209| 2026-06-21 22:43:41,219,219 multiprocessing INFO process exiting with exitcode 0
SpawnPoolWorker-205| 2026-06-21 22:43:41,219,219 multiprocessing INFO process shutting down
SpawnPoolWorker-212| 2026-06-21 22:43:41,219,219 multiprocessing INFO process shutting down
SpawnPoolWorker-213| 2026-06-21 22:43:41,219,219 multiprocessing INFO process exiting with exitcode 0
SpawnPoolWorker-211| 2026-06-21 22:43:41,219,219 multiprocessing INFO process exiting with exitcode 0
SpawnPoolWorker-207| 2026-06-21 22:43:41,219,219 multiprocessing INFO process shutting down
(12670,)

===================Collect 12670 Examples===================

Epsilon 0.1
500
(550,)
(550,)
(55,)
Number of Programs for Minimization: 28
SpawnPoolWorker-217| 2026-06-21 22:43:55,965,965 multiprocessing INFO STARTING NEW RUN ==========
SpawnPoolWorker-217| 2026-06-21 22:43:55,965,965 multiprocessing INFO SEE LOG AT : ./logs/all_Lyapunov_test_dso-fn_d_all_o_01_log.txt
SpawnPoolWorker-217| 2026-06-21 22:43:55,965,965 multiprocessing INFO See log at : ./logs/all_Lyapunov_test_dso-fn_d_all_o_01_log.txt
SpawnPoolWorker-217| 2026-06-21 22:43:55,968,968 multiprocessing INFO child process calling self.run()
SpawnPoolWorker-219| 2026-06-21 22:43:56,106,106 multiprocessing INFO STARTING NEW RUN ==========
SpawnPoolWorker-219| 2026-06-21 22:43:56,106,106 multiprocessing INFO SEE LOG AT : ./logs/all_Lyapunov_test_dso-fn_d_all_o_01_log.txt
SpawnPoolWorker-219| 2026-06-21 22:43:56,106,106 multiprocessing INFO See log at : ./logs/all_Lyapunov_test_dso-fn_d_all_o_01_log.txt
SpawnPoolWorker-219| 2026-06-21 22:43:56,109,109 multiprocessing INFO child process calling self.run()
SpawnPoolWorker-235| 2026-06-21 22:43:56,254,254 multiprocessing INFO STARTING NEW RUN ==========
SpawnPoolWorker-235| 2026-06-21 22:43:56,254,254 multiprocessing INFO SEE LOG AT : ./logs/all_Lyapunov_test_dso-fn_d_all_o_01_log.txt
SpawnPoolWorker-235| 2026-06-21 22:43:56,254,254 multiprocessing INFO See log at : ./logs/all_Lyapunov_test_dso-fn_d_all_o_01_log.txt
SpawnPoolWorker-235| 2026-06-21 22:43:56,256,256 multiprocessing INFO child process calling self.run()
SpawnPoolWorker-232| 2026-06-21 22:43:56,659,659 multiprocessing INFO STARTING NEW RUN ==========
SpawnPoolWorker-232| 2026-06-21 22:43:56,659,659 multiprocessing INFO SEE LOG AT : ./logs/all_Lyapunov_test_dso-fn_d_all_o_01_log.txt
SpawnPoolWorker-232| 2026-06-21 22:43:56,659,659 multiprocessing INFO See log at : ./logs/all_Lyapunov_test_dso-fn_d_all_o_01_log.txt
SpawnPoolWorker-232| 2026-06-21 22:43:56,661,661 multiprocessing INFO child process calling self.run()
SpawnPoolWorker-226| 2026-06-21 22:43:56,713,713 multiprocessing INFO STARTING NEW RUN ==========
SpawnPoolWorker-226| 2026-06-21 22:43:56,713,713 multiprocessing INFO SEE LOG AT : ./logs/all_Lyapunov_test_dso-fn_d_all_o_01_log.txt
SpawnPoolWorker-226| 2026-06-21 22:43:56,713,713 multiprocessing INFO See log at : ./logs/all_Lyapunov_test_dso-fn_d_all_o_01_log.txt
SpawnPoolWorker-226| 2026-06-21 22:43:56,715,715 multiprocessing INFO child process calling self.run()
SpawnPoolWorker-222| 2026-06-21 22:43:56,816,816 multiprocessing INFO STARTING NEW RUN ==========
SpawnPoolWorker-222| 2026-06-21 22:43:56,816,816 multiprocessing INFO SEE LOG AT : ./logs/all_Lyapunov_test_dso-fn_d_all_o_01_log.txt
SpawnPoolWorker-222| 2026-06-21 22:43:56,817,817 multiprocessing INFO See log at : ./logs/all_Lyapunov_test_dso-fn_d_all_o_01_log.txt
SpawnPoolWorker-222| 2026-06-21 22:43:56,819,819 multiprocessing INFO child process calling self.run()
SpawnPoolWorker-216| 2026-06-21 22:43:57,039,39 multiprocessing INFO STARTING NEW RUN ==========
SpawnPoolWorker-216| 2026-06-21 22:43:57,039,39 multiprocessing INFO SEE LOG AT : ./logs/all_Lyapunov_test_dso-fn_d_all_o_01_log.txt
SpawnPoolWorker-216| 2026-06-21 22:43:57,039,39 multiprocessing INFO See log at : ./logs/all_Lyapunov_test_dso-fn_d_all_o_01_log.txt
SpawnPoolWorker-216| 2026-06-21 22:43:57,041,41 multiprocessing INFO child process calling self.run()
SpawnPoolWorker-221| 2026-06-21 22:43:57,132,132 multiprocessing INFO STARTING NEW RUN ==========
SpawnPoolWorker-221| 2026-06-21 22:43:57,132,132 multiprocessing INFO SEE LOG AT : ./logs/all_Lyapunov_test_dso-fn_d_all_o_01_log.txt
SpawnPoolWorker-221| 2026-06-21 22:43:57,132,132 multiprocessing INFO See log at : ./logs/all_Lyapunov_test_dso-fn_d_all_o_01_log.txt
SpawnPoolWorker-221| 2026-06-21 22:43:57,140,140 multiprocessing INFO child process calling self.run()
SpawnPoolWorker-223| 2026-06-21 22:43:57,260,260 multiprocessing INFO STARTING NEW RUN ==========
SpawnPoolWorker-223| 2026-06-21 22:43:57,261,261 multiprocessing INFO SEE LOG AT : ./logs/all_Lyapunov_test_dso-fn_d_all_o_01_log.txt
SpawnPoolWorker-223| 2026-06-21 22:43:57,261,261 multiprocessing INFO See log at : ./logs/all_Lyapunov_test_dso-fn_d_all_o_01_log.txt
SpawnPoolWorker-223| 2026-06-21 22:43:57,262,262 multiprocessing INFO child process calling self.run()
SpawnPoolWorker-231| 2026-06-21 22:43:57,339,339 multiprocessing INFO STARTING NEW RUN ==========
SpawnPoolWorker-231| 2026-06-21 22:43:57,340,340 multiprocessing INFO SEE LOG AT : ./logs/all_Lyapunov_test_dso-fn_d_all_o_01_log.txt
SpawnPoolWorker-231| 2026-06-21 22:43:57,340,340 multiprocessing INFO See log at : ./logs/all_Lyapunov_test_dso-fn_d_all_o_01_log.txt
SpawnPoolWorker-231| 2026-06-21 22:43:57,344,344 multiprocessing INFO child process calling self.run()
SpawnPoolWorker-229| 2026-06-21 22:43:57,430,430 multiprocessing INFO STARTING NEW RUN ==========
SpawnPoolWorker-229| 2026-06-21 22:43:57,430,430 multiprocessing INFO SEE LOG AT : ./logs/all_Lyapunov_test_dso-fn_d_all_o_01_log.txt
SpawnPoolWorker-229| 2026-06-21 22:43:57,430,430 multiprocessing INFO See log at : ./logs/all_Lyapunov_test_dso-fn_d_all_o_01_log.txt
SpawnPoolWorker-229| 2026-06-21 22:43:57,432,432 multiprocessing INFO child process calling self.run()
SpawnPoolWorker-225| 2026-06-21 22:43:57,619,619 multiprocessing INFO STARTING NEW RUN ==========
SpawnPoolWorker-225| 2026-06-21 22:43:57,619,619 multiprocessing INFO SEE LOG AT : ./logs/all_Lyapunov_test_dso-fn_d_all_o_01_log.txt
SpawnPoolWorker-225| 2026-06-21 22:43:57,619,619 multiprocessing INFO See log at : ./logs/all_Lyapunov_test_dso-fn_d_all_o_01_log.txt
SpawnPoolWorker-225| 2026-06-21 22:43:57,621,621 multiprocessing INFO child process calling self.run()
SpawnPoolWorker-220| 2026-06-21 22:43:57,642,642 multiprocessing INFO STARTING NEW RUN ==========
SpawnPoolWorker-220| 2026-06-21 22:43:57,642,642 multiprocessing INFO SEE LOG AT : ./logs/all_Lyapunov_test_dso-fn_d_all_o_01_log.txt
SpawnPoolWorker-220| 2026-06-21 22:43:57,642,642 multiprocessing INFO See log at : ./logs/all_Lyapunov_test_dso-fn_d_all_o_01_log.txt
SpawnPoolWorker-220| 2026-06-21 22:43:57,645,645 multiprocessing INFO child process calling self.run()
SpawnPoolWorker-224| 2026-06-21 22:43:57,701,701 multiprocessing INFO STARTING NEW RUN ==========
SpawnPoolWorker-224| 2026-06-21 22:43:57,702,702 multiprocessing INFO SEE LOG AT : ./logs/all_Lyapunov_test_dso-fn_d_all_o_01_log.txt
SpawnPoolWorker-224| 2026-06-21 22:43:57,702,702 multiprocessing INFO See log at : ./logs/all_Lyapunov_test_dso-fn_d_all_o_01_log.txt
SpawnPoolWorker-224| 2026-06-21 22:43:57,705,705 multiprocessing INFO child process calling self.run()
SpawnPoolWorker-218| 2026-06-21 22:43:57,710,710 multiprocessing INFO STARTING NEW RUN ==========
SpawnPoolWorker-218| 2026-06-21 22:43:57,710,710 multiprocessing INFO SEE LOG AT : ./logs/all_Lyapunov_test_dso-fn_d_all_o_01_log.txt
SpawnPoolWorker-218| 2026-06-21 22:43:57,710,710 multiprocessing INFO See log at : ./logs/all_Lyapunov_test_dso-fn_d_all_o_01_log.txt
SpawnPoolWorker-218| 2026-06-21 22:43:57,717,717 multiprocessing INFO child process calling self.run()
SpawnPoolWorker-238| 2026-06-21 22:43:57,859,859 multiprocessing INFO STARTING NEW RUN ==========
SpawnPoolWorker-238| 2026-06-21 22:43:57,859,859 multiprocessing INFO SEE LOG AT : ./logs/all_Lyapunov_test_dso-fn_d_all_o_01_log.txt
SpawnPoolWorker-238| 2026-06-21 22:43:57,859,859 multiprocessing INFO See log at : ./logs/all_Lyapunov_test_dso-fn_d_all_o_01_log.txt
SpawnPoolWorker-238| 2026-06-21 22:43:57,866,866 multiprocessing INFO child process calling self.run()
SpawnPoolWorker-227| 2026-06-21 22:43:57,959,959 multiprocessing INFO STARTING NEW RUN ==========
SpawnPoolWorker-227| 2026-06-21 22:43:57,959,959 multiprocessing INFO SEE LOG AT : ./logs/all_Lyapunov_test_dso-fn_d_all_o_01_log.txt
SpawnPoolWorker-227| 2026-06-21 22:43:57,959,959 multiprocessing INFO See log at : ./logs/all_Lyapunov_test_dso-fn_d_all_o_01_log.txt
SpawnPoolWorker-227| 2026-06-21 22:43:57,961,961 multiprocessing INFO child process calling self.run()
SpawnPoolWorker-233| 2026-06-21 22:43:58,058,58 multiprocessing INFO STARTING NEW RUN ==========
SpawnPoolWorker-233| 2026-06-21 22:43:58,058,58 multiprocessing INFO SEE LOG AT : ./logs/all_Lyapunov_test_dso-fn_d_all_o_01_log.txt
SpawnPoolWorker-233| 2026-06-21 22:43:58,058,58 multiprocessing INFO See log at : ./logs/all_Lyapunov_test_dso-fn_d_all_o_01_log.txt
SpawnPoolWorker-233| 2026-06-21 22:43:58,060,60 multiprocessing INFO child process calling self.run()
SpawnPoolWorker-218| 2026-06-21 22:43:58,122,122 multiprocessing INFO process shutting down
SpawnPoolWorker-226| 2026-06-21 22:43:58,123,123 multiprocessing INFO process shutting down
SpawnPoolWorker-232| 2026-06-21 22:43:58,123,123 multiprocessing INFO process shutting down
SpawnPoolWorker-216| 2026-06-21 22:43:58,123,123 multiprocessing INFO process shutting down
SpawnPoolWorker-221| 2026-06-21 22:43:58,123,123 multiprocessing INFO process shutting down
SpawnPoolWorker-238| 2026-06-21 22:43:58,123,123 multiprocessing INFO process shutting down
SpawnPoolWorker-222| 2026-06-21 22:43:58,123,123 multiprocessing INFO process shutting down
SpawnPoolWorker-231| 2026-06-21 22:43:58,123,123 multiprocessing INFO process shutting down
SpawnPoolWorker-217| 2026-06-21 22:43:58,123,123 multiprocessing INFO process shutting down
SpawnPoolWorker-227| 2026-06-21 22:43:58,124,124 multiprocessing INFO process shutting down
SpawnPoolWorker-223| 2026-06-21 22:43:58,124,124 multiprocessing INFO process shutting down
SpawnPoolWorker-220| 2026-06-21 22:43:58,124,124 multiprocessing INFO process shutting down
SpawnPoolWorker-227| 2026-06-21 22:43:58,124,124 multiprocessing INFO process exiting with exitcode 0
SpawnPoolWorker-223| 2026-06-21 22:43:58,124,124 multiprocessing INFO process exiting with exitcode 0
SpawnPoolWorker-218| 2026-06-21 22:43:58,124,124 multiprocessing INFO process exiting with exitcode 0
SpawnPoolWorker-220| 2026-06-21 22:43:58,124,124 multiprocessing INFO process exiting with exitcode 0
SpawnPoolWorker-225| 2026-06-21 22:43:58,124,124 multiprocessing INFO process shutting down
SpawnPoolWorker-229| 2026-06-21 22:43:58,124,124 multiprocessing INFO process shutting down
SpawnPoolWorker-233| 2026-06-21 22:43:58,124,124 multiprocessing INFO process shutting down
SpawnPoolWorker-235| 2026-06-21 22:43:58,124,124 multiprocessing INFO process shutting down
SpawnPoolWorker-219| 2026-06-21 22:43:58,125,125 multiprocessing INFO process shutting down
SpawnPoolWorker-225| 2026-06-21 22:43:58,127,127 multiprocessing INFO process exiting with exitcode 0
SpawnPoolWorker-224| 2026-06-21 22:43:58,127,127 multiprocessing INFO process shutting down
28
(70499, 4)
(70499,)
(70500, 4)
(70500,)

=======================Successfully Added (7145, 4) Counter Examples=======================

Number of valid equations: 2. Program should stopped
2*x3**2 + x4**2 + (-x1 + x2 + x4)**2
[2*x3**2 + x4**2 + (-x1 + x2 + x4)**2, 2*x3**2 + x4**2 + (-x1 + x2 + x4)**2]
MainProcess| 2026-06-21 23:00:38,770,770 multiprocessing INFO Number of valid equations: 2. Program should stopped
Number of valid equations: 2. Program should stopped
MainProcess| 2026-06-21 23:00:38,771,771 multiprocessing INFO 2*x3**2 + x4**2 + (-x1 + x2 + x4)**2
2*x3**2 + x4**2 + (-x1 + x2 + x4)**2
MainProcess| 2026-06-21 23:00:38,772,772 multiprocessing INFO [2*x3**2 + x4**2 + (-x1 + x2 + x4)**2, 2*x3**2 + x4**2 + (-x1 + x2 + x4)**2]
[2*x3**2 + x4**2 + (-x1 + x2 + x4)**2, 2*x3**2 + x4**2 + (-x1 + x2 + x4)**2]
(55, 128)
/users/9/chen8596/miniconda3/envs/alfd/lib/python3.9/site-packages/torch/nn/functional.py:4999: UserWarning: Support for mismatched key_padding_mask and attn_mask is deprecated. Use same type for both instead.
  warnings.warn(
MainProcess| 2026-06-21 23:00:39,194,194 multiprocessing INFO [Test epoch=0007]  nevals=96053 	| train_loss=1919.36865 	| eqs_invalid %=0.00 	| r_best=0.99487 	| quantile=0.96062 	| r_quantile_mean=0.98282 	| r_raw_sum=105.99368 	|  r_raw_mean=0.68827 	| r2=nan 	| acc_iid=0.00000 	| acc_ood=0.00000 	| nmse_test=0.00018869532944385204 	| true_equation_set_count=0 	| s/it=1078.69377
[Test epoch=0007]  nevals=96053 	| train_loss=1919.36865 	| eqs_invalid %=0.00 	| r_best=0.99487 	| quantile=0.96062 	| r_quantile_mean=0.98282 	| r_raw_sum=105.99368 	|  r_raw_mean=0.68827 	| r2=nan 	| acc_iid=0.00000 	| acc_ood=0.00000 	| nmse_test=0.00018869532944385204 	| true_equation_set_count=0 	| s/it=1078.69377
MainProcess| 2026-06-21 23:00:39,194,194 multiprocessing INFO [00:00:34:05.11] Early stopping criteria met; breaking early.
[00:00:34:05.11] Early stopping criteria met; breaking early.
MainProcess| 2026-06-21 23:00:39,194,194 multiprocessing INFO -- RUNNING EPOCHS END ---------------

-- RUNNING EPOCHS END ---------------

MainProcess| 2026-06-21 23:00:39,194,194 multiprocessing INFO -- EVALUATION START ----------------
-- EVALUATION START ----------------
Saving Hall of Fame to ./log/fn_d_all_o_5_2026-06-21-222631_1/dso_fn_d_all_o_5_13_hof.csv
Saving Pareto Front to ./log/fn_d_all_o_5_2026-06-21-222631_1/dso_fn_d_all_o_5_13_pf.csv
Invalid expressions: 5 of 96053 (0.0%).
Error type counts:
  square: 5 (100.0%)
Error node counts:
  underflow: 5 (100.0%)
MainProcess| 2026-06-21 23:00:41,963,963 multiprocessing INFO 
Priority queue entry 0:

Priority queue entry 0:
MainProcess| 2026-06-21 23:00:41,963,963 multiprocessing INFO 	Reward: 0.9948684574429582
	Reward: 0.9948684574429582
MainProcess| 2026-06-21 23:00:41,963,963 multiprocessing INFO 	Count Off-policy: 1
	Count Off-policy: 1
MainProcess| 2026-06-21 23:00:41,963,963 multiprocessing INFO 	Count On-policy: 0
	Count On-policy: 0
MainProcess| 2026-06-21 23:00:41,963,963 multiprocessing INFO 	Originally on Policy: False
	Originally on Policy: False
MainProcess| 2026-06-21 23:00:41,963,963 multiprocessing INFO 	Invalid: False
	Invalid: False
MainProcess| 2026-06-21 23:00:41,963,963 multiprocessing INFO 	Traversal: n2,add,add,n2,sub,x2,sub,x1,x4,n2,add,x4,x4,n2,x3
	Traversal: n2,add,add,n2,sub,x2,sub,x1,x4,n2,add,x4,x4,n2,x3
MainProcess| 2026-06-21 23:00:41,963,963 multiprocessing INFO 	Expression:
	Expression:
MainProcess| 2026-06-21 23:00:41,965,965 multiprocessing INFO 
	                                  2
	  ⎛  2       2                  2⎞ 
	  ⎝x₃  + 4⋅x₄  + (-x₁ + x₂ + x₄) ⎠ 


	                                  2
	  ⎛  2       2                  2⎞ 
	  ⎝x₃  + 4⋅x₄  + (-x₁ + x₂ + x₄) ⎠ 

MainProcess| 2026-06-21 23:00:41,965,965 multiprocessing INFO 
Priority queue entry 1:

Priority queue entry 1:
MainProcess| 2026-06-21 23:00:41,965,965 multiprocessing INFO 	Reward: 0.99004646578436
	Reward: 0.99004646578436
MainProcess| 2026-06-21 23:00:41,965,965 multiprocessing INFO 	Count Off-policy: 1
	Count Off-policy: 1
MainProcess| 2026-06-21 23:00:41,965,965 multiprocessing INFO 	Count On-policy: 0
	Count On-policy: 0
MainProcess| 2026-06-21 23:00:41,965,965 multiprocessing INFO 	Originally on Policy: False
	Originally on Policy: False
MainProcess| 2026-06-21 23:00:41,965,965 multiprocessing INFO 	Invalid: False
	Invalid: False
MainProcess| 2026-06-21 23:00:41,965,965 multiprocessing INFO 	Traversal: add,n2,x3,add,add,n2,sub,x2,sub,x1,x4,n2,x4,n2,x4
	Traversal: add,n2,x3,add,add,n2,sub,x2,sub,x1,x4,n2,x4,n2,x4
MainProcess| 2026-06-21 23:00:41,965,965 multiprocessing INFO 	Expression:
	Expression:
MainProcess| 2026-06-21 23:00:41,966,966 multiprocessing INFO 
	    2       2                  2
	  x₃  + 2⋅x₄  + (-x₁ + x₂ + x₄) 


	    2       2                  2
	  x₃  + 2⋅x₄  + (-x₁ + x₂ + x₄) 

MainProcess| 2026-06-21 23:00:41,966,966 multiprocessing INFO 
Priority queue entry 2:

Priority queue entry 2:
MainProcess| 2026-06-21 23:00:41,966,966 multiprocessing INFO 	Reward: 0.9881508313920957
	Reward: 0.9881508313920957
MainProcess| 2026-06-21 23:00:41,966,966 multiprocessing INFO 	Count Off-policy: 1
	Count Off-policy: 1
MainProcess| 2026-06-21 23:00:41,966,966 multiprocessing INFO 	Count On-policy: 0
	Count On-policy: 0
MainProcess| 2026-06-21 23:00:41,966,966 multiprocessing INFO 	Originally on Policy: False
	Originally on Policy: False
MainProcess| 2026-06-21 23:00:41,967,967 multiprocessing INFO 	Invalid: False
	Invalid: False
MainProcess| 2026-06-21 23:00:41,967,967 multiprocessing INFO 	Traversal: add,n2,x4,add,n2,x2,add,add,n2,x1,n2,sin,x4,n2,x3
	Traversal: add,n2,x4,add,n2,x2,add,add,n2,x1,n2,sin,x4,n2,x3
MainProcess| 2026-06-21 23:00:41,967,967 multiprocessing INFO 	Expression:
	Expression:
MainProcess| 2026-06-21 23:00:41,968,968 multiprocessing INFO 
	    2     2     2     2      2    
	  x₁  + x₂  + x₃  + x₄  + sin (x₄)


	    2     2     2     2      2    
	  x₁  + x₂  + x₃  + x₄  + sin (x₄)

MainProcess| 2026-06-21 23:00:41,968,968 multiprocessing INFO 
Priority queue entry 3:

Priority queue entry 3:
MainProcess| 2026-06-21 23:00:41,968,968 multiprocessing INFO 	Reward: 0.9867762583112287
	Reward: 0.9867762583112287
MainProcess| 2026-06-21 23:00:41,968,968 multiprocessing INFO 	Count Off-policy: 1
	Count Off-policy: 1
MainProcess| 2026-06-21 23:00:41,968,968 multiprocessing INFO 	Count On-policy: 0
	Count On-policy: 0
MainProcess| 2026-06-21 23:00:41,968,968 multiprocessing INFO 	Originally on Policy: False
	Originally on Policy: False
MainProcess| 2026-06-21 23:00:41,968,968 multiprocessing INFO 	Invalid: False
	Invalid: False
MainProcess| 2026-06-21 23:00:41,968,968 multiprocessing INFO 	Traversal: add,n2,sub,x3,x2,add,n2,x3,add,n2,x4,n2,add,x1,x3
	Traversal: add,n2,sub,x3,x2,add,n2,x3,add,n2,x4,n2,add,x1,x3
MainProcess| 2026-06-21 23:00:41,968,968 multiprocessing INFO 	Expression:
	Expression:
MainProcess| 2026-06-21 23:00:41,969,969 multiprocessing INFO 
	    2     2            2             2
	  x₃  + x₄  + (x₁ + x₃)  + (-x₂ + x₃) 


	    2     2            2             2
	  x₃  + x₄  + (x₁ + x₃)  + (-x₂ + x₃) 

MainProcess| 2026-06-21 23:00:41,969,969 multiprocessing INFO 
Priority queue entry 4:

Priority queue entry 4:
MainProcess| 2026-06-21 23:00:41,969,969 multiprocessing INFO 	Reward: 0.9864208655881975
	Reward: 0.9864208655881975
MainProcess| 2026-06-21 23:00:41,969,969 multiprocessing INFO 	Count Off-policy: 1
	Count Off-policy: 1
MainProcess| 2026-06-21 23:00:41,969,969 multiprocessing INFO 	Count On-policy: 0
	Count On-policy: 0
MainProcess| 2026-06-21 23:00:41,969,969 multiprocessing INFO 	Originally on Policy: False
	Originally on Policy: False
MainProcess| 2026-06-21 23:00:41,969,969 multiprocessing INFO 	Invalid: False
	Invalid: False
MainProcess| 2026-06-21 23:00:41,969,969 multiprocessing INFO 	Traversal: add,add,add,n2,x2,n2,x1,n2,x4,n2,sub,x2,x3
	Traversal: add,add,add,n2,x2,n2,x1,n2,x4,n2,sub,x2,x3
MainProcess| 2026-06-21 23:00:41,969,969 multiprocessing INFO 	Expression:
	Expression:
MainProcess| 2026-06-21 23:00:41,970,970 multiprocessing INFO 
	    2     2     2            2
	  x₁  + x₂  + x₄  + (x₂ - x₃) 


	    2     2     2            2
	  x₁  + x₂  + x₄  + (x₂ - x₃) 

MainProcess| 2026-06-21 23:00:41,970,970 multiprocessing INFO 
Priority queue entry 5:

Priority queue entry 5:
MainProcess| 2026-06-21 23:00:41,970,970 multiprocessing INFO 	Reward: 0.9859079584253688
	Reward: 0.9859079584253688
MainProcess| 2026-06-21 23:00:41,971,971 multiprocessing INFO 	Count Off-policy: 1
	Count Off-policy: 1
MainProcess| 2026-06-21 23:00:41,971,971 multiprocessing INFO 	Count On-policy: 0
	Count On-policy: 0
MainProcess| 2026-06-21 23:00:41,971,971 multiprocessing INFO 	Originally on Policy: False
	Originally on Policy: False
MainProcess| 2026-06-21 23:00:41,971,971 multiprocessing INFO 	Invalid: False
	Invalid: False
MainProcess| 2026-06-21 23:00:41,971,971 multiprocessing INFO 	Traversal: add,n2,x4,add,add,n2,x2,mul,x1,x3,add,n2,x3,n2,x1
	Traversal: add,n2,x4,add,add,n2,x2,mul,x1,x3,add,n2,x3,n2,x1
MainProcess| 2026-06-21 23:00:41,971,971 multiprocessing INFO 	Expression:
	Expression:
MainProcess| 2026-06-21 23:00:41,971,971 multiprocessing INFO 
	    2             2     2     2
	  x₁  + x₁⋅x₃ + x₂  + x₃  + x₄ 


	    2             2     2     2
	  x₁  + x₁⋅x₃ + x₂  + x₃  + x₄ 

MainProcess| 2026-06-21 23:00:41,972,972 multiprocessing INFO 
Priority queue entry 6:

Priority queue entry 6:
MainProcess| 2026-06-21 23:00:41,972,972 multiprocessing INFO 	Reward: 0.9850511657577501
	Reward: 0.9850511657577501
MainProcess| 2026-06-21 23:00:41,972,972 multiprocessing INFO 	Count Off-policy: 1
	Count Off-policy: 1
MainProcess| 2026-06-21 23:00:41,972,972 multiprocessing INFO 	Count On-policy: 0
	Count On-policy: 0
MainProcess| 2026-06-21 23:00:41,972,972 multiprocessing INFO 	Originally on Policy: False
	Originally on Policy: False
MainProcess| 2026-06-21 23:00:41,972,972 multiprocessing INFO 	Invalid: False
	Invalid: False
MainProcess| 2026-06-21 23:00:41,972,972 multiprocessing INFO 	Traversal: add,n2,x4,add,n2,sin,x2,add,n2,x1,n2,x3
	Traversal: add,n2,x4,add,n2,sin,x2,add,n2,x1,n2,x3
MainProcess| 2026-06-21 23:00:41,972,972 multiprocessing INFO 	Expression:
	Expression:
MainProcess| 2026-06-21 23:00:41,973,973 multiprocessing INFO 
	    2     2     2      2    
	  x₁  + x₃  + x₄  + sin (x₂)


	    2     2     2      2    
	  x₁  + x₃  + x₄  + sin (x₂)

MainProcess| 2026-06-21 23:00:41,973,973 multiprocessing INFO -- EVALUATION END ------------------
-- EVALUATION END ------------------
MainProcess| 2026-06-21 23:00:41,995,995 multiprocessing INFO == TRAINING SEED 13 END ==============
== TRAINING SEED 13 END ==============
MainProcess| 2026-06-21 23:00:41,997,997 multiprocessing INFO 
== POST-PROCESS START =================

== POST-PROCESS START =================
MainProcess| 2026-06-21 23:00:41,998,998 multiprocessing INFO -- LOADING LOGS START ----------------
-- LOADING LOGS START ----------------
MainProcess| 2026-06-21 23:00:42,081,81 multiprocessing INFO Successfully loaded Hall of Fame data
Successfully loaded Hall of Fame data
MainProcess| 2026-06-21 23:00:42,446,446 multiprocessing INFO Successfully loaded Pareto Front data
Successfully loaded Pareto Front data
MainProcess| 2026-06-21 23:00:42,446,446 multiprocessing INFO *** WARNING:
*** WARNING:
MainProcess| 2026-06-21 23:00:42,446,446 multiprocessing INFO     --> Can't load summary: [Errno 2] No such file or directory: './log/fn_d_all_o_5_2026-06-21-222631_1/summary.csv'
    --> Can't load summary: [Errno 2] No such file or directory: './log/fn_d_all_o_5_2026-06-21-222631_1/summary.csv'
MainProcess| 2026-06-21 23:00:42,446,446 multiprocessing INFO -- LOADING LOGS END ------------------
-- LOADING LOGS END ------------------
MainProcess| 2026-06-21 23:00:42,446,446 multiprocessing INFO 
-- ANALYZING LOG START --------------

-- ANALYZING LOG START --------------
MainProcess| 2026-06-21 23:00:42,446,446 multiprocessing INFO Task_____________regression
Task_____________regression
MainProcess| 2026-06-21 23:00:42,446,446 multiprocessing INFO Source path______./log/fn_d_all_o_5_2026-06-21-222631_1
Source path______./log/fn_d_all_o_5_2026-06-21-222631_1
MainProcess| 2026-06-21 23:00:42,446,446 multiprocessing INFO Runs_____________N/A
Runs_____________N/A
MainProcess| 2026-06-21 23:00:42,446,446 multiprocessing INFO Max Samples/run__2000000
Max Samples/run__2000000
MainProcess| 2026-06-21 23:00:42,446,446 multiprocessing INFO Found issues:
Found issues:
MainProcess| 2026-06-21 23:00:42,446,446 multiprocessing INFO   0
  0
MainProcess| 2026-06-21 23:00:42,446,446 multiprocessing INFO Hall of Fame (Top 5 of 100)____
Hall of Fame (Top 5 of 100)____
MainProcess| 2026-06-21 23:00:42,447,447 multiprocessing INFO     0: S=013 R=0.997604 <-- [(x3**2 + 4*x4**2 + (-x1 + x2 + x4)**2)**2]
    0: S=013 R=0.997604 <-- [(x3**2 + 4*x4**2 + (-x1 + x2 + x4)**2)**2]
MainProcess| 2026-06-21 23:00:42,447,447 multiprocessing INFO     1: S=013 R=0.996215 <-- [(x3**2 + x4**2 + (-x1 + x2 + x4)**2)**2]
    1: S=013 R=0.996215 <-- [(x3**2 + x4**2 + (-x1 + x2 + x4)**2)**2]
MainProcess| 2026-06-21 23:00:42,447,447 multiprocessing INFO     2: S=013 R=0.996215 <-- [(x3**2 + x4**2 + (-x1 + x2 + x4)**2)**2]
    2: S=013 R=0.996215 <-- [(x3**2 + x4**2 + (-x1 + x2 + x4)**2)**2]
MainProcess| 2026-06-21 23:00:42,448,448 multiprocessing INFO     3: S=013 R=0.996188 <-- [(x3**2 + x4**2 + (-x1 + x2 - x3)**2)**2]
    3: S=013 R=0.996188 <-- [(x3**2 + x4**2 + (-x1 + x2 - x3)**2)**2]
MainProcess| 2026-06-21 23:00:42,448,448 multiprocessing INFO     4: S=013 R=0.996188 <-- [(x3**2 + x4**2 + (-x1 + x2 - x3)**2)**2]
    4: S=013 R=0.996188 <-- [(x3**2 + x4**2 + (-x1 + x2 - x3)**2)**2]
MainProcess| 2026-06-21 23:00:42,448,448 multiprocessing INFO Pareto Front (4 of 4)____
Pareto Front (4 of 4)____
MainProcess| 2026-06-21 23:00:42,448,448 multiprocessing INFO     0: S=013 R=0.997604 C=15.00 <-- [(x3**2 + 4*x4**2 + (-x1 + x2 + x4)**2)**2]
    0: S=013 R=0.997604 C=15.00 <-- [(x3**2 + 4*x4**2 + (-x1 + x2 + x4)**2)**2]
MainProcess| 2026-06-21 23:00:42,449,449 multiprocessing INFO     1: S=013 R=0.996215 C=13.00 <-- [(x3**2 + x4**2 + (-x1 + x2 + x4)**2)**2]
    1: S=013 R=0.996215 C=13.00 <-- [(x3**2 + x4**2 + (-x1 + x2 + x4)**2)**2]
MainProcess| 2026-06-21 23:00:42,449,449 multiprocessing INFO     2: S=013 R=0.993778 C=11.00 <-- [(x3**2 + x4**2 + (x1 + x2)**2)**2]
    2: S=013 R=0.993778 C=11.00 <-- [(x3**2 + x4**2 + (x1 + x2)**2)**2]
MainProcess| 2026-06-21 23:00:42,450,450 multiprocessing INFO     3: S=013 R=0.987738 C=10.00 <-- [x3**2 + x4**2 + (x1 + x2)**2]
    3: S=013 R=0.987738 C=10.00 <-- [x3**2 + x4**2 + (x1 + x2)**2]
MainProcess| 2026-06-21 23:00:42,450,450 multiprocessing INFO -- ANALYZING LOG END ----------------
-- ANALYZING LOG END ----------------
MainProcess| 2026-06-21 23:00:42,450,450 multiprocessing INFO == POST-PROCESS END ===================
== POST-PROCESS END ===================
MainProcess| 2026-06-21 23:00:42,450,450 multiprocessing INFO [TEST RESULT] {'seed': 1, 'r': 0.9897954988979782, 'nmse_test': 0.0, 'nmse_test_noiseless': 0.0, 'success': True, 'expression': '[2*x3**2 + x4**2 + (-x1 + x2 + x4)**2]', 'traversal': 'add,n2,x3,add,add,n2,sub,x2,sub,x1,x4,n2,x3,n2,x4', 'program': add,n2,x3,add,add,n2,sub,x2,sub,x1,x4,n2,x3,n2,x4, 'error_square': 5, 'error_node_underflow': 5, 'n_epochs': 7, 'n_samples': 96053, 'n_cached': 25139, 't': 2047.9226624965668, 'baseline': 'transformer', 'run_seed': 1, 'dataset': 'fn_d_all_o_5'}
[TEST RESULT] {'seed': 1, 'r': 0.9897954988979782, 'nmse_test': 0.0, 'nmse_test_noiseless': 0.0, 'success': True, 'expression': '[2*x3**2 + x4**2 + (-x1 + x2 + x4)**2]', 'traversal': 'add,n2,x3,add,add,n2,sub,x2,sub,x1,x4,n2,x3,n2,x4', 'program': add,n2,x3,add,add,n2,sub,x2,sub,x1,x4,n2,x3,n2,x4, 'error_square': 5, 'error_node_underflow': 5, 'n_epochs': 7, 'n_samples': 96053, 'n_cached': 25139, 't': 2047.9226624965668, 'baseline': 'transformer', 'run_seed': 1, 'dataset': 'fn_d_all_o_5'}
MainProcess| 2026-06-21 23:00:42,450,450 multiprocessing INFO INFO: Completed run 1 of 1 in 2048 s | LATEST TEST_RESULT {'seed': 1, 'r': 0.9897954988979782, 'nmse_test': 0.0, 'nmse_test_noiseless': 0.0, 'success': True, 'expression': '[2*x3**2 + x4**2 + (-x1 + x2 + x4)**2]', 'traversal': 'add,n2,x3,add,add,n2,sub,x2,sub,x1,x4,n2,x3,n2,x4', 'program': add,n2,x3,add,add,n2,sub,x2,sub,x1,x4,n2,x3,n2,x4, 'error_square': 5, 'error_node_underflow': 5, 'n_epochs': 7, 'n_samples': 96053, 'n_cached': 25139, 't': 2047.9226624965668, 'baseline': 'transformer', 'run_seed': 1, 'dataset': 'fn_d_all_o_5'}
INFO: Completed run 1 of 1 in 2048 s | LATEST TEST_RESULT {'seed': 1, 'r': 0.9897954988979782, 'nmse_test': 0.0, 'nmse_test_noiseless': 0.0, 'success': True, 'expression': '[2*x3**2 + x4**2 + (-x1 + x2 + x4)**2]', 'traversal': 'add,n2,x3,add,add,n2,sub,x2,sub,x1,x4,n2,x3,n2,x4', 'program': add,n2,x3,add,add,n2,sub,x2,sub,x1,x4,n2,x3,n2,x4, 'error_square': 5, 'error_node_underflow': 5, 'n_epochs': 7, 'n_samples': 96053, 'n_cached': 25139, 't': 2047.9226624965668, 'baseline': 'transformer', 'run_seed': 1, 'dataset': 'fn_d_all_o_5'}
MainProcess| 2026-06-21 23:00:42,450,450 multiprocessing INFO Fin.
MainProcess| 2026-06-21 23:00:42,451,451 multiprocessing INFO process shutting down
[job] done sys=power4d seed=1 end=2026-06-21T23:00:45-05:00
